end_period_ts,price.close_dollars,price.high_dollars,price.low_dollars,team,event,mean_sentiment,std_sentiment
2025-10-27 05:00:00,0.38,0.4,0.38,WAS,25NOV02SEAWAS,0.65,0.0
2025-10-27 06:00:00,0.39,0.39,0.39,WAS,25NOV02SEAWAS,0.65,0.0
2025-10-27 07:00:00,0.39,0.39,0.39,WAS,25NOV02SEAWAS,0.65,0.0
2025-10-27 08:00:00,0.39,0.39,0.39,WAS,25NOV02SEAWAS,0.65,0.0
2025-10-27 09:00:00,0.39,0.39,0.39,WAS,25NOV02SEAWAS,0.65,0.0
2025-10-27 10:00:00,0.39,0.39,0.39,WAS,25NOV02SEAWAS,0.65,0.0
2025-10-27 11:00:00,0.39,0.39,0.39,WAS,25NOV02SEAWAS,0.65,0.0
2025-10-27 12:00:00,0.37,0.37,0.37,WAS,25NOV02SEAWAS,0.65,0.0
2025-10-27 13:00:00,0.38,0.39,0.38,WAS,25NOV02SEAWAS,0.65,0.0
2025-10-27 14:00:00,0.39,0.39,0.39,WAS,25NOV02SEAWAS,0.65,0.0
2025-10-27 15:00:00,0.39,0.39,0.38,WAS,25NOV02SEAWAS,0.65,0.0
2025-10-27 16:00:00,0.38,0.38,0.38,WAS,25NOV02SEAWAS,0.65,0.0
2025-10-27 17:00:00,0.39,0.39,0.39,WAS,25NOV02SEAWAS,0.65,0.0
2025-10-27 18:00:00,0.39,0.39,0.39,WAS,25NOV02SEAWAS,-0.78,0.0
2025-10-27 19:00:00,0.39,0.39,0.39,WAS,25NOV02SEAWAS,-0.78,0.0
2025-10-27 20:00:00,0.39,0.39,0.39,WAS,25NOV02SEAWAS,-0.78,0.0
2025-10-27 21:00:00,0.38,0.39,0.38,WAS,25NOV02SEAWAS,-0.78,0.0
2025-10-27 22:00:00,0.39,0.39,0.39,WAS,25NOV02SEAWAS,0.64,0.0
2025-10-27 23:00:00,0.39,0.39,0.39,WAS,25NOV02SEAWAS,0.64,0.0
2025-10-28 00:00:00,0.39,0.39,0.39,WAS,25NOV02SEAWAS,0.64,0.0
2025-10-28 01:00:00,0.39,0.39,0.39,WAS,25NOV02SEAWAS,0.64,0.0
2025-10-28 02:00:00,0.39,0.39,0.39,WAS,25NOV02SEAWAS,0.64,0.0
2025-10-28 03:00:00,0.38,0.38,0.38,WAS,25NOV02SEAWAS,0.07,0.99
2025-10-28 04:00:00,0.39,0.39,0.39,WAS,25NOV02SEAWAS,-0.71,0.99
2025-10-28 05:00:00,0.38,0.39,0.38,WAS,25NOV02SEAWAS,-0.71,0.99
2025-10-28 06:00:00,0.39,0.39,0.38,WAS,25NOV02SEAWAS,-0.71,0.99
2025-10-28 07:00:00,0.39,0.39,0.39,WAS,25NOV02SEAWAS,-0.71,0.99
2025-10-28 08:00:00,0.39,0.39,0.39,WAS,25NOV02SEAWAS,-0.71,0.99
2025-10-28 09:00:00,0.39,0.39,0.39,WAS,25NOV02SEAWAS,0.55,0.99
2025-10-28 10:00:00,0.39,0.39,0.39,WAS,25NOV02SEAWAS,0.55,0.99
2025-10-28 11:00:00,0.39,0.39,0.39,WAS,25NOV02SEAWAS,0.55,0.99
2025-10-28 12:00:00,0.39,0.39,0.39,WAS,25NOV02SEAWAS,0.55,0.99
2025-10-28 13:00:00,0.38,0.38,0.38,WAS,25NOV02SEAWAS,0.55,0.99
2025-10-28 14:00:00,0.38,0.38,0.38,WAS,25NOV02SEAWAS,-0.72,0.99
2025-10-28 15:00:00,0.38,0.38,0.38,WAS,25NOV02SEAWAS,0.58,0.99
2025-10-28 16:00:00,0.37,0.38,0.37,WAS,25NOV02SEAWAS,0.73,0.99
2025-10-28 17:00:00,0.37,0.38,0.37,WAS,25NOV02SEAWAS,0.73,0.99
2025-10-28 18:00:00,0.37,0.37,0.36,WAS,25NOV02SEAWAS,0.73,0.99
2025-10-28 19:00:00,0.37,0.37,0.37,WAS,25NOV02SEAWAS,0.73,0.99
2025-10-28 20:00:00,0.37,0.37,0.36,WAS,25NOV02SEAWAS,0.73,0.99
2025-10-28 21:00:00,0.38,0.38,0.37,WAS,25NOV02SEAWAS,0.73,0.99
2025-10-28 22:00:00,0.38,0.38,0.38,WAS,25NOV02SEAWAS,0.73,0.99
2025-10-28 23:00:00,0.38,0.38,0.38,WAS,25NOV02SEAWAS,0.73,0.99
2025-10-29 00:00:00,0.38,0.38,0.38,WAS,25NOV02SEAWAS,0.73,0.99
2025-10-29 01:00:00,0.38,0.38,0.38,WAS,25NOV02SEAWAS,0.73,0.99
2025-10-29 02:00:00,0.38,0.38,0.38,WAS,25NOV02SEAWAS,0.73,0.99
2025-10-29 03:00:00,0.38,0.38,0.38,WAS,25NOV02SEAWAS,0.73,0.99
2025-10-29 04:00:00,0.38,0.38,0.38,WAS,25NOV02SEAWAS,-0.66,0.99
2025-10-29 05:00:00,0.38,0.38,0.37,WAS,25NOV02SEAWAS,-0.66,0.99
2025-10-29 06:00:00,0.38,0.38,0.38,WAS,25NOV02SEAWAS,-0.66,0.99
2025-10-29 07:00:00,0.38,0.38,0.38,WAS,25NOV02SEAWAS,-0.66,0.99
2025-10-29 08:00:00,0.38,0.38,0.38,WAS,25NOV02SEAWAS,-0.66,0.99
2025-10-29 09:00:00,0.38,0.38,0.38,WAS,25NOV02SEAWAS,-0.66,0.99
2025-10-29 10:00:00,0.38,0.38,0.38,WAS,25NOV02SEAWAS,-0.66,0.99
2025-10-29 11:00:00,0.38,0.38,0.38,WAS,25NOV02SEAWAS,-0.66,0.99
2025-10-29 12:00:00,0.38,0.38,0.38,WAS,25NOV02SEAWAS,-0.66,0.99
2025-10-29 13:00:00,0.38,0.38,0.38,WAS,25NOV02SEAWAS,-0.66,0.99
2025-10-29 14:00:00,0.38,0.38,0.37,WAS,25NOV02SEAWAS,-0.66,0.99
2025-10-29 15:00:00,0.38,0.38,0.38,WAS,25NOV02SEAWAS,-0.66,0.99
2025-10-29 16:00:00,0.37,0.38,0.37,WAS,25NOV02SEAWAS,-0.66,0.99
2025-10-29 17:00:00,0.38,0.38,0.38,WAS,25NOV02SEAWAS,0.61,0.99
2025-10-29 18:00:00,0.38,0.38,0.37,WAS,25NOV02SEAWAS,0.61,0.99
2025-10-29 19:00:00,0.39,0.39,0.38,WAS,25NOV02SEAWAS,-0.78,0.99
2025-10-29 20:00:00,0.39,0.39,0.39,WAS,25NOV02SEAWAS,-0.78,0.99
2025-10-29 21:00:00,0.39,0.39,0.38,WAS,25NOV02SEAWAS,-0.78,0.99
2025-10-29 22:00:00,0.39,0.39,0.39,WAS,25NOV02SEAWAS,-0.78,0.99
2025-10-29 23:00:00,0.39,0.39,0.39,WAS,25NOV02SEAWAS,-0.78,0.99
2025-10-30 00:00:00,0.39,0.39,0.38,WAS,25NOV02SEAWAS,-0.78,0.99
2025-10-30 01:00:00,0.39,0.39,0.39,WAS,25NOV02SEAWAS,-0.78,0.99
2025-10-30 02:00:00,0.39,0.39,0.39,WAS,25NOV02SEAWAS,-0.78,0.99
2025-10-30 03:00:00,0.39,0.39,0.39,WAS,25NOV02SEAWAS,-0.78,0.99
2025-10-30 04:00:00,0.39,0.39,0.39,WAS,25NOV02SEAWAS,-0.78,0.99
2025-10-30 05:00:00,0.38,0.39,0.38,WAS,25NOV02SEAWAS,-0.78,0.99
2025-10-30 06:00:00,0.39,0.39,0.39,WAS,25NOV02SEAWAS,-0.78,0.99
2025-10-30 07:00:00,0.39,0.39,0.39,WAS,25NOV02SEAWAS,-0.78,0.99
2025-10-30 08:00:00,0.39,0.39,0.39,WAS,25NOV02SEAWAS,-0.78,0.99
2025-10-30 09:00:00,0.39,0.39,0.39,WAS,25NOV02SEAWAS,-0.78,0.99
2025-10-30 10:00:00,0.39,0.39,0.39,WAS,25NOV02SEAWAS,-0.78,0.99
2025-10-30 11:00:00,0.39,0.39,0.39,WAS,25NOV02SEAWAS,-0.78,0.99
2025-10-30 12:00:00,0.39,0.39,0.39,WAS,25NOV02SEAWAS,-0.78,0.99
2025-10-30 13:00:00,0.39,0.39,0.38,WAS,25NOV02SEAWAS,-0.78,0.99
2025-10-30 14:00:00,0.39,0.39,0.39,WAS,25NOV02SEAWAS,0.67,0.99
2025-10-30 15:00:00,0.39,0.39,0.39,WAS,25NOV02SEAWAS,0.67,0.99
2025-10-30 16:00:00,0.39,0.39,0.39,WAS,25NOV02SEAWAS,0.67,0.99
2025-10-30 17:00:00,0.39,0.39,0.39,WAS,25NOV02SEAWAS,0.67,0.99
2025-10-30 18:00:00,0.38,0.39,0.38,WAS,25NOV02SEAWAS,0.67,0.99
2025-10-30 19:00:00,0.39,0.39,0.39,WAS,25NOV02SEAWAS,0.67,0.99
2025-10-30 20:00:00,0.39,0.39,0.39,WAS,25NOV02SEAWAS,0.67,0.99
2025-10-30 21:00:00,0.39,0.39,0.39,WAS,25NOV02SEAWAS,0.6,0.99
2025-10-30 22:00:00,0.39,0.39,0.39,WAS,25NOV02SEAWAS,0.6,0.99
2025-10-30 23:00:00,0.38,0.39,0.38,WAS,25NOV02SEAWAS,0.54,0.99
2025-10-31 00:00:00,0.39,0.39,0.39,WAS,25NOV02SEAWAS,0.54,0.99
2025-10-31 01:00:00,0.39,0.39,0.39,WAS,25NOV02SEAWAS,0.54,0.99
2025-10-31 02:00:00,0.39,0.39,0.38,WAS,25NOV02SEAWAS,0.54,0.99
2025-10-31 03:00:00,0.38,0.39,0.38,WAS,25NOV02SEAWAS,0.54,0.99
2025-10-31 04:00:00,0.39,0.39,0.38,WAS,25NOV02SEAWAS,0.54,0.99
2025-10-31 05:00:00,0.39,0.39,0.39,WAS,25NOV02SEAWAS,0.54,0.99
2025-10-31 06:00:00,0.39,0.39,0.38,WAS,25NOV02SEAWAS,0.54,0.99
2025-10-31 07:00:00,0.39,0.39,0.39,WAS,25NOV02SEAWAS,0.54,0.99
2025-10-31 08:00:00,0.39,0.39,0.39,WAS,25NOV02SEAWAS,0.54,0.99
2025-10-31 09:00:00,0.39,0.39,0.39,WAS,25NOV02SEAWAS,0.54,0.99
2025-10-31 10:00:00,0.39,0.39,0.39,WAS,25NOV02SEAWAS,0.54,0.99
2025-10-31 11:00:00,0.39,0.39,0.39,WAS,25NOV02SEAWAS,0.54,0.99
2025-10-31 12:00:00,0.39,0.39,0.39,WAS,25NOV02SEAWAS,0.54,0.99
2025-10-31 13:00:00,0.4,0.4,0.4,WAS,25NOV02SEAWAS,0.54,0.99
2025-10-31 14:00:00,0.38,0.4,0.38,WAS,25NOV02SEAWAS,0.54,0.99
2025-10-31 15:00:00,0.4,0.4,0.4,WAS,25NOV02SEAWAS,0.54,0.99
2025-10-31 16:00:00,0.4,0.4,0.4,WAS,25NOV02SEAWAS,0.54,0.99
2025-10-31 17:00:00,0.4,0.4,0.39,WAS,25NOV02SEAWAS,0.54,0.99
2025-10-31 18:00:00,0.4,0.4,0.4,WAS,25NOV02SEAWAS,0.54,0.99
2025-10-31 19:00:00,0.4,0.4,0.4,WAS,25NOV02SEAWAS,0.54,0.99
2025-10-31 20:00:00,0.4,0.4,0.4,WAS,25NOV02SEAWAS,0.54,0.99
2025-10-31 21:00:00,0.4,0.4,0.4,WAS,25NOV02SEAWAS,0.54,0.99
2025-10-31 22:00:00,0.4,0.4,0.4,WAS,25NOV02SEAWAS,0.54,0.99
2025-10-31 23:00:00,0.4,0.4,0.4,WAS,25NOV02SEAWAS,0.54,0.99
2025-11-01 00:00:00,0.4,0.4,0.4,WAS,25NOV02SEAWAS,0.54,0.99
2025-11-01 01:00:00,0.39,0.4,0.39,WAS,25NOV02SEAWAS,0.54,0.99
2025-11-01 02:00:00,0.4,0.4,0.4,WAS,25NOV02SEAWAS,0.54,0.99
2025-11-01 03:00:00,0.4,0.4,0.4,WAS,25NOV02SEAWAS,0.54,0.99
2025-11-01 04:00:00,0.4,0.4,0.4,WAS,25NOV02SEAWAS,0.54,0.99
2025-11-01 05:00:00,0.4,0.4,0.4,WAS,25NOV02SEAWAS,0.54,0.99
2025-11-01 06:00:00,0.39,0.4,0.39,WAS,25NOV02SEAWAS,0.54,0.99
2025-11-01 07:00:00,0.4,0.4,0.4,WAS,25NOV02SEAWAS,0.54,0.99
2025-11-01 08:00:00,0.4,0.4,0.4,WAS,25NOV02SEAWAS,0.54,0.99
2025-11-01 09:00:00,0.4,0.4,0.4,WAS,25NOV02SEAWAS,0.54,0.99
2025-11-01 10:00:00,0.4,0.4,0.4,WAS,25NOV02SEAWAS,0.54,0.99
2025-11-01 11:00:00,0.4,0.4,0.4,WAS,25NOV02SEAWAS,0.58,0.99
2025-11-01 12:00:00,0.4,0.4,0.4,WAS,25NOV02SEAWAS,-0.59,0.99
2025-11-01 13:00:00,0.4,0.4,0.4,WAS,25NOV02SEAWAS,-0.59,0.99
2025-11-01 14:00:00,0.4,0.4,0.39,WAS,25NOV02SEAWAS,-0.59,0.99
2025-11-01 15:00:00,0.4,0.4,0.4,WAS,25NOV02SEAWAS,-0.59,0.99
2025-11-01 16:00:00,0.4,0.4,0.4,WAS,25NOV02SEAWAS,-0.59,0.99
2025-11-01 17:00:00,0.4,0.4,0.39,WAS,25NOV02SEAWAS,-0.59,0.99
2025-11-01 18:00:00,0.4,0.4,0.4,WAS,25NOV02SEAWAS,0.47,0.99
2025-11-01 19:00:00,0.4,0.4,0.39,WAS,25NOV02SEAWAS,0.47,0.99
2025-11-01 20:00:00,0.39,0.4,0.39,WAS,25NOV02SEAWAS,0.47,0.99
2025-11-01 21:00:00,0.4,0.4,0.4,WAS,25NOV02SEAWAS,0.47,0.99
2025-11-01 22:00:00,0.39,0.4,0.39,WAS,25NOV02SEAWAS,0.47,0.99
2025-11-01 23:00:00,0.4,0.4,0.4,WAS,25NOV02SEAWAS,0.47,0.99
2025-11-02 00:00:00,0.4,0.4,0.39,WAS,25NOV02SEAWAS,0.47,0.99
2025-11-02 01:00:00,0.4,0.4,0.4,WAS,25NOV02SEAWAS,0.47,0.99
2025-11-02 02:00:00,0.4,0.4,0.4,WAS,25NOV02SEAWAS,0.47,0.99
2025-11-02 03:00:00,0.4,0.4,0.4,WAS,25NOV02SEAWAS,0.47,0.99
2025-11-02 04:00:00,0.4,0.4,0.4,WAS,25NOV02SEAWAS,0.47,0.99
2025-11-02 05:00:00,0.41,0.42,0.4,WAS,25NOV02SEAWAS,0.47,0.99
2025-11-02 06:00:00,0.42,0.42,0.41,WAS,25NOV02SEAWAS,0.57,0.99
2025-11-02 07:00:00,0.42,0.42,0.41,WAS,25NOV02SEAWAS,0.57,0.99
2025-11-02 08:00:00,0.4,0.42,0.4,WAS,25NOV02SEAWAS,0.57,0.99
2025-11-02 09:00:00,0.4,0.4,0.4,WAS,25NOV02SEAWAS,0.57,0.99
2025-11-02 10:00:00,0.4,0.4,0.4,WAS,25NOV02SEAWAS,0.57,0.99
2025-11-02 11:00:00,0.4,0.4,0.4,WAS,25NOV02SEAWAS,0.57,0.99
2025-11-02 12:00:00,0.4,0.4,0.4,WAS,25NOV02SEAWAS,0.57,0.99
2025-11-02 13:00:00,0.41,0.41,0.39,WAS,25NOV02SEAWAS,0.57,0.99
2025-11-02 14:00:00,0.41,0.41,0.41,WAS,25NOV02SEAWAS,0.57,0.99
2025-11-02 15:00:00,0.41,0.41,0.4,WAS,25NOV02SEAWAS,0.57,0.99
2025-11-02 16:00:00,0.41,0.42,0.4,WAS,25NOV02SEAWAS,0.57,0.99
2025-11-02 17:00:00,0.41,0.42,0.4,WAS,25NOV02SEAWAS,-0.64,0.99
2025-11-02 18:00:00,0.41,0.42,0.4,WAS,25NOV02SEAWAS,-0.64,0.99
2025-11-02 19:00:00,0.41,0.42,0.4,WAS,25NOV02SEAWAS,-0.64,0.99
2025-11-02 20:00:00,0.41,0.42,0.4,WAS,25NOV02SEAWAS,-0.64,0.99
2025-11-02 21:00:00,0.41,0.42,0.4,WAS,25NOV02SEAWAS,-0.64,0.99
2025-11-02 22:00:00,0.42,0.42,0.4,WAS,25NOV02SEAWAS,-0.64,0.99
2025-11-02 23:00:00,0.42,0.42,0.41,WAS,25NOV02SEAWAS,-0.64,0.99
2025-11-03 00:00:00,0.41,0.42,0.41,WAS,25NOV02SEAWAS,-0.64,0.99
2025-11-03 01:00:00,0.43,0.43,0.41,WAS,25NOV02SEAWAS,-0.64,0.99
2025-11-03 02:00:00,0.2,0.48,0.18,WAS,25NOV02SEAWAS,-0.64,0.99
2025-11-03 03:00:00,0.03,0.21,0.02,WAS,25NOV02SEAWAS,-0.64,0.99
2025-11-03 04:00:00,0.01,0.04,0.01,WAS,25NOV02SEAWAS,-0.63,0.1
2025-10-27 05:00:00,0.62,0.63,0.62,SEA,25NOV02SEAWAS,0.69,0.08
2025-10-27 06:00:00,0.63,0.63,0.62,SEA,25NOV02SEAWAS,0.69,0.08
2025-10-27 07:00:00,0.63,0.63,0.63,SEA,25NOV02SEAWAS,-0.6,0.08
2025-10-27 08:00:00,0.63,0.63,0.63,SEA,25NOV02SEAWAS,-0.6,0.08
2025-10-27 09:00:00,0.63,0.63,0.63,SEA,25NOV02SEAWAS,-0.6,0.08
2025-10-27 10:00:00,0.63,0.63,0.63,SEA,25NOV02SEAWAS,-0.6,0.08
2025-10-27 11:00:00,0.63,0.63,0.63,SEA,25NOV02SEAWAS,0.16,0.86
2025-10-27 12:00:00,0.63,0.63,0.63,SEA,25NOV02SEAWAS,-0.11,1.2
2025-10-27 13:00:00,0.63,0.63,0.62,SEA,25NOV02SEAWAS,-0.76,1.2
2025-10-27 14:00:00,0.63,0.63,0.63,SEA,25NOV02SEAWAS,0.07,1.05
2025-10-27 15:00:00,0.63,0.63,0.63,SEA,25NOV02SEAWAS,-0.27,0.64
2025-10-27 16:00:00,0.63,0.63,0.63,SEA,25NOV02SEAWAS,0.56,0.64
2025-10-27 17:00:00,0.64,0.64,0.64,SEA,25NOV02SEAWAS,0.56,0.64
2025-10-27 18:00:00,0.63,0.64,0.63,SEA,25NOV02SEAWAS,0.56,0.64
2025-10-27 19:00:00,0.63,0.63,0.62,SEA,25NOV02SEAWAS,0.56,0.64
2025-10-27 20:00:00,0.63,0.63,0.63,SEA,25NOV02SEAWAS,0.47,0.64
2025-10-27 21:00:00,0.63,0.63,0.63,SEA,25NOV02SEAWAS,0.53,0.2
2025-10-27 22:00:00,0.63,0.63,0.63,SEA,25NOV02SEAWAS,0.25,0.61
2025-10-27 23:00:00,0.62,0.63,0.62,SEA,25NOV02SEAWAS,0.54,0.0
2025-10-28 00:00:00,0.63,0.63,0.62,SEA,25NOV02SEAWAS,0.54,0.06
2025-10-28 01:00:00,0.64,0.64,0.61,SEA,25NOV02SEAWAS,-0.3,0.6
2025-10-28 02:00:00,0.64,0.64,0.64,SEA,25NOV02SEAWAS,0.2,0.68
2025-10-28 03:00:00,0.64,0.64,0.64,SEA,25NOV02SEAWAS,-0.15,0.66
2025-10-28 04:00:00,0.64,0.64,0.64,SEA,25NOV02SEAWAS,-0.63,0.66
2025-10-28 05:00:00,0.64,0.64,0.62,SEA,25NOV02SEAWAS,-0.63,0.66
2025-10-28 06:00:00,0.64,0.64,0.64,SEA,25NOV02SEAWAS,0.09,0.78
2025-10-28 07:00:00,0.65,0.65,0.64,SEA,25NOV02SEAWAS,-0.61,0.78
2025-10-28 08:00:00,0.65,0.65,0.65,SEA,25NOV02SEAWAS,-0.18,0.69
2025-10-28 09:00:00,0.65,0.65,0.65,SEA,25NOV02SEAWAS,-0.18,0.69
2025-10-28 10:00:00,0.65,0.65,0.65,SEA,25NOV02SEAWAS,-0.18,0.69
2025-10-28 11:00:00,0.65,0.65,0.65,SEA,25NOV02SEAWAS,0.11,1.03
2025-10-28 12:00:00,0.65,0.65,0.65,SEA,25NOV02SEAWAS,-0.18,0.7
2025-10-28 13:00:00,0.65,0.65,0.65,SEA,25NOV02SEAWAS,0.03,0.8
2025-10-28 14:00:00,0.65,0.65,0.64,SEA,25NOV02SEAWAS,-0.68,0.05
2025-10-28 15:00:00,0.65,0.65,0.65,SEA,25NOV02SEAWAS,0.45,0.56
2025-10-28 16:00:00,0.65,0.65,0.65,SEA,25NOV02SEAWAS,0.27,0.58
2025-10-28 17:00:00,0.65,0.65,0.65,SEA,25NOV02SEAWAS,0.01,0.65
2025-10-28 18:00:00,0.65,0.65,0.65,SEA,25NOV02SEAWAS,0.62,0.65
2025-10-28 19:00:00,0.65,0.65,0.64,SEA,25NOV02SEAWAS,0.35,0.63
2025-10-28 20:00:00,0.63,0.65,0.63,SEA,25NOV02SEAWAS,0.57,0.07
2025-10-28 21:00:00,0.63,0.63,0.62,SEA,25NOV02SEAWAS,0.53,0.07
2025-10-28 22:00:00,0.63,0.63,0.63,SEA,25NOV02SEAWAS,0.16,0.66
2025-10-28 23:00:00,0.63,0.63,0.63,SEA,25NOV02SEAWAS,-0.03,0.78
2025-10-29 00:00:00,0.63,0.63,0.63,SEA,25NOV02SEAWAS,-0.03,0.78
2025-10-29 01:00:00,0.63,0.63,0.63,SEA,25NOV02SEAWAS,0.46,0.78
2025-10-29 02:00:00,0.63,0.63,0.62,SEA,25NOV02SEAWAS,0.63,0.78
2025-10-29 03:00:00,0.63,0.63,0.62,SEA,25NOV02SEAWAS,0.43,0.78
2025-10-29 04:00:00,0.63,0.63,0.63,SEA,25NOV02SEAWAS,0.46,0.78
2025-10-29 05:00:00,0.63,0.63,0.63,SEA,25NOV02SEAWAS,0.46,0.78
2025-10-29 06:00:00,0.63,0.63,0.63,SEA,25NOV02SEAWAS,0.46,0.78
2025-10-29 07:00:00,0.63,0.63,0.63,SEA,25NOV02SEAWAS,0.51,0.78
2025-10-29 08:00:00,0.63,0.63,0.63,SEA,25NOV02SEAWAS,0.51,0.78
2025-10-29 09:00:00,0.63,0.63,0.63,SEA,25NOV02SEAWAS,-0.43,0.78
2025-10-29 10:00:00,0.63,0.63,0.63,SEA,25NOV02SEAWAS,-0.43,0.78
2025-10-29 11:00:00,0.63,0.63,0.63,SEA,25NOV02SEAWAS,-0.43,0.78
2025-10-29 12:00:00,0.63,0.63,0.63,SEA,25NOV02SEAWAS,-0.43,0.78
2025-10-29 13:00:00,0.63,0.63,0.63,SEA,25NOV02SEAWAS,-0.43,0.78
2025-10-29 14:00:00,0.63,0.63,0.63,SEA,25NOV02SEAWAS,-0.43,0.78
2025-10-29 15:00:00,0.63,0.63,0.63,SEA,25NOV02SEAWAS,-0.32,0.45
2025-10-29 16:00:00,0.63,0.63,0.62,SEA,25NOV02SEAWAS,-0.32,0.45
2025-10-29 17:00:00,0.62,0.63,0.62,SEA,25NOV02SEAWAS,0.44,0.45
2025-10-29 18:00:00,0.62,0.62,0.61,SEA,25NOV02SEAWAS,0.27,0.69
2025-10-29 19:00:00,0.62,0.62,0.61,SEA,25NOV02SEAWAS,0.15,0.68
2025-10-29 20:00:00,0.62,0.62,0.62,SEA,25NOV02SEAWAS,0.38,0.55
2025-10-29 21:00:00,0.62,0.62,0.62,SEA,25NOV02SEAWAS,-0.65,0.55
2025-10-29 22:00:00,0.62,0.62,0.62,SEA,25NOV02SEAWAS,0.52,0.39
2025-10-29 23:00:00,0.6,0.62,0.6,SEA,25NOV02SEAWAS,0.1,0.69
2025-10-30 00:00:00,0.62,0.62,0.61,SEA,25NOV02SEAWAS,0.54,0.69
2025-10-30 01:00:00,0.62,0.62,0.62,SEA,25NOV02SEAWAS,0.54,0.69
2025-10-30 02:00:00,0.62,0.62,0.62,SEA,25NOV02SEAWAS,-0.03,0.75
2025-10-30 03:00:00,0.62,0.62,0.62,SEA,25NOV02SEAWAS,0.27,0.62
2025-10-30 04:00:00,0.62,0.62,0.62,SEA,25NOV02SEAWAS,-0.03,0.82
2025-10-30 05:00:00,0.62,0.62,0.62,SEA,25NOV02SEAWAS,-0.03,0.82
2025-10-30 06:00:00,0.62,0.62,0.62,SEA,25NOV02SEAWAS,-0.03,0.82
2025-10-30 07:00:00,0.62,0.62,0.62,SEA,25NOV02SEAWAS,0.57,0.16
2025-10-30 08:00:00,0.62,0.62,0.62,SEA,25NOV02SEAWAS,0.57,0.16
2025-10-30 09:00:00,0.62,0.62,0.62,SEA,25NOV02SEAWAS,0.57,0.16
2025-10-30 10:00:00,0.62,0.62,0.62,SEA,25NOV02SEAWAS,0.57,0.16
2025-10-30 11:00:00,0.61,0.61,0.61,SEA,25NOV02SEAWAS,0.57,0.16
2025-10-30 12:00:00,0.62,0.62,0.62,SEA,25NOV02SEAWAS,0.57,0.16
2025-10-30 13:00:00,0.62,0.62,0.62,SEA,25NOV02SEAWAS,0.57,0.03
2025-10-30 14:00:00,0.62,0.62,0.62,SEA,25NOV02SEAWAS,0.57,0.03
2025-10-30 15:00:00,0.62,0.62,0.61,SEA,25NOV02SEAWAS,0.21,0.52
2025-10-30 16:00:00,0.62,0.62,0.61,SEA,25NOV02SEAWAS,-0.33,0.5
2025-10-30 17:00:00,0.62,0.62,0.61,SEA,25NOV02SEAWAS,-0.16,0.71
2025-10-30 18:00:00,0.61,0.62,0.61,SEA,25NOV02SEAWAS,0.12,0.62
2025-10-30 19:00:00,0.61,0.61,0.61,SEA,25NOV02SEAWAS,0.23,0.65
2025-10-30 20:00:00,0.61,0.61,0.61,SEA,25NOV02SEAWAS,0.35,0.47
2025-10-30 21:00:00,0.61,0.61,0.61,SEA,25NOV02SEAWAS,-0.03,0.66
2025-10-30 22:00:00,0.61,0.61,0.61,SEA,25NOV02SEAWAS,0.43,0.66
2025-10-30 23:00:00,0.61,0.61,0.61,SEA,25NOV02SEAWAS,0.43,0.66
2025-10-31 00:00:00,0.62,0.62,0.61,SEA,25NOV02SEAWAS,-0.39,0.67
2025-10-31 01:00:00,0.62,0.62,0.61,SEA,25NOV02SEAWAS,-0.19,0.7
2025-10-31 02:00:00,0.62,0.62,0.61,SEA,25NOV02SEAWAS,0.57,0.7
2025-10-31 03:00:00,0.62,0.62,0.62,SEA,25NOV02SEAWAS,-0.11,0.61
2025-10-31 04:00:00,0.62,0.62,0.61,SEA,25NOV02SEAWAS,-0.43,0.61
2025-10-31 05:00:00,0.62,0.62,0.62,SEA,25NOV02SEAWAS,-0.43,0.61
2025-10-31 06:00:00,0.62,0.62,0.61,SEA,25NOV02SEAWAS,-0.43,0.61
2025-10-31 07:00:00,0.62,0.62,0.62,SEA,25NOV02SEAWAS,-0.43,0.61
2025-10-31 08:00:00,0.62,0.62,0.62,SEA,25NOV02SEAWAS,0.44,0.61
2025-10-31 09:00:00,0.62,0.62,0.62,SEA,25NOV02SEAWAS,0.44,0.61
2025-10-31 10:00:00,0.62,0.62,0.62,SEA,25NOV02SEAWAS,0.44,0.61
2025-10-31 11:00:00,0.62,0.62,0.62,SEA,25NOV02SEAWAS,0.44,0.61
2025-10-31 12:00:00,0.61,0.61,0.61,SEA,25NOV02SEAWAS,0.44,0.61
2025-10-31 13:00:00,0.61,0.61,0.61,SEA,25NOV02SEAWAS,0.44,0.61
2025-10-31 14:00:00,0.61,0.61,0.61,SEA,25NOV02SEAWAS,0.51,0.61
2025-10-31 15:00:00,0.61,0.62,0.6,SEA,25NOV02SEAWAS,-0.58,0.61
2025-10-31 16:00:00,0.61,0.61,0.61,SEA,25NOV02SEAWAS,-0.58,0.61
2025-10-31 17:00:00,0.61,0.62,0.61,SEA,25NOV02SEAWAS,-0.58,0.61
2025-10-31 18:00:00,0.61,0.61,0.6,SEA,25NOV02SEAWAS,0.62,0.02
2025-10-31 19:00:00,0.61,0.61,0.61,SEA,25NOV02SEAWAS,0.6,0.02
2025-10-31 20:00:00,0.61,0.61,0.61,SEA,25NOV02SEAWAS,0.53,0.02
2025-10-31 21:00:00,0.61,0.61,0.6,SEA,25NOV02SEAWAS,0.53,0.02
2025-10-31 22:00:00,0.61,0.61,0.6,SEA,25NOV02SEAWAS,0.53,0.02
2025-10-31 23:00:00,0.61,0.61,0.61,SEA,25NOV02SEAWAS,0.43,0.43
2025-11-01 00:00:00,0.61,0.61,0.6,SEA,25NOV02SEAWAS,0.56,0.06
2025-11-01 01:00:00,0.61,0.61,0.6,SEA,25NOV02SEAWAS,-0.18,0.58
2025-11-01 02:00:00,0.61,0.61,0.61,SEA,25NOV02SEAWAS,0.5,0.02
2025-11-01 03:00:00,0.6,0.6,0.6,SEA,25NOV02SEAWAS,0.5,0.02
2025-11-01 04:00:00,0.6,0.6,0.6,SEA,25NOV02SEAWAS,0.5,0.02
2025-11-01 05:00:00,0.6,0.6,0.6,SEA,25NOV02SEAWAS,0.21,0.46
2025-11-01 06:00:00,0.6,0.6,0.6,SEA,25NOV02SEAWAS,0.51,0.46
2025-11-01 07:00:00,0.6,0.6,0.59,SEA,25NOV02SEAWAS,0.43,0.46
2025-11-01 08:00:00,0.6,0.6,0.6,SEA,25NOV02SEAWAS,0.43,0.46
2025-11-01 09:00:00,0.6,0.6,0.6,SEA,25NOV02SEAWAS,0.43,0.46
2025-11-01 10:00:00,0.6,0.6,0.6,SEA,25NOV02SEAWAS,-0.05,0.76
2025-11-01 11:00:00,0.6,0.6,0.6,SEA,25NOV02SEAWAS,-0.05,0.76
2025-11-01 12:00:00,0.6,0.6,0.6,SEA,25NOV02SEAWAS,0.51,0.76
2025-11-01 13:00:00,0.59,0.6,0.59,SEA,25NOV02SEAWAS,0.51,0.76
2025-11-01 14:00:00,0.6,0.6,0.6,SEA,25NOV02SEAWAS,0.5,0.01
2025-11-01 15:00:00,0.6,0.6,0.6,SEA,25NOV02SEAWAS,0.6,0.09
2025-11-01 16:00:00,0.6,0.6,0.6,SEA,25NOV02SEAWAS,0.17,0.58
2025-11-01 17:00:00,0.6,0.6,0.59,SEA,25NOV02SEAWAS,0.58,0.18
2025-11-01 18:00:00,0.6,0.6,0.6,SEA,25NOV02SEAWAS,0.69,0.18
2025-11-01 19:00:00,0.6,0.6,0.59,SEA,25NOV02SEAWAS,0.05,0.66
2025-11-01 20:00:00,0.6,0.6,0.59,SEA,25NOV02SEAWAS,0.31,0.62
2025-11-01 21:00:00,0.6,0.6,0.59,SEA,25NOV02SEAWAS,0.61,0.08
2025-11-01 22:00:00,0.6,0.6,0.6,SEA,25NOV02SEAWAS,-0.17,0.7
2025-11-01 23:00:00,0.6,0.6,0.6,SEA,25NOV02SEAWAS,0.46,0.7
2025-11-02 00:00:00,0.6,0.6,0.59,SEA,25NOV02SEAWAS,-0.56,0.7
2025-11-02 01:00:00,0.6,0.6,0.59,SEA,25NOV02SEAWAS,0.56,0.32
2025-11-02 02:00:00,0.59,0.6,0.59,SEA,25NOV02SEAWAS,0.29,0.63
2025-11-02 03:00:00,0.6,0.6,0.6,SEA,25NOV02SEAWAS,-0.06,0.8
2025-11-02 04:00:00,0.6,0.6,0.59,SEA,25NOV02SEAWAS,0.23,0.66
2025-11-02 05:00:00,0.6,0.6,0.58,SEA,25NOV02SEAWAS,0.21,0.65
2025-11-02 06:00:00,0.6,0.6,0.59,SEA,25NOV02SEAWAS,-0.54,0.08
2025-11-02 07:00:00,0.6,0.6,0.58,SEA,25NOV02SEAWAS,0.48,0.08
2025-11-02 08:00:00,0.61,0.61,0.6,SEA,25NOV02SEAWAS,0.48,0.08
2025-11-02 09:00:00,0.61,0.61,0.61,SEA,25NOV02SEAWAS,0.48,0.08
2025-11-02 10:00:00,0.61,0.61,0.61,SEA,25NOV02SEAWAS,-0.52,0.08
2025-11-02 11:00:00,0.61,0.61,0.61,SEA,25NOV02SEAWAS,-0.51,0.08
2025-11-02 12:00:00,0.61,0.61,0.61,SEA,25NOV02SEAWAS,-0.21,0.63
2025-11-02 13:00:00,0.61,0.61,0.61,SEA,25NOV02SEAWAS,-0.66,0.08
2025-11-02 14:00:00,0.61,0.61,0.6,SEA,25NOV02SEAWAS,-0.04,0.65
2025-11-02 15:00:00,0.6,0.61,0.59,SEA,25NOV02SEAWAS,-0.16,0.65
2025-11-02 16:00:00,0.6,0.6,0.59,SEA,25NOV02SEAWAS,0.52,0.65
2025-11-02 17:00:00,0.6,0.6,0.59,SEA,25NOV02SEAWAS,-0.02,0.75
2025-11-02 18:00:00,0.6,0.6,0.58,SEA,25NOV02SEAWAS,-0.02,0.75
2025-11-02 19:00:00,0.6,0.6,0.58,SEA,25NOV02SEAWAS,-0.55,0.75
2025-11-02 20:00:00,0.59,0.6,0.58,SEA,25NOV02SEAWAS,0.59,0.07
2025-11-02 21:00:00,0.6,0.6,0.58,SEA,25NOV02SEAWAS,0.47,0.39
2025-11-02 22:00:00,0.59,0.6,0.58,SEA,25NOV02SEAWAS,-0.56,0.48
2025-11-02 23:00:00,0.59,0.59,0.58,SEA,25NOV02SEAWAS,-0.48,0.48
2025-11-03 00:00:00,0.58,0.59,0.58,SEA,25NOV02SEAWAS,0.42,0.44
2025-11-03 01:00:00,0.58,0.59,0.57,SEA,25NOV02SEAWAS,0.42,0.44
2025-11-03 02:00:00,0.8,0.82,0.56,SEA,25NOV02SEAWAS,0.43,0.52
2025-11-03 03:00:00,0.97,0.98,0.79,SEA,25NOV02SEAWAS,0.38,0.52
2025-11-03 04:00:00,0.99,0.99,0.95,SEA,25NOV02SEAWAS,0.14,0.68
2025-10-28 05:00:00,0.6,0.6,0.59,DAL,25NOV03ARIDAL,-0.65,0.05
2025-10-28 06:00:00,0.6,0.6,0.6,DAL,25NOV03ARIDAL,0.51,0.05
2025-10-28 07:00:00,0.6,0.6,0.6,DAL,25NOV03ARIDAL,0.51,0.05
2025-10-28 08:00:00,0.6,0.6,0.6,DAL,25NOV03ARIDAL,0.51,0.05
2025-10-28 09:00:00,0.6,0.6,0.6,DAL,25NOV03ARIDAL,0.51,0.05
2025-10-28 10:00:00,0.6,0.6,0.6,DAL,25NOV03ARIDAL,0.51,0.05
2025-10-28 11:00:00,0.6,0.6,0.6,DAL,25NOV03ARIDAL,0.51,0.05
2025-10-28 12:00:00,0.6,0.6,0.6,DAL,25NOV03ARIDAL,0.51,0.05
2025-10-28 13:00:00,0.6,0.6,0.6,DAL,25NOV03ARIDAL,0.51,0.05
2025-10-28 14:00:00,0.6,0.6,0.6,DAL,25NOV03ARIDAL,0.51,0.05
2025-10-28 15:00:00,0.6,0.6,0.6,DAL,25NOV03ARIDAL,-0.56,0.05
2025-10-28 16:00:00,0.6,0.6,0.6,DAL,25NOV03ARIDAL,-0.56,0.05
2025-10-28 17:00:00,0.6,0.6,0.59,DAL,25NOV03ARIDAL,-0.56,0.05
2025-10-28 18:00:00,0.6,0.6,0.6,DAL,25NOV03ARIDAL,-0.56,0.05
2025-10-28 19:00:00,0.59,0.6,0.59,DAL,25NOV03ARIDAL,-0.56,0.05
2025-10-28 20:00:00,0.6,0.6,0.6,DAL,25NOV03ARIDAL,-0.56,0.05
2025-10-28 21:00:00,0.6,0.6,0.6,DAL,25NOV03ARIDAL,-0.56,0.05
2025-10-28 22:00:00,0.6,0.6,0.6,DAL,25NOV03ARIDAL,-0.56,0.05
2025-10-28 23:00:00,0.6,0.6,0.59,DAL,25NOV03ARIDAL,-0.56,0.05
2025-10-29 00:00:00,0.6,0.6,0.6,DAL,25NOV03ARIDAL,-0.56,0.05
2025-10-29 01:00:00,0.59,0.6,0.59,DAL,25NOV03ARIDAL,-0.56,0.05
2025-10-29 02:00:00,0.59,0.59,0.59,DAL,25NOV03ARIDAL,-0.56,0.05
2025-10-29 03:00:00,0.59,0.59,0.59,DAL,25NOV03ARIDAL,-0.56,0.05
2025-10-29 04:00:00,0.59,0.59,0.59,DAL,25NOV03ARIDAL,-0.56,0.05
2025-10-29 05:00:00,0.59,0.59,0.59,DAL,25NOV03ARIDAL,-0.56,0.05
2025-10-29 06:00:00,0.59,0.59,0.59,DAL,25NOV03ARIDAL,-0.56,0.05
2025-10-29 07:00:00,0.59,0.59,0.59,DAL,25NOV03ARIDAL,-0.56,0.05
2025-10-29 08:00:00,0.59,0.59,0.59,DAL,25NOV03ARIDAL,-0.56,0.05
2025-10-29 09:00:00,0.59,0.59,0.59,DAL,25NOV03ARIDAL,-0.56,0.05
2025-10-29 10:00:00,0.59,0.59,0.59,DAL,25NOV03ARIDAL,-0.56,0.05
2025-10-29 11:00:00,0.59,0.59,0.59,DAL,25NOV03ARIDAL,-0.56,0.05
2025-10-29 12:00:00,0.59,0.59,0.59,DAL,25NOV03ARIDAL,-0.56,0.05
2025-10-29 13:00:00,0.59,0.59,0.59,DAL,25NOV03ARIDAL,-0.56,0.05
2025-10-29 14:00:00,0.59,0.59,0.59,DAL,25NOV03ARIDAL,-0.56,0.05
2025-10-29 15:00:00,0.59,0.59,0.59,DAL,25NOV03ARIDAL,-0.51,0.05
2025-10-29 16:00:00,0.59,0.59,0.59,DAL,25NOV03ARIDAL,-0.51,0.05
2025-10-29 17:00:00,0.59,0.59,0.59,DAL,25NOV03ARIDAL,-0.51,0.05
2025-10-29 18:00:00,0.59,0.59,0.58,DAL,25NOV03ARIDAL,-0.51,0.05
2025-10-29 19:00:00,0.59,0.59,0.58,DAL,25NOV03ARIDAL,-0.51,0.05
2025-10-29 20:00:00,0.59,0.59,0.59,DAL,25NOV03ARIDAL,-0.51,0.05
2025-10-29 21:00:00,0.59,0.59,0.58,DAL,25NOV03ARIDAL,-0.51,0.05
2025-10-29 22:00:00,0.59,0.59,0.59,DAL,25NOV03ARIDAL,-0.51,0.05
2025-10-29 23:00:00,0.59,0.59,0.58,DAL,25NOV03ARIDAL,-0.51,0.05
2025-10-30 00:00:00,0.58,0.59,0.58,DAL,25NOV03ARIDAL,-0.51,0.05
2025-10-30 01:00:00,0.57,0.58,0.57,DAL,25NOV03ARIDAL,-0.51,0.05
2025-10-30 02:00:00,0.58,0.58,0.57,DAL,25NOV03ARIDAL,-0.51,0.05
2025-10-30 03:00:00,0.58,0.58,0.58,DAL,25NOV03ARIDAL,-0.51,0.05
2025-10-30 04:00:00,0.58,0.58,0.58,DAL,25NOV03ARIDAL,-0.51,0.05
2025-10-30 05:00:00,0.58,0.58,0.57,DAL,25NOV03ARIDAL,-0.51,0.05
2025-10-30 06:00:00,0.58,0.58,0.58,DAL,25NOV03ARIDAL,-0.51,0.05
2025-10-30 07:00:00,0.58,0.58,0.57,DAL,25NOV03ARIDAL,-0.51,0.05
2025-10-30 08:00:00,0.58,0.58,0.57,DAL,25NOV03ARIDAL,-0.51,0.05
2025-10-30 09:00:00,0.58,0.58,0.57,DAL,25NOV03ARIDAL,-0.51,0.05
2025-10-30 10:00:00,0.58,0.58,0.58,DAL,25NOV03ARIDAL,-0.51,0.05
2025-10-30 11:00:00,0.58,0.58,0.58,DAL,25NOV03ARIDAL,-0.51,0.05
2025-10-30 12:00:00,0.58,0.58,0.58,DAL,25NOV03ARIDAL,-0.51,0.05
2025-10-30 13:00:00,0.58,0.58,0.57,DAL,25NOV03ARIDAL,-0.51,0.05
2025-10-30 14:00:00,0.58,0.58,0.57,DAL,25NOV03ARIDAL,-0.51,0.05
2025-10-30 15:00:00,0.58,0.58,0.56,DAL,25NOV03ARIDAL,-0.51,0.05
2025-10-30 16:00:00,0.58,0.58,0.58,DAL,25NOV03ARIDAL,-0.51,0.05
2025-10-30 17:00:00,0.58,0.58,0.58,DAL,25NOV03ARIDAL,-0.51,0.05
2025-10-30 18:00:00,0.58,0.58,0.56,DAL,25NOV03ARIDAL,-0.51,0.05
2025-10-30 19:00:00,0.58,0.58,0.56,DAL,25NOV03ARIDAL,-0.51,0.05
2025-10-30 20:00:00,0.58,0.58,0.58,DAL,25NOV03ARIDAL,-0.51,0.05
2025-10-30 21:00:00,0.58,0.58,0.58,DAL,25NOV03ARIDAL,-0.51,0.05
2025-10-30 22:00:00,0.58,0.58,0.58,DAL,25NOV03ARIDAL,-0.51,0.05
2025-10-30 23:00:00,0.58,0.58,0.57,DAL,25NOV03ARIDAL,-0.51,0.05
2025-10-31 00:00:00,0.58,0.58,0.58,DAL,25NOV03ARIDAL,-0.51,0.05
2025-10-31 01:00:00,0.58,0.58,0.56,DAL,25NOV03ARIDAL,-0.51,0.05
2025-10-31 02:00:00,0.58,0.58,0.58,DAL,25NOV03ARIDAL,-0.51,0.05
2025-10-31 03:00:00,0.58,0.58,0.56,DAL,25NOV03ARIDAL,-0.51,0.05
2025-10-31 04:00:00,0.58,0.58,0.56,DAL,25NOV03ARIDAL,-0.51,0.05
2025-10-31 05:00:00,0.58,0.58,0.58,DAL,25NOV03ARIDAL,-0.51,0.05
2025-10-31 06:00:00,0.58,0.58,0.58,DAL,25NOV03ARIDAL,-0.51,0.05
2025-10-31 07:00:00,0.58,0.58,0.58,DAL,25NOV03ARIDAL,-0.51,0.05
2025-10-31 08:00:00,0.58,0.58,0.58,DAL,25NOV03ARIDAL,-0.51,0.05
2025-10-31 09:00:00,0.58,0.58,0.58,DAL,25NOV03ARIDAL,-0.51,0.05
2025-10-31 10:00:00,0.58,0.58,0.58,DAL,25NOV03ARIDAL,-0.51,0.05
2025-10-31 11:00:00,0.58,0.58,0.58,DAL,25NOV03ARIDAL,-0.51,0.05
2025-10-31 12:00:00,0.58,0.58,0.58,DAL,25NOV03ARIDAL,-0.51,0.05
2025-10-31 13:00:00,0.58,0.58,0.58,DAL,25NOV03ARIDAL,-0.51,0.05
2025-10-31 14:00:00,0.58,0.58,0.58,DAL,25NOV03ARIDAL,-0.51,0.05
2025-10-31 15:00:00,0.58,0.58,0.58,DAL,25NOV03ARIDAL,-0.48,0.05
2025-10-31 16:00:00,0.58,0.58,0.56,DAL,25NOV03ARIDAL,-0.48,0.05
2025-10-31 17:00:00,0.58,0.58,0.58,DAL,25NOV03ARIDAL,-0.48,0.05
2025-10-31 18:00:00,0.58,0.58,0.56,DAL,25NOV03ARIDAL,-0.48,0.05
2025-10-31 19:00:00,0.59,0.59,0.58,DAL,25NOV03ARIDAL,-0.48,0.05
2025-10-31 20:00:00,0.59,0.59,0.59,DAL,25NOV03ARIDAL,-0.48,0.05
2025-10-31 21:00:00,0.59,0.59,0.59,DAL,25NOV03ARIDAL,-0.48,0.05
2025-10-31 22:00:00,0.59,0.59,0.59,DAL,25NOV03ARIDAL,-0.48,0.05
2025-10-31 23:00:00,0.59,0.59,0.59,DAL,25NOV03ARIDAL,-0.48,0.05
2025-11-01 00:00:00,0.59,0.59,0.58,DAL,25NOV03ARIDAL,-0.48,0.05
2025-11-01 01:00:00,0.59,0.59,0.58,DAL,25NOV03ARIDAL,-0.48,0.05
2025-11-01 02:00:00,0.59,0.59,0.59,DAL,25NOV03ARIDAL,-0.48,0.05
2025-11-01 03:00:00,0.59,0.59,0.59,DAL,25NOV03ARIDAL,-0.48,0.05
2025-11-01 04:00:00,0.59,0.59,0.59,DAL,25NOV03ARIDAL,-0.48,0.05
2025-11-01 05:00:00,0.59,0.59,0.59,DAL,25NOV03ARIDAL,-0.48,0.05
2025-11-01 06:00:00,0.59,0.59,0.59,DAL,25NOV03ARIDAL,-0.48,0.05
2025-11-01 07:00:00,0.59,0.59,0.58,DAL,25NOV03ARIDAL,-0.48,0.05
2025-11-01 08:00:00,0.59,0.59,0.59,DAL,25NOV03ARIDAL,-0.48,0.05
2025-11-01 09:00:00,0.59,0.59,0.59,DAL,25NOV03ARIDAL,-0.48,0.05
2025-11-01 10:00:00,0.59,0.59,0.59,DAL,25NOV03ARIDAL,-0.48,0.05
2025-11-01 11:00:00,0.59,0.59,0.59,DAL,25NOV03ARIDAL,-0.48,0.05
2025-11-01 12:00:00,0.59,0.59,0.59,DAL,25NOV03ARIDAL,-0.48,0.05
2025-11-01 13:00:00,0.6,0.6,0.59,DAL,25NOV03ARIDAL,-0.48,0.05
2025-11-01 14:00:00,0.6,0.6,0.6,DAL,25NOV03ARIDAL,-0.48,0.05
2025-11-01 15:00:00,0.6,0.6,0.6,DAL,25NOV03ARIDAL,-0.48,0.05
2025-11-01 16:00:00,0.6,0.6,0.6,DAL,25NOV03ARIDAL,-0.48,0.05
2025-11-01 17:00:00,0.6,0.61,0.6,DAL,25NOV03ARIDAL,-0.48,0.05
2025-11-01 18:00:00,0.62,0.62,0.6,DAL,25NOV03ARIDAL,-0.48,0.05
2025-11-01 19:00:00,0.62,0.62,0.62,DAL,25NOV03ARIDAL,-0.48,0.05
2025-11-01 20:00:00,0.62,0.62,0.61,DAL,25NOV03ARIDAL,-0.48,0.05
2025-11-01 21:00:00,0.62,0.62,0.61,DAL,25NOV03ARIDAL,-0.48,0.05
2025-11-01 22:00:00,0.62,0.62,0.62,DAL,25NOV03ARIDAL,-0.48,0.05
2025-11-01 23:00:00,0.62,0.62,0.61,DAL,25NOV03ARIDAL,-0.48,0.05
2025-11-02 00:00:00,0.62,0.62,0.61,DAL,25NOV03ARIDAL,-0.48,0.05
2025-11-02 01:00:00,0.62,0.62,0.62,DAL,25NOV03ARIDAL,-0.48,0.05
2025-11-02 02:00:00,0.61,0.62,0.61,DAL,25NOV03ARIDAL,-0.48,0.05
2025-11-02 03:00:00,0.62,0.62,0.61,DAL,25NOV03ARIDAL,-0.48,0.05
2025-11-02 04:00:00,0.62,0.62,0.61,DAL,25NOV03ARIDAL,-0.48,0.05
2025-11-02 05:00:00,0.63,0.63,0.62,DAL,25NOV03ARIDAL,-0.48,0.05
2025-11-02 06:00:00,0.63,0.63,0.62,DAL,25NOV03ARIDAL,-0.48,0.05
2025-11-02 07:00:00,0.63,0.63,0.62,DAL,25NOV03ARIDAL,-0.48,0.05
2025-11-02 08:00:00,0.63,0.63,0.62,DAL,25NOV03ARIDAL,-0.48,0.05
2025-11-02 09:00:00,0.63,0.63,0.63,DAL,25NOV03ARIDAL,-0.48,0.05
2025-11-02 10:00:00,0.63,0.63,0.63,DAL,25NOV03ARIDAL,-0.48,0.05
2025-11-02 11:00:00,0.63,0.63,0.63,DAL,25NOV03ARIDAL,-0.48,0.05
2025-11-02 12:00:00,0.63,0.63,0.63,DAL,25NOV03ARIDAL,-0.48,0.05
2025-11-02 13:00:00,0.62,0.62,0.62,DAL,25NOV03ARIDAL,-0.48,0.05
2025-11-02 14:00:00,0.62,0.62,0.61,DAL,25NOV03ARIDAL,-0.48,0.05
2025-11-02 15:00:00,0.62,0.62,0.62,DAL,25NOV03ARIDAL,-0.48,0.05
2025-11-02 16:00:00,0.62,0.62,0.61,DAL,25NOV03ARIDAL,-0.48,0.05
2025-11-02 17:00:00,0.62,0.62,0.62,DAL,25NOV03ARIDAL,-0.48,0.05
2025-11-02 18:00:00,0.62,0.62,0.61,DAL,25NOV03ARIDAL,-0.48,0.05
2025-11-02 19:00:00,0.62,0.62,0.61,DAL,25NOV03ARIDAL,-0.48,0.05
2025-11-02 20:00:00,0.62,0.62,0.6,DAL,25NOV03ARIDAL,-0.52,0.05
2025-11-02 21:00:00,0.62,0.62,0.6,DAL,25NOV03ARIDAL,0.55,0.05
2025-11-02 22:00:00,0.62,0.62,0.6,DAL,25NOV03ARIDAL,0.55,0.05
2025-11-02 23:00:00,0.62,0.62,0.6,DAL,25NOV03ARIDAL,0.55,0.05
2025-11-03 00:00:00,0.62,0.62,0.6,DAL,25NOV03ARIDAL,0.55,0.05
2025-11-03 01:00:00,0.62,0.62,0.6,DAL,25NOV03ARIDAL,0.55,0.05
2025-11-03 02:00:00,0.62,0.62,0.6,DAL,25NOV03ARIDAL,0.55,0.05
2025-11-03 03:00:00,0.62,0.62,0.6,DAL,25NOV03ARIDAL,0.55,0.05
2025-11-03 04:00:00,0.62,0.62,0.6,DAL,25NOV03ARIDAL,0.55,0.05
2025-11-03 05:00:00,0.62,0.62,0.6,DAL,25NOV03ARIDAL,0.55,0.05
2025-11-03 06:00:00,0.62,0.62,0.6,DAL,25NOV03ARIDAL,0.55,0.05
2025-11-03 07:00:00,0.62,0.62,0.6,DAL,25NOV03ARIDAL,0.55,0.05
2025-11-03 08:00:00,0.62,0.62,0.6,DAL,25NOV03ARIDAL,0.55,0.05
2025-11-03 09:00:00,0.62,0.62,0.6,DAL,25NOV03ARIDAL,0.55,0.05
2025-11-03 10:00:00,0.62,0.62,0.61,DAL,25NOV03ARIDAL,0.55,0.05
2025-11-03 11:00:00,0.62,0.62,0.61,DAL,25NOV03ARIDAL,0.55,0.05
2025-11-03 12:00:00,0.62,0.62,0.61,DAL,25NOV03ARIDAL,0.55,0.05
2025-11-03 13:00:00,0.62,0.62,0.61,DAL,25NOV03ARIDAL,0.55,0.05
2025-11-03 14:00:00,0.62,0.62,0.6,DAL,25NOV03ARIDAL,0.55,0.05
2025-11-03 15:00:00,0.62,0.62,0.61,DAL,25NOV03ARIDAL,0.55,0.05
2025-11-03 16:00:00,0.62,0.62,0.61,DAL,25NOV03ARIDAL,0.55,0.05
2025-11-03 17:00:00,0.62,0.62,0.61,DAL,25NOV03ARIDAL,0.55,0.05
2025-11-03 18:00:00,0.63,0.63,0.61,DAL,25NOV03ARIDAL,-0.58,0.05
2025-11-03 19:00:00,0.63,0.63,0.62,DAL,25NOV03ARIDAL,-0.58,0.05
2025-11-03 20:00:00,0.63,0.63,0.62,DAL,25NOV03ARIDAL,-0.58,0.05
2025-11-03 21:00:00,0.63,0.63,0.62,DAL,25NOV03ARIDAL,-0.58,0.05
2025-11-03 22:00:00,0.63,0.63,0.62,DAL,25NOV03ARIDAL,-0.58,0.05
2025-11-03 23:00:00,0.63,0.63,0.62,DAL,25NOV03ARIDAL,-0.58,0.05
2025-11-04 00:00:00,0.64,0.64,0.62,DAL,25NOV03ARIDAL,-0.58,0.05
2025-11-04 01:00:00,0.64,0.64,0.63,DAL,25NOV03ARIDAL,-0.54,0.05
2025-11-04 02:00:00,0.38,0.72,0.33,DAL,25NOV03ARIDAL,-0.52,0.05
2025-11-04 03:00:00,0.18,0.52,0.16,DAL,25NOV03ARIDAL,-0.52,0.05
2025-11-04 04:00:00,0.02,0.25,0.01,DAL,25NOV03ARIDAL,-0.63,0.05
2025-10-28 05:00:00,0.41,0.41,0.41,ARI,25NOV03ARIDAL,0.51,0.79
2025-10-28 06:00:00,0.41,0.41,0.41,ARI,25NOV03ARIDAL,0.51,0.79
2025-10-28 07:00:00,0.41,0.41,0.41,ARI,25NOV03ARIDAL,0.51,0.79
2025-10-28 08:00:00,0.41,0.41,0.41,ARI,25NOV03ARIDAL,0.51,0.79
2025-10-28 09:00:00,0.41,0.41,0.41,ARI,25NOV03ARIDAL,0.51,0.79
2025-10-28 10:00:00,0.41,0.41,0.41,ARI,25NOV03ARIDAL,0.51,0.79
2025-10-28 11:00:00,0.41,0.41,0.41,ARI,25NOV03ARIDAL,0.51,0.79
2025-10-28 12:00:00,0.41,0.41,0.41,ARI,25NOV03ARIDAL,0.51,0.79
2025-10-28 13:00:00,0.41,0.41,0.41,ARI,25NOV03ARIDAL,0.51,0.79
2025-10-28 14:00:00,0.41,0.41,0.41,ARI,25NOV03ARIDAL,0.51,0.79
2025-10-28 15:00:00,0.41,0.41,0.41,ARI,25NOV03ARIDAL,0.51,0.79
2025-10-28 16:00:00,0.41,0.41,0.41,ARI,25NOV03ARIDAL,0.51,0.79
2025-10-28 17:00:00,0.42,0.42,0.41,ARI,25NOV03ARIDAL,0.51,0.79
2025-10-28 18:00:00,0.42,0.42,0.41,ARI,25NOV03ARIDAL,0.51,0.79
2025-10-28 19:00:00,0.42,0.42,0.41,ARI,25NOV03ARIDAL,0.51,0.79
2025-10-28 20:00:00,0.42,0.42,0.42,ARI,25NOV03ARIDAL,0.51,0.79
2025-10-28 21:00:00,0.42,0.42,0.42,ARI,25NOV03ARIDAL,0.51,0.79
2025-10-28 22:00:00,0.42,0.42,0.41,ARI,25NOV03ARIDAL,0.51,0.79
2025-10-28 23:00:00,0.42,0.42,0.41,ARI,25NOV03ARIDAL,0.51,0.79
2025-10-29 00:00:00,0.42,0.42,0.42,ARI,25NOV03ARIDAL,0.51,0.79
2025-10-29 01:00:00,0.42,0.42,0.42,ARI,25NOV03ARIDAL,0.51,0.79
2025-10-29 02:00:00,0.42,0.42,0.42,ARI,25NOV03ARIDAL,0.51,0.79
2025-10-29 03:00:00,0.42,0.42,0.42,ARI,25NOV03ARIDAL,0.51,0.79
2025-10-29 04:00:00,0.42,0.42,0.42,ARI,25NOV03ARIDAL,0.51,0.79
2025-10-29 05:00:00,0.42,0.42,0.42,ARI,25NOV03ARIDAL,0.51,0.79
2025-10-29 06:00:00,0.42,0.42,0.42,ARI,25NOV03ARIDAL,0.51,0.79
2025-10-29 07:00:00,0.42,0.42,0.42,ARI,25NOV03ARIDAL,0.51,0.79
2025-10-29 08:00:00,0.42,0.42,0.42,ARI,25NOV03ARIDAL,0.51,0.79
2025-10-29 09:00:00,0.42,0.42,0.42,ARI,25NOV03ARIDAL,0.51,0.79
2025-10-29 10:00:00,0.42,0.42,0.42,ARI,25NOV03ARIDAL,0.51,0.79
2025-10-29 11:00:00,0.42,0.42,0.42,ARI,25NOV03ARIDAL,0.51,0.79
2025-10-29 12:00:00,0.42,0.42,0.42,ARI,25NOV03ARIDAL,0.51,0.79
2025-10-29 13:00:00,0.42,0.42,0.42,ARI,25NOV03ARIDAL,0.51,0.79
2025-10-29 14:00:00,0.42,0.42,0.42,ARI,25NOV03ARIDAL,0.51,0.79
2025-10-29 15:00:00,0.42,0.42,0.42,ARI,25NOV03ARIDAL,0.51,0.79
2025-10-29 16:00:00,0.43,0.43,0.42,ARI,25NOV03ARIDAL,0.51,0.79
2025-10-29 17:00:00,0.42,0.42,0.42,ARI,25NOV03ARIDAL,0.51,0.79
2025-10-29 18:00:00,0.43,0.43,0.43,ARI,25NOV03ARIDAL,0.51,0.79
2025-10-29 19:00:00,0.41,0.43,0.41,ARI,25NOV03ARIDAL,0.51,0.79
2025-10-29 20:00:00,0.43,0.43,0.41,ARI,25NOV03ARIDAL,0.51,0.79
2025-10-29 21:00:00,0.43,0.43,0.43,ARI,25NOV03ARIDAL,0.51,0.79
2025-10-29 22:00:00,0.43,0.43,0.43,ARI,25NOV03ARIDAL,0.51,0.79
2025-10-29 23:00:00,0.43,0.43,0.43,ARI,25NOV03ARIDAL,0.51,0.79
2025-10-30 00:00:00,0.43,0.43,0.43,ARI,25NOV03ARIDAL,0.51,0.79
2025-10-30 01:00:00,0.43,0.43,0.43,ARI,25NOV03ARIDAL,0.42,0.79
2025-10-30 02:00:00,0.43,0.43,0.43,ARI,25NOV03ARIDAL,0.42,0.79
2025-10-30 03:00:00,0.43,0.43,0.43,ARI,25NOV03ARIDAL,0.42,0.79
2025-10-30 04:00:00,0.43,0.43,0.43,ARI,25NOV03ARIDAL,0.42,0.79
2025-10-30 05:00:00,0.43,0.43,0.43,ARI,25NOV03ARIDAL,0.42,0.79
2025-10-30 06:00:00,0.42,0.43,0.42,ARI,25NOV03ARIDAL,0.42,0.79
2025-10-30 07:00:00,0.43,0.43,0.43,ARI,25NOV03ARIDAL,0.42,0.79
2025-10-30 08:00:00,0.43,0.43,0.43,ARI,25NOV03ARIDAL,0.42,0.79
2025-10-30 09:00:00,0.43,0.43,0.43,ARI,25NOV03ARIDAL,0.42,0.79
2025-10-30 10:00:00,0.43,0.43,0.43,ARI,25NOV03ARIDAL,0.42,0.79
2025-10-30 11:00:00,0.43,0.43,0.43,ARI,25NOV03ARIDAL,0.42,0.79
2025-10-30 12:00:00,0.43,0.43,0.43,ARI,25NOV03ARIDAL,-0.58,0.79
2025-10-30 13:00:00,0.42,0.43,0.42,ARI,25NOV03ARIDAL,-0.58,0.79
2025-10-30 14:00:00,0.43,0.43,0.42,ARI,25NOV03ARIDAL,-0.58,0.79
2025-10-30 15:00:00,0.43,0.43,0.42,ARI,25NOV03ARIDAL,-0.58,0.79
2025-10-30 16:00:00,0.43,0.43,0.42,ARI,25NOV03ARIDAL,-0.58,0.79
2025-10-30 17:00:00,0.43,0.43,0.43,ARI,25NOV03ARIDAL,-0.58,0.79
2025-10-30 18:00:00,0.44,0.44,0.44,ARI,25NOV03ARIDAL,-0.58,0.79
2025-10-30 19:00:00,0.44,0.44,0.44,ARI,25NOV03ARIDAL,-0.67,0.08
2025-10-30 20:00:00,0.44,0.44,0.44,ARI,25NOV03ARIDAL,-0.62,0.03
2025-10-30 21:00:00,0.44,0.44,0.44,ARI,25NOV03ARIDAL,0.5,0.03
2025-10-30 22:00:00,0.44,0.44,0.44,ARI,25NOV03ARIDAL,0.5,0.03
2025-10-30 23:00:00,0.44,0.44,0.44,ARI,25NOV03ARIDAL,0.5,0.03
2025-10-31 00:00:00,0.44,0.44,0.44,ARI,25NOV03ARIDAL,0.5,0.03
2025-10-31 01:00:00,0.44,0.44,0.43,ARI,25NOV03ARIDAL,-0.6,0.03
2025-10-31 02:00:00,0.44,0.44,0.44,ARI,25NOV03ARIDAL,-0.6,0.03
2025-10-31 03:00:00,0.44,0.44,0.43,ARI,25NOV03ARIDAL,-0.6,0.03
2025-10-31 04:00:00,0.42,0.44,0.42,ARI,25NOV03ARIDAL,-0.6,0.03
2025-10-31 05:00:00,0.44,0.44,0.44,ARI,25NOV03ARIDAL,-0.6,0.03
2025-10-31 06:00:00,0.42,0.44,0.42,ARI,25NOV03ARIDAL,-0.6,0.03
2025-10-31 07:00:00,0.44,0.44,0.44,ARI,25NOV03ARIDAL,-0.6,0.03
2025-10-31 08:00:00,0.44,0.44,0.44,ARI,25NOV03ARIDAL,-0.6,0.03
2025-10-31 09:00:00,0.44,0.44,0.44,ARI,25NOV03ARIDAL,-0.6,0.03
2025-10-31 10:00:00,0.44,0.44,0.44,ARI,25NOV03ARIDAL,-0.6,0.03
2025-10-31 11:00:00,0.44,0.44,0.44,ARI,25NOV03ARIDAL,-0.6,0.03
2025-10-31 12:00:00,0.44,0.44,0.44,ARI,25NOV03ARIDAL,-0.6,0.03
2025-10-31 13:00:00,0.44,0.44,0.44,ARI,25NOV03ARIDAL,-0.6,0.03
2025-10-31 14:00:00,0.44,0.44,0.44,ARI,25NOV03ARIDAL,-0.6,0.03
2025-10-31 15:00:00,0.44,0.44,0.44,ARI,25NOV03ARIDAL,-0.6,0.03
2025-10-31 16:00:00,0.44,0.44,0.44,ARI,25NOV03ARIDAL,-0.6,0.03
2025-10-31 17:00:00,0.44,0.44,0.44,ARI,25NOV03ARIDAL,-0.6,0.03
2025-10-31 18:00:00,0.44,0.44,0.44,ARI,25NOV03ARIDAL,-0.6,0.03
2025-10-31 19:00:00,0.43,0.44,0.43,ARI,25NOV03ARIDAL,-0.6,0.03
2025-10-31 20:00:00,0.43,0.43,0.43,ARI,25NOV03ARIDAL,-0.6,0.03
2025-10-31 21:00:00,0.43,0.43,0.42,ARI,25NOV03ARIDAL,-0.6,0.03
2025-10-31 22:00:00,0.41,0.42,0.41,ARI,25NOV03ARIDAL,-0.6,0.03
2025-10-31 23:00:00,0.4,0.42,0.4,ARI,25NOV03ARIDAL,-0.6,0.03
2025-11-01 00:00:00,0.41,0.41,0.41,ARI,25NOV03ARIDAL,-0.6,0.03
2025-11-01 01:00:00,0.41,0.41,0.4,ARI,25NOV03ARIDAL,-0.6,0.03
2025-11-01 02:00:00,0.42,0.42,0.42,ARI,25NOV03ARIDAL,-0.6,0.03
2025-11-01 03:00:00,0.41,0.41,0.41,ARI,25NOV03ARIDAL,-0.6,0.03
2025-11-01 04:00:00,0.4,0.4,0.4,ARI,25NOV03ARIDAL,-0.6,0.03
2025-11-01 05:00:00,0.41,0.41,0.41,ARI,25NOV03ARIDAL,-0.6,0.03
2025-11-01 06:00:00,0.41,0.41,0.41,ARI,25NOV03ARIDAL,-0.6,0.03
2025-11-01 07:00:00,0.41,0.41,0.41,ARI,25NOV03ARIDAL,-0.6,0.03
2025-11-01 08:00:00,0.41,0.41,0.41,ARI,25NOV03ARIDAL,-0.6,0.03
2025-11-01 09:00:00,0.41,0.41,0.41,ARI,25NOV03ARIDAL,-0.6,0.03
2025-11-01 10:00:00,0.41,0.41,0.41,ARI,25NOV03ARIDAL,-0.6,0.03
2025-11-01 11:00:00,0.41,0.41,0.41,ARI,25NOV03ARIDAL,-0.6,0.03
2025-11-01 12:00:00,0.41,0.41,0.41,ARI,25NOV03ARIDAL,-0.6,0.03
2025-11-01 13:00:00,0.42,0.42,0.42,ARI,25NOV03ARIDAL,-0.6,0.03
2025-11-01 14:00:00,0.42,0.42,0.42,ARI,25NOV03ARIDAL,-0.6,0.03
2025-11-01 15:00:00,0.41,0.41,0.41,ARI,25NOV03ARIDAL,-0.6,0.03
2025-11-01 16:00:00,0.42,0.42,0.42,ARI,25NOV03ARIDAL,-0.76,0.07
2025-11-01 17:00:00,0.41,0.42,0.4,ARI,25NOV03ARIDAL,-0.7,0.06
2025-11-01 18:00:00,0.41,0.41,0.4,ARI,25NOV03ARIDAL,-0.7,0.06
2025-11-01 19:00:00,0.41,0.41,0.4,ARI,25NOV03ARIDAL,-0.74,0.06
2025-11-01 20:00:00,0.4,0.41,0.4,ARI,25NOV03ARIDAL,-0.74,0.06
2025-11-01 21:00:00,0.4,0.41,0.4,ARI,25NOV03ARIDAL,-0.74,0.06
2025-11-01 22:00:00,0.4,0.41,0.4,ARI,25NOV03ARIDAL,-0.74,0.06
2025-11-01 23:00:00,0.41,0.41,0.4,ARI,25NOV03ARIDAL,-0.74,0.06
2025-11-02 00:00:00,0.41,0.41,0.4,ARI,25NOV03ARIDAL,-0.74,0.06
2025-11-02 01:00:00,0.4,0.41,0.4,ARI,25NOV03ARIDAL,-0.74,0.06
2025-11-02 02:00:00,0.39,0.4,0.39,ARI,25NOV03ARIDAL,-0.74,0.06
2025-11-02 03:00:00,0.39,0.4,0.39,ARI,25NOV03ARIDAL,-0.74,0.06
2025-11-02 04:00:00,0.4,0.4,0.4,ARI,25NOV03ARIDAL,-0.74,0.06
2025-11-02 05:00:00,0.39,0.4,0.39,ARI,25NOV03ARIDAL,-0.74,0.06
2025-11-02 06:00:00,0.4,0.4,0.39,ARI,25NOV03ARIDAL,-0.74,0.06
2025-11-02 07:00:00,0.4,0.4,0.39,ARI,25NOV03ARIDAL,-0.74,0.06
2025-11-02 08:00:00,0.4,0.4,0.4,ARI,25NOV03ARIDAL,-0.74,0.06
2025-11-02 09:00:00,0.4,0.4,0.4,ARI,25NOV03ARIDAL,-0.74,0.06
2025-11-02 10:00:00,0.4,0.4,0.4,ARI,25NOV03ARIDAL,-0.74,0.06
2025-11-02 11:00:00,0.4,0.4,0.4,ARI,25NOV03ARIDAL,-0.74,0.06
2025-11-02 12:00:00,0.4,0.4,0.4,ARI,25NOV03ARIDAL,-0.74,0.06
2025-11-02 13:00:00,0.4,0.4,0.4,ARI,25NOV03ARIDAL,-0.74,0.06
2025-11-02 14:00:00,0.4,0.4,0.39,ARI,25NOV03ARIDAL,-0.74,0.06
2025-11-02 15:00:00,0.4,0.4,0.39,ARI,25NOV03ARIDAL,-0.74,0.06
2025-11-02 16:00:00,0.4,0.4,0.39,ARI,25NOV03ARIDAL,-0.74,0.06
2025-11-02 17:00:00,0.4,0.4,0.38,ARI,25NOV03ARIDAL,-0.74,0.06
2025-11-02 18:00:00,0.4,0.4,0.39,ARI,25NOV03ARIDAL,-0.74,0.06
2025-11-02 19:00:00,0.4,0.4,0.4,ARI,25NOV03ARIDAL,-0.74,0.06
2025-11-02 20:00:00,0.4,0.4,0.39,ARI,25NOV03ARIDAL,-0.74,0.06
2025-11-02 21:00:00,0.39,0.4,0.39,ARI,25NOV03ARIDAL,-0.74,0.06
2025-11-02 22:00:00,0.4,0.4,0.39,ARI,25NOV03ARIDAL,-0.74,0.06
2025-11-02 23:00:00,0.4,0.4,0.39,ARI,25NOV03ARIDAL,-0.6,0.06
2025-11-03 00:00:00,0.4,0.4,0.39,ARI,25NOV03ARIDAL,-0.6,0.06
2025-11-03 01:00:00,0.4,0.4,0.39,ARI,25NOV03ARIDAL,-0.6,0.06
2025-11-03 02:00:00,0.4,0.4,0.38,ARI,25NOV03ARIDAL,-0.6,0.06
2025-11-03 03:00:00,0.39,0.4,0.38,ARI,25NOV03ARIDAL,0.58,0.06
2025-11-03 04:00:00,0.4,0.4,0.38,ARI,25NOV03ARIDAL,0.58,0.06
2025-11-03 05:00:00,0.4,0.4,0.38,ARI,25NOV03ARIDAL,0.58,0.06
2025-11-03 06:00:00,0.4,0.4,0.38,ARI,25NOV03ARIDAL,0.58,0.06
2025-11-03 07:00:00,0.4,0.4,0.38,ARI,25NOV03ARIDAL,-0.54,0.06
2025-11-03 08:00:00,0.4,0.4,0.38,ARI,25NOV03ARIDAL,0.51,0.06
2025-11-03 09:00:00,0.4,0.4,0.4,ARI,25NOV03ARIDAL,0.51,0.06
2025-11-03 10:00:00,0.4,0.4,0.4,ARI,25NOV03ARIDAL,0.51,0.06
2025-11-03 11:00:00,0.4,0.4,0.38,ARI,25NOV03ARIDAL,0.51,0.06
2025-11-03 12:00:00,0.4,0.4,0.38,ARI,25NOV03ARIDAL,0.51,0.06
2025-11-03 13:00:00,0.4,0.4,0.38,ARI,25NOV03ARIDAL,-0.51,0.06
2025-11-03 14:00:00,0.39,0.4,0.38,ARI,25NOV03ARIDAL,-0.51,0.06
2025-11-03 15:00:00,0.4,0.4,0.39,ARI,25NOV03ARIDAL,-0.51,0.06
2025-11-03 16:00:00,0.4,0.4,0.38,ARI,25NOV03ARIDAL,-0.0,0.77
2025-11-03 17:00:00,0.4,0.4,0.38,ARI,25NOV03ARIDAL,-0.0,0.77
2025-11-03 18:00:00,0.39,0.4,0.38,ARI,25NOV03ARIDAL,-0.0,0.77
2025-11-03 19:00:00,0.39,0.39,0.38,ARI,25NOV03ARIDAL,-0.0,0.77
2025-11-03 20:00:00,0.38,0.39,0.37,ARI,25NOV03ARIDAL,-0.0,0.77
2025-11-03 21:00:00,0.38,0.38,0.37,ARI,25NOV03ARIDAL,-0.55,0.03
2025-11-03 22:00:00,0.38,0.38,0.37,ARI,25NOV03ARIDAL,-0.55,0.03
2025-11-03 23:00:00,0.38,0.38,0.37,ARI,25NOV03ARIDAL,-0.48,0.03
2025-11-04 00:00:00,0.37,0.38,0.36,ARI,25NOV03ARIDAL,-0.48,0.03
2025-11-04 01:00:00,0.37,0.37,0.36,ARI,25NOV03ARIDAL,-0.47,0.01
2025-11-04 02:00:00,0.63,0.67,0.28,ARI,25NOV03ARIDAL,-0.47,0.01
2025-11-04 03:00:00,0.82,0.86,0.41,ARI,25NOV03ARIDAL,0.64,0.08
2025-11-04 04:00:00,0.96,0.98,0.75,ARI,25NOV03ARIDAL,0.5,0.11
2025-10-27 01:00:00,0.56,0.56,0.55,KC,25NOV02KCBUF,0.0,0.78
2025-10-27 02:00:00,0.56,0.56,0.55,KC,25NOV02KCBUF,0.0,0.78
2025-10-27 03:00:00,0.54,0.56,0.54,KC,25NOV02KCBUF,0.0,0.78
2025-10-27 04:00:00,0.56,0.56,0.54,KC,25NOV02KCBUF,0.0,0.78
2025-10-27 05:00:00,0.56,0.56,0.53,KC,25NOV02KCBUF,-0.4,0.78
2025-10-27 06:00:00,0.55,0.56,0.54,KC,25NOV02KCBUF,-0.4,0.78
2025-10-27 07:00:00,0.55,0.55,0.55,KC,25NOV02KCBUF,-0.4,0.78
2025-10-27 08:00:00,0.55,0.55,0.55,KC,25NOV02KCBUF,-0.4,0.78
2025-10-27 09:00:00,0.55,0.55,0.55,KC,25NOV02KCBUF,-0.4,0.78
2025-10-27 10:00:00,0.55,0.55,0.55,KC,25NOV02KCBUF,-0.4,0.78
2025-10-27 11:00:00,0.55,0.55,0.55,KC,25NOV02KCBUF,-0.4,0.78
2025-10-27 12:00:00,0.55,0.55,0.55,KC,25NOV02KCBUF,0.54,0.04
2025-10-27 13:00:00,0.55,0.55,0.54,KC,25NOV02KCBUF,0.54,0.04
2025-10-27 14:00:00,0.55,0.55,0.55,KC,25NOV02KCBUF,0.54,0.04
2025-10-27 15:00:00,0.55,0.55,0.54,KC,25NOV02KCBUF,-0.61,0.04
2025-10-27 16:00:00,0.56,0.56,0.55,KC,25NOV02KCBUF,-0.61,0.04
2025-10-27 17:00:00,0.56,0.56,0.56,KC,25NOV02KCBUF,-0.61,0.04
2025-10-27 18:00:00,0.56,0.56,0.55,KC,25NOV02KCBUF,0.5,0.08
2025-10-27 19:00:00,0.55,0.55,0.54,KC,25NOV02KCBUF,-0.05,0.71
2025-10-27 20:00:00,0.55,0.55,0.55,KC,25NOV02KCBUF,-0.34,0.59
2025-10-27 21:00:00,0.55,0.55,0.55,KC,25NOV02KCBUF,0.43,0.59
2025-10-27 22:00:00,0.55,0.55,0.55,KC,25NOV02KCBUF,-0.1,0.44
2025-10-27 23:00:00,0.54,0.55,0.54,KC,25NOV02KCBUF,-0.1,0.44
2025-10-28 00:00:00,0.54,0.55,0.54,KC,25NOV02KCBUF,-0.02,0.55
2025-10-28 01:00:00,0.54,0.55,0.54,KC,25NOV02KCBUF,-0.02,0.55
2025-10-28 02:00:00,0.54,0.55,0.54,KC,25NOV02KCBUF,0.06,0.59
2025-10-28 03:00:00,0.55,0.55,0.54,KC,25NOV02KCBUF,0.22,0.56
2025-10-28 04:00:00,0.55,0.55,0.53,KC,25NOV02KCBUF,0.19,0.54
2025-10-28 05:00:00,0.55,0.55,0.55,KC,25NOV02KCBUF,-0.08,0.64
2025-10-28 06:00:00,0.55,0.55,0.55,KC,25NOV02KCBUF,0.16,0.53
2025-10-28 07:00:00,0.55,0.55,0.55,KC,25NOV02KCBUF,0.53,0.05
2025-10-28 08:00:00,0.55,0.55,0.55,KC,25NOV02KCBUF,0.44,0.04
2025-10-28 09:00:00,0.55,0.55,0.55,KC,25NOV02KCBUF,0.04,0.93
2025-10-28 10:00:00,0.54,0.55,0.54,KC,25NOV02KCBUF,-0.17,0.74
2025-10-28 11:00:00,0.54,0.55,0.54,KC,25NOV02KCBUF,0.63,0.02
2025-10-28 12:00:00,0.55,0.55,0.55,KC,25NOV02KCBUF,0.0,0.61
2025-10-28 13:00:00,0.55,0.55,0.55,KC,25NOV02KCBUF,0.37,0.54
2025-10-28 14:00:00,0.54,0.55,0.54,KC,25NOV02KCBUF,0.33,0.46
2025-10-28 15:00:00,0.55,0.55,0.54,KC,25NOV02KCBUF,0.49,0.45
2025-10-28 16:00:00,0.55,0.55,0.54,KC,25NOV02KCBUF,0.56,0.28
2025-10-28 17:00:00,0.55,0.55,0.54,KC,25NOV02KCBUF,0.62,0.07
2025-10-28 18:00:00,0.55,0.55,0.54,KC,25NOV02KCBUF,0.56,0.28
2025-10-28 19:00:00,0.55,0.55,0.55,KC,25NOV02KCBUF,0.47,0.35
2025-10-28 20:00:00,0.53,0.55,0.53,KC,25NOV02KCBUF,0.63,0.07
2025-10-28 21:00:00,0.55,0.55,0.53,KC,25NOV02KCBUF,0.46,0.38
2025-10-28 22:00:00,0.55,0.55,0.55,KC,25NOV02KCBUF,0.37,0.64
2025-10-28 23:00:00,0.55,0.55,0.54,KC,25NOV02KCBUF,0.57,0.17
2025-10-29 00:00:00,0.55,0.55,0.55,KC,25NOV02KCBUF,0.04,0.82
2025-10-29 01:00:00,0.55,0.55,0.54,KC,25NOV02KCBUF,0.53,0.04
2025-10-29 02:00:00,0.54,0.55,0.54,KC,25NOV02KCBUF,0.56,0.06
2025-10-29 03:00:00,0.55,0.55,0.54,KC,25NOV02KCBUF,0.49,0.07
2025-10-29 04:00:00,0.54,0.55,0.54,KC,25NOV02KCBUF,0.53,0.07
2025-10-29 05:00:00,0.55,0.55,0.55,KC,25NOV02KCBUF,0.55,0.07
2025-10-29 06:00:00,0.54,0.55,0.54,KC,25NOV02KCBUF,0.55,0.07
2025-10-29 07:00:00,0.55,0.55,0.54,KC,25NOV02KCBUF,0.44,0.07
2025-10-29 08:00:00,0.55,0.55,0.55,KC,25NOV02KCBUF,-0.51,0.07
2025-10-29 09:00:00,0.55,0.55,0.54,KC,25NOV02KCBUF,0.49,0.07
2025-10-29 10:00:00,0.55,0.55,0.54,KC,25NOV02KCBUF,0.49,0.07
2025-10-29 11:00:00,0.55,0.55,0.55,KC,25NOV02KCBUF,0.49,0.07
2025-10-29 12:00:00,0.55,0.55,0.55,KC,25NOV02KCBUF,0.46,0.07
2025-10-29 13:00:00,0.55,0.55,0.54,KC,25NOV02KCBUF,0.55,0.07
2025-10-29 14:00:00,0.55,0.55,0.54,KC,25NOV02KCBUF,0.47,0.07
2025-10-29 15:00:00,0.55,0.55,0.55,KC,25NOV02KCBUF,0.04,0.72
2025-10-29 16:00:00,0.55,0.55,0.54,KC,25NOV02KCBUF,0.59,0.05
2025-10-29 17:00:00,0.53,0.55,0.53,KC,25NOV02KCBUF,-0.18,0.77
2025-10-29 18:00:00,0.54,0.55,0.54,KC,25NOV02KCBUF,0.23,0.7
2025-10-29 19:00:00,0.55,0.55,0.55,KC,25NOV02KCBUF,0.26,0.64
2025-10-29 20:00:00,0.55,0.55,0.54,KC,25NOV02KCBUF,0.57,0.29
2025-10-29 21:00:00,0.55,0.55,0.54,KC,25NOV02KCBUF,0.6,0.1
2025-10-29 22:00:00,0.55,0.55,0.54,KC,25NOV02KCBUF,0.59,0.01
2025-10-29 23:00:00,0.55,0.55,0.55,KC,25NOV02KCBUF,0.55,0.11
2025-10-30 00:00:00,0.55,0.55,0.55,KC,25NOV02KCBUF,0.59,0.05
2025-10-30 01:00:00,0.55,0.55,0.54,KC,25NOV02KCBUF,0.51,0.03
2025-10-30 02:00:00,0.55,0.55,0.55,KC,25NOV02KCBUF,0.65,0.07
2025-10-30 03:00:00,0.55,0.55,0.53,KC,25NOV02KCBUF,-0.02,0.84
2025-10-30 04:00:00,0.55,0.55,0.53,KC,25NOV02KCBUF,-0.02,0.84
2025-10-30 05:00:00,0.54,0.55,0.54,KC,25NOV02KCBUF,0.64,0.84
2025-10-30 06:00:00,0.55,0.55,0.54,KC,25NOV02KCBUF,0.6,0.84
2025-10-30 07:00:00,0.53,0.55,0.53,KC,25NOV02KCBUF,0.45,0.84
2025-10-30 08:00:00,0.53,0.55,0.53,KC,25NOV02KCBUF,0.45,0.84
2025-10-30 09:00:00,0.53,0.55,0.53,KC,25NOV02KCBUF,0.54,0.84
2025-10-30 10:00:00,0.55,0.55,0.55,KC,25NOV02KCBUF,0.54,0.84
2025-10-30 11:00:00,0.55,0.55,0.55,KC,25NOV02KCBUF,0.54,0.84
2025-10-30 12:00:00,0.55,0.55,0.55,KC,25NOV02KCBUF,0.54,0.84
2025-10-30 13:00:00,0.55,0.55,0.53,KC,25NOV02KCBUF,-0.11,0.71
2025-10-30 14:00:00,0.55,0.55,0.53,KC,25NOV02KCBUF,0.02,0.63
2025-10-30 15:00:00,0.55,0.55,0.53,KC,25NOV02KCBUF,0.5,0.04
2025-10-30 16:00:00,0.55,0.55,0.55,KC,25NOV02KCBUF,0.39,0.42
2025-10-30 17:00:00,0.55,0.55,0.54,KC,25NOV02KCBUF,0.21,0.58
2025-10-30 18:00:00,0.55,0.55,0.54,KC,25NOV02KCBUF,0.14,0.61
2025-10-30 19:00:00,0.55,0.55,0.54,KC,25NOV02KCBUF,0.19,0.74
2025-10-30 20:00:00,0.55,0.55,0.55,KC,25NOV02KCBUF,0.35,0.42
2025-10-30 21:00:00,0.55,0.55,0.55,KC,25NOV02KCBUF,0.17,0.5
2025-10-30 22:00:00,0.55,0.55,0.54,KC,25NOV02KCBUF,0.16,0.53
2025-10-30 23:00:00,0.55,0.55,0.55,KC,25NOV02KCBUF,-0.1,0.81
2025-10-31 00:00:00,0.55,0.55,0.54,KC,25NOV02KCBUF,0.58,0.81
2025-10-31 01:00:00,0.55,0.55,0.54,KC,25NOV02KCBUF,0.52,0.81
2025-10-31 02:00:00,0.55,0.55,0.54,KC,25NOV02KCBUF,0.49,0.05
2025-10-31 03:00:00,0.55,0.55,0.54,KC,25NOV02KCBUF,-0.04,0.73
2025-10-31 04:00:00,0.55,0.55,0.55,KC,25NOV02KCBUF,0.42,0.02
2025-10-31 05:00:00,0.55,0.55,0.55,KC,25NOV02KCBUF,0.42,0.02
2025-10-31 06:00:00,0.55,0.55,0.54,KC,25NOV02KCBUF,0.42,0.02
2025-10-31 07:00:00,0.55,0.55,0.55,KC,25NOV02KCBUF,0.42,0.02
2025-10-31 08:00:00,0.55,0.55,0.55,KC,25NOV02KCBUF,0.42,0.02
2025-10-31 09:00:00,0.55,0.55,0.55,KC,25NOV02KCBUF,0.42,0.02
2025-10-31 10:00:00,0.55,0.55,0.55,KC,25NOV02KCBUF,-0.54,0.02
2025-10-31 11:00:00,0.55,0.55,0.55,KC,25NOV02KCBUF,-0.54,0.02
2025-10-31 12:00:00,0.55,0.55,0.55,KC,25NOV02KCBUF,-0.54,0.02
2025-10-31 13:00:00,0.55,0.55,0.54,KC,25NOV02KCBUF,0.44,0.02
2025-10-31 14:00:00,0.55,0.55,0.54,KC,25NOV02KCBUF,0.19,0.56
2025-10-31 15:00:00,0.55,0.55,0.54,KC,25NOV02KCBUF,0.53,0.04
2025-10-31 16:00:00,0.55,0.55,0.55,KC,25NOV02KCBUF,0.01,0.62
2025-10-31 17:00:00,0.55,0.55,0.54,KC,25NOV02KCBUF,0.32,0.57
2025-10-31 18:00:00,0.55,0.55,0.54,KC,25NOV02KCBUF,0.33,0.58
2025-10-31 19:00:00,0.55,0.55,0.54,KC,25NOV02KCBUF,0.58,0.1
2025-10-31 20:00:00,0.55,0.55,0.54,KC,25NOV02KCBUF,0.52,0.0
2025-10-31 21:00:00,0.55,0.55,0.54,KC,25NOV02KCBUF,0.5,0.02
2025-10-31 22:00:00,0.55,0.55,0.54,KC,25NOV02KCBUF,-0.53,0.02
2025-10-31 23:00:00,0.55,0.55,0.54,KC,25NOV02KCBUF,-0.49,0.48
2025-11-01 00:00:00,0.55,0.55,0.54,KC,25NOV02KCBUF,-0.65,0.05
2025-11-01 01:00:00,0.55,0.55,0.53,KC,25NOV02KCBUF,-0.06,0.7
2025-11-01 02:00:00,0.55,0.55,0.53,KC,25NOV02KCBUF,0.49,0.0
2025-11-01 03:00:00,0.55,0.55,0.53,KC,25NOV02KCBUF,-0.58,0.0
2025-11-01 04:00:00,0.55,0.55,0.53,KC,25NOV02KCBUF,0.49,0.0
2025-11-01 05:00:00,0.55,0.55,0.55,KC,25NOV02KCBUF,-0.06,0.7
2025-11-01 06:00:00,0.55,0.55,0.55,KC,25NOV02KCBUF,-0.06,0.7
2025-11-01 07:00:00,0.55,0.55,0.55,KC,25NOV02KCBUF,0.4,0.7
2025-11-01 08:00:00,0.55,0.55,0.55,KC,25NOV02KCBUF,0.4,0.7
2025-11-01 09:00:00,0.55,0.55,0.55,KC,25NOV02KCBUF,0.49,0.7
2025-11-01 10:00:00,0.55,0.55,0.55,KC,25NOV02KCBUF,0.49,0.7
2025-11-01 11:00:00,0.55,0.55,0.55,KC,25NOV02KCBUF,0.43,0.7
2025-11-01 12:00:00,0.55,0.55,0.54,KC,25NOV02KCBUF,0.14,0.52
2025-11-01 13:00:00,0.55,0.55,0.55,KC,25NOV02KCBUF,0.14,0.52
2025-11-01 14:00:00,0.55,0.55,0.54,KC,25NOV02KCBUF,0.14,0.52
2025-11-01 15:00:00,0.55,0.55,0.54,KC,25NOV02KCBUF,0.14,0.52
2025-11-01 16:00:00,0.55,0.55,0.54,KC,25NOV02KCBUF,-0.55,0.06
2025-11-01 17:00:00,0.55,0.55,0.54,KC,25NOV02KCBUF,0.25,0.83
2025-11-01 18:00:00,0.54,0.55,0.54,KC,25NOV02KCBUF,0.07,0.64
2025-11-01 19:00:00,0.55,0.55,0.54,KC,25NOV02KCBUF,0.07,0.64
2025-11-01 20:00:00,0.55,0.55,0.54,KC,25NOV02KCBUF,0.07,0.64
2025-11-01 21:00:00,0.55,0.55,0.55,KC,25NOV02KCBUF,0.07,0.64
2025-11-01 22:00:00,0.55,0.55,0.54,KC,25NOV02KCBUF,0.07,0.64
2025-11-01 23:00:00,0.54,0.55,0.54,KC,25NOV02KCBUF,0.07,0.64
2025-11-02 00:00:00,0.55,0.55,0.54,KC,25NOV02KCBUF,-0.52,0.64
2025-11-02 01:00:00,0.54,0.55,0.54,KC,25NOV02KCBUF,-0.41,0.64
2025-11-02 02:00:00,0.55,0.55,0.54,KC,25NOV02KCBUF,-0.41,0.64
2025-11-02 03:00:00,0.55,0.55,0.54,KC,25NOV02KCBUF,0.52,0.64
2025-11-02 04:00:00,0.55,0.55,0.54,KC,25NOV02KCBUF,0.54,0.09
2025-11-02 05:00:00,0.55,0.55,0.54,KC,25NOV02KCBUF,0.54,0.09
2025-11-02 06:00:00,0.55,0.55,0.54,KC,25NOV02KCBUF,0.52,0.09
2025-11-02 07:00:00,0.55,0.55,0.54,KC,25NOV02KCBUF,0.5,0.09
2025-11-02 08:00:00,0.54,0.55,0.54,KC,25NOV02KCBUF,0.5,0.09
2025-11-02 09:00:00,0.55,0.55,0.55,KC,25NOV02KCBUF,0.5,0.09
2025-11-02 10:00:00,0.55,0.55,0.54,KC,25NOV02KCBUF,0.5,0.09
2025-11-02 11:00:00,0.55,0.55,0.55,KC,25NOV02KCBUF,0.5,0.09
2025-11-02 12:00:00,0.55,0.55,0.54,KC,25NOV02KCBUF,0.63,0.09
2025-11-02 13:00:00,0.55,0.55,0.54,KC,25NOV02KCBUF,0.34,0.45
2025-11-02 14:00:00,0.55,0.55,0.54,KC,25NOV02KCBUF,-0.13,0.52
2025-11-02 15:00:00,0.55,0.55,0.54,KC,25NOV02KCBUF,0.26,0.55
2025-11-02 16:00:00,0.55,0.55,0.54,KC,25NOV02KCBUF,0.18,0.57
2025-11-02 17:00:00,0.55,0.55,0.54,KC,25NOV02KCBUF,0.32,0.55
2025-11-02 18:00:00,0.55,0.55,0.54,KC,25NOV02KCBUF,0.23,0.6
2025-11-02 19:00:00,0.55,0.55,0.54,KC,25NOV02KCBUF,0.5,0.07
2025-11-02 20:00:00,0.55,0.55,0.54,KC,25NOV02KCBUF,0.53,0.06
2025-11-02 21:00:00,0.56,0.56,0.54,KC,25NOV02KCBUF,0.53,0.06
2025-11-02 22:00:00,0.58,0.65,0.35,KC,25NOV02KCBUF,0.58,0.08
2025-11-02 23:00:00,0.35,0.66,0.27,KC,25NOV02KCBUF,0.21,0.65
2025-11-03 00:00:00,0.18,0.35,0.07,KC,25NOV02KCBUF,0.17,0.67
2025-10-27 01:00:00,0.47,0.47,0.47,BUF,25NOV02KCBUF,0.32,0.48
2025-10-27 02:00:00,0.47,0.47,0.47,BUF,25NOV02KCBUF,0.4,0.53
2025-10-27 03:00:00,0.47,0.47,0.46,BUF,25NOV02KCBUF,0.07,0.65
2025-10-27 04:00:00,0.47,0.47,0.47,BUF,25NOV02KCBUF,0.19,0.71
2025-10-27 05:00:00,0.46,0.48,0.45,BUF,25NOV02KCBUF,0.62,0.71
2025-10-27 06:00:00,0.47,0.47,0.46,BUF,25NOV02KCBUF,0.62,0.71
2025-10-27 07:00:00,0.48,0.48,0.47,BUF,25NOV02KCBUF,0.62,0.71
2025-10-27 08:00:00,0.47,0.48,0.47,BUF,25NOV02KCBUF,0.46,0.71
2025-10-27 09:00:00,0.47,0.48,0.47,BUF,25NOV02KCBUF,0.46,0.71
2025-10-27 10:00:00,0.47,0.47,0.46,BUF,25NOV02KCBUF,0.04,0.86
2025-10-27 11:00:00,0.47,0.47,0.46,BUF,25NOV02KCBUF,-0.53,0.86
2025-10-27 12:00:00,0.47,0.47,0.46,BUF,25NOV02KCBUF,0.39,0.45
2025-10-27 13:00:00,0.49,0.49,0.47,BUF,25NOV02KCBUF,-0.18,0.64
2025-10-27 14:00:00,0.49,0.49,0.49,BUF,25NOV02KCBUF,-0.39,0.48
2025-10-27 15:00:00,0.49,0.49,0.48,BUF,25NOV02KCBUF,0.12,0.61
2025-10-27 16:00:00,0.48,0.49,0.47,BUF,25NOV02KCBUF,-0.1,0.57
2025-10-27 17:00:00,0.48,0.48,0.48,BUF,25NOV02KCBUF,0.41,0.46
2025-10-27 18:00:00,0.48,0.48,0.48,BUF,25NOV02KCBUF,0.49,0.46
2025-10-27 19:00:00,0.48,0.48,0.48,BUF,25NOV02KCBUF,-0.12,0.61
2025-10-27 20:00:00,0.48,0.48,0.46,BUF,25NOV02KCBUF,0.14,0.61
2025-10-27 21:00:00,0.47,0.48,0.47,BUF,25NOV02KCBUF,-0.12,0.66
2025-10-27 22:00:00,0.48,0.48,0.48,BUF,25NOV02KCBUF,0.22,0.58
2025-10-27 23:00:00,0.48,0.48,0.46,BUF,25NOV02KCBUF,-0.32,0.54
2025-10-28 00:00:00,0.48,0.48,0.48,BUF,25NOV02KCBUF,0.51,0.54
2025-10-28 01:00:00,0.48,0.48,0.47,BUF,25NOV02KCBUF,-0.46,0.54
2025-10-28 02:00:00,0.48,0.48,0.47,BUF,25NOV02KCBUF,0.46,0.54
2025-10-28 03:00:00,0.48,0.48,0.48,BUF,25NOV02KCBUF,0.46,0.54
2025-10-28 04:00:00,0.49,0.49,0.48,BUF,25NOV02KCBUF,-0.49,0.54
2025-10-28 05:00:00,0.48,0.48,0.46,BUF,25NOV02KCBUF,-0.49,0.54
2025-10-28 06:00:00,0.48,0.48,0.47,BUF,25NOV02KCBUF,-0.49,0.54
2025-10-28 07:00:00,0.49,0.49,0.47,BUF,25NOV02KCBUF,-0.02,0.61
2025-10-28 08:00:00,0.49,0.49,0.47,BUF,25NOV02KCBUF,-0.02,0.61
2025-10-28 09:00:00,0.48,0.49,0.47,BUF,25NOV02KCBUF,-0.05,0.79
2025-10-28 10:00:00,0.48,0.48,0.48,BUF,25NOV02KCBUF,-0.05,0.79
2025-10-28 11:00:00,0.48,0.48,0.48,BUF,25NOV02KCBUF,-0.05,0.79
2025-10-28 12:00:00,0.49,0.49,0.48,BUF,25NOV02KCBUF,-0.05,0.79
2025-10-28 13:00:00,0.49,0.49,0.46,BUF,25NOV02KCBUF,0.14,0.55
2025-10-28 14:00:00,0.48,0.49,0.48,BUF,25NOV02KCBUF,-0.05,0.91
2025-10-28 15:00:00,0.48,0.48,0.48,BUF,25NOV02KCBUF,0.52,0.12
2025-10-28 16:00:00,0.47,0.48,0.47,BUF,25NOV02KCBUF,0.41,0.46
2025-10-28 17:00:00,0.47,0.47,0.46,BUF,25NOV02KCBUF,0.0,0.88
2025-10-28 18:00:00,0.47,0.47,0.47,BUF,25NOV02KCBUF,0.0,0.88
2025-10-28 19:00:00,0.47,0.47,0.46,BUF,25NOV02KCBUF,0.38,0.88
2025-10-28 20:00:00,0.47,0.47,0.47,BUF,25NOV02KCBUF,-0.04,0.78
2025-10-28 21:00:00,0.47,0.47,0.46,BUF,25NOV02KCBUF,-0.34,0.59
2025-10-28 22:00:00,0.47,0.47,0.46,BUF,25NOV02KCBUF,-0.58,0.46
2025-10-28 23:00:00,0.47,0.47,0.47,BUF,25NOV02KCBUF,-0.43,0.56
2025-10-29 00:00:00,0.47,0.47,0.47,BUF,25NOV02KCBUF,-0.63,0.05
2025-10-29 01:00:00,0.47,0.47,0.47,BUF,25NOV02KCBUF,-0.57,0.05
2025-10-29 02:00:00,0.47,0.47,0.46,BUF,25NOV02KCBUF,-0.64,0.01
2025-10-29 03:00:00,0.47,0.47,0.46,BUF,25NOV02KCBUF,-0.62,0.01
2025-10-29 04:00:00,0.47,0.47,0.46,BUF,25NOV02KCBUF,-0.62,0.01
2025-10-29 05:00:00,0.47,0.47,0.46,BUF,25NOV02KCBUF,-0.62,0.01
2025-10-29 06:00:00,0.47,0.47,0.47,BUF,25NOV02KCBUF,-0.62,0.01
2025-10-29 07:00:00,0.47,0.47,0.46,BUF,25NOV02KCBUF,-0.62,0.01
2025-10-29 08:00:00,0.47,0.47,0.47,BUF,25NOV02KCBUF,0.48,0.01
2025-10-29 09:00:00,0.47,0.47,0.47,BUF,25NOV02KCBUF,0.48,0.01
2025-10-29 10:00:00,0.47,0.47,0.47,BUF,25NOV02KCBUF,0.48,0.01
2025-10-29 11:00:00,0.47,0.47,0.47,BUF,25NOV02KCBUF,0.48,0.01
2025-10-29 12:00:00,0.47,0.47,0.47,BUF,25NOV02KCBUF,0.48,0.01
2025-10-29 13:00:00,0.47,0.47,0.46,BUF,25NOV02KCBUF,0.48,0.01
2025-10-29 14:00:00,0.47,0.47,0.47,BUF,25NOV02KCBUF,0.48,0.01
2025-10-29 15:00:00,0.46,0.47,0.45,BUF,25NOV02KCBUF,0.48,0.01
2025-10-29 16:00:00,0.46,0.46,0.46,BUF,25NOV02KCBUF,0.44,0.44
2025-10-29 17:00:00,0.46,0.47,0.46,BUF,25NOV02KCBUF,-0.25,0.54
2025-10-29 18:00:00,0.46,0.46,0.45,BUF,25NOV02KCBUF,0.55,0.04
2025-10-29 19:00:00,0.46,0.46,0.45,BUF,25NOV02KCBUF,-0.52,0.04
2025-10-29 20:00:00,0.46,0.46,0.46,BUF,25NOV02KCBUF,-0.03,0.67
2025-10-29 21:00:00,0.47,0.47,0.46,BUF,25NOV02KCBUF,-0.03,0.67
2025-10-29 22:00:00,0.47,0.47,0.47,BUF,25NOV02KCBUF,-0.03,0.67
2025-10-29 23:00:00,0.47,0.47,0.47,BUF,25NOV02KCBUF,-0.58,0.04
2025-10-30 00:00:00,0.47,0.47,0.47,BUF,25NOV02KCBUF,0.15,0.53
2025-10-30 01:00:00,0.47,0.47,0.47,BUF,25NOV02KCBUF,0.57,0.1
2025-10-30 02:00:00,0.47,0.47,0.47,BUF,25NOV02KCBUF,-0.08,0.8
2025-10-30 03:00:00,0.47,0.47,0.47,BUF,25NOV02KCBUF,0.61,0.04
2025-10-30 04:00:00,0.47,0.47,0.47,BUF,25NOV02KCBUF,0.55,0.04
2025-10-30 05:00:00,0.47,0.47,0.47,BUF,25NOV02KCBUF,0.55,0.04
2025-10-30 06:00:00,0.47,0.47,0.47,BUF,25NOV02KCBUF,0.55,0.04
2025-10-30 07:00:00,0.47,0.47,0.47,BUF,25NOV02KCBUF,0.55,0.04
2025-10-30 08:00:00,0.47,0.47,0.47,BUF,25NOV02KCBUF,-0.61,0.04
2025-10-30 09:00:00,0.47,0.47,0.47,BUF,25NOV02KCBUF,-0.5,0.04
2025-10-30 10:00:00,0.47,0.47,0.47,BUF,25NOV02KCBUF,-0.54,0.04
2025-10-30 11:00:00,0.47,0.47,0.47,BUF,25NOV02KCBUF,-0.52,0.04
2025-10-30 12:00:00,0.47,0.47,0.47,BUF,25NOV02KCBUF,-0.49,0.04
2025-10-30 13:00:00,0.47,0.47,0.47,BUF,25NOV02KCBUF,-0.02,0.67
2025-10-30 14:00:00,0.47,0.47,0.46,BUF,25NOV02KCBUF,-0.17,0.6
2025-10-30 15:00:00,0.47,0.47,0.47,BUF,25NOV02KCBUF,0.6,0.05
2025-10-30 16:00:00,0.47,0.47,0.46,BUF,25NOV02KCBUF,-0.52,0.05
2025-10-30 17:00:00,0.47,0.47,0.47,BUF,25NOV02KCBUF,-0.26,0.5
2025-10-30 18:00:00,0.47,0.47,0.47,BUF,25NOV02KCBUF,-0.46,0.5
2025-10-30 19:00:00,0.47,0.47,0.47,BUF,25NOV02KCBUF,-0.54,0.32
2025-10-30 20:00:00,0.47,0.47,0.46,BUF,25NOV02KCBUF,-0.38,0.52
2025-10-30 21:00:00,0.47,0.47,0.46,BUF,25NOV02KCBUF,-0.55,0.06
2025-10-30 22:00:00,0.47,0.47,0.47,BUF,25NOV02KCBUF,0.3,0.7
2025-10-30 23:00:00,0.47,0.47,0.47,BUF,25NOV02KCBUF,-0.52,0.01
2025-10-31 00:00:00,0.47,0.47,0.47,BUF,25NOV02KCBUF,0.55,0.01
2025-10-31 01:00:00,0.47,0.47,0.47,BUF,25NOV02KCBUF,0.18,0.48
2025-10-31 02:00:00,0.47,0.47,0.46,BUF,25NOV02KCBUF,-0.11,0.59
2025-10-31 03:00:00,0.47,0.47,0.46,BUF,25NOV02KCBUF,-0.32,0.59
2025-10-31 04:00:00,0.47,0.47,0.46,BUF,25NOV02KCBUF,0.01,0.58
2025-10-31 05:00:00,0.47,0.47,0.47,BUF,25NOV02KCBUF,0.01,0.58
2025-10-31 06:00:00,0.47,0.47,0.46,BUF,25NOV02KCBUF,0.01,0.58
2025-10-31 07:00:00,0.47,0.47,0.47,BUF,25NOV02KCBUF,0.01,0.58
2025-10-31 08:00:00,0.47,0.47,0.47,BUF,25NOV02KCBUF,0.01,0.58
2025-10-31 09:00:00,0.47,0.47,0.46,BUF,25NOV02KCBUF,0.01,0.58
2025-10-31 10:00:00,0.47,0.47,0.46,BUF,25NOV02KCBUF,0.01,0.58
2025-10-31 11:00:00,0.47,0.47,0.46,BUF,25NOV02KCBUF,-0.01,0.71
2025-10-31 12:00:00,0.47,0.47,0.47,BUF,25NOV02KCBUF,-0.01,0.71
2025-10-31 13:00:00,0.47,0.47,0.46,BUF,25NOV02KCBUF,-0.01,0.71
2025-10-31 14:00:00,0.47,0.47,0.47,BUF,25NOV02KCBUF,-0.01,0.71
2025-10-31 15:00:00,0.47,0.47,0.46,BUF,25NOV02KCBUF,-0.5,0.71
2025-10-31 16:00:00,0.47,0.47,0.46,BUF,25NOV02KCBUF,-0.26,0.62
2025-10-31 17:00:00,0.47,0.47,0.46,BUF,25NOV02KCBUF,-0.29,0.65
2025-10-31 18:00:00,0.47,0.47,0.47,BUF,25NOV02KCBUF,-0.6,0.06
2025-10-31 19:00:00,0.47,0.47,0.46,BUF,25NOV02KCBUF,-0.6,0.06
2025-10-31 20:00:00,0.47,0.47,0.46,BUF,25NOV02KCBUF,-0.04,0.55
2025-10-31 21:00:00,0.46,0.47,0.46,BUF,25NOV02KCBUF,-0.55,0.11
2025-10-31 22:00:00,0.47,0.47,0.46,BUF,25NOV02KCBUF,-0.55,0.11
2025-10-31 23:00:00,0.47,0.47,0.46,BUF,25NOV02KCBUF,0.43,0.06
2025-11-01 00:00:00,0.47,0.47,0.46,BUF,25NOV02KCBUF,0.43,0.06
2025-11-01 01:00:00,0.47,0.47,0.46,BUF,25NOV02KCBUF,-0.57,0.58
2025-11-01 02:00:00,0.47,0.47,0.46,BUF,25NOV02KCBUF,-0.76,0.58
2025-11-01 03:00:00,0.47,0.47,0.46,BUF,25NOV02KCBUF,-0.39,0.58
2025-11-01 04:00:00,0.47,0.47,0.47,BUF,25NOV02KCBUF,-0.39,0.58
2025-11-01 05:00:00,0.47,0.47,0.46,BUF,25NOV02KCBUF,-0.39,0.58
2025-11-01 06:00:00,0.47,0.47,0.47,BUF,25NOV02KCBUF,-0.39,0.58
2025-11-01 07:00:00,0.47,0.47,0.46,BUF,25NOV02KCBUF,-0.39,0.58
2025-11-01 08:00:00,0.47,0.47,0.47,BUF,25NOV02KCBUF,-0.39,0.58
2025-11-01 09:00:00,0.47,0.47,0.47,BUF,25NOV02KCBUF,-0.36,0.58
2025-11-01 10:00:00,0.47,0.47,0.47,BUF,25NOV02KCBUF,-0.36,0.58
2025-11-01 11:00:00,0.47,0.47,0.47,BUF,25NOV02KCBUF,-0.36,0.58
2025-11-01 12:00:00,0.47,0.47,0.47,BUF,25NOV02KCBUF,-0.36,0.58
2025-11-01 13:00:00,0.47,0.47,0.47,BUF,25NOV02KCBUF,-0.36,0.58
2025-11-01 14:00:00,0.47,0.47,0.47,BUF,25NOV02KCBUF,-0.4,0.58
2025-11-01 15:00:00,0.47,0.47,0.47,BUF,25NOV02KCBUF,-0.36,0.58
2025-11-01 16:00:00,0.47,0.47,0.47,BUF,25NOV02KCBUF,-0.36,0.58
2025-11-01 17:00:00,0.47,0.47,0.46,BUF,25NOV02KCBUF,0.16,0.61
2025-11-01 18:00:00,0.47,0.47,0.47,BUF,25NOV02KCBUF,-0.01,0.79
2025-11-01 19:00:00,0.47,0.47,0.46,BUF,25NOV02KCBUF,0.5,0.79
2025-11-01 20:00:00,0.47,0.47,0.46,BUF,25NOV02KCBUF,0.31,0.65
2025-11-01 21:00:00,0.47,0.47,0.47,BUF,25NOV02KCBUF,-0.41,0.52
2025-11-01 22:00:00,0.47,0.47,0.46,BUF,25NOV02KCBUF,-0.26,0.58
2025-11-01 23:00:00,0.47,0.47,0.46,BUF,25NOV02KCBUF,-0.44,0.0
2025-11-02 00:00:00,0.47,0.47,0.46,BUF,25NOV02KCBUF,-0.48,0.0
2025-11-02 01:00:00,0.47,0.47,0.46,BUF,25NOV02KCBUF,0.41,0.65
2025-11-02 02:00:00,0.47,0.47,0.46,BUF,25NOV02KCBUF,-0.34,0.75
2025-11-02 03:00:00,0.47,0.47,0.46,BUF,25NOV02KCBUF,-0.66,0.75
2025-11-02 04:00:00,0.47,0.47,0.46,BUF,25NOV02KCBUF,0.36,0.53
2025-11-02 05:00:00,0.47,0.47,0.46,BUF,25NOV02KCBUF,-0.07,0.63
2025-11-02 06:00:00,0.47,0.47,0.46,BUF,25NOV02KCBUF,-0.0,1.07
2025-11-02 07:00:00,0.47,0.47,0.46,BUF,25NOV02KCBUF,-0.0,1.07
2025-11-02 08:00:00,0.47,0.47,0.47,BUF,25NOV02KCBUF,0.62,1.07
2025-11-02 09:00:00,0.47,0.47,0.47,BUF,25NOV02KCBUF,-0.66,1.07
2025-11-02 10:00:00,0.47,0.47,0.47,BUF,25NOV02KCBUF,-0.6,1.07
2025-11-02 11:00:00,0.47,0.47,0.47,BUF,25NOV02KCBUF,-0.2,0.58
2025-11-02 12:00:00,0.47,0.47,0.46,BUF,25NOV02KCBUF,0.04,0.49
2025-11-02 13:00:00,0.47,0.47,0.47,BUF,25NOV02KCBUF,0.08,0.59
2025-11-02 14:00:00,0.47,0.47,0.46,BUF,25NOV02KCBUF,-0.39,0.59
2025-11-02 15:00:00,0.46,0.47,0.45,BUF,25NOV02KCBUF,-0.5,0.12
2025-11-02 16:00:00,0.46,0.46,0.45,BUF,25NOV02KCBUF,-0.53,0.14
2025-11-02 17:00:00,0.46,0.46,0.45,BUF,25NOV02KCBUF,0.06,0.58
2025-11-02 18:00:00,0.46,0.46,0.45,BUF,25NOV02KCBUF,-0.02,0.66
2025-11-02 19:00:00,0.46,0.46,0.45,BUF,25NOV02KCBUF,-0.02,0.66
2025-11-02 20:00:00,0.46,0.46,0.45,BUF,25NOV02KCBUF,-0.02,0.66
2025-11-02 21:00:00,0.45,0.46,0.44,BUF,25NOV02KCBUF,0.78,0.21
2025-11-02 22:00:00,0.41,0.66,0.41,BUF,25NOV02KCBUF,0.25,0.68
2025-11-02 23:00:00,0.65,0.73,0.35,BUF,25NOV02KCBUF,0.09,0.91
2025-11-03 00:00:00,0.82,0.93,0.65,BUF,25NOV02KCBUF,0.27,0.87
2025-10-27 00:00:00,0.12,0.13,0.12,NO,25NOV02NOLA,0.5,0.68
2025-10-27 01:00:00,0.12,0.12,0.1,NO,25NOV02NOLA,0.5,0.68
2025-10-27 02:00:00,0.12,0.12,0.12,NO,25NOV02NOLA,0.5,0.68
2025-10-27 03:00:00,0.12,0.12,0.1,NO,25NOV02NOLA,0.5,0.68
2025-10-27 04:00:00,0.12,0.12,0.12,NO,25NOV02NOLA,0.5,0.68
2025-10-27 05:00:00,0.1,0.12,0.1,NO,25NOV02NOLA,0.5,0.68
2025-10-27 06:00:00,0.12,0.12,0.1,NO,25NOV02NOLA,0.5,0.68
2025-10-27 07:00:00,0.12,0.12,0.1,NO,25NOV02NOLA,0.5,0.68
2025-10-27 08:00:00,0.12,0.12,0.1,NO,25NOV02NOLA,0.5,0.68
2025-10-27 09:00:00,0.12,0.12,0.1,NO,25NOV02NOLA,0.5,0.68
2025-10-27 10:00:00,0.12,0.12,0.1,NO,25NOV02NOLA,0.5,0.68
2025-10-27 11:00:00,0.12,0.12,0.1,NO,25NOV02NOLA,0.5,0.68
2025-10-27 12:00:00,0.12,0.12,0.1,NO,25NOV02NOLA,0.5,0.68
2025-10-27 13:00:00,0.12,0.12,0.11,NO,25NOV02NOLA,0.5,0.68
2025-10-27 14:00:00,0.11,0.12,0.1,NO,25NOV02NOLA,-0.56,0.68
2025-10-27 15:00:00,0.11,0.11,0.11,NO,25NOV02NOLA,-0.56,0.68
2025-10-27 16:00:00,0.11,0.11,0.11,NO,25NOV02NOLA,-0.56,0.68
2025-10-27 17:00:00,0.11,0.11,0.11,NO,25NOV02NOLA,-0.56,0.68
2025-10-27 18:00:00,0.11,0.11,0.11,NO,25NOV02NOLA,-0.56,0.68
2025-10-27 19:00:00,0.11,0.11,0.11,NO,25NOV02NOLA,-0.56,0.68
2025-10-27 20:00:00,0.11,0.11,0.11,NO,25NOV02NOLA,-0.56,0.68
2025-10-27 21:00:00,0.11,0.11,0.11,NO,25NOV02NOLA,-0.56,0.68
2025-10-27 22:00:00,0.12,0.12,0.11,NO,25NOV02NOLA,-0.56,0.68
2025-10-27 23:00:00,0.12,0.12,0.12,NO,25NOV02NOLA,-0.56,0.68
2025-10-28 00:00:00,0.12,0.12,0.12,NO,25NOV02NOLA,-0.56,0.68
2025-10-28 01:00:00,0.12,0.12,0.12,NO,25NOV02NOLA,-0.56,0.68
2025-10-28 02:00:00,0.12,0.12,0.12,NO,25NOV02NOLA,-0.56,0.68
2025-10-28 03:00:00,0.11,0.12,0.1,NO,25NOV02NOLA,-0.56,0.68
2025-10-28 04:00:00,0.11,0.12,0.09,NO,25NOV02NOLA,-0.56,0.68
2025-10-28 05:00:00,0.12,0.12,0.12,NO,25NOV02NOLA,-0.56,0.68
2025-10-28 06:00:00,0.12,0.12,0.12,NO,25NOV02NOLA,-0.56,0.68
2025-10-28 07:00:00,0.12,0.12,0.12,NO,25NOV02NOLA,-0.56,0.68
2025-10-28 08:00:00,0.12,0.12,0.12,NO,25NOV02NOLA,-0.56,0.68
2025-10-28 09:00:00,0.12,0.12,0.12,NO,25NOV02NOLA,-0.56,0.68
2025-10-28 10:00:00,0.12,0.12,0.12,NO,25NOV02NOLA,-0.56,0.68
2025-10-28 11:00:00,0.12,0.12,0.12,NO,25NOV02NOLA,-0.56,0.68
2025-10-28 12:00:00,0.12,0.12,0.12,NO,25NOV02NOLA,-0.56,0.68
2025-10-28 13:00:00,0.12,0.12,0.12,NO,25NOV02NOLA,-0.56,0.68
2025-10-28 14:00:00,0.12,0.12,0.12,NO,25NOV02NOLA,-0.56,0.68
2025-10-28 15:00:00,0.12,0.12,0.11,NO,25NOV02NOLA,-0.56,0.68
2025-10-28 16:00:00,0.12,0.12,0.12,NO,25NOV02NOLA,-0.56,0.68
2025-10-28 17:00:00,0.12,0.12,0.12,NO,25NOV02NOLA,-0.56,0.68
2025-10-28 18:00:00,0.12,0.12,0.11,NO,25NOV02NOLA,-0.56,0.68
2025-10-28 19:00:00,0.11,0.12,0.11,NO,25NOV02NOLA,-0.56,0.68
2025-10-28 20:00:00,0.11,0.12,0.11,NO,25NOV02NOLA,-0.56,0.68
2025-10-28 21:00:00,0.12,0.12,0.11,NO,25NOV02NOLA,-0.56,0.68
2025-10-28 22:00:00,0.12,0.12,0.12,NO,25NOV02NOLA,-0.56,0.68
2025-10-28 23:00:00,0.12,0.12,0.12,NO,25NOV02NOLA,-0.56,0.68
2025-10-29 00:00:00,0.12,0.12,0.12,NO,25NOV02NOLA,-0.56,0.68
2025-10-29 01:00:00,0.12,0.12,0.12,NO,25NOV02NOLA,-0.56,0.68
2025-10-29 02:00:00,0.12,0.12,0.11,NO,25NOV02NOLA,-0.56,0.68
2025-10-29 03:00:00,0.11,0.12,0.11,NO,25NOV02NOLA,-0.56,0.68
2025-10-29 04:00:00,0.1,0.11,0.1,NO,25NOV02NOLA,-0.56,0.68
2025-10-29 05:00:00,0.11,0.11,0.11,NO,25NOV02NOLA,-0.56,0.68
2025-10-29 06:00:00,0.11,0.11,0.11,NO,25NOV02NOLA,-0.56,0.68
2025-10-29 07:00:00,0.1,0.11,0.1,NO,25NOV02NOLA,-0.56,0.68
2025-10-29 08:00:00,0.11,0.11,0.11,NO,25NOV02NOLA,-0.56,0.68
2025-10-29 09:00:00,0.11,0.11,0.11,NO,25NOV02NOLA,-0.56,0.68
2025-10-29 10:00:00,0.11,0.11,0.11,NO,25NOV02NOLA,-0.56,0.68
2025-10-29 11:00:00,0.11,0.11,0.11,NO,25NOV02NOLA,-0.56,0.68
2025-10-29 12:00:00,0.11,0.11,0.11,NO,25NOV02NOLA,-0.56,0.68
2025-10-29 13:00:00,0.11,0.11,0.11,NO,25NOV02NOLA,-0.56,0.68
2025-10-29 14:00:00,0.11,0.11,0.11,NO,25NOV02NOLA,-0.56,0.68
2025-10-29 15:00:00,0.11,0.11,0.1,NO,25NOV02NOLA,-0.56,0.68
2025-10-29 16:00:00,0.11,0.11,0.11,NO,25NOV02NOLA,-0.56,0.68
2025-10-29 17:00:00,0.11,0.11,0.1,NO,25NOV02NOLA,-0.5,0.68
2025-10-29 18:00:00,0.11,0.11,0.11,NO,25NOV02NOLA,-0.5,0.68
2025-10-29 19:00:00,0.11,0.11,0.11,NO,25NOV02NOLA,-0.5,0.68
2025-10-29 20:00:00,0.12,0.12,0.11,NO,25NOV02NOLA,-0.5,0.68
2025-10-29 21:00:00,0.12,0.12,0.11,NO,25NOV02NOLA,-0.5,0.68
2025-10-29 22:00:00,0.12,0.12,0.12,NO,25NOV02NOLA,-0.5,0.68
2025-10-29 23:00:00,0.12,0.12,0.12,NO,25NOV02NOLA,-0.5,0.68
2025-10-30 00:00:00,0.12,0.12,0.12,NO,25NOV02NOLA,-0.5,0.68
2025-10-30 01:00:00,0.12,0.12,0.12,NO,25NOV02NOLA,-0.5,0.68
2025-10-30 02:00:00,0.12,0.12,0.12,NO,25NOV02NOLA,-0.5,0.68
2025-10-30 03:00:00,0.12,0.12,0.11,NO,25NOV02NOLA,-0.5,0.68
2025-10-30 04:00:00,0.11,0.12,0.11,NO,25NOV02NOLA,-0.5,0.68
2025-10-30 05:00:00,0.11,0.11,0.11,NO,25NOV02NOLA,-0.5,0.68
2025-10-30 06:00:00,0.11,0.11,0.11,NO,25NOV02NOLA,-0.5,0.68
2025-10-30 07:00:00,0.11,0.11,0.11,NO,25NOV02NOLA,-0.5,0.68
2025-10-30 08:00:00,0.11,0.11,0.11,NO,25NOV02NOLA,-0.5,0.68
2025-10-30 09:00:00,0.11,0.11,0.11,NO,25NOV02NOLA,-0.5,0.68
2025-10-30 10:00:00,0.11,0.11,0.11,NO,25NOV02NOLA,-0.5,0.68
2025-10-30 11:00:00,0.11,0.11,0.11,NO,25NOV02NOLA,0.5,0.68
2025-10-30 12:00:00,0.11,0.11,0.11,NO,25NOV02NOLA,0.5,0.68
2025-10-30 13:00:00,0.11,0.11,0.11,NO,25NOV02NOLA,0.5,0.68
2025-10-30 14:00:00,0.12,0.12,0.11,NO,25NOV02NOLA,-0.69,0.68
2025-10-30 15:00:00,0.11,0.12,0.1,NO,25NOV02NOLA,-0.69,0.68
2025-10-30 16:00:00,0.11,0.11,0.11,NO,25NOV02NOLA,-0.69,0.68
2025-10-30 17:00:00,0.11,0.11,0.1,NO,25NOV02NOLA,-0.69,0.68
2025-10-30 18:00:00,0.11,0.11,0.1,NO,25NOV02NOLA,-0.69,0.68
2025-10-30 19:00:00,0.1,0.11,0.1,NO,25NOV02NOLA,-0.69,0.68
2025-10-30 20:00:00,0.11,0.11,0.11,NO,25NOV02NOLA,-0.69,0.68
2025-10-30 21:00:00,0.1,0.11,0.1,NO,25NOV02NOLA,-0.69,0.68
2025-10-30 22:00:00,0.11,0.11,0.11,NO,25NOV02NOLA,-0.69,0.68
2025-10-30 23:00:00,0.11,0.12,0.11,NO,25NOV02NOLA,-0.69,0.68
2025-10-31 00:00:00,0.11,0.11,0.11,NO,25NOV02NOLA,-0.69,0.68
2025-10-31 01:00:00,0.11,0.11,0.1,NO,25NOV02NOLA,-0.69,0.68
2025-10-31 02:00:00,0.11,0.11,0.11,NO,25NOV02NOLA,-0.69,0.68
2025-10-31 03:00:00,0.11,0.11,0.11,NO,25NOV02NOLA,-0.69,0.68
2025-10-31 04:00:00,0.11,0.11,0.1,NO,25NOV02NOLA,-0.69,0.68
2025-10-31 05:00:00,0.11,0.11,0.11,NO,25NOV02NOLA,-0.69,0.68
2025-10-31 06:00:00,0.11,0.11,0.1,NO,25NOV02NOLA,-0.69,0.68
2025-10-31 07:00:00,0.11,0.11,0.11,NO,25NOV02NOLA,-0.69,0.68
2025-10-31 08:00:00,0.11,0.11,0.11,NO,25NOV02NOLA,-0.69,0.68
2025-10-31 09:00:00,0.11,0.11,0.11,NO,25NOV02NOLA,-0.69,0.68
2025-10-31 10:00:00,0.11,0.11,0.11,NO,25NOV02NOLA,0.44,0.68
2025-10-31 11:00:00,0.11,0.11,0.11,NO,25NOV02NOLA,0.44,0.68
2025-10-31 12:00:00,0.11,0.11,0.11,NO,25NOV02NOLA,0.44,0.68
2025-10-31 13:00:00,0.11,0.11,0.1,NO,25NOV02NOLA,0.44,0.68
2025-10-31 14:00:00,0.11,0.11,0.1,NO,25NOV02NOLA,0.53,0.68
2025-10-31 15:00:00,0.11,0.11,0.11,NO,25NOV02NOLA,0.53,0.68
2025-10-31 16:00:00,0.11,0.11,0.11,NO,25NOV02NOLA,0.53,0.68
2025-10-31 17:00:00,0.11,0.11,0.11,NO,25NOV02NOLA,0.53,0.68
2025-10-31 18:00:00,0.11,0.11,0.1,NO,25NOV02NOLA,0.53,0.68
2025-10-31 19:00:00,0.11,0.11,0.1,NO,25NOV02NOLA,0.53,0.68
2025-10-31 20:00:00,0.11,0.11,0.11,NO,25NOV02NOLA,0.53,0.68
2025-10-31 21:00:00,0.12,0.12,0.1,NO,25NOV02NOLA,0.53,0.68
2025-10-31 22:00:00,0.12,0.12,0.12,NO,25NOV02NOLA,0.53,0.68
2025-10-31 23:00:00,0.12,0.12,0.12,NO,25NOV02NOLA,0.53,0.68
2025-11-01 00:00:00,0.12,0.12,0.11,NO,25NOV02NOLA,0.53,0.68
2025-11-01 01:00:00,0.12,0.12,0.12,NO,25NOV02NOLA,0.53,0.68
2025-11-01 02:00:00,0.11,0.12,0.11,NO,25NOV02NOLA,0.53,0.68
2025-11-01 03:00:00,0.11,0.11,0.11,NO,25NOV02NOLA,0.53,0.68
2025-11-01 04:00:00,0.11,0.11,0.11,NO,25NOV02NOLA,0.53,0.68
2025-11-01 05:00:00,0.11,0.11,0.11,NO,25NOV02NOLA,0.53,0.68
2025-11-01 06:00:00,0.11,0.11,0.11,NO,25NOV02NOLA,0.53,0.68
2025-11-01 07:00:00,0.11,0.11,0.11,NO,25NOV02NOLA,0.53,0.68
2025-11-01 08:00:00,0.11,0.11,0.11,NO,25NOV02NOLA,0.53,0.68
2025-11-01 09:00:00,0.11,0.11,0.11,NO,25NOV02NOLA,0.53,0.68
2025-11-01 10:00:00,0.11,0.11,0.11,NO,25NOV02NOLA,0.53,0.68
2025-11-01 11:00:00,0.11,0.11,0.11,NO,25NOV02NOLA,0.53,0.68
2025-11-01 12:00:00,0.11,0.11,0.11,NO,25NOV02NOLA,0.53,0.68
2025-11-01 13:00:00,0.11,0.11,0.11,NO,25NOV02NOLA,0.53,0.68
2025-11-01 14:00:00,0.11,0.11,0.1,NO,25NOV02NOLA,0.53,0.68
2025-11-01 15:00:00,0.1,0.11,0.1,NO,25NOV02NOLA,0.53,0.68
2025-11-01 16:00:00,0.11,0.11,0.11,NO,25NOV02NOLA,0.53,0.68
2025-11-01 17:00:00,0.11,0.11,0.11,NO,25NOV02NOLA,0.53,0.68
2025-11-01 18:00:00,0.11,0.11,0.11,NO,25NOV02NOLA,0.53,0.68
2025-11-01 19:00:00,0.11,0.11,0.11,NO,25NOV02NOLA,0.53,0.68
2025-11-01 20:00:00,0.11,0.11,0.11,NO,25NOV02NOLA,0.53,0.68
2025-11-01 21:00:00,0.11,0.11,0.11,NO,25NOV02NOLA,0.53,0.68
2025-11-01 22:00:00,0.11,0.11,0.11,NO,25NOV02NOLA,0.53,0.68
2025-11-01 23:00:00,0.11,0.11,0.11,NO,25NOV02NOLA,0.53,0.68
2025-11-02 00:00:00,0.11,0.11,0.1,NO,25NOV02NOLA,0.53,0.68
2025-11-02 01:00:00,0.11,0.11,0.11,NO,25NOV02NOLA,0.53,0.68
2025-11-02 02:00:00,0.11,0.11,0.11,NO,25NOV02NOLA,0.53,0.68
2025-11-02 03:00:00,0.11,0.11,0.1,NO,25NOV02NOLA,0.53,0.68
2025-11-02 04:00:00,0.12,0.12,0.1,NO,25NOV02NOLA,0.53,0.68
2025-11-02 05:00:00,0.12,0.12,0.11,NO,25NOV02NOLA,0.53,0.68
2025-11-02 06:00:00,0.12,0.12,0.11,NO,25NOV02NOLA,0.53,0.68
2025-11-02 07:00:00,0.12,0.12,0.1,NO,25NOV02NOLA,0.53,0.68
2025-11-02 08:00:00,0.12,0.12,0.11,NO,25NOV02NOLA,0.53,0.68
2025-11-02 09:00:00,0.12,0.12,0.1,NO,25NOV02NOLA,0.53,0.68
2025-11-02 10:00:00,0.11,0.12,0.11,NO,25NOV02NOLA,0.53,0.68
2025-11-02 11:00:00,0.11,0.12,0.11,NO,25NOV02NOLA,0.53,0.68
2025-11-02 12:00:00,0.11,0.11,0.1,NO,25NOV02NOLA,0.53,0.68
2025-11-02 13:00:00,0.12,0.12,0.11,NO,25NOV02NOLA,0.53,0.68
2025-11-02 14:00:00,0.11,0.12,0.11,NO,25NOV02NOLA,0.53,0.68
2025-11-02 15:00:00,0.11,0.11,0.1,NO,25NOV02NOLA,0.53,0.68
2025-11-02 16:00:00,0.11,0.11,0.1,NO,25NOV02NOLA,0.53,0.68
2025-11-02 17:00:00,0.12,0.12,0.11,NO,25NOV02NOLA,0.53,0.68
2025-11-02 18:00:00,0.11,0.12,0.11,NO,25NOV02NOLA,0.53,0.68
2025-11-02 19:00:00,0.12,0.12,0.11,NO,25NOV02NOLA,0.54,0.68
2025-11-02 20:00:00,0.12,0.12,0.11,NO,25NOV02NOLA,0.54,0.68
2025-11-02 21:00:00,0.12,0.12,0.11,NO,25NOV02NOLA,0.54,0.68
2025-11-02 22:00:00,0.05,0.12,0.03,NO,25NOV02NOLA,0.5,0.68
2025-11-02 23:00:00,0.03,0.06,0.01,NO,25NOV02NOLA,0.56,0.68
2025-10-27 00:00:00,0.91,0.91,0.9,LA,25NOV02NOLA,0.55,0.18
2025-10-27 01:00:00,0.91,0.91,0.91,LA,25NOV02NOLA,0.55,0.18
2025-10-27 02:00:00,0.88,0.9,0.88,LA,25NOV02NOLA,0.55,0.18
2025-10-27 03:00:00,0.91,0.91,0.9,LA,25NOV02NOLA,0.55,0.18
2025-10-27 04:00:00,0.91,0.91,0.9,LA,25NOV02NOLA,0.55,0.18
2025-10-27 05:00:00,0.91,0.91,0.89,LA,25NOV02NOLA,0.55,0.18
2025-10-27 06:00:00,0.91,0.91,0.91,LA,25NOV02NOLA,0.55,0.18
2025-10-27 07:00:00,0.91,0.91,0.91,LA,25NOV02NOLA,0.55,0.18
2025-10-27 08:00:00,0.91,0.91,0.91,LA,25NOV02NOLA,0.55,0.18
2025-10-27 09:00:00,0.91,0.91,0.91,LA,25NOV02NOLA,0.55,0.18
2025-10-27 10:00:00,0.91,0.91,0.91,LA,25NOV02NOLA,0.55,0.18
2025-10-27 11:00:00,0.91,0.91,0.91,LA,25NOV02NOLA,0.55,0.18
2025-10-27 12:00:00,0.91,0.91,0.91,LA,25NOV02NOLA,0.55,0.18
2025-10-27 13:00:00,0.9,0.9,0.9,LA,25NOV02NOLA,0.55,0.18
2025-10-27 14:00:00,0.9,0.9,0.9,LA,25NOV02NOLA,0.55,0.18
2025-10-27 15:00:00,0.9,0.9,0.9,LA,25NOV02NOLA,-0.71,0.01
2025-10-27 16:00:00,0.9,0.9,0.9,LA,25NOV02NOLA,0.62,0.02
2025-10-27 17:00:00,0.9,0.91,0.89,LA,25NOV02NOLA,0.5,0.62
2025-10-27 18:00:00,0.91,0.91,0.9,LA,25NOV02NOLA,0.43,0.62
2025-10-27 19:00:00,0.91,0.91,0.91,LA,25NOV02NOLA,0.43,0.62
2025-10-27 20:00:00,0.91,0.91,0.91,LA,25NOV02NOLA,0.48,0.5
2025-10-27 21:00:00,0.91,0.91,0.91,LA,25NOV02NOLA,0.58,0.5
2025-10-27 22:00:00,0.91,0.91,0.9,LA,25NOV02NOLA,0.58,0.01
2025-10-27 23:00:00,0.91,0.91,0.91,LA,25NOV02NOLA,0.58,0.06
2025-10-28 00:00:00,0.91,0.91,0.91,LA,25NOV02NOLA,0.46,0.06
2025-10-28 01:00:00,0.9,0.91,0.9,LA,25NOV02NOLA,0.57,0.06
2025-10-28 02:00:00,0.91,0.91,0.91,LA,25NOV02NOLA,0.59,0.06
2025-10-28 03:00:00,0.91,0.91,0.9,LA,25NOV02NOLA,0.46,0.06
2025-10-28 04:00:00,0.91,0.91,0.9,LA,25NOV02NOLA,0.59,0.06
2025-10-28 05:00:00,0.91,0.91,0.9,LA,25NOV02NOLA,0.46,0.06
2025-10-28 06:00:00,0.91,0.91,0.9,LA,25NOV02NOLA,0.46,0.06
2025-10-28 07:00:00,0.9,0.91,0.9,LA,25NOV02NOLA,0.46,0.06
2025-10-28 08:00:00,0.89,0.9,0.89,LA,25NOV02NOLA,0.46,0.06
2025-10-28 09:00:00,0.89,0.9,0.89,LA,25NOV02NOLA,0.46,0.06
2025-10-28 10:00:00,0.89,0.9,0.89,LA,25NOV02NOLA,0.46,0.06
2025-10-28 11:00:00,0.89,0.89,0.89,LA,25NOV02NOLA,0.46,0.06
2025-10-28 12:00:00,0.89,0.89,0.89,LA,25NOV02NOLA,0.46,0.06
2025-10-28 13:00:00,0.89,0.89,0.89,LA,25NOV02NOLA,0.46,0.06
2025-10-28 14:00:00,0.89,0.89,0.89,LA,25NOV02NOLA,0.46,0.06
2025-10-28 15:00:00,0.89,0.89,0.89,LA,25NOV02NOLA,0.46,0.06
2025-10-28 16:00:00,0.89,0.89,0.88,LA,25NOV02NOLA,-0.28,0.7
2025-10-28 17:00:00,0.9,0.9,0.89,LA,25NOV02NOLA,-0.33,0.57
2025-10-28 18:00:00,0.9,0.9,0.9,LA,25NOV02NOLA,-0.33,0.57
2025-10-28 19:00:00,0.9,0.9,0.9,LA,25NOV02NOLA,-0.63,0.57
2025-10-28 20:00:00,0.9,0.9,0.9,LA,25NOV02NOLA,-0.63,0.57
2025-10-28 21:00:00,0.9,0.9,0.9,LA,25NOV02NOLA,-0.6,0.57
2025-10-28 22:00:00,0.9,0.9,0.89,LA,25NOV02NOLA,-0.6,0.57
2025-10-28 23:00:00,0.9,0.9,0.9,LA,25NOV02NOLA,-0.6,0.57
2025-10-29 00:00:00,0.9,0.9,0.9,LA,25NOV02NOLA,-0.6,0.57
2025-10-29 01:00:00,0.9,0.9,0.9,LA,25NOV02NOLA,-0.6,0.57
2025-10-29 02:00:00,0.9,0.9,0.9,LA,25NOV02NOLA,-0.6,0.57
2025-10-29 03:00:00,0.9,0.9,0.89,LA,25NOV02NOLA,-0.6,0.57
2025-10-29 04:00:00,0.9,0.9,0.9,LA,25NOV02NOLA,-0.6,0.57
2025-10-29 05:00:00,0.9,0.9,0.9,LA,25NOV02NOLA,-0.6,0.57
2025-10-29 06:00:00,0.9,0.9,0.9,LA,25NOV02NOLA,-0.6,0.57
2025-10-29 07:00:00,0.9,0.9,0.9,LA,25NOV02NOLA,-0.6,0.57
2025-10-29 08:00:00,0.9,0.9,0.9,LA,25NOV02NOLA,-0.6,0.57
2025-10-29 09:00:00,0.9,0.9,0.9,LA,25NOV02NOLA,-0.6,0.57
2025-10-29 10:00:00,0.9,0.9,0.9,LA,25NOV02NOLA,-0.6,0.57
2025-10-29 11:00:00,0.9,0.9,0.9,LA,25NOV02NOLA,-0.6,0.57
2025-10-29 12:00:00,0.9,0.9,0.9,LA,25NOV02NOLA,-0.6,0.57
2025-10-29 13:00:00,0.9,0.9,0.9,LA,25NOV02NOLA,0.5,0.57
2025-10-29 14:00:00,0.9,0.9,0.9,LA,25NOV02NOLA,0.5,0.57
2025-10-29 15:00:00,0.9,0.9,0.9,LA,25NOV02NOLA,0.5,0.57
2025-10-29 16:00:00,0.9,0.9,0.89,LA,25NOV02NOLA,0.5,0.57
2025-10-29 17:00:00,0.9,0.9,0.9,LA,25NOV02NOLA,0.45,0.57
2025-10-29 18:00:00,0.9,0.9,0.9,LA,25NOV02NOLA,0.36,0.55
2025-10-29 19:00:00,0.9,0.9,0.89,LA,25NOV02NOLA,0.36,0.55
2025-10-29 20:00:00,0.9,0.9,0.9,LA,25NOV02NOLA,0.56,0.55
2025-10-29 21:00:00,0.9,0.9,0.9,LA,25NOV02NOLA,0.53,0.02
2025-10-29 22:00:00,0.9,0.9,0.9,LA,25NOV02NOLA,0.53,0.02
2025-10-29 23:00:00,0.9,0.9,0.9,LA,25NOV02NOLA,0.53,0.02
2025-10-30 00:00:00,0.9,0.9,0.9,LA,25NOV02NOLA,0.53,0.02
2025-10-30 01:00:00,0.9,0.9,0.89,LA,25NOV02NOLA,0.53,0.02
2025-10-30 02:00:00,0.9,0.9,0.9,LA,25NOV02NOLA,0.51,0.02
2025-10-30 03:00:00,0.9,0.9,0.9,LA,25NOV02NOLA,0.51,0.02
2025-10-30 04:00:00,0.9,0.9,0.9,LA,25NOV02NOLA,0.51,0.02
2025-10-30 05:00:00,0.9,0.9,0.9,LA,25NOV02NOLA,0.51,0.02
2025-10-30 06:00:00,0.9,0.9,0.9,LA,25NOV02NOLA,0.51,0.02
2025-10-30 07:00:00,0.9,0.9,0.9,LA,25NOV02NOLA,0.51,0.02
2025-10-30 08:00:00,0.9,0.9,0.9,LA,25NOV02NOLA,0.51,0.02
2025-10-30 09:00:00,0.9,0.9,0.9,LA,25NOV02NOLA,0.51,0.02
2025-10-30 10:00:00,0.89,0.89,0.89,LA,25NOV02NOLA,0.51,0.02
2025-10-30 11:00:00,0.89,0.89,0.89,LA,25NOV02NOLA,0.51,0.02
2025-10-30 12:00:00,0.89,0.89,0.89,LA,25NOV02NOLA,0.51,0.02
2025-10-30 13:00:00,0.9,0.9,0.9,LA,25NOV02NOLA,0.51,0.02
2025-10-30 14:00:00,0.9,0.9,0.89,LA,25NOV02NOLA,0.51,0.02
2025-10-30 15:00:00,0.9,0.9,0.89,LA,25NOV02NOLA,0.51,0.02
2025-10-30 16:00:00,0.9,0.9,0.9,LA,25NOV02NOLA,-0.5,0.02
2025-10-30 17:00:00,0.9,0.9,0.9,LA,25NOV02NOLA,-0.5,0.02
2025-10-30 18:00:00,0.9,0.9,0.9,LA,25NOV02NOLA,-0.5,0.02
2025-10-30 19:00:00,0.9,0.9,0.9,LA,25NOV02NOLA,-0.5,0.02
2025-10-30 20:00:00,0.9,0.9,0.9,LA,25NOV02NOLA,-0.5,0.02
2025-10-30 21:00:00,0.9,0.9,0.89,LA,25NOV02NOLA,0.5,0.02
2025-10-30 22:00:00,0.9,0.9,0.89,LA,25NOV02NOLA,0.49,0.02
2025-10-30 23:00:00,0.9,0.9,0.9,LA,25NOV02NOLA,-0.23,0.76
2025-10-31 00:00:00,0.9,0.9,0.89,LA,25NOV02NOLA,-0.23,0.76
2025-10-31 01:00:00,0.9,0.9,0.89,LA,25NOV02NOLA,0.71,0.07
2025-10-31 02:00:00,0.9,0.9,0.89,LA,25NOV02NOLA,0.71,0.07
2025-10-31 03:00:00,0.9,0.9,0.9,LA,25NOV02NOLA,0.48,0.07
2025-10-31 04:00:00,0.9,0.9,0.9,LA,25NOV02NOLA,0.59,0.06
2025-10-31 05:00:00,0.9,0.9,0.9,LA,25NOV02NOLA,0.63,0.06
2025-10-31 06:00:00,0.9,0.9,0.9,LA,25NOV02NOLA,0.56,0.06
2025-10-31 07:00:00,0.9,0.9,0.9,LA,25NOV02NOLA,0.56,0.06
2025-10-31 08:00:00,0.9,0.9,0.9,LA,25NOV02NOLA,0.56,0.06
2025-10-31 09:00:00,0.9,0.9,0.9,LA,25NOV02NOLA,0.56,0.06
2025-10-31 10:00:00,0.9,0.9,0.9,LA,25NOV02NOLA,0.56,0.06
2025-10-31 11:00:00,0.9,0.9,0.9,LA,25NOV02NOLA,0.56,0.06
2025-10-31 12:00:00,0.9,0.9,0.9,LA,25NOV02NOLA,0.56,0.06
2025-10-31 13:00:00,0.9,0.9,0.9,LA,25NOV02NOLA,0.56,0.06
2025-10-31 14:00:00,0.9,0.9,0.9,LA,25NOV02NOLA,0.56,0.06
2025-10-31 15:00:00,0.9,0.9,0.89,LA,25NOV02NOLA,0.56,0.06
2025-10-31 16:00:00,0.9,0.9,0.9,LA,25NOV02NOLA,0.56,0.06
2025-10-31 17:00:00,0.9,0.9,0.89,LA,25NOV02NOLA,0.48,0.05
2025-10-31 18:00:00,0.9,0.9,0.9,LA,25NOV02NOLA,0.48,0.05
2025-10-31 19:00:00,0.9,0.9,0.9,LA,25NOV02NOLA,0.48,0.05
2025-10-31 20:00:00,0.9,0.9,0.9,LA,25NOV02NOLA,0.48,0.05
2025-10-31 21:00:00,0.9,0.9,0.9,LA,25NOV02NOLA,0.48,0.05
2025-10-31 22:00:00,0.9,0.9,0.9,LA,25NOV02NOLA,0.5,0.05
2025-10-31 23:00:00,0.9,0.9,0.9,LA,25NOV02NOLA,0.5,0.05
2025-11-01 00:00:00,0.9,0.9,0.89,LA,25NOV02NOLA,0.5,0.04
2025-11-01 01:00:00,0.9,0.9,0.9,LA,25NOV02NOLA,0.5,0.04
2025-11-01 02:00:00,0.9,0.9,0.9,LA,25NOV02NOLA,0.5,0.04
2025-11-01 03:00:00,0.9,0.9,0.9,LA,25NOV02NOLA,0.5,0.04
2025-11-01 04:00:00,0.9,0.9,0.9,LA,25NOV02NOLA,0.87,0.04
2025-11-01 05:00:00,0.9,0.9,0.9,LA,25NOV02NOLA,0.78,0.07
2025-11-01 06:00:00,0.9,0.9,0.89,LA,25NOV02NOLA,0.78,0.07
2025-11-01 07:00:00,0.9,0.9,0.9,LA,25NOV02NOLA,0.78,0.01
2025-11-01 08:00:00,0.9,0.9,0.9,LA,25NOV02NOLA,0.78,0.01
2025-11-01 09:00:00,0.9,0.9,0.9,LA,25NOV02NOLA,0.78,0.01
2025-11-01 10:00:00,0.9,0.9,0.9,LA,25NOV02NOLA,0.78,0.01
2025-11-01 11:00:00,0.9,0.9,0.9,LA,25NOV02NOLA,0.61,0.01
2025-11-01 12:00:00,0.9,0.9,0.9,LA,25NOV02NOLA,0.61,0.01
2025-11-01 13:00:00,0.9,0.9,0.9,LA,25NOV02NOLA,0.61,0.01
2025-11-01 14:00:00,0.9,0.9,0.9,LA,25NOV02NOLA,0.61,0.01
2025-11-01 15:00:00,0.9,0.9,0.89,LA,25NOV02NOLA,0.46,0.01
2025-11-01 16:00:00,0.9,0.9,0.89,LA,25NOV02NOLA,0.46,0.01
2025-11-01 17:00:00,0.9,0.9,0.9,LA,25NOV02NOLA,0.63,0.03
2025-11-01 18:00:00,0.9,0.9,0.9,LA,25NOV02NOLA,0.68,0.03
2025-11-01 19:00:00,0.9,0.9,0.89,LA,25NOV02NOLA,0.68,0.03
2025-11-01 20:00:00,0.9,0.9,0.89,LA,25NOV02NOLA,0.68,0.03
2025-11-01 21:00:00,0.9,0.9,0.89,LA,25NOV02NOLA,0.68,0.03
2025-11-01 22:00:00,0.9,0.9,0.89,LA,25NOV02NOLA,0.68,0.03
2025-11-01 23:00:00,0.9,0.9,0.89,LA,25NOV02NOLA,0.68,0.03
2025-11-02 00:00:00,0.9,0.9,0.9,LA,25NOV02NOLA,0.68,0.03
2025-11-02 01:00:00,0.9,0.9,0.89,LA,25NOV02NOLA,0.68,0.03
2025-11-02 02:00:00,0.9,0.9,0.89,LA,25NOV02NOLA,0.46,0.03
2025-11-02 03:00:00,0.9,0.9,0.9,LA,25NOV02NOLA,0.46,0.03
2025-11-02 04:00:00,0.9,0.9,0.89,LA,25NOV02NOLA,0.6,0.03
2025-11-02 05:00:00,0.9,0.9,0.9,LA,25NOV02NOLA,0.6,0.03
2025-11-02 06:00:00,0.9,0.9,0.89,LA,25NOV02NOLA,0.6,0.03
2025-11-02 07:00:00,0.9,0.9,0.89,LA,25NOV02NOLA,0.44,0.03
2025-11-02 08:00:00,0.9,0.9,0.9,LA,25NOV02NOLA,0.44,0.03
2025-11-02 09:00:00,0.9,0.9,0.89,LA,25NOV02NOLA,-0.61,0.03
2025-11-02 10:00:00,0.9,0.9,0.9,LA,25NOV02NOLA,-0.61,0.03
2025-11-02 11:00:00,0.9,0.9,0.89,LA,25NOV02NOLA,-0.61,0.03
2025-11-02 12:00:00,0.9,0.9,0.9,LA,25NOV02NOLA,-0.61,0.03
2025-11-02 13:00:00,0.9,0.9,0.9,LA,25NOV02NOLA,-0.61,0.03
2025-11-02 14:00:00,0.9,0.9,0.89,LA,25NOV02NOLA,0.61,0.03
2025-11-02 15:00:00,0.9,0.9,0.89,LA,25NOV02NOLA,0.47,0.71
2025-11-02 16:00:00,0.9,0.9,0.89,LA,25NOV02NOLA,0.62,0.07
2025-11-02 17:00:00,0.9,0.9,0.89,LA,25NOV02NOLA,0.62,0.07
2025-11-02 18:00:00,0.9,0.9,0.89,LA,25NOV02NOLA,0.48,0.07
2025-11-02 19:00:00,0.9,0.9,0.89,LA,25NOV02NOLA,0.48,0.07
2025-11-02 20:00:00,0.9,0.9,0.89,LA,25NOV02NOLA,0.48,0.07
2025-11-02 21:00:00,0.9,0.9,0.89,LA,25NOV02NOLA,0.56,0.07
2025-11-02 22:00:00,0.96,0.99,0.89,LA,25NOV02NOLA,-0.55,0.07
2025-11-02 23:00:00,0.97,0.99,0.94,LA,25NOV02NOLA,0.62,0.08
2025-10-27 01:00:00,0.39,0.39,0.36,LV,25NOV02JACLV,-0.67,0.02
2025-10-27 02:00:00,0.37,0.37,0.37,LV,25NOV02JACLV,-0.48,0.02
2025-10-27 03:00:00,0.39,0.39,0.39,LV,25NOV02JACLV,-0.65,0.01
2025-10-27 04:00:00,0.38,0.38,0.38,LV,25NOV02JACLV,-0.65,0.01
2025-10-27 05:00:00,0.36,0.39,0.36,LV,25NOV02JACLV,-0.65,0.01
2025-10-27 06:00:00,0.36,0.39,0.36,LV,25NOV02JACLV,-0.65,0.01
2025-10-27 07:00:00,0.38,0.38,0.38,LV,25NOV02JACLV,-0.65,0.01
2025-10-27 08:00:00,0.38,0.38,0.38,LV,25NOV02JACLV,-0.65,0.01
2025-10-27 09:00:00,0.38,0.38,0.38,LV,25NOV02JACLV,-0.65,0.01
2025-10-27 10:00:00,0.38,0.38,0.38,LV,25NOV02JACLV,-0.03,1.22
2025-10-27 11:00:00,0.38,0.38,0.38,LV,25NOV02JACLV,-0.75,0.17
2025-10-27 12:00:00,0.38,0.38,0.38,LV,25NOV02JACLV,-0.7,0.17
2025-10-27 13:00:00,0.38,0.38,0.38,LV,25NOV02JACLV,0.77,0.17
2025-10-27 14:00:00,0.38,0.38,0.38,LV,25NOV02JACLV,-0.72,0.17
2025-10-27 15:00:00,0.38,0.39,0.38,LV,25NOV02JACLV,-0.73,0.17
2025-10-27 16:00:00,0.38,0.38,0.37,LV,25NOV02JACLV,0.68,0.17
2025-10-27 17:00:00,0.38,0.38,0.38,LV,25NOV02JACLV,0.68,0.17
2025-10-27 18:00:00,0.38,0.38,0.37,LV,25NOV02JACLV,-0.49,0.17
2025-10-27 19:00:00,0.37,0.38,0.37,LV,25NOV02JACLV,-0.49,0.17
2025-10-27 20:00:00,0.38,0.38,0.38,LV,25NOV02JACLV,-0.67,0.17
2025-10-27 21:00:00,0.38,0.38,0.38,LV,25NOV02JACLV,-0.67,0.17
2025-10-27 22:00:00,0.38,0.38,0.38,LV,25NOV02JACLV,-0.67,0.17
2025-10-27 23:00:00,0.38,0.38,0.38,LV,25NOV02JACLV,-0.67,0.17
2025-10-28 00:00:00,0.38,0.38,0.37,LV,25NOV02JACLV,-0.67,0.17
2025-10-28 01:00:00,0.38,0.38,0.37,LV,25NOV02JACLV,-0.67,0.17
2025-10-28 02:00:00,0.37,0.37,0.37,LV,25NOV02JACLV,-0.67,0.17
2025-10-28 03:00:00,0.39,0.39,0.37,LV,25NOV02JACLV,-0.67,0.17
2025-10-28 04:00:00,0.39,0.39,0.39,LV,25NOV02JACLV,-0.67,0.17
2025-10-28 05:00:00,0.39,0.39,0.39,LV,25NOV02JACLV,-0.67,0.17
2025-10-28 06:00:00,0.39,0.39,0.39,LV,25NOV02JACLV,-0.67,0.17
2025-10-28 07:00:00,0.38,0.39,0.38,LV,25NOV02JACLV,-0.67,0.17
2025-10-28 08:00:00,0.38,0.39,0.38,LV,25NOV02JACLV,-0.67,0.17
2025-10-28 09:00:00,0.38,0.39,0.38,LV,25NOV02JACLV,-0.67,0.17
2025-10-28 10:00:00,0.39,0.39,0.39,LV,25NOV02JACLV,-0.67,0.17
2025-10-28 11:00:00,0.39,0.39,0.39,LV,25NOV02JACLV,-0.67,0.17
2025-10-28 12:00:00,0.39,0.39,0.39,LV,25NOV02JACLV,-0.67,0.17
2025-10-28 13:00:00,0.39,0.39,0.39,LV,25NOV02JACLV,-0.67,0.17
2025-10-28 14:00:00,0.39,0.39,0.39,LV,25NOV02JACLV,-0.67,0.17
2025-10-28 15:00:00,0.39,0.39,0.38,LV,25NOV02JACLV,-0.67,0.17
2025-10-28 16:00:00,0.39,0.39,0.38,LV,25NOV02JACLV,0.43,0.17
2025-10-28 17:00:00,0.38,0.39,0.38,LV,25NOV02JACLV,0.43,0.17
2025-10-28 18:00:00,0.39,0.39,0.39,LV,25NOV02JACLV,0.43,0.17
2025-10-28 19:00:00,0.39,0.39,0.39,LV,25NOV02JACLV,0.43,0.17
2025-10-28 20:00:00,0.39,0.39,0.39,LV,25NOV02JACLV,0.4,0.17
2025-10-28 21:00:00,0.39,0.39,0.38,LV,25NOV02JACLV,0.4,0.17
2025-10-28 22:00:00,0.39,0.39,0.39,LV,25NOV02JACLV,0.4,0.17
2025-10-28 23:00:00,0.39,0.39,0.39,LV,25NOV02JACLV,0.4,0.17
2025-10-29 00:00:00,0.39,0.39,0.39,LV,25NOV02JACLV,0.4,0.17
2025-10-29 01:00:00,0.38,0.39,0.37,LV,25NOV02JACLV,0.4,0.17
2025-10-29 02:00:00,0.38,0.38,0.38,LV,25NOV02JACLV,0.4,0.17
2025-10-29 03:00:00,0.38,0.38,0.38,LV,25NOV02JACLV,0.4,0.17
2025-10-29 04:00:00,0.38,0.38,0.38,LV,25NOV02JACLV,0.4,0.17
2025-10-29 05:00:00,0.38,0.38,0.37,LV,25NOV02JACLV,0.4,0.17
2025-10-29 06:00:00,0.38,0.38,0.38,LV,25NOV02JACLV,0.4,0.17
2025-10-29 07:00:00,0.38,0.38,0.38,LV,25NOV02JACLV,0.4,0.17
2025-10-29 08:00:00,0.38,0.38,0.38,LV,25NOV02JACLV,0.4,0.17
2025-10-29 09:00:00,0.38,0.38,0.38,LV,25NOV02JACLV,0.4,0.17
2025-10-29 10:00:00,0.38,0.38,0.38,LV,25NOV02JACLV,0.4,0.17
2025-10-29 11:00:00,0.38,0.38,0.38,LV,25NOV02JACLV,0.4,0.17
2025-10-29 12:00:00,0.38,0.38,0.38,LV,25NOV02JACLV,0.4,0.17
2025-10-29 13:00:00,0.38,0.38,0.38,LV,25NOV02JACLV,0.4,0.17
2025-10-29 14:00:00,0.38,0.38,0.38,LV,25NOV02JACLV,0.25,0.92
2025-10-29 15:00:00,0.38,0.38,0.38,LV,25NOV02JACLV,-0.48,0.62
2025-10-29 16:00:00,0.38,0.38,0.38,LV,25NOV02JACLV,-0.19,0.8
2025-10-29 17:00:00,0.38,0.38,0.38,LV,25NOV02JACLV,-0.39,0.77
2025-10-29 18:00:00,0.38,0.38,0.38,LV,25NOV02JACLV,-0.35,0.65
2025-10-29 19:00:00,0.38,0.38,0.38,LV,25NOV02JACLV,-0.66,0.02
2025-10-29 20:00:00,0.39,0.39,0.37,LV,25NOV02JACLV,0.63,0.02
2025-10-29 21:00:00,0.39,0.39,0.39,LV,25NOV02JACLV,0.63,0.02
2025-10-29 22:00:00,0.4,0.4,0.4,LV,25NOV02JACLV,-0.48,0.62
2025-10-29 23:00:00,0.4,0.4,0.4,LV,25NOV02JACLV,-0.38,0.55
2025-10-30 00:00:00,0.4,0.4,0.4,LV,25NOV02JACLV,-0.07,0.86
2025-10-30 01:00:00,0.4,0.4,0.4,LV,25NOV02JACLV,-0.07,0.86
2025-10-30 02:00:00,0.4,0.4,0.4,LV,25NOV02JACLV,-0.07,0.86
2025-10-30 03:00:00,0.4,0.41,0.4,LV,25NOV02JACLV,-0.07,0.86
2025-10-30 04:00:00,0.42,0.42,0.39,LV,25NOV02JACLV,-0.07,0.86
2025-10-30 05:00:00,0.42,0.42,0.42,LV,25NOV02JACLV,-0.54,0.86
2025-10-30 06:00:00,0.4,0.42,0.39,LV,25NOV02JACLV,-0.54,0.86
2025-10-30 07:00:00,0.4,0.4,0.39,LV,25NOV02JACLV,-0.54,0.86
2025-10-30 08:00:00,0.4,0.4,0.39,LV,25NOV02JACLV,-0.54,0.86
2025-10-30 09:00:00,0.4,0.4,0.39,LV,25NOV02JACLV,-0.54,0.86
2025-10-30 10:00:00,0.4,0.4,0.39,LV,25NOV02JACLV,-0.54,0.86
2025-10-30 11:00:00,0.4,0.4,0.39,LV,25NOV02JACLV,-0.54,0.86
2025-10-30 12:00:00,0.4,0.4,0.39,LV,25NOV02JACLV,-0.54,0.86
2025-10-30 13:00:00,0.41,0.41,0.4,LV,25NOV02JACLV,-0.54,0.86
2025-10-30 14:00:00,0.41,0.42,0.41,LV,25NOV02JACLV,0.3,0.69
2025-10-30 15:00:00,0.42,0.42,0.42,LV,25NOV02JACLV,-0.09,0.77
2025-10-30 16:00:00,0.42,0.42,0.42,LV,25NOV02JACLV,-0.09,0.77
2025-10-30 17:00:00,0.42,0.42,0.42,LV,25NOV02JACLV,-0.09,0.77
2025-10-30 18:00:00,0.42,0.42,0.42,LV,25NOV02JACLV,-0.09,0.77
2025-10-30 19:00:00,0.42,0.42,0.42,LV,25NOV02JACLV,-0.09,0.77
2025-10-30 20:00:00,0.42,0.42,0.42,LV,25NOV02JACLV,-0.09,0.77
2025-10-30 21:00:00,0.42,0.42,0.42,LV,25NOV02JACLV,-0.09,0.77
2025-10-30 22:00:00,0.42,0.42,0.42,LV,25NOV02JACLV,-0.09,0.77
2025-10-30 23:00:00,0.42,0.42,0.41,LV,25NOV02JACLV,-0.09,0.77
2025-10-31 00:00:00,0.42,0.42,0.42,LV,25NOV02JACLV,-0.09,0.77
2025-10-31 01:00:00,0.42,0.42,0.41,LV,25NOV02JACLV,0.47,0.77
2025-10-31 02:00:00,0.41,0.42,0.41,LV,25NOV02JACLV,-0.49,0.65
2025-10-31 03:00:00,0.42,0.42,0.41,LV,25NOV02JACLV,-0.01,0.93
2025-10-31 04:00:00,0.42,0.42,0.42,LV,25NOV02JACLV,-0.01,0.93
2025-10-31 05:00:00,0.42,0.42,0.42,LV,25NOV02JACLV,-0.67,0.93
2025-10-31 06:00:00,0.42,0.42,0.42,LV,25NOV02JACLV,-0.67,0.93
2025-10-31 07:00:00,0.42,0.42,0.42,LV,25NOV02JACLV,-0.67,0.93
2025-10-31 08:00:00,0.42,0.42,0.42,LV,25NOV02JACLV,-0.67,0.93
2025-10-31 09:00:00,0.42,0.42,0.42,LV,25NOV02JACLV,-0.67,0.93
2025-10-31 10:00:00,0.42,0.42,0.42,LV,25NOV02JACLV,-0.67,0.93
2025-10-31 11:00:00,0.42,0.42,0.42,LV,25NOV02JACLV,-0.62,0.93
2025-10-31 12:00:00,0.42,0.42,0.42,LV,25NOV02JACLV,-0.58,0.93
2025-10-31 13:00:00,0.42,0.42,0.42,LV,25NOV02JACLV,0.46,0.68
2025-10-31 14:00:00,0.42,0.42,0.42,LV,25NOV02JACLV,-0.13,0.79
2025-10-31 15:00:00,0.43,0.43,0.41,LV,25NOV02JACLV,0.47,0.79
2025-10-31 16:00:00,0.43,0.43,0.42,LV,25NOV02JACLV,0.47,0.79
2025-10-31 17:00:00,0.44,0.44,0.42,LV,25NOV02JACLV,-0.62,0.79
2025-10-31 18:00:00,0.44,0.44,0.44,LV,25NOV02JACLV,-0.62,0.79
2025-10-31 19:00:00,0.44,0.44,0.44,LV,25NOV02JACLV,-0.62,0.79
2025-10-31 20:00:00,0.44,0.44,0.43,LV,25NOV02JACLV,-0.62,0.79
2025-10-31 21:00:00,0.44,0.44,0.43,LV,25NOV02JACLV,-0.56,0.79
2025-10-31 22:00:00,0.44,0.44,0.44,LV,25NOV02JACLV,-0.56,0.79
2025-10-31 23:00:00,0.44,0.44,0.44,LV,25NOV02JACLV,0.43,0.79
2025-11-01 00:00:00,0.43,0.44,0.43,LV,25NOV02JACLV,0.5,0.79
2025-11-01 01:00:00,0.43,0.44,0.43,LV,25NOV02JACLV,0.5,0.79
2025-11-01 02:00:00,0.44,0.44,0.44,LV,25NOV02JACLV,0.5,0.79
2025-11-01 03:00:00,0.44,0.44,0.43,LV,25NOV02JACLV,0.5,0.79
2025-11-01 04:00:00,0.44,0.44,0.44,LV,25NOV02JACLV,0.5,0.79
2025-11-01 05:00:00,0.44,0.44,0.44,LV,25NOV02JACLV,0.5,0.79
2025-11-01 06:00:00,0.44,0.44,0.44,LV,25NOV02JACLV,0.5,0.79
2025-11-01 07:00:00,0.44,0.44,0.44,LV,25NOV02JACLV,0.5,0.79
2025-11-01 08:00:00,0.44,0.44,0.44,LV,25NOV02JACLV,0.5,0.79
2025-11-01 09:00:00,0.44,0.44,0.44,LV,25NOV02JACLV,0.5,0.79
2025-11-01 10:00:00,0.44,0.44,0.44,LV,25NOV02JACLV,-0.62,0.79
2025-11-01 11:00:00,0.44,0.44,0.44,LV,25NOV02JACLV,-0.62,0.79
2025-11-01 12:00:00,0.44,0.44,0.44,LV,25NOV02JACLV,-0.62,0.79
2025-11-01 13:00:00,0.44,0.44,0.44,LV,25NOV02JACLV,-0.62,0.79
2025-11-01 14:00:00,0.43,0.44,0.43,LV,25NOV02JACLV,-0.62,0.79
2025-11-01 15:00:00,0.44,0.44,0.44,LV,25NOV02JACLV,-0.62,0.79
2025-11-01 16:00:00,0.44,0.44,0.44,LV,25NOV02JACLV,-0.62,0.79
2025-11-01 17:00:00,0.44,0.44,0.44,LV,25NOV02JACLV,-0.62,0.79
2025-11-01 18:00:00,0.44,0.44,0.44,LV,25NOV02JACLV,-0.62,0.79
2025-11-01 19:00:00,0.44,0.44,0.44,LV,25NOV02JACLV,-0.62,0.79
2025-11-01 20:00:00,0.44,0.44,0.44,LV,25NOV02JACLV,-0.62,0.79
2025-11-01 21:00:00,0.44,0.44,0.44,LV,25NOV02JACLV,-0.62,0.79
2025-11-01 22:00:00,0.44,0.44,0.44,LV,25NOV02JACLV,-0.62,0.79
2025-11-01 23:00:00,0.44,0.44,0.43,LV,25NOV02JACLV,0.41,0.79
2025-11-02 00:00:00,0.44,0.44,0.43,LV,25NOV02JACLV,-0.51,0.79
2025-11-02 01:00:00,0.44,0.45,0.44,LV,25NOV02JACLV,-0.51,0.79
2025-11-02 02:00:00,0.45,0.45,0.44,LV,25NOV02JACLV,-0.51,0.79
2025-11-02 03:00:00,0.45,0.45,0.45,LV,25NOV02JACLV,-0.51,0.79
2025-11-02 04:00:00,0.45,0.45,0.44,LV,25NOV02JACLV,-0.51,0.79
2025-11-02 05:00:00,0.45,0.45,0.44,LV,25NOV02JACLV,-0.51,0.79
2025-11-02 06:00:00,0.45,0.45,0.44,LV,25NOV02JACLV,-0.51,0.79
2025-11-02 07:00:00,0.45,0.45,0.45,LV,25NOV02JACLV,-0.51,0.79
2025-11-02 08:00:00,0.44,0.45,0.44,LV,25NOV02JACLV,-0.51,0.79
2025-11-02 09:00:00,0.45,0.45,0.44,LV,25NOV02JACLV,-0.51,0.79
2025-11-02 10:00:00,0.45,0.45,0.44,LV,25NOV02JACLV,-0.51,0.79
2025-11-02 11:00:00,0.45,0.45,0.45,LV,25NOV02JACLV,-0.51,0.79
2025-11-02 12:00:00,0.45,0.45,0.45,LV,25NOV02JACLV,-0.51,0.79
2025-11-02 13:00:00,0.45,0.45,0.45,LV,25NOV02JACLV,-0.51,0.79
2025-11-02 14:00:00,0.45,0.45,0.44,LV,25NOV02JACLV,-0.51,0.79
2025-11-02 15:00:00,0.45,0.45,0.44,LV,25NOV02JACLV,-0.51,0.79
2025-11-02 16:00:00,0.45,0.45,0.44,LV,25NOV02JACLV,-0.51,0.79
2025-11-02 17:00:00,0.45,0.45,0.44,LV,25NOV02JACLV,-0.51,0.79
2025-11-02 18:00:00,0.45,0.45,0.44,LV,25NOV02JACLV,-0.51,0.79
2025-11-02 19:00:00,0.47,0.47,0.44,LV,25NOV02JACLV,0.4,0.79
2025-11-02 20:00:00,0.47,0.47,0.46,LV,25NOV02JACLV,0.4,0.79
2025-11-02 21:00:00,0.46,0.47,0.44,LV,25NOV02JACLV,-0.44,0.08
2025-11-02 22:00:00,0.48,0.59,0.28,LV,25NOV02JACLV,-0.07,0.54
2025-11-02 23:00:00,0.54,0.7,0.41,LV,25NOV02JACLV,0.28,0.45
2025-11-03 00:00:00,0.51,0.7,0.28,LV,25NOV02JACLV,0.48,0.04
2025-10-27 01:00:00,0.64,0.64,0.62,JAC,25NOV02JACLV,-0.65,0.66
2025-10-27 02:00:00,0.63,0.63,0.63,JAC,25NOV02JACLV,-0.65,0.66
2025-10-27 03:00:00,0.64,0.64,0.63,JAC,25NOV02JACLV,-0.65,0.66
2025-10-27 04:00:00,0.64,0.64,0.64,JAC,25NOV02JACLV,-0.65,0.66
2025-10-27 05:00:00,0.64,0.64,0.64,JAC,25NOV02JACLV,-0.65,0.66
2025-10-27 06:00:00,0.64,0.64,0.64,JAC,25NOV02JACLV,0.67,0.66
2025-10-27 07:00:00,0.64,0.64,0.64,JAC,25NOV02JACLV,0.67,0.66
2025-10-27 08:00:00,0.64,0.64,0.64,JAC,25NOV02JACLV,0.67,0.66
2025-10-27 09:00:00,0.64,0.64,0.64,JAC,25NOV02JACLV,0.67,0.66
2025-10-27 10:00:00,0.64,0.64,0.64,JAC,25NOV02JACLV,0.67,0.66
2025-10-27 11:00:00,0.64,0.64,0.64,JAC,25NOV02JACLV,0.67,0.66
2025-10-27 12:00:00,0.64,0.64,0.64,JAC,25NOV02JACLV,0.67,0.66
2025-10-27 13:00:00,0.63,0.63,0.63,JAC,25NOV02JACLV,0.67,0.66
2025-10-27 14:00:00,0.63,0.63,0.63,JAC,25NOV02JACLV,0.67,0.66
2025-10-27 15:00:00,0.63,0.63,0.63,JAC,25NOV02JACLV,0.67,0.66
2025-10-27 16:00:00,0.64,0.64,0.64,JAC,25NOV02JACLV,0.67,0.66
2025-10-27 17:00:00,0.64,0.64,0.64,JAC,25NOV02JACLV,0.67,0.66
2025-10-27 18:00:00,0.63,0.64,0.63,JAC,25NOV02JACLV,0.67,0.66
2025-10-27 19:00:00,0.63,0.63,0.63,JAC,25NOV02JACLV,0.67,0.66
2025-10-27 20:00:00,0.63,0.63,0.63,JAC,25NOV02JACLV,0.67,0.66
2025-10-27 21:00:00,0.63,0.63,0.63,JAC,25NOV02JACLV,0.67,0.66
2025-10-27 22:00:00,0.63,0.63,0.62,JAC,25NOV02JACLV,0.67,0.66
2025-10-27 23:00:00,0.63,0.63,0.63,JAC,25NOV02JACLV,0.67,0.66
2025-10-28 00:00:00,0.63,0.63,0.63,JAC,25NOV02JACLV,0.67,0.66
2025-10-28 01:00:00,0.64,0.64,0.63,JAC,25NOV02JACLV,0.67,0.66
2025-10-28 02:00:00,0.64,0.64,0.64,JAC,25NOV02JACLV,0.67,0.66
2025-10-28 03:00:00,0.63,0.64,0.63,JAC,25NOV02JACLV,0.67,0.66
2025-10-28 04:00:00,0.63,0.63,0.62,JAC,25NOV02JACLV,0.67,0.66
2025-10-28 05:00:00,0.63,0.63,0.63,JAC,25NOV02JACLV,0.67,0.66
2025-10-28 06:00:00,0.63,0.63,0.63,JAC,25NOV02JACLV,0.67,0.66
2025-10-28 07:00:00,0.63,0.63,0.63,JAC,25NOV02JACLV,0.67,0.66
2025-10-28 08:00:00,0.63,0.63,0.63,JAC,25NOV02JACLV,0.67,0.66
2025-10-28 09:00:00,0.63,0.63,0.63,JAC,25NOV02JACLV,0.67,0.66
2025-10-28 10:00:00,0.63,0.63,0.63,JAC,25NOV02JACLV,0.67,0.66
2025-10-28 11:00:00,0.63,0.63,0.63,JAC,25NOV02JACLV,0.67,0.66
2025-10-28 12:00:00,0.63,0.63,0.63,JAC,25NOV02JACLV,0.67,0.66
2025-10-28 13:00:00,0.63,0.63,0.63,JAC,25NOV02JACLV,0.67,0.66
2025-10-28 14:00:00,0.63,0.63,0.63,JAC,25NOV02JACLV,0.67,0.66
2025-10-28 15:00:00,0.63,0.63,0.62,JAC,25NOV02JACLV,0.67,0.66
2025-10-28 16:00:00,0.63,0.63,0.63,JAC,25NOV02JACLV,0.67,0.66
2025-10-28 17:00:00,0.63,0.63,0.63,JAC,25NOV02JACLV,0.67,0.66
2025-10-28 18:00:00,0.63,0.63,0.63,JAC,25NOV02JACLV,0.67,0.66
2025-10-28 19:00:00,0.63,0.63,0.63,JAC,25NOV02JACLV,0.67,0.66
2025-10-28 20:00:00,0.63,0.63,0.63,JAC,25NOV02JACLV,0.67,0.66
2025-10-28 21:00:00,0.63,0.63,0.63,JAC,25NOV02JACLV,0.67,0.66
2025-10-28 22:00:00,0.63,0.63,0.63,JAC,25NOV02JACLV,0.67,0.66
2025-10-28 23:00:00,0.63,0.63,0.63,JAC,25NOV02JACLV,0.67,0.66
2025-10-29 00:00:00,0.63,0.63,0.63,JAC,25NOV02JACLV,0.67,0.66
2025-10-29 01:00:00,0.63,0.63,0.63,JAC,25NOV02JACLV,0.67,0.66
2025-10-29 02:00:00,0.63,0.63,0.62,JAC,25NOV02JACLV,0.67,0.66
2025-10-29 03:00:00,0.63,0.63,0.63,JAC,25NOV02JACLV,0.67,0.66
2025-10-29 04:00:00,0.63,0.63,0.63,JAC,25NOV02JACLV,0.67,0.66
2025-10-29 05:00:00,0.63,0.63,0.63,JAC,25NOV02JACLV,0.67,0.66
2025-10-29 06:00:00,0.63,0.63,0.63,JAC,25NOV02JACLV,0.67,0.66
2025-10-29 07:00:00,0.63,0.63,0.63,JAC,25NOV02JACLV,0.67,0.66
2025-10-29 08:00:00,0.63,0.63,0.63,JAC,25NOV02JACLV,0.67,0.66
2025-10-29 09:00:00,0.63,0.63,0.63,JAC,25NOV02JACLV,0.67,0.66
2025-10-29 10:00:00,0.63,0.63,0.63,JAC,25NOV02JACLV,0.67,0.66
2025-10-29 11:00:00,0.63,0.63,0.63,JAC,25NOV02JACLV,0.67,0.66
2025-10-29 12:00:00,0.63,0.63,0.63,JAC,25NOV02JACLV,0.67,0.66
2025-10-29 13:00:00,0.63,0.63,0.63,JAC,25NOV02JACLV,0.67,0.66
2025-10-29 14:00:00,0.63,0.63,0.63,JAC,25NOV02JACLV,0.67,0.66
2025-10-29 15:00:00,0.63,0.63,0.63,JAC,25NOV02JACLV,0.67,0.66
2025-10-29 16:00:00,0.63,0.63,0.63,JAC,25NOV02JACLV,0.67,0.66
2025-10-29 17:00:00,0.63,0.63,0.63,JAC,25NOV02JACLV,0.67,0.66
2025-10-29 18:00:00,0.63,0.63,0.63,JAC,25NOV02JACLV,0.67,0.66
2025-10-29 19:00:00,0.63,0.63,0.62,JAC,25NOV02JACLV,0.67,0.66
2025-10-29 20:00:00,0.63,0.63,0.63,JAC,25NOV02JACLV,0.67,0.66
2025-10-29 21:00:00,0.63,0.63,0.63,JAC,25NOV02JACLV,0.67,0.66
2025-10-29 22:00:00,0.63,0.63,0.63,JAC,25NOV02JACLV,0.67,0.66
2025-10-29 23:00:00,0.62,0.63,0.62,JAC,25NOV02JACLV,0.67,0.66
2025-10-30 00:00:00,0.62,0.62,0.62,JAC,25NOV02JACLV,0.67,0.66
2025-10-30 01:00:00,0.62,0.62,0.61,JAC,25NOV02JACLV,0.67,0.66
2025-10-30 02:00:00,0.62,0.62,0.62,JAC,25NOV02JACLV,0.67,0.66
2025-10-30 03:00:00,0.62,0.62,0.62,JAC,25NOV02JACLV,0.67,0.66
2025-10-30 04:00:00,0.62,0.62,0.62,JAC,25NOV02JACLV,0.67,0.66
2025-10-30 05:00:00,0.62,0.62,0.62,JAC,25NOV02JACLV,0.67,0.66
2025-10-30 06:00:00,0.62,0.62,0.61,JAC,25NOV02JACLV,0.67,0.66
2025-10-30 07:00:00,0.62,0.62,0.62,JAC,25NOV02JACLV,0.67,0.66
2025-10-30 08:00:00,0.62,0.62,0.62,JAC,25NOV02JACLV,0.67,0.66
2025-10-30 09:00:00,0.62,0.62,0.62,JAC,25NOV02JACLV,0.67,0.66
2025-10-30 10:00:00,0.6,0.61,0.6,JAC,25NOV02JACLV,0.67,0.66
2025-10-30 11:00:00,0.6,0.61,0.6,JAC,25NOV02JACLV,0.67,0.66
2025-10-30 12:00:00,0.6,0.61,0.6,JAC,25NOV02JACLV,0.67,0.66
2025-10-30 13:00:00,0.6,0.61,0.59,JAC,25NOV02JACLV,0.67,0.66
2025-10-30 14:00:00,0.6,0.6,0.6,JAC,25NOV02JACLV,0.67,0.66
2025-10-30 15:00:00,0.6,0.6,0.59,JAC,25NOV02JACLV,0.67,0.66
2025-10-30 16:00:00,0.6,0.6,0.6,JAC,25NOV02JACLV,0.67,0.66
2025-10-30 17:00:00,0.6,0.6,0.6,JAC,25NOV02JACLV,0.67,0.66
2025-10-30 18:00:00,0.6,0.6,0.6,JAC,25NOV02JACLV,0.67,0.66
2025-10-30 19:00:00,0.6,0.6,0.6,JAC,25NOV02JACLV,0.67,0.66
2025-10-30 20:00:00,0.6,0.6,0.6,JAC,25NOV02JACLV,0.67,0.66
2025-10-30 21:00:00,0.6,0.6,0.6,JAC,25NOV02JACLV,0.67,0.66
2025-10-30 22:00:00,0.6,0.6,0.6,JAC,25NOV02JACLV,0.67,0.66
2025-10-30 23:00:00,0.6,0.6,0.59,JAC,25NOV02JACLV,0.67,0.66
2025-10-31 00:00:00,0.6,0.6,0.6,JAC,25NOV02JACLV,0.67,0.66
2025-10-31 01:00:00,0.6,0.6,0.59,JAC,25NOV02JACLV,0.67,0.66
2025-10-31 02:00:00,0.6,0.6,0.6,JAC,25NOV02JACLV,0.67,0.66
2025-10-31 03:00:00,0.6,0.6,0.59,JAC,25NOV02JACLV,0.67,0.66
2025-10-31 04:00:00,0.59,0.6,0.58,JAC,25NOV02JACLV,0.67,0.66
2025-10-31 05:00:00,0.59,0.59,0.59,JAC,25NOV02JACLV,0.67,0.66
2025-10-31 06:00:00,0.59,0.59,0.58,JAC,25NOV02JACLV,0.67,0.66
2025-10-31 07:00:00,0.59,0.59,0.59,JAC,25NOV02JACLV,0.67,0.66
2025-10-31 08:00:00,0.59,0.59,0.59,JAC,25NOV02JACLV,0.67,0.66
2025-10-31 09:00:00,0.59,0.59,0.59,JAC,25NOV02JACLV,0.67,0.66
2025-10-31 10:00:00,0.59,0.59,0.59,JAC,25NOV02JACLV,0.67,0.66
2025-10-31 11:00:00,0.59,0.59,0.59,JAC,25NOV02JACLV,0.67,0.66
2025-10-31 12:00:00,0.59,0.59,0.59,JAC,25NOV02JACLV,0.67,0.66
2025-10-31 13:00:00,0.59,0.59,0.59,JAC,25NOV02JACLV,0.67,0.66
2025-10-31 14:00:00,0.59,0.59,0.59,JAC,25NOV02JACLV,0.67,0.66
2025-10-31 15:00:00,0.58,0.59,0.58,JAC,25NOV02JACLV,0.67,0.66
2025-10-31 16:00:00,0.57,0.57,0.56,JAC,25NOV02JACLV,0.67,0.66
2025-10-31 17:00:00,0.57,0.57,0.56,JAC,25NOV02JACLV,0.67,0.66
2025-10-31 18:00:00,0.57,0.57,0.57,JAC,25NOV02JACLV,0.67,0.66
2025-10-31 19:00:00,0.58,0.58,0.57,JAC,25NOV02JACLV,0.67,0.66
2025-10-31 20:00:00,0.58,0.58,0.58,JAC,25NOV02JACLV,0.67,0.66
2025-10-31 21:00:00,0.58,0.58,0.58,JAC,25NOV02JACLV,0.67,0.66
2025-10-31 22:00:00,0.58,0.58,0.58,JAC,25NOV02JACLV,0.67,0.66
2025-10-31 23:00:00,0.58,0.58,0.58,JAC,25NOV02JACLV,0.67,0.66
2025-11-01 00:00:00,0.58,0.58,0.57,JAC,25NOV02JACLV,0.67,0.66
2025-11-01 01:00:00,0.58,0.58,0.58,JAC,25NOV02JACLV,0.67,0.66
2025-11-01 02:00:00,0.57,0.58,0.57,JAC,25NOV02JACLV,0.67,0.66
2025-11-01 03:00:00,0.56,0.57,0.56,JAC,25NOV02JACLV,0.67,0.66
2025-11-01 04:00:00,0.57,0.57,0.57,JAC,25NOV02JACLV,0.67,0.66
2025-11-01 05:00:00,0.57,0.57,0.57,JAC,25NOV02JACLV,0.67,0.66
2025-11-01 06:00:00,0.57,0.57,0.57,JAC,25NOV02JACLV,0.67,0.66
2025-11-01 07:00:00,0.57,0.57,0.57,JAC,25NOV02JACLV,0.67,0.66
2025-11-01 08:00:00,0.56,0.57,0.56,JAC,25NOV02JACLV,0.67,0.66
2025-11-01 09:00:00,0.56,0.57,0.56,JAC,25NOV02JACLV,0.67,0.66
2025-11-01 10:00:00,0.56,0.57,0.56,JAC,25NOV02JACLV,0.67,0.66
2025-11-01 11:00:00,0.57,0.57,0.57,JAC,25NOV02JACLV,0.67,0.66
2025-11-01 12:00:00,0.57,0.57,0.57,JAC,25NOV02JACLV,0.67,0.66
2025-11-01 13:00:00,0.57,0.57,0.57,JAC,25NOV02JACLV,0.67,0.66
2025-11-01 14:00:00,0.57,0.57,0.57,JAC,25NOV02JACLV,0.67,0.66
2025-11-01 15:00:00,0.57,0.57,0.57,JAC,25NOV02JACLV,0.67,0.66
2025-11-01 16:00:00,0.57,0.57,0.57,JAC,25NOV02JACLV,0.67,0.66
2025-11-01 17:00:00,0.57,0.57,0.57,JAC,25NOV02JACLV,0.67,0.66
2025-11-01 18:00:00,0.57,0.57,0.56,JAC,25NOV02JACLV,0.67,0.66
2025-11-01 19:00:00,0.57,0.57,0.56,JAC,25NOV02JACLV,0.67,0.66
2025-11-01 20:00:00,0.57,0.57,0.57,JAC,25NOV02JACLV,0.67,0.66
2025-11-01 21:00:00,0.57,0.57,0.56,JAC,25NOV02JACLV,0.67,0.66
2025-11-01 22:00:00,0.57,0.57,0.56,JAC,25NOV02JACLV,0.67,0.66
2025-11-01 23:00:00,0.57,0.57,0.56,JAC,25NOV02JACLV,0.67,0.66
2025-11-02 00:00:00,0.57,0.57,0.57,JAC,25NOV02JACLV,0.67,0.66
2025-11-02 01:00:00,0.57,0.57,0.57,JAC,25NOV02JACLV,0.67,0.66
2025-11-02 02:00:00,0.57,0.57,0.57,JAC,25NOV02JACLV,0.67,0.66
2025-11-02 03:00:00,0.56,0.57,0.56,JAC,25NOV02JACLV,0.67,0.66
2025-11-02 04:00:00,0.57,0.57,0.57,JAC,25NOV02JACLV,0.67,0.66
2025-11-02 05:00:00,0.57,0.57,0.56,JAC,25NOV02JACLV,0.67,0.66
2025-11-02 06:00:00,0.57,0.57,0.56,JAC,25NOV02JACLV,0.67,0.66
2025-11-02 07:00:00,0.57,0.57,0.57,JAC,25NOV02JACLV,0.67,0.66
2025-11-02 08:00:00,0.57,0.57,0.57,JAC,25NOV02JACLV,0.67,0.66
2025-11-02 09:00:00,0.57,0.57,0.57,JAC,25NOV02JACLV,0.67,0.66
2025-11-02 10:00:00,0.57,0.57,0.56,JAC,25NOV02JACLV,0.67,0.66
2025-11-02 11:00:00,0.57,0.57,0.57,JAC,25NOV02JACLV,0.67,0.66
2025-11-02 12:00:00,0.57,0.57,0.57,JAC,25NOV02JACLV,0.67,0.66
2025-11-02 13:00:00,0.57,0.57,0.57,JAC,25NOV02JACLV,0.67,0.66
2025-11-02 14:00:00,0.57,0.57,0.56,JAC,25NOV02JACLV,0.67,0.66
2025-11-02 15:00:00,0.57,0.57,0.56,JAC,25NOV02JACLV,0.67,0.66
2025-11-02 16:00:00,0.56,0.57,0.55,JAC,25NOV02JACLV,0.67,0.66
2025-11-02 17:00:00,0.56,0.56,0.55,JAC,25NOV02JACLV,0.67,0.66
2025-11-02 18:00:00,0.55,0.56,0.54,JAC,25NOV02JACLV,0.67,0.66
2025-11-02 19:00:00,0.54,0.55,0.53,JAC,25NOV02JACLV,0.53,0.66
2025-11-02 20:00:00,0.54,0.54,0.53,JAC,25NOV02JACLV,0.53,0.66
2025-11-02 21:00:00,0.55,0.55,0.53,JAC,25NOV02JACLV,0.53,0.66
2025-11-02 22:00:00,0.53,0.77,0.42,JAC,25NOV02JACLV,0.71,0.66
2025-11-02 23:00:00,0.47,0.59,0.21,JAC,25NOV02JACLV,0.71,0.66
2025-11-03 00:00:00,0.48,0.72,0.26,JAC,25NOV02JACLV,0.65,0.1
2025-10-26 22:00:00,0.84,0.85,0.84,GB,25NOV02CARGB,0.36,0.56
2025-10-26 23:00:00,0.85,0.86,0.84,GB,25NOV02CARGB,0.51,0.33
2025-10-27 00:00:00,0.86,0.86,0.86,GB,25NOV02CARGB,0.39,0.73
2025-10-27 01:00:00,0.86,0.86,0.86,GB,25NOV02CARGB,0.28,0.75
2025-10-27 02:00:00,0.81,0.9,0.81,GB,25NOV02CARGB,0.45,0.75
2025-10-27 03:00:00,0.92,0.92,0.87,GB,25NOV02CARGB,0.64,0.55
2025-10-27 04:00:00,0.87,0.92,0.85,GB,25NOV02CARGB,0.72,0.21
2025-10-27 05:00:00,0.85,0.87,0.85,GB,25NOV02CARGB,0.13,0.49
2025-10-27 06:00:00,0.87,0.87,0.87,GB,25NOV02CARGB,-0.26,0.65
2025-10-27 07:00:00,0.87,0.87,0.87,GB,25NOV02CARGB,-0.7,0.1
2025-10-27 08:00:00,0.87,0.87,0.87,GB,25NOV02CARGB,0.58,0.24
2025-10-27 09:00:00,0.87,0.87,0.87,GB,25NOV02CARGB,0.61,0.24
2025-10-27 10:00:00,0.87,0.87,0.87,GB,25NOV02CARGB,0.21,0.66
2025-10-27 11:00:00,0.87,0.87,0.87,GB,25NOV02CARGB,-0.2,0.64
2025-10-27 12:00:00,0.87,0.87,0.87,GB,25NOV02CARGB,0.16,0.62
2025-10-27 13:00:00,0.88,0.89,0.88,GB,25NOV02CARGB,0.12,0.64
2025-10-27 14:00:00,0.88,0.89,0.87,GB,25NOV02CARGB,0.27,0.57
2025-10-27 15:00:00,0.88,0.89,0.88,GB,25NOV02CARGB,0.54,0.34
2025-10-27 16:00:00,0.88,0.88,0.88,GB,25NOV02CARGB,0.44,0.47
2025-10-27 17:00:00,0.88,0.88,0.87,GB,25NOV02CARGB,0.33,0.5
2025-10-27 18:00:00,0.88,0.88,0.86,GB,25NOV02CARGB,0.58,0.29
2025-10-27 19:00:00,0.88,0.88,0.88,GB,25NOV02CARGB,0.29,0.66
2025-10-27 20:00:00,0.88,0.88,0.87,GB,25NOV02CARGB,0.53,0.1
2025-10-27 21:00:00,0.88,0.88,0.88,GB,25NOV02CARGB,0.38,0.41
2025-10-27 22:00:00,0.88,0.88,0.86,GB,25NOV02CARGB,0.62,0.09
2025-10-27 23:00:00,0.88,0.88,0.88,GB,25NOV02CARGB,0.58,0.07
2025-10-28 00:00:00,0.88,0.88,0.88,GB,25NOV02CARGB,0.56,0.25
2025-10-28 01:00:00,0.87,0.88,0.87,GB,25NOV02CARGB,0.4,0.39
2025-10-28 02:00:00,0.86,0.87,0.86,GB,25NOV02CARGB,0.48,0.34
2025-10-28 03:00:00,0.87,0.87,0.86,GB,25NOV02CARGB,0.4,0.4
2025-10-28 04:00:00,0.88,0.88,0.86,GB,25NOV02CARGB,0.46,0.09
2025-10-28 05:00:00,0.88,0.88,0.86,GB,25NOV02CARGB,0.52,0.07
2025-10-28 06:00:00,0.87,0.88,0.86,GB,25NOV02CARGB,0.46,0.16
2025-10-28 07:00:00,0.88,0.88,0.87,GB,25NOV02CARGB,-0.51,0.16
2025-10-28 08:00:00,0.88,0.88,0.88,GB,25NOV02CARGB,0.58,0.04
2025-10-28 09:00:00,0.88,0.88,0.88,GB,25NOV02CARGB,0.58,0.04
2025-10-28 10:00:00,0.88,0.88,0.88,GB,25NOV02CARGB,0.46,0.04
2025-10-28 11:00:00,0.88,0.88,0.88,GB,25NOV02CARGB,0.6,0.14
2025-10-28 12:00:00,0.88,0.88,0.88,GB,25NOV02CARGB,0.56,0.07
2025-10-28 13:00:00,0.87,0.88,0.87,GB,25NOV02CARGB,0.5,0.08
2025-10-28 14:00:00,0.87,0.87,0.86,GB,25NOV02CARGB,0.49,0.04
2025-10-28 15:00:00,0.87,0.87,0.86,GB,25NOV02CARGB,0.51,0.09
2025-10-28 16:00:00,0.87,0.87,0.86,GB,25NOV02CARGB,0.55,0.1
2025-10-28 17:00:00,0.87,0.87,0.87,GB,25NOV02CARGB,0.4,0.44
2025-10-28 18:00:00,0.87,0.87,0.87,GB,25NOV02CARGB,0.53,0.09
2025-10-28 19:00:00,0.87,0.87,0.87,GB,25NOV02CARGB,0.57,0.08
2025-10-28 20:00:00,0.87,0.87,0.87,GB,25NOV02CARGB,0.37,0.41
2025-10-28 21:00:00,0.87,0.87,0.87,GB,25NOV02CARGB,-0.08,0.77
2025-10-28 22:00:00,0.87,0.87,0.87,GB,25NOV02CARGB,0.48,0.1
2025-10-28 23:00:00,0.87,0.87,0.87,GB,25NOV02CARGB,-0.09,0.7
2025-10-29 00:00:00,0.87,0.87,0.87,GB,25NOV02CARGB,0.2,0.59
2025-10-29 01:00:00,0.87,0.87,0.87,GB,25NOV02CARGB,0.55,0.13
2025-10-29 02:00:00,0.87,0.87,0.87,GB,25NOV02CARGB,0.43,0.58
2025-10-29 03:00:00,0.87,0.87,0.87,GB,25NOV02CARGB,0.05,0.66
2025-10-29 04:00:00,0.87,0.87,0.87,GB,25NOV02CARGB,0.44,0.43
2025-10-29 05:00:00,0.87,0.87,0.87,GB,25NOV02CARGB,0.63,0.03
2025-10-29 06:00:00,0.87,0.87,0.87,GB,25NOV02CARGB,0.67,0.03
2025-10-29 07:00:00,0.87,0.87,0.87,GB,25NOV02CARGB,0.58,0.03
2025-10-29 08:00:00,0.87,0.87,0.87,GB,25NOV02CARGB,0.68,0.03
2025-10-29 09:00:00,0.87,0.87,0.87,GB,25NOV02CARGB,0.52,0.12
2025-10-29 10:00:00,0.87,0.87,0.87,GB,25NOV02CARGB,0.53,0.12
2025-10-29 11:00:00,0.87,0.87,0.87,GB,25NOV02CARGB,0.47,0.05
2025-10-29 12:00:00,0.87,0.87,0.87,GB,25NOV02CARGB,0.44,0.38
2025-10-29 13:00:00,0.88,0.88,0.86,GB,25NOV02CARGB,0.56,0.06
2025-10-29 14:00:00,0.88,0.88,0.88,GB,25NOV02CARGB,0.47,0.49
2025-10-29 15:00:00,0.88,0.88,0.88,GB,25NOV02CARGB,0.35,0.59
2025-10-29 16:00:00,0.88,0.88,0.88,GB,25NOV02CARGB,0.52,0.33
2025-10-29 17:00:00,0.88,0.88,0.87,GB,25NOV02CARGB,0.48,0.37
2025-10-29 18:00:00,0.88,0.88,0.88,GB,25NOV02CARGB,0.53,0.04
2025-10-29 19:00:00,0.88,0.88,0.87,GB,25NOV02CARGB,0.4,0.41
2025-10-29 20:00:00,0.88,0.88,0.88,GB,25NOV02CARGB,0.16,0.66
2025-10-29 21:00:00,0.88,0.88,0.87,GB,25NOV02CARGB,0.42,0.39
2025-10-29 22:00:00,0.88,0.88,0.87,GB,25NOV02CARGB,0.31,0.58
2025-10-29 23:00:00,0.88,0.88,0.88,GB,25NOV02CARGB,0.3,0.53
2025-10-30 00:00:00,0.88,0.88,0.88,GB,25NOV02CARGB,0.23,0.69
2025-10-30 01:00:00,0.88,0.88,0.88,GB,25NOV02CARGB,0.6,0.69
2025-10-30 02:00:00,0.88,0.88,0.88,GB,25NOV02CARGB,0.21,0.47
2025-10-30 03:00:00,0.89,0.89,0.89,GB,25NOV02CARGB,0.21,0.47
2025-10-30 04:00:00,0.89,0.89,0.89,GB,25NOV02CARGB,0.21,0.47
2025-10-30 05:00:00,0.89,0.89,0.89,GB,25NOV02CARGB,0.21,0.47
2025-10-30 06:00:00,0.89,0.89,0.89,GB,25NOV02CARGB,0.59,0.47
2025-10-30 07:00:00,0.89,0.89,0.88,GB,25NOV02CARGB,-0.03,0.66
2025-10-30 08:00:00,0.89,0.89,0.88,GB,25NOV02CARGB,0.56,0.11
2025-10-30 09:00:00,0.89,0.89,0.88,GB,25NOV02CARGB,0.55,0.11
2025-10-30 10:00:00,0.89,0.89,0.88,GB,25NOV02CARGB,0.55,0.11
2025-10-30 11:00:00,0.89,0.89,0.88,GB,25NOV02CARGB,0.4,0.11
2025-10-30 12:00:00,0.89,0.89,0.88,GB,25NOV02CARGB,-0.05,0.57
2025-10-30 13:00:00,0.89,0.89,0.89,GB,25NOV02CARGB,0.31,0.92
2025-10-30 14:00:00,0.89,0.89,0.88,GB,25NOV02CARGB,0.73,0.92
2025-10-30 15:00:00,0.89,0.89,0.89,GB,25NOV02CARGB,0.73,0.92
2025-10-30 16:00:00,0.89,0.89,0.89,GB,25NOV02CARGB,0.58,0.3
2025-10-30 17:00:00,0.89,0.89,0.88,GB,25NOV02CARGB,0.5,0.33
2025-10-30 18:00:00,0.88,0.89,0.88,GB,25NOV02CARGB,0.68,0.14
2025-10-30 19:00:00,0.88,0.88,0.88,GB,25NOV02CARGB,0.64,0.11
2025-10-30 20:00:00,0.88,0.88,0.88,GB,25NOV02CARGB,0.61,0.15
2025-10-30 21:00:00,0.88,0.88,0.87,GB,25NOV02CARGB,0.55,0.11
2025-10-30 22:00:00,0.88,0.88,0.87,GB,25NOV02CARGB,0.14,0.52
2025-10-30 23:00:00,0.88,0.88,0.87,GB,25NOV02CARGB,0.59,0.12
2025-10-31 00:00:00,0.88,0.88,0.88,GB,25NOV02CARGB,0.63,0.06
2025-10-31 01:00:00,0.88,0.88,0.88,GB,25NOV02CARGB,0.7,0.06
2025-10-31 02:00:00,0.88,0.88,0.87,GB,25NOV02CARGB,0.52,0.08
2025-10-31 03:00:00,0.88,0.88,0.87,GB,25NOV02CARGB,0.56,0.08
2025-10-31 04:00:00,0.88,0.88,0.88,GB,25NOV02CARGB,0.56,0.08
2025-10-31 05:00:00,0.88,0.88,0.88,GB,25NOV02CARGB,0.56,0.08
2025-10-31 06:00:00,0.88,0.88,0.88,GB,25NOV02CARGB,0.66,0.08
2025-10-31 07:00:00,0.88,0.88,0.88,GB,25NOV02CARGB,0.58,0.08
2025-10-31 08:00:00,0.88,0.88,0.88,GB,25NOV02CARGB,0.58,0.08
2025-10-31 09:00:00,0.88,0.88,0.88,GB,25NOV02CARGB,0.54,0.08
2025-10-31 10:00:00,0.88,0.88,0.88,GB,25NOV02CARGB,0.54,0.08
2025-10-31 11:00:00,0.88,0.88,0.88,GB,25NOV02CARGB,-0.19,0.61
2025-10-31 12:00:00,0.88,0.88,0.88,GB,25NOV02CARGB,0.54,0.61
2025-10-31 13:00:00,0.88,0.88,0.88,GB,25NOV02CARGB,0.27,0.46
2025-10-31 14:00:00,0.88,0.88,0.87,GB,25NOV02CARGB,0.59,0.46
2025-10-31 15:00:00,0.88,0.88,0.88,GB,25NOV02CARGB,0.6,0.05
2025-10-31 16:00:00,0.88,0.88,0.88,GB,25NOV02CARGB,0.57,0.5
2025-10-31 17:00:00,0.88,0.88,0.87,GB,25NOV02CARGB,0.63,0.5
2025-10-31 18:00:00,0.88,0.88,0.88,GB,25NOV02CARGB,0.12,0.71
2025-10-31 19:00:00,0.88,0.88,0.88,GB,25NOV02CARGB,-0.62,0.03
2025-10-31 20:00:00,0.88,0.88,0.87,GB,25NOV02CARGB,0.07,0.64
2025-10-31 21:00:00,0.88,0.88,0.88,GB,25NOV02CARGB,0.07,0.64
2025-10-31 22:00:00,0.88,0.88,0.88,GB,25NOV02CARGB,0.55,0.64
2025-10-31 23:00:00,0.88,0.88,0.88,GB,25NOV02CARGB,0.55,0.64
2025-11-01 00:00:00,0.87,0.88,0.87,GB,25NOV02CARGB,-0.42,0.64
2025-11-01 01:00:00,0.88,0.88,0.88,GB,25NOV02CARGB,-0.04,0.57
2025-11-01 02:00:00,0.88,0.88,0.87,GB,25NOV02CARGB,0.55,0.16
2025-11-01 03:00:00,0.88,0.88,0.87,GB,25NOV02CARGB,0.58,0.02
2025-11-01 04:00:00,0.88,0.88,0.87,GB,25NOV02CARGB,0.55,0.05
2025-11-01 05:00:00,0.88,0.88,0.88,GB,25NOV02CARGB,0.55,0.05
2025-11-01 06:00:00,0.88,0.88,0.87,GB,25NOV02CARGB,0.5,0.04
2025-11-01 07:00:00,0.88,0.88,0.88,GB,25NOV02CARGB,0.52,0.04
2025-11-01 08:00:00,0.88,0.88,0.88,GB,25NOV02CARGB,0.52,0.04
2025-11-01 09:00:00,0.88,0.88,0.88,GB,25NOV02CARGB,0.52,0.04
2025-11-01 10:00:00,0.88,0.88,0.88,GB,25NOV02CARGB,0.52,0.04
2025-11-01 11:00:00,0.88,0.88,0.88,GB,25NOV02CARGB,-0.47,0.04
2025-11-01 12:00:00,0.88,0.88,0.88,GB,25NOV02CARGB,-0.12,0.95
2025-11-01 13:00:00,0.88,0.88,0.88,GB,25NOV02CARGB,-0.08,0.72
2025-11-01 14:00:00,0.88,0.88,0.88,GB,25NOV02CARGB,0.15,0.79
2025-11-01 15:00:00,0.88,0.88,0.87,GB,25NOV02CARGB,-0.55,0.06
2025-11-01 16:00:00,0.88,0.88,0.87,GB,25NOV02CARGB,0.64,0.17
2025-11-01 17:00:00,0.88,0.88,0.88,GB,25NOV02CARGB,0.62,0.02
2025-11-01 18:00:00,0.88,0.88,0.87,GB,25NOV02CARGB,0.3,0.51
2025-11-01 19:00:00,0.88,0.88,0.87,GB,25NOV02CARGB,0.46,0.51
2025-11-01 20:00:00,0.88,0.88,0.87,GB,25NOV02CARGB,0.46,0.51
2025-11-01 21:00:00,0.88,0.88,0.87,GB,25NOV02CARGB,0.46,0.05
2025-11-01 22:00:00,0.88,0.88,0.87,GB,25NOV02CARGB,0.56,0.08
2025-11-01 23:00:00,0.88,0.88,0.88,GB,25NOV02CARGB,-0.01,0.59
2025-11-02 00:00:00,0.88,0.88,0.87,GB,25NOV02CARGB,0.11,0.52
2025-11-02 01:00:00,0.88,0.88,0.87,GB,25NOV02CARGB,0.19,0.5
2025-11-02 02:00:00,0.88,0.88,0.87,GB,25NOV02CARGB,-0.42,0.5
2025-11-02 03:00:00,0.88,0.88,0.87,GB,25NOV02CARGB,0.28,0.52
2025-11-02 04:00:00,0.88,0.88,0.87,GB,25NOV02CARGB,-0.44,0.08
2025-11-02 05:00:00,0.88,0.88,0.87,GB,25NOV02CARGB,-0.08,0.8
2025-11-02 06:00:00,0.88,0.88,0.87,GB,25NOV02CARGB,0.44,0.04
2025-11-02 07:00:00,0.88,0.88,0.87,GB,25NOV02CARGB,0.47,0.04
2025-11-02 08:00:00,0.88,0.88,0.87,GB,25NOV02CARGB,0.47,0.04
2025-11-02 09:00:00,0.88,0.88,0.88,GB,25NOV02CARGB,0.47,0.04
2025-11-02 10:00:00,0.88,0.88,0.88,GB,25NOV02CARGB,0.07,0.68
2025-11-02 11:00:00,0.88,0.88,0.87,GB,25NOV02CARGB,0.07,0.68
2025-11-02 12:00:00,0.87,0.88,0.87,GB,25NOV02CARGB,0.47,0.13
2025-11-02 13:00:00,0.88,0.88,0.87,GB,25NOV02CARGB,-0.03,0.47
2025-11-02 14:00:00,0.88,0.88,0.87,GB,25NOV02CARGB,-0.05,0.67
2025-11-02 15:00:00,0.88,0.88,0.87,GB,25NOV02CARGB,-0.42,0.67
2025-11-02 16:00:00,0.88,0.88,0.87,GB,25NOV02CARGB,0.31,0.42
2025-11-02 17:00:00,0.87,0.88,0.86,GB,25NOV02CARGB,0.35,0.47
2025-11-02 18:00:00,0.87,0.87,0.86,GB,25NOV02CARGB,0.6,0.43
2025-11-02 19:00:00,0.83,0.93,0.76,GB,25NOV02CARGB,0.28,0.97
2025-11-02 20:00:00,0.76,0.83,0.68,GB,25NOV02CARGB,0.63,0.18
2025-11-02 21:00:00,0.16,0.76,0.07,GB,25NOV02CARGB,0.28,0.67
2025-10-27 13:00:00,0.13,0.15,0.13,CAR,25NOV02CARGB,-0.05,0.68
2025-10-27 14:00:00,0.15,0.15,0.14,CAR,25NOV02CARGB,-0.05,0.68
2025-10-27 15:00:00,0.15,0.15,0.15,CAR,25NOV02CARGB,-0.41,0.68
2025-10-27 16:00:00,0.15,0.16,0.15,CAR,25NOV02CARGB,-0.41,0.68
2025-10-27 17:00:00,0.15,0.15,0.15,CAR,25NOV02CARGB,-0.52,0.68
2025-10-27 18:00:00,0.16,0.16,0.16,CAR,25NOV02CARGB,-0.03,0.67
2025-10-27 19:00:00,0.16,0.16,0.16,CAR,25NOV02CARGB,-0.03,0.67
2025-10-27 20:00:00,0.16,0.16,0.16,CAR,25NOV02CARGB,-0.03,0.67
2025-10-27 21:00:00,0.16,0.16,0.16,CAR,25NOV02CARGB,-0.03,0.67
2025-10-27 22:00:00,0.16,0.16,0.16,CAR,25NOV02CARGB,-0.03,0.67
2025-10-27 23:00:00,0.15,0.16,0.15,CAR,25NOV02CARGB,-0.44,0.54
2025-10-28 00:00:00,0.15,0.15,0.15,CAR,25NOV02CARGB,-0.64,0.04
2025-10-28 01:00:00,0.15,0.15,0.14,CAR,25NOV02CARGB,-0.59,0.05
2025-10-28 02:00:00,0.15,0.15,0.14,CAR,25NOV02CARGB,-0.66,0.05
2025-10-28 03:00:00,0.14,0.15,0.14,CAR,25NOV02CARGB,-0.54,0.05
2025-10-28 04:00:00,0.14,0.15,0.14,CAR,25NOV02CARGB,-0.55,0.06
2025-10-28 05:00:00,0.15,0.15,0.15,CAR,25NOV02CARGB,-0.36,0.06
2025-10-28 06:00:00,0.15,0.15,0.14,CAR,25NOV02CARGB,-0.36,0.06
2025-10-28 07:00:00,0.15,0.15,0.15,CAR,25NOV02CARGB,-0.36,0.06
2025-10-28 08:00:00,0.15,0.15,0.15,CAR,25NOV02CARGB,-0.36,0.06
2025-10-28 09:00:00,0.15,0.15,0.15,CAR,25NOV02CARGB,0.4,0.06
2025-10-28 10:00:00,0.15,0.15,0.15,CAR,25NOV02CARGB,0.4,0.06
2025-10-28 11:00:00,0.15,0.15,0.15,CAR,25NOV02CARGB,0.4,0.06
2025-10-28 12:00:00,0.15,0.15,0.15,CAR,25NOV02CARGB,0.4,0.06
2025-10-28 13:00:00,0.14,0.15,0.14,CAR,25NOV02CARGB,-0.51,0.0
2025-10-28 14:00:00,0.14,0.14,0.14,CAR,25NOV02CARGB,-0.51,0.0
2025-10-28 15:00:00,0.13,0.14,0.13,CAR,25NOV02CARGB,-0.51,0.0
2025-10-28 16:00:00,0.14,0.14,0.14,CAR,25NOV02CARGB,0.02,0.53
2025-10-28 17:00:00,0.14,0.14,0.14,CAR,25NOV02CARGB,-0.21,0.63
2025-10-28 18:00:00,0.14,0.14,0.13,CAR,25NOV02CARGB,-0.61,0.05
2025-10-28 19:00:00,0.13,0.14,0.13,CAR,25NOV02CARGB,-0.42,0.35
2025-10-28 20:00:00,0.14,0.14,0.14,CAR,25NOV02CARGB,-0.01,0.6
2025-10-28 21:00:00,0.14,0.14,0.14,CAR,25NOV02CARGB,-0.16,0.71
2025-10-28 22:00:00,0.14,0.14,0.14,CAR,25NOV02CARGB,0.01,0.53
2025-10-28 23:00:00,0.14,0.14,0.14,CAR,25NOV02CARGB,-0.37,0.4
2025-10-29 00:00:00,0.14,0.14,0.14,CAR,25NOV02CARGB,-0.37,0.4
2025-10-29 01:00:00,0.14,0.14,0.13,CAR,25NOV02CARGB,-0.37,0.4
2025-10-29 02:00:00,0.14,0.14,0.13,CAR,25NOV02CARGB,-0.47,0.4
2025-10-29 03:00:00,0.14,0.14,0.14,CAR,25NOV02CARGB,-0.47,0.4
2025-10-29 04:00:00,0.14,0.14,0.14,CAR,25NOV02CARGB,-0.47,0.4
2025-10-29 05:00:00,0.14,0.14,0.14,CAR,25NOV02CARGB,-0.47,0.4
2025-10-29 06:00:00,0.14,0.14,0.14,CAR,25NOV02CARGB,-0.47,0.4
2025-10-29 07:00:00,0.14,0.14,0.14,CAR,25NOV02CARGB,-0.47,0.4
2025-10-29 08:00:00,0.14,0.14,0.14,CAR,25NOV02CARGB,-0.47,0.4
2025-10-29 09:00:00,0.14,0.14,0.14,CAR,25NOV02CARGB,-0.46,0.4
2025-10-29 10:00:00,0.14,0.14,0.14,CAR,25NOV02CARGB,-0.46,0.4
2025-10-29 11:00:00,0.13,0.13,0.13,CAR,25NOV02CARGB,-0.46,0.4
2025-10-29 12:00:00,0.13,0.13,0.13,CAR,25NOV02CARGB,-0.46,0.4
2025-10-29 13:00:00,0.13,0.13,0.12,CAR,25NOV02CARGB,-0.46,0.4
2025-10-29 14:00:00,0.13,0.13,0.12,CAR,25NOV02CARGB,-0.46,0.4
2025-10-29 15:00:00,0.13,0.13,0.13,CAR,25NOV02CARGB,-0.39,0.5
2025-10-29 16:00:00,0.13,0.13,0.13,CAR,25NOV02CARGB,-0.54,0.1
2025-10-29 17:00:00,0.13,0.13,0.13,CAR,25NOV02CARGB,-0.5,0.09
2025-10-29 18:00:00,0.13,0.13,0.12,CAR,25NOV02CARGB,-0.35,0.43
2025-10-29 19:00:00,0.13,0.13,0.13,CAR,25NOV02CARGB,-0.01,0.57
2025-10-29 20:00:00,0.13,0.13,0.13,CAR,25NOV02CARGB,0.25,0.69
2025-10-29 21:00:00,0.13,0.13,0.13,CAR,25NOV02CARGB,0.56,0.69
2025-10-29 22:00:00,0.13,0.13,0.12,CAR,25NOV02CARGB,0.29,0.54
2025-10-29 23:00:00,0.12,0.13,0.12,CAR,25NOV02CARGB,0.29,0.54
2025-10-30 00:00:00,0.12,0.12,0.12,CAR,25NOV02CARGB,0.31,0.43
2025-10-30 01:00:00,0.12,0.12,0.12,CAR,25NOV02CARGB,0.46,0.43
2025-10-30 02:00:00,0.12,0.12,0.12,CAR,25NOV02CARGB,0.46,0.43
2025-10-30 03:00:00,0.12,0.12,0.12,CAR,25NOV02CARGB,0.46,0.43
2025-10-30 04:00:00,0.12,0.12,0.12,CAR,25NOV02CARGB,0.46,0.43
2025-10-30 05:00:00,0.12,0.12,0.12,CAR,25NOV02CARGB,0.46,0.43
2025-10-30 06:00:00,0.12,0.12,0.11,CAR,25NOV02CARGB,0.46,0.43
2025-10-30 07:00:00,0.12,0.12,0.11,CAR,25NOV02CARGB,0.46,0.43
2025-10-30 08:00:00,0.12,0.12,0.11,CAR,25NOV02CARGB,0.46,0.43
2025-10-30 09:00:00,0.12,0.12,0.11,CAR,25NOV02CARGB,0.46,0.43
2025-10-30 10:00:00,0.12,0.12,0.12,CAR,25NOV02CARGB,0.46,0.43
2025-10-30 11:00:00,0.12,0.12,0.12,CAR,25NOV02CARGB,0.46,0.43
2025-10-30 12:00:00,0.12,0.12,0.12,CAR,25NOV02CARGB,0.46,0.43
2025-10-30 13:00:00,0.12,0.12,0.12,CAR,25NOV02CARGB,0.46,0.43
2025-10-30 14:00:00,0.12,0.12,0.12,CAR,25NOV02CARGB,-0.02,0.79
2025-10-30 15:00:00,0.12,0.12,0.12,CAR,25NOV02CARGB,-0.21,0.54
2025-10-30 16:00:00,0.12,0.12,0.11,CAR,25NOV02CARGB,-0.21,0.54
2025-10-30 17:00:00,0.12,0.12,0.11,CAR,25NOV02CARGB,-0.51,0.04
2025-10-30 18:00:00,0.12,0.12,0.12,CAR,25NOV02CARGB,0.03,0.61
2025-10-30 19:00:00,0.12,0.13,0.12,CAR,25NOV02CARGB,0.4,0.61
2025-10-30 20:00:00,0.13,0.13,0.13,CAR,25NOV02CARGB,-0.08,0.62
2025-10-30 21:00:00,0.13,0.13,0.13,CAR,25NOV02CARGB,0.2,0.64
2025-10-30 22:00:00,0.13,0.13,0.13,CAR,25NOV02CARGB,-0.51,0.01
2025-10-30 23:00:00,0.13,0.13,0.13,CAR,25NOV02CARGB,-0.51,0.01
2025-10-31 00:00:00,0.13,0.13,0.12,CAR,25NOV02CARGB,-0.51,0.01
2025-10-31 01:00:00,0.13,0.13,0.13,CAR,25NOV02CARGB,-0.07,0.74
2025-10-31 02:00:00,0.13,0.13,0.12,CAR,25NOV02CARGB,0.62,0.02
2025-10-31 03:00:00,0.13,0.13,0.12,CAR,25NOV02CARGB,-0.52,0.02
2025-10-31 04:00:00,0.13,0.14,0.12,CAR,25NOV02CARGB,0.6,0.02
2025-10-31 05:00:00,0.13,0.13,0.12,CAR,25NOV02CARGB,0.6,0.02
2025-10-31 06:00:00,0.13,0.13,0.12,CAR,25NOV02CARGB,0.41,0.02
2025-10-31 07:00:00,0.13,0.13,0.13,CAR,25NOV02CARGB,0.41,0.02
2025-10-31 08:00:00,0.13,0.13,0.13,CAR,25NOV02CARGB,-0.37,0.02
2025-10-31 09:00:00,0.13,0.13,0.13,CAR,25NOV02CARGB,-0.37,0.02
2025-10-31 10:00:00,0.13,0.13,0.13,CAR,25NOV02CARGB,-0.37,0.02
2025-10-31 11:00:00,0.13,0.13,0.13,CAR,25NOV02CARGB,0.32,0.02
2025-10-31 12:00:00,0.13,0.13,0.13,CAR,25NOV02CARGB,0.32,0.02
2025-10-31 13:00:00,0.13,0.13,0.13,CAR,25NOV02CARGB,0.32,0.02
2025-10-31 14:00:00,0.13,0.13,0.12,CAR,25NOV02CARGB,0.34,0.39
2025-10-31 15:00:00,0.13,0.13,0.13,CAR,25NOV02CARGB,0.34,0.39
2025-10-31 16:00:00,0.13,0.13,0.13,CAR,25NOV02CARGB,-0.01,0.95
2025-10-31 17:00:00,0.13,0.13,0.12,CAR,25NOV02CARGB,0.43,0.49
2025-10-31 18:00:00,0.13,0.13,0.12,CAR,25NOV02CARGB,0.31,0.54
2025-10-31 19:00:00,0.13,0.13,0.12,CAR,25NOV02CARGB,-0.19,0.57
2025-10-31 20:00:00,0.13,0.13,0.12,CAR,25NOV02CARGB,-0.09,0.57
2025-10-31 21:00:00,0.13,0.13,0.13,CAR,25NOV02CARGB,-0.56,0.08
2025-10-31 22:00:00,0.13,0.13,0.12,CAR,25NOV02CARGB,-0.08,0.82
2025-10-31 23:00:00,0.13,0.13,0.13,CAR,25NOV02CARGB,-0.17,0.49
2025-11-01 00:00:00,0.13,0.13,0.12,CAR,25NOV02CARGB,-0.36,0.49
2025-11-01 01:00:00,0.13,0.13,0.12,CAR,25NOV02CARGB,-0.36,0.49
2025-11-01 02:00:00,0.13,0.13,0.13,CAR,25NOV02CARGB,-0.36,0.49
2025-11-01 03:00:00,0.13,0.13,0.12,CAR,25NOV02CARGB,-0.36,0.49
2025-11-01 04:00:00,0.13,0.13,0.13,CAR,25NOV02CARGB,-0.4,0.49
2025-11-01 05:00:00,0.13,0.13,0.13,CAR,25NOV02CARGB,-0.4,0.49
2025-11-01 06:00:00,0.13,0.13,0.12,CAR,25NOV02CARGB,-0.4,0.49
2025-11-01 07:00:00,0.13,0.13,0.13,CAR,25NOV02CARGB,-0.4,0.49
2025-11-01 08:00:00,0.13,0.13,0.13,CAR,25NOV02CARGB,-0.4,0.49
2025-11-01 09:00:00,0.13,0.13,0.13,CAR,25NOV02CARGB,-0.4,0.49
2025-11-01 10:00:00,0.13,0.13,0.13,CAR,25NOV02CARGB,-0.4,0.49
2025-11-01 11:00:00,0.13,0.13,0.13,CAR,25NOV02CARGB,-0.4,0.49
2025-11-01 12:00:00,0.13,0.13,0.13,CAR,25NOV02CARGB,-0.4,0.49
2025-11-01 13:00:00,0.13,0.13,0.13,CAR,25NOV02CARGB,-0.49,0.49
2025-11-01 14:00:00,0.13,0.13,0.13,CAR,25NOV02CARGB,-0.49,0.49
2025-11-01 15:00:00,0.13,0.13,0.12,CAR,25NOV02CARGB,-0.49,0.49
2025-11-01 16:00:00,0.13,0.13,0.12,CAR,25NOV02CARGB,0.46,0.49
2025-11-01 17:00:00,0.13,0.13,0.12,CAR,25NOV02CARGB,-0.68,0.02
2025-11-01 18:00:00,0.13,0.13,0.13,CAR,25NOV02CARGB,-0.68,0.02
2025-11-01 19:00:00,0.13,0.13,0.13,CAR,25NOV02CARGB,-0.68,0.02
2025-11-01 20:00:00,0.13,0.13,0.12,CAR,25NOV02CARGB,0.43,0.02
2025-11-01 21:00:00,0.13,0.13,0.13,CAR,25NOV02CARGB,-0.48,0.15
2025-11-01 22:00:00,0.13,0.13,0.13,CAR,25NOV02CARGB,-0.32,0.5
2025-11-01 23:00:00,0.13,0.13,0.12,CAR,25NOV02CARGB,-0.61,0.5
2025-11-02 00:00:00,0.13,0.13,0.12,CAR,25NOV02CARGB,0.54,0.5
2025-11-02 01:00:00,0.13,0.13,0.13,CAR,25NOV02CARGB,0.54,0.5
2025-11-02 02:00:00,0.13,0.13,0.13,CAR,25NOV02CARGB,0.54,0.5
2025-11-02 03:00:00,0.13,0.13,0.13,CAR,25NOV02CARGB,0.52,0.5
2025-11-02 04:00:00,0.13,0.13,0.12,CAR,25NOV02CARGB,-0.55,0.02
2025-11-02 05:00:00,0.13,0.13,0.12,CAR,25NOV02CARGB,-0.55,0.02
2025-11-02 06:00:00,0.14,0.14,0.12,CAR,25NOV02CARGB,-0.55,0.02
2025-11-02 07:00:00,0.13,0.14,0.13,CAR,25NOV02CARGB,-0.55,0.02
2025-11-02 08:00:00,0.14,0.14,0.14,CAR,25NOV02CARGB,-0.55,0.02
2025-11-02 09:00:00,0.14,0.14,0.13,CAR,25NOV02CARGB,-0.55,0.02
2025-11-02 10:00:00,0.14,0.14,0.13,CAR,25NOV02CARGB,-0.49,0.02
2025-11-02 11:00:00,0.14,0.14,0.13,CAR,25NOV02CARGB,-0.49,0.02
2025-11-02 12:00:00,0.14,0.14,0.13,CAR,25NOV02CARGB,-0.49,0.02
2025-11-02 13:00:00,0.13,0.14,0.13,CAR,25NOV02CARGB,-0.49,0.02
2025-11-02 14:00:00,0.13,0.14,0.12,CAR,25NOV02CARGB,0.35,0.35
2025-11-02 15:00:00,0.14,0.14,0.12,CAR,25NOV02CARGB,0.18,0.56
2025-11-02 16:00:00,0.13,0.14,0.12,CAR,25NOV02CARGB,-0.07,0.55
2025-11-02 17:00:00,0.14,0.14,0.12,CAR,25NOV02CARGB,0.7,0.23
2025-11-02 18:00:00,0.14,0.14,0.13,CAR,25NOV02CARGB,-0.43,0.88
2025-11-02 19:00:00,0.18,0.25,0.07,CAR,25NOV02CARGB,0.06,0.87
2025-11-02 20:00:00,0.26,0.34,0.16,CAR,25NOV02CARGB,0.72,0.25
2025-11-02 21:00:00,0.84,0.92,0.13,CAR,25NOV02CARGB,0.34,0.67
2025-10-31 02:00:00,0.2,0.2,0.2,MIN,25NOV02MINDET,0.62,0.0
2025-10-31 03:00:00,0.2,0.2,0.19,MIN,25NOV02MINDET,0.62,0.0
2025-10-31 04:00:00,0.2,0.2,0.19,MIN,25NOV02MINDET,0.53,0.0
2025-10-31 05:00:00,0.2,0.2,0.19,MIN,25NOV02MINDET,0.53,0.0
2025-10-31 06:00:00,0.2,0.2,0.19,MIN,25NOV02MINDET,0.53,0.0
2025-10-31 07:00:00,0.2,0.2,0.19,MIN,25NOV02MINDET,0.53,0.0
2025-10-31 08:00:00,0.2,0.2,0.2,MIN,25NOV02MINDET,0.53,0.0
2025-10-31 09:00:00,0.2,0.2,0.2,MIN,25NOV02MINDET,0.53,0.0
2025-10-31 10:00:00,0.2,0.2,0.2,MIN,25NOV02MINDET,0.53,0.0
2025-10-31 11:00:00,0.2,0.2,0.2,MIN,25NOV02MINDET,0.53,0.0
2025-10-31 12:00:00,0.2,0.2,0.2,MIN,25NOV02MINDET,0.53,0.0
2025-10-31 13:00:00,0.2,0.2,0.2,MIN,25NOV02MINDET,0.53,0.0
2025-10-31 14:00:00,0.2,0.2,0.19,MIN,25NOV02MINDET,0.53,0.0
2025-10-31 15:00:00,0.2,0.2,0.19,MIN,25NOV02MINDET,0.53,0.0
2025-10-31 16:00:00,0.21,0.21,0.2,MIN,25NOV02MINDET,0.53,0.0
2025-10-31 17:00:00,0.21,0.21,0.2,MIN,25NOV02MINDET,0.53,0.0
2025-10-31 18:00:00,0.21,0.21,0.2,MIN,25NOV02MINDET,0.53,0.0
2025-10-31 19:00:00,0.2,0.21,0.2,MIN,25NOV02MINDET,0.53,0.0
2025-10-31 20:00:00,0.2,0.21,0.2,MIN,25NOV02MINDET,0.35,0.0
2025-10-31 21:00:00,0.21,0.21,0.2,MIN,25NOV02MINDET,0.35,0.0
2025-10-31 22:00:00,0.21,0.21,0.2,MIN,25NOV02MINDET,0.35,0.0
2025-10-31 23:00:00,0.21,0.21,0.21,MIN,25NOV02MINDET,0.35,0.0
2025-11-01 00:00:00,0.21,0.21,0.21,MIN,25NOV02MINDET,0.35,0.0
2025-11-01 01:00:00,0.21,0.21,0.2,MIN,25NOV02MINDET,0.49,0.0
2025-11-01 02:00:00,0.2,0.21,0.2,MIN,25NOV02MINDET,0.49,0.0
2025-11-01 03:00:00,0.21,0.21,0.21,MIN,25NOV02MINDET,0.49,0.0
2025-11-01 04:00:00,0.2,0.21,0.2,MIN,25NOV02MINDET,0.49,0.0
2025-11-01 05:00:00,0.2,0.2,0.19,MIN,25NOV02MINDET,0.49,0.0
2025-11-01 06:00:00,0.2,0.2,0.2,MIN,25NOV02MINDET,0.49,0.0
2025-11-01 07:00:00,0.2,0.2,0.2,MIN,25NOV02MINDET,0.49,0.0
2025-11-01 08:00:00,0.2,0.2,0.2,MIN,25NOV02MINDET,0.49,0.0
2025-11-01 09:00:00,0.2,0.2,0.2,MIN,25NOV02MINDET,0.49,0.0
2025-11-01 10:00:00,0.2,0.2,0.2,MIN,25NOV02MINDET,0.49,0.0
2025-11-01 11:00:00,0.2,0.2,0.2,MIN,25NOV02MINDET,0.49,0.0
2025-11-01 12:00:00,0.2,0.2,0.2,MIN,25NOV02MINDET,0.49,0.0
2025-11-01 13:00:00,0.2,0.21,0.2,MIN,25NOV02MINDET,0.49,0.0
2025-11-01 14:00:00,0.2,0.2,0.2,MIN,25NOV02MINDET,0.49,0.0
2025-11-01 15:00:00,0.19,0.2,0.19,MIN,25NOV02MINDET,0.49,0.0
2025-11-01 16:00:00,0.2,0.2,0.2,MIN,25NOV02MINDET,0.49,0.0
2025-11-01 17:00:00,0.21,0.21,0.2,MIN,25NOV02MINDET,0.49,0.0
2025-11-01 18:00:00,0.21,0.21,0.21,MIN,25NOV02MINDET,0.49,0.0
2025-11-01 19:00:00,0.21,0.21,0.2,MIN,25NOV02MINDET,0.49,0.0
2025-11-01 20:00:00,0.2,0.21,0.19,MIN,25NOV02MINDET,0.49,0.0
2025-11-01 21:00:00,0.2,0.2,0.19,MIN,25NOV02MINDET,0.53,0.03
2025-11-01 22:00:00,0.2,0.2,0.2,MIN,25NOV02MINDET,0.53,0.03
2025-11-01 23:00:00,0.2,0.2,0.19,MIN,25NOV02MINDET,0.53,0.03
2025-11-02 00:00:00,0.2,0.2,0.19,MIN,25NOV02MINDET,0.53,0.03
2025-11-02 01:00:00,0.2,0.2,0.2,MIN,25NOV02MINDET,0.53,0.03
2025-11-02 02:00:00,0.2,0.2,0.2,MIN,25NOV02MINDET,0.53,0.03
2025-11-02 03:00:00,0.2,0.2,0.2,MIN,25NOV02MINDET,0.53,0.03
2025-11-02 04:00:00,0.2,0.2,0.19,MIN,25NOV02MINDET,0.53,0.03
2025-11-02 05:00:00,0.21,0.21,0.19,MIN,25NOV02MINDET,0.42,0.03
2025-11-02 06:00:00,0.21,0.21,0.2,MIN,25NOV02MINDET,0.42,0.03
2025-11-02 07:00:00,0.2,0.21,0.2,MIN,25NOV02MINDET,0.42,0.03
2025-11-02 08:00:00,0.21,0.21,0.2,MIN,25NOV02MINDET,0.42,0.03
2025-11-02 09:00:00,0.21,0.21,0.2,MIN,25NOV02MINDET,0.42,0.03
2025-11-02 10:00:00,0.21,0.21,0.21,MIN,25NOV02MINDET,0.42,0.03
2025-11-02 11:00:00,0.21,0.21,0.21,MIN,25NOV02MINDET,0.42,0.03
2025-11-02 12:00:00,0.19,0.21,0.19,MIN,25NOV02MINDET,0.42,0.03
2025-11-02 13:00:00,0.2,0.21,0.2,MIN,25NOV02MINDET,0.42,0.03
2025-11-02 14:00:00,0.2,0.21,0.19,MIN,25NOV02MINDET,0.42,0.03
2025-11-02 15:00:00,0.2,0.21,0.19,MIN,25NOV02MINDET,0.45,0.03
2025-11-02 16:00:00,0.2,0.2,0.19,MIN,25NOV02MINDET,0.71,0.03
2025-11-02 17:00:00,0.2,0.2,0.19,MIN,25NOV02MINDET,0.22,0.47
2025-11-02 18:00:00,0.2,0.2,0.19,MIN,25NOV02MINDET,0.22,0.47
2025-11-02 19:00:00,0.27,0.47,0.12,MIN,25NOV02MINDET,0.22,0.47
2025-11-02 20:00:00,0.44,0.48,0.25,MIN,25NOV02MINDET,0.22,0.47
2025-11-02 21:00:00,0.94,0.98,0.35,MIN,25NOV02MINDET,0.18,0.63
2025-10-26 22:00:00,0.55,0.55,0.54,CIN,25NOV02CHICIN,-0.77,0.19
2025-10-26 23:00:00,0.55,0.55,0.55,CIN,25NOV02CHICIN,-0.79,0.12
2025-10-27 00:00:00,0.45,0.48,0.45,CIN,25NOV02CHICIN,-0.76,0.09
2025-10-27 01:00:00,0.47,0.47,0.47,CIN,25NOV02CHICIN,-0.64,0.11
2025-10-27 02:00:00,0.47,0.47,0.47,CIN,25NOV02CHICIN,-0.62,0.09
2025-10-27 03:00:00,0.47,0.47,0.46,CIN,25NOV02CHICIN,-0.7,0.09
2025-10-27 04:00:00,0.48,0.48,0.45,CIN,25NOV02CHICIN,-0.7,0.09
2025-10-27 05:00:00,0.46,0.47,0.46,CIN,25NOV02CHICIN,-0.54,0.01
2025-10-27 06:00:00,0.46,0.46,0.46,CIN,25NOV02CHICIN,-0.54,0.01
2025-10-27 07:00:00,0.46,0.46,0.46,CIN,25NOV02CHICIN,-0.54,0.01
2025-10-27 08:00:00,0.46,0.46,0.46,CIN,25NOV02CHICIN,-0.54,0.01
2025-10-27 09:00:00,0.46,0.46,0.46,CIN,25NOV02CHICIN,-0.54,0.01
2025-10-27 10:00:00,0.46,0.46,0.46,CIN,25NOV02CHICIN,-0.54,0.01
2025-10-27 11:00:00,0.46,0.46,0.46,CIN,25NOV02CHICIN,-0.54,0.01
2025-10-27 12:00:00,0.46,0.46,0.46,CIN,25NOV02CHICIN,-0.52,0.01
2025-10-27 13:00:00,0.46,0.46,0.46,CIN,25NOV02CHICIN,-0.81,0.01
2025-10-27 14:00:00,0.46,0.46,0.46,CIN,25NOV02CHICIN,-0.65,0.07
2025-10-27 15:00:00,0.47,0.47,0.46,CIN,25NOV02CHICIN,-0.48,0.12
2025-10-27 16:00:00,0.47,0.47,0.47,CIN,25NOV02CHICIN,-0.53,0.1
2025-10-27 17:00:00,0.47,0.47,0.47,CIN,25NOV02CHICIN,-0.48,0.0
2025-10-27 18:00:00,0.46,0.47,0.45,CIN,25NOV02CHICIN,-0.58,0.03
2025-10-27 19:00:00,0.46,0.46,0.46,CIN,25NOV02CHICIN,-0.58,0.03
2025-10-27 20:00:00,0.46,0.46,0.46,CIN,25NOV02CHICIN,-0.58,0.03
2025-10-27 21:00:00,0.46,0.46,0.46,CIN,25NOV02CHICIN,-0.73,0.08
2025-10-27 22:00:00,0.46,0.46,0.46,CIN,25NOV02CHICIN,-0.11,0.81
2025-10-27 23:00:00,0.46,0.46,0.46,CIN,25NOV02CHICIN,-0.54,0.13
2025-10-28 00:00:00,0.44,0.46,0.44,CIN,25NOV02CHICIN,-0.51,0.02
2025-10-28 01:00:00,0.44,0.44,0.44,CIN,25NOV02CHICIN,-0.57,0.06
2025-10-28 02:00:00,0.44,0.44,0.44,CIN,25NOV02CHICIN,-0.44,0.06
2025-10-28 03:00:00,0.43,0.43,0.42,CIN,25NOV02CHICIN,-0.57,0.06
2025-10-28 04:00:00,0.44,0.44,0.42,CIN,25NOV02CHICIN,-0.6,0.06
2025-10-28 05:00:00,0.44,0.44,0.43,CIN,25NOV02CHICIN,-0.6,0.06
2025-10-28 06:00:00,0.43,0.44,0.43,CIN,25NOV02CHICIN,-0.47,0.04
2025-10-28 07:00:00,0.43,0.43,0.43,CIN,25NOV02CHICIN,-0.44,0.04
2025-10-28 08:00:00,0.44,0.44,0.44,CIN,25NOV02CHICIN,-0.44,0.04
2025-10-28 09:00:00,0.44,0.44,0.44,CIN,25NOV02CHICIN,-0.44,0.04
2025-10-28 10:00:00,0.44,0.44,0.44,CIN,25NOV02CHICIN,-0.48,0.04
2025-10-28 11:00:00,0.44,0.44,0.44,CIN,25NOV02CHICIN,-0.48,0.04
2025-10-28 12:00:00,0.44,0.44,0.44,CIN,25NOV02CHICIN,-0.48,0.04
2025-10-28 13:00:00,0.43,0.44,0.43,CIN,25NOV02CHICIN,-0.48,0.04
2025-10-28 14:00:00,0.44,0.44,0.43,CIN,25NOV02CHICIN,-0.48,0.04
2025-10-28 15:00:00,0.42,0.44,0.42,CIN,25NOV02CHICIN,-0.48,0.04
2025-10-28 16:00:00,0.42,0.42,0.42,CIN,25NOV02CHICIN,-0.48,0.04
2025-10-28 17:00:00,0.42,0.42,0.41,CIN,25NOV02CHICIN,-0.48,0.04
2025-10-28 18:00:00,0.42,0.42,0.42,CIN,25NOV02CHICIN,-0.47,0.04
2025-10-28 19:00:00,0.42,0.42,0.41,CIN,25NOV02CHICIN,-0.47,0.04
2025-10-28 20:00:00,0.42,0.42,0.42,CIN,25NOV02CHICIN,-0.67,0.04
2025-10-28 21:00:00,0.42,0.42,0.42,CIN,25NOV02CHICIN,-0.67,0.04
2025-10-28 22:00:00,0.42,0.42,0.42,CIN,25NOV02CHICIN,-0.4,0.0
2025-10-28 23:00:00,0.42,0.42,0.42,CIN,25NOV02CHICIN,-0.4,0.0
2025-10-29 00:00:00,0.42,0.42,0.42,CIN,25NOV02CHICIN,0.03,0.8
2025-10-29 01:00:00,0.42,0.42,0.42,CIN,25NOV02CHICIN,0.03,0.8
2025-10-29 02:00:00,0.42,0.42,0.42,CIN,25NOV02CHICIN,0.03,0.8
2025-10-29 03:00:00,0.42,0.42,0.41,CIN,25NOV02CHICIN,-0.41,0.8
2025-10-29 04:00:00,0.42,0.42,0.41,CIN,25NOV02CHICIN,-0.41,0.8
2025-10-29 05:00:00,0.42,0.42,0.42,CIN,25NOV02CHICIN,-0.41,0.8
2025-10-29 06:00:00,0.42,0.42,0.42,CIN,25NOV02CHICIN,-0.41,0.8
2025-10-29 07:00:00,0.42,0.42,0.42,CIN,25NOV02CHICIN,-0.41,0.8
2025-10-29 08:00:00,0.42,0.42,0.42,CIN,25NOV02CHICIN,-0.41,0.8
2025-10-29 09:00:00,0.42,0.42,0.42,CIN,25NOV02CHICIN,-0.41,0.8
2025-10-29 10:00:00,0.42,0.42,0.42,CIN,25NOV02CHICIN,-0.41,0.8
2025-10-29 11:00:00,0.42,0.42,0.42,CIN,25NOV02CHICIN,-0.41,0.8
2025-10-29 12:00:00,0.42,0.42,0.42,CIN,25NOV02CHICIN,-0.73,0.06
2025-10-29 13:00:00,0.41,0.42,0.41,CIN,25NOV02CHICIN,-0.63,0.14
2025-10-29 14:00:00,0.42,0.42,0.42,CIN,25NOV02CHICIN,-0.63,0.14
2025-10-29 15:00:00,0.42,0.42,0.42,CIN,25NOV02CHICIN,-0.63,0.14
2025-10-29 16:00:00,0.42,0.42,0.42,CIN,25NOV02CHICIN,-0.63,0.14
2025-10-29 17:00:00,0.42,0.42,0.42,CIN,25NOV02CHICIN,-0.56,0.02
2025-10-29 18:00:00,0.42,0.42,0.41,CIN,25NOV02CHICIN,-0.56,0.02
2025-10-29 19:00:00,0.41,0.42,0.39,CIN,25NOV02CHICIN,-0.56,0.02
2025-10-29 20:00:00,0.41,0.41,0.4,CIN,25NOV02CHICIN,-0.56,0.02
2025-10-29 21:00:00,0.41,0.41,0.4,CIN,25NOV02CHICIN,-0.56,0.02
2025-10-29 22:00:00,0.41,0.41,0.4,CIN,25NOV02CHICIN,-0.56,0.02
2025-10-29 23:00:00,0.41,0.41,0.41,CIN,25NOV02CHICIN,-0.56,0.02
2025-10-30 00:00:00,0.41,0.41,0.41,CIN,25NOV02CHICIN,-0.56,0.02
2025-10-30 01:00:00,0.41,0.42,0.4,CIN,25NOV02CHICIN,-0.17,0.53
2025-10-30 02:00:00,0.41,0.41,0.4,CIN,25NOV02CHICIN,-0.55,0.53
2025-10-30 03:00:00,0.41,0.41,0.4,CIN,25NOV02CHICIN,-0.55,0.53
2025-10-30 04:00:00,0.41,0.41,0.41,CIN,25NOV02CHICIN,-0.55,0.53
2025-10-30 05:00:00,0.41,0.41,0.41,CIN,25NOV02CHICIN,-0.55,0.53
2025-10-30 06:00:00,0.41,0.41,0.4,CIN,25NOV02CHICIN,-0.55,0.53
2025-10-30 07:00:00,0.41,0.41,0.41,CIN,25NOV02CHICIN,-0.55,0.53
2025-10-30 08:00:00,0.41,0.41,0.41,CIN,25NOV02CHICIN,-0.55,0.53
2025-10-30 09:00:00,0.41,0.41,0.41,CIN,25NOV02CHICIN,-0.55,0.53
2025-10-30 10:00:00,0.41,0.41,0.41,CIN,25NOV02CHICIN,-0.55,0.53
2025-10-30 11:00:00,0.41,0.41,0.41,CIN,25NOV02CHICIN,-0.55,0.53
2025-10-30 12:00:00,0.41,0.41,0.41,CIN,25NOV02CHICIN,-0.55,0.53
2025-10-30 13:00:00,0.41,0.41,0.4,CIN,25NOV02CHICIN,-0.54,0.03
2025-10-30 14:00:00,0.41,0.41,0.41,CIN,25NOV02CHICIN,-0.54,0.03
2025-10-30 15:00:00,0.41,0.41,0.41,CIN,25NOV02CHICIN,-0.75,0.2
2025-10-30 16:00:00,0.41,0.41,0.41,CIN,25NOV02CHICIN,-0.76,0.01
2025-10-30 17:00:00,0.41,0.41,0.41,CIN,25NOV02CHICIN,-0.7,0.01
2025-10-30 18:00:00,0.42,0.42,0.41,CIN,25NOV02CHICIN,-0.7,0.01
2025-10-30 19:00:00,0.42,0.42,0.42,CIN,25NOV02CHICIN,-0.7,0.01
2025-10-30 20:00:00,0.43,0.43,0.42,CIN,25NOV02CHICIN,-0.7,0.01
2025-10-30 21:00:00,0.43,0.43,0.42,CIN,25NOV02CHICIN,-0.62,0.05
2025-10-30 22:00:00,0.43,0.43,0.43,CIN,25NOV02CHICIN,-0.62,0.05
2025-10-30 23:00:00,0.43,0.43,0.42,CIN,25NOV02CHICIN,-0.62,0.05
2025-10-31 00:00:00,0.43,0.43,0.42,CIN,25NOV02CHICIN,-0.35,0.49
2025-10-31 01:00:00,0.43,0.43,0.43,CIN,25NOV02CHICIN,-0.59,0.11
2025-10-31 02:00:00,0.43,0.43,0.42,CIN,25NOV02CHICIN,-0.56,0.11
2025-10-31 03:00:00,0.43,0.43,0.43,CIN,25NOV02CHICIN,-0.66,0.11
2025-10-31 04:00:00,0.43,0.43,0.43,CIN,25NOV02CHICIN,-0.66,0.11
2025-10-31 05:00:00,0.43,0.43,0.43,CIN,25NOV02CHICIN,-0.66,0.11
2025-10-31 06:00:00,0.43,0.43,0.43,CIN,25NOV02CHICIN,-0.66,0.11
2025-10-31 07:00:00,0.43,0.43,0.43,CIN,25NOV02CHICIN,-0.66,0.11
2025-10-31 08:00:00,0.43,0.43,0.43,CIN,25NOV02CHICIN,-0.62,0.11
2025-10-31 09:00:00,0.43,0.43,0.43,CIN,25NOV02CHICIN,-0.62,0.11
2025-10-31 10:00:00,0.43,0.43,0.43,CIN,25NOV02CHICIN,0.63,0.0
2025-10-31 11:00:00,0.43,0.43,0.43,CIN,25NOV02CHICIN,0.63,0.0
2025-10-31 12:00:00,0.43,0.43,0.43,CIN,25NOV02CHICIN,-0.62,0.0
2025-10-31 13:00:00,0.43,0.43,0.43,CIN,25NOV02CHICIN,-0.59,0.0
2025-10-31 14:00:00,0.43,0.43,0.42,CIN,25NOV02CHICIN,-0.59,0.0
2025-10-31 15:00:00,0.43,0.43,0.43,CIN,25NOV02CHICIN,-0.59,0.0
2025-10-31 16:00:00,0.43,0.43,0.42,CIN,25NOV02CHICIN,-0.02,0.87
2025-10-31 17:00:00,0.43,0.43,0.42,CIN,25NOV02CHICIN,0.57,0.87
2025-10-31 18:00:00,0.43,0.43,0.43,CIN,25NOV02CHICIN,-0.52,0.87
2025-10-31 19:00:00,0.43,0.43,0.42,CIN,25NOV02CHICIN,-0.26,0.55
2025-10-31 20:00:00,0.43,0.43,0.42,CIN,25NOV02CHICIN,-0.23,0.57
2025-10-31 21:00:00,0.42,0.43,0.41,CIN,25NOV02CHICIN,-0.56,0.02
2025-10-31 22:00:00,0.42,0.42,0.42,CIN,25NOV02CHICIN,-0.56,0.02
2025-10-31 23:00:00,0.42,0.42,0.42,CIN,25NOV02CHICIN,-0.49,0.06
2025-11-01 00:00:00,0.42,0.42,0.42,CIN,25NOV02CHICIN,-0.49,0.06
2025-11-01 01:00:00,0.42,0.42,0.41,CIN,25NOV02CHICIN,-0.49,0.06
2025-11-01 02:00:00,0.42,0.42,0.42,CIN,25NOV02CHICIN,-0.49,0.06
2025-11-01 03:00:00,0.42,0.42,0.42,CIN,25NOV02CHICIN,-0.49,0.06
2025-11-01 04:00:00,0.42,0.42,0.41,CIN,25NOV02CHICIN,-0.49,0.06
2025-11-01 05:00:00,0.42,0.42,0.42,CIN,25NOV02CHICIN,-0.49,0.06
2025-11-01 06:00:00,0.42,0.42,0.41,CIN,25NOV02CHICIN,-0.49,0.06
2025-11-01 07:00:00,0.41,0.42,0.41,CIN,25NOV02CHICIN,-0.49,0.06
2025-11-01 08:00:00,0.42,0.42,0.41,CIN,25NOV02CHICIN,-0.49,0.06
2025-11-01 09:00:00,0.42,0.42,0.41,CIN,25NOV02CHICIN,-0.49,0.06
2025-11-01 10:00:00,0.42,0.42,0.42,CIN,25NOV02CHICIN,-0.59,0.06
2025-11-01 11:00:00,0.42,0.42,0.42,CIN,25NOV02CHICIN,-0.59,0.06
2025-11-01 12:00:00,0.42,0.42,0.42,CIN,25NOV02CHICIN,-0.59,0.06
2025-11-01 13:00:00,0.41,0.43,0.41,CIN,25NOV02CHICIN,-0.59,0.06
2025-11-01 14:00:00,0.42,0.42,0.41,CIN,25NOV02CHICIN,-0.59,0.06
2025-11-01 15:00:00,0.42,0.42,0.41,CIN,25NOV02CHICIN,-0.59,0.06
2025-11-01 16:00:00,0.43,0.43,0.42,CIN,25NOV02CHICIN,-0.59,0.06
2025-11-01 17:00:00,0.42,0.43,0.42,CIN,25NOV02CHICIN,-0.59,0.06
2025-11-01 18:00:00,0.43,0.43,0.43,CIN,25NOV02CHICIN,-0.59,0.06
2025-11-01 19:00:00,0.43,0.43,0.43,CIN,25NOV02CHICIN,-0.59,0.06
2025-11-01 20:00:00,0.43,0.43,0.42,CIN,25NOV02CHICIN,-0.59,0.06
2025-11-01 21:00:00,0.43,0.43,0.42,CIN,25NOV02CHICIN,-0.59,0.06
2025-11-01 22:00:00,0.43,0.43,0.43,CIN,25NOV02CHICIN,-0.59,0.06
2025-11-01 23:00:00,0.43,0.43,0.43,CIN,25NOV02CHICIN,-0.59,0.06
2025-11-02 00:00:00,0.42,0.43,0.42,CIN,25NOV02CHICIN,-0.59,0.06
2025-11-02 01:00:00,0.42,0.42,0.42,CIN,25NOV02CHICIN,-0.59,0.06
2025-11-02 02:00:00,0.42,0.42,0.41,CIN,25NOV02CHICIN,-0.59,0.06
2025-11-02 03:00:00,0.42,0.42,0.41,CIN,25NOV02CHICIN,-0.59,0.06
2025-11-02 04:00:00,0.42,0.42,0.41,CIN,25NOV02CHICIN,-0.59,0.06
2025-11-02 05:00:00,0.42,0.42,0.41,CIN,25NOV02CHICIN,-0.59,0.06
2025-11-02 06:00:00,0.42,0.42,0.41,CIN,25NOV02CHICIN,-0.59,0.06
2025-11-02 07:00:00,0.42,0.43,0.42,CIN,25NOV02CHICIN,-0.59,0.06
2025-11-02 08:00:00,0.43,0.43,0.42,CIN,25NOV02CHICIN,-0.59,0.06
2025-11-02 09:00:00,0.43,0.43,0.42,CIN,25NOV02CHICIN,-0.59,0.06
2025-11-02 10:00:00,0.43,0.43,0.43,CIN,25NOV02CHICIN,-0.59,0.06
2025-11-02 11:00:00,0.43,0.43,0.42,CIN,25NOV02CHICIN,-0.59,0.06
2025-11-02 12:00:00,0.42,0.43,0.42,CIN,25NOV02CHICIN,-0.59,0.06
2025-11-02 13:00:00,0.43,0.43,0.42,CIN,25NOV02CHICIN,-0.59,0.06
2025-11-02 14:00:00,0.43,0.43,0.41,CIN,25NOV02CHICIN,0.53,0.06
2025-11-02 15:00:00,0.42,0.43,0.41,CIN,25NOV02CHICIN,0.53,0.06
2025-11-02 16:00:00,0.42,0.42,0.41,CIN,25NOV02CHICIN,0.53,0.06
2025-11-02 17:00:00,0.41,0.42,0.4,CIN,25NOV02CHICIN,0.53,0.06
2025-11-02 18:00:00,0.42,0.42,0.39,CIN,25NOV02CHICIN,0.55,0.06
2025-11-02 19:00:00,0.3,0.6,0.26,CIN,25NOV02CHICIN,0.55,0.06
2025-11-02 20:00:00,0.46,0.55,0.22,CIN,25NOV02CHICIN,0.55,0.06
2025-11-02 21:00:00,0.02,0.53,0.01,CIN,25NOV02CHICIN,0.55,0.06
2025-11-02 21:00:00,0.97,0.99,0.45,CHI,25NOV02CHICIN,0.26,0.68
2025-10-24 04:00:00,0.24,0.24,0.24,MIA,25OCT30BALMIA,-0.67,0.09
2025-10-24 05:00:00,0.24,0.24,0.24,MIA,25OCT30BALMIA,-0.67,0.09
2025-10-24 06:00:00,0.21,0.24,0.21,MIA,25OCT30BALMIA,-0.67,0.09
2025-10-24 07:00:00,0.21,0.24,0.21,MIA,25OCT30BALMIA,-0.67,0.09
2025-10-24 08:00:00,0.21,0.24,0.21,MIA,25OCT30BALMIA,-0.67,0.09
2025-10-24 09:00:00,0.21,0.24,0.21,MIA,25OCT30BALMIA,-0.67,0.09
2025-10-24 10:00:00,0.21,0.24,0.21,MIA,25OCT30BALMIA,-0.67,0.09
2025-10-24 11:00:00,0.21,0.24,0.21,MIA,25OCT30BALMIA,-0.67,0.09
2025-10-24 12:00:00,0.21,0.24,0.21,MIA,25OCT30BALMIA,-0.67,0.09
2025-10-24 13:00:00,0.21,0.24,0.21,MIA,25OCT30BALMIA,-0.67,0.09
2025-10-24 14:00:00,0.21,0.24,0.21,MIA,25OCT30BALMIA,-0.67,0.09
2025-10-24 15:00:00,0.24,0.24,0.24,MIA,25OCT30BALMIA,-0.67,0.09
2025-10-24 16:00:00,0.24,0.24,0.24,MIA,25OCT30BALMIA,-0.67,0.09
2025-10-24 17:00:00,0.24,0.24,0.24,MIA,25OCT30BALMIA,-0.67,0.09
2025-10-24 18:00:00,0.24,0.24,0.24,MIA,25OCT30BALMIA,-0.67,0.09
2025-10-24 19:00:00,0.24,0.24,0.24,MIA,25OCT30BALMIA,-0.67,0.09
2025-10-24 20:00:00,0.24,0.24,0.24,MIA,25OCT30BALMIA,-0.67,0.09
2025-10-24 21:00:00,0.24,0.24,0.24,MIA,25OCT30BALMIA,-0.67,0.09
2025-10-24 22:00:00,0.24,0.24,0.24,MIA,25OCT30BALMIA,-0.67,0.09
2025-10-24 23:00:00,0.24,0.24,0.24,MIA,25OCT30BALMIA,-0.67,0.09
2025-10-25 00:00:00,0.24,0.24,0.24,MIA,25OCT30BALMIA,-0.67,0.09
2025-10-25 01:00:00,0.24,0.24,0.24,MIA,25OCT30BALMIA,-0.67,0.09
2025-10-25 02:00:00,0.24,0.24,0.24,MIA,25OCT30BALMIA,-0.67,0.09
2025-10-25 03:00:00,0.24,0.24,0.24,MIA,25OCT30BALMIA,-0.67,0.09
2025-10-25 04:00:00,0.24,0.24,0.24,MIA,25OCT30BALMIA,-0.67,0.09
2025-10-25 05:00:00,0.24,0.24,0.24,MIA,25OCT30BALMIA,-0.67,0.09
2025-10-25 06:00:00,0.24,0.24,0.24,MIA,25OCT30BALMIA,-0.67,0.09
2025-10-25 07:00:00,0.24,0.24,0.24,MIA,25OCT30BALMIA,-0.67,0.09
2025-10-25 08:00:00,0.24,0.24,0.24,MIA,25OCT30BALMIA,-0.67,0.09
2025-10-25 09:00:00,0.24,0.24,0.24,MIA,25OCT30BALMIA,-0.67,0.09
2025-10-25 10:00:00,0.24,0.24,0.24,MIA,25OCT30BALMIA,-0.67,0.09
2025-10-25 11:00:00,0.24,0.24,0.24,MIA,25OCT30BALMIA,-0.67,0.09
2025-10-25 12:00:00,0.24,0.24,0.24,MIA,25OCT30BALMIA,-0.67,0.09
2025-10-25 13:00:00,0.24,0.24,0.24,MIA,25OCT30BALMIA,-0.67,0.09
2025-10-25 14:00:00,0.22,0.22,0.22,MIA,25OCT30BALMIA,-0.67,0.09
2025-10-25 15:00:00,0.22,0.22,0.22,MIA,25OCT30BALMIA,-0.67,0.09
2025-10-25 16:00:00,0.22,0.22,0.22,MIA,25OCT30BALMIA,-0.67,0.09
2025-10-25 17:00:00,0.25,0.25,0.21,MIA,25OCT30BALMIA,-0.67,0.09
2025-10-25 18:00:00,0.25,0.25,0.25,MIA,25OCT30BALMIA,0.53,0.09
2025-10-25 19:00:00,0.25,0.25,0.24,MIA,25OCT30BALMIA,0.53,0.09
2025-10-25 20:00:00,0.26,0.26,0.25,MIA,25OCT30BALMIA,0.53,0.09
2025-10-25 21:00:00,0.27,0.27,0.24,MIA,25OCT30BALMIA,0.53,0.09
2025-10-25 22:00:00,0.27,0.27,0.27,MIA,25OCT30BALMIA,0.53,0.09
2025-10-25 23:00:00,0.27,0.27,0.27,MIA,25OCT30BALMIA,0.53,0.09
2025-10-26 00:00:00,0.38,0.38,0.38,MIA,25OCT30BALMIA,0.53,0.09
2025-10-26 01:00:00,0.38,0.38,0.38,MIA,25OCT30BALMIA,0.53,0.09
2025-10-26 02:00:00,0.29,0.38,0.25,MIA,25OCT30BALMIA,0.53,0.09
2025-10-26 03:00:00,0.3,0.3,0.29,MIA,25OCT30BALMIA,0.53,0.09
2025-10-26 04:00:00,0.3,0.3,0.29,MIA,25OCT30BALMIA,0.53,0.09
2025-10-26 05:00:00,0.28,0.28,0.22,MIA,25OCT30BALMIA,0.53,0.09
2025-10-26 06:00:00,0.3,0.3,0.3,MIA,25OCT30BALMIA,0.53,0.09
2025-10-26 07:00:00,0.3,0.3,0.3,MIA,25OCT30BALMIA,0.53,0.09
2025-10-26 08:00:00,0.3,0.3,0.3,MIA,25OCT30BALMIA,0.53,0.09
2025-10-26 09:00:00,0.3,0.3,0.3,MIA,25OCT30BALMIA,0.53,0.09
2025-10-26 10:00:00,0.3,0.3,0.3,MIA,25OCT30BALMIA,0.53,0.09
2025-10-26 11:00:00,0.3,0.3,0.3,MIA,25OCT30BALMIA,0.53,0.09
2025-10-26 12:00:00,0.3,0.3,0.3,MIA,25OCT30BALMIA,0.53,0.09
2025-10-26 13:00:00,0.3,0.3,0.3,MIA,25OCT30BALMIA,0.62,0.09
2025-10-26 14:00:00,0.3,0.3,0.3,MIA,25OCT30BALMIA,0.57,0.09
2025-10-26 15:00:00,0.29,0.29,0.29,MIA,25OCT30BALMIA,0.57,0.09
2025-10-26 16:00:00,0.3,0.3,0.3,MIA,25OCT30BALMIA,-0.57,0.09
2025-10-26 17:00:00,0.3,0.31,0.25,MIA,25OCT30BALMIA,-0.57,0.09
2025-10-26 18:00:00,0.3,0.31,0.25,MIA,25OCT30BALMIA,-0.57,0.09
2025-10-26 19:00:00,0.24,0.24,0.24,MIA,25OCT30BALMIA,0.67,0.09
2025-10-26 20:00:00,0.29,0.3,0.22,MIA,25OCT30BALMIA,0.52,0.0
2025-10-26 21:00:00,0.29,0.3,0.29,MIA,25OCT30BALMIA,0.52,0.0
2025-10-26 22:00:00,0.29,0.3,0.22,MIA,25OCT30BALMIA,0.52,0.0
2025-10-26 23:00:00,0.26,0.3,0.25,MIA,25OCT30BALMIA,0.6,0.0
2025-10-27 00:00:00,0.25,0.26,0.24,MIA,25OCT30BALMIA,0.6,0.0
2025-10-27 01:00:00,0.25,0.25,0.25,MIA,25OCT30BALMIA,0.5,0.0
2025-10-27 02:00:00,0.25,0.25,0.25,MIA,25OCT30BALMIA,0.5,0.0
2025-10-27 03:00:00,0.25,0.25,0.24,MIA,25OCT30BALMIA,0.5,0.0
2025-10-27 04:00:00,0.25,0.25,0.24,MIA,25OCT30BALMIA,0.5,0.0
2025-10-27 05:00:00,0.25,0.25,0.25,MIA,25OCT30BALMIA,0.5,0.0
2025-10-27 06:00:00,0.25,0.25,0.25,MIA,25OCT30BALMIA,0.5,0.0
2025-10-27 07:00:00,0.25,0.25,0.25,MIA,25OCT30BALMIA,0.5,0.0
2025-10-27 08:00:00,0.25,0.25,0.25,MIA,25OCT30BALMIA,0.5,0.0
2025-10-27 09:00:00,0.25,0.25,0.25,MIA,25OCT30BALMIA,0.5,0.0
2025-10-27 10:00:00,0.25,0.25,0.25,MIA,25OCT30BALMIA,0.5,0.0
2025-10-27 11:00:00,0.25,0.25,0.25,MIA,25OCT30BALMIA,0.5,0.0
2025-10-27 12:00:00,0.25,0.25,0.25,MIA,25OCT30BALMIA,0.5,0.0
2025-10-27 13:00:00,0.24,0.24,0.24,MIA,25OCT30BALMIA,0.5,0.0
2025-10-27 14:00:00,0.24,0.24,0.24,MIA,25OCT30BALMIA,0.48,0.0
2025-10-27 15:00:00,0.24,0.24,0.24,MIA,25OCT30BALMIA,0.48,0.0
2025-10-27 16:00:00,0.24,0.24,0.23,MIA,25OCT30BALMIA,0.57,0.0
2025-10-27 17:00:00,0.25,0.25,0.23,MIA,25OCT30BALMIA,0.57,0.0
2025-10-27 18:00:00,0.25,0.25,0.23,MIA,25OCT30BALMIA,0.57,0.0
2025-10-27 19:00:00,0.25,0.25,0.23,MIA,25OCT30BALMIA,-0.59,0.0
2025-10-27 20:00:00,0.25,0.25,0.23,MIA,25OCT30BALMIA,0.55,0.0
2025-10-27 21:00:00,0.24,0.25,0.24,MIA,25OCT30BALMIA,0.55,0.0
2025-10-27 22:00:00,0.24,0.24,0.23,MIA,25OCT30BALMIA,0.55,0.0
2025-10-27 23:00:00,0.24,0.24,0.23,MIA,25OCT30BALMIA,0.55,0.0
2025-10-28 00:00:00,0.24,0.24,0.23,MIA,25OCT30BALMIA,0.55,0.0
2025-10-28 01:00:00,0.23,0.24,0.23,MIA,25OCT30BALMIA,0.55,0.0
2025-10-28 02:00:00,0.24,0.24,0.23,MIA,25OCT30BALMIA,0.55,0.0
2025-10-28 03:00:00,0.24,0.24,0.23,MIA,25OCT30BALMIA,0.55,0.0
2025-10-28 04:00:00,0.24,0.24,0.22,MIA,25OCT30BALMIA,0.55,0.0
2025-10-28 05:00:00,0.24,0.24,0.22,MIA,25OCT30BALMIA,0.55,0.0
2025-10-28 06:00:00,0.24,0.24,0.23,MIA,25OCT30BALMIA,0.55,0.0
2025-10-28 07:00:00,0.22,0.24,0.22,MIA,25OCT30BALMIA,0.55,0.0
2025-10-28 08:00:00,0.24,0.24,0.23,MIA,25OCT30BALMIA,0.55,0.0
2025-10-28 09:00:00,0.24,0.24,0.22,MIA,25OCT30BALMIA,0.55,0.0
2025-10-28 10:00:00,0.22,0.24,0.22,MIA,25OCT30BALMIA,0.55,0.0
2025-10-28 11:00:00,0.24,0.24,0.22,MIA,25OCT30BALMIA,0.55,0.0
2025-10-28 12:00:00,0.24,0.24,0.24,MIA,25OCT30BALMIA,0.55,0.0
2025-10-28 13:00:00,0.24,0.24,0.22,MIA,25OCT30BALMIA,0.55,0.0
2025-10-28 14:00:00,0.24,0.24,0.22,MIA,25OCT30BALMIA,0.55,0.0
2025-10-28 15:00:00,0.23,0.24,0.22,MIA,25OCT30BALMIA,0.55,0.0
2025-10-28 16:00:00,0.23,0.23,0.22,MIA,25OCT30BALMIA,0.46,0.0
2025-10-28 17:00:00,0.22,0.22,0.21,MIA,25OCT30BALMIA,0.46,0.0
2025-10-28 18:00:00,0.21,0.22,0.21,MIA,25OCT30BALMIA,0.46,0.0
2025-10-28 19:00:00,0.22,0.22,0.21,MIA,25OCT30BALMIA,0.46,0.0
2025-10-28 20:00:00,0.22,0.22,0.21,MIA,25OCT30BALMIA,0.46,0.0
2025-10-28 21:00:00,0.22,0.22,0.22,MIA,25OCT30BALMIA,0.46,0.0
2025-10-28 22:00:00,0.22,0.22,0.21,MIA,25OCT30BALMIA,0.46,0.0
2025-10-28 23:00:00,0.22,0.23,0.21,MIA,25OCT30BALMIA,0.46,0.0
2025-10-29 00:00:00,0.22,0.22,0.21,MIA,25OCT30BALMIA,0.46,0.0
2025-10-29 01:00:00,0.23,0.23,0.21,MIA,25OCT30BALMIA,0.46,0.0
2025-10-29 02:00:00,0.23,0.23,0.22,MIA,25OCT30BALMIA,0.46,0.0
2025-10-29 03:00:00,0.22,0.23,0.21,MIA,25OCT30BALMIA,0.46,0.0
2025-10-29 04:00:00,0.22,0.22,0.21,MIA,25OCT30BALMIA,0.46,0.0
2025-10-29 05:00:00,0.22,0.22,0.21,MIA,25OCT30BALMIA,0.46,0.0
2025-10-29 06:00:00,0.22,0.22,0.21,MIA,25OCT30BALMIA,0.46,0.0
2025-10-29 07:00:00,0.22,0.22,0.21,MIA,25OCT30BALMIA,0.46,0.0
2025-10-29 08:00:00,0.22,0.22,0.22,MIA,25OCT30BALMIA,0.46,0.0
2025-10-29 09:00:00,0.22,0.22,0.22,MIA,25OCT30BALMIA,0.46,0.0
2025-10-29 10:00:00,0.22,0.22,0.22,MIA,25OCT30BALMIA,0.46,0.0
2025-10-29 11:00:00,0.21,0.22,0.21,MIA,25OCT30BALMIA,0.46,0.0
2025-10-29 12:00:00,0.22,0.22,0.21,MIA,25OCT30BALMIA,0.46,0.0
2025-10-29 13:00:00,0.22,0.22,0.21,MIA,25OCT30BALMIA,0.46,0.0
2025-10-29 14:00:00,0.22,0.22,0.21,MIA,25OCT30BALMIA,0.46,0.0
2025-10-29 15:00:00,0.22,0.22,0.21,MIA,25OCT30BALMIA,0.46,0.0
2025-10-29 16:00:00,0.22,0.22,0.21,MIA,25OCT30BALMIA,0.62,0.0
2025-10-29 17:00:00,0.21,0.22,0.21,MIA,25OCT30BALMIA,0.62,0.0
2025-10-29 18:00:00,0.22,0.22,0.21,MIA,25OCT30BALMIA,0.62,0.0
2025-10-29 19:00:00,0.22,0.22,0.21,MIA,25OCT30BALMIA,0.62,0.0
2025-10-29 20:00:00,0.22,0.22,0.21,MIA,25OCT30BALMIA,0.62,0.0
2025-10-29 21:00:00,0.22,0.22,0.21,MIA,25OCT30BALMIA,0.62,0.0
2025-10-29 22:00:00,0.22,0.23,0.21,MIA,25OCT30BALMIA,0.62,0.0
2025-10-29 23:00:00,0.22,0.22,0.21,MIA,25OCT30BALMIA,0.62,0.0
2025-10-30 00:00:00,0.22,0.22,0.21,MIA,25OCT30BALMIA,0.62,0.0
2025-10-30 01:00:00,0.22,0.22,0.21,MIA,25OCT30BALMIA,0.62,0.0
2025-10-30 02:00:00,0.22,0.22,0.21,MIA,25OCT30BALMIA,0.62,0.0
2025-10-30 03:00:00,0.22,0.22,0.21,MIA,25OCT30BALMIA,0.62,0.0
2025-10-30 04:00:00,0.22,0.22,0.21,MIA,25OCT30BALMIA,0.62,0.0
2025-10-30 05:00:00,0.22,0.22,0.21,MIA,25OCT30BALMIA,0.62,0.0
2025-10-30 06:00:00,0.22,0.22,0.21,MIA,25OCT30BALMIA,0.62,0.0
2025-10-30 07:00:00,0.22,0.22,0.21,MIA,25OCT30BALMIA,0.62,0.0
2025-10-30 08:00:00,0.22,0.22,0.21,MIA,25OCT30BALMIA,0.62,0.0
2025-10-30 09:00:00,0.22,0.22,0.21,MIA,25OCT30BALMIA,0.62,0.0
2025-10-30 10:00:00,0.22,0.22,0.21,MIA,25OCT30BALMIA,0.62,0.0
2025-10-30 11:00:00,0.22,0.22,0.21,MIA,25OCT30BALMIA,0.62,0.0
2025-10-30 12:00:00,0.22,0.22,0.21,MIA,25OCT30BALMIA,0.62,0.0
2025-10-30 13:00:00,0.23,0.23,0.21,MIA,25OCT30BALMIA,0.62,0.0
2025-10-30 14:00:00,0.22,0.23,0.21,MIA,25OCT30BALMIA,0.62,0.0
2025-10-30 15:00:00,0.22,0.22,0.21,MIA,25OCT30BALMIA,0.62,0.0
2025-10-30 16:00:00,0.23,0.23,0.21,MIA,25OCT30BALMIA,0.62,0.0
2025-10-30 17:00:00,0.22,0.23,0.21,MIA,25OCT30BALMIA,0.62,0.0
2025-10-30 18:00:00,0.23,0.23,0.21,MIA,25OCT30BALMIA,0.62,0.0
2025-10-30 19:00:00,0.22,0.23,0.22,MIA,25OCT30BALMIA,0.62,0.0
2025-10-30 20:00:00,0.23,0.23,0.22,MIA,25OCT30BALMIA,0.53,0.0
2025-10-30 21:00:00,0.23,0.23,0.22,MIA,25OCT30BALMIA,0.53,0.0
2025-10-30 22:00:00,0.23,0.23,0.22,MIA,25OCT30BALMIA,0.53,0.0
2025-10-30 23:00:00,0.23,0.23,0.22,MIA,25OCT30BALMIA,0.53,0.0
2025-10-31 00:00:00,0.23,0.23,0.22,MIA,25OCT30BALMIA,-0.58,0.0
2025-10-31 01:00:00,0.1,0.31,0.09,MIA,25OCT30BALMIA,-0.69,0.05
2025-10-31 02:00:00,0.14,0.22,0.08,MIA,25OCT30BALMIA,-0.69,0.05
2025-10-31 03:00:00,0.01,0.17,0.01,MIA,25OCT30BALMIA,-0.63,0.06
2025-10-24 04:00:00,0.79,0.79,0.79,BAL,25OCT30BALMIA,0.55,0.05
2025-10-24 05:00:00,0.79,0.79,0.79,BAL,25OCT30BALMIA,0.55,0.05
2025-10-24 06:00:00,0.79,0.79,0.79,BAL,25OCT30BALMIA,0.55,0.05
2025-10-24 07:00:00,0.79,0.79,0.79,BAL,25OCT30BALMIA,0.55,0.05
2025-10-24 08:00:00,0.79,0.79,0.79,BAL,25OCT30BALMIA,0.55,0.05
2025-10-24 09:00:00,0.79,0.79,0.79,BAL,25OCT30BALMIA,0.55,0.05
2025-10-24 10:00:00,0.79,0.79,0.79,BAL,25OCT30BALMIA,0.55,0.05
2025-10-24 11:00:00,0.79,0.79,0.79,BAL,25OCT30BALMIA,0.55,0.05
2025-10-24 12:00:00,0.79,0.79,0.79,BAL,25OCT30BALMIA,0.55,0.05
2025-10-24 13:00:00,0.79,0.79,0.79,BAL,25OCT30BALMIA,0.55,0.05
2025-10-24 14:00:00,0.79,0.79,0.79,BAL,25OCT30BALMIA,0.55,0.05
2025-10-24 15:00:00,0.79,0.79,0.79,BAL,25OCT30BALMIA,0.55,0.05
2025-10-24 16:00:00,0.79,0.79,0.79,BAL,25OCT30BALMIA,0.55,0.05
2025-10-24 17:00:00,0.79,0.79,0.79,BAL,25OCT30BALMIA,0.58,0.05
2025-10-24 18:00:00,0.79,0.79,0.79,BAL,25OCT30BALMIA,0.58,0.05
2025-10-24 19:00:00,0.79,0.79,0.79,BAL,25OCT30BALMIA,0.58,0.05
2025-10-24 20:00:00,0.79,0.79,0.79,BAL,25OCT30BALMIA,0.58,0.05
2025-10-24 21:00:00,0.79,0.79,0.79,BAL,25OCT30BALMIA,0.58,0.05
2025-10-24 22:00:00,0.79,0.79,0.79,BAL,25OCT30BALMIA,0.58,0.05
2025-10-24 23:00:00,0.79,0.79,0.79,BAL,25OCT30BALMIA,0.58,0.05
2025-10-25 00:00:00,0.79,0.79,0.79,BAL,25OCT30BALMIA,0.58,0.05
2025-10-25 01:00:00,0.79,0.79,0.79,BAL,25OCT30BALMIA,0.58,0.05
2025-10-25 02:00:00,0.79,0.79,0.79,BAL,25OCT30BALMIA,0.58,0.05
2025-10-25 03:00:00,0.79,0.79,0.79,BAL,25OCT30BALMIA,0.58,0.05
2025-10-25 04:00:00,0.79,0.79,0.79,BAL,25OCT30BALMIA,0.58,0.05
2025-10-25 05:00:00,0.79,0.79,0.79,BAL,25OCT30BALMIA,0.58,0.05
2025-10-25 06:00:00,0.79,0.79,0.79,BAL,25OCT30BALMIA,0.58,0.05
2025-10-25 07:00:00,0.79,0.79,0.79,BAL,25OCT30BALMIA,0.58,0.05
2025-10-25 08:00:00,0.79,0.79,0.79,BAL,25OCT30BALMIA,0.58,0.05
2025-10-25 09:00:00,0.79,0.79,0.79,BAL,25OCT30BALMIA,0.58,0.05
2025-10-25 10:00:00,0.79,0.79,0.79,BAL,25OCT30BALMIA,0.58,0.05
2025-10-25 11:00:00,0.79,0.79,0.79,BAL,25OCT30BALMIA,0.58,0.05
2025-10-25 12:00:00,0.79,0.79,0.79,BAL,25OCT30BALMIA,0.58,0.05
2025-10-25 13:00:00,0.79,0.79,0.79,BAL,25OCT30BALMIA,0.58,0.05
2025-10-25 14:00:00,0.79,0.79,0.79,BAL,25OCT30BALMIA,0.4,0.63
2025-10-25 15:00:00,0.78,0.78,0.78,BAL,25OCT30BALMIA,0.4,0.63
2025-10-25 16:00:00,0.78,0.78,0.78,BAL,25OCT30BALMIA,-0.69,0.63
2025-10-25 17:00:00,0.78,0.78,0.78,BAL,25OCT30BALMIA,-0.69,0.63
2025-10-25 18:00:00,0.79,0.79,0.79,BAL,25OCT30BALMIA,-0.69,0.63
2025-10-25 19:00:00,0.79,0.79,0.79,BAL,25OCT30BALMIA,0.46,0.63
2025-10-25 20:00:00,0.79,0.79,0.79,BAL,25OCT30BALMIA,0.46,0.63
2025-10-25 21:00:00,0.77,0.77,0.74,BAL,25OCT30BALMIA,0.56,0.62
2025-10-25 22:00:00,0.77,0.77,0.77,BAL,25OCT30BALMIA,-0.24,0.62
2025-10-25 23:00:00,0.77,0.77,0.73,BAL,25OCT30BALMIA,-0.24,0.62
2025-10-26 00:00:00,0.73,0.77,0.73,BAL,25OCT30BALMIA,-0.18,0.57
2025-10-26 01:00:00,0.73,0.73,0.73,BAL,25OCT30BALMIA,-0.66,0.04
2025-10-26 02:00:00,0.75,0.77,0.73,BAL,25OCT30BALMIA,0.61,0.04
2025-10-26 03:00:00,0.77,0.77,0.73,BAL,25OCT30BALMIA,0.61,0.04
2025-10-26 04:00:00,0.77,0.77,0.77,BAL,25OCT30BALMIA,0.61,0.04
2025-10-26 05:00:00,0.76,0.76,0.76,BAL,25OCT30BALMIA,0.61,0.04
2025-10-26 06:00:00,0.77,0.77,0.74,BAL,25OCT30BALMIA,0.51,0.04
2025-10-26 07:00:00,0.74,0.74,0.74,BAL,25OCT30BALMIA,0.51,0.04
2025-10-26 08:00:00,0.74,0.74,0.74,BAL,25OCT30BALMIA,0.51,0.04
2025-10-26 09:00:00,0.74,0.74,0.74,BAL,25OCT30BALMIA,0.51,0.04
2025-10-26 10:00:00,0.74,0.74,0.74,BAL,25OCT30BALMIA,0.51,0.04
2025-10-26 11:00:00,0.73,0.73,0.73,BAL,25OCT30BALMIA,-0.58,0.04
2025-10-26 12:00:00,0.76,0.76,0.73,BAL,25OCT30BALMIA,-0.58,0.04
2025-10-26 13:00:00,0.73,0.76,0.73,BAL,25OCT30BALMIA,0.31,0.65
2025-10-26 14:00:00,0.75,0.75,0.75,BAL,25OCT30BALMIA,-0.26,0.66
2025-10-26 15:00:00,0.74,0.76,0.74,BAL,25OCT30BALMIA,-0.57,0.66
2025-10-26 16:00:00,0.74,0.76,0.74,BAL,25OCT30BALMIA,-0.57,0.66
2025-10-26 17:00:00,0.73,0.76,0.73,BAL,25OCT30BALMIA,-0.57,0.66
2025-10-26 18:00:00,0.77,0.77,0.75,BAL,25OCT30BALMIA,-0.61,0.66
2025-10-26 19:00:00,0.77,0.77,0.77,BAL,25OCT30BALMIA,0.64,0.03
2025-10-26 20:00:00,0.73,0.76,0.73,BAL,25OCT30BALMIA,0.54,0.6
2025-10-26 21:00:00,0.77,0.77,0.73,BAL,25OCT30BALMIA,0.54,0.6
2025-10-26 22:00:00,0.73,0.77,0.73,BAL,25OCT30BALMIA,0.7,0.16
2025-10-26 23:00:00,0.76,0.76,0.75,BAL,25OCT30BALMIA,0.68,0.04
2025-10-27 00:00:00,0.76,0.76,0.75,BAL,25OCT30BALMIA,0.57,0.35
2025-10-27 01:00:00,0.76,0.76,0.76,BAL,25OCT30BALMIA,0.58,0.05
2025-10-27 02:00:00,0.77,0.77,0.76,BAL,25OCT30BALMIA,0.0,0.69
2025-10-27 03:00:00,0.77,0.77,0.76,BAL,25OCT30BALMIA,0.52,0.04
2025-10-27 04:00:00,0.77,0.77,0.76,BAL,25OCT30BALMIA,0.46,0.04
2025-10-27 05:00:00,0.77,0.77,0.76,BAL,25OCT30BALMIA,-0.32,0.73
2025-10-27 06:00:00,0.77,0.77,0.76,BAL,25OCT30BALMIA,-0.06,0.94
2025-10-27 07:00:00,0.77,0.77,0.76,BAL,25OCT30BALMIA,0.57,0.94
2025-10-27 08:00:00,0.77,0.77,0.76,BAL,25OCT30BALMIA,0.57,0.94
2025-10-27 09:00:00,0.77,0.77,0.77,BAL,25OCT30BALMIA,-0.68,0.05
2025-10-27 10:00:00,0.77,0.77,0.77,BAL,25OCT30BALMIA,-0.68,0.05
2025-10-27 11:00:00,0.77,0.77,0.77,BAL,25OCT30BALMIA,-0.68,0.05
2025-10-27 12:00:00,0.77,0.77,0.77,BAL,25OCT30BALMIA,0.3,0.05
2025-10-27 13:00:00,0.77,0.77,0.77,BAL,25OCT30BALMIA,0.22,0.69
2025-10-27 14:00:00,0.77,0.77,0.76,BAL,25OCT30BALMIA,0.22,0.74
2025-10-27 15:00:00,0.77,0.77,0.77,BAL,25OCT30BALMIA,0.64,0.07
2025-10-27 16:00:00,0.77,0.77,0.76,BAL,25OCT30BALMIA,0.27,0.62
2025-10-27 17:00:00,0.77,0.77,0.76,BAL,25OCT30BALMIA,0.1,0.74
2025-10-27 18:00:00,0.77,0.77,0.76,BAL,25OCT30BALMIA,0.14,0.71
2025-10-27 19:00:00,0.77,0.77,0.76,BAL,25OCT30BALMIA,-0.05,0.81
2025-10-27 20:00:00,0.77,0.77,0.76,BAL,25OCT30BALMIA,0.39,0.59
2025-10-27 21:00:00,0.77,0.77,0.76,BAL,25OCT30BALMIA,0.62,0.07
2025-10-27 22:00:00,0.77,0.77,0.76,BAL,25OCT30BALMIA,0.57,0.38
2025-10-27 23:00:00,0.77,0.77,0.76,BAL,25OCT30BALMIA,-0.12,0.66
2025-10-28 00:00:00,0.77,0.77,0.76,BAL,25OCT30BALMIA,-0.12,0.66
2025-10-28 01:00:00,0.77,0.77,0.76,BAL,25OCT30BALMIA,0.55,0.66
2025-10-28 02:00:00,0.76,0.77,0.76,BAL,25OCT30BALMIA,-0.08,0.76
2025-10-28 03:00:00,0.78,0.78,0.76,BAL,25OCT30BALMIA,-0.08,0.76
2025-10-28 04:00:00,0.78,0.78,0.77,BAL,25OCT30BALMIA,-0.08,0.76
2025-10-28 05:00:00,0.78,0.78,0.77,BAL,25OCT30BALMIA,-0.08,0.76
2025-10-28 06:00:00,0.78,0.78,0.77,BAL,25OCT30BALMIA,-0.08,0.76
2025-10-28 07:00:00,0.78,0.78,0.77,BAL,25OCT30BALMIA,-0.08,0.76
2025-10-28 08:00:00,0.78,0.78,0.78,BAL,25OCT30BALMIA,-0.08,0.76
2025-10-28 09:00:00,0.78,0.78,0.78,BAL,25OCT30BALMIA,-0.08,0.76
2025-10-28 10:00:00,0.78,0.78,0.77,BAL,25OCT30BALMIA,0.63,0.76
2025-10-28 11:00:00,0.78,0.78,0.77,BAL,25OCT30BALMIA,0.61,0.11
2025-10-28 12:00:00,0.78,0.78,0.78,BAL,25OCT30BALMIA,0.62,0.11
2025-10-28 13:00:00,0.78,0.78,0.77,BAL,25OCT30BALMIA,0.39,0.45
2025-10-28 14:00:00,0.78,0.78,0.77,BAL,25OCT30BALMIA,-0.08,0.68
2025-10-28 15:00:00,0.78,0.78,0.77,BAL,25OCT30BALMIA,0.5,0.05
2025-10-28 16:00:00,0.78,0.78,0.77,BAL,25OCT30BALMIA,0.18,0.66
2025-10-28 17:00:00,0.78,0.78,0.77,BAL,25OCT30BALMIA,0.0,0.63
2025-10-28 18:00:00,0.79,0.79,0.77,BAL,25OCT30BALMIA,-0.17,0.75
2025-10-28 19:00:00,0.79,0.79,0.78,BAL,25OCT30BALMIA,-0.0,0.7
2025-10-28 20:00:00,0.78,0.79,0.78,BAL,25OCT30BALMIA,0.57,0.02
2025-10-28 21:00:00,0.79,0.79,0.78,BAL,25OCT30BALMIA,0.57,0.02
2025-10-28 22:00:00,0.79,0.79,0.78,BAL,25OCT30BALMIA,0.57,0.02
2025-10-28 23:00:00,0.79,0.79,0.77,BAL,25OCT30BALMIA,0.17,0.54
2025-10-29 00:00:00,0.78,0.79,0.77,BAL,25OCT30BALMIA,0.52,0.54
2025-10-29 01:00:00,0.78,0.78,0.77,BAL,25OCT30BALMIA,0.52,0.54
2025-10-29 02:00:00,0.78,0.78,0.77,BAL,25OCT30BALMIA,0.52,0.54
2025-10-29 03:00:00,0.78,0.78,0.77,BAL,25OCT30BALMIA,0.52,0.54
2025-10-29 04:00:00,0.79,0.79,0.77,BAL,25OCT30BALMIA,0.52,0.54
2025-10-29 05:00:00,0.79,0.79,0.78,BAL,25OCT30BALMIA,0.52,0.54
2025-10-29 06:00:00,0.79,0.79,0.78,BAL,25OCT30BALMIA,0.52,0.54
2025-10-29 07:00:00,0.79,0.79,0.78,BAL,25OCT30BALMIA,0.52,0.54
2025-10-29 08:00:00,0.79,0.79,0.78,BAL,25OCT30BALMIA,0.52,0.54
2025-10-29 09:00:00,0.79,0.79,0.78,BAL,25OCT30BALMIA,0.52,0.54
2025-10-29 10:00:00,0.78,0.79,0.78,BAL,25OCT30BALMIA,0.52,0.54
2025-10-29 11:00:00,0.79,0.79,0.79,BAL,25OCT30BALMIA,0.52,0.54
2025-10-29 12:00:00,0.79,0.79,0.78,BAL,25OCT30BALMIA,0.52,0.54
2025-10-29 13:00:00,0.78,0.79,0.78,BAL,25OCT30BALMIA,0.52,0.54
2025-10-29 14:00:00,0.79,0.79,0.79,BAL,25OCT30BALMIA,0.62,0.19
2025-10-29 15:00:00,0.79,0.79,0.78,BAL,25OCT30BALMIA,-0.0,0.83
2025-10-29 16:00:00,0.79,0.79,0.78,BAL,25OCT30BALMIA,-0.09,0.7
2025-10-29 17:00:00,0.79,0.79,0.78,BAL,25OCT30BALMIA,-0.09,0.7
2025-10-29 18:00:00,0.79,0.79,0.78,BAL,25OCT30BALMIA,0.52,0.0
2025-10-29 19:00:00,0.79,0.79,0.78,BAL,25OCT30BALMIA,0.53,0.0
2025-10-29 20:00:00,0.79,0.79,0.79,BAL,25OCT30BALMIA,-0.58,0.0
2025-10-29 21:00:00,0.79,0.79,0.78,BAL,25OCT30BALMIA,-0.52,0.0
2025-10-29 22:00:00,0.79,0.79,0.79,BAL,25OCT30BALMIA,-0.52,0.0
2025-10-29 23:00:00,0.79,0.79,0.78,BAL,25OCT30BALMIA,-0.52,0.0
2025-10-30 00:00:00,0.79,0.79,0.78,BAL,25OCT30BALMIA,0.5,0.09
2025-10-30 01:00:00,0.79,0.79,0.78,BAL,25OCT30BALMIA,0.57,0.09
2025-10-30 02:00:00,0.79,0.79,0.78,BAL,25OCT30BALMIA,0.57,0.09
2025-10-30 03:00:00,0.79,0.79,0.78,BAL,25OCT30BALMIA,-0.52,0.09
2025-10-30 04:00:00,0.79,0.79,0.78,BAL,25OCT30BALMIA,0.47,0.09
2025-10-30 05:00:00,0.79,0.79,0.78,BAL,25OCT30BALMIA,0.5,0.09
2025-10-30 06:00:00,0.79,0.79,0.78,BAL,25OCT30BALMIA,0.67,0.09
2025-10-30 07:00:00,0.79,0.79,0.78,BAL,25OCT30BALMIA,0.56,0.05
2025-10-30 08:00:00,0.79,0.79,0.78,BAL,25OCT30BALMIA,0.56,0.05
2025-10-30 09:00:00,0.79,0.79,0.78,BAL,25OCT30BALMIA,0.56,0.05
2025-10-30 10:00:00,0.79,0.79,0.78,BAL,25OCT30BALMIA,0.04,0.81
2025-10-30 11:00:00,0.79,0.79,0.79,BAL,25OCT30BALMIA,0.04,0.81
2025-10-30 12:00:00,0.79,0.79,0.78,BAL,25OCT30BALMIA,-0.54,0.81
2025-10-30 13:00:00,0.79,0.79,0.78,BAL,25OCT30BALMIA,0.56,0.81
2025-10-30 14:00:00,0.79,0.79,0.77,BAL,25OCT30BALMIA,0.5,0.81
2025-10-30 15:00:00,0.79,0.79,0.78,BAL,25OCT30BALMIA,0.5,0.81
2025-10-30 16:00:00,0.79,0.79,0.78,BAL,25OCT30BALMIA,0.54,0.06
2025-10-30 17:00:00,0.79,0.79,0.78,BAL,25OCT30BALMIA,0.54,0.06
2025-10-30 18:00:00,0.78,0.79,0.77,BAL,25OCT30BALMIA,0.54,0.06
2025-10-30 19:00:00,0.78,0.78,0.77,BAL,25OCT30BALMIA,0.54,0.06
2025-10-30 20:00:00,0.78,0.78,0.77,BAL,25OCT30BALMIA,0.54,0.06
2025-10-30 21:00:00,0.78,0.78,0.77,BAL,25OCT30BALMIA,0.54,0.06
2025-10-30 22:00:00,0.78,0.78,0.77,BAL,25OCT30BALMIA,0.54,0.06
2025-10-30 23:00:00,0.78,0.78,0.77,BAL,25OCT30BALMIA,0.48,0.06
2025-10-31 00:00:00,0.78,0.78,0.77,BAL,25OCT30BALMIA,0.53,0.06
2025-10-31 01:00:00,0.91,0.92,0.71,BAL,25OCT30BALMIA,0.53,0.06
2025-10-31 02:00:00,0.85,0.92,0.77,BAL,25OCT30BALMIA,0.5,0.03
2025-10-31 03:00:00,0.99,0.99,0.85,BAL,25OCT30BALMIA,0.57,0.03
2025-10-26 21:00:00,0.29,0.29,0.29,TEN,25NOV02LACTEN,-0.02,0.58
2025-10-26 22:00:00,0.21,0.21,0.18,TEN,25NOV02LACTEN,-0.42,0.57
2025-10-26 23:00:00,0.21,0.21,0.21,TEN,25NOV02LACTEN,-0.53,0.42
2025-10-27 00:00:00,0.16,0.2,0.16,TEN,25NOV02LACTEN,0.59,0.19
2025-10-27 01:00:00,0.18,0.18,0.18,TEN,25NOV02LACTEN,-0.51,0.01
2025-10-27 02:00:00,0.18,0.18,0.18,TEN,25NOV02LACTEN,-0.51,0.01
2025-10-27 03:00:00,0.18,0.19,0.17,TEN,25NOV02LACTEN,-0.31,0.6
2025-10-27 04:00:00,0.18,0.18,0.17,TEN,25NOV02LACTEN,-0.52,0.03
2025-10-27 05:00:00,0.18,0.18,0.18,TEN,25NOV02LACTEN,-0.61,0.05
2025-10-27 06:00:00,0.18,0.18,0.18,TEN,25NOV02LACTEN,-0.61,0.05
2025-10-27 07:00:00,0.18,0.18,0.18,TEN,25NOV02LACTEN,-0.61,0.05
2025-10-27 08:00:00,0.18,0.18,0.18,TEN,25NOV02LACTEN,-0.61,0.05
2025-10-27 09:00:00,0.18,0.18,0.18,TEN,25NOV02LACTEN,-0.61,0.05
2025-10-27 10:00:00,0.18,0.18,0.18,TEN,25NOV02LACTEN,-0.61,0.05
2025-10-27 11:00:00,0.18,0.18,0.18,TEN,25NOV02LACTEN,-0.61,0.05
2025-10-27 12:00:00,0.18,0.18,0.18,TEN,25NOV02LACTEN,-0.46,0.04
2025-10-27 13:00:00,0.18,0.18,0.17,TEN,25NOV02LACTEN,-0.47,0.03
2025-10-27 14:00:00,0.18,0.19,0.18,TEN,25NOV02LACTEN,-0.52,0.05
2025-10-27 15:00:00,0.18,0.19,0.17,TEN,25NOV02LACTEN,0.5,0.05
2025-10-27 16:00:00,0.18,0.18,0.18,TEN,25NOV02LACTEN,0.23,0.57
2025-10-27 17:00:00,0.18,0.18,0.18,TEN,25NOV02LACTEN,0.18,0.7
2025-10-27 18:00:00,0.18,0.18,0.18,TEN,25NOV02LACTEN,-0.19,0.57
2025-10-27 19:00:00,0.18,0.18,0.18,TEN,25NOV02LACTEN,-0.19,0.57
2025-10-27 20:00:00,0.18,0.18,0.18,TEN,25NOV02LACTEN,-0.19,0.57
2025-10-27 21:00:00,0.18,0.18,0.18,TEN,25NOV02LACTEN,-0.19,0.57
2025-10-27 22:00:00,0.18,0.18,0.18,TEN,25NOV02LACTEN,-0.54,0.57
2025-10-27 23:00:00,0.17,0.18,0.17,TEN,25NOV02LACTEN,-0.54,0.57
2025-10-28 00:00:00,0.18,0.18,0.18,TEN,25NOV02LACTEN,-0.48,0.04
2025-10-28 01:00:00,0.18,0.18,0.18,TEN,25NOV02LACTEN,-0.75,0.04
2025-10-28 02:00:00,0.18,0.18,0.18,TEN,25NOV02LACTEN,-0.49,0.5
2025-10-28 03:00:00,0.17,0.17,0.17,TEN,25NOV02LACTEN,-0.58,0.02
2025-10-28 04:00:00,0.18,0.18,0.16,TEN,25NOV02LACTEN,-0.56,0.02
2025-10-28 05:00:00,0.18,0.18,0.16,TEN,25NOV02LACTEN,-0.56,0.02
2025-10-28 06:00:00,0.18,0.18,0.18,TEN,25NOV02LACTEN,-0.52,0.07
2025-10-28 07:00:00,0.18,0.18,0.18,TEN,25NOV02LACTEN,-0.52,0.07
2025-10-28 08:00:00,0.18,0.18,0.18,TEN,25NOV02LACTEN,0.56,0.07
2025-10-28 09:00:00,0.18,0.18,0.18,TEN,25NOV02LACTEN,-0.4,0.07
2025-10-28 10:00:00,0.18,0.18,0.18,TEN,25NOV02LACTEN,-0.4,0.07
2025-10-28 11:00:00,0.18,0.18,0.18,TEN,25NOV02LACTEN,-0.4,0.07
2025-10-28 12:00:00,0.18,0.18,0.18,TEN,25NOV02LACTEN,-0.5,0.07
2025-10-28 13:00:00,0.19,0.19,0.17,TEN,25NOV02LACTEN,-0.5,0.07
2025-10-28 14:00:00,0.18,0.19,0.18,TEN,25NOV02LACTEN,0.4,0.07
2025-10-28 15:00:00,0.18,0.19,0.18,TEN,25NOV02LACTEN,0.04,0.67
2025-10-28 16:00:00,0.19,0.19,0.19,TEN,25NOV02LACTEN,-0.52,0.36
2025-10-28 17:00:00,0.18,0.19,0.18,TEN,25NOV02LACTEN,-0.32,0.56
2025-10-28 18:00:00,0.19,0.19,0.18,TEN,25NOV02LACTEN,-0.08,0.6
2025-10-28 19:00:00,0.19,0.19,0.19,TEN,25NOV02LACTEN,-0.5,0.03
2025-10-28 20:00:00,0.19,0.19,0.18,TEN,25NOV02LACTEN,-0.5,0.05
2025-10-28 21:00:00,0.19,0.19,0.19,TEN,25NOV02LACTEN,-0.12,0.62
2025-10-28 22:00:00,0.19,0.19,0.19,TEN,25NOV02LACTEN,-0.29,0.39
2025-10-28 23:00:00,0.19,0.19,0.19,TEN,25NOV02LACTEN,-0.53,0.39
2025-10-29 00:00:00,0.19,0.19,0.18,TEN,25NOV02LACTEN,0.34,0.78
2025-10-29 01:00:00,0.19,0.19,0.19,TEN,25NOV02LACTEN,0.26,0.63
2025-10-29 02:00:00,0.19,0.19,0.19,TEN,25NOV02LACTEN,0.29,0.61
2025-10-29 03:00:00,0.2,0.2,0.18,TEN,25NOV02LACTEN,-0.2,0.75
2025-10-29 04:00:00,0.19,0.19,0.19,TEN,25NOV02LACTEN,-0.72,0.75
2025-10-29 05:00:00,0.19,0.19,0.19,TEN,25NOV02LACTEN,-0.72,0.75
2025-10-29 06:00:00,0.19,0.19,0.19,TEN,25NOV02LACTEN,-0.72,0.75
2025-10-29 07:00:00,0.19,0.19,0.19,TEN,25NOV02LACTEN,-0.72,0.75
2025-10-29 08:00:00,0.19,0.19,0.19,TEN,25NOV02LACTEN,-0.41,0.75
2025-10-29 09:00:00,0.19,0.19,0.19,TEN,25NOV02LACTEN,-0.56,0.75
2025-10-29 10:00:00,0.19,0.19,0.19,TEN,25NOV02LACTEN,0.71,0.75
2025-10-29 11:00:00,0.19,0.19,0.19,TEN,25NOV02LACTEN,-0.24,0.79
2025-10-29 12:00:00,0.19,0.19,0.19,TEN,25NOV02LACTEN,-0.24,0.79
2025-10-29 13:00:00,0.19,0.19,0.19,TEN,25NOV02LACTEN,-0.41,0.79
2025-10-29 14:00:00,0.19,0.19,0.19,TEN,25NOV02LACTEN,-0.41,0.79
2025-10-29 15:00:00,0.19,0.19,0.19,TEN,25NOV02LACTEN,-0.47,0.04
2025-10-29 16:00:00,0.19,0.2,0.18,TEN,25NOV02LACTEN,-0.47,0.03
2025-10-29 17:00:00,0.19,0.19,0.19,TEN,25NOV02LACTEN,-0.47,0.03
2025-10-29 18:00:00,0.18,0.19,0.18,TEN,25NOV02LACTEN,0.02,0.61
2025-10-29 19:00:00,0.18,0.19,0.18,TEN,25NOV02LACTEN,-0.57,0.61
2025-10-29 20:00:00,0.19,0.19,0.19,TEN,25NOV02LACTEN,-0.46,0.61
2025-10-29 21:00:00,0.19,0.19,0.19,TEN,25NOV02LACTEN,-0.46,0.61
2025-10-29 22:00:00,0.19,0.19,0.19,TEN,25NOV02LACTEN,-0.46,0.61
2025-10-29 23:00:00,0.19,0.19,0.19,TEN,25NOV02LACTEN,-0.46,0.61
2025-10-30 00:00:00,0.19,0.19,0.19,TEN,25NOV02LACTEN,-0.4,0.61
2025-10-30 01:00:00,0.18,0.2,0.18,TEN,25NOV02LACTEN,0.41,0.61
2025-10-30 02:00:00,0.19,0.19,0.18,TEN,25NOV02LACTEN,0.41,0.61
2025-10-30 03:00:00,0.18,0.19,0.18,TEN,25NOV02LACTEN,0.41,0.61
2025-10-30 04:00:00,0.19,0.19,0.19,TEN,25NOV02LACTEN,-0.03,0.7
2025-10-30 05:00:00,0.19,0.19,0.18,TEN,25NOV02LACTEN,-0.16,0.72
2025-10-30 06:00:00,0.19,0.19,0.19,TEN,25NOV02LACTEN,-0.16,0.72
2025-10-30 07:00:00,0.19,0.19,0.18,TEN,25NOV02LACTEN,-0.16,0.72
2025-10-30 08:00:00,0.19,0.19,0.18,TEN,25NOV02LACTEN,-0.16,0.72
2025-10-30 09:00:00,0.19,0.19,0.18,TEN,25NOV02LACTEN,-0.16,0.72
2025-10-30 10:00:00,0.19,0.19,0.18,TEN,25NOV02LACTEN,-0.5,0.72
2025-10-30 11:00:00,0.19,0.19,0.18,TEN,25NOV02LACTEN,-0.51,0.72
2025-10-30 12:00:00,0.19,0.19,0.18,TEN,25NOV02LACTEN,-0.51,0.72
2025-10-30 13:00:00,0.19,0.19,0.19,TEN,25NOV02LACTEN,-0.51,0.72
2025-10-30 14:00:00,0.19,0.19,0.18,TEN,25NOV02LACTEN,-0.54,0.72
2025-10-30 15:00:00,0.19,0.19,0.18,TEN,25NOV02LACTEN,-0.57,0.05
2025-10-30 16:00:00,0.19,0.19,0.19,TEN,25NOV02LACTEN,-0.23,0.5
2025-10-30 17:00:00,0.19,0.19,0.19,TEN,25NOV02LACTEN,-0.23,0.5
2025-10-30 18:00:00,0.19,0.19,0.19,TEN,25NOV02LACTEN,-0.23,0.5
2025-10-30 19:00:00,0.19,0.19,0.19,TEN,25NOV02LACTEN,-0.23,0.5
2025-10-30 20:00:00,0.19,0.19,0.19,TEN,25NOV02LACTEN,-0.5,0.5
2025-10-30 21:00:00,0.19,0.19,0.19,TEN,25NOV02LACTEN,-0.61,0.03
2025-10-30 22:00:00,0.19,0.19,0.18,TEN,25NOV02LACTEN,-0.53,0.02
2025-10-30 23:00:00,0.19,0.19,0.19,TEN,25NOV02LACTEN,-0.49,0.04
2025-10-31 00:00:00,0.19,0.19,0.19,TEN,25NOV02LACTEN,-0.41,0.04
2025-10-31 01:00:00,0.19,0.19,0.19,TEN,25NOV02LACTEN,-0.41,0.04
2025-10-31 02:00:00,0.19,0.19,0.18,TEN,25NOV02LACTEN,-0.52,0.04
2025-10-31 03:00:00,0.19,0.19,0.19,TEN,25NOV02LACTEN,-0.52,0.04
2025-10-31 04:00:00,0.19,0.19,0.18,TEN,25NOV02LACTEN,-0.48,0.04
2025-10-31 05:00:00,0.19,0.19,0.19,TEN,25NOV02LACTEN,-0.48,0.04
2025-10-31 06:00:00,0.19,0.19,0.19,TEN,25NOV02LACTEN,-0.48,0.04
2025-10-31 07:00:00,0.19,0.19,0.18,TEN,25NOV02LACTEN,-0.48,0.04
2025-10-31 08:00:00,0.19,0.19,0.19,TEN,25NOV02LACTEN,-0.48,0.04
2025-10-31 09:00:00,0.19,0.19,0.19,TEN,25NOV02LACTEN,-0.48,0.04
2025-10-31 10:00:00,0.19,0.19,0.19,TEN,25NOV02LACTEN,-0.48,0.04
2025-10-31 11:00:00,0.19,0.19,0.19,TEN,25NOV02LACTEN,-0.48,0.04
2025-10-31 12:00:00,0.19,0.19,0.19,TEN,25NOV02LACTEN,-0.48,0.04
2025-10-31 13:00:00,0.19,0.19,0.19,TEN,25NOV02LACTEN,-0.41,0.04
2025-10-31 14:00:00,0.18,0.19,0.18,TEN,25NOV02LACTEN,-0.41,0.04
2025-10-31 15:00:00,0.19,0.19,0.19,TEN,25NOV02LACTEN,0.25,0.64
2025-10-31 16:00:00,0.19,0.19,0.19,TEN,25NOV02LACTEN,0.13,0.62
2025-10-31 17:00:00,0.19,0.19,0.19,TEN,25NOV02LACTEN,0.13,0.62
2025-10-31 18:00:00,0.19,0.19,0.19,TEN,25NOV02LACTEN,0.13,0.62
2025-10-31 19:00:00,0.19,0.19,0.18,TEN,25NOV02LACTEN,-0.53,0.62
2025-10-31 20:00:00,0.18,0.19,0.18,TEN,25NOV02LACTEN,-0.53,0.62
2025-10-31 21:00:00,0.19,0.19,0.19,TEN,25NOV02LACTEN,-0.53,0.62
2025-10-31 22:00:00,0.19,0.19,0.18,TEN,25NOV02LACTEN,-0.53,0.62
2025-10-31 23:00:00,0.19,0.19,0.19,TEN,25NOV02LACTEN,-0.53,0.62
2025-11-01 00:00:00,0.18,0.19,0.18,TEN,25NOV02LACTEN,-0.53,0.62
2025-11-01 01:00:00,0.19,0.19,0.19,TEN,25NOV02LACTEN,-0.53,0.62
2025-11-01 02:00:00,0.19,0.19,0.19,TEN,25NOV02LACTEN,-0.53,0.62
2025-11-01 03:00:00,0.19,0.19,0.18,TEN,25NOV02LACTEN,-0.53,0.62
2025-11-01 04:00:00,0.19,0.19,0.19,TEN,25NOV02LACTEN,-0.53,0.62
2025-11-01 05:00:00,0.18,0.19,0.18,TEN,25NOV02LACTEN,-0.53,0.62
2025-11-01 06:00:00,0.18,0.19,0.18,TEN,25NOV02LACTEN,-0.53,0.62
2025-11-01 07:00:00,0.19,0.19,0.19,TEN,25NOV02LACTEN,-0.53,0.62
2025-11-01 08:00:00,0.18,0.18,0.18,TEN,25NOV02LACTEN,-0.53,0.62
2025-11-01 09:00:00,0.18,0.18,0.18,TEN,25NOV02LACTEN,-0.53,0.62
2025-11-01 10:00:00,0.19,0.19,0.19,TEN,25NOV02LACTEN,-0.53,0.62
2025-11-01 11:00:00,0.19,0.19,0.19,TEN,25NOV02LACTEN,0.49,0.62
2025-11-01 12:00:00,0.19,0.19,0.19,TEN,25NOV02LACTEN,0.49,0.62
2025-11-01 13:00:00,0.19,0.19,0.19,TEN,25NOV02LACTEN,0.49,0.62
2025-11-01 14:00:00,0.19,0.19,0.18,TEN,25NOV02LACTEN,0.49,0.62
2025-11-01 15:00:00,0.19,0.19,0.18,TEN,25NOV02LACTEN,0.49,0.62
2025-11-01 16:00:00,0.19,0.19,0.19,TEN,25NOV02LACTEN,0.49,0.62
2025-11-01 17:00:00,0.19,0.19,0.19,TEN,25NOV02LACTEN,0.49,0.62
2025-11-01 18:00:00,0.19,0.19,0.18,TEN,25NOV02LACTEN,0.49,0.62
2025-11-01 19:00:00,0.19,0.19,0.19,TEN,25NOV02LACTEN,0.49,0.62
2025-11-01 20:00:00,0.19,0.19,0.19,TEN,25NOV02LACTEN,0.49,0.62
2025-11-01 21:00:00,0.19,0.19,0.19,TEN,25NOV02LACTEN,0.49,0.62
2025-11-01 22:00:00,0.19,0.19,0.18,TEN,25NOV02LACTEN,0.49,0.62
2025-11-01 23:00:00,0.18,0.19,0.18,TEN,25NOV02LACTEN,0.49,0.62
2025-11-02 00:00:00,0.19,0.19,0.18,TEN,25NOV02LACTEN,0.49,0.62
2025-11-02 01:00:00,0.19,0.19,0.19,TEN,25NOV02LACTEN,0.49,0.62
2025-11-02 02:00:00,0.19,0.19,0.19,TEN,25NOV02LACTEN,0.49,0.62
2025-11-02 03:00:00,0.19,0.19,0.19,TEN,25NOV02LACTEN,0.49,0.62
2025-11-02 04:00:00,0.18,0.19,0.18,TEN,25NOV02LACTEN,-0.41,0.62
2025-11-02 05:00:00,0.19,0.19,0.19,TEN,25NOV02LACTEN,-0.41,0.62
2025-11-02 06:00:00,0.19,0.19,0.18,TEN,25NOV02LACTEN,-0.41,0.62
2025-11-02 07:00:00,0.18,0.19,0.18,TEN,25NOV02LACTEN,-0.41,0.62
2025-11-02 08:00:00,0.19,0.19,0.18,TEN,25NOV02LACTEN,-0.41,0.62
2025-11-02 09:00:00,0.19,0.19,0.18,TEN,25NOV02LACTEN,-0.41,0.62
2025-11-02 10:00:00,0.19,0.19,0.19,TEN,25NOV02LACTEN,-0.41,0.62
2025-11-02 11:00:00,0.19,0.19,0.18,TEN,25NOV02LACTEN,-0.41,0.62
2025-11-02 12:00:00,0.18,0.19,0.18,TEN,25NOV02LACTEN,-0.41,0.62
2025-11-02 13:00:00,0.19,0.19,0.18,TEN,25NOV02LACTEN,-0.03,0.71
2025-11-02 14:00:00,0.19,0.19,0.18,TEN,25NOV02LACTEN,-0.03,0.71
2025-11-02 15:00:00,0.19,0.19,0.18,TEN,25NOV02LACTEN,0.07,0.66
2025-11-02 16:00:00,0.19,0.19,0.18,TEN,25NOV02LACTEN,0.5,0.0
2025-11-02 17:00:00,0.19,0.19,0.18,TEN,25NOV02LACTEN,-0.01,0.59
2025-11-02 18:00:00,0.19,0.19,0.18,TEN,25NOV02LACTEN,-0.47,0.03
2025-11-02 19:00:00,0.24,0.41,0.14,TEN,25NOV02LACTEN,0.66,0.07
2025-11-02 20:00:00,0.31,0.33,0.13,TEN,25NOV02LACTEN,-0.45,0.07
2025-10-26 21:00:00,0.83,0.83,0.82,LAC,25NOV02LACTEN,-0.84,0.02
2025-10-26 22:00:00,0.85,0.85,0.83,LAC,25NOV02LACTEN,-0.81,0.02
2025-10-26 23:00:00,0.83,0.85,0.8,LAC,25NOV02LACTEN,-0.81,0.02
2025-10-27 00:00:00,0.84,0.84,0.82,LAC,25NOV02LACTEN,0.54,0.02
2025-10-27 01:00:00,0.84,0.84,0.84,LAC,25NOV02LACTEN,0.66,0.02
2025-10-27 02:00:00,0.84,0.84,0.84,LAC,25NOV02LACTEN,0.66,0.02
2025-10-27 03:00:00,0.84,0.84,0.84,LAC,25NOV02LACTEN,0.66,0.02
2025-10-27 04:00:00,0.84,0.84,0.84,LAC,25NOV02LACTEN,0.66,0.02
2025-10-27 05:00:00,0.84,0.84,0.84,LAC,25NOV02LACTEN,0.66,0.02
2025-10-27 06:00:00,0.84,0.84,0.84,LAC,25NOV02LACTEN,0.66,0.02
2025-10-27 07:00:00,0.84,0.84,0.84,LAC,25NOV02LACTEN,0.63,0.02
2025-10-27 08:00:00,0.84,0.84,0.84,LAC,25NOV02LACTEN,0.63,0.02
2025-10-27 09:00:00,0.84,0.84,0.84,LAC,25NOV02LACTEN,0.63,0.02
2025-10-27 10:00:00,0.84,0.84,0.84,LAC,25NOV02LACTEN,0.63,0.02
2025-10-27 11:00:00,0.84,0.84,0.84,LAC,25NOV02LACTEN,0.63,0.02
2025-10-27 12:00:00,0.84,0.84,0.84,LAC,25NOV02LACTEN,0.63,0.02
2025-10-27 13:00:00,0.84,0.84,0.84,LAC,25NOV02LACTEN,0.74,0.02
2025-10-27 14:00:00,0.84,0.84,0.84,LAC,25NOV02LACTEN,0.74,0.02
2025-10-27 15:00:00,0.84,0.84,0.84,LAC,25NOV02LACTEN,-0.67,0.02
2025-10-27 16:00:00,0.84,0.84,0.83,LAC,25NOV02LACTEN,-0.67,0.02
2025-10-27 17:00:00,0.84,0.84,0.84,LAC,25NOV02LACTEN,-0.67,0.02
2025-10-27 18:00:00,0.84,0.84,0.84,LAC,25NOV02LACTEN,-0.67,0.02
2025-10-27 19:00:00,0.84,0.84,0.84,LAC,25NOV02LACTEN,-0.67,0.02
2025-10-27 20:00:00,0.84,0.84,0.84,LAC,25NOV02LACTEN,-0.67,0.02
2025-10-27 21:00:00,0.84,0.84,0.84,LAC,25NOV02LACTEN,-0.67,0.02
2025-10-27 22:00:00,0.84,0.84,0.84,LAC,25NOV02LACTEN,-0.67,0.02
2025-10-27 23:00:00,0.84,0.84,0.84,LAC,25NOV02LACTEN,-0.67,0.02
2025-10-28 00:00:00,0.83,0.84,0.83,LAC,25NOV02LACTEN,-0.67,0.02
2025-10-28 01:00:00,0.83,0.83,0.83,LAC,25NOV02LACTEN,-0.67,0.02
2025-10-28 02:00:00,0.83,0.83,0.82,LAC,25NOV02LACTEN,-0.67,0.02
2025-10-28 03:00:00,0.83,0.83,0.83,LAC,25NOV02LACTEN,-0.67,0.02
2025-10-28 04:00:00,0.84,0.84,0.82,LAC,25NOV02LACTEN,-0.67,0.02
2025-10-28 05:00:00,0.84,0.84,0.83,LAC,25NOV02LACTEN,-0.67,0.02
2025-10-28 06:00:00,0.84,0.84,0.84,LAC,25NOV02LACTEN,-0.67,0.02
2025-10-28 07:00:00,0.84,0.84,0.82,LAC,25NOV02LACTEN,-0.67,0.02
2025-10-28 08:00:00,0.83,0.84,0.83,LAC,25NOV02LACTEN,-0.67,0.02
2025-10-28 09:00:00,0.84,0.84,0.84,LAC,25NOV02LACTEN,-0.67,0.02
2025-10-28 10:00:00,0.84,0.84,0.84,LAC,25NOV02LACTEN,-0.67,0.02
2025-10-28 11:00:00,0.84,0.84,0.84,LAC,25NOV02LACTEN,-0.67,0.02
2025-10-28 12:00:00,0.84,0.84,0.84,LAC,25NOV02LACTEN,-0.67,0.02
2025-10-28 13:00:00,0.84,0.84,0.84,LAC,25NOV02LACTEN,-0.67,0.02
2025-10-28 14:00:00,0.84,0.84,0.83,LAC,25NOV02LACTEN,-0.67,0.02
2025-10-28 15:00:00,0.83,0.84,0.83,LAC,25NOV02LACTEN,-0.67,0.02
2025-10-28 16:00:00,0.84,0.84,0.83,LAC,25NOV02LACTEN,-0.67,0.02
2025-10-28 17:00:00,0.84,0.84,0.83,LAC,25NOV02LACTEN,-0.67,0.02
2025-10-28 18:00:00,0.84,0.84,0.84,LAC,25NOV02LACTEN,-0.67,0.02
2025-10-28 19:00:00,0.84,0.84,0.82,LAC,25NOV02LACTEN,-0.67,0.02
2025-10-28 20:00:00,0.84,0.84,0.84,LAC,25NOV02LACTEN,-0.67,0.02
2025-10-28 21:00:00,0.83,0.84,0.83,LAC,25NOV02LACTEN,-0.67,0.02
2025-10-28 22:00:00,0.83,0.83,0.83,LAC,25NOV02LACTEN,-0.67,0.02
2025-10-28 23:00:00,0.82,0.83,0.82,LAC,25NOV02LACTEN,0.7,0.02
2025-10-29 00:00:00,0.82,0.82,0.82,LAC,25NOV02LACTEN,0.7,0.02
2025-10-29 01:00:00,0.82,0.82,0.82,LAC,25NOV02LACTEN,0.7,0.02
2025-10-29 02:00:00,0.82,0.82,0.82,LAC,25NOV02LACTEN,0.7,0.02
2025-10-29 03:00:00,0.82,0.82,0.82,LAC,25NOV02LACTEN,0.7,0.02
2025-10-29 04:00:00,0.82,0.82,0.82,LAC,25NOV02LACTEN,0.7,0.02
2025-10-29 05:00:00,0.82,0.82,0.82,LAC,25NOV02LACTEN,0.7,0.02
2025-10-29 06:00:00,0.82,0.82,0.82,LAC,25NOV02LACTEN,0.7,0.02
2025-10-29 07:00:00,0.82,0.82,0.82,LAC,25NOV02LACTEN,0.7,0.02
2025-10-29 08:00:00,0.82,0.82,0.82,LAC,25NOV02LACTEN,0.7,0.02
2025-10-29 09:00:00,0.82,0.82,0.82,LAC,25NOV02LACTEN,0.7,0.02
2025-10-29 10:00:00,0.82,0.82,0.82,LAC,25NOV02LACTEN,0.7,0.02
2025-10-29 11:00:00,0.82,0.82,0.82,LAC,25NOV02LACTEN,0.7,0.02
2025-10-29 12:00:00,0.82,0.82,0.82,LAC,25NOV02LACTEN,0.7,0.02
2025-10-29 13:00:00,0.82,0.82,0.82,LAC,25NOV02LACTEN,0.7,0.02
2025-10-29 14:00:00,0.82,0.82,0.82,LAC,25NOV02LACTEN,0.7,0.02
2025-10-29 15:00:00,0.82,0.82,0.82,LAC,25NOV02LACTEN,0.7,0.02
2025-10-29 16:00:00,0.82,0.82,0.82,LAC,25NOV02LACTEN,0.7,0.02
2025-10-29 17:00:00,0.83,0.83,0.82,LAC,25NOV02LACTEN,0.7,0.02
2025-10-29 18:00:00,0.82,0.82,0.82,LAC,25NOV02LACTEN,0.7,0.02
2025-10-29 19:00:00,0.82,0.82,0.81,LAC,25NOV02LACTEN,0.7,0.02
2025-10-29 20:00:00,0.82,0.82,0.82,LAC,25NOV02LACTEN,0.7,0.02
2025-10-29 21:00:00,0.82,0.82,0.82,LAC,25NOV02LACTEN,0.7,0.02
2025-10-29 22:00:00,0.82,0.82,0.82,LAC,25NOV02LACTEN,-0.69,0.02
2025-10-29 23:00:00,0.82,0.82,0.82,LAC,25NOV02LACTEN,-0.69,0.02
2025-10-30 00:00:00,0.82,0.82,0.82,LAC,25NOV02LACTEN,-0.69,0.02
2025-10-30 01:00:00,0.81,0.82,0.81,LAC,25NOV02LACTEN,-0.69,0.02
2025-10-30 02:00:00,0.82,0.82,0.82,LAC,25NOV02LACTEN,-0.69,0.02
2025-10-30 03:00:00,0.82,0.82,0.82,LAC,25NOV02LACTEN,-0.69,0.02
2025-10-30 04:00:00,0.82,0.82,0.82,LAC,25NOV02LACTEN,-0.69,0.02
2025-10-30 05:00:00,0.82,0.82,0.82,LAC,25NOV02LACTEN,-0.69,0.02
2025-10-30 06:00:00,0.82,0.82,0.82,LAC,25NOV02LACTEN,-0.69,0.02
2025-10-30 07:00:00,0.82,0.82,0.81,LAC,25NOV02LACTEN,-0.69,0.02
2025-10-30 08:00:00,0.82,0.82,0.81,LAC,25NOV02LACTEN,-0.69,0.02
2025-10-30 09:00:00,0.82,0.82,0.81,LAC,25NOV02LACTEN,-0.69,0.02
2025-10-30 10:00:00,0.81,0.81,0.81,LAC,25NOV02LACTEN,-0.69,0.02
2025-10-30 11:00:00,0.81,0.81,0.81,LAC,25NOV02LACTEN,-0.69,0.02
2025-10-30 12:00:00,0.81,0.81,0.81,LAC,25NOV02LACTEN,-0.69,0.02
2025-10-30 13:00:00,0.82,0.82,0.81,LAC,25NOV02LACTEN,-0.69,0.02
2025-10-30 14:00:00,0.82,0.82,0.82,LAC,25NOV02LACTEN,-0.69,0.02
2025-10-30 15:00:00,0.82,0.82,0.81,LAC,25NOV02LACTEN,-0.69,0.02
2025-10-30 16:00:00,0.82,0.82,0.81,LAC,25NOV02LACTEN,-0.69,0.02
2025-10-30 17:00:00,0.82,0.82,0.82,LAC,25NOV02LACTEN,-0.69,0.02
2025-10-30 18:00:00,0.82,0.82,0.82,LAC,25NOV02LACTEN,0.66,0.02
2025-10-30 19:00:00,0.82,0.82,0.82,LAC,25NOV02LACTEN,0.66,0.02
2025-10-30 20:00:00,0.82,0.82,0.81,LAC,25NOV02LACTEN,0.66,0.02
2025-10-30 21:00:00,0.82,0.82,0.81,LAC,25NOV02LACTEN,0.66,0.02
2025-10-30 22:00:00,0.82,0.82,0.81,LAC,25NOV02LACTEN,0.69,0.03
2025-10-30 23:00:00,0.82,0.82,0.82,LAC,25NOV02LACTEN,0.7,0.03
2025-10-31 00:00:00,0.82,0.82,0.82,LAC,25NOV02LACTEN,0.7,0.03
2025-10-31 01:00:00,0.82,0.82,0.81,LAC,25NOV02LACTEN,0.7,0.03
2025-10-31 02:00:00,0.82,0.82,0.81,LAC,25NOV02LACTEN,0.7,0.03
2025-10-31 03:00:00,0.82,0.82,0.81,LAC,25NOV02LACTEN,0.56,0.03
2025-10-31 04:00:00,0.82,0.82,0.82,LAC,25NOV02LACTEN,0.56,0.03
2025-10-31 05:00:00,0.82,0.82,0.82,LAC,25NOV02LACTEN,0.56,0.03
2025-10-31 06:00:00,0.82,0.82,0.81,LAC,25NOV02LACTEN,0.56,0.03
2025-10-31 07:00:00,0.82,0.82,0.82,LAC,25NOV02LACTEN,0.56,0.03
2025-10-31 08:00:00,0.82,0.82,0.82,LAC,25NOV02LACTEN,0.59,0.03
2025-10-31 09:00:00,0.82,0.82,0.82,LAC,25NOV02LACTEN,0.59,0.03
2025-10-31 10:00:00,0.82,0.82,0.82,LAC,25NOV02LACTEN,0.59,0.03
2025-10-31 11:00:00,0.82,0.82,0.82,LAC,25NOV02LACTEN,0.59,0.03
2025-10-31 12:00:00,0.82,0.82,0.82,LAC,25NOV02LACTEN,0.59,0.03
2025-10-31 13:00:00,0.82,0.82,0.82,LAC,25NOV02LACTEN,0.59,0.03
2025-10-31 14:00:00,0.82,0.82,0.82,LAC,25NOV02LACTEN,0.59,0.03
2025-10-31 15:00:00,0.82,0.82,0.81,LAC,25NOV02LACTEN,0.59,0.03
2025-10-31 16:00:00,0.82,0.82,0.82,LAC,25NOV02LACTEN,0.59,0.03
2025-10-31 17:00:00,0.82,0.82,0.81,LAC,25NOV02LACTEN,0.59,0.03
2025-10-31 18:00:00,0.82,0.82,0.82,LAC,25NOV02LACTEN,0.59,0.03
2025-10-31 19:00:00,0.82,0.82,0.82,LAC,25NOV02LACTEN,0.59,0.03
2025-10-31 20:00:00,0.82,0.82,0.82,LAC,25NOV02LACTEN,0.59,0.03
2025-10-31 21:00:00,0.82,0.82,0.82,LAC,25NOV02LACTEN,0.59,0.03
2025-10-31 22:00:00,0.82,0.82,0.82,LAC,25NOV02LACTEN,-0.66,0.03
2025-10-31 23:00:00,0.82,0.82,0.82,LAC,25NOV02LACTEN,-0.66,0.03
2025-11-01 00:00:00,0.82,0.82,0.81,LAC,25NOV02LACTEN,0.43,0.03
2025-11-01 01:00:00,0.82,0.82,0.81,LAC,25NOV02LACTEN,0.43,0.03
2025-11-01 02:00:00,0.82,0.82,0.82,LAC,25NOV02LACTEN,0.43,0.03
2025-11-01 03:00:00,0.82,0.82,0.82,LAC,25NOV02LACTEN,0.43,0.03
2025-11-01 04:00:00,0.82,0.82,0.81,LAC,25NOV02LACTEN,0.43,0.03
2025-11-01 05:00:00,0.82,0.82,0.82,LAC,25NOV02LACTEN,0.43,0.03
2025-11-01 06:00:00,0.82,0.82,0.81,LAC,25NOV02LACTEN,0.43,0.03
2025-11-01 07:00:00,0.82,0.82,0.82,LAC,25NOV02LACTEN,0.43,0.03
2025-11-01 08:00:00,0.82,0.82,0.82,LAC,25NOV02LACTEN,0.43,0.03
2025-11-01 09:00:00,0.82,0.82,0.82,LAC,25NOV02LACTEN,0.43,0.03
2025-11-01 10:00:00,0.82,0.82,0.82,LAC,25NOV02LACTEN,0.43,0.03
2025-11-01 11:00:00,0.82,0.82,0.82,LAC,25NOV02LACTEN,0.43,0.03
2025-11-01 12:00:00,0.82,0.82,0.82,LAC,25NOV02LACTEN,0.43,0.03
2025-11-01 13:00:00,0.82,0.82,0.82,LAC,25NOV02LACTEN,0.43,0.03
2025-11-01 14:00:00,0.82,0.82,0.82,LAC,25NOV02LACTEN,0.43,0.03
2025-11-01 15:00:00,0.82,0.82,0.81,LAC,25NOV02LACTEN,0.43,0.03
2025-11-01 16:00:00,0.82,0.82,0.81,LAC,25NOV02LACTEN,0.43,0.03
2025-11-01 17:00:00,0.82,0.82,0.81,LAC,25NOV02LACTEN,0.43,0.03
2025-11-01 18:00:00,0.82,0.82,0.82,LAC,25NOV02LACTEN,0.43,0.03
2025-11-01 19:00:00,0.82,0.82,0.81,LAC,25NOV02LACTEN,0.43,0.03
2025-11-01 20:00:00,0.82,0.82,0.81,LAC,25NOV02LACTEN,0.43,0.03
2025-11-01 21:00:00,0.82,0.82,0.82,LAC,25NOV02LACTEN,0.43,0.03
2025-11-01 22:00:00,0.82,0.82,0.81,LAC,25NOV02LACTEN,0.43,0.03
2025-11-01 23:00:00,0.82,0.82,0.81,LAC,25NOV02LACTEN,0.43,0.03
2025-11-02 00:00:00,0.82,0.82,0.81,LAC,25NOV02LACTEN,0.43,0.03
2025-11-02 01:00:00,0.82,0.82,0.82,LAC,25NOV02LACTEN,0.43,0.03
2025-11-02 02:00:00,0.82,0.82,0.81,LAC,25NOV02LACTEN,0.43,0.03
2025-11-02 03:00:00,0.82,0.82,0.81,LAC,25NOV02LACTEN,0.43,0.03
2025-11-02 04:00:00,0.82,0.82,0.81,LAC,25NOV02LACTEN,0.43,0.03
2025-11-02 05:00:00,0.82,0.82,0.81,LAC,25NOV02LACTEN,0.43,0.03
2025-11-02 06:00:00,0.82,0.82,0.81,LAC,25NOV02LACTEN,0.43,0.03
2025-11-02 07:00:00,0.82,0.82,0.81,LAC,25NOV02LACTEN,0.43,0.03
2025-11-02 08:00:00,0.82,0.82,0.82,LAC,25NOV02LACTEN,0.43,0.03
2025-11-02 09:00:00,0.82,0.82,0.82,LAC,25NOV02LACTEN,0.43,0.03
2025-11-02 10:00:00,0.82,0.82,0.82,LAC,25NOV02LACTEN,0.43,0.03
2025-11-02 11:00:00,0.82,0.82,0.82,LAC,25NOV02LACTEN,0.43,0.03
2025-11-02 12:00:00,0.82,0.82,0.82,LAC,25NOV02LACTEN,0.43,0.03
2025-11-02 13:00:00,0.82,0.82,0.82,LAC,25NOV02LACTEN,0.43,0.03
2025-11-02 14:00:00,0.82,0.82,0.81,LAC,25NOV02LACTEN,0.64,0.03
2025-11-02 15:00:00,0.82,0.82,0.81,LAC,25NOV02LACTEN,0.64,0.03
2025-11-02 16:00:00,0.82,0.82,0.81,LAC,25NOV02LACTEN,0.64,0.03
2025-11-02 17:00:00,0.82,0.82,0.81,LAC,25NOV02LACTEN,0.64,0.03
2025-11-02 18:00:00,0.83,0.83,0.81,LAC,25NOV02LACTEN,-0.6,0.03
2025-11-02 19:00:00,0.77,0.87,0.59,LAC,25NOV02LACTEN,0.45,0.03
2025-11-02 20:00:00,0.69,0.87,0.67,LAC,25NOV02LACTEN,0.6,0.03
2025-10-26 22:00:00,0.47,0.47,0.47,PIT,25NOV02INDPIT,0.51,0.06
2025-10-26 23:00:00,0.44,0.44,0.43,PIT,25NOV02INDPIT,-0.6,0.06
2025-10-27 00:00:00,0.43,0.44,0.43,PIT,25NOV02INDPIT,-0.6,0.06
2025-10-27 01:00:00,0.4,0.41,0.4,PIT,25NOV02INDPIT,0.51,0.06
2025-10-27 02:00:00,0.43,0.43,0.43,PIT,25NOV02INDPIT,0.48,0.06
2025-10-27 03:00:00,0.43,0.43,0.41,PIT,25NOV02INDPIT,-0.23,0.64
2025-10-27 04:00:00,0.4,0.43,0.4,PIT,25NOV02INDPIT,-0.58,0.64
2025-10-27 05:00:00,0.39,0.4,0.39,PIT,25NOV02INDPIT,-0.58,0.64
2025-10-27 06:00:00,0.41,0.41,0.4,PIT,25NOV02INDPIT,-0.58,0.64
2025-10-27 07:00:00,0.4,0.4,0.4,PIT,25NOV02INDPIT,-0.58,0.64
2025-10-27 08:00:00,0.41,0.41,0.41,PIT,25NOV02INDPIT,-0.47,0.64
2025-10-27 09:00:00,0.41,0.41,0.41,PIT,25NOV02INDPIT,-0.47,0.64
2025-10-27 10:00:00,0.41,0.41,0.41,PIT,25NOV02INDPIT,-0.47,0.64
2025-10-27 11:00:00,0.41,0.41,0.41,PIT,25NOV02INDPIT,-0.47,0.64
2025-10-27 12:00:00,0.41,0.41,0.41,PIT,25NOV02INDPIT,-0.47,0.64
2025-10-27 13:00:00,0.39,0.4,0.39,PIT,25NOV02INDPIT,-0.47,0.64
2025-10-27 14:00:00,0.42,0.42,0.4,PIT,25NOV02INDPIT,-0.56,0.64
2025-10-27 15:00:00,0.42,0.43,0.42,PIT,25NOV02INDPIT,-0.62,0.64
2025-10-27 16:00:00,0.42,0.42,0.4,PIT,25NOV02INDPIT,-0.62,0.64
2025-10-27 17:00:00,0.4,0.42,0.4,PIT,25NOV02INDPIT,-0.62,0.64
2025-10-27 18:00:00,0.4,0.4,0.4,PIT,25NOV02INDPIT,-0.48,0.64
2025-10-27 19:00:00,0.39,0.4,0.39,PIT,25NOV02INDPIT,-0.48,0.64
2025-10-27 20:00:00,0.4,0.4,0.4,PIT,25NOV02INDPIT,-0.48,0.64
2025-10-27 21:00:00,0.39,0.4,0.39,PIT,25NOV02INDPIT,-0.39,0.64
2025-10-27 22:00:00,0.4,0.4,0.39,PIT,25NOV02INDPIT,-0.51,0.64
2025-10-27 23:00:00,0.4,0.4,0.4,PIT,25NOV02INDPIT,-0.51,0.64
2025-10-28 00:00:00,0.4,0.4,0.4,PIT,25NOV02INDPIT,-0.5,0.64
2025-10-28 01:00:00,0.4,0.4,0.4,PIT,25NOV02INDPIT,-0.5,0.64
2025-10-28 02:00:00,0.39,0.4,0.39,PIT,25NOV02INDPIT,-0.5,0.64
2025-10-28 03:00:00,0.4,0.4,0.4,PIT,25NOV02INDPIT,-0.5,0.64
2025-10-28 04:00:00,0.4,0.4,0.39,PIT,25NOV02INDPIT,-0.5,0.64
2025-10-28 05:00:00,0.4,0.4,0.4,PIT,25NOV02INDPIT,0.33,0.64
2025-10-28 06:00:00,0.4,0.4,0.39,PIT,25NOV02INDPIT,0.33,0.64
2025-10-28 07:00:00,0.4,0.4,0.4,PIT,25NOV02INDPIT,0.33,0.64
2025-10-28 08:00:00,0.4,0.4,0.4,PIT,25NOV02INDPIT,0.33,0.64
2025-10-28 09:00:00,0.4,0.4,0.4,PIT,25NOV02INDPIT,0.33,0.64
2025-10-28 10:00:00,0.4,0.4,0.4,PIT,25NOV02INDPIT,0.33,0.64
2025-10-28 11:00:00,0.4,0.4,0.4,PIT,25NOV02INDPIT,0.33,0.64
2025-10-28 12:00:00,0.4,0.4,0.4,PIT,25NOV02INDPIT,0.33,0.64
2025-10-28 13:00:00,0.4,0.4,0.4,PIT,25NOV02INDPIT,0.33,0.64
2025-10-28 14:00:00,0.4,0.4,0.4,PIT,25NOV02INDPIT,0.33,0.64
2025-10-28 15:00:00,0.39,0.4,0.39,PIT,25NOV02INDPIT,0.33,0.64
2025-10-28 16:00:00,0.39,0.39,0.39,PIT,25NOV02INDPIT,0.59,0.64
2025-10-28 17:00:00,0.39,0.39,0.38,PIT,25NOV02INDPIT,0.59,0.64
2025-10-28 18:00:00,0.39,0.39,0.38,PIT,25NOV02INDPIT,0.59,0.64
2025-10-28 19:00:00,0.39,0.39,0.39,PIT,25NOV02INDPIT,0.59,0.64
2025-10-28 20:00:00,0.38,0.39,0.38,PIT,25NOV02INDPIT,0.59,0.64
2025-10-28 21:00:00,0.39,0.39,0.39,PIT,25NOV02INDPIT,0.59,0.64
2025-10-28 22:00:00,0.4,0.4,0.39,PIT,25NOV02INDPIT,0.59,0.64
2025-10-28 23:00:00,0.38,0.38,0.38,PIT,25NOV02INDPIT,0.59,0.64
2025-10-29 00:00:00,0.38,0.38,0.37,PIT,25NOV02INDPIT,0.59,0.64
2025-10-29 01:00:00,0.38,0.38,0.38,PIT,25NOV02INDPIT,0.59,0.64
2025-10-29 02:00:00,0.38,0.38,0.38,PIT,25NOV02INDPIT,0.59,0.64
2025-10-29 03:00:00,0.38,0.38,0.37,PIT,25NOV02INDPIT,0.59,0.64
2025-10-29 04:00:00,0.38,0.38,0.38,PIT,25NOV02INDPIT,0.59,0.64
2025-10-29 05:00:00,0.38,0.38,0.38,PIT,25NOV02INDPIT,0.59,0.64
2025-10-29 06:00:00,0.38,0.38,0.38,PIT,25NOV02INDPIT,0.59,0.64
2025-10-29 07:00:00,0.38,0.38,0.38,PIT,25NOV02INDPIT,0.59,0.64
2025-10-29 08:00:00,0.38,0.38,0.38,PIT,25NOV02INDPIT,0.59,0.64
2025-10-29 09:00:00,0.38,0.38,0.38,PIT,25NOV02INDPIT,0.59,0.64
2025-10-29 10:00:00,0.38,0.38,0.38,PIT,25NOV02INDPIT,0.59,0.64
2025-10-29 11:00:00,0.38,0.38,0.38,PIT,25NOV02INDPIT,0.59,0.64
2025-10-29 12:00:00,0.38,0.38,0.38,PIT,25NOV02INDPIT,0.46,0.64
2025-10-29 13:00:00,0.38,0.39,0.38,PIT,25NOV02INDPIT,0.46,0.64
2025-10-29 14:00:00,0.38,0.38,0.38,PIT,25NOV02INDPIT,-0.51,0.64
2025-10-29 15:00:00,0.38,0.38,0.38,PIT,25NOV02INDPIT,-0.51,0.64
2025-10-29 16:00:00,0.38,0.38,0.38,PIT,25NOV02INDPIT,-0.51,0.64
2025-10-29 17:00:00,0.39,0.39,0.38,PIT,25NOV02INDPIT,-0.51,0.64
2025-10-29 18:00:00,0.38,0.38,0.38,PIT,25NOV02INDPIT,-0.51,0.64
2025-10-29 19:00:00,0.39,0.39,0.38,PIT,25NOV02INDPIT,-0.51,0.64
2025-10-29 20:00:00,0.39,0.39,0.39,PIT,25NOV02INDPIT,-0.51,0.64
2025-10-29 21:00:00,0.39,0.39,0.39,PIT,25NOV02INDPIT,0.44,0.64
2025-10-29 22:00:00,0.38,0.39,0.38,PIT,25NOV02INDPIT,0.44,0.64
2025-10-29 23:00:00,0.39,0.39,0.39,PIT,25NOV02INDPIT,0.44,0.64
2025-10-30 00:00:00,0.39,0.39,0.38,PIT,25NOV02INDPIT,0.44,0.64
2025-10-30 01:00:00,0.39,0.39,0.39,PIT,25NOV02INDPIT,0.44,0.64
2025-10-30 02:00:00,0.39,0.39,0.39,PIT,25NOV02INDPIT,-0.52,0.64
2025-10-30 03:00:00,0.39,0.39,0.39,PIT,25NOV02INDPIT,-0.52,0.64
2025-10-30 04:00:00,0.39,0.39,0.39,PIT,25NOV02INDPIT,-0.52,0.64
2025-10-30 05:00:00,0.39,0.39,0.38,PIT,25NOV02INDPIT,-0.52,0.64
2025-10-30 06:00:00,0.39,0.39,0.39,PIT,25NOV02INDPIT,-0.52,0.64
2025-10-30 07:00:00,0.39,0.39,0.39,PIT,25NOV02INDPIT,-0.52,0.64
2025-10-30 08:00:00,0.39,0.39,0.39,PIT,25NOV02INDPIT,-0.52,0.64
2025-10-30 09:00:00,0.39,0.39,0.39,PIT,25NOV02INDPIT,-0.52,0.64
2025-10-30 10:00:00,0.39,0.39,0.39,PIT,25NOV02INDPIT,-0.52,0.64
2025-10-30 11:00:00,0.4,0.4,0.39,PIT,25NOV02INDPIT,-0.52,0.64
2025-10-30 12:00:00,0.4,0.4,0.39,PIT,25NOV02INDPIT,-0.52,0.64
2025-10-30 13:00:00,0.38,0.39,0.38,PIT,25NOV02INDPIT,-0.52,0.64
2025-10-30 14:00:00,0.39,0.39,0.38,PIT,25NOV02INDPIT,-0.52,0.64
2025-10-30 15:00:00,0.39,0.39,0.38,PIT,25NOV02INDPIT,-0.52,0.64
2025-10-30 16:00:00,0.4,0.4,0.39,PIT,25NOV02INDPIT,-0.52,0.64
2025-10-30 17:00:00,0.4,0.4,0.39,PIT,25NOV02INDPIT,-0.52,0.64
2025-10-30 18:00:00,0.39,0.39,0.38,PIT,25NOV02INDPIT,-0.52,0.64
2025-10-30 19:00:00,0.39,0.39,0.38,PIT,25NOV02INDPIT,-0.52,0.64
2025-10-30 20:00:00,0.38,0.39,0.38,PIT,25NOV02INDPIT,-0.52,0.64
2025-10-30 21:00:00,0.39,0.39,0.38,PIT,25NOV02INDPIT,-0.52,0.64
2025-10-30 22:00:00,0.39,0.39,0.39,PIT,25NOV02INDPIT,-0.52,0.64
2025-10-30 23:00:00,0.39,0.39,0.38,PIT,25NOV02INDPIT,-0.52,0.64
2025-10-31 00:00:00,0.39,0.39,0.38,PIT,25NOV02INDPIT,-0.52,0.64
2025-10-31 01:00:00,0.39,0.39,0.38,PIT,25NOV02INDPIT,-0.44,0.64
2025-10-31 02:00:00,0.39,0.39,0.39,PIT,25NOV02INDPIT,-0.44,0.64
2025-10-31 03:00:00,0.39,0.39,0.39,PIT,25NOV02INDPIT,-0.44,0.64
2025-10-31 04:00:00,0.39,0.39,0.38,PIT,25NOV02INDPIT,-0.44,0.64
2025-10-31 05:00:00,0.39,0.39,0.39,PIT,25NOV02INDPIT,-0.44,0.64
2025-10-31 06:00:00,0.39,0.39,0.39,PIT,25NOV02INDPIT,-0.44,0.64
2025-10-31 07:00:00,0.39,0.39,0.39,PIT,25NOV02INDPIT,-0.44,0.64
2025-10-31 08:00:00,0.39,0.39,0.39,PIT,25NOV02INDPIT,-0.44,0.64
2025-10-31 09:00:00,0.39,0.39,0.39,PIT,25NOV02INDPIT,-0.44,0.64
2025-10-31 10:00:00,0.39,0.39,0.39,PIT,25NOV02INDPIT,-0.44,0.64
2025-10-31 11:00:00,0.38,0.39,0.38,PIT,25NOV02INDPIT,-0.44,0.64
2025-10-31 12:00:00,0.39,0.39,0.39,PIT,25NOV02INDPIT,-0.44,0.64
2025-10-31 13:00:00,0.39,0.39,0.38,PIT,25NOV02INDPIT,-0.44,0.64
2025-10-31 14:00:00,0.39,0.39,0.38,PIT,25NOV02INDPIT,-0.44,0.64
2025-10-31 15:00:00,0.38,0.39,0.38,PIT,25NOV02INDPIT,-0.44,0.64
2025-10-31 16:00:00,0.39,0.39,0.38,PIT,25NOV02INDPIT,-0.44,0.64
2025-10-31 17:00:00,0.38,0.39,0.38,PIT,25NOV02INDPIT,-0.44,0.64
2025-10-31 18:00:00,0.39,0.39,0.38,PIT,25NOV02INDPIT,-0.55,0.64
2025-10-31 19:00:00,0.4,0.4,0.38,PIT,25NOV02INDPIT,-0.55,0.64
2025-10-31 20:00:00,0.39,0.4,0.38,PIT,25NOV02INDPIT,-0.51,0.64
2025-10-31 21:00:00,0.4,0.4,0.38,PIT,25NOV02INDPIT,-0.51,0.64
2025-10-31 22:00:00,0.4,0.4,0.39,PIT,25NOV02INDPIT,-0.51,0.64
2025-10-31 23:00:00,0.4,0.4,0.39,PIT,25NOV02INDPIT,-0.51,0.64
2025-11-01 00:00:00,0.39,0.4,0.39,PIT,25NOV02INDPIT,-0.51,0.64
2025-11-01 01:00:00,0.39,0.39,0.39,PIT,25NOV02INDPIT,-0.46,0.64
2025-11-01 02:00:00,0.39,0.39,0.38,PIT,25NOV02INDPIT,-0.46,0.64
2025-11-01 03:00:00,0.39,0.39,0.39,PIT,25NOV02INDPIT,-0.46,0.64
2025-11-01 04:00:00,0.39,0.39,0.38,PIT,25NOV02INDPIT,-0.46,0.64
2025-11-01 05:00:00,0.39,0.39,0.38,PIT,25NOV02INDPIT,-0.46,0.64
2025-11-01 06:00:00,0.39,0.39,0.38,PIT,25NOV02INDPIT,-0.46,0.64
2025-11-01 07:00:00,0.38,0.39,0.38,PIT,25NOV02INDPIT,-0.46,0.64
2025-11-01 08:00:00,0.39,0.39,0.39,PIT,25NOV02INDPIT,-0.46,0.64
2025-11-01 09:00:00,0.39,0.39,0.39,PIT,25NOV02INDPIT,-0.46,0.64
2025-11-01 10:00:00,0.39,0.39,0.39,PIT,25NOV02INDPIT,-0.46,0.64
2025-11-01 11:00:00,0.39,0.39,0.39,PIT,25NOV02INDPIT,-0.46,0.64
2025-11-01 12:00:00,0.39,0.39,0.39,PIT,25NOV02INDPIT,-0.46,0.64
2025-11-01 13:00:00,0.39,0.39,0.38,PIT,25NOV02INDPIT,-0.46,0.64
2025-11-01 14:00:00,0.39,0.39,0.39,PIT,25NOV02INDPIT,-0.46,0.64
2025-11-01 15:00:00,0.39,0.39,0.38,PIT,25NOV02INDPIT,-0.46,0.64
2025-11-01 16:00:00,0.38,0.39,0.38,PIT,25NOV02INDPIT,-0.46,0.64
2025-11-01 17:00:00,0.39,0.39,0.38,PIT,25NOV02INDPIT,-0.46,0.64
2025-11-01 18:00:00,0.39,0.39,0.38,PIT,25NOV02INDPIT,-0.46,0.64
2025-11-01 19:00:00,0.39,0.39,0.38,PIT,25NOV02INDPIT,-0.46,0.64
2025-11-01 20:00:00,0.39,0.39,0.38,PIT,25NOV02INDPIT,-0.46,0.64
2025-11-01 21:00:00,0.39,0.39,0.38,PIT,25NOV02INDPIT,-0.46,0.64
2025-11-01 22:00:00,0.39,0.39,0.38,PIT,25NOV02INDPIT,-0.46,0.64
2025-11-01 23:00:00,0.39,0.39,0.38,PIT,25NOV02INDPIT,-0.46,0.64
2025-11-02 00:00:00,0.39,0.39,0.39,PIT,25NOV02INDPIT,-0.46,0.64
2025-11-02 01:00:00,0.39,0.39,0.38,PIT,25NOV02INDPIT,-0.46,0.64
2025-11-02 02:00:00,0.39,0.39,0.38,PIT,25NOV02INDPIT,-0.46,0.64
2025-11-02 03:00:00,0.39,0.39,0.38,PIT,25NOV02INDPIT,-0.46,0.64
2025-11-02 04:00:00,0.39,0.39,0.38,PIT,25NOV02INDPIT,-0.46,0.64
2025-11-02 05:00:00,0.39,0.39,0.37,PIT,25NOV02INDPIT,-0.46,0.64
2025-11-02 06:00:00,0.39,0.39,0.37,PIT,25NOV02INDPIT,-0.46,0.64
2025-11-02 07:00:00,0.39,0.39,0.37,PIT,25NOV02INDPIT,-0.46,0.64
2025-11-02 08:00:00,0.39,0.39,0.37,PIT,25NOV02INDPIT,-0.46,0.64
2025-11-02 09:00:00,0.38,0.39,0.37,PIT,25NOV02INDPIT,-0.46,0.64
2025-11-02 10:00:00,0.38,0.38,0.38,PIT,25NOV02INDPIT,-0.46,0.64
2025-11-02 11:00:00,0.38,0.38,0.38,PIT,25NOV02INDPIT,0.47,0.64
2025-11-02 12:00:00,0.38,0.38,0.38,PIT,25NOV02INDPIT,0.47,0.64
2025-11-02 13:00:00,0.38,0.38,0.38,PIT,25NOV02INDPIT,0.47,0.64
2025-11-02 14:00:00,0.38,0.39,0.37,PIT,25NOV02INDPIT,0.47,0.64
2025-11-02 15:00:00,0.39,0.39,0.37,PIT,25NOV02INDPIT,0.47,0.64
2025-11-02 16:00:00,0.38,0.39,0.37,PIT,25NOV02INDPIT,0.47,0.64
2025-11-02 17:00:00,0.38,0.38,0.37,PIT,25NOV02INDPIT,0.47,0.64
2025-11-02 18:00:00,0.4,0.41,0.37,PIT,25NOV02INDPIT,0.55,0.64
2025-11-02 19:00:00,0.33,0.4,0.14,PIT,25NOV02INDPIT,0.44,0.05
2025-11-02 20:00:00,0.73,0.82,0.32,PIT,25NOV02INDPIT,0.16,0.56
2025-11-02 21:00:00,0.98,0.99,0.67,PIT,25NOV02INDPIT,0.18,0.53
2025-10-28 05:00:00,0.61,0.61,0.61,IND,25NOV02INDPIT,-0.41,0.0
2025-10-28 06:00:00,0.61,0.61,0.61,IND,25NOV02INDPIT,-0.41,0.0
2025-10-28 07:00:00,0.61,0.61,0.61,IND,25NOV02INDPIT,-0.41,0.0
2025-10-28 08:00:00,0.61,0.61,0.61,IND,25NOV02INDPIT,-0.41,0.0
2025-10-28 09:00:00,0.61,0.61,0.61,IND,25NOV02INDPIT,-0.41,0.0
2025-10-28 10:00:00,0.61,0.61,0.61,IND,25NOV02INDPIT,-0.41,0.0
2025-10-28 11:00:00,0.61,0.61,0.61,IND,25NOV02INDPIT,0.52,0.0
2025-10-28 12:00:00,0.61,0.61,0.61,IND,25NOV02INDPIT,0.52,0.0
2025-10-28 13:00:00,0.62,0.62,0.6,IND,25NOV02INDPIT,0.42,0.0
2025-10-28 14:00:00,0.61,0.62,0.61,IND,25NOV02INDPIT,0.42,0.0
2025-10-28 15:00:00,0.62,0.62,0.61,IND,25NOV02INDPIT,0.45,0.0
2025-10-28 16:00:00,0.63,0.63,0.62,IND,25NOV02INDPIT,0.45,0.0
2025-10-28 17:00:00,0.63,0.63,0.62,IND,25NOV02INDPIT,0.42,0.6
2025-10-28 18:00:00,0.63,0.63,0.63,IND,25NOV02INDPIT,0.6,0.04
2025-10-28 19:00:00,0.63,0.63,0.63,IND,25NOV02INDPIT,0.6,0.04
2025-10-28 20:00:00,0.63,0.63,0.62,IND,25NOV02INDPIT,0.61,0.07
2025-10-28 21:00:00,0.63,0.63,0.63,IND,25NOV02INDPIT,0.72,0.07
2025-10-28 22:00:00,0.63,0.63,0.63,IND,25NOV02INDPIT,0.61,0.01
2025-10-28 23:00:00,0.63,0.63,0.63,IND,25NOV02INDPIT,0.5,0.05
2025-10-29 00:00:00,0.63,0.63,0.62,IND,25NOV02INDPIT,0.5,0.05
2025-10-29 01:00:00,0.63,0.63,0.62,IND,25NOV02INDPIT,0.5,0.05
2025-10-29 02:00:00,0.63,0.63,0.62,IND,25NOV02INDPIT,0.5,0.05
2025-10-29 03:00:00,0.63,0.63,0.62,IND,25NOV02INDPIT,0.5,0.05
2025-10-29 04:00:00,0.63,0.63,0.63,IND,25NOV02INDPIT,0.5,0.05
2025-10-29 05:00:00,0.63,0.63,0.63,IND,25NOV02INDPIT,0.5,0.05
2025-10-29 06:00:00,0.63,0.63,0.63,IND,25NOV02INDPIT,0.5,0.05
2025-10-29 07:00:00,0.63,0.63,0.63,IND,25NOV02INDPIT,0.5,0.05
2025-10-29 08:00:00,0.63,0.63,0.63,IND,25NOV02INDPIT,0.5,0.05
2025-10-29 09:00:00,0.63,0.63,0.63,IND,25NOV02INDPIT,0.5,0.05
2025-10-29 10:00:00,0.63,0.63,0.63,IND,25NOV02INDPIT,0.5,0.05
2025-10-29 11:00:00,0.63,0.63,0.63,IND,25NOV02INDPIT,0.5,0.05
2025-10-29 12:00:00,0.63,0.63,0.63,IND,25NOV02INDPIT,0.44,0.05
2025-10-29 13:00:00,0.63,0.63,0.62,IND,25NOV02INDPIT,0.44,0.05
2025-10-29 14:00:00,0.63,0.63,0.63,IND,25NOV02INDPIT,0.58,0.05
2025-10-29 15:00:00,0.63,0.63,0.62,IND,25NOV02INDPIT,0.58,0.05
2025-10-29 16:00:00,0.63,0.63,0.63,IND,25NOV02INDPIT,0.58,0.05
2025-10-29 17:00:00,0.63,0.63,0.62,IND,25NOV02INDPIT,-0.13,0.61
2025-10-29 18:00:00,0.63,0.63,0.62,IND,25NOV02INDPIT,-0.47,0.37
2025-10-29 19:00:00,0.62,0.63,0.61,IND,25NOV02INDPIT,-0.11,0.58
2025-10-29 20:00:00,0.62,0.62,0.62,IND,25NOV02INDPIT,0.07,0.7
2025-10-29 21:00:00,0.62,0.62,0.62,IND,25NOV02INDPIT,0.07,0.7
2025-10-29 22:00:00,0.62,0.62,0.62,IND,25NOV02INDPIT,0.07,0.7
2025-10-29 23:00:00,0.62,0.62,0.61,IND,25NOV02INDPIT,0.43,0.7
2025-10-30 00:00:00,0.62,0.62,0.61,IND,25NOV02INDPIT,-0.55,0.0
2025-10-30 01:00:00,0.62,0.62,0.6,IND,25NOV02INDPIT,0.48,0.0
2025-10-30 02:00:00,0.62,0.62,0.62,IND,25NOV02INDPIT,0.48,0.0
2025-10-30 03:00:00,0.62,0.62,0.61,IND,25NOV02INDPIT,-0.41,0.0
2025-10-30 04:00:00,0.62,0.62,0.61,IND,25NOV02INDPIT,0.02,0.78
2025-10-30 05:00:00,0.62,0.62,0.61,IND,25NOV02INDPIT,-0.55,0.78
2025-10-30 06:00:00,0.62,0.62,0.61,IND,25NOV02INDPIT,-0.55,0.78
2025-10-30 07:00:00,0.62,0.62,0.62,IND,25NOV02INDPIT,-0.55,0.78
2025-10-30 08:00:00,0.62,0.62,0.62,IND,25NOV02INDPIT,-0.55,0.78
2025-10-30 09:00:00,0.62,0.62,0.62,IND,25NOV02INDPIT,-0.55,0.78
2025-10-30 10:00:00,0.62,0.62,0.62,IND,25NOV02INDPIT,-0.55,0.78
2025-10-30 11:00:00,0.62,0.62,0.62,IND,25NOV02INDPIT,-0.55,0.78
2025-10-30 12:00:00,0.62,0.62,0.62,IND,25NOV02INDPIT,-0.55,0.78
2025-10-30 13:00:00,0.62,0.62,0.61,IND,25NOV02INDPIT,-0.49,0.78
2025-10-30 14:00:00,0.62,0.62,0.61,IND,25NOV02INDPIT,-0.47,0.78
2025-10-30 15:00:00,0.62,0.62,0.62,IND,25NOV02INDPIT,0.54,0.78
2025-10-30 16:00:00,0.62,0.62,0.61,IND,25NOV02INDPIT,-0.02,0.6
2025-10-30 17:00:00,0.62,0.62,0.6,IND,25NOV02INDPIT,-0.02,0.6
2025-10-30 18:00:00,0.62,0.62,0.62,IND,25NOV02INDPIT,0.68,0.1
2025-10-30 19:00:00,0.62,0.62,0.61,IND,25NOV02INDPIT,0.62,0.05
2025-10-30 20:00:00,0.62,0.62,0.61,IND,25NOV02INDPIT,0.62,0.05
2025-10-30 21:00:00,0.62,0.62,0.61,IND,25NOV02INDPIT,0.62,0.05
2025-10-30 22:00:00,0.62,0.62,0.61,IND,25NOV02INDPIT,0.62,0.05
2025-10-30 23:00:00,0.62,0.62,0.61,IND,25NOV02INDPIT,0.62,0.05
2025-10-31 00:00:00,0.62,0.62,0.62,IND,25NOV02INDPIT,0.62,0.05
2025-10-31 01:00:00,0.62,0.62,0.61,IND,25NOV02INDPIT,0.39,0.05
2025-10-31 02:00:00,0.62,0.62,0.61,IND,25NOV02INDPIT,0.39,0.05
2025-10-31 03:00:00,0.62,0.62,0.61,IND,25NOV02INDPIT,0.39,0.05
2025-10-31 04:00:00,0.62,0.62,0.61,IND,25NOV02INDPIT,0.39,0.05
2025-10-31 05:00:00,0.62,0.62,0.62,IND,25NOV02INDPIT,0.39,0.05
2025-10-31 06:00:00,0.62,0.62,0.61,IND,25NOV02INDPIT,0.39,0.05
2025-10-31 07:00:00,0.62,0.62,0.61,IND,25NOV02INDPIT,0.39,0.05
2025-10-31 08:00:00,0.62,0.62,0.62,IND,25NOV02INDPIT,0.39,0.05
2025-10-31 09:00:00,0.61,0.61,0.61,IND,25NOV02INDPIT,-0.53,0.05
2025-10-31 10:00:00,0.61,0.61,0.61,IND,25NOV02INDPIT,-0.53,0.05
2025-10-31 11:00:00,0.62,0.62,0.62,IND,25NOV02INDPIT,-0.53,0.05
2025-10-31 12:00:00,0.62,0.62,0.62,IND,25NOV02INDPIT,0.36,0.05
2025-10-31 13:00:00,0.62,0.62,0.62,IND,25NOV02INDPIT,0.36,0.05
2025-10-31 14:00:00,0.62,0.62,0.62,IND,25NOV02INDPIT,0.36,0.05
2025-10-31 15:00:00,0.62,0.62,0.61,IND,25NOV02INDPIT,-0.02,0.85
2025-10-31 16:00:00,0.62,0.62,0.62,IND,25NOV02INDPIT,0.52,0.85
2025-10-31 17:00:00,0.62,0.62,0.61,IND,25NOV02INDPIT,-0.03,0.46
2025-10-31 18:00:00,0.62,0.62,0.61,IND,25NOV02INDPIT,0.45,0.17
2025-10-31 19:00:00,0.62,0.62,0.62,IND,25NOV02INDPIT,0.01,0.73
2025-10-31 20:00:00,0.62,0.62,0.61,IND,25NOV02INDPIT,0.53,0.73
2025-10-31 21:00:00,0.62,0.62,0.61,IND,25NOV02INDPIT,0.45,0.05
2025-10-31 22:00:00,0.62,0.62,0.62,IND,25NOV02INDPIT,-0.19,0.59
2025-10-31 23:00:00,0.62,0.62,0.61,IND,25NOV02INDPIT,0.3,0.66
2025-11-01 00:00:00,0.62,0.62,0.61,IND,25NOV02INDPIT,0.61,0.06
2025-11-01 01:00:00,0.62,0.62,0.62,IND,25NOV02INDPIT,-0.58,0.05
2025-11-01 02:00:00,0.62,0.62,0.62,IND,25NOV02INDPIT,-0.58,0.05
2025-11-01 03:00:00,0.62,0.62,0.62,IND,25NOV02INDPIT,-0.58,0.05
2025-11-01 04:00:00,0.62,0.62,0.61,IND,25NOV02INDPIT,-0.54,0.05
2025-11-01 05:00:00,0.62,0.62,0.61,IND,25NOV02INDPIT,-0.54,0.05
2025-11-01 06:00:00,0.62,0.62,0.62,IND,25NOV02INDPIT,-0.54,0.05
2025-11-01 07:00:00,0.62,0.62,0.61,IND,25NOV02INDPIT,-0.54,0.05
2025-11-01 08:00:00,0.62,0.62,0.62,IND,25NOV02INDPIT,-0.54,0.05
2025-11-01 09:00:00,0.62,0.62,0.62,IND,25NOV02INDPIT,-0.01,0.76
2025-11-01 10:00:00,0.61,0.61,0.61,IND,25NOV02INDPIT,-0.01,0.76
2025-11-01 11:00:00,0.61,0.61,0.61,IND,25NOV02INDPIT,-0.74,0.76
2025-11-01 12:00:00,0.62,0.62,0.62,IND,25NOV02INDPIT,-0.68,0.76
2025-11-01 13:00:00,0.62,0.62,0.61,IND,25NOV02INDPIT,0.52,0.76
2025-11-01 14:00:00,0.62,0.62,0.61,IND,25NOV02INDPIT,-0.56,0.76
2025-11-01 15:00:00,0.62,0.62,0.61,IND,25NOV02INDPIT,-0.56,0.76
2025-11-01 16:00:00,0.62,0.62,0.61,IND,25NOV02INDPIT,-0.56,0.76
2025-11-01 17:00:00,0.63,0.63,0.61,IND,25NOV02INDPIT,-0.56,0.76
2025-11-01 18:00:00,0.62,0.63,0.61,IND,25NOV02INDPIT,-0.56,0.76
2025-11-01 19:00:00,0.63,0.63,0.61,IND,25NOV02INDPIT,-0.56,0.76
2025-11-01 20:00:00,0.63,0.63,0.61,IND,25NOV02INDPIT,0.15,0.52
2025-11-01 21:00:00,0.62,0.63,0.61,IND,25NOV02INDPIT,0.48,0.52
2025-11-01 22:00:00,0.63,0.63,0.62,IND,25NOV02INDPIT,0.48,0.52
2025-11-01 23:00:00,0.63,0.63,0.61,IND,25NOV02INDPIT,0.57,0.52
2025-11-02 00:00:00,0.63,0.63,0.61,IND,25NOV02INDPIT,0.47,0.07
2025-11-02 01:00:00,0.63,0.63,0.61,IND,25NOV02INDPIT,0.47,0.07
2025-11-02 02:00:00,0.63,0.63,0.61,IND,25NOV02INDPIT,-0.38,0.07
2025-11-02 03:00:00,0.63,0.63,0.61,IND,25NOV02INDPIT,-0.38,0.07
2025-11-02 04:00:00,0.63,0.63,0.61,IND,25NOV02INDPIT,0.56,0.06
2025-11-02 05:00:00,0.63,0.63,0.61,IND,25NOV02INDPIT,0.51,0.06
2025-11-02 06:00:00,0.63,0.63,0.62,IND,25NOV02INDPIT,0.51,0.06
2025-11-02 07:00:00,0.63,0.63,0.62,IND,25NOV02INDPIT,0.51,0.06
2025-11-02 08:00:00,0.63,0.63,0.62,IND,25NOV02INDPIT,0.51,0.06
2025-11-02 09:00:00,0.63,0.63,0.63,IND,25NOV02INDPIT,0.51,0.06
2025-11-02 10:00:00,0.63,0.63,0.62,IND,25NOV02INDPIT,0.51,0.06
2025-11-02 11:00:00,0.63,0.63,0.63,IND,25NOV02INDPIT,-0.46,0.06
2025-11-02 12:00:00,0.63,0.63,0.62,IND,25NOV02INDPIT,0.47,0.06
2025-11-02 13:00:00,0.63,0.63,0.62,IND,25NOV02INDPIT,0.49,0.05
2025-11-02 14:00:00,0.63,0.63,0.62,IND,25NOV02INDPIT,0.15,0.59
2025-11-02 15:00:00,0.63,0.63,0.62,IND,25NOV02INDPIT,0.15,0.59
2025-11-02 16:00:00,0.63,0.63,0.62,IND,25NOV02INDPIT,0.15,0.59
2025-11-02 17:00:00,0.63,0.63,0.62,IND,25NOV02INDPIT,0.45,0.59
2025-11-02 18:00:00,0.61,0.63,0.59,IND,25NOV02INDPIT,0.45,0.59
2025-11-02 19:00:00,0.67,0.88,0.6,IND,25NOV02INDPIT,0.57,0.34
2025-11-02 20:00:00,0.28,0.69,0.18,IND,25NOV02INDPIT,0.36,0.52
2025-11-02 21:00:00,0.02,0.35,0.01,IND,25NOV02INDPIT,0.61,0.11
2025-10-30 00:00:00,0.69,0.7,0.69,NE,25NOV02ATLNE,0.38,0.0
2025-10-30 01:00:00,0.7,0.7,0.68,NE,25NOV02ATLNE,0.48,0.0
2025-10-30 02:00:00,0.7,0.7,0.7,NE,25NOV02ATLNE,0.48,0.0
2025-10-30 03:00:00,0.7,0.7,0.7,NE,25NOV02ATLNE,0.48,0.0
2025-10-30 04:00:00,0.69,0.71,0.69,NE,25NOV02ATLNE,0.48,0.0
2025-10-30 05:00:00,0.7,0.7,0.7,NE,25NOV02ATLNE,0.48,0.0
2025-10-30 06:00:00,0.7,0.7,0.7,NE,25NOV02ATLNE,0.48,0.0
2025-10-30 07:00:00,0.7,0.7,0.69,NE,25NOV02ATLNE,0.48,0.0
2025-10-30 08:00:00,0.7,0.7,0.69,NE,25NOV02ATLNE,0.48,0.0
2025-10-30 09:00:00,0.7,0.7,0.69,NE,25NOV02ATLNE,0.48,0.0
2025-10-30 10:00:00,0.7,0.7,0.7,NE,25NOV02ATLNE,0.48,0.0
2025-10-30 11:00:00,0.7,0.7,0.7,NE,25NOV02ATLNE,0.48,0.0
2025-10-30 12:00:00,0.7,0.7,0.7,NE,25NOV02ATLNE,0.48,0.0
2025-10-30 13:00:00,0.7,0.7,0.7,NE,25NOV02ATLNE,0.48,0.0
2025-10-30 14:00:00,0.71,0.71,0.7,NE,25NOV02ATLNE,0.38,0.0
2025-10-30 15:00:00,0.71,0.71,0.7,NE,25NOV02ATLNE,0.38,0.0
2025-10-30 16:00:00,0.71,0.71,0.7,NE,25NOV02ATLNE,0.31,0.58
2025-10-30 17:00:00,0.71,0.71,0.71,NE,25NOV02ATLNE,0.61,0.58
2025-10-30 18:00:00,0.7,0.71,0.7,NE,25NOV02ATLNE,0.29,0.48
2025-10-30 19:00:00,0.7,0.71,0.7,NE,25NOV02ATLNE,0.46,0.34
2025-10-30 20:00:00,0.7,0.7,0.7,NE,25NOV02ATLNE,0.18,0.5
2025-10-30 21:00:00,0.69,0.7,0.69,NE,25NOV02ATLNE,0.13,0.54
2025-10-30 22:00:00,0.7,0.7,0.69,NE,25NOV02ATLNE,0.5,0.33
2025-10-30 23:00:00,0.7,0.7,0.7,NE,25NOV02ATLNE,0.58,0.07
2025-10-31 00:00:00,0.7,0.7,0.7,NE,25NOV02ATLNE,0.54,0.32
2025-10-31 01:00:00,0.7,0.7,0.69,NE,25NOV02ATLNE,0.53,0.08
2025-10-31 02:00:00,0.7,0.7,0.7,NE,25NOV02ATLNE,0.51,0.05
2025-10-31 03:00:00,0.7,0.7,0.7,NE,25NOV02ATLNE,0.55,0.05
2025-10-31 04:00:00,0.7,0.7,0.7,NE,25NOV02ATLNE,0.5,0.09
2025-10-31 05:00:00,0.7,0.7,0.7,NE,25NOV02ATLNE,0.42,0.1
2025-10-31 06:00:00,0.7,0.7,0.7,NE,25NOV02ATLNE,0.43,0.1
2025-10-31 07:00:00,0.7,0.7,0.7,NE,25NOV02ATLNE,0.43,0.1
2025-10-31 08:00:00,0.7,0.7,0.7,NE,25NOV02ATLNE,0.43,0.1
2025-10-31 09:00:00,0.7,0.7,0.7,NE,25NOV02ATLNE,0.02,0.63
2025-10-31 10:00:00,0.7,0.7,0.7,NE,25NOV02ATLNE,0.46,0.01
2025-10-31 11:00:00,0.7,0.7,0.7,NE,25NOV02ATLNE,0.49,0.09
2025-10-31 12:00:00,0.7,0.7,0.7,NE,25NOV02ATLNE,0.28,0.4
2025-10-31 13:00:00,0.7,0.7,0.69,NE,25NOV02ATLNE,-0.07,0.59
2025-10-31 14:00:00,0.71,0.71,0.69,NE,25NOV02ATLNE,0.36,0.5
2025-10-31 15:00:00,0.7,0.71,0.7,NE,25NOV02ATLNE,0.29,0.44
2025-10-31 16:00:00,0.7,0.7,0.69,NE,25NOV02ATLNE,-0.09,0.56
2025-10-31 17:00:00,0.7,0.7,0.69,NE,25NOV02ATLNE,-0.02,0.6
2025-10-31 18:00:00,0.7,0.7,0.69,NE,25NOV02ATLNE,-0.24,0.47
2025-10-31 19:00:00,0.7,0.71,0.69,NE,25NOV02ATLNE,-0.25,0.65
2025-10-31 20:00:00,0.7,0.7,0.7,NE,25NOV02ATLNE,-0.08,0.58
2025-10-31 21:00:00,0.7,0.7,0.7,NE,25NOV02ATLNE,0.26,0.51
2025-10-31 22:00:00,0.7,0.7,0.69,NE,25NOV02ATLNE,0.14,0.58
2025-10-31 23:00:00,0.7,0.7,0.7,NE,25NOV02ATLNE,-0.4,0.58
2025-11-01 00:00:00,0.7,0.7,0.69,NE,25NOV02ATLNE,-0.03,0.64
2025-11-01 01:00:00,0.7,0.7,0.7,NE,25NOV02ATLNE,0.15,0.51
2025-11-01 02:00:00,0.7,0.7,0.69,NE,25NOV02ATLNE,0.49,0.04
2025-11-01 03:00:00,0.7,0.7,0.69,NE,25NOV02ATLNE,0.23,0.7
2025-11-01 04:00:00,0.69,0.7,0.69,NE,25NOV02ATLNE,0.21,0.59
2025-11-01 05:00:00,0.69,0.69,0.69,NE,25NOV02ATLNE,0.79,0.01
2025-11-01 06:00:00,0.69,0.69,0.68,NE,25NOV02ATLNE,-0.73,0.01
2025-11-01 07:00:00,0.68,0.69,0.68,NE,25NOV02ATLNE,-0.73,0.01
2025-11-01 08:00:00,0.69,0.69,0.69,NE,25NOV02ATLNE,-0.71,0.01
2025-11-01 09:00:00,0.69,0.69,0.69,NE,25NOV02ATLNE,-0.71,0.01
2025-11-01 10:00:00,0.69,0.69,0.69,NE,25NOV02ATLNE,0.8,0.01
2025-11-01 11:00:00,0.69,0.69,0.69,NE,25NOV02ATLNE,-0.55,0.01
2025-11-01 12:00:00,0.69,0.69,0.69,NE,25NOV02ATLNE,0.46,0.01
2025-11-01 13:00:00,0.68,0.69,0.68,NE,25NOV02ATLNE,0.1,0.62
2025-11-01 14:00:00,0.69,0.69,0.68,NE,25NOV02ATLNE,0.71,0.62
2025-11-01 15:00:00,0.69,0.69,0.68,NE,25NOV02ATLNE,0.42,0.31
2025-11-01 16:00:00,0.69,0.69,0.68,NE,25NOV02ATLNE,0.21,0.54
2025-11-01 17:00:00,0.68,0.69,0.68,NE,25NOV02ATLNE,0.44,0.04
2025-11-01 18:00:00,0.68,0.68,0.67,NE,25NOV02ATLNE,0.71,0.11
2025-11-01 19:00:00,0.68,0.68,0.67,NE,25NOV02ATLNE,0.4,0.45
2025-11-01 20:00:00,0.68,0.68,0.67,NE,25NOV02ATLNE,0.45,0.01
2025-11-01 21:00:00,0.68,0.69,0.68,NE,25NOV02ATLNE,0.39,0.48
2025-11-01 22:00:00,0.68,0.69,0.68,NE,25NOV02ATLNE,0.5,0.04
2025-11-01 23:00:00,0.68,0.68,0.67,NE,25NOV02ATLNE,0.51,0.06
2025-11-02 00:00:00,0.68,0.68,0.67,NE,25NOV02ATLNE,0.49,0.03
2025-11-02 01:00:00,0.68,0.68,0.68,NE,25NOV02ATLNE,0.47,0.1
2025-11-02 02:00:00,0.68,0.68,0.68,NE,25NOV02ATLNE,0.4,0.1
2025-11-02 03:00:00,0.68,0.68,0.67,NE,25NOV02ATLNE,0.43,0.03
2025-11-02 04:00:00,0.68,0.68,0.67,NE,25NOV02ATLNE,0.31,0.44
2025-11-02 05:00:00,0.68,0.68,0.67,NE,25NOV02ATLNE,0.53,0.44
2025-11-02 06:00:00,0.68,0.68,0.67,NE,25NOV02ATLNE,0.53,0.44
2025-11-02 07:00:00,0.68,0.68,0.67,NE,25NOV02ATLNE,0.53,0.44
2025-11-02 08:00:00,0.68,0.68,0.68,NE,25NOV02ATLNE,0.53,0.44
2025-11-02 09:00:00,0.68,0.68,0.67,NE,25NOV02ATLNE,0.53,0.44
2025-11-02 10:00:00,0.68,0.68,0.68,NE,25NOV02ATLNE,0.53,0.44
2025-11-02 11:00:00,0.67,0.68,0.67,NE,25NOV02ATLNE,0.53,0.44
2025-11-02 12:00:00,0.68,0.68,0.67,NE,25NOV02ATLNE,0.44,0.06
2025-11-02 13:00:00,0.68,0.68,0.67,NE,25NOV02ATLNE,0.39,0.08
2025-11-02 14:00:00,0.68,0.68,0.67,NE,25NOV02ATLNE,0.42,0.08
2025-11-02 15:00:00,0.68,0.68,0.67,NE,25NOV02ATLNE,0.25,0.53
2025-11-02 16:00:00,0.7,0.7,0.68,NE,25NOV02ATLNE,-0.1,0.61
2025-11-02 17:00:00,0.7,0.7,0.69,NE,25NOV02ATLNE,0.32,0.47
2025-11-02 18:00:00,0.69,0.7,0.68,NE,25NOV02ATLNE,0.41,0.45
2025-11-02 19:00:00,0.91,0.92,0.67,NE,25NOV02ATLNE,0.33,0.51
2025-11-02 20:00:00,0.9,0.96,0.77,NE,25NOV02ATLNE,0.42,0.35
2025-11-02 21:00:00,0.99,0.99,0.46,NE,25NOV02ATLNE,0.36,0.51
2025-10-26 22:00:00,0.01,0.53,0.01,HOU,25NOV02DENHOU,0.04,0.64
2025-10-26 23:00:00,0.48,0.48,0.48,HOU,25NOV02DENHOU,0.36,0.57
2025-10-27 00:00:00,0.47,0.48,0.47,HOU,25NOV02DENHOU,0.04,0.65
2025-10-27 01:00:00,0.49,0.49,0.48,HOU,25NOV02DENHOU,0.55,0.09
2025-10-27 02:00:00,0.49,0.49,0.49,HOU,25NOV02DENHOU,0.08,0.59
2025-10-27 03:00:00,0.48,0.49,0.48,HOU,25NOV02DENHOU,0.08,0.59
2025-10-27 04:00:00,0.48,0.48,0.48,HOU,25NOV02DENHOU,-0.5,0.59
2025-10-27 05:00:00,0.48,0.49,0.48,HOU,25NOV02DENHOU,-0.5,0.59
2025-10-27 06:00:00,0.49,0.49,0.49,HOU,25NOV02DENHOU,0.58,0.59
2025-10-27 07:00:00,0.49,0.49,0.49,HOU,25NOV02DENHOU,-0.47,0.59
2025-10-27 08:00:00,0.49,0.49,0.49,HOU,25NOV02DENHOU,-0.47,0.59
2025-10-27 09:00:00,0.49,0.49,0.49,HOU,25NOV02DENHOU,-0.47,0.59
2025-10-27 10:00:00,0.49,0.49,0.49,HOU,25NOV02DENHOU,-0.47,0.59
2025-10-27 11:00:00,0.49,0.49,0.49,HOU,25NOV02DENHOU,-0.54,0.59
2025-10-27 12:00:00,0.49,0.49,0.49,HOU,25NOV02DENHOU,-0.49,0.59
2025-10-27 13:00:00,0.49,0.49,0.47,HOU,25NOV02DENHOU,0.45,0.59
2025-10-27 14:00:00,0.49,0.49,0.49,HOU,25NOV02DENHOU,0.57,0.12
2025-10-27 15:00:00,0.48,0.49,0.47,HOU,25NOV02DENHOU,0.51,0.07
2025-10-27 16:00:00,0.48,0.49,0.47,HOU,25NOV02DENHOU,-0.48,0.07
2025-10-27 17:00:00,0.49,0.49,0.49,HOU,25NOV02DENHOU,-0.48,0.07
2025-10-27 18:00:00,0.48,0.49,0.48,HOU,25NOV02DENHOU,0.43,0.07
2025-10-27 19:00:00,0.48,0.48,0.48,HOU,25NOV02DENHOU,0.42,0.07
2025-10-27 20:00:00,0.49,0.49,0.49,HOU,25NOV02DENHOU,0.45,0.07
2025-10-27 21:00:00,0.48,0.49,0.48,HOU,25NOV02DENHOU,0.45,0.07
2025-10-27 22:00:00,0.49,0.49,0.49,HOU,25NOV02DENHOU,0.45,0.07
2025-10-27 23:00:00,0.49,0.49,0.49,HOU,25NOV02DENHOU,0.67,0.11
2025-10-28 00:00:00,0.52,0.52,0.49,HOU,25NOV02DENHOU,0.63,0.05
2025-10-28 01:00:00,0.52,0.52,0.52,HOU,25NOV02DENHOU,0.46,0.04
2025-10-28 02:00:00,0.51,0.52,0.51,HOU,25NOV02DENHOU,0.01,0.81
2025-10-28 03:00:00,0.52,0.52,0.52,HOU,25NOV02DENHOU,0.53,0.81
2025-10-28 04:00:00,0.51,0.52,0.51,HOU,25NOV02DENHOU,0.53,0.81
2025-10-28 05:00:00,0.51,0.52,0.51,HOU,25NOV02DENHOU,0.53,0.81
2025-10-28 06:00:00,0.52,0.52,0.52,HOU,25NOV02DENHOU,0.53,0.81
2025-10-28 07:00:00,0.52,0.52,0.52,HOU,25NOV02DENHOU,0.53,0.81
2025-10-28 08:00:00,0.52,0.52,0.52,HOU,25NOV02DENHOU,0.53,0.81
2025-10-28 09:00:00,0.52,0.52,0.52,HOU,25NOV02DENHOU,0.53,0.81
2025-10-28 10:00:00,0.52,0.52,0.52,HOU,25NOV02DENHOU,0.53,0.81
2025-10-28 11:00:00,0.52,0.52,0.52,HOU,25NOV02DENHOU,0.53,0.81
2025-10-28 12:00:00,0.52,0.52,0.52,HOU,25NOV02DENHOU,0.53,0.81
2025-10-28 13:00:00,0.52,0.52,0.51,HOU,25NOV02DENHOU,-0.49,0.81
2025-10-28 14:00:00,0.5,0.52,0.5,HOU,25NOV02DENHOU,0.53,0.81
2025-10-28 15:00:00,0.51,0.52,0.5,HOU,25NOV02DENHOU,0.18,0.65
2025-10-28 16:00:00,0.52,0.52,0.52,HOU,25NOV02DENHOU,0.48,0.11
2025-10-28 17:00:00,0.52,0.52,0.5,HOU,25NOV02DENHOU,0.41,0.11
2025-10-28 18:00:00,0.51,0.51,0.51,HOU,25NOV02DENHOU,0.51,0.11
2025-10-28 19:00:00,0.51,0.51,0.5,HOU,25NOV02DENHOU,0.43,0.11
2025-10-28 20:00:00,0.51,0.51,0.51,HOU,25NOV02DENHOU,0.43,0.11
2025-10-28 21:00:00,0.51,0.51,0.51,HOU,25NOV02DENHOU,0.43,0.11
2025-10-28 22:00:00,0.52,0.52,0.51,HOU,25NOV02DENHOU,0.48,0.11
2025-10-28 23:00:00,0.53,0.53,0.52,HOU,25NOV02DENHOU,0.45,0.11
2025-10-29 00:00:00,0.53,0.53,0.52,HOU,25NOV02DENHOU,0.45,0.11
2025-10-29 01:00:00,0.53,0.53,0.53,HOU,25NOV02DENHOU,0.45,0.11
2025-10-29 02:00:00,0.53,0.53,0.53,HOU,25NOV02DENHOU,0.45,0.11
2025-10-29 03:00:00,0.53,0.53,0.53,HOU,25NOV02DENHOU,0.45,0.11
2025-10-29 04:00:00,0.54,0.54,0.52,HOU,25NOV02DENHOU,0.45,0.11
2025-10-29 05:00:00,0.54,0.54,0.54,HOU,25NOV02DENHOU,0.45,0.11
2025-10-29 06:00:00,0.54,0.54,0.53,HOU,25NOV02DENHOU,0.45,0.11
2025-10-29 07:00:00,0.54,0.54,0.54,HOU,25NOV02DENHOU,0.45,0.11
2025-10-29 08:00:00,0.54,0.54,0.54,HOU,25NOV02DENHOU,0.45,0.11
2025-10-29 09:00:00,0.54,0.54,0.54,HOU,25NOV02DENHOU,0.38,0.11
2025-10-29 10:00:00,0.54,0.54,0.54,HOU,25NOV02DENHOU,0.38,0.11
2025-10-29 11:00:00,0.54,0.54,0.54,HOU,25NOV02DENHOU,0.38,0.11
2025-10-29 12:00:00,0.54,0.54,0.53,HOU,25NOV02DENHOU,0.47,0.11
2025-10-29 13:00:00,0.54,0.54,0.54,HOU,25NOV02DENHOU,0.64,0.11
2025-10-29 14:00:00,0.54,0.54,0.54,HOU,25NOV02DENHOU,0.64,0.11
2025-10-29 15:00:00,0.55,0.55,0.55,HOU,25NOV02DENHOU,0.55,0.05
2025-10-29 16:00:00,0.55,0.55,0.55,HOU,25NOV02DENHOU,0.58,0.1
2025-10-29 17:00:00,0.55,0.55,0.55,HOU,25NOV02DENHOU,0.55,0.03
2025-10-29 18:00:00,0.55,0.55,0.54,HOU,25NOV02DENHOU,0.51,0.03
2025-10-29 19:00:00,0.53,0.54,0.53,HOU,25NOV02DENHOU,0.51,0.05
2025-10-29 20:00:00,0.53,0.53,0.52,HOU,25NOV02DENHOU,0.51,0.05
2025-10-29 21:00:00,0.53,0.53,0.53,HOU,25NOV02DENHOU,0.45,0.04
2025-10-29 22:00:00,0.53,0.53,0.52,HOU,25NOV02DENHOU,0.45,0.04
2025-10-29 23:00:00,0.53,0.53,0.52,HOU,25NOV02DENHOU,0.47,0.04
2025-10-30 00:00:00,0.53,0.53,0.52,HOU,25NOV02DENHOU,0.47,0.04
2025-10-30 01:00:00,0.53,0.53,0.53,HOU,25NOV02DENHOU,0.47,0.04
2025-10-30 02:00:00,0.53,0.53,0.53,HOU,25NOV02DENHOU,0.47,0.04
2025-10-30 03:00:00,0.54,0.54,0.53,HOU,25NOV02DENHOU,0.47,0.04
2025-10-30 04:00:00,0.53,0.53,0.52,HOU,25NOV02DENHOU,0.47,0.04
2025-10-30 05:00:00,0.53,0.53,0.52,HOU,25NOV02DENHOU,0.47,0.04
2025-10-30 06:00:00,0.53,0.53,0.53,HOU,25NOV02DENHOU,0.47,0.04
2025-10-30 07:00:00,0.53,0.53,0.53,HOU,25NOV02DENHOU,0.47,0.04
2025-10-30 08:00:00,0.53,0.53,0.53,HOU,25NOV02DENHOU,0.47,0.04
2025-10-30 09:00:00,0.53,0.53,0.53,HOU,25NOV02DENHOU,0.47,0.04
2025-10-30 10:00:00,0.53,0.53,0.53,HOU,25NOV02DENHOU,0.47,0.04
2025-10-30 11:00:00,0.53,0.53,0.53,HOU,25NOV02DENHOU,0.47,0.04
2025-10-30 12:00:00,0.53,0.53,0.53,HOU,25NOV02DENHOU,0.47,0.04
2025-10-30 13:00:00,0.53,0.53,0.53,HOU,25NOV02DENHOU,0.47,0.04
2025-10-30 14:00:00,0.52,0.53,0.52,HOU,25NOV02DENHOU,0.47,0.04
2025-10-30 15:00:00,0.53,0.53,0.52,HOU,25NOV02DENHOU,0.47,0.04
2025-10-30 16:00:00,0.53,0.53,0.53,HOU,25NOV02DENHOU,0.47,0.01
2025-10-30 17:00:00,0.52,0.53,0.52,HOU,25NOV02DENHOU,0.47,0.01
2025-10-30 18:00:00,0.53,0.53,0.52,HOU,25NOV02DENHOU,0.5,0.01
2025-10-30 19:00:00,0.53,0.53,0.53,HOU,25NOV02DENHOU,0.5,0.01
2025-10-30 20:00:00,0.54,0.54,0.53,HOU,25NOV02DENHOU,0.54,0.01
2025-10-30 21:00:00,0.54,0.54,0.53,HOU,25NOV02DENHOU,0.59,0.01
2025-10-30 22:00:00,0.54,0.54,0.54,HOU,25NOV02DENHOU,0.59,0.01
2025-10-30 23:00:00,0.55,0.55,0.54,HOU,25NOV02DENHOU,-0.5,0.01
2025-10-31 00:00:00,0.54,0.55,0.54,HOU,25NOV02DENHOU,-0.5,0.01
2025-10-31 01:00:00,0.55,0.55,0.54,HOU,25NOV02DENHOU,-0.5,0.01
2025-10-31 02:00:00,0.55,0.55,0.54,HOU,25NOV02DENHOU,-0.5,0.01
2025-10-31 03:00:00,0.55,0.55,0.54,HOU,25NOV02DENHOU,-0.46,0.08
2025-10-31 04:00:00,0.54,0.55,0.54,HOU,25NOV02DENHOU,-0.46,0.08
2025-10-31 05:00:00,0.55,0.55,0.53,HOU,25NOV02DENHOU,-0.46,0.08
2025-10-31 06:00:00,0.55,0.55,0.54,HOU,25NOV02DENHOU,-0.46,0.08
2025-10-31 07:00:00,0.55,0.55,0.55,HOU,25NOV02DENHOU,-0.46,0.08
2025-10-31 08:00:00,0.54,0.54,0.54,HOU,25NOV02DENHOU,-0.46,0.08
2025-10-31 09:00:00,0.55,0.55,0.55,HOU,25NOV02DENHOU,-0.46,0.08
2025-10-31 10:00:00,0.55,0.55,0.55,HOU,25NOV02DENHOU,-0.46,0.08
2025-10-31 11:00:00,0.55,0.55,0.55,HOU,25NOV02DENHOU,-0.46,0.08
2025-10-31 12:00:00,0.55,0.55,0.54,HOU,25NOV02DENHOU,-0.46,0.08
2025-10-31 13:00:00,0.55,0.55,0.54,HOU,25NOV02DENHOU,-0.46,0.08
2025-10-31 14:00:00,0.55,0.55,0.54,HOU,25NOV02DENHOU,-0.46,0.08
2025-10-31 15:00:00,0.54,0.55,0.53,HOU,25NOV02DENHOU,-0.46,0.08
2025-10-31 16:00:00,0.54,0.54,0.53,HOU,25NOV02DENHOU,0.56,0.02
2025-10-31 17:00:00,0.54,0.54,0.53,HOU,25NOV02DENHOU,0.57,0.03
2025-10-31 18:00:00,0.54,0.54,0.53,HOU,25NOV02DENHOU,0.53,0.03
2025-10-31 19:00:00,0.54,0.54,0.53,HOU,25NOV02DENHOU,0.53,0.03
2025-10-31 20:00:00,0.54,0.54,0.53,HOU,25NOV02DENHOU,0.44,0.03
2025-10-31 21:00:00,0.54,0.54,0.53,HOU,25NOV02DENHOU,0.44,0.03
2025-10-31 22:00:00,0.53,0.54,0.53,HOU,25NOV02DENHOU,0.44,0.03
2025-10-31 23:00:00,0.53,0.54,0.53,HOU,25NOV02DENHOU,0.48,0.03
2025-11-01 00:00:00,0.54,0.54,0.53,HOU,25NOV02DENHOU,0.48,0.03
2025-11-01 01:00:00,0.54,0.54,0.54,HOU,25NOV02DENHOU,0.48,0.03
2025-11-01 02:00:00,0.54,0.54,0.53,HOU,25NOV02DENHOU,0.48,0.03
2025-11-01 03:00:00,0.54,0.55,0.54,HOU,25NOV02DENHOU,0.48,0.03
2025-11-01 04:00:00,0.54,0.55,0.54,HOU,25NOV02DENHOU,0.48,0.03
2025-11-01 05:00:00,0.55,0.55,0.54,HOU,25NOV02DENHOU,0.48,0.03
2025-11-01 06:00:00,0.55,0.55,0.55,HOU,25NOV02DENHOU,0.48,0.03
2025-11-01 07:00:00,0.55,0.55,0.55,HOU,25NOV02DENHOU,0.48,0.03
2025-11-01 08:00:00,0.55,0.55,0.54,HOU,25NOV02DENHOU,0.48,0.03
2025-11-01 09:00:00,0.54,0.54,0.54,HOU,25NOV02DENHOU,0.48,0.03
2025-11-01 10:00:00,0.54,0.54,0.54,HOU,25NOV02DENHOU,0.48,0.03
2025-11-01 11:00:00,0.54,0.54,0.54,HOU,25NOV02DENHOU,0.48,0.03
2025-11-01 12:00:00,0.54,0.54,0.54,HOU,25NOV02DENHOU,0.48,0.03
2025-11-01 13:00:00,0.55,0.55,0.54,HOU,25NOV02DENHOU,0.48,0.03
2025-11-01 14:00:00,0.54,0.55,0.54,HOU,25NOV02DENHOU,0.48,0.03
2025-11-01 15:00:00,0.55,0.55,0.54,HOU,25NOV02DENHOU,0.5,0.03
2025-11-01 16:00:00,0.55,0.55,0.54,HOU,25NOV02DENHOU,0.5,0.03
2025-11-01 17:00:00,0.53,0.55,0.53,HOU,25NOV02DENHOU,0.4,0.03
2025-11-01 18:00:00,0.54,0.54,0.53,HOU,25NOV02DENHOU,0.4,0.03
2025-11-01 19:00:00,0.54,0.54,0.53,HOU,25NOV02DENHOU,0.4,0.03
2025-11-01 20:00:00,0.53,0.54,0.53,HOU,25NOV02DENHOU,0.0,0.53
2025-11-01 21:00:00,0.54,0.54,0.53,HOU,25NOV02DENHOU,-0.42,0.53
2025-11-01 22:00:00,0.53,0.54,0.53,HOU,25NOV02DENHOU,-0.42,0.53
2025-11-01 23:00:00,0.54,0.54,0.53,HOU,25NOV02DENHOU,0.48,0.53
2025-11-02 00:00:00,0.55,0.55,0.53,HOU,25NOV02DENHOU,0.48,0.53
2025-11-02 01:00:00,0.55,0.55,0.54,HOU,25NOV02DENHOU,0.42,0.53
2025-11-02 02:00:00,0.54,0.55,0.54,HOU,25NOV02DENHOU,0.42,0.53
2025-11-02 03:00:00,0.55,0.55,0.54,HOU,25NOV02DENHOU,0.42,0.53
2025-11-02 04:00:00,0.55,0.55,0.54,HOU,25NOV02DENHOU,0.42,0.53
2025-11-02 05:00:00,0.55,0.56,0.53,HOU,25NOV02DENHOU,0.42,0.53
2025-11-02 06:00:00,0.55,0.55,0.53,HOU,25NOV02DENHOU,0.42,0.53
2025-11-02 07:00:00,0.54,0.55,0.53,HOU,25NOV02DENHOU,0.42,0.53
2025-11-02 08:00:00,0.55,0.55,0.54,HOU,25NOV02DENHOU,0.42,0.53
2025-11-02 09:00:00,0.54,0.55,0.54,HOU,25NOV02DENHOU,0.42,0.53
2025-11-02 10:00:00,0.55,0.55,0.54,HOU,25NOV02DENHOU,0.42,0.53
2025-11-02 11:00:00,0.54,0.55,0.54,HOU,25NOV02DENHOU,0.42,0.53
2025-11-02 12:00:00,0.55,0.55,0.54,HOU,25NOV02DENHOU,0.42,0.53
2025-11-02 13:00:00,0.55,0.55,0.54,HOU,25NOV02DENHOU,0.42,0.53
2025-11-02 14:00:00,0.55,0.56,0.54,HOU,25NOV02DENHOU,0.51,0.53
2025-11-02 15:00:00,0.55,0.55,0.54,HOU,25NOV02DENHOU,0.51,0.53
2025-11-02 16:00:00,0.54,0.56,0.54,HOU,25NOV02DENHOU,0.51,0.53
2025-11-02 17:00:00,0.55,0.56,0.54,HOU,25NOV02DENHOU,0.51,0.53
2025-11-02 18:00:00,0.56,0.56,0.54,HOU,25NOV02DENHOU,0.05,0.53
2025-11-02 19:00:00,0.51,0.67,0.42,HOU,25NOV02DENHOU,0.59,0.16
2025-11-02 20:00:00,0.56,0.58,0.33,HOU,25NOV02DENHOU,0.27,0.52
2025-11-02 21:00:00,0.42,0.77,0.32,HOU,25NOV02DENHOU,0.53,0.47
2025-10-26 22:00:00,0.54,0.54,0.54,DEN,25NOV02DENHOU,0.32,0.78
2025-10-26 23:00:00,0.55,0.55,0.53,DEN,25NOV02DENHOU,0.6,0.44
2025-10-27 00:00:00,0.54,0.55,0.54,DEN,25NOV02DENHOU,0.44,0.04
2025-10-27 01:00:00,0.54,0.54,0.54,DEN,25NOV02DENHOU,0.42,0.14
2025-10-27 02:00:00,0.54,0.54,0.53,DEN,25NOV02DENHOU,0.62,0.13
2025-10-27 03:00:00,0.54,0.54,0.53,DEN,25NOV02DENHOU,0.46,0.13
2025-10-27 04:00:00,0.54,0.54,0.53,DEN,25NOV02DENHOU,0.56,0.12
2025-10-27 05:00:00,0.53,0.54,0.51,DEN,25NOV02DENHOU,0.63,0.12
2025-10-27 06:00:00,0.53,0.53,0.52,DEN,25NOV02DENHOU,0.63,0.12
2025-10-27 07:00:00,0.53,0.53,0.53,DEN,25NOV02DENHOU,0.6,0.12
2025-10-27 08:00:00,0.53,0.53,0.53,DEN,25NOV02DENHOU,0.6,0.12
2025-10-27 09:00:00,0.52,0.52,0.52,DEN,25NOV02DENHOU,0.6,0.12
2025-10-27 10:00:00,0.52,0.52,0.52,DEN,25NOV02DENHOU,0.57,0.12
2025-10-27 11:00:00,0.52,0.52,0.52,DEN,25NOV02DENHOU,0.57,0.12
2025-10-27 12:00:00,0.52,0.52,0.52,DEN,25NOV02DENHOU,0.57,0.12
2025-10-27 13:00:00,0.53,0.53,0.52,DEN,25NOV02DENHOU,0.59,0.12
2025-10-27 14:00:00,0.53,0.53,0.53,DEN,25NOV02DENHOU,0.61,0.16
2025-10-27 15:00:00,0.53,0.53,0.53,DEN,25NOV02DENHOU,0.66,0.06
2025-10-27 16:00:00,0.54,0.54,0.52,DEN,25NOV02DENHOU,0.55,0.07
2025-10-27 17:00:00,0.54,0.54,0.52,DEN,25NOV02DENHOU,0.17,0.56
2025-10-27 18:00:00,0.51,0.54,0.5,DEN,25NOV02DENHOU,0.45,0.06
2025-10-27 19:00:00,0.51,0.51,0.5,DEN,25NOV02DENHOU,0.38,0.06
2025-10-27 20:00:00,0.51,0.51,0.51,DEN,25NOV02DENHOU,0.58,0.07
2025-10-27 21:00:00,0.51,0.51,0.5,DEN,25NOV02DENHOU,0.55,0.02
2025-10-27 22:00:00,0.51,0.51,0.51,DEN,25NOV02DENHOU,0.54,0.01
2025-10-27 23:00:00,0.51,0.51,0.51,DEN,25NOV02DENHOU,-0.11,0.65
2025-10-28 00:00:00,0.5,0.51,0.5,DEN,25NOV02DENHOU,0.46,0.65
2025-10-28 01:00:00,0.49,0.5,0.48,DEN,25NOV02DENHOU,0.46,0.65
2025-10-28 02:00:00,0.49,0.49,0.49,DEN,25NOV02DENHOU,0.43,0.65
2025-10-28 03:00:00,0.49,0.49,0.47,DEN,25NOV02DENHOU,0.43,0.65
2025-10-28 04:00:00,0.48,0.49,0.48,DEN,25NOV02DENHOU,0.43,0.65
2025-10-28 05:00:00,0.49,0.49,0.48,DEN,25NOV02DENHOU,0.43,0.65
2025-10-28 06:00:00,0.49,0.49,0.48,DEN,25NOV02DENHOU,0.43,0.65
2025-10-28 07:00:00,0.5,0.5,0.49,DEN,25NOV02DENHOU,0.43,0.65
2025-10-28 08:00:00,0.48,0.5,0.48,DEN,25NOV02DENHOU,0.43,0.65
2025-10-28 09:00:00,0.5,0.5,0.5,DEN,25NOV02DENHOU,0.43,0.65
2025-10-28 10:00:00,0.5,0.5,0.5,DEN,25NOV02DENHOU,0.43,0.65
2025-10-28 11:00:00,0.5,0.5,0.5,DEN,25NOV02DENHOU,0.43,0.65
2025-10-28 12:00:00,0.5,0.5,0.5,DEN,25NOV02DENHOU,0.43,0.65
2025-10-28 13:00:00,0.5,0.5,0.48,DEN,25NOV02DENHOU,0.43,0.65
2025-10-28 14:00:00,0.51,0.51,0.48,DEN,25NOV02DENHOU,0.43,0.65
2025-10-28 15:00:00,0.51,0.51,0.51,DEN,25NOV02DENHOU,0.5,0.65
2025-10-28 16:00:00,0.51,0.51,0.5,DEN,25NOV02DENHOU,0.5,0.65
2025-10-28 17:00:00,0.5,0.51,0.5,DEN,25NOV02DENHOU,0.0,0.56
2025-10-28 18:00:00,0.5,0.5,0.49,DEN,25NOV02DENHOU,0.35,0.56
2025-10-28 19:00:00,0.5,0.5,0.5,DEN,25NOV02DENHOU,0.35,0.56
2025-10-28 20:00:00,0.5,0.5,0.5,DEN,25NOV02DENHOU,0.35,0.56
2025-10-28 21:00:00,0.5,0.5,0.5,DEN,25NOV02DENHOU,0.35,0.56
2025-10-28 22:00:00,0.49,0.5,0.49,DEN,25NOV02DENHOU,0.35,0.56
2025-10-28 23:00:00,0.48,0.49,0.47,DEN,25NOV02DENHOU,0.35,0.56
2025-10-29 00:00:00,0.48,0.48,0.48,DEN,25NOV02DENHOU,0.35,0.56
2025-10-29 01:00:00,0.48,0.48,0.48,DEN,25NOV02DENHOU,0.35,0.56
2025-10-29 02:00:00,0.48,0.48,0.47,DEN,25NOV02DENHOU,0.44,0.56
2025-10-29 03:00:00,0.48,0.48,0.47,DEN,25NOV02DENHOU,0.44,0.56
2025-10-29 04:00:00,0.47,0.48,0.47,DEN,25NOV02DENHOU,0.44,0.56
2025-10-29 05:00:00,0.47,0.47,0.46,DEN,25NOV02DENHOU,0.44,0.56
2025-10-29 06:00:00,0.47,0.47,0.46,DEN,25NOV02DENHOU,0.44,0.56
2025-10-29 07:00:00,0.47,0.47,0.47,DEN,25NOV02DENHOU,0.44,0.56
2025-10-29 08:00:00,0.47,0.47,0.47,DEN,25NOV02DENHOU,0.44,0.56
2025-10-29 09:00:00,0.48,0.48,0.48,DEN,25NOV02DENHOU,0.44,0.56
2025-10-29 10:00:00,0.48,0.48,0.48,DEN,25NOV02DENHOU,0.44,0.56
2025-10-29 11:00:00,0.48,0.48,0.47,DEN,25NOV02DENHOU,0.57,0.56
2025-10-29 12:00:00,0.48,0.48,0.48,DEN,25NOV02DENHOU,0.57,0.56
2025-10-29 13:00:00,0.47,0.48,0.47,DEN,25NOV02DENHOU,0.57,0.56
2025-10-29 14:00:00,0.46,0.47,0.46,DEN,25NOV02DENHOU,0.68,0.05
2025-10-29 15:00:00,0.46,0.46,0.45,DEN,25NOV02DENHOU,0.58,0.04
2025-10-29 16:00:00,0.46,0.46,0.45,DEN,25NOV02DENHOU,-0.53,0.04
2025-10-29 17:00:00,0.46,0.46,0.45,DEN,25NOV02DENHOU,0.28,0.54
2025-10-29 18:00:00,0.47,0.47,0.46,DEN,25NOV02DENHOU,-0.46,0.54
2025-10-29 19:00:00,0.48,0.48,0.45,DEN,25NOV02DENHOU,-0.46,0.54
2025-10-29 20:00:00,0.48,0.48,0.47,DEN,25NOV02DENHOU,-0.46,0.54
2025-10-29 21:00:00,0.48,0.48,0.48,DEN,25NOV02DENHOU,-0.46,0.54
2025-10-29 22:00:00,0.48,0.48,0.48,DEN,25NOV02DENHOU,-0.46,0.54
2025-10-29 23:00:00,0.48,0.48,0.48,DEN,25NOV02DENHOU,0.43,0.54
2025-10-30 00:00:00,0.48,0.48,0.46,DEN,25NOV02DENHOU,0.43,0.54
2025-10-30 01:00:00,0.48,0.48,0.46,DEN,25NOV02DENHOU,0.16,0.52
2025-10-30 02:00:00,0.48,0.48,0.46,DEN,25NOV02DENHOU,0.16,0.52
2025-10-30 03:00:00,0.48,0.48,0.46,DEN,25NOV02DENHOU,0.16,0.52
2025-10-30 04:00:00,0.48,0.48,0.47,DEN,25NOV02DENHOU,0.16,0.52
2025-10-30 05:00:00,0.48,0.48,0.47,DEN,25NOV02DENHOU,0.16,0.52
2025-10-30 06:00:00,0.48,0.48,0.47,DEN,25NOV02DENHOU,-0.4,0.52
2025-10-30 07:00:00,0.48,0.48,0.47,DEN,25NOV02DENHOU,-0.4,0.52
2025-10-30 08:00:00,0.48,0.48,0.47,DEN,25NOV02DENHOU,-0.4,0.52
2025-10-30 09:00:00,0.48,0.48,0.47,DEN,25NOV02DENHOU,-0.4,0.52
2025-10-30 10:00:00,0.48,0.48,0.48,DEN,25NOV02DENHOU,-0.4,0.52
2025-10-30 11:00:00,0.48,0.48,0.48,DEN,25NOV02DENHOU,-0.4,0.52
2025-10-30 12:00:00,0.48,0.48,0.48,DEN,25NOV02DENHOU,-0.4,0.52
2025-10-30 13:00:00,0.48,0.48,0.47,DEN,25NOV02DENHOU,-0.4,0.52
2025-10-30 14:00:00,0.48,0.48,0.47,DEN,25NOV02DENHOU,0.36,0.02
2025-10-30 15:00:00,0.48,0.48,0.47,DEN,25NOV02DENHOU,0.45,0.02
2025-10-30 16:00:00,0.48,0.48,0.47,DEN,25NOV02DENHOU,0.42,0.02
2025-10-30 17:00:00,0.48,0.48,0.47,DEN,25NOV02DENHOU,0.42,0.02
2025-10-30 18:00:00,0.48,0.48,0.47,DEN,25NOV02DENHOU,0.42,0.02
2025-10-30 19:00:00,0.47,0.48,0.47,DEN,25NOV02DENHOU,0.42,0.02
2025-10-30 20:00:00,0.47,0.47,0.46,DEN,25NOV02DENHOU,0.42,0.02
2025-10-30 21:00:00,0.47,0.47,0.46,DEN,25NOV02DENHOU,0.42,0.02
2025-10-30 22:00:00,0.47,0.47,0.46,DEN,25NOV02DENHOU,0.42,0.02
2025-10-30 23:00:00,0.46,0.47,0.45,DEN,25NOV02DENHOU,0.42,0.02
2025-10-31 00:00:00,0.46,0.46,0.45,DEN,25NOV02DENHOU,0.42,0.02
2025-10-31 01:00:00,0.45,0.46,0.45,DEN,25NOV02DENHOU,0.42,0.02
2025-10-31 02:00:00,0.46,0.46,0.45,DEN,25NOV02DENHOU,0.42,0.02
2025-10-31 03:00:00,0.46,0.46,0.45,DEN,25NOV02DENHOU,0.42,0.02
2025-10-31 04:00:00,0.46,0.46,0.45,DEN,25NOV02DENHOU,0.42,0.02
2025-10-31 05:00:00,0.46,0.47,0.45,DEN,25NOV02DENHOU,0.42,0.02
2025-10-31 06:00:00,0.46,0.46,0.45,DEN,25NOV02DENHOU,0.48,0.02
2025-10-31 07:00:00,0.46,0.46,0.46,DEN,25NOV02DENHOU,0.48,0.02
2025-10-31 08:00:00,0.47,0.47,0.46,DEN,25NOV02DENHOU,0.48,0.02
2025-10-31 09:00:00,0.47,0.47,0.47,DEN,25NOV02DENHOU,0.48,0.02
2025-10-31 10:00:00,0.47,0.47,0.47,DEN,25NOV02DENHOU,0.48,0.02
2025-10-31 11:00:00,0.47,0.47,0.46,DEN,25NOV02DENHOU,0.48,0.02
2025-10-31 12:00:00,0.47,0.47,0.47,DEN,25NOV02DENHOU,0.48,0.02
2025-10-31 13:00:00,0.47,0.47,0.45,DEN,25NOV02DENHOU,0.48,0.02
2025-10-31 14:00:00,0.47,0.47,0.47,DEN,25NOV02DENHOU,0.48,0.02
2025-10-31 15:00:00,0.47,0.47,0.46,DEN,25NOV02DENHOU,0.48,0.02
2025-10-31 16:00:00,0.47,0.47,0.46,DEN,25NOV02DENHOU,0.48,0.02
2025-10-31 17:00:00,0.47,0.47,0.46,DEN,25NOV02DENHOU,0.48,0.02
2025-10-31 18:00:00,0.47,0.47,0.46,DEN,25NOV02DENHOU,0.48,0.02
2025-10-31 19:00:00,0.47,0.47,0.46,DEN,25NOV02DENHOU,0.48,0.02
2025-10-31 20:00:00,0.47,0.47,0.47,DEN,25NOV02DENHOU,0.35,0.01
2025-10-31 21:00:00,0.47,0.47,0.46,DEN,25NOV02DENHOU,0.35,0.01
2025-10-31 22:00:00,0.47,0.47,0.46,DEN,25NOV02DENHOU,0.42,0.01
2025-10-31 23:00:00,0.47,0.47,0.46,DEN,25NOV02DENHOU,0.42,0.01
2025-11-01 00:00:00,0.47,0.47,0.46,DEN,25NOV02DENHOU,0.42,0.01
2025-11-01 01:00:00,0.47,0.47,0.46,DEN,25NOV02DENHOU,0.42,0.01
2025-11-01 02:00:00,0.46,0.47,0.46,DEN,25NOV02DENHOU,0.42,0.01
2025-11-01 03:00:00,0.46,0.46,0.46,DEN,25NOV02DENHOU,0.42,0.01
2025-11-01 04:00:00,0.46,0.46,0.45,DEN,25NOV02DENHOU,0.42,0.01
2025-11-01 05:00:00,0.46,0.46,0.45,DEN,25NOV02DENHOU,0.42,0.01
2025-11-01 06:00:00,0.46,0.47,0.45,DEN,25NOV02DENHOU,0.42,0.01
2025-11-01 07:00:00,0.46,0.46,0.46,DEN,25NOV02DENHOU,0.42,0.01
2025-11-01 08:00:00,0.46,0.46,0.46,DEN,25NOV02DENHOU,0.42,0.01
2025-11-01 09:00:00,0.46,0.46,0.46,DEN,25NOV02DENHOU,0.42,0.01
2025-11-01 10:00:00,0.45,0.45,0.45,DEN,25NOV02DENHOU,0.42,0.01
2025-11-01 11:00:00,0.46,0.46,0.46,DEN,25NOV02DENHOU,0.33,0.01
2025-11-01 12:00:00,0.46,0.46,0.46,DEN,25NOV02DENHOU,0.33,0.01
2025-11-01 13:00:00,0.47,0.47,0.46,DEN,25NOV02DENHOU,0.33,0.01
2025-11-01 14:00:00,0.47,0.47,0.47,DEN,25NOV02DENHOU,0.33,0.01
2025-11-01 15:00:00,0.46,0.47,0.45,DEN,25NOV02DENHOU,0.33,0.01
2025-11-01 16:00:00,0.46,0.46,0.45,DEN,25NOV02DENHOU,0.33,0.01
2025-11-01 17:00:00,0.47,0.47,0.45,DEN,25NOV02DENHOU,0.33,0.01
2025-11-01 18:00:00,0.47,0.47,0.47,DEN,25NOV02DENHOU,0.33,0.01
2025-11-01 19:00:00,0.47,0.47,0.46,DEN,25NOV02DENHOU,0.33,0.01
2025-11-01 20:00:00,0.47,0.47,0.46,DEN,25NOV02DENHOU,0.33,0.01
2025-11-01 21:00:00,0.47,0.47,0.46,DEN,25NOV02DENHOU,0.33,0.01
2025-11-01 22:00:00,0.47,0.47,0.46,DEN,25NOV02DENHOU,0.33,0.01
2025-11-01 23:00:00,0.47,0.47,0.46,DEN,25NOV02DENHOU,0.52,0.01
2025-11-02 00:00:00,0.46,0.47,0.45,DEN,25NOV02DENHOU,0.49,0.01
2025-11-02 01:00:00,0.46,0.46,0.45,DEN,25NOV02DENHOU,0.49,0.01
2025-11-02 02:00:00,0.46,0.46,0.45,DEN,25NOV02DENHOU,0.49,0.01
2025-11-02 03:00:00,0.46,0.46,0.45,DEN,25NOV02DENHOU,0.49,0.01
2025-11-02 04:00:00,0.46,0.47,0.45,DEN,25NOV02DENHOU,0.49,0.01
2025-11-02 05:00:00,0.47,0.47,0.45,DEN,25NOV02DENHOU,0.49,0.01
2025-11-02 06:00:00,0.47,0.47,0.45,DEN,25NOV02DENHOU,0.49,0.01
2025-11-02 07:00:00,0.47,0.47,0.45,DEN,25NOV02DENHOU,0.49,0.01
2025-11-02 08:00:00,0.47,0.47,0.46,DEN,25NOV02DENHOU,0.49,0.01
2025-11-02 09:00:00,0.46,0.47,0.46,DEN,25NOV02DENHOU,0.49,0.01
2025-11-02 10:00:00,0.47,0.47,0.47,DEN,25NOV02DENHOU,0.49,0.01
2025-11-02 11:00:00,0.47,0.47,0.47,DEN,25NOV02DENHOU,0.49,0.01
2025-11-02 12:00:00,0.46,0.47,0.46,DEN,25NOV02DENHOU,0.49,0.01
2025-11-02 13:00:00,0.47,0.47,0.46,DEN,25NOV02DENHOU,0.49,0.01
2025-11-02 14:00:00,0.47,0.47,0.46,DEN,25NOV02DENHOU,0.49,0.01
2025-11-02 15:00:00,0.46,0.47,0.45,DEN,25NOV02DENHOU,0.49,0.01
2025-11-02 16:00:00,0.45,0.46,0.44,DEN,25NOV02DENHOU,0.49,0.01
2025-11-02 17:00:00,0.46,0.46,0.44,DEN,25NOV02DENHOU,0.66,0.26
2025-11-02 18:00:00,0.45,0.46,0.44,DEN,25NOV02DENHOU,0.66,0.26
2025-11-02 19:00:00,0.51,0.6,0.33,DEN,25NOV02DENHOU,0.36,0.26
2025-11-02 20:00:00,0.44,0.67,0.39,DEN,25NOV02DENHOU,-0.04,0.49
2025-11-02 21:00:00,0.56,0.69,0.23,DEN,25NOV02DENHOU,0.64,0.36
2025-10-26 22:00:00,0.62,0.63,0.61,SF,25NOV02SFNYG,-0.05,0.5
2025-10-26 23:00:00,0.61,0.63,0.61,SF,25NOV02SFNYG,-0.54,0.08
2025-10-27 00:00:00,0.6,0.61,0.58,SF,25NOV02SFNYG,-0.31,0.4
2025-10-27 01:00:00,0.6,0.6,0.6,SF,25NOV02SFNYG,-0.43,0.04
2025-10-27 02:00:00,0.6,0.6,0.57,SF,25NOV02SFNYG,0.4,0.04
2025-10-27 03:00:00,0.6,0.6,0.6,SF,25NOV02SFNYG,0.4,0.04
2025-10-27 04:00:00,0.6,0.6,0.6,SF,25NOV02SFNYG,0.4,0.04
2025-10-27 05:00:00,0.6,0.6,0.6,SF,25NOV02SFNYG,0.4,0.04
2025-10-27 06:00:00,0.6,0.6,0.6,SF,25NOV02SFNYG,0.4,0.04
2025-10-27 07:00:00,0.6,0.6,0.6,SF,25NOV02SFNYG,0.4,0.04
2025-10-27 08:00:00,0.6,0.6,0.6,SF,25NOV02SFNYG,0.4,0.04
2025-10-27 09:00:00,0.6,0.6,0.6,SF,25NOV02SFNYG,0.4,0.04
2025-10-27 10:00:00,0.6,0.6,0.6,SF,25NOV02SFNYG,0.4,0.04
2025-10-27 11:00:00,0.6,0.6,0.6,SF,25NOV02SFNYG,0.4,0.04
2025-10-27 12:00:00,0.6,0.6,0.6,SF,25NOV02SFNYG,0.4,0.04
2025-10-27 13:00:00,0.59,0.59,0.58,SF,25NOV02SFNYG,0.4,0.04
2025-10-27 14:00:00,0.59,0.59,0.59,SF,25NOV02SFNYG,0.4,0.04
2025-10-27 15:00:00,0.59,0.59,0.59,SF,25NOV02SFNYG,-0.47,0.04
2025-10-27 16:00:00,0.59,0.59,0.58,SF,25NOV02SFNYG,-0.47,0.04
2025-10-27 17:00:00,0.59,0.59,0.58,SF,25NOV02SFNYG,-0.42,0.04
2025-10-27 18:00:00,0.59,0.59,0.58,SF,25NOV02SFNYG,-0.42,0.04
2025-10-27 19:00:00,0.59,0.59,0.59,SF,25NOV02SFNYG,-0.42,0.04
2025-10-27 20:00:00,0.59,0.59,0.59,SF,25NOV02SFNYG,-0.42,0.04
2025-10-27 21:00:00,0.59,0.59,0.58,SF,25NOV02SFNYG,0.3,0.04
2025-10-27 22:00:00,0.59,0.59,0.59,SF,25NOV02SFNYG,0.3,0.04
2025-10-27 23:00:00,0.59,0.59,0.59,SF,25NOV02SFNYG,0.3,0.04
2025-10-28 00:00:00,0.59,0.59,0.59,SF,25NOV02SFNYG,0.3,0.04
2025-10-28 01:00:00,0.59,0.59,0.58,SF,25NOV02SFNYG,0.3,0.04
2025-10-28 02:00:00,0.59,0.59,0.59,SF,25NOV02SFNYG,0.4,0.04
2025-10-28 03:00:00,0.59,0.59,0.59,SF,25NOV02SFNYG,0.4,0.04
2025-10-28 04:00:00,0.59,0.6,0.59,SF,25NOV02SFNYG,0.4,0.04
2025-10-28 05:00:00,0.59,0.59,0.59,SF,25NOV02SFNYG,0.4,0.04
2025-10-28 06:00:00,0.59,0.59,0.59,SF,25NOV02SFNYG,0.4,0.04
2025-10-28 07:00:00,0.59,0.59,0.59,SF,25NOV02SFNYG,0.4,0.04
2025-10-28 08:00:00,0.59,0.59,0.59,SF,25NOV02SFNYG,0.4,0.04
2025-10-28 09:00:00,0.59,0.59,0.59,SF,25NOV02SFNYG,0.4,0.04
2025-10-28 10:00:00,0.59,0.59,0.59,SF,25NOV02SFNYG,0.4,0.04
2025-10-28 11:00:00,0.59,0.59,0.59,SF,25NOV02SFNYG,0.4,0.04
2025-10-28 12:00:00,0.59,0.59,0.59,SF,25NOV02SFNYG,0.4,0.04
2025-10-28 13:00:00,0.59,0.59,0.59,SF,25NOV02SFNYG,0.4,0.04
2025-10-28 14:00:00,0.59,0.59,0.59,SF,25NOV02SFNYG,0.4,0.04
2025-10-28 15:00:00,0.59,0.59,0.58,SF,25NOV02SFNYG,-0.54,0.04
2025-10-28 16:00:00,0.59,0.59,0.59,SF,25NOV02SFNYG,-0.5,0.04
2025-10-28 17:00:00,0.59,0.59,0.58,SF,25NOV02SFNYG,0.11,0.79
2025-10-28 18:00:00,0.59,0.59,0.59,SF,25NOV02SFNYG,-0.31,0.36
2025-10-28 19:00:00,0.59,0.59,0.59,SF,25NOV02SFNYG,-0.31,0.36
2025-10-28 20:00:00,0.59,0.59,0.59,SF,25NOV02SFNYG,-0.07,0.52
2025-10-28 21:00:00,0.59,0.59,0.59,SF,25NOV02SFNYG,-0.07,0.52
2025-10-28 22:00:00,0.59,0.59,0.59,SF,25NOV02SFNYG,-0.29,0.7
2025-10-28 23:00:00,0.59,0.59,0.59,SF,25NOV02SFNYG,-0.33,0.61
2025-10-29 00:00:00,0.59,0.59,0.58,SF,25NOV02SFNYG,-0.33,0.61
2025-10-29 01:00:00,0.59,0.59,0.58,SF,25NOV02SFNYG,-0.75,0.61
2025-10-29 02:00:00,0.59,0.59,0.58,SF,25NOV02SFNYG,-0.57,0.61
2025-10-29 03:00:00,0.59,0.59,0.58,SF,25NOV02SFNYG,0.0,0.76
2025-10-29 04:00:00,0.59,0.59,0.59,SF,25NOV02SFNYG,0.0,0.76
2025-10-29 05:00:00,0.59,0.59,0.58,SF,25NOV02SFNYG,0.0,0.76
2025-10-29 06:00:00,0.59,0.59,0.59,SF,25NOV02SFNYG,0.0,0.76
2025-10-29 07:00:00,0.59,0.59,0.59,SF,25NOV02SFNYG,0.0,0.76
2025-10-29 08:00:00,0.59,0.59,0.59,SF,25NOV02SFNYG,0.0,0.76
2025-10-29 09:00:00,0.59,0.59,0.59,SF,25NOV02SFNYG,0.0,0.76
2025-10-29 10:00:00,0.59,0.59,0.59,SF,25NOV02SFNYG,0.0,0.76
2025-10-29 11:00:00,0.59,0.59,0.59,SF,25NOV02SFNYG,0.0,0.76
2025-10-29 12:00:00,0.59,0.59,0.59,SF,25NOV02SFNYG,0.0,0.76
2025-10-29 13:00:00,0.59,0.59,0.58,SF,25NOV02SFNYG,0.0,0.76
2025-10-29 14:00:00,0.59,0.59,0.59,SF,25NOV02SFNYG,0.66,0.05
2025-10-29 15:00:00,0.59,0.59,0.59,SF,25NOV02SFNYG,0.5,0.12
2025-10-29 16:00:00,0.58,0.59,0.57,SF,25NOV02SFNYG,0.5,0.12
2025-10-29 17:00:00,0.59,0.59,0.57,SF,25NOV02SFNYG,0.54,0.12
2025-10-29 18:00:00,0.58,0.59,0.58,SF,25NOV02SFNYG,0.54,0.12
2025-10-29 19:00:00,0.58,0.58,0.57,SF,25NOV02SFNYG,0.54,0.12
2025-10-29 20:00:00,0.58,0.58,0.58,SF,25NOV02SFNYG,0.54,0.12
2025-10-29 21:00:00,0.58,0.58,0.57,SF,25NOV02SFNYG,0.54,0.12
2025-10-29 22:00:00,0.58,0.58,0.58,SF,25NOV02SFNYG,0.54,0.12
2025-10-29 23:00:00,0.58,0.58,0.58,SF,25NOV02SFNYG,0.54,0.12
2025-10-30 00:00:00,0.58,0.58,0.58,SF,25NOV02SFNYG,0.54,0.12
2025-10-30 01:00:00,0.58,0.58,0.57,SF,25NOV02SFNYG,0.54,0.12
2025-10-30 02:00:00,0.58,0.58,0.58,SF,25NOV02SFNYG,0.54,0.12
2025-10-30 03:00:00,0.58,0.58,0.58,SF,25NOV02SFNYG,0.54,0.12
2025-10-30 04:00:00,0.58,0.58,0.57,SF,25NOV02SFNYG,0.54,0.12
2025-10-30 05:00:00,0.58,0.58,0.58,SF,25NOV02SFNYG,0.54,0.12
2025-10-30 06:00:00,0.58,0.58,0.57,SF,25NOV02SFNYG,0.54,0.12
2025-10-30 07:00:00,0.58,0.58,0.57,SF,25NOV02SFNYG,0.54,0.12
2025-10-30 08:00:00,0.58,0.58,0.57,SF,25NOV02SFNYG,0.54,0.12
2025-10-30 09:00:00,0.58,0.58,0.57,SF,25NOV02SFNYG,0.54,0.12
2025-10-30 10:00:00,0.58,0.58,0.58,SF,25NOV02SFNYG,0.54,0.12
2025-10-30 11:00:00,0.58,0.58,0.58,SF,25NOV02SFNYG,0.54,0.12
2025-10-30 12:00:00,0.58,0.58,0.58,SF,25NOV02SFNYG,0.54,0.12
2025-10-30 13:00:00,0.58,0.58,0.57,SF,25NOV02SFNYG,0.54,0.12
2025-10-30 14:00:00,0.58,0.58,0.58,SF,25NOV02SFNYG,0.52,0.06
2025-10-30 15:00:00,0.58,0.58,0.58,SF,25NOV02SFNYG,0.46,0.04
2025-10-30 16:00:00,0.59,0.59,0.57,SF,25NOV02SFNYG,0.37,0.09
2025-10-30 17:00:00,0.58,0.59,0.57,SF,25NOV02SFNYG,0.37,0.09
2025-10-30 18:00:00,0.58,0.59,0.57,SF,25NOV02SFNYG,0.37,0.09
2025-10-30 19:00:00,0.58,0.58,0.57,SF,25NOV02SFNYG,0.37,0.09
2025-10-30 20:00:00,0.58,0.58,0.57,SF,25NOV02SFNYG,0.37,0.09
2025-10-30 21:00:00,0.58,0.58,0.58,SF,25NOV02SFNYG,0.37,0.09
2025-10-30 22:00:00,0.58,0.58,0.58,SF,25NOV02SFNYG,0.37,0.09
2025-10-30 23:00:00,0.58,0.58,0.57,SF,25NOV02SFNYG,-0.44,0.09
2025-10-31 00:00:00,0.58,0.58,0.57,SF,25NOV02SFNYG,0.47,0.09
2025-10-31 01:00:00,0.58,0.58,0.57,SF,25NOV02SFNYG,-0.44,0.09
2025-10-31 02:00:00,0.58,0.58,0.58,SF,25NOV02SFNYG,-0.44,0.09
2025-10-31 03:00:00,0.58,0.58,0.58,SF,25NOV02SFNYG,-0.44,0.09
2025-10-31 04:00:00,0.58,0.58,0.58,SF,25NOV02SFNYG,-0.44,0.09
2025-10-31 05:00:00,0.58,0.58,0.58,SF,25NOV02SFNYG,-0.44,0.09
2025-10-31 06:00:00,0.58,0.58,0.57,SF,25NOV02SFNYG,-0.44,0.09
2025-10-31 07:00:00,0.57,0.58,0.57,SF,25NOV02SFNYG,-0.44,0.09
2025-10-31 08:00:00,0.58,0.58,0.58,SF,25NOV02SFNYG,-0.44,0.09
2025-10-31 09:00:00,0.57,0.58,0.57,SF,25NOV02SFNYG,-0.44,0.09
2025-10-31 10:00:00,0.58,0.58,0.58,SF,25NOV02SFNYG,-0.44,0.09
2025-10-31 11:00:00,0.58,0.58,0.58,SF,25NOV02SFNYG,-0.44,0.09
2025-10-31 12:00:00,0.58,0.58,0.58,SF,25NOV02SFNYG,-0.44,0.09
2025-10-31 13:00:00,0.58,0.58,0.58,SF,25NOV02SFNYG,-0.44,0.09
2025-10-31 14:00:00,0.58,0.58,0.57,SF,25NOV02SFNYG,-0.51,0.07
2025-10-31 15:00:00,0.58,0.58,0.57,SF,25NOV02SFNYG,0.42,0.02
2025-10-31 16:00:00,0.58,0.58,0.57,SF,25NOV02SFNYG,0.42,0.02
2025-10-31 17:00:00,0.58,0.58,0.57,SF,25NOV02SFNYG,0.42,0.02
2025-10-31 18:00:00,0.58,0.58,0.57,SF,25NOV02SFNYG,0.42,0.02
2025-10-31 19:00:00,0.58,0.58,0.57,SF,25NOV02SFNYG,0.36,0.02
2025-10-31 20:00:00,0.58,0.58,0.57,SF,25NOV02SFNYG,-0.04,0.47
2025-10-31 21:00:00,0.58,0.58,0.57,SF,25NOV02SFNYG,-0.04,0.47
2025-10-31 22:00:00,0.57,0.58,0.57,SF,25NOV02SFNYG,-0.04,0.47
2025-10-31 23:00:00,0.57,0.57,0.56,SF,25NOV02SFNYG,-0.04,0.47
2025-11-01 00:00:00,0.57,0.57,0.56,SF,25NOV02SFNYG,-0.04,0.47
2025-11-01 01:00:00,0.57,0.58,0.57,SF,25NOV02SFNYG,0.44,0.09
2025-11-01 02:00:00,0.57,0.57,0.57,SF,25NOV02SFNYG,0.44,0.09
2025-11-01 03:00:00,0.56,0.58,0.55,SF,25NOV02SFNYG,0.44,0.09
2025-11-01 04:00:00,0.56,0.56,0.55,SF,25NOV02SFNYG,0.44,0.09
2025-11-01 05:00:00,0.56,0.56,0.56,SF,25NOV02SFNYG,0.44,0.09
2025-11-01 06:00:00,0.56,0.56,0.56,SF,25NOV02SFNYG,0.44,0.09
2025-11-01 07:00:00,0.56,0.56,0.56,SF,25NOV02SFNYG,0.44,0.09
2025-11-01 08:00:00,0.56,0.56,0.56,SF,25NOV02SFNYG,0.41,0.09
2025-11-01 09:00:00,0.56,0.56,0.56,SF,25NOV02SFNYG,0.41,0.09
2025-11-01 10:00:00,0.56,0.56,0.56,SF,25NOV02SFNYG,0.41,0.09
2025-11-01 11:00:00,0.56,0.56,0.56,SF,25NOV02SFNYG,0.41,0.09
2025-11-01 12:00:00,0.56,0.56,0.56,SF,25NOV02SFNYG,0.41,0.09
2025-11-01 13:00:00,0.58,0.58,0.56,SF,25NOV02SFNYG,0.41,0.09
2025-11-01 14:00:00,0.58,0.58,0.58,SF,25NOV02SFNYG,0.41,0.09
2025-11-01 15:00:00,0.58,0.58,0.57,SF,25NOV02SFNYG,0.41,0.09
2025-11-01 16:00:00,0.58,0.58,0.57,SF,25NOV02SFNYG,0.41,0.09
2025-11-01 17:00:00,0.58,0.58,0.58,SF,25NOV02SFNYG,0.32,0.09
2025-11-01 18:00:00,0.58,0.58,0.57,SF,25NOV02SFNYG,0.32,0.09
2025-11-01 19:00:00,0.58,0.58,0.58,SF,25NOV02SFNYG,0.32,0.09
2025-11-01 20:00:00,0.58,0.58,0.57,SF,25NOV02SFNYG,0.32,0.09
2025-11-01 21:00:00,0.58,0.58,0.57,SF,25NOV02SFNYG,0.32,0.09
2025-11-01 22:00:00,0.57,0.58,0.56,SF,25NOV02SFNYG,0.32,0.09
2025-11-01 23:00:00,0.56,0.57,0.56,SF,25NOV02SFNYG,0.32,0.09
2025-11-02 00:00:00,0.57,0.57,0.56,SF,25NOV02SFNYG,0.32,0.09
2025-11-02 01:00:00,0.57,0.57,0.56,SF,25NOV02SFNYG,-0.37,0.09
2025-11-02 02:00:00,0.57,0.57,0.56,SF,25NOV02SFNYG,-0.37,0.09
2025-11-02 03:00:00,0.58,0.58,0.56,SF,25NOV02SFNYG,-0.37,0.09
2025-11-02 04:00:00,0.58,0.58,0.56,SF,25NOV02SFNYG,-0.37,0.09
2025-11-02 05:00:00,0.58,0.58,0.57,SF,25NOV02SFNYG,-0.37,0.09
2025-11-02 06:00:00,0.58,0.58,0.56,SF,25NOV02SFNYG,-0.37,0.09
2025-11-02 07:00:00,0.58,0.58,0.57,SF,25NOV02SFNYG,-0.37,0.09
2025-11-02 08:00:00,0.57,0.58,0.57,SF,25NOV02SFNYG,-0.37,0.09
2025-11-02 09:00:00,0.58,0.58,0.58,SF,25NOV02SFNYG,-0.37,0.09
2025-11-02 10:00:00,0.58,0.58,0.57,SF,25NOV02SFNYG,-0.37,0.09
2025-11-02 11:00:00,0.58,0.58,0.58,SF,25NOV02SFNYG,-0.37,0.09
2025-11-02 12:00:00,0.58,0.58,0.57,SF,25NOV02SFNYG,-0.37,0.09
2025-11-02 13:00:00,0.58,0.58,0.57,SF,25NOV02SFNYG,0.3,0.09
2025-11-02 14:00:00,0.58,0.58,0.57,SF,25NOV02SFNYG,-0.4,0.09
2025-11-02 15:00:00,0.58,0.58,0.57,SF,25NOV02SFNYG,-0.07,0.58
2025-11-02 16:00:00,0.58,0.58,0.57,SF,25NOV02SFNYG,0.37,0.58
2025-11-02 17:00:00,0.57,0.58,0.56,SF,25NOV02SFNYG,0.78,0.01
2025-11-02 18:00:00,0.56,0.58,0.56,SF,25NOV02SFNYG,0.78,0.01
2025-11-02 19:00:00,0.84,0.86,0.41,SF,25NOV02SFNYG,0.78,0.02
2025-11-02 20:00:00,0.87,0.93,0.73,SF,25NOV02SFNYG,-0.11,0.77
2025-11-02 21:00:00,0.99,0.99,0.81,SF,25NOV02SFNYG,-0.6,0.24
2025-10-26 22:00:00,0.43,0.43,0.43,NYG,25NOV02SFNYG,-0.58,0.07
2025-10-26 23:00:00,0.42,0.42,0.42,NYG,25NOV02SFNYG,-0.38,0.34
2025-10-27 00:00:00,0.42,0.42,0.42,NYG,25NOV02SFNYG,-0.39,0.39
2025-10-27 01:00:00,0.42,0.42,0.42,NYG,25NOV02SFNYG,-0.46,0.46
2025-10-27 02:00:00,0.42,0.42,0.42,NYG,25NOV02SFNYG,-0.59,0.1
2025-10-27 03:00:00,0.42,0.42,0.42,NYG,25NOV02SFNYG,-0.61,0.04
2025-10-27 04:00:00,0.42,0.42,0.42,NYG,25NOV02SFNYG,-0.52,0.1
2025-10-27 05:00:00,0.42,0.42,0.4,NYG,25NOV02SFNYG,-0.36,0.45
2025-10-27 06:00:00,0.42,0.42,0.42,NYG,25NOV02SFNYG,-0.49,0.06
2025-10-27 07:00:00,0.42,0.42,0.41,NYG,25NOV02SFNYG,-0.42,0.05
2025-10-27 08:00:00,0.42,0.42,0.41,NYG,25NOV02SFNYG,-0.44,0.04
2025-10-27 09:00:00,0.42,0.42,0.42,NYG,25NOV02SFNYG,-0.43,0.07
2025-10-27 10:00:00,0.42,0.42,0.42,NYG,25NOV02SFNYG,-0.43,0.07
2025-10-27 11:00:00,0.42,0.42,0.42,NYG,25NOV02SFNYG,-0.52,0.12
2025-10-27 12:00:00,0.42,0.42,0.42,NYG,25NOV02SFNYG,-0.43,0.45
2025-10-27 13:00:00,0.42,0.42,0.42,NYG,25NOV02SFNYG,-0.58,0.28
2025-10-27 14:00:00,0.42,0.42,0.42,NYG,25NOV02SFNYG,-0.46,0.35
2025-10-27 15:00:00,0.42,0.42,0.41,NYG,25NOV02SFNYG,-0.55,0.11
2025-10-27 16:00:00,0.42,0.42,0.42,NYG,25NOV02SFNYG,-0.52,0.07
2025-10-27 17:00:00,0.41,0.42,0.41,NYG,25NOV02SFNYG,-0.25,0.46
2025-10-27 18:00:00,0.42,0.42,0.42,NYG,25NOV02SFNYG,-0.03,0.54
2025-10-27 19:00:00,0.42,0.42,0.42,NYG,25NOV02SFNYG,-0.41,0.36
2025-10-27 20:00:00,0.42,0.42,0.42,NYG,25NOV02SFNYG,-0.21,0.62
2025-10-27 21:00:00,0.42,0.42,0.42,NYG,25NOV02SFNYG,0.11,0.57
2025-10-27 22:00:00,0.41,0.42,0.41,NYG,25NOV02SFNYG,-0.26,0.56
2025-10-27 23:00:00,0.42,0.42,0.42,NYG,25NOV02SFNYG,-0.23,0.45
2025-10-28 00:00:00,0.42,0.42,0.42,NYG,25NOV02SFNYG,-0.08,0.57
2025-10-28 01:00:00,0.42,0.42,0.42,NYG,25NOV02SFNYG,-0.02,0.49
2025-10-28 02:00:00,0.42,0.42,0.42,NYG,25NOV02SFNYG,-0.25,0.52
2025-10-28 03:00:00,0.42,0.42,0.41,NYG,25NOV02SFNYG,-0.25,0.52
2025-10-28 04:00:00,0.41,0.42,0.41,NYG,25NOV02SFNYG,-0.4,0.52
2025-10-28 05:00:00,0.42,0.42,0.42,NYG,25NOV02SFNYG,-0.35,0.02
2025-10-28 06:00:00,0.42,0.42,0.42,NYG,25NOV02SFNYG,-0.35,0.02
2025-10-28 07:00:00,0.41,0.42,0.41,NYG,25NOV02SFNYG,-0.35,0.02
2025-10-28 08:00:00,0.42,0.42,0.42,NYG,25NOV02SFNYG,-0.35,0.02
2025-10-28 09:00:00,0.42,0.42,0.42,NYG,25NOV02SFNYG,0.02,0.55
2025-10-28 10:00:00,0.42,0.42,0.42,NYG,25NOV02SFNYG,0.02,0.55
2025-10-28 11:00:00,0.42,0.42,0.42,NYG,25NOV02SFNYG,0.71,0.04
2025-10-28 12:00:00,0.42,0.42,0.42,NYG,25NOV02SFNYG,-0.45,0.05
2025-10-28 13:00:00,0.42,0.42,0.41,NYG,25NOV02SFNYG,-0.17,0.49
2025-10-28 14:00:00,0.42,0.42,0.42,NYG,25NOV02SFNYG,-0.44,0.04
2025-10-28 15:00:00,0.42,0.42,0.42,NYG,25NOV02SFNYG,0.46,0.36
2025-10-28 16:00:00,0.42,0.42,0.41,NYG,25NOV02SFNYG,0.0,0.62
2025-10-28 17:00:00,0.42,0.42,0.41,NYG,25NOV02SFNYG,0.12,0.81
2025-10-28 18:00:00,0.42,0.42,0.42,NYG,25NOV02SFNYG,-0.04,0.59
2025-10-28 19:00:00,0.42,0.42,0.42,NYG,25NOV02SFNYG,-0.33,0.42
2025-10-28 20:00:00,0.42,0.42,0.42,NYG,25NOV02SFNYG,0.13,0.54
2025-10-28 21:00:00,0.42,0.42,0.41,NYG,25NOV02SFNYG,-0.42,0.39
2025-10-28 22:00:00,0.42,0.42,0.42,NYG,25NOV02SFNYG,-0.49,0.27
2025-10-28 23:00:00,0.42,0.42,0.42,NYG,25NOV02SFNYG,-0.49,0.05
2025-10-29 00:00:00,0.42,0.42,0.42,NYG,25NOV02SFNYG,-0.5,0.03
2025-10-29 01:00:00,0.42,0.42,0.42,NYG,25NOV02SFNYG,-0.47,0.0
2025-10-29 02:00:00,0.42,0.42,0.42,NYG,25NOV02SFNYG,-0.47,0.03
2025-10-29 03:00:00,0.42,0.42,0.42,NYG,25NOV02SFNYG,-0.47,0.03
2025-10-29 04:00:00,0.42,0.42,0.41,NYG,25NOV02SFNYG,-0.43,0.05
2025-10-29 05:00:00,0.42,0.42,0.41,NYG,25NOV02SFNYG,-0.43,0.05
2025-10-29 06:00:00,0.41,0.41,0.41,NYG,25NOV02SFNYG,-0.43,0.05
2025-10-29 07:00:00,0.41,0.41,0.41,NYG,25NOV02SFNYG,-0.43,0.05
2025-10-29 08:00:00,0.41,0.41,0.41,NYG,25NOV02SFNYG,-0.43,0.05
2025-10-29 09:00:00,0.41,0.41,0.41,NYG,25NOV02SFNYG,-0.36,0.05
2025-10-29 10:00:00,0.42,0.42,0.42,NYG,25NOV02SFNYG,-0.36,0.05
2025-10-29 11:00:00,0.42,0.42,0.42,NYG,25NOV02SFNYG,-0.44,0.05
2025-10-29 12:00:00,0.42,0.42,0.42,NYG,25NOV02SFNYG,-0.05,0.7
2025-10-29 13:00:00,0.42,0.42,0.42,NYG,25NOV02SFNYG,0.14,0.58
2025-10-29 14:00:00,0.42,0.42,0.42,NYG,25NOV02SFNYG,-0.29,0.5
2025-10-29 15:00:00,0.42,0.42,0.41,NYG,25NOV02SFNYG,0.07,0.63
2025-10-29 16:00:00,0.42,0.42,0.41,NYG,25NOV02SFNYG,0.21,0.49
2025-10-29 17:00:00,0.42,0.42,0.42,NYG,25NOV02SFNYG,0.01,0.66
2025-10-29 18:00:00,0.42,0.42,0.41,NYG,25NOV02SFNYG,-0.12,0.58
2025-10-29 19:00:00,0.42,0.42,0.42,NYG,25NOV02SFNYG,-0.1,0.53
2025-10-29 20:00:00,0.42,0.42,0.42,NYG,25NOV02SFNYG,-0.17,0.55
2025-10-29 21:00:00,0.42,0.42,0.42,NYG,25NOV02SFNYG,-0.08,0.65
2025-10-29 22:00:00,0.42,0.42,0.42,NYG,25NOV02SFNYG,-0.58,0.03
2025-10-29 23:00:00,0.41,0.42,0.41,NYG,25NOV02SFNYG,0.11,0.63
2025-10-30 00:00:00,0.42,0.42,0.42,NYG,25NOV02SFNYG,0.01,0.61
2025-10-30 01:00:00,0.43,0.43,0.43,NYG,25NOV02SFNYG,0.46,0.01
2025-10-30 02:00:00,0.42,0.43,0.42,NYG,25NOV02SFNYG,0.46,0.03
2025-10-30 03:00:00,0.43,0.43,0.43,NYG,25NOV02SFNYG,0.46,0.03
2025-10-30 04:00:00,0.43,0.43,0.43,NYG,25NOV02SFNYG,0.46,0.03
2025-10-30 05:00:00,0.43,0.43,0.43,NYG,25NOV02SFNYG,0.46,0.03
2025-10-30 06:00:00,0.43,0.43,0.42,NYG,25NOV02SFNYG,0.46,0.03
2025-10-30 07:00:00,0.43,0.43,0.43,NYG,25NOV02SFNYG,0.46,0.03
2025-10-30 08:00:00,0.43,0.43,0.43,NYG,25NOV02SFNYG,0.42,0.03
2025-10-30 09:00:00,0.43,0.43,0.43,NYG,25NOV02SFNYG,0.42,0.03
2025-10-30 10:00:00,0.43,0.43,0.43,NYG,25NOV02SFNYG,0.01,0.79
2025-10-30 11:00:00,0.43,0.43,0.43,NYG,25NOV02SFNYG,-0.51,0.79
2025-10-30 12:00:00,0.43,0.43,0.43,NYG,25NOV02SFNYG,0.5,0.79
2025-10-30 13:00:00,0.43,0.43,0.42,NYG,25NOV02SFNYG,0.5,0.79
2025-10-30 14:00:00,0.44,0.44,0.43,NYG,25NOV02SFNYG,-0.62,0.02
2025-10-30 15:00:00,0.44,0.44,0.43,NYG,25NOV02SFNYG,-0.05,0.55
2025-10-30 16:00:00,0.43,0.43,0.43,NYG,25NOV02SFNYG,0.33,0.53
2025-10-30 17:00:00,0.43,0.43,0.43,NYG,25NOV02SFNYG,0.41,0.4
2025-10-30 18:00:00,0.43,0.43,0.42,NYG,25NOV02SFNYG,0.07,0.62
2025-10-30 19:00:00,0.43,0.43,0.43,NYG,25NOV02SFNYG,0.12,0.52
2025-10-30 20:00:00,0.43,0.43,0.42,NYG,25NOV02SFNYG,0.03,0.61
2025-10-30 21:00:00,0.43,0.43,0.42,NYG,25NOV02SFNYG,0.54,0.37
2025-10-30 22:00:00,0.43,0.43,0.42,NYG,25NOV02SFNYG,0.53,0.06
2025-10-30 23:00:00,0.43,0.43,0.43,NYG,25NOV02SFNYG,0.55,0.12
2025-10-31 00:00:00,0.43,0.43,0.43,NYG,25NOV02SFNYG,-0.46,0.03
2025-10-31 01:00:00,0.43,0.43,0.42,NYG,25NOV02SFNYG,0.39,0.11
2025-10-31 02:00:00,0.43,0.43,0.42,NYG,25NOV02SFNYG,0.41,0.14
2025-10-31 03:00:00,0.43,0.43,0.42,NYG,25NOV02SFNYG,0.31,0.14
2025-10-31 04:00:00,0.43,0.43,0.42,NYG,25NOV02SFNYG,0.31,0.14
2025-10-31 05:00:00,0.43,0.43,0.42,NYG,25NOV02SFNYG,0.31,0.14
2025-10-31 06:00:00,0.43,0.43,0.43,NYG,25NOV02SFNYG,0.31,0.14
2025-10-31 07:00:00,0.43,0.43,0.43,NYG,25NOV02SFNYG,0.31,0.14
2025-10-31 08:00:00,0.43,0.43,0.42,NYG,25NOV02SFNYG,0.31,0.14
2025-10-31 09:00:00,0.43,0.43,0.43,NYG,25NOV02SFNYG,0.31,0.14
2025-10-31 10:00:00,0.43,0.43,0.43,NYG,25NOV02SFNYG,0.31,0.14
2025-10-31 11:00:00,0.43,0.43,0.43,NYG,25NOV02SFNYG,0.31,0.14
2025-10-31 12:00:00,0.43,0.43,0.43,NYG,25NOV02SFNYG,0.31,0.14
2025-10-31 13:00:00,0.43,0.43,0.43,NYG,25NOV02SFNYG,0.2,0.51
2025-10-31 14:00:00,0.43,0.43,0.42,NYG,25NOV02SFNYG,0.37,0.37
2025-10-31 15:00:00,0.42,0.43,0.42,NYG,25NOV02SFNYG,0.53,0.09
2025-10-31 16:00:00,0.43,0.43,0.43,NYG,25NOV02SFNYG,0.38,0.36
2025-10-31 17:00:00,0.43,0.43,0.42,NYG,25NOV02SFNYG,0.48,0.05
2025-10-31 18:00:00,0.43,0.43,0.43,NYG,25NOV02SFNYG,-0.55,0.05
2025-10-31 19:00:00,0.43,0.44,0.43,NYG,25NOV02SFNYG,-0.02,0.59
2025-10-31 20:00:00,0.44,0.44,0.43,NYG,25NOV02SFNYG,-0.49,0.09
2025-10-31 21:00:00,0.44,0.44,0.43,NYG,25NOV02SFNYG,-0.14,0.52
2025-10-31 22:00:00,0.44,0.44,0.43,NYG,25NOV02SFNYG,0.03,0.62
2025-10-31 23:00:00,0.44,0.44,0.44,NYG,25NOV02SFNYG,-0.03,0.69
2025-11-01 00:00:00,0.44,0.44,0.44,NYG,25NOV02SFNYG,0.08,0.53
2025-11-01 01:00:00,0.44,0.44,0.44,NYG,25NOV02SFNYG,-0.03,0.56
2025-11-01 02:00:00,0.44,0.44,0.44,NYG,25NOV02SFNYG,0.49,0.56
2025-11-01 03:00:00,0.43,0.43,0.43,NYG,25NOV02SFNYG,0.45,0.01
2025-11-01 04:00:00,0.45,0.45,0.44,NYG,25NOV02SFNYG,0.17,0.52
2025-11-01 05:00:00,0.45,0.45,0.45,NYG,25NOV02SFNYG,0.42,0.52
2025-11-01 06:00:00,0.45,0.45,0.45,NYG,25NOV02SFNYG,0.48,0.52
2025-11-01 07:00:00,0.45,0.45,0.45,NYG,25NOV02SFNYG,0.48,0.52
2025-11-01 08:00:00,0.45,0.45,0.45,NYG,25NOV02SFNYG,0.48,0.52
2025-11-01 09:00:00,0.45,0.45,0.45,NYG,25NOV02SFNYG,0.48,0.52
2025-11-01 10:00:00,0.45,0.45,0.45,NYG,25NOV02SFNYG,0.48,0.52
2025-11-01 11:00:00,0.45,0.45,0.45,NYG,25NOV02SFNYG,0.4,0.52
2025-11-01 12:00:00,0.45,0.45,0.45,NYG,25NOV02SFNYG,0.4,0.52
2025-11-01 13:00:00,0.44,0.45,0.44,NYG,25NOV02SFNYG,0.4,0.52
2025-11-01 14:00:00,0.44,0.44,0.44,NYG,25NOV02SFNYG,0.42,0.52
2025-11-01 15:00:00,0.44,0.44,0.44,NYG,25NOV02SFNYG,0.11,0.55
2025-11-01 16:00:00,0.44,0.44,0.44,NYG,25NOV02SFNYG,-0.22,0.55
2025-11-01 17:00:00,0.43,0.44,0.42,NYG,25NOV02SFNYG,-0.05,0.58
2025-11-01 18:00:00,0.43,0.44,0.42,NYG,25NOV02SFNYG,-0.44,0.58
2025-11-01 19:00:00,0.44,0.44,0.43,NYG,25NOV02SFNYG,-0.48,0.03
2025-11-01 20:00:00,0.42,0.44,0.42,NYG,25NOV02SFNYG,0.48,0.03
2025-11-01 21:00:00,0.44,0.44,0.43,NYG,25NOV02SFNYG,0.48,0.03
2025-11-01 22:00:00,0.44,0.44,0.43,NYG,25NOV02SFNYG,0.48,0.03
2025-11-01 23:00:00,0.44,0.44,0.43,NYG,25NOV02SFNYG,0.48,0.03
2025-11-02 00:00:00,0.43,0.44,0.43,NYG,25NOV02SFNYG,-0.45,0.03
2025-11-02 01:00:00,0.44,0.44,0.44,NYG,25NOV02SFNYG,-0.45,0.0
2025-11-02 02:00:00,0.44,0.44,0.43,NYG,25NOV02SFNYG,-0.47,0.0
2025-11-02 03:00:00,0.44,0.44,0.44,NYG,25NOV02SFNYG,-0.47,0.0
2025-11-02 04:00:00,0.44,0.44,0.43,NYG,25NOV02SFNYG,-0.12,0.54
2025-11-02 05:00:00,0.44,0.44,0.43,NYG,25NOV02SFNYG,-0.12,0.54
2025-11-02 06:00:00,0.43,0.44,0.42,NYG,25NOV02SFNYG,-0.12,0.54
2025-11-02 07:00:00,0.44,0.44,0.42,NYG,25NOV02SFNYG,-0.12,0.54
2025-11-02 08:00:00,0.43,0.44,0.42,NYG,25NOV02SFNYG,-0.12,0.54
2025-11-02 09:00:00,0.43,0.43,0.43,NYG,25NOV02SFNYG,-0.12,0.54
2025-11-02 10:00:00,0.43,0.43,0.43,NYG,25NOV02SFNYG,-0.12,0.54
2025-11-02 11:00:00,0.43,0.43,0.42,NYG,25NOV02SFNYG,-0.47,0.07
2025-11-02 12:00:00,0.43,0.43,0.42,NYG,25NOV02SFNYG,-0.47,0.02
2025-11-02 13:00:00,0.43,0.43,0.42,NYG,25NOV02SFNYG,-0.44,0.0
2025-11-02 14:00:00,0.43,0.44,0.42,NYG,25NOV02SFNYG,-0.44,0.0
2025-11-02 15:00:00,0.43,0.43,0.42,NYG,25NOV02SFNYG,0.29,0.64
2025-11-02 16:00:00,0.43,0.43,0.42,NYG,25NOV02SFNYG,0.62,0.04
2025-11-02 17:00:00,0.44,0.44,0.42,NYG,25NOV02SFNYG,0.62,0.04
2025-11-02 18:00:00,0.45,0.45,0.42,NYG,25NOV02SFNYG,0.13,0.54
2025-11-02 19:00:00,0.15,0.58,0.14,NYG,25NOV02SFNYG,-0.3,0.4
2025-11-02 20:00:00,0.14,0.25,0.08,NYG,25NOV02SFNYG,0.19,0.57
2025-11-02 21:00:00,0.01,0.19,0.01,NYG,25NOV02SFNYG,-0.27,0.57
2025-10-21 21:00:00,0.18,0.18,0.18,WAS,25OCT27WASKC,0.52,0.0
2025-10-21 22:00:00,0.18,0.18,0.17,WAS,25OCT27WASKC,0.52,0.0
2025-10-21 23:00:00,0.18,0.18,0.17,WAS,25OCT27WASKC,0.62,0.0
2025-10-22 00:00:00,0.18,0.18,0.17,WAS,25OCT27WASKC,0.62,0.0
2025-10-22 01:00:00,0.18,0.18,0.17,WAS,25OCT27WASKC,0.62,0.0
2025-10-22 02:00:00,0.18,0.18,0.17,WAS,25OCT27WASKC,0.62,0.0
2025-10-22 03:00:00,0.18,0.18,0.18,WAS,25OCT27WASKC,0.62,0.0
2025-10-22 04:00:00,0.18,0.18,0.17,WAS,25OCT27WASKC,0.62,0.0
2025-10-22 05:00:00,0.18,0.18,0.17,WAS,25OCT27WASKC,0.62,0.0
2025-10-22 06:00:00,0.18,0.18,0.18,WAS,25OCT27WASKC,0.62,0.0
2025-10-22 07:00:00,0.18,0.18,0.18,WAS,25OCT27WASKC,0.62,0.0
2025-10-22 08:00:00,0.18,0.18,0.18,WAS,25OCT27WASKC,0.62,0.0
2025-10-22 09:00:00,0.18,0.18,0.18,WAS,25OCT27WASKC,0.62,0.0
2025-10-22 10:00:00,0.18,0.18,0.18,WAS,25OCT27WASKC,0.62,0.0
2025-10-22 11:00:00,0.18,0.18,0.18,WAS,25OCT27WASKC,0.62,0.0
2025-10-22 12:00:00,0.18,0.18,0.18,WAS,25OCT27WASKC,0.62,0.0
2025-10-22 13:00:00,0.18,0.18,0.18,WAS,25OCT27WASKC,0.62,0.0
2025-10-22 14:00:00,0.18,0.18,0.18,WAS,25OCT27WASKC,0.62,0.0
2025-10-22 15:00:00,0.18,0.18,0.18,WAS,25OCT27WASKC,0.62,0.0
2025-10-22 16:00:00,0.18,0.18,0.17,WAS,25OCT27WASKC,0.62,0.0
2025-10-22 17:00:00,0.17,0.18,0.16,WAS,25OCT27WASKC,0.62,0.0
2025-10-22 18:00:00,0.16,0.16,0.16,WAS,25OCT27WASKC,0.62,0.0
2025-10-22 19:00:00,0.16,0.16,0.15,WAS,25OCT27WASKC,0.62,0.0
2025-10-22 20:00:00,0.16,0.16,0.15,WAS,25OCT27WASKC,0.62,0.0
2025-10-22 21:00:00,0.16,0.16,0.16,WAS,25OCT27WASKC,0.62,0.0
2025-10-22 22:00:00,0.16,0.16,0.15,WAS,25OCT27WASKC,0.62,0.0
2025-10-22 23:00:00,0.16,0.16,0.15,WAS,25OCT27WASKC,0.62,0.0
2025-10-23 00:00:00,0.16,0.16,0.16,WAS,25OCT27WASKC,0.62,0.0
2025-10-23 01:00:00,0.15,0.16,0.15,WAS,25OCT27WASKC,0.62,0.0
2025-10-23 02:00:00,0.16,0.16,0.15,WAS,25OCT27WASKC,0.62,0.0
2025-10-23 03:00:00,0.16,0.16,0.16,WAS,25OCT27WASKC,0.62,0.0
2025-10-23 04:00:00,0.16,0.16,0.15,WAS,25OCT27WASKC,0.62,0.0
2025-10-23 05:00:00,0.16,0.16,0.15,WAS,25OCT27WASKC,0.62,0.0
2025-10-23 06:00:00,0.14,0.16,0.14,WAS,25OCT27WASKC,0.62,0.0
2025-10-23 07:00:00,0.14,0.14,0.14,WAS,25OCT27WASKC,0.62,0.0
2025-10-23 08:00:00,0.14,0.14,0.14,WAS,25OCT27WASKC,0.62,0.0
2025-10-23 09:00:00,0.14,0.14,0.14,WAS,25OCT27WASKC,0.62,0.0
2025-10-23 10:00:00,0.14,0.14,0.14,WAS,25OCT27WASKC,0.62,0.0
2025-10-23 11:00:00,0.14,0.14,0.14,WAS,25OCT27WASKC,0.62,0.0
2025-10-23 12:00:00,0.14,0.14,0.14,WAS,25OCT27WASKC,0.62,0.0
2025-10-23 13:00:00,0.13,0.14,0.13,WAS,25OCT27WASKC,0.62,0.0
2025-10-23 14:00:00,0.14,0.14,0.14,WAS,25OCT27WASKC,0.62,0.0
2025-10-23 15:00:00,0.14,0.14,0.14,WAS,25OCT27WASKC,-0.75,0.0
2025-10-23 16:00:00,0.14,0.14,0.14,WAS,25OCT27WASKC,-0.75,0.0
2025-10-23 17:00:00,0.14,0.14,0.14,WAS,25OCT27WASKC,-0.75,0.0
2025-10-23 18:00:00,0.14,0.14,0.13,WAS,25OCT27WASKC,-0.75,0.0
2025-10-23 19:00:00,0.14,0.14,0.14,WAS,25OCT27WASKC,0.58,0.0
2025-10-23 20:00:00,0.15,0.15,0.13,WAS,25OCT27WASKC,0.66,0.0
2025-10-23 21:00:00,0.14,0.15,0.14,WAS,25OCT27WASKC,0.66,0.0
2025-10-23 22:00:00,0.14,0.14,0.13,WAS,25OCT27WASKC,0.66,0.0
2025-10-23 23:00:00,0.14,0.14,0.13,WAS,25OCT27WASKC,0.66,0.0
2025-10-24 00:00:00,0.14,0.14,0.13,WAS,25OCT27WASKC,0.66,0.0
2025-10-24 01:00:00,0.14,0.14,0.14,WAS,25OCT27WASKC,0.57,0.0
2025-10-24 02:00:00,0.14,0.14,0.13,WAS,25OCT27WASKC,0.57,0.0
2025-10-24 03:00:00,0.14,0.14,0.13,WAS,25OCT27WASKC,0.57,0.0
2025-10-24 04:00:00,0.15,0.15,0.14,WAS,25OCT27WASKC,0.57,0.0
2025-10-24 05:00:00,0.15,0.15,0.14,WAS,25OCT27WASKC,0.57,0.0
2025-10-24 06:00:00,0.15,0.15,0.14,WAS,25OCT27WASKC,0.57,0.0
2025-10-24 07:00:00,0.15,0.15,0.15,WAS,25OCT27WASKC,0.57,0.0
2025-10-24 08:00:00,0.15,0.15,0.15,WAS,25OCT27WASKC,0.57,0.0
2025-10-24 09:00:00,0.15,0.15,0.15,WAS,25OCT27WASKC,0.57,0.0
2025-10-24 10:00:00,0.15,0.15,0.15,WAS,25OCT27WASKC,0.57,0.0
2025-10-24 11:00:00,0.14,0.15,0.14,WAS,25OCT27WASKC,0.57,0.0
2025-10-24 12:00:00,0.14,0.15,0.14,WAS,25OCT27WASKC,0.57,0.0
2025-10-24 13:00:00,0.14,0.14,0.14,WAS,25OCT27WASKC,0.57,0.0
2025-10-24 14:00:00,0.14,0.14,0.13,WAS,25OCT27WASKC,0.57,0.0
2025-10-24 15:00:00,0.15,0.15,0.14,WAS,25OCT27WASKC,0.54,0.0
2025-10-24 16:00:00,0.15,0.15,0.14,WAS,25OCT27WASKC,0.54,0.0
2025-10-24 17:00:00,0.15,0.15,0.14,WAS,25OCT27WASKC,0.54,0.0
2025-10-24 18:00:00,0.15,0.15,0.13,WAS,25OCT27WASKC,0.54,0.0
2025-10-24 19:00:00,0.15,0.15,0.15,WAS,25OCT27WASKC,0.54,0.0
2025-10-24 20:00:00,0.15,0.15,0.15,WAS,25OCT27WASKC,0.54,0.0
2025-10-24 21:00:00,0.15,0.15,0.15,WAS,25OCT27WASKC,0.54,0.0
2025-10-24 22:00:00,0.15,0.15,0.15,WAS,25OCT27WASKC,0.54,0.0
2025-10-24 23:00:00,0.15,0.15,0.14,WAS,25OCT27WASKC,0.54,0.0
2025-10-25 00:00:00,0.15,0.15,0.15,WAS,25OCT27WASKC,0.54,0.0
2025-10-25 01:00:00,0.15,0.15,0.14,WAS,25OCT27WASKC,0.54,0.0
2025-10-25 02:00:00,0.15,0.15,0.14,WAS,25OCT27WASKC,0.54,0.0
2025-10-25 03:00:00,0.14,0.15,0.14,WAS,25OCT27WASKC,0.54,0.0
2025-10-25 04:00:00,0.14,0.14,0.13,WAS,25OCT27WASKC,0.54,0.0
2025-10-25 05:00:00,0.14,0.14,0.14,WAS,25OCT27WASKC,0.54,0.0
2025-10-25 06:00:00,0.14,0.14,0.13,WAS,25OCT27WASKC,0.54,0.0
2025-10-25 07:00:00,0.13,0.14,0.13,WAS,25OCT27WASKC,0.54,0.0
2025-10-25 08:00:00,0.13,0.14,0.13,WAS,25OCT27WASKC,0.54,0.0
2025-10-25 09:00:00,0.13,0.14,0.13,WAS,25OCT27WASKC,0.54,0.0
2025-10-25 10:00:00,0.13,0.14,0.13,WAS,25OCT27WASKC,0.54,0.0
2025-10-25 11:00:00,0.13,0.14,0.13,WAS,25OCT27WASKC,0.54,0.0
2025-10-25 12:00:00,0.13,0.14,0.13,WAS,25OCT27WASKC,0.54,0.0
2025-10-25 13:00:00,0.15,0.15,0.14,WAS,25OCT27WASKC,0.54,0.0
2025-10-25 14:00:00,0.15,0.15,0.14,WAS,25OCT27WASKC,0.54,0.0
2025-10-25 15:00:00,0.15,0.15,0.15,WAS,25OCT27WASKC,0.54,0.0
2025-10-25 16:00:00,0.15,0.15,0.14,WAS,25OCT27WASKC,0.54,0.0
2025-10-25 17:00:00,0.15,0.15,0.15,WAS,25OCT27WASKC,0.54,0.0
2025-10-25 18:00:00,0.15,0.15,0.14,WAS,25OCT27WASKC,0.54,0.0
2025-10-25 19:00:00,0.15,0.15,0.15,WAS,25OCT27WASKC,0.54,0.0
2025-10-25 20:00:00,0.15,0.15,0.14,WAS,25OCT27WASKC,0.54,0.0
2025-10-25 21:00:00,0.15,0.15,0.14,WAS,25OCT27WASKC,0.54,0.0
2025-10-25 22:00:00,0.14,0.15,0.14,WAS,25OCT27WASKC,0.54,0.0
2025-10-25 23:00:00,0.15,0.15,0.15,WAS,25OCT27WASKC,0.54,0.0
2025-10-26 00:00:00,0.15,0.15,0.14,WAS,25OCT27WASKC,0.54,0.0
2025-10-26 01:00:00,0.15,0.15,0.14,WAS,25OCT27WASKC,0.54,0.0
2025-10-26 02:00:00,0.15,0.15,0.15,WAS,25OCT27WASKC,0.54,0.0
2025-10-26 03:00:00,0.15,0.15,0.14,WAS,25OCT27WASKC,0.54,0.0
2025-10-26 04:00:00,0.15,0.15,0.14,WAS,25OCT27WASKC,0.54,0.0
2025-10-26 05:00:00,0.15,0.15,0.14,WAS,25OCT27WASKC,0.54,0.0
2025-10-26 06:00:00,0.15,0.15,0.15,WAS,25OCT27WASKC,0.54,0.0
2025-10-26 07:00:00,0.15,0.15,0.14,WAS,25OCT27WASKC,0.54,0.0
2025-10-26 08:00:00,0.15,0.15,0.15,WAS,25OCT27WASKC,0.54,0.0
2025-10-26 09:00:00,0.15,0.15,0.15,WAS,25OCT27WASKC,0.54,0.0
2025-10-26 10:00:00,0.15,0.15,0.15,WAS,25OCT27WASKC,0.54,0.0
2025-10-26 11:00:00,0.15,0.15,0.15,WAS,25OCT27WASKC,0.54,0.0
2025-10-26 12:00:00,0.15,0.15,0.15,WAS,25OCT27WASKC,0.54,0.0
2025-10-26 13:00:00,0.15,0.15,0.14,WAS,25OCT27WASKC,0.54,0.0
2025-10-26 14:00:00,0.14,0.15,0.14,WAS,25OCT27WASKC,0.54,0.0
2025-10-26 15:00:00,0.14,0.15,0.14,WAS,25OCT27WASKC,0.54,0.0
2025-10-26 16:00:00,0.15,0.15,0.14,WAS,25OCT27WASKC,0.54,0.0
2025-10-26 17:00:00,0.15,0.15,0.14,WAS,25OCT27WASKC,0.54,0.0
2025-10-26 18:00:00,0.15,0.15,0.14,WAS,25OCT27WASKC,0.54,0.0
2025-10-26 19:00:00,0.15,0.15,0.14,WAS,25OCT27WASKC,0.54,0.0
2025-10-26 20:00:00,0.14,0.15,0.14,WAS,25OCT27WASKC,0.54,0.0
2025-10-26 21:00:00,0.15,0.15,0.14,WAS,25OCT27WASKC,0.54,0.0
2025-10-26 22:00:00,0.15,0.15,0.14,WAS,25OCT27WASKC,0.54,0.0
2025-10-26 23:00:00,0.15,0.15,0.14,WAS,25OCT27WASKC,0.54,0.0
2025-10-27 00:00:00,0.15,0.15,0.14,WAS,25OCT27WASKC,0.54,0.0
2025-10-27 01:00:00,0.15,0.15,0.14,WAS,25OCT27WASKC,0.54,0.0
2025-10-27 02:00:00,0.15,0.15,0.14,WAS,25OCT27WASKC,0.54,0.0
2025-10-27 03:00:00,0.15,0.15,0.14,WAS,25OCT27WASKC,0.54,0.0
2025-10-27 04:00:00,0.15,0.15,0.14,WAS,25OCT27WASKC,0.65,0.0
2025-10-27 05:00:00,0.15,0.15,0.14,WAS,25OCT27WASKC,0.65,0.0
2025-10-27 06:00:00,0.14,0.15,0.14,WAS,25OCT27WASKC,0.65,0.0
2025-10-27 07:00:00,0.15,0.15,0.14,WAS,25OCT27WASKC,0.65,0.0
2025-10-27 08:00:00,0.15,0.15,0.14,WAS,25OCT27WASKC,0.65,0.0
2025-10-27 09:00:00,0.15,0.15,0.15,WAS,25OCT27WASKC,0.65,0.0
2025-10-27 10:00:00,0.15,0.15,0.15,WAS,25OCT27WASKC,0.65,0.0
2025-10-27 11:00:00,0.15,0.15,0.14,WAS,25OCT27WASKC,0.65,0.0
2025-10-27 12:00:00,0.15,0.15,0.14,WAS,25OCT27WASKC,0.65,0.0
2025-10-27 13:00:00,0.15,0.15,0.14,WAS,25OCT27WASKC,0.65,0.0
2025-10-27 14:00:00,0.15,0.15,0.14,WAS,25OCT27WASKC,0.65,0.0
2025-10-27 15:00:00,0.14,0.15,0.14,WAS,25OCT27WASKC,0.65,0.0
2025-10-27 16:00:00,0.15,0.15,0.14,WAS,25OCT27WASKC,0.65,0.0
2025-10-27 17:00:00,0.14,0.16,0.14,WAS,25OCT27WASKC,0.65,0.0
2025-10-27 18:00:00,0.16,0.16,0.14,WAS,25OCT27WASKC,-0.78,0.0
2025-10-27 19:00:00,0.17,0.17,0.15,WAS,25OCT27WASKC,-0.78,0.0
2025-10-27 20:00:00,0.17,0.18,0.16,WAS,25OCT27WASKC,-0.78,0.0
2025-10-27 21:00:00,0.18,0.18,0.17,WAS,25OCT27WASKC,-0.78,0.0
2025-10-27 22:00:00,0.17,0.18,0.16,WAS,25OCT27WASKC,0.64,0.0
2025-10-27 23:00:00,0.18,0.18,0.16,WAS,25OCT27WASKC,0.64,0.0
2025-10-28 00:00:00,0.18,0.18,0.17,WAS,25OCT27WASKC,0.64,0.0
2025-10-28 01:00:00,0.2,0.33,0.12,WAS,25OCT27WASKC,0.64,0.0
2025-10-28 02:00:00,0.18,0.33,0.11,WAS,25OCT27WASKC,0.64,0.0
2025-10-28 03:00:00,0.01,0.18,0.01,WAS,25OCT27WASKC,0.07,0.99
2025-10-21 04:00:00,0.84,0.84,0.84,KC,25OCT27WASKC,0.4,0.47
2025-10-21 05:00:00,0.83,0.84,0.83,KC,25OCT27WASKC,0.4,0.47
2025-10-21 06:00:00,0.83,0.84,0.83,KC,25OCT27WASKC,0.4,0.47
2025-10-21 07:00:00,0.84,0.84,0.83,KC,25OCT27WASKC,0.55,0.47
2025-10-21 08:00:00,0.84,0.84,0.83,KC,25OCT27WASKC,0.33,0.47
2025-10-21 09:00:00,0.84,0.84,0.84,KC,25OCT27WASKC,0.6,0.47
2025-10-21 10:00:00,0.84,0.84,0.84,KC,25OCT27WASKC,0.3,0.67
2025-10-21 11:00:00,0.84,0.84,0.84,KC,25OCT27WASKC,0.55,0.13
2025-10-21 12:00:00,0.84,0.84,0.84,KC,25OCT27WASKC,0.6,0.09
2025-10-21 13:00:00,0.84,0.84,0.84,KC,25OCT27WASKC,0.55,0.09
2025-10-21 14:00:00,0.84,0.84,0.84,KC,25OCT27WASKC,0.41,0.09
2025-10-21 15:00:00,0.84,0.84,0.83,KC,25OCT27WASKC,0.21,0.6
2025-10-21 16:00:00,0.83,0.83,0.82,KC,25OCT27WASKC,0.02,0.63
2025-10-21 17:00:00,0.83,0.83,0.83,KC,25OCT27WASKC,0.01,0.86
2025-10-21 18:00:00,0.83,0.83,0.83,KC,25OCT27WASKC,0.01,0.86
2025-10-21 19:00:00,0.84,0.84,0.83,KC,25OCT27WASKC,0.01,0.86
2025-10-21 20:00:00,0.83,0.84,0.83,KC,25OCT27WASKC,-0.02,0.59
2025-10-21 21:00:00,0.84,0.84,0.83,KC,25OCT27WASKC,0.4,0.43
2025-10-21 22:00:00,0.83,0.84,0.83,KC,25OCT27WASKC,-0.0,0.63
2025-10-21 23:00:00,0.83,0.84,0.83,KC,25OCT27WASKC,-0.08,0.58
2025-10-22 00:00:00,0.82,0.83,0.82,KC,25OCT27WASKC,-0.07,0.63
2025-10-22 01:00:00,0.83,0.83,0.83,KC,25OCT27WASKC,-0.28,0.62
2025-10-22 02:00:00,0.83,0.83,0.83,KC,25OCT27WASKC,-0.07,0.64
2025-10-22 03:00:00,0.83,0.83,0.83,KC,25OCT27WASKC,-0.02,0.62
2025-10-22 04:00:00,0.83,0.83,0.83,KC,25OCT27WASKC,-0.05,0.82
2025-10-22 05:00:00,0.83,0.83,0.83,KC,25OCT27WASKC,0.39,0.69
2025-10-22 06:00:00,0.83,0.83,0.83,KC,25OCT27WASKC,-0.72,0.69
2025-10-22 07:00:00,0.83,0.83,0.83,KC,25OCT27WASKC,-0.72,0.69
2025-10-22 08:00:00,0.83,0.83,0.83,KC,25OCT27WASKC,-0.72,0.69
2025-10-22 09:00:00,0.83,0.83,0.83,KC,25OCT27WASKC,0.54,0.06
2025-10-22 10:00:00,0.83,0.83,0.83,KC,25OCT27WASKC,-0.58,0.06
2025-10-22 11:00:00,0.83,0.83,0.83,KC,25OCT27WASKC,-0.58,0.06
2025-10-22 12:00:00,0.83,0.83,0.83,KC,25OCT27WASKC,0.27,0.59
2025-10-22 13:00:00,0.83,0.84,0.83,KC,25OCT27WASKC,0.05,0.61
2025-10-22 14:00:00,0.84,0.84,0.83,KC,25OCT27WASKC,-0.02,0.69
2025-10-22 15:00:00,0.83,0.83,0.83,KC,25OCT27WASKC,0.11,0.59
2025-10-22 16:00:00,0.83,0.84,0.83,KC,25OCT27WASKC,-0.29,0.56
2025-10-22 17:00:00,0.84,0.84,0.83,KC,25OCT27WASKC,-0.24,0.54
2025-10-22 18:00:00,0.86,0.86,0.85,KC,25OCT27WASKC,-0.07,0.73
2025-10-22 19:00:00,0.86,0.86,0.85,KC,25OCT27WASKC,-0.07,0.73
2025-10-22 20:00:00,0.86,0.86,0.85,KC,25OCT27WASKC,-0.63,0.73
2025-10-22 21:00:00,0.86,0.86,0.85,KC,25OCT27WASKC,-0.15,0.56
2025-10-22 22:00:00,0.86,0.86,0.86,KC,25OCT27WASKC,-0.15,0.56
2025-10-22 23:00:00,0.86,0.86,0.85,KC,25OCT27WASKC,-0.5,0.05
2025-10-23 00:00:00,0.86,0.86,0.86,KC,25OCT27WASKC,-0.41,0.05
2025-10-23 01:00:00,0.86,0.86,0.85,KC,25OCT27WASKC,-0.04,0.69
2025-10-23 02:00:00,0.86,0.86,0.85,KC,25OCT27WASKC,0.48,0.03
2025-10-23 03:00:00,0.86,0.86,0.86,KC,25OCT27WASKC,0.14,0.56
2025-10-23 04:00:00,0.86,0.86,0.86,KC,25OCT27WASKC,0.14,0.56
2025-10-23 05:00:00,0.86,0.86,0.85,KC,25OCT27WASKC,0.14,0.56
2025-10-23 06:00:00,0.86,0.86,0.85,KC,25OCT27WASKC,0.14,0.56
2025-10-23 07:00:00,0.86,0.86,0.86,KC,25OCT27WASKC,0.14,0.56
2025-10-23 08:00:00,0.86,0.86,0.86,KC,25OCT27WASKC,0.14,0.56
2025-10-23 09:00:00,0.86,0.86,0.86,KC,25OCT27WASKC,0.14,0.56
2025-10-23 10:00:00,0.86,0.86,0.86,KC,25OCT27WASKC,-0.45,0.56
2025-10-23 11:00:00,0.86,0.86,0.86,KC,25OCT27WASKC,-0.45,0.56
2025-10-23 12:00:00,0.86,0.86,0.86,KC,25OCT27WASKC,0.48,0.56
2025-10-23 13:00:00,0.87,0.87,0.85,KC,25OCT27WASKC,-0.41,0.56
2025-10-23 14:00:00,0.87,0.87,0.87,KC,25OCT27WASKC,0.45,0.56
2025-10-23 15:00:00,0.87,0.87,0.86,KC,25OCT27WASKC,0.62,0.08
2025-10-23 16:00:00,0.87,0.87,0.86,KC,25OCT27WASKC,0.62,0.08
2025-10-23 17:00:00,0.87,0.87,0.87,KC,25OCT27WASKC,-0.69,0.05
2025-10-23 18:00:00,0.87,0.87,0.86,KC,25OCT27WASKC,0.44,0.56
2025-10-23 19:00:00,0.87,0.87,0.87,KC,25OCT27WASKC,0.57,0.12
2025-10-23 20:00:00,0.87,0.87,0.87,KC,25OCT27WASKC,0.61,0.12
2025-10-23 21:00:00,0.87,0.87,0.86,KC,25OCT27WASKC,0.53,0.07
2025-10-23 22:00:00,0.87,0.87,0.86,KC,25OCT27WASKC,0.48,0.04
2025-10-23 23:00:00,0.87,0.87,0.87,KC,25OCT27WASKC,0.48,0.04
2025-10-24 00:00:00,0.87,0.87,0.87,KC,25OCT27WASKC,0.49,0.11
2025-10-24 01:00:00,0.87,0.87,0.87,KC,25OCT27WASKC,0.07,0.68
2025-10-24 02:00:00,0.87,0.87,0.87,KC,25OCT27WASKC,-0.06,0.58
2025-10-24 03:00:00,0.87,0.87,0.86,KC,25OCT27WASKC,0.15,0.58
2025-10-24 04:00:00,0.86,0.87,0.86,KC,25OCT27WASKC,0.34,0.58
2025-10-24 05:00:00,0.86,0.86,0.85,KC,25OCT27WASKC,0.34,0.58
2025-10-24 06:00:00,0.87,0.87,0.86,KC,25OCT27WASKC,0.34,0.58
2025-10-24 07:00:00,0.86,0.87,0.86,KC,25OCT27WASKC,0.34,0.58
2025-10-24 08:00:00,0.86,0.87,0.86,KC,25OCT27WASKC,0.34,0.58
2025-10-24 09:00:00,0.86,0.87,0.86,KC,25OCT27WASKC,0.34,0.58
2025-10-24 10:00:00,0.87,0.87,0.87,KC,25OCT27WASKC,-0.54,0.58
2025-10-24 11:00:00,0.87,0.87,0.87,KC,25OCT27WASKC,-0.54,0.58
2025-10-24 12:00:00,0.87,0.87,0.87,KC,25OCT27WASKC,-0.54,0.58
2025-10-24 13:00:00,0.87,0.87,0.86,KC,25OCT27WASKC,-0.54,0.58
2025-10-24 14:00:00,0.87,0.87,0.86,KC,25OCT27WASKC,0.5,0.01
2025-10-24 15:00:00,0.87,0.87,0.87,KC,25OCT27WASKC,0.46,0.04
2025-10-24 16:00:00,0.87,0.87,0.87,KC,25OCT27WASKC,0.16,0.56
2025-10-24 17:00:00,0.86,0.87,0.86,KC,25OCT27WASKC,-0.52,0.56
2025-10-24 18:00:00,0.86,0.87,0.86,KC,25OCT27WASKC,0.57,0.04
2025-10-24 19:00:00,0.86,0.86,0.86,KC,25OCT27WASKC,0.57,0.13
2025-10-24 20:00:00,0.86,0.86,0.86,KC,25OCT27WASKC,0.04,0.62
2025-10-24 21:00:00,0.86,0.86,0.85,KC,25OCT27WASKC,0.55,0.04
2025-10-24 22:00:00,0.86,0.86,0.86,KC,25OCT27WASKC,0.09,0.57
2025-10-24 23:00:00,0.86,0.86,0.86,KC,25OCT27WASKC,0.58,0.12
2025-10-25 00:00:00,0.86,0.86,0.85,KC,25OCT27WASKC,0.35,0.47
2025-10-25 01:00:00,0.86,0.86,0.86,KC,25OCT27WASKC,0.53,0.0
2025-10-25 02:00:00,0.85,0.86,0.85,KC,25OCT27WASKC,-0.4,0.0
2025-10-25 03:00:00,0.87,0.87,0.85,KC,25OCT27WASKC,-0.4,0.0
2025-10-25 04:00:00,0.87,0.87,0.86,KC,25OCT27WASKC,0.34,0.0
2025-10-25 05:00:00,0.86,0.87,0.86,KC,25OCT27WASKC,0.01,0.61
2025-10-25 06:00:00,0.87,0.87,0.86,KC,25OCT27WASKC,0.01,0.61
2025-10-25 07:00:00,0.87,0.87,0.86,KC,25OCT27WASKC,0.01,0.61
2025-10-25 08:00:00,0.87,0.87,0.87,KC,25OCT27WASKC,0.01,0.61
2025-10-25 09:00:00,0.87,0.87,0.87,KC,25OCT27WASKC,0.01,0.61
2025-10-25 10:00:00,0.87,0.87,0.87,KC,25OCT27WASKC,0.01,0.61
2025-10-25 11:00:00,0.86,0.86,0.86,KC,25OCT27WASKC,0.01,0.61
2025-10-25 12:00:00,0.86,0.86,0.86,KC,25OCT27WASKC,0.01,0.61
2025-10-25 13:00:00,0.86,0.86,0.86,KC,25OCT27WASKC,0.02,0.58
2025-10-25 14:00:00,0.86,0.86,0.86,KC,25OCT27WASKC,0.33,0.58
2025-10-25 15:00:00,0.86,0.87,0.86,KC,25OCT27WASKC,0.33,0.58
2025-10-25 16:00:00,0.86,0.87,0.85,KC,25OCT27WASKC,-0.39,0.58
2025-10-25 17:00:00,0.87,0.87,0.86,KC,25OCT27WASKC,-0.39,0.58
2025-10-25 18:00:00,0.87,0.87,0.86,KC,25OCT27WASKC,0.58,0.01
2025-10-25 19:00:00,0.87,0.87,0.86,KC,25OCT27WASKC,0.11,0.53
2025-10-25 20:00:00,0.86,0.87,0.85,KC,25OCT27WASKC,-0.6,0.53
2025-10-25 21:00:00,0.86,0.86,0.85,KC,25OCT27WASKC,0.06,0.62
2025-10-25 22:00:00,0.86,0.86,0.85,KC,25OCT27WASKC,0.4,0.62
2025-10-25 23:00:00,0.86,0.86,0.85,KC,25OCT27WASKC,0.4,0.62
2025-10-26 00:00:00,0.86,0.86,0.86,KC,25OCT27WASKC,0.14,0.56
2025-10-26 01:00:00,0.86,0.86,0.85,KC,25OCT27WASKC,0.6,0.05
2025-10-26 02:00:00,0.86,0.86,0.86,KC,25OCT27WASKC,0.47,0.05
2025-10-26 03:00:00,0.85,0.86,0.85,KC,25OCT27WASKC,0.47,0.05
2025-10-26 04:00:00,0.86,0.86,0.86,KC,25OCT27WASKC,-0.52,0.05
2025-10-26 05:00:00,0.86,0.86,0.85,KC,25OCT27WASKC,-0.52,0.05
2025-10-26 06:00:00,0.86,0.86,0.85,KC,25OCT27WASKC,0.51,0.05
2025-10-26 07:00:00,0.86,0.86,0.85,KC,25OCT27WASKC,0.51,0.05
2025-10-26 08:00:00,0.86,0.86,0.86,KC,25OCT27WASKC,0.51,0.05
2025-10-26 09:00:00,0.86,0.86,0.86,KC,25OCT27WASKC,0.51,0.05
2025-10-26 10:00:00,0.86,0.86,0.86,KC,25OCT27WASKC,0.51,0.05
2025-10-26 11:00:00,0.86,0.86,0.86,KC,25OCT27WASKC,0.51,0.05
2025-10-26 12:00:00,0.86,0.86,0.86,KC,25OCT27WASKC,0.51,0.05
2025-10-26 13:00:00,0.86,0.87,0.85,KC,25OCT27WASKC,0.51,0.05
2025-10-26 14:00:00,0.86,0.86,0.85,KC,25OCT27WASKC,0.51,0.05
2025-10-26 15:00:00,0.86,0.86,0.85,KC,25OCT27WASKC,0.51,0.05
2025-10-26 16:00:00,0.86,0.86,0.85,KC,25OCT27WASKC,0.51,0.05
2025-10-26 17:00:00,0.86,0.86,0.85,KC,25OCT27WASKC,0.51,0.05
2025-10-26 18:00:00,0.86,0.86,0.85,KC,25OCT27WASKC,0.47,0.05
2025-10-26 19:00:00,0.86,0.86,0.85,KC,25OCT27WASKC,0.47,0.05
2025-10-26 20:00:00,0.86,0.86,0.85,KC,25OCT27WASKC,0.47,0.05
2025-10-26 21:00:00,0.86,0.86,0.85,KC,25OCT27WASKC,-0.32,0.6
2025-10-26 22:00:00,0.86,0.86,0.85,KC,25OCT27WASKC,0.09,0.62
2025-10-26 23:00:00,0.86,0.86,0.85,KC,25OCT27WASKC,0.0,0.78
2025-10-27 00:00:00,0.86,0.86,0.85,KC,25OCT27WASKC,0.0,0.78
2025-10-27 01:00:00,0.86,0.86,0.85,KC,25OCT27WASKC,0.0,0.78
2025-10-27 02:00:00,0.86,0.86,0.85,KC,25OCT27WASKC,0.0,0.78
2025-10-27 03:00:00,0.86,0.86,0.85,KC,25OCT27WASKC,0.0,0.78
2025-10-27 04:00:00,0.86,0.86,0.85,KC,25OCT27WASKC,0.0,0.78
2025-10-27 05:00:00,0.85,0.86,0.85,KC,25OCT27WASKC,-0.4,0.78
2025-10-27 06:00:00,0.86,0.86,0.85,KC,25OCT27WASKC,-0.4,0.78
2025-10-27 07:00:00,0.86,0.86,0.85,KC,25OCT27WASKC,-0.4,0.78
2025-10-27 08:00:00,0.86,0.86,0.86,KC,25OCT27WASKC,-0.4,0.78
2025-10-27 09:00:00,0.85,0.86,0.85,KC,25OCT27WASKC,-0.4,0.78
2025-10-27 10:00:00,0.86,0.86,0.85,KC,25OCT27WASKC,-0.4,0.78
2025-10-27 11:00:00,0.86,0.86,0.85,KC,25OCT27WASKC,-0.4,0.78
2025-10-27 12:00:00,0.86,0.86,0.85,KC,25OCT27WASKC,0.54,0.04
2025-10-27 13:00:00,0.86,0.86,0.85,KC,25OCT27WASKC,0.54,0.04
2025-10-27 14:00:00,0.86,0.86,0.85,KC,25OCT27WASKC,0.54,0.04
2025-10-27 15:00:00,0.86,0.86,0.85,KC,25OCT27WASKC,-0.61,0.04
2025-10-27 16:00:00,0.86,0.86,0.85,KC,25OCT27WASKC,-0.61,0.04
2025-10-27 17:00:00,0.86,0.86,0.85,KC,25OCT27WASKC,-0.61,0.04
2025-10-27 18:00:00,0.85,0.86,0.84,KC,25OCT27WASKC,0.5,0.08
2025-10-27 19:00:00,0.84,0.85,0.83,KC,25OCT27WASKC,-0.05,0.71
2025-10-27 20:00:00,0.84,0.84,0.83,KC,25OCT27WASKC,-0.34,0.59
2025-10-27 21:00:00,0.84,0.84,0.82,KC,25OCT27WASKC,0.43,0.59
2025-10-27 22:00:00,0.84,0.84,0.82,KC,25OCT27WASKC,-0.1,0.44
2025-10-27 23:00:00,0.84,0.84,0.83,KC,25OCT27WASKC,-0.1,0.44
2025-10-28 00:00:00,0.84,0.84,0.83,KC,25OCT27WASKC,-0.02,0.55
2025-10-28 01:00:00,0.81,0.88,0.68,KC,25OCT27WASKC,-0.02,0.55
2025-10-28 02:00:00,0.84,0.89,0.71,KC,25OCT27WASKC,0.06,0.59
2025-10-28 03:00:00,0.99,0.99,0.82,KC,25OCT27WASKC,0.22,0.56
2025-10-20 00:00:00,0.12,0.13,0.12,TEN,25OCT26TENIND,-0.3,0.58
2025-10-20 01:00:00,0.12,0.12,0.12,TEN,25OCT26TENIND,-0.27,0.53
2025-10-20 02:00:00,0.12,0.12,0.11,TEN,25OCT26TENIND,0.0,0.63
2025-10-20 03:00:00,0.12,0.12,0.12,TEN,25OCT26TENIND,-0.61,0.63
2025-10-20 04:00:00,0.12,0.12,0.12,TEN,25OCT26TENIND,0.62,0.63
2025-10-20 05:00:00,0.12,0.12,0.12,TEN,25OCT26TENIND,0.62,0.63
2025-10-20 06:00:00,0.12,0.12,0.12,TEN,25OCT26TENIND,0.55,0.63
2025-10-20 07:00:00,0.12,0.12,0.12,TEN,25OCT26TENIND,-0.55,0.63
2025-10-20 08:00:00,0.12,0.12,0.12,TEN,25OCT26TENIND,-0.55,0.63
2025-10-20 09:00:00,0.12,0.12,0.12,TEN,25OCT26TENIND,-0.55,0.63
2025-10-20 10:00:00,0.12,0.12,0.12,TEN,25OCT26TENIND,-0.55,0.63
2025-10-20 11:00:00,0.12,0.12,0.12,TEN,25OCT26TENIND,-0.55,0.63
2025-10-20 12:00:00,0.12,0.12,0.12,TEN,25OCT26TENIND,-0.55,0.63
2025-10-20 13:00:00,0.12,0.12,0.12,TEN,25OCT26TENIND,-0.46,0.63
2025-10-20 14:00:00,0.12,0.12,0.12,TEN,25OCT26TENIND,-0.46,0.63
2025-10-20 15:00:00,0.12,0.12,0.12,TEN,25OCT26TENIND,-0.46,0.63
2025-10-20 16:00:00,0.12,0.12,0.12,TEN,25OCT26TENIND,-0.46,0.63
2025-10-20 17:00:00,0.12,0.12,0.12,TEN,25OCT26TENIND,-0.46,0.63
2025-10-20 18:00:00,0.11,0.12,0.11,TEN,25OCT26TENIND,-0.46,0.63
2025-10-20 19:00:00,0.12,0.12,0.12,TEN,25OCT26TENIND,-0.46,0.63
2025-10-20 20:00:00,0.12,0.12,0.11,TEN,25OCT26TENIND,-0.46,0.63
2025-10-20 21:00:00,0.12,0.12,0.12,TEN,25OCT26TENIND,-0.46,0.63
2025-10-20 22:00:00,0.12,0.12,0.12,TEN,25OCT26TENIND,0.48,0.63
2025-10-20 23:00:00,0.12,0.12,0.11,TEN,25OCT26TENIND,0.48,0.63
2025-10-21 00:00:00,0.12,0.12,0.12,TEN,25OCT26TENIND,-0.45,0.63
2025-10-21 01:00:00,0.11,0.12,0.11,TEN,25OCT26TENIND,-0.45,0.63
2025-10-21 02:00:00,0.12,0.12,0.11,TEN,25OCT26TENIND,-0.45,0.63
2025-10-21 03:00:00,0.12,0.12,0.11,TEN,25OCT26TENIND,-0.45,0.63
2025-10-21 04:00:00,0.12,0.12,0.12,TEN,25OCT26TENIND,-0.45,0.63
2025-10-21 05:00:00,0.12,0.12,0.11,TEN,25OCT26TENIND,-0.45,0.63
2025-10-21 06:00:00,0.12,0.12,0.12,TEN,25OCT26TENIND,-0.45,0.63
2025-10-21 07:00:00,0.12,0.12,0.12,TEN,25OCT26TENIND,-0.45,0.63
2025-10-21 08:00:00,0.12,0.12,0.12,TEN,25OCT26TENIND,-0.45,0.63
2025-10-21 09:00:00,0.12,0.12,0.12,TEN,25OCT26TENIND,-0.45,0.63
2025-10-21 10:00:00,0.12,0.12,0.12,TEN,25OCT26TENIND,-0.45,0.63
2025-10-21 11:00:00,0.12,0.12,0.12,TEN,25OCT26TENIND,-0.45,0.63
2025-10-21 12:00:00,0.12,0.12,0.12,TEN,25OCT26TENIND,-0.45,0.63
2025-10-21 13:00:00,0.12,0.12,0.12,TEN,25OCT26TENIND,-0.45,0.63
2025-10-21 14:00:00,0.12,0.12,0.11,TEN,25OCT26TENIND,-0.45,0.63
2025-10-21 15:00:00,0.11,0.12,0.11,TEN,25OCT26TENIND,-0.45,0.63
2025-10-21 16:00:00,0.12,0.12,0.11,TEN,25OCT26TENIND,-0.45,0.63
2025-10-21 17:00:00,0.12,0.12,0.11,TEN,25OCT26TENIND,-0.45,0.63
2025-10-21 18:00:00,0.12,0.12,0.12,TEN,25OCT26TENIND,-0.45,0.63
2025-10-21 19:00:00,0.12,0.12,0.12,TEN,25OCT26TENIND,-0.5,0.63
2025-10-21 20:00:00,0.12,0.12,0.11,TEN,25OCT26TENIND,0.39,0.63
2025-10-21 21:00:00,0.12,0.12,0.11,TEN,25OCT26TENIND,0.39,0.63
2025-10-21 22:00:00,0.12,0.12,0.12,TEN,25OCT26TENIND,0.39,0.63
2025-10-21 23:00:00,0.12,0.12,0.11,TEN,25OCT26TENIND,0.39,0.63
2025-10-22 00:00:00,0.12,0.12,0.12,TEN,25OCT26TENIND,0.39,0.63
2025-10-22 01:00:00,0.12,0.12,0.12,TEN,25OCT26TENIND,0.39,0.63
2025-10-22 02:00:00,0.12,0.12,0.11,TEN,25OCT26TENIND,0.39,0.63
2025-10-22 03:00:00,0.12,0.12,0.12,TEN,25OCT26TENIND,0.39,0.63
2025-10-22 04:00:00,0.12,0.12,0.12,TEN,25OCT26TENIND,0.39,0.63
2025-10-22 05:00:00,0.11,0.12,0.11,TEN,25OCT26TENIND,0.39,0.63
2025-10-22 06:00:00,0.12,0.12,0.12,TEN,25OCT26TENIND,0.39,0.63
2025-10-22 07:00:00,0.12,0.12,0.12,TEN,25OCT26TENIND,0.39,0.63
2025-10-22 08:00:00,0.12,0.12,0.12,TEN,25OCT26TENIND,0.39,0.63
2025-10-22 09:00:00,0.12,0.12,0.12,TEN,25OCT26TENIND,0.39,0.63
2025-10-22 10:00:00,0.12,0.12,0.12,TEN,25OCT26TENIND,0.39,0.63
2025-10-22 11:00:00,0.12,0.12,0.12,TEN,25OCT26TENIND,0.39,0.63
2025-10-22 12:00:00,0.12,0.12,0.12,TEN,25OCT26TENIND,0.39,0.63
2025-10-22 13:00:00,0.12,0.12,0.12,TEN,25OCT26TENIND,0.39,0.63
2025-10-22 14:00:00,0.12,0.12,0.12,TEN,25OCT26TENIND,0.39,0.63
2025-10-22 15:00:00,0.12,0.12,0.11,TEN,25OCT26TENIND,0.39,0.63
2025-10-22 16:00:00,0.12,0.12,0.11,TEN,25OCT26TENIND,0.39,0.63
2025-10-22 17:00:00,0.12,0.12,0.11,TEN,25OCT26TENIND,0.39,0.63
2025-10-22 18:00:00,0.12,0.12,0.11,TEN,25OCT26TENIND,0.39,0.63
2025-10-22 19:00:00,0.11,0.12,0.11,TEN,25OCT26TENIND,0.44,0.03
2025-10-22 20:00:00,0.12,0.12,0.12,TEN,25OCT26TENIND,0.44,0.03
2025-10-22 21:00:00,0.12,0.12,0.12,TEN,25OCT26TENIND,0.44,0.03
2025-10-22 22:00:00,0.12,0.12,0.12,TEN,25OCT26TENIND,0.44,0.03
2025-10-22 23:00:00,0.12,0.12,0.12,TEN,25OCT26TENIND,0.44,0.03
2025-10-23 00:00:00,0.12,0.12,0.11,TEN,25OCT26TENIND,0.44,0.03
2025-10-23 01:00:00,0.12,0.12,0.11,TEN,25OCT26TENIND,-0.59,0.17
2025-10-23 02:00:00,0.12,0.12,0.11,TEN,25OCT26TENIND,0.59,0.17
2025-10-23 03:00:00,0.12,0.12,0.12,TEN,25OCT26TENIND,0.59,0.17
2025-10-23 04:00:00,0.12,0.12,0.12,TEN,25OCT26TENIND,0.59,0.17
2025-10-23 05:00:00,0.12,0.12,0.11,TEN,25OCT26TENIND,0.59,0.17
2025-10-23 06:00:00,0.11,0.12,0.11,TEN,25OCT26TENIND,0.59,0.17
2025-10-23 07:00:00,0.11,0.11,0.11,TEN,25OCT26TENIND,-0.67,0.13
2025-10-23 08:00:00,0.11,0.11,0.11,TEN,25OCT26TENIND,-0.58,0.13
2025-10-23 09:00:00,0.11,0.11,0.11,TEN,25OCT26TENIND,-0.58,0.13
2025-10-23 10:00:00,0.11,0.11,0.11,TEN,25OCT26TENIND,-0.6,0.13
2025-10-23 11:00:00,0.11,0.11,0.11,TEN,25OCT26TENIND,-0.63,0.13
2025-10-23 12:00:00,0.11,0.11,0.11,TEN,25OCT26TENIND,0.48,0.13
2025-10-23 13:00:00,0.11,0.11,0.11,TEN,25OCT26TENIND,-0.52,0.13
2025-10-23 14:00:00,0.11,0.11,0.11,TEN,25OCT26TENIND,-0.52,0.13
2025-10-23 15:00:00,0.11,0.11,0.1,TEN,25OCT26TENIND,0.7,0.07
2025-10-23 16:00:00,0.11,0.11,0.11,TEN,25OCT26TENIND,-0.55,0.02
2025-10-23 17:00:00,0.11,0.11,0.1,TEN,25OCT26TENIND,0.57,0.02
2025-10-23 18:00:00,0.11,0.11,0.1,TEN,25OCT26TENIND,0.57,0.02
2025-10-23 19:00:00,0.11,0.11,0.11,TEN,25OCT26TENIND,-0.25,0.56
2025-10-23 20:00:00,0.11,0.11,0.11,TEN,25OCT26TENIND,-0.51,0.05
2025-10-23 21:00:00,0.11,0.11,0.11,TEN,25OCT26TENIND,-0.09,0.7
2025-10-23 22:00:00,0.11,0.11,0.11,TEN,25OCT26TENIND,-0.16,0.56
2025-10-23 23:00:00,0.11,0.11,0.11,TEN,25OCT26TENIND,0.1,0.62
2025-10-24 00:00:00,0.11,0.11,0.1,TEN,25OCT26TENIND,0.1,0.62
2025-10-24 01:00:00,0.11,0.11,0.1,TEN,25OCT26TENIND,0.46,0.03
2025-10-24 02:00:00,0.11,0.11,0.11,TEN,25OCT26TENIND,0.46,0.03
2025-10-24 03:00:00,0.11,0.11,0.11,TEN,25OCT26TENIND,0.46,0.03
2025-10-24 04:00:00,0.1,0.11,0.1,TEN,25OCT26TENIND,-0.02,0.65
2025-10-24 05:00:00,0.11,0.11,0.11,TEN,25OCT26TENIND,-0.48,0.65
2025-10-24 06:00:00,0.11,0.11,0.11,TEN,25OCT26TENIND,-0.48,0.65
2025-10-24 07:00:00,0.11,0.11,0.11,TEN,25OCT26TENIND,-0.48,0.65
2025-10-24 08:00:00,0.11,0.11,0.11,TEN,25OCT26TENIND,-0.48,0.65
2025-10-24 09:00:00,0.11,0.11,0.11,TEN,25OCT26TENIND,-0.48,0.65
2025-10-24 10:00:00,0.1,0.11,0.1,TEN,25OCT26TENIND,-0.48,0.65
2025-10-24 11:00:00,0.11,0.11,0.11,TEN,25OCT26TENIND,-0.48,0.65
2025-10-24 12:00:00,0.11,0.11,0.11,TEN,25OCT26TENIND,-0.48,0.65
2025-10-24 13:00:00,0.11,0.11,0.11,TEN,25OCT26TENIND,0.45,0.65
2025-10-24 14:00:00,0.11,0.11,0.11,TEN,25OCT26TENIND,0.46,0.03
2025-10-24 15:00:00,0.11,0.11,0.1,TEN,25OCT26TENIND,0.16,0.56
2025-10-24 16:00:00,0.11,0.11,0.1,TEN,25OCT26TENIND,0.19,0.53
2025-10-24 17:00:00,0.11,0.11,0.1,TEN,25OCT26TENIND,0.17,0.57
2025-10-24 18:00:00,0.11,0.11,0.11,TEN,25OCT26TENIND,0.17,0.57
2025-10-24 19:00:00,0.11,0.11,0.11,TEN,25OCT26TENIND,0.17,0.57
2025-10-24 20:00:00,0.11,0.11,0.11,TEN,25OCT26TENIND,0.17,0.57
2025-10-24 21:00:00,0.1,0.11,0.1,TEN,25OCT26TENIND,0.17,0.57
2025-10-24 22:00:00,0.11,0.11,0.11,TEN,25OCT26TENIND,0.17,0.57
2025-10-24 23:00:00,0.11,0.11,0.11,TEN,25OCT26TENIND,0.17,0.57
2025-10-25 00:00:00,0.11,0.11,0.1,TEN,25OCT26TENIND,0.17,0.57
2025-10-25 01:00:00,0.11,0.11,0.11,TEN,25OCT26TENIND,0.17,0.57
2025-10-25 02:00:00,0.11,0.11,0.1,TEN,25OCT26TENIND,0.17,0.57
2025-10-25 03:00:00,0.11,0.11,0.1,TEN,25OCT26TENIND,0.17,0.57
2025-10-25 04:00:00,0.11,0.11,0.11,TEN,25OCT26TENIND,0.17,0.57
2025-10-25 05:00:00,0.11,0.11,0.1,TEN,25OCT26TENIND,0.17,0.57
2025-10-25 06:00:00,0.11,0.11,0.11,TEN,25OCT26TENIND,0.17,0.57
2025-10-25 07:00:00,0.11,0.11,0.11,TEN,25OCT26TENIND,0.17,0.57
2025-10-25 08:00:00,0.11,0.11,0.11,TEN,25OCT26TENIND,0.17,0.57
2025-10-25 09:00:00,0.11,0.11,0.11,TEN,25OCT26TENIND,0.17,0.57
2025-10-25 10:00:00,0.11,0.11,0.11,TEN,25OCT26TENIND,0.17,0.57
2025-10-25 11:00:00,0.11,0.11,0.11,TEN,25OCT26TENIND,0.17,0.57
2025-10-25 12:00:00,0.11,0.11,0.11,TEN,25OCT26TENIND,0.17,0.57
2025-10-25 13:00:00,0.11,0.11,0.11,TEN,25OCT26TENIND,0.17,0.57
2025-10-25 14:00:00,0.11,0.11,0.11,TEN,25OCT26TENIND,0.17,0.57
2025-10-25 15:00:00,0.11,0.11,0.11,TEN,25OCT26TENIND,-0.41,0.05
2025-10-25 16:00:00,0.11,0.11,0.1,TEN,25OCT26TENIND,-0.41,0.05
2025-10-25 17:00:00,0.11,0.11,0.1,TEN,25OCT26TENIND,-0.41,0.05
2025-10-25 18:00:00,0.1,0.11,0.1,TEN,25OCT26TENIND,-0.41,0.05
2025-10-25 19:00:00,0.11,0.11,0.1,TEN,25OCT26TENIND,-0.56,0.05
2025-10-25 20:00:00,0.11,0.11,0.11,TEN,25OCT26TENIND,-0.56,0.05
2025-10-25 21:00:00,0.11,0.11,0.1,TEN,25OCT26TENIND,-0.56,0.05
2025-10-25 22:00:00,0.11,0.11,0.1,TEN,25OCT26TENIND,-0.56,0.05
2025-10-25 23:00:00,0.11,0.11,0.1,TEN,25OCT26TENIND,-0.56,0.05
2025-10-26 00:00:00,0.11,0.11,0.1,TEN,25OCT26TENIND,-0.56,0.05
2025-10-26 01:00:00,0.11,0.11,0.1,TEN,25OCT26TENIND,-0.56,0.05
2025-10-26 02:00:00,0.1,0.11,0.1,TEN,25OCT26TENIND,-0.56,0.05
2025-10-26 03:00:00,0.1,0.11,0.09,TEN,25OCT26TENIND,0.21,0.81
2025-10-26 04:00:00,0.1,0.1,0.09,TEN,25OCT26TENIND,-0.01,0.93
2025-10-26 05:00:00,0.1,0.1,0.09,TEN,25OCT26TENIND,0.64,0.93
2025-10-26 06:00:00,0.1,0.1,0.1,TEN,25OCT26TENIND,0.56,0.04
2025-10-26 07:00:00,0.09,0.1,0.09,TEN,25OCT26TENIND,0.56,0.04
2025-10-26 08:00:00,0.1,0.1,0.1,TEN,25OCT26TENIND,0.56,0.04
2025-10-26 09:00:00,0.1,0.1,0.09,TEN,25OCT26TENIND,0.56,0.04
2025-10-26 10:00:00,0.1,0.1,0.1,TEN,25OCT26TENIND,0.56,0.04
2025-10-26 11:00:00,0.1,0.1,0.1,TEN,25OCT26TENIND,0.56,0.04
2025-10-26 12:00:00,0.1,0.1,0.1,TEN,25OCT26TENIND,0.5,0.04
2025-10-26 13:00:00,0.1,0.1,0.09,TEN,25OCT26TENIND,0.1,0.65
2025-10-26 14:00:00,0.1,0.1,0.09,TEN,25OCT26TENIND,0.1,0.65
2025-10-26 15:00:00,0.1,0.1,0.09,TEN,25OCT26TENIND,0.1,0.65
2025-10-26 16:00:00,0.1,0.1,0.09,TEN,25OCT26TENIND,0.1,0.65
2025-10-26 17:00:00,0.1,0.1,0.09,TEN,25OCT26TENIND,-0.57,0.06
2025-10-26 18:00:00,0.1,0.1,0.09,TEN,25OCT26TENIND,-0.53,0.06
2025-10-26 19:00:00,0.1,0.1,0.09,TEN,25OCT26TENIND,-0.54,0.06
2025-10-26 20:00:00,0.1,0.1,0.09,TEN,25OCT26TENIND,0.56,0.06
2025-10-26 21:00:00,0.06,0.13,0.04,TEN,25OCT26TENIND,-0.02,0.58
2025-10-26 22:00:00,0.07,0.1,0.04,TEN,25OCT26TENIND,-0.42,0.57
2025-10-26 23:00:00,0.01,0.09,0.01,TEN,25OCT26TENIND,-0.53,0.42
2025-10-20 04:00:00,0.43,0.43,0.41,PIT,25OCT26GBPIT,0.37,0.8
2025-10-20 05:00:00,0.42,0.43,0.42,PIT,25OCT26GBPIT,0.37,0.8
2025-10-20 06:00:00,0.43,0.43,0.42,PIT,25OCT26GBPIT,0.37,0.8
2025-10-20 07:00:00,0.43,0.43,0.43,PIT,25OCT26GBPIT,0.37,0.8
2025-10-20 08:00:00,0.43,0.43,0.43,PIT,25OCT26GBPIT,0.37,0.8
2025-10-20 09:00:00,0.43,0.43,0.43,PIT,25OCT26GBPIT,0.37,0.8
2025-10-20 10:00:00,0.43,0.43,0.43,PIT,25OCT26GBPIT,0.37,0.8
2025-10-20 11:00:00,0.43,0.43,0.43,PIT,25OCT26GBPIT,0.37,0.8
2025-10-20 12:00:00,0.43,0.43,0.43,PIT,25OCT26GBPIT,0.37,0.8
2025-10-20 13:00:00,0.43,0.43,0.42,PIT,25OCT26GBPIT,0.37,0.8
2025-10-20 14:00:00,0.43,0.43,0.43,PIT,25OCT26GBPIT,0.45,0.8
2025-10-20 15:00:00,0.43,0.43,0.43,PIT,25OCT26GBPIT,0.45,0.8
2025-10-20 16:00:00,0.4,0.4,0.4,PIT,25OCT26GBPIT,0.45,0.8
2025-10-20 17:00:00,0.4,0.4,0.4,PIT,25OCT26GBPIT,0.45,0.8
2025-10-20 18:00:00,0.4,0.4,0.4,PIT,25OCT26GBPIT,0.45,0.8
2025-10-20 19:00:00,0.4,0.4,0.4,PIT,25OCT26GBPIT,0.45,0.8
2025-10-20 20:00:00,0.4,0.4,0.4,PIT,25OCT26GBPIT,0.45,0.8
2025-10-20 21:00:00,0.4,0.4,0.39,PIT,25OCT26GBPIT,0.45,0.8
2025-10-20 22:00:00,0.4,0.4,0.4,PIT,25OCT26GBPIT,0.45,0.8
2025-10-20 23:00:00,0.4,0.4,0.4,PIT,25OCT26GBPIT,0.45,0.8
2025-10-21 00:00:00,0.39,0.4,0.39,PIT,25OCT26GBPIT,0.45,0.8
2025-10-21 01:00:00,0.39,0.39,0.39,PIT,25OCT26GBPIT,0.45,0.8
2025-10-21 02:00:00,0.39,0.39,0.39,PIT,25OCT26GBPIT,0.45,0.8
2025-10-21 03:00:00,0.39,0.39,0.39,PIT,25OCT26GBPIT,0.45,0.8
2025-10-21 04:00:00,0.39,0.39,0.39,PIT,25OCT26GBPIT,0.45,0.8
2025-10-21 05:00:00,0.39,0.39,0.39,PIT,25OCT26GBPIT,0.45,0.8
2025-10-21 06:00:00,0.39,0.39,0.39,PIT,25OCT26GBPIT,0.45,0.8
2025-10-21 07:00:00,0.39,0.39,0.39,PIT,25OCT26GBPIT,0.45,0.8
2025-10-21 08:00:00,0.39,0.39,0.39,PIT,25OCT26GBPIT,0.45,0.8
2025-10-21 09:00:00,0.39,0.39,0.39,PIT,25OCT26GBPIT,0.45,0.8
2025-10-21 10:00:00,0.39,0.39,0.39,PIT,25OCT26GBPIT,0.45,0.8
2025-10-21 11:00:00,0.39,0.39,0.39,PIT,25OCT26GBPIT,0.45,0.8
2025-10-21 12:00:00,0.39,0.39,0.39,PIT,25OCT26GBPIT,0.45,0.8
2025-10-21 13:00:00,0.39,0.39,0.39,PIT,25OCT26GBPIT,0.45,0.8
2025-10-21 14:00:00,0.39,0.39,0.39,PIT,25OCT26GBPIT,0.45,0.8
2025-10-21 15:00:00,0.4,0.4,0.38,PIT,25OCT26GBPIT,0.45,0.8
2025-10-21 16:00:00,0.4,0.4,0.39,PIT,25OCT26GBPIT,0.45,0.8
2025-10-21 17:00:00,0.4,0.4,0.4,PIT,25OCT26GBPIT,0.45,0.8
2025-10-21 18:00:00,0.4,0.4,0.39,PIT,25OCT26GBPIT,0.45,0.8
2025-10-21 19:00:00,0.4,0.4,0.39,PIT,25OCT26GBPIT,0.45,0.8
2025-10-21 20:00:00,0.4,0.4,0.39,PIT,25OCT26GBPIT,0.45,0.8
2025-10-21 21:00:00,0.4,0.4,0.4,PIT,25OCT26GBPIT,0.45,0.8
2025-10-21 22:00:00,0.4,0.4,0.39,PIT,25OCT26GBPIT,0.45,0.8
2025-10-21 23:00:00,0.4,0.4,0.4,PIT,25OCT26GBPIT,0.51,0.8
2025-10-22 00:00:00,0.4,0.4,0.4,PIT,25OCT26GBPIT,0.6,0.06
2025-10-22 01:00:00,0.4,0.4,0.4,PIT,25OCT26GBPIT,0.6,0.06
2025-10-22 02:00:00,0.4,0.4,0.4,PIT,25OCT26GBPIT,0.6,0.06
2025-10-22 03:00:00,0.4,0.4,0.4,PIT,25OCT26GBPIT,0.6,0.06
2025-10-22 04:00:00,0.4,0.4,0.4,PIT,25OCT26GBPIT,0.6,0.06
2025-10-22 05:00:00,0.4,0.4,0.4,PIT,25OCT26GBPIT,0.6,0.06
2025-10-22 06:00:00,0.4,0.4,0.4,PIT,25OCT26GBPIT,0.6,0.06
2025-10-22 07:00:00,0.4,0.4,0.4,PIT,25OCT26GBPIT,0.6,0.06
2025-10-22 08:00:00,0.39,0.4,0.39,PIT,25OCT26GBPIT,0.6,0.06
2025-10-22 09:00:00,0.39,0.4,0.39,PIT,25OCT26GBPIT,0.6,0.06
2025-10-22 10:00:00,0.39,0.4,0.39,PIT,25OCT26GBPIT,0.6,0.06
2025-10-22 11:00:00,0.4,0.4,0.4,PIT,25OCT26GBPIT,0.6,0.06
2025-10-22 12:00:00,0.4,0.4,0.4,PIT,25OCT26GBPIT,0.6,0.06
2025-10-22 13:00:00,0.39,0.39,0.39,PIT,25OCT26GBPIT,0.6,0.06
2025-10-22 14:00:00,0.39,0.39,0.39,PIT,25OCT26GBPIT,0.6,0.06
2025-10-22 15:00:00,0.4,0.4,0.39,PIT,25OCT26GBPIT,0.6,0.06
2025-10-22 16:00:00,0.4,0.4,0.4,PIT,25OCT26GBPIT,0.6,0.06
2025-10-22 17:00:00,0.39,0.4,0.39,PIT,25OCT26GBPIT,0.6,0.06
2025-10-22 18:00:00,0.4,0.4,0.4,PIT,25OCT26GBPIT,0.6,0.06
2025-10-22 19:00:00,0.4,0.4,0.4,PIT,25OCT26GBPIT,0.6,0.06
2025-10-22 20:00:00,0.4,0.4,0.39,PIT,25OCT26GBPIT,0.6,0.06
2025-10-22 21:00:00,0.4,0.4,0.39,PIT,25OCT26GBPIT,0.6,0.06
2025-10-22 22:00:00,0.4,0.4,0.39,PIT,25OCT26GBPIT,0.6,0.06
2025-10-22 23:00:00,0.4,0.4,0.39,PIT,25OCT26GBPIT,0.6,0.06
2025-10-23 00:00:00,0.4,0.4,0.39,PIT,25OCT26GBPIT,0.6,0.06
2025-10-23 01:00:00,0.4,0.4,0.4,PIT,25OCT26GBPIT,0.6,0.06
2025-10-23 02:00:00,0.4,0.4,0.4,PIT,25OCT26GBPIT,0.6,0.06
2025-10-23 03:00:00,0.4,0.4,0.39,PIT,25OCT26GBPIT,0.6,0.06
2025-10-23 04:00:00,0.4,0.4,0.4,PIT,25OCT26GBPIT,0.6,0.06
2025-10-23 05:00:00,0.4,0.4,0.4,PIT,25OCT26GBPIT,0.6,0.06
2025-10-23 06:00:00,0.4,0.4,0.4,PIT,25OCT26GBPIT,0.6,0.06
2025-10-23 07:00:00,0.4,0.4,0.4,PIT,25OCT26GBPIT,0.6,0.06
2025-10-23 08:00:00,0.4,0.4,0.4,PIT,25OCT26GBPIT,0.6,0.06
2025-10-23 09:00:00,0.4,0.4,0.4,PIT,25OCT26GBPIT,0.6,0.06
2025-10-23 10:00:00,0.4,0.4,0.4,PIT,25OCT26GBPIT,0.6,0.06
2025-10-23 11:00:00,0.4,0.4,0.4,PIT,25OCT26GBPIT,0.6,0.06
2025-10-23 12:00:00,0.4,0.4,0.4,PIT,25OCT26GBPIT,0.6,0.06
2025-10-23 13:00:00,0.4,0.4,0.4,PIT,25OCT26GBPIT,0.6,0.06
2025-10-23 14:00:00,0.4,0.4,0.4,PIT,25OCT26GBPIT,0.6,0.06
2025-10-23 15:00:00,0.4,0.4,0.39,PIT,25OCT26GBPIT,0.6,0.06
2025-10-23 16:00:00,0.4,0.4,0.4,PIT,25OCT26GBPIT,0.6,0.06
2025-10-23 17:00:00,0.4,0.4,0.39,PIT,25OCT26GBPIT,0.6,0.06
2025-10-23 18:00:00,0.4,0.4,0.4,PIT,25OCT26GBPIT,0.6,0.06
2025-10-23 19:00:00,0.4,0.4,0.39,PIT,25OCT26GBPIT,0.6,0.06
2025-10-23 20:00:00,0.4,0.4,0.4,PIT,25OCT26GBPIT,0.6,0.06
2025-10-23 21:00:00,0.4,0.4,0.4,PIT,25OCT26GBPIT,0.6,0.06
2025-10-23 22:00:00,0.41,0.41,0.4,PIT,25OCT26GBPIT,0.6,0.06
2025-10-23 23:00:00,0.41,0.41,0.41,PIT,25OCT26GBPIT,0.6,0.06
2025-10-24 00:00:00,0.41,0.41,0.41,PIT,25OCT26GBPIT,0.6,0.06
2025-10-24 01:00:00,0.41,0.41,0.4,PIT,25OCT26GBPIT,0.6,0.06
2025-10-24 02:00:00,0.41,0.41,0.41,PIT,25OCT26GBPIT,0.6,0.06
2025-10-24 03:00:00,0.41,0.41,0.4,PIT,25OCT26GBPIT,0.6,0.06
2025-10-24 04:00:00,0.41,0.41,0.41,PIT,25OCT26GBPIT,0.6,0.06
2025-10-24 05:00:00,0.41,0.41,0.41,PIT,25OCT26GBPIT,0.6,0.06
2025-10-24 06:00:00,0.41,0.41,0.4,PIT,25OCT26GBPIT,0.6,0.06
2025-10-24 07:00:00,0.41,0.41,0.41,PIT,25OCT26GBPIT,0.6,0.06
2025-10-24 08:00:00,0.41,0.41,0.39,PIT,25OCT26GBPIT,0.6,0.06
2025-10-24 09:00:00,0.41,0.41,0.41,PIT,25OCT26GBPIT,0.6,0.06
2025-10-24 10:00:00,0.41,0.41,0.41,PIT,25OCT26GBPIT,0.6,0.06
2025-10-24 11:00:00,0.41,0.41,0.41,PIT,25OCT26GBPIT,0.6,0.06
2025-10-24 12:00:00,0.41,0.41,0.41,PIT,25OCT26GBPIT,0.6,0.06
2025-10-24 13:00:00,0.41,0.41,0.41,PIT,25OCT26GBPIT,0.6,0.06
2025-10-24 14:00:00,0.41,0.41,0.41,PIT,25OCT26GBPIT,0.6,0.06
2025-10-24 15:00:00,0.41,0.41,0.41,PIT,25OCT26GBPIT,0.6,0.06
2025-10-24 16:00:00,0.39,0.41,0.39,PIT,25OCT26GBPIT,0.6,0.06
2025-10-24 17:00:00,0.41,0.41,0.41,PIT,25OCT26GBPIT,0.6,0.06
2025-10-24 18:00:00,0.41,0.41,0.39,PIT,25OCT26GBPIT,0.6,0.06
2025-10-24 19:00:00,0.41,0.41,0.39,PIT,25OCT26GBPIT,0.6,0.06
2025-10-24 20:00:00,0.41,0.41,0.41,PIT,25OCT26GBPIT,0.6,0.06
2025-10-24 21:00:00,0.41,0.41,0.41,PIT,25OCT26GBPIT,0.6,0.06
2025-10-24 22:00:00,0.41,0.41,0.41,PIT,25OCT26GBPIT,0.6,0.06
2025-10-24 23:00:00,0.41,0.41,0.4,PIT,25OCT26GBPIT,0.6,0.06
2025-10-25 00:00:00,0.41,0.41,0.41,PIT,25OCT26GBPIT,0.6,0.06
2025-10-25 01:00:00,0.41,0.41,0.4,PIT,25OCT26GBPIT,0.6,0.06
2025-10-25 02:00:00,0.41,0.41,0.4,PIT,25OCT26GBPIT,0.6,0.06
2025-10-25 03:00:00,0.41,0.41,0.4,PIT,25OCT26GBPIT,0.6,0.06
2025-10-25 04:00:00,0.41,0.41,0.4,PIT,25OCT26GBPIT,0.6,0.06
2025-10-25 05:00:00,0.41,0.41,0.4,PIT,25OCT26GBPIT,0.6,0.06
2025-10-25 06:00:00,0.41,0.41,0.41,PIT,25OCT26GBPIT,0.6,0.06
2025-10-25 07:00:00,0.41,0.41,0.41,PIT,25OCT26GBPIT,0.6,0.06
2025-10-25 08:00:00,0.41,0.41,0.41,PIT,25OCT26GBPIT,0.6,0.06
2025-10-25 09:00:00,0.41,0.41,0.41,PIT,25OCT26GBPIT,0.6,0.06
2025-10-25 10:00:00,0.41,0.41,0.41,PIT,25OCT26GBPIT,0.6,0.06
2025-10-25 11:00:00,0.41,0.41,0.41,PIT,25OCT26GBPIT,0.6,0.06
2025-10-25 12:00:00,0.41,0.41,0.41,PIT,25OCT26GBPIT,0.6,0.06
2025-10-25 13:00:00,0.41,0.41,0.4,PIT,25OCT26GBPIT,0.6,0.06
2025-10-25 14:00:00,0.41,0.41,0.41,PIT,25OCT26GBPIT,0.6,0.06
2025-10-25 15:00:00,0.41,0.41,0.41,PIT,25OCT26GBPIT,0.6,0.06
2025-10-25 16:00:00,0.41,0.41,0.41,PIT,25OCT26GBPIT,0.6,0.06
2025-10-25 17:00:00,0.41,0.41,0.4,PIT,25OCT26GBPIT,0.6,0.06
2025-10-25 18:00:00,0.41,0.41,0.4,PIT,25OCT26GBPIT,0.6,0.06
2025-10-25 19:00:00,0.41,0.41,0.4,PIT,25OCT26GBPIT,0.6,0.06
2025-10-25 20:00:00,0.41,0.41,0.41,PIT,25OCT26GBPIT,0.6,0.06
2025-10-25 21:00:00,0.41,0.41,0.4,PIT,25OCT26GBPIT,-0.52,0.06
2025-10-25 22:00:00,0.41,0.41,0.4,PIT,25OCT26GBPIT,-0.52,0.06
2025-10-25 23:00:00,0.41,0.41,0.4,PIT,25OCT26GBPIT,-0.52,0.06
2025-10-26 00:00:00,0.41,0.41,0.4,PIT,25OCT26GBPIT,-0.52,0.06
2025-10-26 01:00:00,0.41,0.41,0.4,PIT,25OCT26GBPIT,-0.52,0.06
2025-10-26 02:00:00,0.41,0.41,0.4,PIT,25OCT26GBPIT,-0.52,0.06
2025-10-26 03:00:00,0.41,0.41,0.4,PIT,25OCT26GBPIT,-0.52,0.06
2025-10-26 04:00:00,0.41,0.41,0.4,PIT,25OCT26GBPIT,-0.52,0.06
2025-10-26 05:00:00,0.41,0.42,0.4,PIT,25OCT26GBPIT,-0.52,0.06
2025-10-26 06:00:00,0.41,0.41,0.4,PIT,25OCT26GBPIT,-0.52,0.06
2025-10-26 07:00:00,0.41,0.42,0.41,PIT,25OCT26GBPIT,-0.52,0.06
2025-10-26 08:00:00,0.42,0.42,0.41,PIT,25OCT26GBPIT,-0.52,0.06
2025-10-26 09:00:00,0.42,0.42,0.41,PIT,25OCT26GBPIT,-0.52,0.06
2025-10-26 10:00:00,0.42,0.42,0.42,PIT,25OCT26GBPIT,-0.52,0.06
2025-10-26 11:00:00,0.42,0.42,0.41,PIT,25OCT26GBPIT,-0.52,0.06
2025-10-26 12:00:00,0.42,0.42,0.42,PIT,25OCT26GBPIT,-0.52,0.06
2025-10-26 13:00:00,0.42,0.42,0.41,PIT,25OCT26GBPIT,-0.52,0.06
2025-10-26 14:00:00,0.42,0.42,0.41,PIT,25OCT26GBPIT,-0.52,0.06
2025-10-26 15:00:00,0.42,0.42,0.41,PIT,25OCT26GBPIT,-0.52,0.06
2025-10-26 16:00:00,0.42,0.42,0.41,PIT,25OCT26GBPIT,-0.49,0.06
2025-10-26 17:00:00,0.42,0.42,0.41,PIT,25OCT26GBPIT,-0.49,0.06
2025-10-26 18:00:00,0.42,0.42,0.41,PIT,25OCT26GBPIT,-0.49,0.06
2025-10-26 19:00:00,0.42,0.42,0.41,PIT,25OCT26GBPIT,-0.49,0.06
2025-10-26 20:00:00,0.42,0.42,0.41,PIT,25OCT26GBPIT,0.51,0.06
2025-10-26 21:00:00,0.42,0.42,0.41,PIT,25OCT26GBPIT,0.51,0.06
2025-10-26 22:00:00,0.43,0.43,0.41,PIT,25OCT26GBPIT,0.51,0.06
2025-10-26 23:00:00,0.43,0.43,0.42,PIT,25OCT26GBPIT,-0.6,0.06
2025-10-27 00:00:00,0.44,0.44,0.42,PIT,25OCT26GBPIT,-0.6,0.06
2025-10-27 01:00:00,0.43,0.58,0.25,PIT,25OCT26GBPIT,0.51,0.06
2025-10-27 02:00:00,0.74,0.74,0.36,PIT,25OCT26GBPIT,0.48,0.06
2025-10-27 03:00:00,0.08,0.74,0.08,PIT,25OCT26GBPIT,-0.23,0.64
2025-10-23 22:00:00,0.61,0.61,0.6,GB,25OCT26GBPIT,0.53,0.0
2025-10-23 23:00:00,0.61,0.61,0.6,GB,25OCT26GBPIT,0.47,0.0
2025-10-24 00:00:00,0.59,0.61,0.59,GB,25OCT26GBPIT,0.47,0.0
2025-10-24 01:00:00,0.6,0.6,0.59,GB,25OCT26GBPIT,0.47,0.0
2025-10-24 02:00:00,0.6,0.6,0.6,GB,25OCT26GBPIT,0.47,0.0
2025-10-24 03:00:00,0.6,0.6,0.59,GB,25OCT26GBPIT,0.47,0.0
2025-10-24 04:00:00,0.6,0.6,0.59,GB,25OCT26GBPIT,0.47,0.0
2025-10-24 05:00:00,0.6,0.6,0.59,GB,25OCT26GBPIT,0.47,0.0
2025-10-24 06:00:00,0.61,0.61,0.6,GB,25OCT26GBPIT,0.47,0.0
2025-10-24 07:00:00,0.61,0.61,0.61,GB,25OCT26GBPIT,0.47,0.0
2025-10-24 08:00:00,0.61,0.61,0.61,GB,25OCT26GBPIT,0.47,0.0
2025-10-24 09:00:00,0.61,0.61,0.61,GB,25OCT26GBPIT,0.47,0.0
2025-10-24 10:00:00,0.61,0.61,0.6,GB,25OCT26GBPIT,0.47,0.0
2025-10-24 11:00:00,0.61,0.61,0.61,GB,25OCT26GBPIT,0.47,0.0
2025-10-24 12:00:00,0.61,0.61,0.61,GB,25OCT26GBPIT,0.47,0.0
2025-10-24 13:00:00,0.61,0.61,0.61,GB,25OCT26GBPIT,0.51,0.0
2025-10-24 14:00:00,0.61,0.61,0.61,GB,25OCT26GBPIT,0.51,0.0
2025-10-24 15:00:00,0.61,0.61,0.6,GB,25OCT26GBPIT,0.51,0.0
2025-10-24 16:00:00,0.61,0.61,0.6,GB,25OCT26GBPIT,0.44,0.0
2025-10-24 17:00:00,0.61,0.61,0.6,GB,25OCT26GBPIT,0.44,0.0
2025-10-24 18:00:00,0.61,0.61,0.6,GB,25OCT26GBPIT,0.44,0.0
2025-10-24 19:00:00,0.61,0.61,0.6,GB,25OCT26GBPIT,0.44,0.0
2025-10-24 20:00:00,0.61,0.61,0.6,GB,25OCT26GBPIT,0.63,0.02
2025-10-24 21:00:00,0.61,0.61,0.6,GB,25OCT26GBPIT,0.69,0.02
2025-10-24 22:00:00,0.61,0.61,0.6,GB,25OCT26GBPIT,0.64,0.08
2025-10-24 23:00:00,0.6,0.61,0.6,GB,25OCT26GBPIT,0.57,0.05
2025-10-25 00:00:00,0.61,0.61,0.6,GB,25OCT26GBPIT,0.51,0.08
2025-10-25 01:00:00,0.61,0.61,0.61,GB,25OCT26GBPIT,0.49,0.04
2025-10-25 02:00:00,0.6,0.61,0.6,GB,25OCT26GBPIT,0.51,0.03
2025-10-25 03:00:00,0.61,0.61,0.6,GB,25OCT26GBPIT,0.5,0.06
2025-10-25 04:00:00,0.61,0.61,0.6,GB,25OCT26GBPIT,0.52,0.07
2025-10-25 05:00:00,0.6,0.61,0.6,GB,25OCT26GBPIT,0.67,0.07
2025-10-25 06:00:00,0.61,0.61,0.6,GB,25OCT26GBPIT,0.67,0.07
2025-10-25 07:00:00,0.61,0.61,0.6,GB,25OCT26GBPIT,0.48,0.07
2025-10-25 08:00:00,0.61,0.61,0.6,GB,25OCT26GBPIT,0.48,0.07
2025-10-25 09:00:00,0.61,0.61,0.6,GB,25OCT26GBPIT,0.63,0.0
2025-10-25 10:00:00,0.61,0.61,0.61,GB,25OCT26GBPIT,0.63,0.0
2025-10-25 11:00:00,0.61,0.61,0.61,GB,25OCT26GBPIT,0.49,0.01
2025-10-25 12:00:00,0.61,0.61,0.61,GB,25OCT26GBPIT,0.49,0.01
2025-10-25 13:00:00,0.6,0.61,0.59,GB,25OCT26GBPIT,0.46,0.01
2025-10-25 14:00:00,0.6,0.6,0.59,GB,25OCT26GBPIT,0.58,0.08
2025-10-25 15:00:00,0.6,0.6,0.6,GB,25OCT26GBPIT,0.64,0.15
2025-10-25 16:00:00,0.6,0.6,0.59,GB,25OCT26GBPIT,0.66,0.14
2025-10-25 17:00:00,0.6,0.6,0.59,GB,25OCT26GBPIT,0.52,0.14
2025-10-25 18:00:00,0.59,0.6,0.59,GB,25OCT26GBPIT,0.55,0.06
2025-10-25 19:00:00,0.59,0.61,0.59,GB,25OCT26GBPIT,0.16,0.67
2025-10-25 20:00:00,0.6,0.6,0.6,GB,25OCT26GBPIT,0.17,0.64
2025-10-25 21:00:00,0.6,0.6,0.59,GB,25OCT26GBPIT,0.63,0.64
2025-10-25 22:00:00,0.6,0.6,0.59,GB,25OCT26GBPIT,0.28,0.5
2025-10-25 23:00:00,0.6,0.6,0.6,GB,25OCT26GBPIT,0.52,0.5
2025-10-26 00:00:00,0.6,0.6,0.59,GB,25OCT26GBPIT,-0.12,0.66
2025-10-26 01:00:00,0.6,0.6,0.59,GB,25OCT26GBPIT,0.06,0.65
2025-10-26 02:00:00,0.6,0.6,0.59,GB,25OCT26GBPIT,0.5,0.65
2025-10-26 03:00:00,0.6,0.6,0.59,GB,25OCT26GBPIT,-0.02,0.59
2025-10-26 04:00:00,0.6,0.6,0.59,GB,25OCT26GBPIT,-0.4,0.59
2025-10-26 05:00:00,0.6,0.6,0.59,GB,25OCT26GBPIT,-0.4,0.59
2025-10-26 06:00:00,0.6,0.6,0.59,GB,25OCT26GBPIT,-0.4,0.59
2025-10-26 07:00:00,0.6,0.6,0.58,GB,25OCT26GBPIT,-0.4,0.59
2025-10-26 08:00:00,0.6,0.6,0.59,GB,25OCT26GBPIT,-0.4,0.59
2025-10-26 09:00:00,0.6,0.6,0.58,GB,25OCT26GBPIT,0.46,0.09
2025-10-26 10:00:00,0.59,0.6,0.59,GB,25OCT26GBPIT,0.46,0.09
2025-10-26 11:00:00,0.59,0.59,0.59,GB,25OCT26GBPIT,0.46,0.09
2025-10-26 12:00:00,0.59,0.59,0.59,GB,25OCT26GBPIT,0.46,0.09
2025-10-26 13:00:00,0.59,0.6,0.58,GB,25OCT26GBPIT,-0.03,0.69
2025-10-26 14:00:00,0.58,0.6,0.58,GB,25OCT26GBPIT,-0.13,0.54
2025-10-26 15:00:00,0.58,0.59,0.58,GB,25OCT26GBPIT,0.47,0.07
2025-10-26 16:00:00,0.59,0.59,0.58,GB,25OCT26GBPIT,0.48,0.08
2025-10-26 17:00:00,0.59,0.59,0.58,GB,25OCT26GBPIT,0.27,0.47
2025-10-26 18:00:00,0.58,0.59,0.58,GB,25OCT26GBPIT,0.45,0.45
2025-10-26 19:00:00,0.59,0.59,0.58,GB,25OCT26GBPIT,0.61,0.11
2025-10-26 20:00:00,0.59,0.59,0.58,GB,25OCT26GBPIT,0.23,0.53
2025-10-26 21:00:00,0.59,0.59,0.58,GB,25OCT26GBPIT,-0.12,0.68
2025-10-26 22:00:00,0.59,0.6,0.58,GB,25OCT26GBPIT,0.36,0.56
2025-10-26 23:00:00,0.59,0.59,0.58,GB,25OCT26GBPIT,0.51,0.33
2025-10-27 00:00:00,0.58,0.59,0.57,GB,25OCT26GBPIT,0.39,0.73
2025-10-27 01:00:00,0.59,0.75,0.42,GB,25OCT26GBPIT,0.28,0.75
2025-10-27 02:00:00,0.27,0.67,0.26,GB,25OCT26GBPIT,0.45,0.75
2025-10-27 03:00:00,0.91,0.93,0.26,GB,25OCT26GBPIT,0.64,0.55
2025-10-22 22:00:00,0.62,0.62,0.6,DEN,25OCT26DALDEN,-0.47,0.0
2025-10-22 23:00:00,0.63,0.63,0.62,DEN,25OCT26DALDEN,0.39,0.0
2025-10-23 00:00:00,0.62,0.63,0.61,DEN,25OCT26DALDEN,0.44,0.0
2025-10-23 01:00:00,0.62,0.62,0.62,DEN,25OCT26DALDEN,0.39,0.0
2025-10-23 02:00:00,0.62,0.63,0.61,DEN,25OCT26DALDEN,0.39,0.0
2025-10-23 03:00:00,0.61,0.63,0.61,DEN,25OCT26DALDEN,0.39,0.0
2025-10-23 04:00:00,0.61,0.61,0.61,DEN,25OCT26DALDEN,0.39,0.0
2025-10-23 05:00:00,0.61,0.61,0.61,DEN,25OCT26DALDEN,0.39,0.0
2025-10-23 06:00:00,0.61,0.61,0.61,DEN,25OCT26DALDEN,0.39,0.0
2025-10-23 07:00:00,0.61,0.61,0.61,DEN,25OCT26DALDEN,0.39,0.0
2025-10-23 08:00:00,0.61,0.61,0.61,DEN,25OCT26DALDEN,0.39,0.0
2025-10-23 09:00:00,0.61,0.61,0.61,DEN,25OCT26DALDEN,0.39,0.0
2025-10-23 10:00:00,0.61,0.61,0.61,DEN,25OCT26DALDEN,0.39,0.0
2025-10-23 11:00:00,0.61,0.61,0.61,DEN,25OCT26DALDEN,0.39,0.0
2025-10-23 12:00:00,0.61,0.61,0.61,DEN,25OCT26DALDEN,0.39,0.0
2025-10-23 13:00:00,0.61,0.61,0.61,DEN,25OCT26DALDEN,0.39,0.0
2025-10-23 14:00:00,0.61,0.61,0.6,DEN,25OCT26DALDEN,0.39,0.0
2025-10-23 15:00:00,0.61,0.61,0.61,DEN,25OCT26DALDEN,0.39,0.0
2025-10-23 16:00:00,0.61,0.61,0.61,DEN,25OCT26DALDEN,0.39,0.0
2025-10-23 17:00:00,0.61,0.61,0.61,DEN,25OCT26DALDEN,0.39,0.0
2025-10-23 18:00:00,0.61,0.61,0.6,DEN,25OCT26DALDEN,0.39,0.0
2025-10-23 19:00:00,0.61,0.61,0.61,DEN,25OCT26DALDEN,0.7,0.05
2025-10-23 20:00:00,0.62,0.62,0.61,DEN,25OCT26DALDEN,0.59,0.37
2025-10-23 21:00:00,0.62,0.62,0.61,DEN,25OCT26DALDEN,-0.62,0.37
2025-10-23 22:00:00,0.61,0.62,0.6,DEN,25OCT26DALDEN,-0.62,0.37
2025-10-23 23:00:00,0.61,0.61,0.6,DEN,25OCT26DALDEN,-0.62,0.37
2025-10-24 00:00:00,0.6,0.61,0.6,DEN,25OCT26DALDEN,-0.62,0.37
2025-10-24 01:00:00,0.61,0.61,0.61,DEN,25OCT26DALDEN,0.22,0.37
2025-10-24 02:00:00,0.61,0.61,0.61,DEN,25OCT26DALDEN,0.52,0.37
2025-10-24 03:00:00,0.61,0.61,0.61,DEN,25OCT26DALDEN,0.52,0.37
2025-10-24 04:00:00,0.61,0.61,0.6,DEN,25OCT26DALDEN,0.52,0.37
2025-10-24 05:00:00,0.61,0.61,0.6,DEN,25OCT26DALDEN,0.36,0.37
2025-10-24 06:00:00,0.61,0.61,0.61,DEN,25OCT26DALDEN,0.36,0.37
2025-10-24 07:00:00,0.61,0.61,0.61,DEN,25OCT26DALDEN,0.36,0.37
2025-10-24 08:00:00,0.61,0.61,0.61,DEN,25OCT26DALDEN,0.36,0.37
2025-10-24 09:00:00,0.61,0.61,0.61,DEN,25OCT26DALDEN,0.36,0.37
2025-10-24 10:00:00,0.61,0.61,0.61,DEN,25OCT26DALDEN,0.36,0.37
2025-10-24 11:00:00,0.61,0.61,0.61,DEN,25OCT26DALDEN,0.36,0.37
2025-10-24 12:00:00,0.61,0.61,0.6,DEN,25OCT26DALDEN,0.36,0.37
2025-10-24 13:00:00,0.61,0.61,0.61,DEN,25OCT26DALDEN,0.36,0.37
2025-10-24 14:00:00,0.6,0.61,0.6,DEN,25OCT26DALDEN,0.36,0.37
2025-10-24 15:00:00,0.61,0.61,0.61,DEN,25OCT26DALDEN,0.47,0.37
2025-10-24 16:00:00,0.61,0.61,0.61,DEN,25OCT26DALDEN,0.47,0.37
2025-10-24 17:00:00,0.61,0.61,0.6,DEN,25OCT26DALDEN,0.47,0.37
2025-10-24 18:00:00,0.61,0.61,0.6,DEN,25OCT26DALDEN,0.35,0.37
2025-10-24 19:00:00,0.61,0.61,0.61,DEN,25OCT26DALDEN,0.35,0.37
2025-10-24 20:00:00,0.61,0.61,0.61,DEN,25OCT26DALDEN,0.35,0.37
2025-10-24 21:00:00,0.61,0.61,0.61,DEN,25OCT26DALDEN,0.35,0.37
2025-10-24 22:00:00,0.63,0.63,0.6,DEN,25OCT26DALDEN,0.35,0.37
2025-10-24 23:00:00,0.63,0.63,0.61,DEN,25OCT26DALDEN,0.42,0.37
2025-10-25 00:00:00,0.63,0.63,0.61,DEN,25OCT26DALDEN,0.42,0.37
2025-10-25 01:00:00,0.63,0.63,0.61,DEN,25OCT26DALDEN,0.42,0.37
2025-10-25 02:00:00,0.63,0.63,0.61,DEN,25OCT26DALDEN,0.42,0.37
2025-10-25 03:00:00,0.63,0.63,0.61,DEN,25OCT26DALDEN,0.42,0.37
2025-10-25 04:00:00,0.63,0.63,0.61,DEN,25OCT26DALDEN,0.42,0.37
2025-10-25 05:00:00,0.63,0.63,0.63,DEN,25OCT26DALDEN,0.42,0.37
2025-10-25 06:00:00,0.63,0.63,0.6,DEN,25OCT26DALDEN,0.42,0.37
2025-10-25 07:00:00,0.63,0.63,0.61,DEN,25OCT26DALDEN,0.42,0.37
2025-10-25 08:00:00,0.63,0.63,0.63,DEN,25OCT26DALDEN,0.42,0.37
2025-10-25 09:00:00,0.63,0.63,0.63,DEN,25OCT26DALDEN,0.42,0.37
2025-10-25 10:00:00,0.63,0.63,0.63,DEN,25OCT26DALDEN,0.42,0.37
2025-10-25 11:00:00,0.63,0.63,0.63,DEN,25OCT26DALDEN,0.42,0.37
2025-10-25 12:00:00,0.63,0.63,0.63,DEN,25OCT26DALDEN,0.42,0.37
2025-10-25 13:00:00,0.63,0.63,0.61,DEN,25OCT26DALDEN,0.42,0.37
2025-10-25 14:00:00,0.63,0.63,0.62,DEN,25OCT26DALDEN,0.42,0.37
2025-10-25 15:00:00,0.63,0.63,0.63,DEN,25OCT26DALDEN,0.42,0.37
2025-10-25 16:00:00,0.63,0.63,0.62,DEN,25OCT26DALDEN,0.42,0.37
2025-10-25 17:00:00,0.61,0.63,0.61,DEN,25OCT26DALDEN,0.4,0.37
2025-10-25 18:00:00,0.62,0.63,0.61,DEN,25OCT26DALDEN,0.4,0.37
2025-10-25 19:00:00,0.63,0.63,0.63,DEN,25OCT26DALDEN,0.4,0.37
2025-10-25 20:00:00,0.63,0.63,0.62,DEN,25OCT26DALDEN,0.4,0.37
2025-10-25 21:00:00,0.63,0.63,0.62,DEN,25OCT26DALDEN,0.4,0.37
2025-10-25 22:00:00,0.63,0.63,0.61,DEN,25OCT26DALDEN,0.4,0.37
2025-10-25 23:00:00,0.63,0.63,0.61,DEN,25OCT26DALDEN,0.46,0.37
2025-10-26 00:00:00,0.63,0.63,0.61,DEN,25OCT26DALDEN,0.46,0.37
2025-10-26 01:00:00,0.63,0.63,0.62,DEN,25OCT26DALDEN,0.46,0.37
2025-10-26 02:00:00,0.63,0.63,0.62,DEN,25OCT26DALDEN,0.46,0.37
2025-10-26 03:00:00,0.63,0.63,0.62,DEN,25OCT26DALDEN,0.46,0.37
2025-10-26 04:00:00,0.63,0.63,0.61,DEN,25OCT26DALDEN,0.46,0.37
2025-10-26 05:00:00,0.63,0.63,0.61,DEN,25OCT26DALDEN,0.46,0.37
2025-10-26 06:00:00,0.63,0.63,0.62,DEN,25OCT26DALDEN,0.46,0.37
2025-10-26 07:00:00,0.63,0.63,0.62,DEN,25OCT26DALDEN,0.46,0.37
2025-10-26 08:00:00,0.63,0.63,0.63,DEN,25OCT26DALDEN,0.46,0.37
2025-10-26 09:00:00,0.62,0.63,0.61,DEN,25OCT26DALDEN,0.46,0.37
2025-10-26 10:00:00,0.62,0.62,0.62,DEN,25OCT26DALDEN,0.46,0.37
2025-10-26 11:00:00,0.62,0.62,0.62,DEN,25OCT26DALDEN,0.46,0.37
2025-10-26 12:00:00,0.63,0.63,0.61,DEN,25OCT26DALDEN,0.46,0.37
2025-10-26 13:00:00,0.63,0.63,0.62,DEN,25OCT26DALDEN,0.46,0.37
2025-10-26 14:00:00,0.63,0.63,0.62,DEN,25OCT26DALDEN,0.46,0.37
2025-10-26 15:00:00,0.64,0.65,0.62,DEN,25OCT26DALDEN,0.46,0.37
2025-10-26 16:00:00,0.65,0.65,0.64,DEN,25OCT26DALDEN,0.37,0.37
2025-10-26 17:00:00,0.65,0.65,0.64,DEN,25OCT26DALDEN,0.37,0.37
2025-10-26 18:00:00,0.65,0.65,0.64,DEN,25OCT26DALDEN,0.37,0.37
2025-10-26 19:00:00,0.65,0.65,0.64,DEN,25OCT26DALDEN,0.54,0.37
2025-10-26 20:00:00,0.66,0.66,0.64,DEN,25OCT26DALDEN,0.61,0.25
2025-10-26 21:00:00,0.82,0.83,0.48,DEN,25OCT26DALDEN,0.45,0.2
2025-10-26 22:00:00,0.92,0.95,0.7,DEN,25OCT26DALDEN,0.32,0.78
2025-10-26 23:00:00,0.98,0.99,0.86,DEN,25OCT26DALDEN,0.6,0.44
2025-10-20 00:00:00,0.42,0.43,0.42,DAL,25OCT26DALDEN,0.61,0.03
2025-10-20 01:00:00,0.43,0.43,0.42,DAL,25OCT26DALDEN,0.61,0.03
2025-10-20 02:00:00,0.44,0.44,0.41,DAL,25OCT26DALDEN,0.61,0.03
2025-10-20 03:00:00,0.44,0.44,0.43,DAL,25OCT26DALDEN,0.61,0.03
2025-10-20 04:00:00,0.44,0.44,0.43,DAL,25OCT26DALDEN,0.61,0.03
2025-10-20 05:00:00,0.43,0.44,0.42,DAL,25OCT26DALDEN,0.44,0.03
2025-10-20 06:00:00,0.42,0.42,0.42,DAL,25OCT26DALDEN,0.44,0.03
2025-10-20 07:00:00,0.42,0.42,0.42,DAL,25OCT26DALDEN,0.44,0.03
2025-10-20 08:00:00,0.42,0.42,0.42,DAL,25OCT26DALDEN,0.44,0.03
2025-10-20 09:00:00,0.42,0.42,0.42,DAL,25OCT26DALDEN,0.44,0.03
2025-10-20 10:00:00,0.42,0.42,0.42,DAL,25OCT26DALDEN,0.44,0.03
2025-10-20 11:00:00,0.42,0.42,0.42,DAL,25OCT26DALDEN,0.44,0.03
2025-10-20 12:00:00,0.42,0.42,0.42,DAL,25OCT26DALDEN,0.44,0.03
2025-10-20 13:00:00,0.42,0.42,0.42,DAL,25OCT26DALDEN,0.44,0.03
2025-10-20 14:00:00,0.42,0.42,0.4,DAL,25OCT26DALDEN,0.44,0.03
2025-10-20 15:00:00,0.42,0.42,0.42,DAL,25OCT26DALDEN,0.44,0.03
2025-10-20 16:00:00,0.42,0.42,0.42,DAL,25OCT26DALDEN,0.44,0.03
2025-10-20 17:00:00,0.4,0.42,0.39,DAL,25OCT26DALDEN,0.44,0.03
2025-10-20 18:00:00,0.4,0.4,0.4,DAL,25OCT26DALDEN,0.44,0.03
2025-10-20 19:00:00,0.4,0.4,0.4,DAL,25OCT26DALDEN,0.53,0.03
2025-10-20 20:00:00,0.4,0.4,0.4,DAL,25OCT26DALDEN,0.53,0.03
2025-10-20 21:00:00,0.4,0.4,0.4,DAL,25OCT26DALDEN,0.48,0.03
2025-10-20 22:00:00,0.4,0.4,0.4,DAL,25OCT26DALDEN,0.48,0.03
2025-10-20 23:00:00,0.4,0.4,0.39,DAL,25OCT26DALDEN,0.48,0.03
2025-10-21 00:00:00,0.39,0.4,0.39,DAL,25OCT26DALDEN,0.48,0.03
2025-10-21 01:00:00,0.39,0.39,0.39,DAL,25OCT26DALDEN,-0.48,0.03
2025-10-21 02:00:00,0.39,0.39,0.39,DAL,25OCT26DALDEN,-0.48,0.03
2025-10-21 03:00:00,0.39,0.39,0.39,DAL,25OCT26DALDEN,-0.48,0.03
2025-10-21 04:00:00,0.39,0.39,0.38,DAL,25OCT26DALDEN,-0.48,0.03
2025-10-21 05:00:00,0.39,0.4,0.38,DAL,25OCT26DALDEN,-0.5,0.03
2025-10-21 06:00:00,0.4,0.4,0.38,DAL,25OCT26DALDEN,-0.5,0.03
2025-10-21 07:00:00,0.4,0.4,0.39,DAL,25OCT26DALDEN,-0.5,0.03
2025-10-21 08:00:00,0.39,0.39,0.39,DAL,25OCT26DALDEN,-0.5,0.03
2025-10-21 09:00:00,0.39,0.39,0.38,DAL,25OCT26DALDEN,-0.5,0.03
2025-10-21 10:00:00,0.39,0.39,0.39,DAL,25OCT26DALDEN,-0.5,0.03
2025-10-21 11:00:00,0.39,0.39,0.39,DAL,25OCT26DALDEN,-0.5,0.03
2025-10-21 12:00:00,0.4,0.4,0.39,DAL,25OCT26DALDEN,-0.5,0.03
2025-10-21 13:00:00,0.4,0.4,0.4,DAL,25OCT26DALDEN,-0.5,0.03
2025-10-21 14:00:00,0.4,0.4,0.39,DAL,25OCT26DALDEN,-0.5,0.03
2025-10-21 15:00:00,0.4,0.4,0.39,DAL,25OCT26DALDEN,0.51,0.03
2025-10-21 16:00:00,0.4,0.4,0.4,DAL,25OCT26DALDEN,0.51,0.03
2025-10-21 17:00:00,0.4,0.4,0.39,DAL,25OCT26DALDEN,0.51,0.03
2025-10-21 18:00:00,0.4,0.4,0.4,DAL,25OCT26DALDEN,0.51,0.03
2025-10-21 19:00:00,0.4,0.4,0.4,DAL,25OCT26DALDEN,0.5,0.05
2025-10-21 20:00:00,0.4,0.4,0.4,DAL,25OCT26DALDEN,0.5,0.05
2025-10-21 21:00:00,0.4,0.4,0.4,DAL,25OCT26DALDEN,0.5,0.05
2025-10-21 22:00:00,0.4,0.4,0.39,DAL,25OCT26DALDEN,0.5,0.05
2025-10-21 23:00:00,0.4,0.4,0.4,DAL,25OCT26DALDEN,0.5,0.05
2025-10-22 00:00:00,0.4,0.4,0.39,DAL,25OCT26DALDEN,0.48,0.05
2025-10-22 01:00:00,0.4,0.4,0.4,DAL,25OCT26DALDEN,0.48,0.05
2025-10-22 02:00:00,0.4,0.4,0.4,DAL,25OCT26DALDEN,0.48,0.05
2025-10-22 03:00:00,0.4,0.4,0.4,DAL,25OCT26DALDEN,0.48,0.05
2025-10-22 04:00:00,0.4,0.4,0.4,DAL,25OCT26DALDEN,0.48,0.05
2025-10-22 05:00:00,0.4,0.4,0.4,DAL,25OCT26DALDEN,0.48,0.05
2025-10-22 06:00:00,0.4,0.4,0.39,DAL,25OCT26DALDEN,0.48,0.05
2025-10-22 07:00:00,0.4,0.4,0.4,DAL,25OCT26DALDEN,0.48,0.05
2025-10-22 08:00:00,0.4,0.4,0.4,DAL,25OCT26DALDEN,0.48,0.05
2025-10-22 09:00:00,0.4,0.4,0.4,DAL,25OCT26DALDEN,0.48,0.05
2025-10-22 10:00:00,0.4,0.4,0.4,DAL,25OCT26DALDEN,0.48,0.05
2025-10-22 11:00:00,0.4,0.4,0.4,DAL,25OCT26DALDEN,0.48,0.05
2025-10-22 12:00:00,0.4,0.4,0.4,DAL,25OCT26DALDEN,0.48,0.05
2025-10-22 13:00:00,0.4,0.4,0.4,DAL,25OCT26DALDEN,0.48,0.05
2025-10-22 14:00:00,0.4,0.4,0.39,DAL,25OCT26DALDEN,0.49,0.05
2025-10-22 15:00:00,0.4,0.4,0.4,DAL,25OCT26DALDEN,0.54,0.05
2025-10-22 16:00:00,0.4,0.4,0.39,DAL,25OCT26DALDEN,0.54,0.05
2025-10-22 17:00:00,0.4,0.4,0.39,DAL,25OCT26DALDEN,-0.53,0.05
2025-10-22 18:00:00,0.4,0.4,0.4,DAL,25OCT26DALDEN,-0.53,0.05
2025-10-22 19:00:00,0.4,0.4,0.39,DAL,25OCT26DALDEN,-0.53,0.05
2025-10-22 20:00:00,0.4,0.4,0.39,DAL,25OCT26DALDEN,0.56,0.05
2025-10-22 21:00:00,0.4,0.4,0.39,DAL,25OCT26DALDEN,0.56,0.05
2025-10-22 22:00:00,0.4,0.4,0.39,DAL,25OCT26DALDEN,0.56,0.05
2025-10-22 23:00:00,0.39,0.4,0.39,DAL,25OCT26DALDEN,0.56,0.05
2025-10-23 00:00:00,0.39,0.39,0.38,DAL,25OCT26DALDEN,0.56,0.05
2025-10-23 01:00:00,0.39,0.39,0.38,DAL,25OCT26DALDEN,0.56,0.05
2025-10-23 02:00:00,0.39,0.39,0.39,DAL,25OCT26DALDEN,0.56,0.05
2025-10-23 03:00:00,0.39,0.39,0.38,DAL,25OCT26DALDEN,0.56,0.05
2025-10-23 04:00:00,0.38,0.39,0.38,DAL,25OCT26DALDEN,0.56,0.05
2025-10-23 05:00:00,0.39,0.39,0.38,DAL,25OCT26DALDEN,0.56,0.05
2025-10-23 06:00:00,0.39,0.39,0.39,DAL,25OCT26DALDEN,0.56,0.05
2025-10-23 07:00:00,0.4,0.4,0.38,DAL,25OCT26DALDEN,0.56,0.05
2025-10-23 08:00:00,0.4,0.4,0.38,DAL,25OCT26DALDEN,0.56,0.05
2025-10-23 09:00:00,0.4,0.4,0.38,DAL,25OCT26DALDEN,0.56,0.05
2025-10-23 10:00:00,0.4,0.4,0.4,DAL,25OCT26DALDEN,0.56,0.05
2025-10-23 11:00:00,0.4,0.4,0.4,DAL,25OCT26DALDEN,0.56,0.05
2025-10-23 12:00:00,0.39,0.4,0.39,DAL,25OCT26DALDEN,0.56,0.05
2025-10-23 13:00:00,0.4,0.4,0.4,DAL,25OCT26DALDEN,0.56,0.05
2025-10-23 14:00:00,0.39,0.4,0.39,DAL,25OCT26DALDEN,0.56,0.05
2025-10-23 15:00:00,0.4,0.4,0.39,DAL,25OCT26DALDEN,0.56,0.05
2025-10-23 16:00:00,0.4,0.4,0.39,DAL,25OCT26DALDEN,0.51,0.05
2025-10-23 17:00:00,0.4,0.4,0.39,DAL,25OCT26DALDEN,0.51,0.05
2025-10-23 18:00:00,0.4,0.4,0.39,DAL,25OCT26DALDEN,0.51,0.05
2025-10-23 19:00:00,0.4,0.4,0.4,DAL,25OCT26DALDEN,0.51,0.05
2025-10-23 20:00:00,0.4,0.4,0.39,DAL,25OCT26DALDEN,0.51,0.05
2025-10-23 21:00:00,0.4,0.4,0.4,DAL,25OCT26DALDEN,-0.54,0.05
2025-10-23 22:00:00,0.4,0.4,0.39,DAL,25OCT26DALDEN,-0.54,0.05
2025-10-23 23:00:00,0.4,0.4,0.4,DAL,25OCT26DALDEN,-0.54,0.05
2025-10-24 00:00:00,0.4,0.4,0.39,DAL,25OCT26DALDEN,-0.54,0.05
2025-10-24 01:00:00,0.4,0.4,0.39,DAL,25OCT26DALDEN,-0.54,0.05
2025-10-24 02:00:00,0.4,0.4,0.39,DAL,25OCT26DALDEN,-0.54,0.05
2025-10-24 03:00:00,0.4,0.4,0.39,DAL,25OCT26DALDEN,-0.54,0.05
2025-10-24 04:00:00,0.4,0.4,0.39,DAL,25OCT26DALDEN,-0.54,0.05
2025-10-24 05:00:00,0.4,0.4,0.4,DAL,25OCT26DALDEN,-0.54,0.05
2025-10-24 06:00:00,0.4,0.4,0.39,DAL,25OCT26DALDEN,-0.54,0.05
2025-10-24 07:00:00,0.4,0.4,0.4,DAL,25OCT26DALDEN,-0.54,0.05
2025-10-24 08:00:00,0.4,0.4,0.4,DAL,25OCT26DALDEN,-0.54,0.05
2025-10-24 09:00:00,0.4,0.4,0.4,DAL,25OCT26DALDEN,-0.54,0.05
2025-10-24 10:00:00,0.4,0.4,0.4,DAL,25OCT26DALDEN,-0.54,0.05
2025-10-24 11:00:00,0.4,0.4,0.4,DAL,25OCT26DALDEN,-0.54,0.05
2025-10-24 12:00:00,0.4,0.4,0.4,DAL,25OCT26DALDEN,-0.54,0.05
2025-10-24 13:00:00,0.4,0.4,0.4,DAL,25OCT26DALDEN,-0.54,0.05
2025-10-24 14:00:00,0.4,0.4,0.4,DAL,25OCT26DALDEN,-0.54,0.05
2025-10-24 15:00:00,0.4,0.4,0.39,DAL,25OCT26DALDEN,-0.54,0.05
2025-10-24 16:00:00,0.4,0.4,0.39,DAL,25OCT26DALDEN,-0.54,0.05
2025-10-24 17:00:00,0.4,0.4,0.4,DAL,25OCT26DALDEN,-0.54,0.05
2025-10-24 18:00:00,0.4,0.4,0.39,DAL,25OCT26DALDEN,-0.54,0.05
2025-10-24 19:00:00,0.4,0.4,0.4,DAL,25OCT26DALDEN,-0.54,0.05
2025-10-24 20:00:00,0.4,0.4,0.39,DAL,25OCT26DALDEN,-0.54,0.05
2025-10-24 21:00:00,0.4,0.4,0.4,DAL,25OCT26DALDEN,-0.54,0.05
2025-10-24 22:00:00,0.39,0.4,0.39,DAL,25OCT26DALDEN,-0.54,0.05
2025-10-24 23:00:00,0.38,0.39,0.38,DAL,25OCT26DALDEN,-0.54,0.05
2025-10-25 00:00:00,0.38,0.38,0.37,DAL,25OCT26DALDEN,-0.54,0.05
2025-10-25 01:00:00,0.38,0.38,0.38,DAL,25OCT26DALDEN,-0.54,0.05
2025-10-25 02:00:00,0.38,0.38,0.37,DAL,25OCT26DALDEN,-0.54,0.05
2025-10-25 03:00:00,0.38,0.38,0.38,DAL,25OCT26DALDEN,-0.54,0.05
2025-10-25 04:00:00,0.38,0.38,0.37,DAL,25OCT26DALDEN,-0.54,0.05
2025-10-25 05:00:00,0.38,0.38,0.37,DAL,25OCT26DALDEN,-0.54,0.05
2025-10-25 06:00:00,0.38,0.4,0.38,DAL,25OCT26DALDEN,-0.54,0.05
2025-10-25 07:00:00,0.38,0.38,0.38,DAL,25OCT26DALDEN,-0.54,0.05
2025-10-25 08:00:00,0.38,0.38,0.38,DAL,25OCT26DALDEN,-0.54,0.05
2025-10-25 09:00:00,0.38,0.38,0.38,DAL,25OCT26DALDEN,-0.54,0.05
2025-10-25 10:00:00,0.38,0.38,0.38,DAL,25OCT26DALDEN,-0.54,0.05
2025-10-25 11:00:00,0.38,0.38,0.38,DAL,25OCT26DALDEN,-0.54,0.05
2025-10-25 12:00:00,0.38,0.38,0.38,DAL,25OCT26DALDEN,-0.54,0.05
2025-10-25 13:00:00,0.38,0.39,0.38,DAL,25OCT26DALDEN,-0.54,0.05
2025-10-25 14:00:00,0.38,0.38,0.37,DAL,25OCT26DALDEN,0.38,0.05
2025-10-25 15:00:00,0.38,0.38,0.38,DAL,25OCT26DALDEN,0.38,0.05
2025-10-25 16:00:00,0.38,0.38,0.37,DAL,25OCT26DALDEN,0.38,0.05
2025-10-25 17:00:00,0.38,0.38,0.37,DAL,25OCT26DALDEN,0.38,0.05
2025-10-25 18:00:00,0.38,0.38,0.37,DAL,25OCT26DALDEN,0.38,0.05
2025-10-25 19:00:00,0.38,0.38,0.37,DAL,25OCT26DALDEN,0.38,0.05
2025-10-25 20:00:00,0.38,0.39,0.38,DAL,25OCT26DALDEN,-0.51,0.05
2025-10-25 21:00:00,0.38,0.39,0.37,DAL,25OCT26DALDEN,-0.51,0.05
2025-10-25 22:00:00,0.38,0.39,0.37,DAL,25OCT26DALDEN,-0.51,0.05
2025-10-25 23:00:00,0.39,0.39,0.37,DAL,25OCT26DALDEN,-0.51,0.05
2025-10-26 00:00:00,0.39,0.39,0.37,DAL,25OCT26DALDEN,-0.51,0.05
2025-10-26 01:00:00,0.38,0.39,0.37,DAL,25OCT26DALDEN,-0.51,0.05
2025-10-26 02:00:00,0.39,0.39,0.37,DAL,25OCT26DALDEN,-0.51,0.05
2025-10-26 03:00:00,0.39,0.39,0.37,DAL,25OCT26DALDEN,-0.51,0.05
2025-10-26 04:00:00,0.39,0.39,0.37,DAL,25OCT26DALDEN,-0.51,0.05
2025-10-26 05:00:00,0.39,0.39,0.37,DAL,25OCT26DALDEN,-0.51,0.05
2025-10-26 06:00:00,0.38,0.39,0.37,DAL,25OCT26DALDEN,-0.51,0.05
2025-10-26 07:00:00,0.39,0.39,0.38,DAL,25OCT26DALDEN,-0.51,0.05
2025-10-26 08:00:00,0.39,0.39,0.38,DAL,25OCT26DALDEN,-0.51,0.05
2025-10-26 09:00:00,0.39,0.39,0.38,DAL,25OCT26DALDEN,-0.51,0.05
2025-10-26 10:00:00,0.39,0.39,0.39,DAL,25OCT26DALDEN,-0.51,0.05
2025-10-26 11:00:00,0.39,0.39,0.39,DAL,25OCT26DALDEN,-0.51,0.05
2025-10-26 12:00:00,0.39,0.39,0.39,DAL,25OCT26DALDEN,-0.51,0.05
2025-10-26 13:00:00,0.39,0.39,0.38,DAL,25OCT26DALDEN,-0.51,0.05
2025-10-26 14:00:00,0.39,0.39,0.38,DAL,25OCT26DALDEN,-0.51,0.05
2025-10-26 15:00:00,0.35,0.39,0.35,DAL,25OCT26DALDEN,-0.51,0.05
2025-10-26 16:00:00,0.36,0.36,0.35,DAL,25OCT26DALDEN,-0.51,0.05
2025-10-26 17:00:00,0.36,0.36,0.35,DAL,25OCT26DALDEN,-0.51,0.05
2025-10-26 18:00:00,0.36,0.36,0.35,DAL,25OCT26DALDEN,-0.51,0.05
2025-10-26 19:00:00,0.36,0.36,0.35,DAL,25OCT26DALDEN,-0.51,0.05
2025-10-26 20:00:00,0.36,0.36,0.35,DAL,25OCT26DALDEN,-0.51,0.05
2025-10-26 21:00:00,0.19,0.53,0.17,DAL,25OCT26DALDEN,-0.51,0.05
2025-10-26 22:00:00,0.08,0.3,0.06,DAL,25OCT26DALDEN,-0.51,0.05
2025-10-26 23:00:00,0.03,0.14,0.01,DAL,25OCT26DALDEN,-0.68,0.05
2025-10-20 00:00:00,0.73,0.73,0.71,TB,25OCT26TBNO,0.54,0.0
2025-10-20 01:00:00,0.73,0.73,0.73,TB,25OCT26TBNO,-0.12,0.96
2025-10-20 02:00:00,0.73,0.73,0.73,TB,25OCT26TBNO,-0.11,0.73
2025-10-20 03:00:00,0.73,0.73,0.73,TB,25OCT26TBNO,0.44,0.73
2025-10-20 04:00:00,0.73,0.73,0.73,TB,25OCT26TBNO,0.44,0.73
2025-10-20 05:00:00,0.73,0.73,0.73,TB,25OCT26TBNO,0.53,0.73
2025-10-20 06:00:00,0.73,0.73,0.73,TB,25OCT26TBNO,-0.54,0.73
2025-10-20 07:00:00,0.73,0.73,0.73,TB,25OCT26TBNO,-0.54,0.73
2025-10-20 08:00:00,0.73,0.73,0.73,TB,25OCT26TBNO,-0.54,0.73
2025-10-20 09:00:00,0.73,0.73,0.73,TB,25OCT26TBNO,-0.67,0.73
2025-10-20 10:00:00,0.73,0.73,0.73,TB,25OCT26TBNO,0.48,0.73
2025-10-20 11:00:00,0.73,0.73,0.73,TB,25OCT26TBNO,-0.08,0.69
2025-10-20 12:00:00,0.73,0.73,0.73,TB,25OCT26TBNO,0.01,0.67
2025-10-20 13:00:00,0.74,0.74,0.73,TB,25OCT26TBNO,-0.65,0.05
2025-10-20 14:00:00,0.74,0.74,0.72,TB,25OCT26TBNO,-0.03,0.81
2025-10-20 15:00:00,0.74,0.74,0.74,TB,25OCT26TBNO,-0.03,0.81
2025-10-20 16:00:00,0.74,0.74,0.74,TB,25OCT26TBNO,-0.03,0.81
2025-10-20 17:00:00,0.74,0.74,0.74,TB,25OCT26TBNO,0.42,0.81
2025-10-20 18:00:00,0.74,0.74,0.74,TB,25OCT26TBNO,0.01,0.78
2025-10-20 19:00:00,0.74,0.74,0.72,TB,25OCT26TBNO,-0.55,0.78
2025-10-20 20:00:00,0.74,0.74,0.74,TB,25OCT26TBNO,-0.52,0.78
2025-10-20 21:00:00,0.71,0.72,0.71,TB,25OCT26TBNO,-0.25,0.48
2025-10-20 22:00:00,0.71,0.71,0.71,TB,25OCT26TBNO,-0.51,0.48
2025-10-20 23:00:00,0.71,0.71,0.71,TB,25OCT26TBNO,0.2,0.81
2025-10-21 00:00:00,0.72,0.72,0.7,TB,25OCT26TBNO,0.54,0.67
2025-10-21 01:00:00,0.7,0.72,0.7,TB,25OCT26TBNO,0.89,0.0
2025-10-21 02:00:00,0.7,0.7,0.7,TB,25OCT26TBNO,-0.07,0.81
2025-10-21 03:00:00,0.69,0.7,0.69,TB,25OCT26TBNO,-0.68,0.08
2025-10-21 04:00:00,0.69,0.69,0.68,TB,25OCT26TBNO,-0.61,0.1
2025-10-21 05:00:00,0.69,0.7,0.69,TB,25OCT26TBNO,-0.61,0.1
2025-10-21 06:00:00,0.7,0.7,0.68,TB,25OCT26TBNO,-0.61,0.1
2025-10-21 07:00:00,0.7,0.7,0.7,TB,25OCT26TBNO,-0.61,0.1
2025-10-21 08:00:00,0.7,0.7,0.7,TB,25OCT26TBNO,-0.66,0.01
2025-10-21 09:00:00,0.7,0.7,0.7,TB,25OCT26TBNO,-0.66,0.01
2025-10-21 10:00:00,0.7,0.7,0.7,TB,25OCT26TBNO,-0.66,0.01
2025-10-21 11:00:00,0.7,0.7,0.7,TB,25OCT26TBNO,-0.56,0.46
2025-10-21 12:00:00,0.7,0.7,0.7,TB,25OCT26TBNO,-0.65,0.07
2025-10-21 13:00:00,0.7,0.7,0.7,TB,25OCT26TBNO,-0.33,0.56
2025-10-21 14:00:00,0.69,0.7,0.68,TB,25OCT26TBNO,-0.6,0.38
2025-10-21 15:00:00,0.68,0.69,0.68,TB,25OCT26TBNO,-0.13,0.62
2025-10-21 16:00:00,0.68,0.69,0.67,TB,25OCT26TBNO,-0.2,0.54
2025-10-21 17:00:00,0.68,0.68,0.67,TB,25OCT26TBNO,-0.58,0.07
2025-10-21 18:00:00,0.68,0.68,0.68,TB,25OCT26TBNO,-0.28,0.55
2025-10-21 19:00:00,0.68,0.68,0.68,TB,25OCT26TBNO,0.25,0.5
2025-10-21 20:00:00,0.68,0.68,0.68,TB,25OCT26TBNO,0.51,0.0
2025-10-21 21:00:00,0.68,0.68,0.67,TB,25OCT26TBNO,-0.57,0.07
2025-10-21 22:00:00,0.68,0.68,0.67,TB,25OCT26TBNO,-0.57,0.07
2025-10-21 23:00:00,0.68,0.68,0.68,TB,25OCT26TBNO,-0.53,0.02
2025-10-22 00:00:00,0.68,0.68,0.68,TB,25OCT26TBNO,-0.51,0.07
2025-10-22 01:00:00,0.67,0.68,0.67,TB,25OCT26TBNO,-0.51,0.07
2025-10-22 02:00:00,0.67,0.67,0.67,TB,25OCT26TBNO,-0.51,0.07
2025-10-22 03:00:00,0.67,0.67,0.66,TB,25OCT26TBNO,-0.59,0.07
2025-10-22 04:00:00,0.67,0.67,0.67,TB,25OCT26TBNO,-0.59,0.07
2025-10-22 05:00:00,0.67,0.67,0.67,TB,25OCT26TBNO,-0.59,0.07
2025-10-22 06:00:00,0.67,0.67,0.67,TB,25OCT26TBNO,-0.59,0.07
2025-10-22 07:00:00,0.67,0.67,0.67,TB,25OCT26TBNO,-0.59,0.07
2025-10-22 08:00:00,0.67,0.67,0.67,TB,25OCT26TBNO,-0.59,0.07
2025-10-22 09:00:00,0.67,0.67,0.67,TB,25OCT26TBNO,-0.59,0.07
2025-10-22 10:00:00,0.67,0.67,0.67,TB,25OCT26TBNO,-0.59,0.07
2025-10-22 11:00:00,0.67,0.67,0.67,TB,25OCT26TBNO,-0.59,0.07
2025-10-22 12:00:00,0.67,0.67,0.67,TB,25OCT26TBNO,-0.51,0.07
2025-10-22 13:00:00,0.67,0.67,0.67,TB,25OCT26TBNO,-0.48,0.06
2025-10-22 14:00:00,0.67,0.67,0.66,TB,25OCT26TBNO,-0.03,0.68
2025-10-22 15:00:00,0.67,0.67,0.66,TB,25OCT26TBNO,-0.03,0.68
2025-10-22 16:00:00,0.67,0.67,0.67,TB,25OCT26TBNO,-0.03,0.68
2025-10-22 17:00:00,0.67,0.67,0.67,TB,25OCT26TBNO,-0.03,0.68
2025-10-22 18:00:00,0.67,0.67,0.66,TB,25OCT26TBNO,-0.7,0.08
2025-10-22 19:00:00,0.67,0.67,0.66,TB,25OCT26TBNO,-0.69,0.08
2025-10-22 20:00:00,0.67,0.67,0.66,TB,25OCT26TBNO,-0.62,0.04
2025-10-22 21:00:00,0.67,0.67,0.67,TB,25OCT26TBNO,-0.04,0.91
2025-10-22 22:00:00,0.67,0.67,0.67,TB,25OCT26TBNO,-0.04,0.91
2025-10-22 23:00:00,0.67,0.67,0.66,TB,25OCT26TBNO,-0.04,0.91
2025-10-23 00:00:00,0.67,0.67,0.67,TB,25OCT26TBNO,-0.04,0.91
2025-10-23 01:00:00,0.67,0.67,0.67,TB,25OCT26TBNO,0.38,0.45
2025-10-23 02:00:00,0.66,0.67,0.66,TB,25OCT26TBNO,-0.5,0.04
2025-10-23 03:00:00,0.66,0.66,0.66,TB,25OCT26TBNO,-0.25,0.54
2025-10-23 04:00:00,0.66,0.66,0.65,TB,25OCT26TBNO,-0.25,0.54
2025-10-23 05:00:00,0.66,0.67,0.66,TB,25OCT26TBNO,0.03,0.76
2025-10-23 06:00:00,0.66,0.66,0.66,TB,25OCT26TBNO,0.03,0.76
2025-10-23 07:00:00,0.66,0.66,0.66,TB,25OCT26TBNO,0.03,0.76
2025-10-23 08:00:00,0.66,0.66,0.66,TB,25OCT26TBNO,0.03,0.76
2025-10-23 09:00:00,0.66,0.66,0.66,TB,25OCT26TBNO,0.03,0.76
2025-10-23 10:00:00,0.66,0.66,0.66,TB,25OCT26TBNO,-0.47,0.0
2025-10-23 11:00:00,0.66,0.66,0.66,TB,25OCT26TBNO,-0.47,0.0
2025-10-23 12:00:00,0.66,0.66,0.66,TB,25OCT26TBNO,-0.47,0.0
2025-10-23 13:00:00,0.66,0.66,0.66,TB,25OCT26TBNO,-0.47,0.0
2025-10-23 14:00:00,0.66,0.66,0.65,TB,25OCT26TBNO,0.69,0.05
2025-10-23 15:00:00,0.66,0.66,0.65,TB,25OCT26TBNO,0.18,0.72
2025-10-23 16:00:00,0.66,0.66,0.66,TB,25OCT26TBNO,0.02,0.71
2025-10-23 17:00:00,0.66,0.66,0.65,TB,25OCT26TBNO,0.3,0.58
2025-10-23 18:00:00,0.66,0.66,0.65,TB,25OCT26TBNO,0.57,0.01
2025-10-23 19:00:00,0.66,0.66,0.66,TB,25OCT26TBNO,0.64,0.04
2025-10-23 20:00:00,0.66,0.66,0.65,TB,25OCT26TBNO,0.64,0.04
2025-10-23 21:00:00,0.66,0.66,0.66,TB,25OCT26TBNO,0.64,0.04
2025-10-23 22:00:00,0.66,0.66,0.65,TB,25OCT26TBNO,-0.58,0.04
2025-10-23 23:00:00,0.66,0.66,0.66,TB,25OCT26TBNO,0.54,0.04
2025-10-24 00:00:00,0.66,0.66,0.66,TB,25OCT26TBNO,0.54,0.04
2025-10-24 01:00:00,0.66,0.66,0.66,TB,25OCT26TBNO,0.54,0.04
2025-10-24 02:00:00,0.66,0.66,0.65,TB,25OCT26TBNO,-0.26,0.57
2025-10-24 03:00:00,0.66,0.66,0.66,TB,25OCT26TBNO,-0.51,0.57
2025-10-24 04:00:00,0.66,0.66,0.65,TB,25OCT26TBNO,-0.15,0.63
2025-10-24 05:00:00,0.66,0.66,0.65,TB,25OCT26TBNO,-0.53,0.63
2025-10-24 06:00:00,0.66,0.66,0.65,TB,25OCT26TBNO,-0.53,0.63
2025-10-24 07:00:00,0.66,0.66,0.66,TB,25OCT26TBNO,-0.53,0.63
2025-10-24 08:00:00,0.66,0.66,0.66,TB,25OCT26TBNO,-0.53,0.63
2025-10-24 09:00:00,0.66,0.66,0.66,TB,25OCT26TBNO,-0.53,0.63
2025-10-24 10:00:00,0.66,0.66,0.66,TB,25OCT26TBNO,-0.53,0.63
2025-10-24 11:00:00,0.66,0.66,0.66,TB,25OCT26TBNO,-0.53,0.63
2025-10-24 12:00:00,0.66,0.66,0.66,TB,25OCT26TBNO,0.45,0.63
2025-10-24 13:00:00,0.66,0.66,0.65,TB,25OCT26TBNO,-0.49,0.63
2025-10-24 14:00:00,0.66,0.66,0.66,TB,25OCT26TBNO,-0.44,0.63
2025-10-24 15:00:00,0.66,0.66,0.66,TB,25OCT26TBNO,-0.51,0.63
2025-10-24 16:00:00,0.66,0.66,0.64,TB,25OCT26TBNO,-0.51,0.63
2025-10-24 17:00:00,0.66,0.66,0.64,TB,25OCT26TBNO,-0.47,0.46
2025-10-24 18:00:00,0.66,0.66,0.66,TB,25OCT26TBNO,-0.47,0.46
2025-10-24 19:00:00,0.66,0.66,0.65,TB,25OCT26TBNO,0.01,0.74
2025-10-24 20:00:00,0.66,0.66,0.65,TB,25OCT26TBNO,-0.5,0.03
2025-10-24 21:00:00,0.66,0.66,0.66,TB,25OCT26TBNO,-0.5,0.03
2025-10-24 22:00:00,0.66,0.66,0.65,TB,25OCT26TBNO,-0.5,0.03
2025-10-24 23:00:00,0.66,0.66,0.65,TB,25OCT26TBNO,-0.5,0.03
2025-10-25 00:00:00,0.66,0.66,0.66,TB,25OCT26TBNO,0.47,0.03
2025-10-25 01:00:00,0.66,0.66,0.65,TB,25OCT26TBNO,-0.51,0.03
2025-10-25 02:00:00,0.66,0.66,0.65,TB,25OCT26TBNO,-0.51,0.03
2025-10-25 03:00:00,0.65,0.66,0.65,TB,25OCT26TBNO,-0.51,0.03
2025-10-25 04:00:00,0.66,0.66,0.65,TB,25OCT26TBNO,-0.51,0.03
2025-10-25 05:00:00,0.66,0.66,0.66,TB,25OCT26TBNO,-0.51,0.03
2025-10-25 06:00:00,0.66,0.66,0.65,TB,25OCT26TBNO,-0.51,0.03
2025-10-25 07:00:00,0.66,0.66,0.65,TB,25OCT26TBNO,-0.51,0.03
2025-10-25 08:00:00,0.66,0.66,0.66,TB,25OCT26TBNO,-0.51,0.03
2025-10-25 09:00:00,0.66,0.66,0.66,TB,25OCT26TBNO,-0.51,0.03
2025-10-25 10:00:00,0.65,0.66,0.65,TB,25OCT26TBNO,-0.51,0.03
2025-10-25 11:00:00,0.66,0.66,0.66,TB,25OCT26TBNO,-0.51,0.03
2025-10-25 12:00:00,0.66,0.66,0.66,TB,25OCT26TBNO,-0.51,0.03
2025-10-25 13:00:00,0.66,0.66,0.65,TB,25OCT26TBNO,-0.67,0.04
2025-10-25 14:00:00,0.66,0.66,0.65,TB,25OCT26TBNO,-0.63,0.03
2025-10-25 15:00:00,0.66,0.66,0.65,TB,25OCT26TBNO,-0.62,0.01
2025-10-25 16:00:00,0.66,0.66,0.65,TB,25OCT26TBNO,0.61,0.01
2025-10-25 17:00:00,0.66,0.66,0.65,TB,25OCT26TBNO,-0.6,0.01
2025-10-25 18:00:00,0.66,0.66,0.65,TB,25OCT26TBNO,0.47,0.01
2025-10-25 19:00:00,0.66,0.66,0.65,TB,25OCT26TBNO,-0.59,0.01
2025-10-25 20:00:00,0.66,0.66,0.65,TB,25OCT26TBNO,-0.23,0.9
2025-10-25 21:00:00,0.66,0.66,0.65,TB,25OCT26TBNO,-0.23,0.85
2025-10-25 22:00:00,0.66,0.66,0.65,TB,25OCT26TBNO,-0.23,0.85
2025-10-25 23:00:00,0.66,0.66,0.65,TB,25OCT26TBNO,-0.63,0.85
2025-10-26 00:00:00,0.66,0.66,0.65,TB,25OCT26TBNO,-0.63,0.85
2025-10-26 01:00:00,0.66,0.66,0.65,TB,25OCT26TBNO,-0.63,0.85
2025-10-26 02:00:00,0.66,0.66,0.65,TB,25OCT26TBNO,-0.63,0.85
2025-10-26 03:00:00,0.66,0.66,0.65,TB,25OCT26TBNO,-0.63,0.85
2025-10-26 04:00:00,0.66,0.66,0.65,TB,25OCT26TBNO,-0.63,0.85
2025-10-26 05:00:00,0.66,0.66,0.65,TB,25OCT26TBNO,-0.63,0.85
2025-10-26 06:00:00,0.66,0.66,0.65,TB,25OCT26TBNO,-0.63,0.85
2025-10-26 07:00:00,0.66,0.66,0.65,TB,25OCT26TBNO,-0.63,0.85
2025-10-26 08:00:00,0.66,0.66,0.65,TB,25OCT26TBNO,0.32,0.85
2025-10-26 09:00:00,0.66,0.66,0.65,TB,25OCT26TBNO,0.32,0.85
2025-10-26 10:00:00,0.66,0.66,0.66,TB,25OCT26TBNO,0.32,0.85
2025-10-26 11:00:00,0.66,0.66,0.66,TB,25OCT26TBNO,0.32,0.85
2025-10-26 12:00:00,0.66,0.66,0.66,TB,25OCT26TBNO,0.59,0.85
2025-10-26 13:00:00,0.66,0.66,0.65,TB,25OCT26TBNO,0.59,0.85
2025-10-26 14:00:00,0.65,0.66,0.64,TB,25OCT26TBNO,0.59,0.85
2025-10-26 15:00:00,0.65,0.65,0.64,TB,25OCT26TBNO,0.59,0.85
2025-10-26 16:00:00,0.65,0.65,0.64,TB,25OCT26TBNO,0.59,0.85
2025-10-26 17:00:00,0.65,0.65,0.64,TB,25OCT26TBNO,0.59,0.85
2025-10-26 18:00:00,0.65,0.65,0.64,TB,25OCT26TBNO,0.59,0.85
2025-10-26 19:00:00,0.65,0.65,0.64,TB,25OCT26TBNO,0.59,0.85
2025-10-26 20:00:00,0.65,0.65,0.64,TB,25OCT26TBNO,0.57,0.5
2025-10-26 21:00:00,0.81,0.82,0.59,TB,25OCT26TBNO,0.27,0.68
2025-10-26 22:00:00,0.93,0.96,0.72,TB,25OCT26TBNO,-0.43,0.41
2025-10-26 23:00:00,0.99,0.99,0.91,TB,25OCT26TBNO,-0.2,0.69
2025-10-20 00:00:00,0.99,0.99,0.91,NO,25OCT26TBNO,0.55,0.05
2025-10-20 01:00:00,0.29,0.29,0.27,NO,25OCT26TBNO,-0.62,0.05
2025-10-20 02:00:00,0.29,0.29,0.29,NO,25OCT26TBNO,-0.62,0.05
2025-10-20 03:00:00,0.27,0.29,0.27,NO,25OCT26TBNO,-0.62,0.05
2025-10-20 04:00:00,0.27,0.29,0.27,NO,25OCT26TBNO,-0.62,0.05
2025-10-20 05:00:00,0.29,0.29,0.29,NO,25OCT26TBNO,-0.62,0.05
2025-10-20 06:00:00,0.29,0.29,0.29,NO,25OCT26TBNO,-0.62,0.05
2025-10-20 07:00:00,0.29,0.29,0.29,NO,25OCT26TBNO,-0.62,0.05
2025-10-20 08:00:00,0.29,0.29,0.29,NO,25OCT26TBNO,-0.62,0.05
2025-10-20 09:00:00,0.29,0.29,0.29,NO,25OCT26TBNO,-0.62,0.05
2025-10-20 10:00:00,0.29,0.29,0.29,NO,25OCT26TBNO,-0.62,0.05
2025-10-20 11:00:00,0.29,0.29,0.29,NO,25OCT26TBNO,-0.62,0.05
2025-10-20 12:00:00,0.29,0.29,0.29,NO,25OCT26TBNO,-0.62,0.05
2025-10-20 13:00:00,0.28,0.28,0.27,NO,25OCT26TBNO,-0.62,0.05
2025-10-20 14:00:00,0.28,0.28,0.27,NO,25OCT26TBNO,-0.62,0.05
2025-10-20 15:00:00,0.28,0.28,0.27,NO,25OCT26TBNO,-0.62,0.05
2025-10-20 16:00:00,0.28,0.28,0.28,NO,25OCT26TBNO,-0.62,0.05
2025-10-20 17:00:00,0.28,0.28,0.28,NO,25OCT26TBNO,-0.62,0.05
2025-10-20 18:00:00,0.28,0.28,0.28,NO,25OCT26TBNO,-0.62,0.05
2025-10-20 19:00:00,0.28,0.28,0.28,NO,25OCT26TBNO,-0.62,0.05
2025-10-20 20:00:00,0.3,0.3,0.28,NO,25OCT26TBNO,-0.62,0.05
2025-10-20 21:00:00,0.3,0.3,0.3,NO,25OCT26TBNO,-0.62,0.05
2025-10-20 22:00:00,0.3,0.3,0.3,NO,25OCT26TBNO,-0.62,0.05
2025-10-20 23:00:00,0.3,0.3,0.3,NO,25OCT26TBNO,-0.62,0.05
2025-10-21 00:00:00,0.3,0.3,0.3,NO,25OCT26TBNO,-0.62,0.05
2025-10-21 01:00:00,0.31,0.31,0.3,NO,25OCT26TBNO,-0.62,0.05
2025-10-21 02:00:00,0.32,0.32,0.32,NO,25OCT26TBNO,-0.62,0.05
2025-10-21 03:00:00,0.32,0.32,0.31,NO,25OCT26TBNO,-0.62,0.05
2025-10-21 04:00:00,0.32,0.32,0.32,NO,25OCT26TBNO,-0.62,0.05
2025-10-21 05:00:00,0.32,0.32,0.31,NO,25OCT26TBNO,-0.62,0.05
2025-10-21 06:00:00,0.32,0.32,0.3,NO,25OCT26TBNO,-0.62,0.05
2025-10-21 07:00:00,0.32,0.32,0.32,NO,25OCT26TBNO,-0.62,0.05
2025-10-21 08:00:00,0.32,0.32,0.32,NO,25OCT26TBNO,-0.62,0.05
2025-10-21 09:00:00,0.32,0.32,0.32,NO,25OCT26TBNO,-0.62,0.05
2025-10-21 10:00:00,0.32,0.32,0.32,NO,25OCT26TBNO,-0.62,0.05
2025-10-21 11:00:00,0.32,0.32,0.32,NO,25OCT26TBNO,-0.62,0.05
2025-10-21 12:00:00,0.32,0.32,0.32,NO,25OCT26TBNO,-0.62,0.05
2025-10-21 13:00:00,0.31,0.31,0.3,NO,25OCT26TBNO,-0.62,0.05
2025-10-21 14:00:00,0.31,0.33,0.31,NO,25OCT26TBNO,-0.62,0.05
2025-10-21 15:00:00,0.33,0.33,0.31,NO,25OCT26TBNO,-0.62,0.05
2025-10-21 16:00:00,0.33,0.33,0.33,NO,25OCT26TBNO,-0.62,0.05
2025-10-21 17:00:00,0.33,0.33,0.33,NO,25OCT26TBNO,-0.62,0.05
2025-10-21 18:00:00,0.33,0.33,0.33,NO,25OCT26TBNO,-0.62,0.05
2025-10-21 19:00:00,0.33,0.33,0.33,NO,25OCT26TBNO,-0.62,0.05
2025-10-21 20:00:00,0.32,0.32,0.32,NO,25OCT26TBNO,-0.62,0.05
2025-10-21 21:00:00,0.33,0.33,0.33,NO,25OCT26TBNO,-0.62,0.05
2025-10-21 22:00:00,0.33,0.33,0.33,NO,25OCT26TBNO,-0.62,0.05
2025-10-21 23:00:00,0.33,0.33,0.33,NO,25OCT26TBNO,-0.62,0.05
2025-10-22 00:00:00,0.32,0.32,0.32,NO,25OCT26TBNO,-0.62,0.05
2025-10-22 01:00:00,0.33,0.33,0.33,NO,25OCT26TBNO,-0.62,0.05
2025-10-22 02:00:00,0.34,0.34,0.33,NO,25OCT26TBNO,-0.62,0.05
2025-10-22 03:00:00,0.34,0.34,0.34,NO,25OCT26TBNO,-0.62,0.05
2025-10-22 04:00:00,0.33,0.34,0.33,NO,25OCT26TBNO,-0.62,0.05
2025-10-22 05:00:00,0.33,0.34,0.33,NO,25OCT26TBNO,-0.62,0.05
2025-10-22 06:00:00,0.34,0.34,0.34,NO,25OCT26TBNO,-0.62,0.05
2025-10-22 07:00:00,0.34,0.34,0.34,NO,25OCT26TBNO,-0.62,0.05
2025-10-22 08:00:00,0.34,0.34,0.34,NO,25OCT26TBNO,-0.62,0.05
2025-10-22 09:00:00,0.34,0.34,0.34,NO,25OCT26TBNO,-0.62,0.05
2025-10-22 10:00:00,0.34,0.34,0.34,NO,25OCT26TBNO,-0.62,0.05
2025-10-22 11:00:00,0.34,0.34,0.34,NO,25OCT26TBNO,-0.62,0.05
2025-10-22 12:00:00,0.34,0.34,0.34,NO,25OCT26TBNO,-0.62,0.05
2025-10-22 13:00:00,0.34,0.34,0.34,NO,25OCT26TBNO,-0.62,0.05
2025-10-22 14:00:00,0.34,0.34,0.34,NO,25OCT26TBNO,-0.62,0.05
2025-10-22 15:00:00,0.33,0.34,0.33,NO,25OCT26TBNO,-0.62,0.05
2025-10-22 16:00:00,0.33,0.33,0.33,NO,25OCT26TBNO,-0.62,0.05
2025-10-22 17:00:00,0.33,0.33,0.33,NO,25OCT26TBNO,-0.62,0.05
2025-10-22 18:00:00,0.34,0.34,0.34,NO,25OCT26TBNO,-0.62,0.05
2025-10-22 19:00:00,0.34,0.34,0.34,NO,25OCT26TBNO,-0.62,0.05
2025-10-22 20:00:00,0.34,0.34,0.33,NO,25OCT26TBNO,-0.62,0.05
2025-10-22 21:00:00,0.34,0.34,0.34,NO,25OCT26TBNO,-0.62,0.05
2025-10-22 22:00:00,0.34,0.34,0.34,NO,25OCT26TBNO,-0.62,0.05
2025-10-22 23:00:00,0.34,0.34,0.34,NO,25OCT26TBNO,-0.62,0.05
2025-10-23 00:00:00,0.34,0.34,0.34,NO,25OCT26TBNO,-0.62,0.05
2025-10-23 01:00:00,0.34,0.34,0.34,NO,25OCT26TBNO,-0.62,0.05
2025-10-23 02:00:00,0.34,0.34,0.34,NO,25OCT26TBNO,-0.62,0.05
2025-10-23 03:00:00,0.33,0.34,0.33,NO,25OCT26TBNO,-0.62,0.05
2025-10-23 04:00:00,0.34,0.34,0.34,NO,25OCT26TBNO,-0.62,0.05
2025-10-23 05:00:00,0.34,0.34,0.34,NO,25OCT26TBNO,-0.62,0.05
2025-10-23 06:00:00,0.35,0.35,0.34,NO,25OCT26TBNO,-0.62,0.05
2025-10-23 07:00:00,0.35,0.35,0.34,NO,25OCT26TBNO,-0.62,0.05
2025-10-23 08:00:00,0.35,0.35,0.34,NO,25OCT26TBNO,-0.62,0.05
2025-10-23 09:00:00,0.35,0.35,0.34,NO,25OCT26TBNO,-0.62,0.05
2025-10-23 10:00:00,0.35,0.35,0.34,NO,25OCT26TBNO,-0.62,0.05
2025-10-23 11:00:00,0.35,0.35,0.34,NO,25OCT26TBNO,-0.62,0.05
2025-10-23 12:00:00,0.35,0.35,0.34,NO,25OCT26TBNO,-0.62,0.05
2025-10-23 13:00:00,0.35,0.35,0.35,NO,25OCT26TBNO,-0.62,0.05
2025-10-23 14:00:00,0.34,0.35,0.34,NO,25OCT26TBNO,-0.63,0.05
2025-10-23 15:00:00,0.34,0.35,0.34,NO,25OCT26TBNO,-0.63,0.05
2025-10-23 16:00:00,0.35,0.35,0.35,NO,25OCT26TBNO,-0.63,0.05
2025-10-23 17:00:00,0.35,0.35,0.35,NO,25OCT26TBNO,-0.63,0.05
2025-10-23 18:00:00,0.35,0.35,0.34,NO,25OCT26TBNO,-0.63,0.05
2025-10-23 19:00:00,0.35,0.35,0.35,NO,25OCT26TBNO,-0.63,0.05
2025-10-23 20:00:00,0.35,0.35,0.35,NO,25OCT26TBNO,-0.63,0.05
2025-10-23 21:00:00,0.35,0.35,0.35,NO,25OCT26TBNO,-0.63,0.05
2025-10-23 22:00:00,0.35,0.35,0.35,NO,25OCT26TBNO,-0.63,0.05
2025-10-23 23:00:00,0.35,0.35,0.35,NO,25OCT26TBNO,-0.63,0.05
2025-10-24 00:00:00,0.35,0.35,0.35,NO,25OCT26TBNO,-0.63,0.05
2025-10-24 01:00:00,0.35,0.35,0.35,NO,25OCT26TBNO,-0.63,0.05
2025-10-24 02:00:00,0.35,0.35,0.35,NO,25OCT26TBNO,-0.51,0.05
2025-10-24 03:00:00,0.35,0.35,0.35,NO,25OCT26TBNO,-0.51,0.05
2025-10-24 04:00:00,0.35,0.35,0.35,NO,25OCT26TBNO,-0.51,0.05
2025-10-24 05:00:00,0.35,0.35,0.35,NO,25OCT26TBNO,-0.51,0.05
2025-10-24 06:00:00,0.34,0.35,0.34,NO,25OCT26TBNO,-0.51,0.05
2025-10-24 07:00:00,0.34,0.35,0.34,NO,25OCT26TBNO,-0.51,0.05
2025-10-24 08:00:00,0.34,0.35,0.34,NO,25OCT26TBNO,-0.51,0.05
2025-10-24 09:00:00,0.35,0.35,0.35,NO,25OCT26TBNO,-0.51,0.05
2025-10-24 10:00:00,0.35,0.35,0.35,NO,25OCT26TBNO,-0.51,0.05
2025-10-24 11:00:00,0.35,0.35,0.35,NO,25OCT26TBNO,-0.51,0.05
2025-10-24 12:00:00,0.35,0.35,0.35,NO,25OCT26TBNO,-0.51,0.05
2025-10-24 13:00:00,0.35,0.35,0.34,NO,25OCT26TBNO,-0.51,0.05
2025-10-24 14:00:00,0.35,0.35,0.34,NO,25OCT26TBNO,-0.51,0.05
2025-10-24 15:00:00,0.35,0.35,0.34,NO,25OCT26TBNO,-0.51,0.05
2025-10-24 16:00:00,0.34,0.35,0.34,NO,25OCT26TBNO,-0.51,0.05
2025-10-24 17:00:00,0.36,0.36,0.35,NO,25OCT26TBNO,-0.51,0.05
2025-10-24 18:00:00,0.36,0.36,0.35,NO,25OCT26TBNO,-0.51,0.05
2025-10-24 19:00:00,0.35,0.36,0.35,NO,25OCT26TBNO,-0.51,0.05
2025-10-24 20:00:00,0.35,0.36,0.35,NO,25OCT26TBNO,-0.51,0.05
2025-10-24 21:00:00,0.36,0.36,0.36,NO,25OCT26TBNO,-0.57,0.05
2025-10-24 22:00:00,0.36,0.36,0.35,NO,25OCT26TBNO,-0.57,0.05
2025-10-24 23:00:00,0.35,0.36,0.35,NO,25OCT26TBNO,-0.57,0.05
2025-10-25 00:00:00,0.35,0.36,0.35,NO,25OCT26TBNO,-0.57,0.05
2025-10-25 01:00:00,0.36,0.36,0.35,NO,25OCT26TBNO,-0.57,0.05
2025-10-25 02:00:00,0.35,0.35,0.35,NO,25OCT26TBNO,-0.57,0.05
2025-10-25 03:00:00,0.36,0.36,0.36,NO,25OCT26TBNO,-0.57,0.05
2025-10-25 04:00:00,0.36,0.36,0.35,NO,25OCT26TBNO,-0.57,0.05
2025-10-25 05:00:00,0.36,0.36,0.35,NO,25OCT26TBNO,-0.57,0.05
2025-10-25 06:00:00,0.35,0.36,0.35,NO,25OCT26TBNO,-0.57,0.05
2025-10-25 07:00:00,0.36,0.36,0.36,NO,25OCT26TBNO,-0.57,0.05
2025-10-25 08:00:00,0.36,0.36,0.36,NO,25OCT26TBNO,-0.57,0.05
2025-10-25 09:00:00,0.36,0.36,0.36,NO,25OCT26TBNO,-0.57,0.05
2025-10-25 10:00:00,0.36,0.36,0.36,NO,25OCT26TBNO,-0.57,0.05
2025-10-25 11:00:00,0.36,0.36,0.36,NO,25OCT26TBNO,-0.57,0.05
2025-10-25 12:00:00,0.36,0.36,0.36,NO,25OCT26TBNO,-0.57,0.05
2025-10-25 13:00:00,0.36,0.36,0.36,NO,25OCT26TBNO,-0.57,0.05
2025-10-25 14:00:00,0.36,0.36,0.36,NO,25OCT26TBNO,-0.57,0.05
2025-10-25 15:00:00,0.36,0.36,0.36,NO,25OCT26TBNO,-0.57,0.05
2025-10-25 16:00:00,0.34,0.36,0.34,NO,25OCT26TBNO,-0.57,0.05
2025-10-25 17:00:00,0.35,0.35,0.34,NO,25OCT26TBNO,-0.57,0.05
2025-10-25 18:00:00,0.35,0.35,0.34,NO,25OCT26TBNO,-0.57,0.05
2025-10-25 19:00:00,0.35,0.35,0.35,NO,25OCT26TBNO,-0.57,0.05
2025-10-25 20:00:00,0.35,0.35,0.35,NO,25OCT26TBNO,-0.57,0.05
2025-10-25 21:00:00,0.34,0.35,0.34,NO,25OCT26TBNO,-0.57,0.05
2025-10-25 22:00:00,0.35,0.35,0.35,NO,25OCT26TBNO,-0.57,0.05
2025-10-25 23:00:00,0.35,0.35,0.35,NO,25OCT26TBNO,-0.57,0.05
2025-10-26 00:00:00,0.35,0.35,0.34,NO,25OCT26TBNO,-0.57,0.05
2025-10-26 01:00:00,0.35,0.35,0.34,NO,25OCT26TBNO,-0.57,0.05
2025-10-26 02:00:00,0.35,0.35,0.35,NO,25OCT26TBNO,-0.57,0.05
2025-10-26 03:00:00,0.35,0.36,0.34,NO,25OCT26TBNO,-0.57,0.05
2025-10-26 04:00:00,0.35,0.35,0.34,NO,25OCT26TBNO,-0.57,0.05
2025-10-26 05:00:00,0.35,0.35,0.34,NO,25OCT26TBNO,-0.57,0.05
2025-10-26 06:00:00,0.35,0.35,0.35,NO,25OCT26TBNO,-0.57,0.05
2025-10-26 07:00:00,0.35,0.35,0.34,NO,25OCT26TBNO,-0.57,0.05
2025-10-26 08:00:00,0.34,0.35,0.34,NO,25OCT26TBNO,-0.57,0.05
2025-10-26 09:00:00,0.35,0.35,0.35,NO,25OCT26TBNO,-0.57,0.05
2025-10-26 10:00:00,0.35,0.35,0.35,NO,25OCT26TBNO,-0.57,0.05
2025-10-26 11:00:00,0.35,0.35,0.35,NO,25OCT26TBNO,-0.57,0.05
2025-10-26 12:00:00,0.35,0.35,0.35,NO,25OCT26TBNO,-0.57,0.05
2025-10-26 13:00:00,0.35,0.35,0.34,NO,25OCT26TBNO,-0.57,0.05
2025-10-26 14:00:00,0.36,0.36,0.34,NO,25OCT26TBNO,0.01,0.79
2025-10-26 15:00:00,0.36,0.36,0.35,NO,25OCT26TBNO,0.01,0.79
2025-10-26 16:00:00,0.36,0.36,0.35,NO,25OCT26TBNO,0.01,0.79
2025-10-26 17:00:00,0.36,0.36,0.35,NO,25OCT26TBNO,0.01,0.79
2025-10-26 18:00:00,0.35,0.36,0.35,NO,25OCT26TBNO,0.01,0.79
2025-10-26 19:00:00,0.36,0.36,0.35,NO,25OCT26TBNO,0.01,0.79
2025-10-26 20:00:00,0.36,0.36,0.35,NO,25OCT26TBNO,0.01,0.79
2025-10-26 21:00:00,0.2,0.42,0.18,NO,25OCT26TBNO,0.01,0.79
2025-10-26 22:00:00,0.07,0.29,0.04,NO,25OCT26TBNO,-0.04,0.82
2025-10-26 23:00:00,0.01,0.1,0.01,NO,25OCT26TBNO,0.02,0.68
2025-10-19 21:00:00,0.26,0.26,0.26,CLE,25OCT26CLENE,-0.04,0.87
2025-10-19 22:00:00,0.27,0.27,0.26,CLE,25OCT26CLENE,-0.04,0.87
2025-10-19 23:00:00,0.27,0.27,0.27,CLE,25OCT26CLENE,0.54,0.87
2025-10-20 00:00:00,0.27,0.27,0.27,CLE,25OCT26CLENE,0.54,0.87
2025-10-20 01:00:00,0.26,0.26,0.26,CLE,25OCT26CLENE,0.54,0.87
2025-10-20 02:00:00,0.26,0.26,0.26,CLE,25OCT26CLENE,0.54,0.87
2025-10-20 03:00:00,0.26,0.26,0.26,CLE,25OCT26CLENE,0.47,0.87
2025-10-20 04:00:00,0.25,0.26,0.25,CLE,25OCT26CLENE,0.08,0.78
2025-10-20 05:00:00,0.25,0.25,0.25,CLE,25OCT26CLENE,0.65,0.78
2025-10-20 06:00:00,0.25,0.25,0.25,CLE,25OCT26CLENE,0.69,0.78
2025-10-20 07:00:00,0.25,0.25,0.25,CLE,25OCT26CLENE,0.69,0.78
2025-10-20 08:00:00,0.25,0.25,0.25,CLE,25OCT26CLENE,0.69,0.78
2025-10-20 09:00:00,0.25,0.25,0.25,CLE,25OCT26CLENE,0.69,0.78
2025-10-20 10:00:00,0.25,0.25,0.25,CLE,25OCT26CLENE,0.69,0.78
2025-10-20 11:00:00,0.25,0.25,0.25,CLE,25OCT26CLENE,0.53,0.78
2025-10-20 12:00:00,0.25,0.25,0.25,CLE,25OCT26CLENE,-0.64,0.78
2025-10-20 13:00:00,0.24,0.24,0.24,CLE,25OCT26CLENE,-0.64,0.78
2025-10-20 14:00:00,0.23,0.23,0.23,CLE,25OCT26CLENE,0.53,0.78
2025-10-20 15:00:00,0.23,0.23,0.23,CLE,25OCT26CLENE,0.53,0.78
2025-10-20 16:00:00,0.23,0.23,0.23,CLE,25OCT26CLENE,0.53,0.78
2025-10-20 17:00:00,0.23,0.23,0.23,CLE,25OCT26CLENE,0.53,0.78
2025-10-20 18:00:00,0.23,0.23,0.22,CLE,25OCT26CLENE,0.68,0.07
2025-10-20 19:00:00,0.23,0.23,0.23,CLE,25OCT26CLENE,-0.09,0.6
2025-10-20 20:00:00,0.23,0.23,0.23,CLE,25OCT26CLENE,0.52,0.04
2025-10-20 21:00:00,0.23,0.23,0.23,CLE,25OCT26CLENE,0.53,0.03
2025-10-20 22:00:00,0.23,0.23,0.23,CLE,25OCT26CLENE,0.53,0.03
2025-10-20 23:00:00,0.23,0.23,0.23,CLE,25OCT26CLENE,-0.5,0.58
2025-10-21 00:00:00,0.23,0.23,0.23,CLE,25OCT26CLENE,0.26,0.8
2025-10-21 01:00:00,0.22,0.23,0.22,CLE,25OCT26CLENE,0.44,0.8
2025-10-21 02:00:00,0.22,0.23,0.22,CLE,25OCT26CLENE,0.44,0.8
2025-10-21 03:00:00,0.23,0.23,0.22,CLE,25OCT26CLENE,0.44,0.8
2025-10-21 04:00:00,0.23,0.23,0.23,CLE,25OCT26CLENE,0.44,0.8
2025-10-21 05:00:00,0.24,0.24,0.23,CLE,25OCT26CLENE,0.44,0.8
2025-10-21 06:00:00,0.25,0.25,0.24,CLE,25OCT26CLENE,0.44,0.8
2025-10-21 07:00:00,0.24,0.25,0.24,CLE,25OCT26CLENE,0.44,0.8
2025-10-21 08:00:00,0.24,0.25,0.24,CLE,25OCT26CLENE,0.44,0.8
2025-10-21 09:00:00,0.24,0.25,0.24,CLE,25OCT26CLENE,0.44,0.8
2025-10-21 10:00:00,0.24,0.25,0.24,CLE,25OCT26CLENE,0.44,0.8
2025-10-21 11:00:00,0.24,0.25,0.24,CLE,25OCT26CLENE,0.44,0.8
2025-10-21 12:00:00,0.24,0.25,0.24,CLE,25OCT26CLENE,0.44,0.8
2025-10-21 13:00:00,0.23,0.25,0.23,CLE,25OCT26CLENE,-0.36,0.68
2025-10-21 14:00:00,0.23,0.23,0.22,CLE,25OCT26CLENE,-0.65,0.14
2025-10-21 15:00:00,0.23,0.23,0.23,CLE,25OCT26CLENE,-0.56,0.0
2025-10-21 16:00:00,0.23,0.23,0.22,CLE,25OCT26CLENE,-0.56,0.0
2025-10-21 17:00:00,0.23,0.23,0.22,CLE,25OCT26CLENE,-0.56,0.0
2025-10-21 18:00:00,0.23,0.23,0.23,CLE,25OCT26CLENE,-0.56,0.0
2025-10-21 19:00:00,0.23,0.23,0.22,CLE,25OCT26CLENE,-0.56,0.0
2025-10-21 20:00:00,0.24,0.24,0.23,CLE,25OCT26CLENE,-0.56,0.0
2025-10-21 21:00:00,0.24,0.24,0.24,CLE,25OCT26CLENE,0.62,0.0
2025-10-21 22:00:00,0.24,0.24,0.24,CLE,25OCT26CLENE,-0.52,0.0
2025-10-21 23:00:00,0.23,0.24,0.23,CLE,25OCT26CLENE,-0.52,0.0
2025-10-22 00:00:00,0.24,0.24,0.24,CLE,25OCT26CLENE,-0.52,0.0
2025-10-22 01:00:00,0.24,0.24,0.24,CLE,25OCT26CLENE,-0.16,0.59
2025-10-22 02:00:00,0.24,0.24,0.24,CLE,25OCT26CLENE,-0.58,0.02
2025-10-22 03:00:00,0.24,0.24,0.23,CLE,25OCT26CLENE,-0.04,0.8
2025-10-22 04:00:00,0.24,0.24,0.24,CLE,25OCT26CLENE,-0.04,0.8
2025-10-22 05:00:00,0.24,0.24,0.24,CLE,25OCT26CLENE,-0.04,0.8
2025-10-22 06:00:00,0.24,0.24,0.24,CLE,25OCT26CLENE,-0.04,0.8
2025-10-22 07:00:00,0.24,0.24,0.24,CLE,25OCT26CLENE,-0.04,0.8
2025-10-22 08:00:00,0.24,0.24,0.24,CLE,25OCT26CLENE,-0.04,0.8
2025-10-22 09:00:00,0.24,0.24,0.24,CLE,25OCT26CLENE,-0.53,0.8
2025-10-22 10:00:00,0.24,0.24,0.24,CLE,25OCT26CLENE,-0.53,0.8
2025-10-22 11:00:00,0.24,0.24,0.24,CLE,25OCT26CLENE,-0.53,0.8
2025-10-22 12:00:00,0.24,0.24,0.24,CLE,25OCT26CLENE,-0.53,0.8
2025-10-22 13:00:00,0.23,0.23,0.23,CLE,25OCT26CLENE,-0.53,0.8
2025-10-22 14:00:00,0.24,0.24,0.24,CLE,25OCT26CLENE,-0.53,0.8
2025-10-22 15:00:00,0.24,0.24,0.24,CLE,25OCT26CLENE,-0.53,0.8
2025-10-22 16:00:00,0.24,0.24,0.24,CLE,25OCT26CLENE,0.4,0.8
2025-10-22 17:00:00,0.24,0.24,0.24,CLE,25OCT26CLENE,0.4,0.8
2025-10-22 18:00:00,0.24,0.24,0.24,CLE,25OCT26CLENE,0.4,0.8
2025-10-22 19:00:00,0.24,0.24,0.23,CLE,25OCT26CLENE,0.4,0.8
2025-10-22 20:00:00,0.24,0.24,0.23,CLE,25OCT26CLENE,0.51,0.8
2025-10-22 21:00:00,0.24,0.24,0.24,CLE,25OCT26CLENE,0.51,0.8
2025-10-22 22:00:00,0.24,0.24,0.23,CLE,25OCT26CLENE,0.51,0.8
2025-10-22 23:00:00,0.24,0.24,0.24,CLE,25OCT26CLENE,0.51,0.8
2025-10-23 00:00:00,0.24,0.24,0.24,CLE,25OCT26CLENE,-0.52,0.8
2025-10-23 01:00:00,0.24,0.24,0.24,CLE,25OCT26CLENE,-0.52,0.8
2025-10-23 02:00:00,0.24,0.24,0.24,CLE,25OCT26CLENE,-0.52,0.8
2025-10-23 03:00:00,0.24,0.24,0.23,CLE,25OCT26CLENE,-0.52,0.8
2025-10-23 04:00:00,0.25,0.25,0.23,CLE,25OCT26CLENE,-0.52,0.8
2025-10-23 05:00:00,0.24,0.24,0.24,CLE,25OCT26CLENE,-0.52,0.8
2025-10-23 06:00:00,0.23,0.24,0.23,CLE,25OCT26CLENE,-0.52,0.8
2025-10-23 07:00:00,0.23,0.23,0.23,CLE,25OCT26CLENE,-0.52,0.8
2025-10-23 08:00:00,0.23,0.23,0.23,CLE,25OCT26CLENE,-0.52,0.8
2025-10-23 09:00:00,0.23,0.23,0.23,CLE,25OCT26CLENE,-0.52,0.8
2025-10-23 10:00:00,0.23,0.23,0.23,CLE,25OCT26CLENE,-0.52,0.8
2025-10-23 11:00:00,0.23,0.23,0.23,CLE,25OCT26CLENE,-0.52,0.8
2025-10-23 12:00:00,0.25,0.25,0.25,CLE,25OCT26CLENE,-0.52,0.8
2025-10-23 13:00:00,0.25,0.25,0.25,CLE,25OCT26CLENE,-0.52,0.8
2025-10-23 14:00:00,0.24,0.25,0.23,CLE,25OCT26CLENE,-0.52,0.8
2025-10-23 15:00:00,0.24,0.24,0.24,CLE,25OCT26CLENE,-0.52,0.8
2025-10-23 16:00:00,0.24,0.24,0.23,CLE,25OCT26CLENE,-0.52,0.8
2025-10-23 17:00:00,0.24,0.24,0.24,CLE,25OCT26CLENE,-0.52,0.8
2025-10-23 18:00:00,0.24,0.24,0.23,CLE,25OCT26CLENE,-0.52,0.8
2025-10-23 19:00:00,0.24,0.24,0.24,CLE,25OCT26CLENE,-0.52,0.8
2025-10-23 20:00:00,0.24,0.24,0.23,CLE,25OCT26CLENE,-0.52,0.8
2025-10-23 21:00:00,0.24,0.24,0.24,CLE,25OCT26CLENE,-0.52,0.8
2025-10-23 22:00:00,0.24,0.24,0.23,CLE,25OCT26CLENE,-0.52,0.8
2025-10-23 23:00:00,0.24,0.24,0.24,CLE,25OCT26CLENE,-0.52,0.8
2025-10-24 00:00:00,0.24,0.24,0.23,CLE,25OCT26CLENE,-0.52,0.8
2025-10-24 01:00:00,0.24,0.24,0.23,CLE,25OCT26CLENE,-0.52,0.8
2025-10-24 02:00:00,0.24,0.24,0.23,CLE,25OCT26CLENE,-0.52,0.8
2025-10-24 03:00:00,0.24,0.24,0.23,CLE,25OCT26CLENE,-0.52,0.8
2025-10-24 04:00:00,0.24,0.24,0.24,CLE,25OCT26CLENE,-0.52,0.8
2025-10-24 05:00:00,0.24,0.24,0.23,CLE,25OCT26CLENE,-0.52,0.8
2025-10-24 06:00:00,0.24,0.24,0.24,CLE,25OCT26CLENE,-0.52,0.8
2025-10-24 07:00:00,0.24,0.24,0.24,CLE,25OCT26CLENE,-0.52,0.8
2025-10-24 08:00:00,0.24,0.24,0.24,CLE,25OCT26CLENE,-0.52,0.8
2025-10-24 09:00:00,0.24,0.24,0.24,CLE,25OCT26CLENE,-0.52,0.8
2025-10-24 10:00:00,0.24,0.24,0.24,CLE,25OCT26CLENE,-0.52,0.8
2025-10-24 11:00:00,0.24,0.24,0.24,CLE,25OCT26CLENE,-0.51,0.8
2025-10-24 12:00:00,0.24,0.24,0.24,CLE,25OCT26CLENE,-0.51,0.8
2025-10-24 13:00:00,0.24,0.24,0.24,CLE,25OCT26CLENE,0.47,0.06
2025-10-24 14:00:00,0.24,0.24,0.23,CLE,25OCT26CLENE,0.47,0.06
2025-10-24 15:00:00,0.24,0.24,0.23,CLE,25OCT26CLENE,0.47,0.06
2025-10-24 16:00:00,0.24,0.24,0.24,CLE,25OCT26CLENE,0.47,0.06
2025-10-24 17:00:00,0.24,0.24,0.23,CLE,25OCT26CLENE,0.47,0.06
2025-10-24 18:00:00,0.24,0.24,0.24,CLE,25OCT26CLENE,0.47,0.06
2025-10-24 19:00:00,0.23,0.24,0.23,CLE,25OCT26CLENE,0.47,0.06
2025-10-24 20:00:00,0.24,0.24,0.24,CLE,25OCT26CLENE,0.47,0.06
2025-10-24 21:00:00,0.24,0.24,0.24,CLE,25OCT26CLENE,0.47,0.06
2025-10-24 22:00:00,0.24,0.24,0.23,CLE,25OCT26CLENE,0.35,0.06
2025-10-24 23:00:00,0.24,0.24,0.24,CLE,25OCT26CLENE,0.35,0.06
2025-10-25 00:00:00,0.24,0.24,0.24,CLE,25OCT26CLENE,0.35,0.06
2025-10-25 01:00:00,0.24,0.24,0.23,CLE,25OCT26CLENE,0.35,0.06
2025-10-25 02:00:00,0.24,0.24,0.23,CLE,25OCT26CLENE,0.35,0.06
2025-10-25 03:00:00,0.24,0.24,0.24,CLE,25OCT26CLENE,0.35,0.06
2025-10-25 04:00:00,0.24,0.24,0.24,CLE,25OCT26CLENE,0.35,0.06
2025-10-25 05:00:00,0.24,0.24,0.24,CLE,25OCT26CLENE,0.35,0.06
2025-10-25 06:00:00,0.25,0.25,0.24,CLE,25OCT26CLENE,0.35,0.06
2025-10-25 07:00:00,0.25,0.25,0.23,CLE,25OCT26CLENE,0.35,0.06
2025-10-25 08:00:00,0.25,0.25,0.23,CLE,25OCT26CLENE,0.35,0.06
2025-10-25 09:00:00,0.25,0.25,0.23,CLE,25OCT26CLENE,0.35,0.06
2025-10-25 10:00:00,0.25,0.25,0.23,CLE,25OCT26CLENE,0.35,0.06
2025-10-25 11:00:00,0.25,0.25,0.23,CLE,25OCT26CLENE,0.35,0.06
2025-10-25 12:00:00,0.25,0.25,0.25,CLE,25OCT26CLENE,0.35,0.06
2025-10-25 13:00:00,0.23,0.25,0.23,CLE,25OCT26CLENE,0.35,0.06
2025-10-25 14:00:00,0.25,0.25,0.23,CLE,25OCT26CLENE,0.35,0.06
2025-10-25 15:00:00,0.25,0.25,0.25,CLE,25OCT26CLENE,0.35,0.06
2025-10-25 16:00:00,0.23,0.25,0.23,CLE,25OCT26CLENE,0.62,0.12
2025-10-25 17:00:00,0.25,0.25,0.25,CLE,25OCT26CLENE,0.57,0.06
2025-10-25 18:00:00,0.25,0.25,0.23,CLE,25OCT26CLENE,0.59,0.03
2025-10-25 19:00:00,0.25,0.25,0.23,CLE,25OCT26CLENE,0.48,0.03
2025-10-25 20:00:00,0.24,0.25,0.24,CLE,25OCT26CLENE,0.48,0.03
2025-10-25 21:00:00,0.24,0.24,0.24,CLE,25OCT26CLENE,0.48,0.03
2025-10-25 22:00:00,0.24,0.24,0.23,CLE,25OCT26CLENE,0.48,0.03
2025-10-25 23:00:00,0.25,0.25,0.23,CLE,25OCT26CLENE,0.48,0.03
2025-10-26 00:00:00,0.25,0.25,0.24,CLE,25OCT26CLENE,0.48,0.03
2025-10-26 01:00:00,0.24,0.25,0.24,CLE,25OCT26CLENE,0.48,0.03
2025-10-26 02:00:00,0.25,0.25,0.25,CLE,25OCT26CLENE,0.48,0.03
2025-10-26 03:00:00,0.25,0.25,0.24,CLE,25OCT26CLENE,0.48,0.03
2025-10-26 04:00:00,0.25,0.25,0.24,CLE,25OCT26CLENE,0.48,0.03
2025-10-26 05:00:00,0.25,0.25,0.23,CLE,25OCT26CLENE,0.48,0.03
2025-10-26 06:00:00,0.25,0.25,0.23,CLE,25OCT26CLENE,0.48,0.03
2025-10-26 07:00:00,0.25,0.25,0.23,CLE,25OCT26CLENE,0.48,0.03
2025-10-26 08:00:00,0.25,0.25,0.25,CLE,25OCT26CLENE,0.48,0.03
2025-10-26 09:00:00,0.25,0.25,0.23,CLE,25OCT26CLENE,0.48,0.03
2025-10-26 10:00:00,0.25,0.25,0.24,CLE,25OCT26CLENE,0.48,0.03
2025-10-26 11:00:00,0.25,0.25,0.25,CLE,25OCT26CLENE,0.48,0.03
2025-10-26 12:00:00,0.25,0.25,0.24,CLE,25OCT26CLENE,0.44,0.03
2025-10-26 13:00:00,0.25,0.26,0.24,CLE,25OCT26CLENE,0.44,0.03
2025-10-26 14:00:00,0.26,0.26,0.24,CLE,25OCT26CLENE,0.43,0.03
2025-10-26 15:00:00,0.25,0.26,0.24,CLE,25OCT26CLENE,0.43,0.03
2025-10-26 16:00:00,0.25,0.25,0.24,CLE,25OCT26CLENE,-0.01,0.67
2025-10-26 17:00:00,0.26,0.26,0.24,CLE,25OCT26CLENE,-0.52,0.67
2025-10-26 18:00:00,0.31,0.52,0.2,CLE,25OCT26CLENE,-0.52,0.67
2025-10-26 19:00:00,0.02,0.43,0.02,CLE,25OCT26CLENE,-0.44,0.67
2025-10-26 20:00:00,0.01,0.04,0.01,CLE,25OCT26CLENE,-0.44,0.67
2025-10-19 21:00:00,0.73,0.73,0.73,BAL,25OCT26CHIBAL,0.53,0.15
2025-10-19 22:00:00,0.73,0.73,0.72,BAL,25OCT26CHIBAL,0.53,0.15
2025-10-19 23:00:00,0.72,0.72,0.7,BAL,25OCT26CHIBAL,0.53,0.15
2025-10-20 00:00:00,0.71,0.72,0.7,BAL,25OCT26CHIBAL,0.61,0.15
2025-10-20 01:00:00,0.76,0.76,0.7,BAL,25OCT26CHIBAL,0.61,0.15
2025-10-20 02:00:00,0.76,0.77,0.76,BAL,25OCT26CHIBAL,0.61,0.15
2025-10-20 03:00:00,0.77,0.77,0.76,BAL,25OCT26CHIBAL,0.61,0.15
2025-10-20 04:00:00,0.75,0.75,0.75,BAL,25OCT26CHIBAL,0.61,0.15
2025-10-20 05:00:00,0.75,0.75,0.75,BAL,25OCT26CHIBAL,0.61,0.15
2025-10-20 06:00:00,0.75,0.75,0.75,BAL,25OCT26CHIBAL,0.61,0.15
2025-10-20 07:00:00,0.75,0.75,0.74,BAL,25OCT26CHIBAL,0.61,0.15
2025-10-20 08:00:00,0.75,0.75,0.75,BAL,25OCT26CHIBAL,0.61,0.15
2025-10-20 09:00:00,0.75,0.75,0.75,BAL,25OCT26CHIBAL,0.61,0.15
2025-10-20 10:00:00,0.75,0.75,0.75,BAL,25OCT26CHIBAL,0.61,0.15
2025-10-20 11:00:00,0.75,0.75,0.75,BAL,25OCT26CHIBAL,0.61,0.15
2025-10-20 12:00:00,0.75,0.75,0.75,BAL,25OCT26CHIBAL,0.61,0.15
2025-10-20 13:00:00,0.74,0.75,0.74,BAL,25OCT26CHIBAL,0.61,0.15
2025-10-20 14:00:00,0.75,0.75,0.74,BAL,25OCT26CHIBAL,0.49,0.52
2025-10-20 15:00:00,0.75,0.75,0.74,BAL,25OCT26CHIBAL,0.49,0.52
2025-10-20 16:00:00,0.75,0.75,0.75,BAL,25OCT26CHIBAL,0.49,0.52
2025-10-20 17:00:00,0.75,0.75,0.74,BAL,25OCT26CHIBAL,0.73,0.52
2025-10-20 18:00:00,0.75,0.75,0.75,BAL,25OCT26CHIBAL,0.67,0.52
2025-10-20 19:00:00,0.75,0.75,0.75,BAL,25OCT26CHIBAL,-0.61,0.52
2025-10-20 20:00:00,0.75,0.75,0.75,BAL,25OCT26CHIBAL,0.65,0.02
2025-10-20 21:00:00,0.75,0.75,0.75,BAL,25OCT26CHIBAL,0.65,0.02
2025-10-20 22:00:00,0.75,0.75,0.74,BAL,25OCT26CHIBAL,0.65,0.02
2025-10-20 23:00:00,0.75,0.75,0.75,BAL,25OCT26CHIBAL,0.64,0.02
2025-10-21 00:00:00,0.75,0.75,0.75,BAL,25OCT26CHIBAL,0.64,0.02
2025-10-21 01:00:00,0.74,0.74,0.74,BAL,25OCT26CHIBAL,0.64,0.02
2025-10-21 02:00:00,0.74,0.74,0.74,BAL,25OCT26CHIBAL,0.64,0.02
2025-10-21 03:00:00,0.75,0.75,0.74,BAL,25OCT26CHIBAL,0.64,0.02
2025-10-21 04:00:00,0.75,0.75,0.74,BAL,25OCT26CHIBAL,0.64,0.02
2025-10-21 05:00:00,0.74,0.74,0.73,BAL,25OCT26CHIBAL,0.64,0.02
2025-10-21 06:00:00,0.74,0.74,0.73,BAL,25OCT26CHIBAL,0.64,0.02
2025-10-21 07:00:00,0.73,0.74,0.73,BAL,25OCT26CHIBAL,0.64,0.02
2025-10-21 08:00:00,0.74,0.74,0.73,BAL,25OCT26CHIBAL,0.64,0.02
2025-10-21 09:00:00,0.74,0.74,0.74,BAL,25OCT26CHIBAL,0.64,0.02
2025-10-21 10:00:00,0.73,0.74,0.73,BAL,25OCT26CHIBAL,0.64,0.02
2025-10-21 11:00:00,0.72,0.74,0.72,BAL,25OCT26CHIBAL,0.64,0.02
2025-10-21 12:00:00,0.74,0.74,0.73,BAL,25OCT26CHIBAL,0.64,0.02
2025-10-21 13:00:00,0.74,0.74,0.73,BAL,25OCT26CHIBAL,0.64,0.02
2025-10-21 14:00:00,0.74,0.74,0.73,BAL,25OCT26CHIBAL,0.64,0.02
2025-10-21 15:00:00,0.73,0.74,0.73,BAL,25OCT26CHIBAL,0.64,0.02
2025-10-21 16:00:00,0.73,0.74,0.72,BAL,25OCT26CHIBAL,0.64,0.02
2025-10-21 17:00:00,0.73,0.73,0.72,BAL,25OCT26CHIBAL,0.64,0.02
2025-10-21 18:00:00,0.73,0.73,0.72,BAL,25OCT26CHIBAL,0.64,0.02
2025-10-21 19:00:00,0.73,0.73,0.72,BAL,25OCT26CHIBAL,0.64,0.02
2025-10-21 20:00:00,0.72,0.73,0.72,BAL,25OCT26CHIBAL,0.64,0.02
2025-10-21 21:00:00,0.72,0.73,0.72,BAL,25OCT26CHIBAL,0.64,0.02
2025-10-21 22:00:00,0.72,0.72,0.71,BAL,25OCT26CHIBAL,0.64,0.02
2025-10-21 23:00:00,0.71,0.72,0.71,BAL,25OCT26CHIBAL,0.64,0.02
2025-10-22 00:00:00,0.72,0.72,0.71,BAL,25OCT26CHIBAL,0.64,0.02
2025-10-22 01:00:00,0.73,0.73,0.71,BAL,25OCT26CHIBAL,0.64,0.02
2025-10-22 02:00:00,0.73,0.73,0.71,BAL,25OCT26CHIBAL,0.64,0.02
2025-10-22 03:00:00,0.73,0.73,0.71,BAL,25OCT26CHIBAL,0.64,0.02
2025-10-22 04:00:00,0.73,0.73,0.72,BAL,25OCT26CHIBAL,0.64,0.02
2025-10-22 05:00:00,0.73,0.73,0.72,BAL,25OCT26CHIBAL,0.64,0.02
2025-10-22 06:00:00,0.73,0.73,0.72,BAL,25OCT26CHIBAL,0.64,0.02
2025-10-22 07:00:00,0.73,0.73,0.72,BAL,25OCT26CHIBAL,0.64,0.02
2025-10-22 08:00:00,0.73,0.73,0.73,BAL,25OCT26CHIBAL,0.64,0.02
2025-10-22 09:00:00,0.73,0.73,0.73,BAL,25OCT26CHIBAL,0.64,0.02
2025-10-22 10:00:00,0.73,0.73,0.73,BAL,25OCT26CHIBAL,0.64,0.02
2025-10-22 11:00:00,0.73,0.73,0.73,BAL,25OCT26CHIBAL,0.64,0.02
2025-10-22 12:00:00,0.73,0.73,0.73,BAL,25OCT26CHIBAL,0.64,0.02
2025-10-22 13:00:00,0.71,0.73,0.71,BAL,25OCT26CHIBAL,0.64,0.02
2025-10-22 14:00:00,0.73,0.73,0.71,BAL,25OCT26CHIBAL,0.44,0.79
2025-10-22 15:00:00,0.73,0.73,0.71,BAL,25OCT26CHIBAL,0.51,0.54
2025-10-22 16:00:00,0.73,0.73,0.72,BAL,25OCT26CHIBAL,0.51,0.54
2025-10-22 17:00:00,0.72,0.73,0.71,BAL,25OCT26CHIBAL,0.51,0.54
2025-10-22 18:00:00,0.7,0.72,0.69,BAL,25OCT26CHIBAL,0.51,0.54
2025-10-22 19:00:00,0.72,0.72,0.7,BAL,25OCT26CHIBAL,0.53,0.54
2025-10-22 20:00:00,0.71,0.72,0.71,BAL,25OCT26CHIBAL,0.53,0.54
2025-10-22 21:00:00,0.72,0.72,0.71,BAL,25OCT26CHIBAL,0.55,0.05
2025-10-22 22:00:00,0.71,0.72,0.71,BAL,25OCT26CHIBAL,0.55,0.05
2025-10-22 23:00:00,0.71,0.72,0.71,BAL,25OCT26CHIBAL,0.55,0.05
2025-10-23 00:00:00,0.71,0.72,0.7,BAL,25OCT26CHIBAL,0.55,0.05
2025-10-23 01:00:00,0.71,0.72,0.7,BAL,25OCT26CHIBAL,0.55,0.05
2025-10-23 02:00:00,0.71,0.72,0.71,BAL,25OCT26CHIBAL,0.55,0.05
2025-10-23 03:00:00,0.71,0.71,0.7,BAL,25OCT26CHIBAL,0.55,0.05
2025-10-23 04:00:00,0.7,0.71,0.7,BAL,25OCT26CHIBAL,0.55,0.05
2025-10-23 05:00:00,0.71,0.71,0.7,BAL,25OCT26CHIBAL,0.55,0.05
2025-10-23 06:00:00,0.71,0.71,0.71,BAL,25OCT26CHIBAL,0.55,0.05
2025-10-23 07:00:00,0.71,0.71,0.7,BAL,25OCT26CHIBAL,0.55,0.05
2025-10-23 08:00:00,0.71,0.71,0.7,BAL,25OCT26CHIBAL,0.55,0.05
2025-10-23 09:00:00,0.71,0.71,0.7,BAL,25OCT26CHIBAL,0.55,0.05
2025-10-23 10:00:00,0.71,0.71,0.71,BAL,25OCT26CHIBAL,0.55,0.05
2025-10-23 11:00:00,0.71,0.71,0.71,BAL,25OCT26CHIBAL,0.55,0.05
2025-10-23 12:00:00,0.71,0.71,0.7,BAL,25OCT26CHIBAL,0.55,0.05
2025-10-23 13:00:00,0.71,0.71,0.7,BAL,25OCT26CHIBAL,0.55,0.05
2025-10-23 14:00:00,0.71,0.71,0.7,BAL,25OCT26CHIBAL,0.55,0.05
2025-10-23 15:00:00,0.71,0.71,0.7,BAL,25OCT26CHIBAL,0.55,0.05
2025-10-23 16:00:00,0.71,0.71,0.7,BAL,25OCT26CHIBAL,0.55,0.05
2025-10-23 17:00:00,0.71,0.71,0.7,BAL,25OCT26CHIBAL,0.55,0.05
2025-10-23 18:00:00,0.71,0.71,0.7,BAL,25OCT26CHIBAL,0.55,0.05
2025-10-23 19:00:00,0.72,0.72,0.71,BAL,25OCT26CHIBAL,0.55,0.05
2025-10-23 20:00:00,0.71,0.72,0.7,BAL,25OCT26CHIBAL,0.55,0.05
2025-10-23 21:00:00,0.72,0.72,0.71,BAL,25OCT26CHIBAL,0.55,0.05
2025-10-23 22:00:00,0.71,0.72,0.7,BAL,25OCT26CHIBAL,0.55,0.05
2025-10-23 23:00:00,0.7,0.71,0.7,BAL,25OCT26CHIBAL,0.55,0.05
2025-10-24 00:00:00,0.72,0.72,0.71,BAL,25OCT26CHIBAL,0.55,0.05
2025-10-24 01:00:00,0.71,0.72,0.71,BAL,25OCT26CHIBAL,0.55,0.05
2025-10-24 02:00:00,0.72,0.72,0.71,BAL,25OCT26CHIBAL,0.55,0.05
2025-10-24 03:00:00,0.72,0.72,0.71,BAL,25OCT26CHIBAL,0.55,0.05
2025-10-24 04:00:00,0.71,0.72,0.71,BAL,25OCT26CHIBAL,0.55,0.05
2025-10-24 05:00:00,0.72,0.72,0.71,BAL,25OCT26CHIBAL,0.55,0.05
2025-10-24 06:00:00,0.72,0.72,0.71,BAL,25OCT26CHIBAL,0.55,0.05
2025-10-24 07:00:00,0.72,0.72,0.71,BAL,25OCT26CHIBAL,0.55,0.05
2025-10-24 08:00:00,0.71,0.72,0.71,BAL,25OCT26CHIBAL,0.55,0.05
2025-10-24 09:00:00,0.72,0.72,0.72,BAL,25OCT26CHIBAL,0.55,0.05
2025-10-24 10:00:00,0.72,0.72,0.72,BAL,25OCT26CHIBAL,0.55,0.05
2025-10-24 11:00:00,0.71,0.72,0.71,BAL,25OCT26CHIBAL,0.55,0.05
2025-10-24 12:00:00,0.71,0.72,0.71,BAL,25OCT26CHIBAL,0.55,0.05
2025-10-24 13:00:00,0.72,0.72,0.71,BAL,25OCT26CHIBAL,0.55,0.05
2025-10-24 14:00:00,0.72,0.72,0.71,BAL,25OCT26CHIBAL,0.55,0.05
2025-10-24 15:00:00,0.72,0.72,0.71,BAL,25OCT26CHIBAL,0.55,0.05
2025-10-24 16:00:00,0.72,0.72,0.71,BAL,25OCT26CHIBAL,0.55,0.05
2025-10-24 17:00:00,0.72,0.72,0.71,BAL,25OCT26CHIBAL,0.58,0.05
2025-10-24 18:00:00,0.72,0.72,0.71,BAL,25OCT26CHIBAL,0.58,0.05
2025-10-24 19:00:00,0.72,0.72,0.71,BAL,25OCT26CHIBAL,0.58,0.05
2025-10-24 20:00:00,0.75,0.75,0.72,BAL,25OCT26CHIBAL,0.58,0.05
2025-10-24 21:00:00,0.75,0.75,0.73,BAL,25OCT26CHIBAL,0.58,0.05
2025-10-24 22:00:00,0.74,0.75,0.73,BAL,25OCT26CHIBAL,0.58,0.05
2025-10-24 23:00:00,0.73,0.74,0.73,BAL,25OCT26CHIBAL,0.58,0.05
2025-10-25 00:00:00,0.75,0.75,0.73,BAL,25OCT26CHIBAL,0.58,0.05
2025-10-25 01:00:00,0.73,0.75,0.73,BAL,25OCT26CHIBAL,0.58,0.05
2025-10-25 02:00:00,0.73,0.75,0.73,BAL,25OCT26CHIBAL,0.58,0.05
2025-10-25 03:00:00,0.74,0.74,0.73,BAL,25OCT26CHIBAL,0.58,0.05
2025-10-25 04:00:00,0.74,0.74,0.73,BAL,25OCT26CHIBAL,0.58,0.05
2025-10-25 05:00:00,0.74,0.74,0.73,BAL,25OCT26CHIBAL,0.58,0.05
2025-10-25 06:00:00,0.74,0.75,0.73,BAL,25OCT26CHIBAL,0.58,0.05
2025-10-25 07:00:00,0.74,0.74,0.73,BAL,25OCT26CHIBAL,0.58,0.05
2025-10-25 08:00:00,0.74,0.74,0.73,BAL,25OCT26CHIBAL,0.58,0.05
2025-10-25 09:00:00,0.74,0.74,0.74,BAL,25OCT26CHIBAL,0.58,0.05
2025-10-25 10:00:00,0.74,0.74,0.74,BAL,25OCT26CHIBAL,0.58,0.05
2025-10-25 11:00:00,0.75,0.75,0.73,BAL,25OCT26CHIBAL,0.58,0.05
2025-10-25 12:00:00,0.75,0.75,0.74,BAL,25OCT26CHIBAL,0.58,0.05
2025-10-25 13:00:00,0.74,0.75,0.73,BAL,25OCT26CHIBAL,0.58,0.05
2025-10-25 14:00:00,0.75,0.75,0.73,BAL,25OCT26CHIBAL,0.4,0.63
2025-10-25 15:00:00,0.64,0.75,0.55,BAL,25OCT26CHIBAL,0.4,0.63
2025-10-25 16:00:00,0.64,0.64,0.61,BAL,25OCT26CHIBAL,-0.69,0.63
2025-10-25 17:00:00,0.57,0.64,0.55,BAL,25OCT26CHIBAL,-0.69,0.63
2025-10-25 18:00:00,0.57,0.58,0.56,BAL,25OCT26CHIBAL,-0.69,0.63
2025-10-25 19:00:00,0.56,0.57,0.56,BAL,25OCT26CHIBAL,0.46,0.63
2025-10-25 20:00:00,0.57,0.58,0.56,BAL,25OCT26CHIBAL,0.46,0.63
2025-10-25 21:00:00,0.58,0.58,0.56,BAL,25OCT26CHIBAL,0.56,0.62
2025-10-25 22:00:00,0.56,0.58,0.56,BAL,25OCT26CHIBAL,-0.24,0.62
2025-10-25 23:00:00,0.57,0.57,0.56,BAL,25OCT26CHIBAL,-0.24,0.62
2025-10-26 00:00:00,0.57,0.57,0.56,BAL,25OCT26CHIBAL,-0.18,0.57
2025-10-26 01:00:00,0.57,0.58,0.56,BAL,25OCT26CHIBAL,-0.66,0.04
2025-10-26 02:00:00,0.58,0.58,0.56,BAL,25OCT26CHIBAL,0.61,0.04
2025-10-26 03:00:00,0.58,0.59,0.57,BAL,25OCT26CHIBAL,0.61,0.04
2025-10-26 04:00:00,0.59,0.59,0.58,BAL,25OCT26CHIBAL,0.61,0.04
2025-10-26 05:00:00,0.58,0.59,0.57,BAL,25OCT26CHIBAL,0.61,0.04
2025-10-26 06:00:00,0.58,0.59,0.57,BAL,25OCT26CHIBAL,0.51,0.04
2025-10-26 07:00:00,0.58,0.59,0.57,BAL,25OCT26CHIBAL,0.51,0.04
2025-10-26 08:00:00,0.58,0.59,0.57,BAL,25OCT26CHIBAL,0.51,0.04
2025-10-26 09:00:00,0.59,0.59,0.58,BAL,25OCT26CHIBAL,0.51,0.04
2025-10-26 10:00:00,0.58,0.58,0.57,BAL,25OCT26CHIBAL,0.51,0.04
2025-10-26 11:00:00,0.59,0.59,0.58,BAL,25OCT26CHIBAL,-0.58,0.04
2025-10-26 12:00:00,0.59,0.6,0.58,BAL,25OCT26CHIBAL,-0.58,0.04
2025-10-26 13:00:00,0.59,0.6,0.58,BAL,25OCT26CHIBAL,0.31,0.65
2025-10-26 14:00:00,0.59,0.59,0.58,BAL,25OCT26CHIBAL,-0.26,0.66
2025-10-26 15:00:00,0.58,0.59,0.57,BAL,25OCT26CHIBAL,-0.57,0.66
2025-10-26 16:00:00,0.58,0.58,0.57,BAL,25OCT26CHIBAL,-0.57,0.66
2025-10-26 17:00:00,0.58,0.58,0.57,BAL,25OCT26CHIBAL,-0.57,0.66
2025-10-26 18:00:00,0.72,0.73,0.37,BAL,25OCT26CHIBAL,-0.61,0.66
2025-10-26 19:00:00,0.8,0.88,0.59,BAL,25OCT26CHIBAL,0.64,0.03
2025-10-26 20:00:00,0.99,0.99,0.65,BAL,25OCT26CHIBAL,0.54,0.6
2025-10-19 20:00:00,0.8,0.8,0.79,BUF,25OCT26BUFCAR,-0.54,0.0
2025-10-19 21:00:00,0.8,0.8,0.79,BUF,25OCT26BUFCAR,0.48,0.0
2025-10-19 22:00:00,0.8,0.8,0.8,BUF,25OCT26BUFCAR,0.48,0.0
2025-10-19 23:00:00,0.79,0.79,0.79,BUF,25OCT26BUFCAR,0.71,0.0
2025-10-20 00:00:00,0.8,0.8,0.79,BUF,25OCT26BUFCAR,0.71,0.0
2025-10-20 01:00:00,0.79,0.8,0.79,BUF,25OCT26BUFCAR,0.63,0.1
2025-10-20 02:00:00,0.79,0.8,0.79,BUF,25OCT26BUFCAR,0.17,0.69
2025-10-20 03:00:00,0.79,0.79,0.79,BUF,25OCT26BUFCAR,0.55,0.69
2025-10-20 04:00:00,0.78,0.79,0.78,BUF,25OCT26BUFCAR,0.63,0.69
2025-10-20 05:00:00,0.78,0.78,0.76,BUF,25OCT26BUFCAR,0.63,0.69
2025-10-20 06:00:00,0.78,0.78,0.78,BUF,25OCT26BUFCAR,0.63,0.69
2025-10-20 07:00:00,0.78,0.78,0.78,BUF,25OCT26BUFCAR,0.63,0.69
2025-10-20 08:00:00,0.78,0.78,0.78,BUF,25OCT26BUFCAR,0.63,0.69
2025-10-20 09:00:00,0.77,0.77,0.77,BUF,25OCT26BUFCAR,0.63,0.69
2025-10-20 10:00:00,0.77,0.77,0.77,BUF,25OCT26BUFCAR,0.63,0.69
2025-10-20 11:00:00,0.77,0.77,0.77,BUF,25OCT26BUFCAR,0.59,0.69
2025-10-20 12:00:00,0.78,0.78,0.78,BUF,25OCT26BUFCAR,0.59,0.69
2025-10-20 13:00:00,0.79,0.79,0.79,BUF,25OCT26BUFCAR,0.57,0.69
2025-10-20 14:00:00,0.79,0.79,0.79,BUF,25OCT26BUFCAR,0.57,0.69
2025-10-20 15:00:00,0.79,0.79,0.79,BUF,25OCT26BUFCAR,0.55,0.69
2025-10-20 16:00:00,0.79,0.79,0.79,BUF,25OCT26BUFCAR,0.55,0.69
2025-10-20 17:00:00,0.79,0.79,0.79,BUF,25OCT26BUFCAR,0.55,0.69
2025-10-20 18:00:00,0.79,0.79,0.79,BUF,25OCT26BUFCAR,0.55,0.69
2025-10-20 19:00:00,0.79,0.79,0.79,BUF,25OCT26BUFCAR,0.55,0.69
2025-10-20 20:00:00,0.79,0.79,0.79,BUF,25OCT26BUFCAR,0.44,0.69
2025-10-20 21:00:00,0.79,0.79,0.79,BUF,25OCT26BUFCAR,0.2,0.73
2025-10-20 22:00:00,0.79,0.79,0.79,BUF,25OCT26BUFCAR,0.65,0.04
2025-10-20 23:00:00,0.79,0.79,0.79,BUF,25OCT26BUFCAR,0.54,0.04
2025-10-21 00:00:00,0.79,0.79,0.79,BUF,25OCT26BUFCAR,0.61,0.04
2025-10-21 01:00:00,0.79,0.79,0.79,BUF,25OCT26BUFCAR,0.48,0.04
2025-10-21 02:00:00,0.79,0.79,0.79,BUF,25OCT26BUFCAR,0.48,0.04
2025-10-21 03:00:00,0.78,0.79,0.78,BUF,25OCT26BUFCAR,-0.32,0.63
2025-10-21 04:00:00,0.79,0.79,0.78,BUF,25OCT26BUFCAR,0.65,0.63
2025-10-21 05:00:00,0.79,0.79,0.79,BUF,25OCT26BUFCAR,0.03,0.9
2025-10-21 06:00:00,0.79,0.79,0.79,BUF,25OCT26BUFCAR,-0.67,0.9
2025-10-21 07:00:00,0.79,0.79,0.79,BUF,25OCT26BUFCAR,-0.67,0.9
2025-10-21 08:00:00,0.79,0.79,0.79,BUF,25OCT26BUFCAR,-0.67,0.9
2025-10-21 09:00:00,0.79,0.79,0.79,BUF,25OCT26BUFCAR,-0.67,0.9
2025-10-21 10:00:00,0.79,0.79,0.79,BUF,25OCT26BUFCAR,-0.67,0.9
2025-10-21 11:00:00,0.79,0.79,0.79,BUF,25OCT26BUFCAR,-0.44,0.9
2025-10-21 12:00:00,0.79,0.79,0.79,BUF,25OCT26BUFCAR,-0.44,0.9
2025-10-21 13:00:00,0.79,0.79,0.78,BUF,25OCT26BUFCAR,-0.27,0.68
2025-10-21 14:00:00,0.79,0.79,0.79,BUF,25OCT26BUFCAR,-0.59,0.68
2025-10-21 15:00:00,0.79,0.79,0.79,BUF,25OCT26BUFCAR,-0.18,0.64
2025-10-21 16:00:00,0.78,0.79,0.77,BUF,25OCT26BUFCAR,-0.18,0.64
2025-10-21 17:00:00,0.78,0.78,0.77,BUF,25OCT26BUFCAR,-0.53,0.02
2025-10-21 18:00:00,0.78,0.78,0.77,BUF,25OCT26BUFCAR,0.48,0.02
2025-10-21 19:00:00,0.78,0.78,0.78,BUF,25OCT26BUFCAR,0.48,0.02
2025-10-21 20:00:00,0.78,0.78,0.78,BUF,25OCT26BUFCAR,0.13,0.68
2025-10-21 21:00:00,0.78,0.78,0.78,BUF,25OCT26BUFCAR,-0.62,0.02
2025-10-21 22:00:00,0.78,0.78,0.77,BUF,25OCT26BUFCAR,-0.56,0.04
2025-10-21 23:00:00,0.78,0.78,0.78,BUF,25OCT26BUFCAR,-0.18,0.54
2025-10-22 00:00:00,0.78,0.78,0.78,BUF,25OCT26BUFCAR,-0.35,0.56
2025-10-22 01:00:00,0.78,0.78,0.78,BUF,25OCT26BUFCAR,-0.56,0.01
2025-10-22 02:00:00,0.78,0.78,0.78,BUF,25OCT26BUFCAR,-0.54,0.01
2025-10-22 03:00:00,0.78,0.78,0.77,BUF,25OCT26BUFCAR,-0.56,0.01
2025-10-22 04:00:00,0.78,0.78,0.78,BUF,25OCT26BUFCAR,-0.56,0.01
2025-10-22 05:00:00,0.78,0.78,0.77,BUF,25OCT26BUFCAR,-0.56,0.01
2025-10-22 06:00:00,0.78,0.78,0.78,BUF,25OCT26BUFCAR,-0.56,0.01
2025-10-22 07:00:00,0.78,0.78,0.78,BUF,25OCT26BUFCAR,-0.56,0.01
2025-10-22 08:00:00,0.78,0.78,0.78,BUF,25OCT26BUFCAR,-0.56,0.01
2025-10-22 09:00:00,0.78,0.78,0.78,BUF,25OCT26BUFCAR,-0.56,0.01
2025-10-22 10:00:00,0.78,0.78,0.78,BUF,25OCT26BUFCAR,-0.56,0.01
2025-10-22 11:00:00,0.78,0.78,0.78,BUF,25OCT26BUFCAR,-0.56,0.01
2025-10-22 12:00:00,0.78,0.78,0.78,BUF,25OCT26BUFCAR,0.11,0.57
2025-10-22 13:00:00,0.78,0.78,0.77,BUF,25OCT26BUFCAR,-0.07,0.66
2025-10-22 14:00:00,0.78,0.78,0.78,BUF,25OCT26BUFCAR,-0.07,0.66
2025-10-22 15:00:00,0.78,0.78,0.77,BUF,25OCT26BUFCAR,0.15,0.62
2025-10-22 16:00:00,0.78,0.78,0.78,BUF,25OCT26BUFCAR,0.53,0.29
2025-10-22 17:00:00,0.78,0.78,0.78,BUF,25OCT26BUFCAR,0.5,0.33
2025-10-22 18:00:00,0.78,0.78,0.77,BUF,25OCT26BUFCAR,-0.02,0.66
2025-10-22 19:00:00,0.78,0.78,0.78,BUF,25OCT26BUFCAR,-0.41,0.54
2025-10-22 20:00:00,0.78,0.78,0.77,BUF,25OCT26BUFCAR,0.43,0.54
2025-10-22 21:00:00,0.78,0.78,0.78,BUF,25OCT26BUFCAR,0.43,0.54
2025-10-22 22:00:00,0.78,0.78,0.77,BUF,25OCT26BUFCAR,0.43,0.54
2025-10-22 23:00:00,0.78,0.78,0.77,BUF,25OCT26BUFCAR,-0.43,0.54
2025-10-23 00:00:00,0.78,0.78,0.77,BUF,25OCT26BUFCAR,0.43,0.54
2025-10-23 01:00:00,0.78,0.78,0.77,BUF,25OCT26BUFCAR,0.43,0.54
2025-10-23 02:00:00,0.78,0.78,0.78,BUF,25OCT26BUFCAR,-0.57,0.01
2025-10-23 03:00:00,0.78,0.78,0.77,BUF,25OCT26BUFCAR,-0.57,0.01
2025-10-23 04:00:00,0.78,0.78,0.78,BUF,25OCT26BUFCAR,0.68,0.17
2025-10-23 05:00:00,0.77,0.78,0.77,BUF,25OCT26BUFCAR,0.33,0.64
2025-10-23 06:00:00,0.78,0.78,0.78,BUF,25OCT26BUFCAR,0.66,0.64
2025-10-23 07:00:00,0.77,0.78,0.77,BUF,25OCT26BUFCAR,0.11,0.98
2025-10-23 08:00:00,0.77,0.78,0.77,BUF,25OCT26BUFCAR,0.54,0.15
2025-10-23 09:00:00,0.77,0.78,0.77,BUF,25OCT26BUFCAR,-0.27,0.6
2025-10-23 10:00:00,0.78,0.78,0.78,BUF,25OCT26BUFCAR,-0.27,0.6
2025-10-23 11:00:00,0.78,0.78,0.78,BUF,25OCT26BUFCAR,0.08,0.94
2025-10-23 12:00:00,0.78,0.78,0.78,BUF,25OCT26BUFCAR,-0.59,0.94
2025-10-23 13:00:00,0.78,0.78,0.77,BUF,25OCT26BUFCAR,-0.59,0.94
2025-10-23 14:00:00,0.78,0.78,0.78,BUF,25OCT26BUFCAR,-0.59,0.94
2025-10-23 15:00:00,0.78,0.78,0.77,BUF,25OCT26BUFCAR,-0.59,0.94
2025-10-23 16:00:00,0.77,0.78,0.77,BUF,25OCT26BUFCAR,-0.51,0.35
2025-10-23 17:00:00,0.78,0.78,0.78,BUF,25OCT26BUFCAR,-0.56,0.01
2025-10-23 18:00:00,0.78,0.78,0.78,BUF,25OCT26BUFCAR,-0.33,0.56
2025-10-23 19:00:00,0.78,0.78,0.78,BUF,25OCT26BUFCAR,-0.04,0.68
2025-10-23 20:00:00,0.78,0.78,0.78,BUF,25OCT26BUFCAR,0.0,0.78
2025-10-23 21:00:00,0.78,0.78,0.77,BUF,25OCT26BUFCAR,-0.05,0.68
2025-10-23 22:00:00,0.78,0.78,0.78,BUF,25OCT26BUFCAR,-0.05,0.68
2025-10-23 23:00:00,0.78,0.78,0.78,BUF,25OCT26BUFCAR,0.49,0.68
2025-10-24 00:00:00,0.78,0.78,0.77,BUF,25OCT26BUFCAR,0.49,0.68
2025-10-24 01:00:00,0.78,0.78,0.77,BUF,25OCT26BUFCAR,0.49,0.68
2025-10-24 02:00:00,0.78,0.78,0.77,BUF,25OCT26BUFCAR,0.49,0.68
2025-10-24 03:00:00,0.78,0.78,0.77,BUF,25OCT26BUFCAR,-0.53,0.68
2025-10-24 04:00:00,0.78,0.78,0.78,BUF,25OCT26BUFCAR,-0.53,0.68
2025-10-24 05:00:00,0.78,0.78,0.78,BUF,25OCT26BUFCAR,-0.53,0.68
2025-10-24 06:00:00,0.78,0.78,0.77,BUF,25OCT26BUFCAR,-0.53,0.68
2025-10-24 07:00:00,0.78,0.78,0.77,BUF,25OCT26BUFCAR,-0.53,0.68
2025-10-24 08:00:00,0.78,0.78,0.77,BUF,25OCT26BUFCAR,-0.53,0.68
2025-10-24 09:00:00,0.78,0.78,0.78,BUF,25OCT26BUFCAR,-0.53,0.68
2025-10-24 10:00:00,0.78,0.78,0.78,BUF,25OCT26BUFCAR,-0.53,0.68
2025-10-24 11:00:00,0.78,0.78,0.78,BUF,25OCT26BUFCAR,-0.53,0.68
2025-10-24 12:00:00,0.78,0.78,0.78,BUF,25OCT26BUFCAR,-0.04,0.69
2025-10-24 13:00:00,0.78,0.78,0.78,BUF,25OCT26BUFCAR,-0.04,0.69
2025-10-24 14:00:00,0.78,0.78,0.77,BUF,25OCT26BUFCAR,-0.04,0.69
2025-10-24 15:00:00,0.78,0.78,0.78,BUF,25OCT26BUFCAR,0.73,0.06
2025-10-24 16:00:00,0.78,0.78,0.77,BUF,25OCT26BUFCAR,0.0,0.88
2025-10-24 17:00:00,0.78,0.78,0.77,BUF,25OCT26BUFCAR,0.56,0.88
2025-10-24 18:00:00,0.78,0.78,0.78,BUF,25OCT26BUFCAR,-0.6,0.0
2025-10-24 19:00:00,0.78,0.78,0.77,BUF,25OCT26BUFCAR,0.53,0.0
2025-10-24 20:00:00,0.78,0.78,0.77,BUF,25OCT26BUFCAR,0.53,0.0
2025-10-24 21:00:00,0.78,0.78,0.77,BUF,25OCT26BUFCAR,0.53,0.0
2025-10-24 22:00:00,0.78,0.78,0.77,BUF,25OCT26BUFCAR,0.51,0.08
2025-10-24 23:00:00,0.78,0.78,0.77,BUF,25OCT26BUFCAR,0.51,0.08
2025-10-25 00:00:00,0.78,0.78,0.78,BUF,25OCT26BUFCAR,-0.12,0.62
2025-10-25 01:00:00,0.78,0.78,0.77,BUF,25OCT26BUFCAR,-0.0,0.59
2025-10-25 02:00:00,0.78,0.78,0.77,BUF,25OCT26BUFCAR,0.42,0.59
2025-10-25 03:00:00,0.78,0.78,0.77,BUF,25OCT26BUFCAR,-0.51,0.59
2025-10-25 04:00:00,0.78,0.78,0.77,BUF,25OCT26BUFCAR,0.42,0.59
2025-10-25 05:00:00,0.78,0.78,0.78,BUF,25OCT26BUFCAR,0.42,0.59
2025-10-25 06:00:00,0.78,0.78,0.77,BUF,25OCT26BUFCAR,0.42,0.59
2025-10-25 07:00:00,0.78,0.78,0.78,BUF,25OCT26BUFCAR,0.42,0.59
2025-10-25 08:00:00,0.78,0.78,0.78,BUF,25OCT26BUFCAR,0.42,0.59
2025-10-25 09:00:00,0.78,0.78,0.78,BUF,25OCT26BUFCAR,0.42,0.59
2025-10-25 10:00:00,0.78,0.78,0.78,BUF,25OCT26BUFCAR,0.42,0.59
2025-10-25 11:00:00,0.78,0.78,0.78,BUF,25OCT26BUFCAR,0.42,0.59
2025-10-25 12:00:00,0.78,0.78,0.78,BUF,25OCT26BUFCAR,-0.56,0.07
2025-10-25 13:00:00,0.78,0.78,0.77,BUF,25OCT26BUFCAR,-0.4,0.47
2025-10-25 14:00:00,0.78,0.78,0.78,BUF,25OCT26BUFCAR,-0.58,0.47
2025-10-25 15:00:00,0.78,0.78,0.78,BUF,25OCT26BUFCAR,-0.03,0.83
2025-10-25 16:00:00,0.78,0.78,0.77,BUF,25OCT26BUFCAR,-0.53,0.02
2025-10-25 17:00:00,0.78,0.78,0.77,BUF,25OCT26BUFCAR,-0.45,0.02
2025-10-25 18:00:00,0.78,0.78,0.77,BUF,25OCT26BUFCAR,-0.64,0.15
2025-10-25 19:00:00,0.78,0.78,0.78,BUF,25OCT26BUFCAR,0.18,0.63
2025-10-25 20:00:00,0.77,0.78,0.77,BUF,25OCT26BUFCAR,0.07,0.65
2025-10-25 21:00:00,0.78,0.78,0.77,BUF,25OCT26BUFCAR,0.26,0.62
2025-10-25 22:00:00,0.78,0.78,0.78,BUF,25OCT26BUFCAR,0.68,0.62
2025-10-25 23:00:00,0.78,0.78,0.77,BUF,25OCT26BUFCAR,-0.59,0.11
2025-10-26 00:00:00,0.78,0.78,0.77,BUF,25OCT26BUFCAR,0.56,0.11
2025-10-26 01:00:00,0.78,0.78,0.77,BUF,25OCT26BUFCAR,0.1,0.65
2025-10-26 02:00:00,0.78,0.78,0.77,BUF,25OCT26BUFCAR,-0.54,0.65
2025-10-26 03:00:00,0.78,0.78,0.77,BUF,25OCT26BUFCAR,-0.57,0.65
2025-10-26 04:00:00,0.78,0.78,0.77,BUF,25OCT26BUFCAR,-0.57,0.06
2025-10-26 05:00:00,0.78,0.78,0.77,BUF,25OCT26BUFCAR,-0.49,0.06
2025-10-26 06:00:00,0.78,0.78,0.77,BUF,25OCT26BUFCAR,-0.49,0.06
2025-10-26 07:00:00,0.78,0.78,0.77,BUF,25OCT26BUFCAR,-0.53,0.06
2025-10-26 08:00:00,0.78,0.78,0.78,BUF,25OCT26BUFCAR,-0.53,0.06
2025-10-26 09:00:00,0.78,0.78,0.78,BUF,25OCT26BUFCAR,0.51,0.06
2025-10-26 10:00:00,0.78,0.78,0.78,BUF,25OCT26BUFCAR,0.57,0.08
2025-10-26 11:00:00,0.77,0.78,0.77,BUF,25OCT26BUFCAR,0.06,0.56
2025-10-26 12:00:00,0.78,0.78,0.78,BUF,25OCT26BUFCAR,0.3,0.46
2025-10-26 13:00:00,0.78,0.78,0.77,BUF,25OCT26BUFCAR,-0.48,0.03
2025-10-26 14:00:00,0.77,0.78,0.76,BUF,25OCT26BUFCAR,0.57,0.12
2025-10-26 15:00:00,0.77,0.77,0.76,BUF,25OCT26BUFCAR,0.25,0.52
2025-10-26 16:00:00,0.77,0.77,0.76,BUF,25OCT26BUFCAR,-0.02,0.68
2025-10-26 17:00:00,0.76,0.77,0.75,BUF,25OCT26BUFCAR,0.04,0.72
2025-10-26 18:00:00,0.9,0.92,0.75,BUF,25OCT26BUFCAR,0.39,0.57
2025-10-26 19:00:00,0.99,0.99,0.87,BUF,25OCT26BUFCAR,0.46,0.44
2025-10-17 04:00:00,0.01,0.07,0.01,LAC,25OCT23MINLAC,-0.61,0.05
2025-10-17 05:00:00,0.01,0.07,0.01,LAC,25OCT23MINLAC,-0.61,0.05
2025-10-17 06:00:00,0.01,0.07,0.01,LAC,25OCT23MINLAC,-0.61,0.05
2025-10-17 07:00:00,0.01,0.07,0.01,LAC,25OCT23MINLAC,-0.61,0.05
2025-10-17 08:00:00,0.01,0.07,0.01,LAC,25OCT23MINLAC,-0.61,0.05
2025-10-17 09:00:00,0.01,0.07,0.01,LAC,25OCT23MINLAC,-0.61,0.05
2025-10-17 10:00:00,0.01,0.07,0.01,LAC,25OCT23MINLAC,-0.61,0.05
2025-10-17 11:00:00,0.01,0.07,0.01,LAC,25OCT23MINLAC,-0.61,0.05
2025-10-17 12:00:00,0.01,0.07,0.01,LAC,25OCT23MINLAC,-0.61,0.05
2025-10-17 13:00:00,0.01,0.07,0.01,LAC,25OCT23MINLAC,-0.61,0.05
2025-10-17 14:00:00,0.01,0.07,0.01,LAC,25OCT23MINLAC,-0.61,0.05
2025-10-17 15:00:00,0.61,0.61,0.6,LAC,25OCT23MINLAC,-0.61,0.05
2025-10-17 16:00:00,0.61,0.61,0.61,LAC,25OCT23MINLAC,-0.61,0.05
2025-10-17 17:00:00,0.61,0.61,0.61,LAC,25OCT23MINLAC,0.61,0.05
2025-10-17 18:00:00,0.61,0.61,0.61,LAC,25OCT23MINLAC,0.61,0.05
2025-10-17 19:00:00,0.61,0.61,0.61,LAC,25OCT23MINLAC,0.61,0.05
2025-10-17 20:00:00,0.61,0.61,0.61,LAC,25OCT23MINLAC,0.61,0.05
2025-10-17 21:00:00,0.61,0.61,0.61,LAC,25OCT23MINLAC,-0.57,0.05
2025-10-17 22:00:00,0.61,0.61,0.61,LAC,25OCT23MINLAC,-0.57,0.05
2025-10-17 23:00:00,0.61,0.61,0.61,LAC,25OCT23MINLAC,-0.57,0.05
2025-10-18 00:00:00,0.61,0.61,0.61,LAC,25OCT23MINLAC,-0.57,0.05
2025-10-18 01:00:00,0.61,0.61,0.61,LAC,25OCT23MINLAC,-0.57,0.05
2025-10-18 02:00:00,0.61,0.61,0.61,LAC,25OCT23MINLAC,-0.57,0.05
2025-10-18 03:00:00,0.61,0.61,0.61,LAC,25OCT23MINLAC,-0.57,0.05
2025-10-18 04:00:00,0.61,0.61,0.61,LAC,25OCT23MINLAC,-0.57,0.05
2025-10-18 05:00:00,0.61,0.61,0.61,LAC,25OCT23MINLAC,-0.57,0.05
2025-10-18 06:00:00,0.61,0.61,0.6,LAC,25OCT23MINLAC,-0.57,0.05
2025-10-18 07:00:00,0.61,0.61,0.61,LAC,25OCT23MINLAC,-0.57,0.05
2025-10-18 08:00:00,0.61,0.61,0.61,LAC,25OCT23MINLAC,-0.57,0.05
2025-10-18 09:00:00,0.61,0.61,0.61,LAC,25OCT23MINLAC,-0.57,0.05
2025-10-18 10:00:00,0.61,0.61,0.61,LAC,25OCT23MINLAC,-0.57,0.05
2025-10-18 11:00:00,0.61,0.61,0.61,LAC,25OCT23MINLAC,-0.57,0.05
2025-10-18 12:00:00,0.61,0.61,0.61,LAC,25OCT23MINLAC,-0.57,0.05
2025-10-18 13:00:00,0.61,0.61,0.61,LAC,25OCT23MINLAC,-0.57,0.05
2025-10-18 14:00:00,0.61,0.61,0.61,LAC,25OCT23MINLAC,-0.57,0.05
2025-10-18 15:00:00,0.61,0.61,0.61,LAC,25OCT23MINLAC,-0.57,0.05
2025-10-18 16:00:00,0.61,0.61,0.61,LAC,25OCT23MINLAC,-0.57,0.05
2025-10-18 17:00:00,0.61,0.61,0.61,LAC,25OCT23MINLAC,-0.57,0.05
2025-10-18 18:00:00,0.61,0.61,0.61,LAC,25OCT23MINLAC,-0.57,0.05
2025-10-18 19:00:00,0.61,0.61,0.61,LAC,25OCT23MINLAC,-0.57,0.05
2025-10-18 20:00:00,0.61,0.61,0.61,LAC,25OCT23MINLAC,-0.57,0.05
2025-10-18 21:00:00,0.61,0.61,0.61,LAC,25OCT23MINLAC,-0.57,0.05
2025-10-18 22:00:00,0.61,0.61,0.61,LAC,25OCT23MINLAC,0.48,0.05
2025-10-18 23:00:00,0.61,0.61,0.61,LAC,25OCT23MINLAC,0.48,0.05
2025-10-19 00:00:00,0.61,0.61,0.61,LAC,25OCT23MINLAC,0.48,0.05
2025-10-19 01:00:00,0.61,0.61,0.61,LAC,25OCT23MINLAC,0.48,0.05
2025-10-19 02:00:00,0.61,0.61,0.61,LAC,25OCT23MINLAC,0.48,0.05
2025-10-19 03:00:00,0.61,0.61,0.61,LAC,25OCT23MINLAC,0.48,0.05
2025-10-19 04:00:00,0.61,0.61,0.61,LAC,25OCT23MINLAC,0.48,0.05
2025-10-19 05:00:00,0.61,0.61,0.61,LAC,25OCT23MINLAC,0.48,0.05
2025-10-19 06:00:00,0.61,0.61,0.61,LAC,25OCT23MINLAC,0.48,0.05
2025-10-19 07:00:00,0.61,0.61,0.61,LAC,25OCT23MINLAC,0.55,0.05
2025-10-19 08:00:00,0.61,0.61,0.61,LAC,25OCT23MINLAC,0.55,0.05
2025-10-19 09:00:00,0.61,0.61,0.61,LAC,25OCT23MINLAC,0.55,0.05
2025-10-19 10:00:00,0.61,0.61,0.61,LAC,25OCT23MINLAC,0.55,0.05
2025-10-19 11:00:00,0.61,0.61,0.61,LAC,25OCT23MINLAC,0.55,0.05
2025-10-19 12:00:00,0.61,0.61,0.61,LAC,25OCT23MINLAC,0.55,0.05
2025-10-19 13:00:00,0.61,0.61,0.61,LAC,25OCT23MINLAC,0.55,0.05
2025-10-19 14:00:00,0.6,0.6,0.6,LAC,25OCT23MINLAC,0.55,0.05
2025-10-19 15:00:00,0.61,0.61,0.61,LAC,25OCT23MINLAC,0.55,0.05
2025-10-19 16:00:00,0.61,0.61,0.61,LAC,25OCT23MINLAC,0.55,0.05
2025-10-19 17:00:00,0.61,0.61,0.61,LAC,25OCT23MINLAC,0.54,0.01
2025-10-19 18:00:00,0.61,0.61,0.61,LAC,25OCT23MINLAC,0.54,0.01
2025-10-19 19:00:00,0.62,0.62,0.61,LAC,25OCT23MINLAC,0.54,0.01
2025-10-19 20:00:00,0.62,0.62,0.62,LAC,25OCT23MINLAC,0.54,0.01
2025-10-19 21:00:00,0.62,0.62,0.62,LAC,25OCT23MINLAC,0.54,0.01
2025-10-19 22:00:00,0.62,0.62,0.59,LAC,25OCT23MINLAC,-0.57,0.01
2025-10-19 23:00:00,0.6,0.6,0.6,LAC,25OCT23MINLAC,-0.2,0.89
2025-10-20 00:00:00,0.59,0.59,0.58,LAC,25OCT23MINLAC,-0.71,0.06
2025-10-20 01:00:00,0.59,0.59,0.58,LAC,25OCT23MINLAC,-0.59,0.11
2025-10-20 02:00:00,0.57,0.58,0.57,LAC,25OCT23MINLAC,-0.64,0.11
2025-10-20 03:00:00,0.58,0.58,0.57,LAC,25OCT23MINLAC,-0.64,0.11
2025-10-20 04:00:00,0.58,0.58,0.58,LAC,25OCT23MINLAC,-0.64,0.11
2025-10-20 05:00:00,0.58,0.58,0.58,LAC,25OCT23MINLAC,-0.76,0.11
2025-10-20 06:00:00,0.58,0.58,0.58,LAC,25OCT23MINLAC,-0.76,0.11
2025-10-20 07:00:00,0.58,0.58,0.57,LAC,25OCT23MINLAC,-0.76,0.11
2025-10-20 08:00:00,0.58,0.58,0.57,LAC,25OCT23MINLAC,-0.76,0.11
2025-10-20 09:00:00,0.58,0.58,0.57,LAC,25OCT23MINLAC,-0.76,0.11
2025-10-20 10:00:00,0.58,0.58,0.58,LAC,25OCT23MINLAC,-0.76,0.11
2025-10-20 11:00:00,0.58,0.58,0.58,LAC,25OCT23MINLAC,-0.76,0.11
2025-10-20 12:00:00,0.58,0.58,0.58,LAC,25OCT23MINLAC,-0.76,0.11
2025-10-20 13:00:00,0.58,0.58,0.58,LAC,25OCT23MINLAC,0.64,0.11
2025-10-20 14:00:00,0.58,0.58,0.58,LAC,25OCT23MINLAC,0.64,0.11
2025-10-20 15:00:00,0.58,0.58,0.58,LAC,25OCT23MINLAC,0.64,0.11
2025-10-20 16:00:00,0.58,0.58,0.58,LAC,25OCT23MINLAC,0.64,0.11
2025-10-20 17:00:00,0.61,0.61,0.58,LAC,25OCT23MINLAC,0.64,0.11
2025-10-20 18:00:00,0.61,0.61,0.6,LAC,25OCT23MINLAC,0.64,0.11
2025-10-20 19:00:00,0.61,0.61,0.61,LAC,25OCT23MINLAC,0.64,0.11
2025-10-20 20:00:00,0.61,0.61,0.61,LAC,25OCT23MINLAC,0.64,0.11
2025-10-20 21:00:00,0.61,0.61,0.61,LAC,25OCT23MINLAC,0.64,0.11
2025-10-20 22:00:00,0.61,0.61,0.6,LAC,25OCT23MINLAC,0.65,0.11
2025-10-20 23:00:00,0.61,0.61,0.61,LAC,25OCT23MINLAC,0.65,0.11
2025-10-21 00:00:00,0.61,0.61,0.61,LAC,25OCT23MINLAC,0.65,0.11
2025-10-21 01:00:00,0.61,0.61,0.61,LAC,25OCT23MINLAC,0.65,0.11
2025-10-21 02:00:00,0.61,0.61,0.61,LAC,25OCT23MINLAC,0.65,0.11
2025-10-21 03:00:00,0.61,0.61,0.6,LAC,25OCT23MINLAC,0.65,0.11
2025-10-21 04:00:00,0.61,0.61,0.6,LAC,25OCT23MINLAC,0.65,0.11
2025-10-21 05:00:00,0.61,0.61,0.61,LAC,25OCT23MINLAC,0.65,0.11
2025-10-21 06:00:00,0.61,0.61,0.6,LAC,25OCT23MINLAC,0.65,0.11
2025-10-21 07:00:00,0.61,0.61,0.6,LAC,25OCT23MINLAC,-0.64,0.11
2025-10-21 08:00:00,0.61,0.61,0.61,LAC,25OCT23MINLAC,-0.64,0.11
2025-10-21 09:00:00,0.61,0.61,0.61,LAC,25OCT23MINLAC,-0.64,0.11
2025-10-21 10:00:00,0.61,0.61,0.61,LAC,25OCT23MINLAC,-0.64,0.11
2025-10-21 11:00:00,0.61,0.61,0.61,LAC,25OCT23MINLAC,-0.64,0.11
2025-10-21 12:00:00,0.61,0.61,0.6,LAC,25OCT23MINLAC,-0.64,0.11
2025-10-21 13:00:00,0.61,0.61,0.61,LAC,25OCT23MINLAC,-0.64,0.11
2025-10-21 14:00:00,0.61,0.61,0.6,LAC,25OCT23MINLAC,-0.64,0.11
2025-10-21 15:00:00,0.61,0.61,0.6,LAC,25OCT23MINLAC,-0.64,0.11
2025-10-21 16:00:00,0.62,0.62,0.61,LAC,25OCT23MINLAC,0.68,0.11
2025-10-21 17:00:00,0.62,0.62,0.61,LAC,25OCT23MINLAC,0.68,0.11
2025-10-21 18:00:00,0.63,0.63,0.61,LAC,25OCT23MINLAC,0.68,0.11
2025-10-21 19:00:00,0.63,0.63,0.62,LAC,25OCT23MINLAC,0.68,0.11
2025-10-21 20:00:00,0.63,0.63,0.61,LAC,25OCT23MINLAC,-0.68,0.11
2025-10-21 21:00:00,0.63,0.63,0.62,LAC,25OCT23MINLAC,-0.68,0.11
2025-10-21 22:00:00,0.63,0.63,0.62,LAC,25OCT23MINLAC,-0.68,0.11
2025-10-21 23:00:00,0.63,0.63,0.62,LAC,25OCT23MINLAC,-0.68,0.11
2025-10-22 00:00:00,0.63,0.63,0.62,LAC,25OCT23MINLAC,-0.68,0.11
2025-10-22 01:00:00,0.63,0.63,0.62,LAC,25OCT23MINLAC,-0.68,0.11
2025-10-22 02:00:00,0.63,0.63,0.62,LAC,25OCT23MINLAC,-0.68,0.11
2025-10-22 03:00:00,0.63,0.63,0.62,LAC,25OCT23MINLAC,-0.68,0.11
2025-10-22 04:00:00,0.63,0.63,0.62,LAC,25OCT23MINLAC,-0.68,0.11
2025-10-22 05:00:00,0.63,0.63,0.62,LAC,25OCT23MINLAC,-0.68,0.11
2025-10-22 06:00:00,0.63,0.63,0.63,LAC,25OCT23MINLAC,-0.68,0.11
2025-10-22 07:00:00,0.63,0.63,0.63,LAC,25OCT23MINLAC,-0.68,0.11
2025-10-22 08:00:00,0.62,0.63,0.62,LAC,25OCT23MINLAC,-0.68,0.11
2025-10-22 09:00:00,0.63,0.63,0.63,LAC,25OCT23MINLAC,-0.68,0.11
2025-10-22 10:00:00,0.63,0.63,0.63,LAC,25OCT23MINLAC,-0.68,0.11
2025-10-22 11:00:00,0.63,0.63,0.63,LAC,25OCT23MINLAC,-0.68,0.11
2025-10-22 12:00:00,0.63,0.63,0.63,LAC,25OCT23MINLAC,-0.68,0.11
2025-10-22 13:00:00,0.63,0.63,0.62,LAC,25OCT23MINLAC,-0.68,0.11
2025-10-22 14:00:00,0.63,0.63,0.62,LAC,25OCT23MINLAC,-0.68,0.11
2025-10-22 15:00:00,0.63,0.63,0.62,LAC,25OCT23MINLAC,-0.68,0.11
2025-10-22 16:00:00,0.63,0.63,0.62,LAC,25OCT23MINLAC,-0.68,0.11
2025-10-22 17:00:00,0.63,0.63,0.62,LAC,25OCT23MINLAC,-0.68,0.11
2025-10-22 18:00:00,0.63,0.63,0.62,LAC,25OCT23MINLAC,-0.68,0.11
2025-10-22 19:00:00,0.63,0.63,0.62,LAC,25OCT23MINLAC,-0.68,0.11
2025-10-22 20:00:00,0.63,0.63,0.62,LAC,25OCT23MINLAC,-0.68,0.11
2025-10-22 21:00:00,0.63,0.63,0.62,LAC,25OCT23MINLAC,-0.68,0.11
2025-10-22 22:00:00,0.63,0.63,0.62,LAC,25OCT23MINLAC,-0.68,0.11
2025-10-22 23:00:00,0.63,0.63,0.62,LAC,25OCT23MINLAC,-0.68,0.11
2025-10-23 00:00:00,0.63,0.63,0.62,LAC,25OCT23MINLAC,-0.68,0.11
2025-10-23 01:00:00,0.63,0.63,0.62,LAC,25OCT23MINLAC,-0.68,0.11
2025-10-23 02:00:00,0.63,0.63,0.62,LAC,25OCT23MINLAC,0.63,0.11
2025-10-23 03:00:00,0.63,0.63,0.62,LAC,25OCT23MINLAC,0.63,0.11
2025-10-23 04:00:00,0.63,0.63,0.62,LAC,25OCT23MINLAC,0.63,0.11
2025-10-23 05:00:00,0.63,0.63,0.62,LAC,25OCT23MINLAC,0.63,0.11
2025-10-23 06:00:00,0.63,0.63,0.62,LAC,25OCT23MINLAC,0.63,0.11
2025-10-23 07:00:00,0.63,0.63,0.62,LAC,25OCT23MINLAC,0.63,0.11
2025-10-23 08:00:00,0.63,0.63,0.62,LAC,25OCT23MINLAC,0.63,0.11
2025-10-23 09:00:00,0.63,0.63,0.62,LAC,25OCT23MINLAC,0.63,0.11
2025-10-23 10:00:00,0.63,0.63,0.63,LAC,25OCT23MINLAC,0.63,0.11
2025-10-23 11:00:00,0.63,0.63,0.63,LAC,25OCT23MINLAC,0.63,0.11
2025-10-23 12:00:00,0.63,0.63,0.62,LAC,25OCT23MINLAC,0.63,0.11
2025-10-23 13:00:00,0.63,0.63,0.62,LAC,25OCT23MINLAC,0.63,0.11
2025-10-23 14:00:00,0.63,0.63,0.62,LAC,25OCT23MINLAC,0.6,0.11
2025-10-23 15:00:00,0.63,0.63,0.62,LAC,25OCT23MINLAC,0.6,0.11
2025-10-23 16:00:00,0.62,0.63,0.61,LAC,25OCT23MINLAC,0.6,0.05
2025-10-23 17:00:00,0.61,0.62,0.61,LAC,25OCT23MINLAC,0.6,0.05
2025-10-23 18:00:00,0.63,0.63,0.61,LAC,25OCT23MINLAC,0.77,0.05
2025-10-23 19:00:00,0.63,0.63,0.62,LAC,25OCT23MINLAC,0.77,0.05
2025-10-23 20:00:00,0.63,0.63,0.62,LAC,25OCT23MINLAC,0.77,0.05
2025-10-23 21:00:00,0.63,0.63,0.62,LAC,25OCT23MINLAC,0.77,0.05
2025-10-23 22:00:00,0.63,0.63,0.62,LAC,25OCT23MINLAC,0.77,0.05
2025-10-23 23:00:00,0.61,0.63,0.61,LAC,25OCT23MINLAC,0.77,0.05
2025-10-24 00:00:00,0.62,0.62,0.61,LAC,25OCT23MINLAC,0.77,0.05
2025-10-24 01:00:00,0.89,0.9,0.5,LAC,25OCT23MINLAC,0.77,0.05
2025-10-24 02:00:00,0.97,0.97,0.84,LAC,25OCT23MINLAC,0.75,0.23
2025-10-24 03:00:00,0.99,0.99,0.92,LAC,25OCT23MINLAC,0.65,0.12
2025-10-23 23:00:00,0.77,0.77,0.77,PHI,25OCT26NYGPHI,-0.49,0.0
2025-10-24 00:00:00,0.77,0.77,0.76,PHI,25OCT26NYGPHI,-0.49,0.0
2025-10-24 01:00:00,0.77,0.77,0.77,PHI,25OCT26NYGPHI,-0.49,0.0
2025-10-24 02:00:00,0.77,0.77,0.77,PHI,25OCT26NYGPHI,-0.49,0.0
2025-10-24 03:00:00,0.77,0.77,0.77,PHI,25OCT26NYGPHI,-0.49,0.0
2025-10-24 04:00:00,0.77,0.77,0.77,PHI,25OCT26NYGPHI,-0.49,0.0
2025-10-24 05:00:00,0.77,0.77,0.77,PHI,25OCT26NYGPHI,-0.49,0.0
2025-10-24 06:00:00,0.77,0.77,0.77,PHI,25OCT26NYGPHI,-0.49,0.0
2025-10-24 07:00:00,0.77,0.77,0.77,PHI,25OCT26NYGPHI,-0.49,0.0
2025-10-24 08:00:00,0.77,0.77,0.77,PHI,25OCT26NYGPHI,-0.49,0.0
2025-10-24 09:00:00,0.77,0.77,0.77,PHI,25OCT26NYGPHI,-0.49,0.0
2025-10-24 10:00:00,0.77,0.77,0.77,PHI,25OCT26NYGPHI,-0.49,0.0
2025-10-24 11:00:00,0.77,0.77,0.77,PHI,25OCT26NYGPHI,-0.49,0.0
2025-10-24 12:00:00,0.77,0.77,0.77,PHI,25OCT26NYGPHI,0.48,0.0
2025-10-24 13:00:00,0.77,0.77,0.77,PHI,25OCT26NYGPHI,0.48,0.0
2025-10-24 14:00:00,0.77,0.77,0.76,PHI,25OCT26NYGPHI,0.48,0.0
2025-10-24 15:00:00,0.77,0.77,0.76,PHI,25OCT26NYGPHI,0.48,0.0
2025-10-24 16:00:00,0.77,0.77,0.77,PHI,25OCT26NYGPHI,0.19,0.67
2025-10-24 17:00:00,0.77,0.77,0.77,PHI,25OCT26NYGPHI,0.29,0.61
2025-10-24 18:00:00,0.76,0.77,0.76,PHI,25OCT26NYGPHI,-0.02,0.72
2025-10-24 19:00:00,0.77,0.77,0.76,PHI,25OCT26NYGPHI,-0.37,0.41
2025-10-24 20:00:00,0.76,0.77,0.76,PHI,25OCT26NYGPHI,-0.37,0.41
2025-10-24 21:00:00,0.77,0.77,0.76,PHI,25OCT26NYGPHI,0.38,0.41
2025-10-24 22:00:00,0.77,0.77,0.76,PHI,25OCT26NYGPHI,0.41,0.41
2025-10-24 23:00:00,0.77,0.77,0.76,PHI,25OCT26NYGPHI,0.41,0.41
2025-10-25 00:00:00,0.77,0.77,0.77,PHI,25OCT26NYGPHI,0.41,0.41
2025-10-25 01:00:00,0.76,0.77,0.76,PHI,25OCT26NYGPHI,0.41,0.41
2025-10-25 02:00:00,0.77,0.77,0.77,PHI,25OCT26NYGPHI,0.41,0.41
2025-10-25 03:00:00,0.77,0.77,0.76,PHI,25OCT26NYGPHI,0.22,0.7
2025-10-25 04:00:00,0.77,0.77,0.76,PHI,25OCT26NYGPHI,0.63,0.01
2025-10-25 05:00:00,0.77,0.77,0.77,PHI,25OCT26NYGPHI,0.63,0.01
2025-10-25 06:00:00,0.77,0.77,0.76,PHI,25OCT26NYGPHI,0.63,0.01
2025-10-25 07:00:00,0.77,0.77,0.76,PHI,25OCT26NYGPHI,0.59,0.01
2025-10-25 08:00:00,0.77,0.77,0.77,PHI,25OCT26NYGPHI,0.59,0.01
2025-10-25 09:00:00,0.77,0.77,0.77,PHI,25OCT26NYGPHI,0.59,0.01
2025-10-25 10:00:00,0.77,0.77,0.77,PHI,25OCT26NYGPHI,0.59,0.01
2025-10-25 11:00:00,0.77,0.77,0.77,PHI,25OCT26NYGPHI,0.59,0.01
2025-10-25 12:00:00,0.77,0.77,0.77,PHI,25OCT26NYGPHI,-0.19,0.58
2025-10-25 13:00:00,0.78,0.78,0.76,PHI,25OCT26NYGPHI,-0.29,0.42
2025-10-25 14:00:00,0.78,0.78,0.78,PHI,25OCT26NYGPHI,-0.03,0.68
2025-10-25 15:00:00,0.78,0.78,0.78,PHI,25OCT26NYGPHI,-0.48,0.68
2025-10-25 16:00:00,0.77,0.78,0.77,PHI,25OCT26NYGPHI,0.15,0.58
2025-10-25 17:00:00,0.77,0.77,0.76,PHI,25OCT26NYGPHI,0.05,0.55
2025-10-25 18:00:00,0.76,0.77,0.76,PHI,25OCT26NYGPHI,0.47,0.12
2025-10-25 19:00:00,0.78,0.78,0.77,PHI,25OCT26NYGPHI,0.29,0.43
2025-10-25 20:00:00,0.78,0.78,0.77,PHI,25OCT26NYGPHI,0.6,0.1
2025-10-25 21:00:00,0.78,0.78,0.78,PHI,25OCT26NYGPHI,0.44,0.55
2025-10-25 22:00:00,0.77,0.78,0.77,PHI,25OCT26NYGPHI,0.46,0.38
2025-10-25 23:00:00,0.78,0.78,0.77,PHI,25OCT26NYGPHI,0.1,0.59
2025-10-26 00:00:00,0.77,0.78,0.77,PHI,25OCT26NYGPHI,0.24,0.53
2025-10-26 01:00:00,0.77,0.78,0.77,PHI,25OCT26NYGPHI,0.36,0.68
2025-10-26 02:00:00,0.78,0.78,0.77,PHI,25OCT26NYGPHI,0.28,0.61
2025-10-26 03:00:00,0.78,0.78,0.78,PHI,25OCT26NYGPHI,0.18,0.56
2025-10-26 04:00:00,0.78,0.78,0.76,PHI,25OCT26NYGPHI,0.59,0.12
2025-10-26 05:00:00,0.78,0.78,0.76,PHI,25OCT26NYGPHI,-0.01,0.66
2025-10-26 06:00:00,0.79,0.79,0.76,PHI,25OCT26NYGPHI,-0.01,0.66
2025-10-26 07:00:00,0.78,0.79,0.76,PHI,25OCT26NYGPHI,-0.01,0.66
2025-10-26 08:00:00,0.78,0.78,0.78,PHI,25OCT26NYGPHI,-0.01,0.66
2025-10-26 09:00:00,0.76,0.78,0.76,PHI,25OCT26NYGPHI,-0.01,0.66
2025-10-26 10:00:00,0.78,0.78,0.78,PHI,25OCT26NYGPHI,-0.01,0.66
2025-10-26 11:00:00,0.78,0.78,0.76,PHI,25OCT26NYGPHI,0.62,0.66
2025-10-26 12:00:00,0.78,0.78,0.78,PHI,25OCT26NYGPHI,0.62,0.66
2025-10-26 13:00:00,0.78,0.78,0.77,PHI,25OCT26NYGPHI,0.02,0.7
2025-10-26 14:00:00,0.79,0.79,0.77,PHI,25OCT26NYGPHI,0.48,0.01
2025-10-26 15:00:00,0.78,0.79,0.77,PHI,25OCT26NYGPHI,0.46,0.01
2025-10-26 16:00:00,0.78,0.78,0.77,PHI,25OCT26NYGPHI,0.35,0.31
2025-10-26 17:00:00,0.77,0.78,0.76,PHI,25OCT26NYGPHI,0.33,0.69
2025-10-26 18:00:00,0.83,0.91,0.65,PHI,25OCT26NYGPHI,0.2,0.54
2025-10-26 19:00:00,0.95,0.97,0.78,PHI,25OCT26NYGPHI,0.37,0.44
2025-10-26 20:00:00,0.99,0.99,0.92,PHI,25OCT26NYGPHI,0.41,0.48
2025-10-19 23:00:00,0.28,0.29,0.25,NYG,25OCT26NYGPHI,-0.39,0.29
2025-10-20 00:00:00,0.27,0.29,0.25,NYG,25OCT26NYGPHI,-0.64,0.15
2025-10-20 01:00:00,0.27,0.27,0.25,NYG,25OCT26NYGPHI,-0.6,0.08
2025-10-20 02:00:00,0.27,0.27,0.26,NYG,25OCT26NYGPHI,-0.49,0.09
2025-10-20 03:00:00,0.27,0.27,0.25,NYG,25OCT26NYGPHI,-0.51,0.07
2025-10-20 04:00:00,0.27,0.27,0.27,NYG,25OCT26NYGPHI,-0.58,0.1
2025-10-20 05:00:00,0.27,0.27,0.25,NYG,25OCT26NYGPHI,-0.53,0.12
2025-10-20 06:00:00,0.27,0.27,0.27,NYG,25OCT26NYGPHI,-0.5,0.07
2025-10-20 07:00:00,0.27,0.27,0.27,NYG,25OCT26NYGPHI,-0.5,0.07
2025-10-20 08:00:00,0.27,0.27,0.27,NYG,25OCT26NYGPHI,-0.63,0.07
2025-10-20 09:00:00,0.27,0.27,0.27,NYG,25OCT26NYGPHI,-0.61,0.14
2025-10-20 10:00:00,0.27,0.27,0.27,NYG,25OCT26NYGPHI,-0.56,0.07
2025-10-20 11:00:00,0.27,0.27,0.27,NYG,25OCT26NYGPHI,-0.51,0.09
2025-10-20 12:00:00,0.26,0.26,0.26,NYG,25OCT26NYGPHI,-0.54,0.22
2025-10-20 13:00:00,0.26,0.26,0.25,NYG,25OCT26NYGPHI,-0.5,0.08
2025-10-20 14:00:00,0.26,0.26,0.26,NYG,25OCT26NYGPHI,-0.57,0.08
2025-10-20 15:00:00,0.26,0.26,0.26,NYG,25OCT26NYGPHI,0.48,0.08
2025-10-20 16:00:00,0.25,0.26,0.25,NYG,25OCT26NYGPHI,-0.62,0.08
2025-10-20 17:00:00,0.26,0.26,0.26,NYG,25OCT26NYGPHI,-0.42,0.03
2025-10-20 18:00:00,0.26,0.26,0.26,NYG,25OCT26NYGPHI,-0.55,0.33
2025-10-20 19:00:00,0.26,0.26,0.25,NYG,25OCT26NYGPHI,-0.59,0.08
2025-10-20 20:00:00,0.26,0.26,0.25,NYG,25OCT26NYGPHI,-0.56,0.08
2025-10-20 21:00:00,0.26,0.26,0.25,NYG,25OCT26NYGPHI,-0.5,0.07
2025-10-20 22:00:00,0.26,0.26,0.25,NYG,25OCT26NYGPHI,-0.49,0.24
2025-10-20 23:00:00,0.26,0.26,0.25,NYG,25OCT26NYGPHI,-0.56,0.09
2025-10-21 00:00:00,0.26,0.26,0.25,NYG,25OCT26NYGPHI,-0.27,0.54
2025-10-21 01:00:00,0.25,0.26,0.25,NYG,25OCT26NYGPHI,-0.37,0.51
2025-10-21 02:00:00,0.26,0.26,0.26,NYG,25OCT26NYGPHI,-0.56,0.09
2025-10-21 03:00:00,0.26,0.26,0.25,NYG,25OCT26NYGPHI,-0.55,0.08
2025-10-21 04:00:00,0.26,0.26,0.25,NYG,25OCT26NYGPHI,-0.5,0.05
2025-10-21 05:00:00,0.26,0.26,0.25,NYG,25OCT26NYGPHI,-0.6,0.05
2025-10-21 06:00:00,0.26,0.26,0.25,NYG,25OCT26NYGPHI,-0.48,0.05
2025-10-21 07:00:00,0.25,0.26,0.25,NYG,25OCT26NYGPHI,-0.48,0.05
2025-10-21 08:00:00,0.25,0.26,0.25,NYG,25OCT26NYGPHI,-0.48,0.05
2025-10-21 09:00:00,0.25,0.26,0.25,NYG,25OCT26NYGPHI,-0.48,0.05
2025-10-21 10:00:00,0.25,0.26,0.25,NYG,25OCT26NYGPHI,-0.48,0.05
2025-10-21 11:00:00,0.25,0.25,0.25,NYG,25OCT26NYGPHI,-0.54,0.1
2025-10-21 12:00:00,0.25,0.25,0.25,NYG,25OCT26NYGPHI,-0.57,0.08
2025-10-21 13:00:00,0.24,0.24,0.24,NYG,25OCT26NYGPHI,-0.18,0.58
2025-10-21 14:00:00,0.24,0.24,0.23,NYG,25OCT26NYGPHI,-0.5,0.03
2025-10-21 15:00:00,0.24,0.24,0.24,NYG,25OCT26NYGPHI,-0.36,0.39
2025-10-21 16:00:00,0.24,0.24,0.24,NYG,25OCT26NYGPHI,-0.46,0.02
2025-10-21 17:00:00,0.25,0.25,0.24,NYG,25OCT26NYGPHI,0.51,0.48
2025-10-21 18:00:00,0.24,0.25,0.24,NYG,25OCT26NYGPHI,0.35,0.5
2025-10-21 19:00:00,0.24,0.24,0.24,NYG,25OCT26NYGPHI,-0.21,0.58
2025-10-21 20:00:00,0.24,0.24,0.23,NYG,25OCT26NYGPHI,-0.4,0.45
2025-10-21 21:00:00,0.24,0.24,0.24,NYG,25OCT26NYGPHI,-0.21,0.74
2025-10-21 22:00:00,0.25,0.25,0.24,NYG,25OCT26NYGPHI,-0.32,0.48
2025-10-21 23:00:00,0.24,0.25,0.24,NYG,25OCT26NYGPHI,-0.56,0.12
2025-10-22 00:00:00,0.23,0.24,0.23,NYG,25OCT26NYGPHI,-0.6,0.03
2025-10-22 01:00:00,0.24,0.24,0.24,NYG,25OCT26NYGPHI,-0.51,0.02
2025-10-22 02:00:00,0.24,0.24,0.24,NYG,25OCT26NYGPHI,-0.46,0.06
2025-10-22 03:00:00,0.24,0.24,0.23,NYG,25OCT26NYGPHI,-0.06,0.6
2025-10-22 04:00:00,0.24,0.24,0.24,NYG,25OCT26NYGPHI,-0.54,0.6
2025-10-22 05:00:00,0.24,0.24,0.24,NYG,25OCT26NYGPHI,0.03,0.66
2025-10-22 06:00:00,0.24,0.24,0.24,NYG,25OCT26NYGPHI,0.03,0.66
2025-10-22 07:00:00,0.24,0.24,0.23,NYG,25OCT26NYGPHI,-0.51,0.66
2025-10-22 08:00:00,0.24,0.24,0.23,NYG,25OCT26NYGPHI,-0.57,0.66
2025-10-22 09:00:00,0.24,0.24,0.23,NYG,25OCT26NYGPHI,-0.57,0.66
2025-10-22 10:00:00,0.24,0.24,0.23,NYG,25OCT26NYGPHI,-0.52,0.1
2025-10-22 11:00:00,0.24,0.24,0.23,NYG,25OCT26NYGPHI,-0.48,0.03
2025-10-22 12:00:00,0.24,0.24,0.23,NYG,25OCT26NYGPHI,-0.42,0.04
2025-10-22 13:00:00,0.24,0.24,0.23,NYG,25OCT26NYGPHI,-0.49,0.04
2025-10-22 14:00:00,0.24,0.24,0.23,NYG,25OCT26NYGPHI,-0.49,0.06
2025-10-22 15:00:00,0.24,0.24,0.24,NYG,25OCT26NYGPHI,-0.05,0.65
2025-10-22 16:00:00,0.24,0.24,0.23,NYG,25OCT26NYGPHI,-0.34,0.44
2025-10-22 17:00:00,0.24,0.24,0.24,NYG,25OCT26NYGPHI,0.08,0.58
2025-10-22 18:00:00,0.24,0.24,0.23,NYG,25OCT26NYGPHI,-0.11,0.59
2025-10-22 19:00:00,0.23,0.24,0.23,NYG,25OCT26NYGPHI,-0.22,0.54
2025-10-22 20:00:00,0.23,0.23,0.22,NYG,25OCT26NYGPHI,0.01,0.58
2025-10-22 21:00:00,0.23,0.23,0.23,NYG,25OCT26NYGPHI,0.28,0.45
2025-10-22 22:00:00,0.23,0.23,0.22,NYG,25OCT26NYGPHI,-0.21,0.44
2025-10-22 23:00:00,0.23,0.23,0.22,NYG,25OCT26NYGPHI,-0.26,0.53
2025-10-23 00:00:00,0.24,0.24,0.24,NYG,25OCT26NYGPHI,-0.21,0.69
2025-10-23 01:00:00,0.24,0.24,0.23,NYG,25OCT26NYGPHI,-0.27,0.48
2025-10-23 02:00:00,0.24,0.24,0.23,NYG,25OCT26NYGPHI,-0.12,0.54
2025-10-23 03:00:00,0.24,0.24,0.23,NYG,25OCT26NYGPHI,-0.13,0.63
2025-10-23 04:00:00,0.25,0.25,0.24,NYG,25OCT26NYGPHI,-0.53,0.06
2025-10-23 05:00:00,0.25,0.25,0.25,NYG,25OCT26NYGPHI,-0.47,0.06
2025-10-23 06:00:00,0.25,0.25,0.23,NYG,25OCT26NYGPHI,-0.49,0.01
2025-10-23 07:00:00,0.24,0.25,0.24,NYG,25OCT26NYGPHI,-0.49,0.01
2025-10-23 08:00:00,0.24,0.25,0.24,NYG,25OCT26NYGPHI,-0.43,0.01
2025-10-23 09:00:00,0.24,0.25,0.24,NYG,25OCT26NYGPHI,-0.34,0.01
2025-10-23 10:00:00,0.24,0.25,0.24,NYG,25OCT26NYGPHI,-0.34,0.01
2025-10-23 11:00:00,0.24,0.25,0.24,NYG,25OCT26NYGPHI,-0.46,0.0
2025-10-23 12:00:00,0.24,0.24,0.24,NYG,25OCT26NYGPHI,-0.25,0.66
2025-10-23 13:00:00,0.24,0.24,0.24,NYG,25OCT26NYGPHI,0.28,0.64
2025-10-23 14:00:00,0.24,0.24,0.23,NYG,25OCT26NYGPHI,-0.23,0.49
2025-10-23 15:00:00,0.24,0.24,0.24,NYG,25OCT26NYGPHI,-0.52,0.07
2025-10-23 16:00:00,0.24,0.24,0.23,NYG,25OCT26NYGPHI,-0.13,0.48
2025-10-23 17:00:00,0.24,0.24,0.24,NYG,25OCT26NYGPHI,-0.53,0.15
2025-10-23 18:00:00,0.24,0.24,0.24,NYG,25OCT26NYGPHI,-0.16,0.53
2025-10-23 19:00:00,0.24,0.24,0.24,NYG,25OCT26NYGPHI,-0.38,0.5
2025-10-23 20:00:00,0.24,0.24,0.23,NYG,25OCT26NYGPHI,-0.28,0.57
2025-10-23 21:00:00,0.24,0.24,0.24,NYG,25OCT26NYGPHI,-0.55,0.57
2025-10-23 22:00:00,0.24,0.24,0.23,NYG,25OCT26NYGPHI,-0.65,0.57
2025-10-23 23:00:00,0.24,0.24,0.24,NYG,25OCT26NYGPHI,-0.65,0.57
2025-10-24 00:00:00,0.24,0.24,0.23,NYG,25OCT26NYGPHI,-0.08,0.7
2025-10-24 01:00:00,0.24,0.24,0.24,NYG,25OCT26NYGPHI,-0.48,0.15
2025-10-24 02:00:00,0.24,0.24,0.24,NYG,25OCT26NYGPHI,-0.24,0.6
2025-10-24 03:00:00,0.24,0.24,0.23,NYG,25OCT26NYGPHI,-0.38,0.48
2025-10-24 04:00:00,0.24,0.24,0.23,NYG,25OCT26NYGPHI,0.01,0.71
2025-10-24 05:00:00,0.24,0.24,0.23,NYG,25OCT26NYGPHI,-0.53,0.71
2025-10-24 06:00:00,0.24,0.24,0.23,NYG,25OCT26NYGPHI,-0.53,0.71
2025-10-24 07:00:00,0.24,0.24,0.24,NYG,25OCT26NYGPHI,-0.5,0.71
2025-10-24 08:00:00,0.24,0.24,0.24,NYG,25OCT26NYGPHI,-0.5,0.71
2025-10-24 09:00:00,0.24,0.24,0.24,NYG,25OCT26NYGPHI,-0.5,0.71
2025-10-24 10:00:00,0.24,0.24,0.24,NYG,25OCT26NYGPHI,-0.51,0.71
2025-10-24 11:00:00,0.24,0.24,0.24,NYG,25OCT26NYGPHI,-0.51,0.71
2025-10-24 12:00:00,0.24,0.24,0.24,NYG,25OCT26NYGPHI,0.19,0.52
2025-10-24 13:00:00,0.24,0.24,0.23,NYG,25OCT26NYGPHI,0.19,0.52
2025-10-24 14:00:00,0.24,0.24,0.23,NYG,25OCT26NYGPHI,0.0,0.66
2025-10-24 15:00:00,0.24,0.24,0.23,NYG,25OCT26NYGPHI,0.39,0.41
2025-10-24 16:00:00,0.24,0.24,0.24,NYG,25OCT26NYGPHI,0.32,0.41
2025-10-24 17:00:00,0.24,0.24,0.23,NYG,25OCT26NYGPHI,0.5,0.34
2025-10-24 18:00:00,0.24,0.24,0.24,NYG,25OCT26NYGPHI,0.11,0.45
2025-10-24 19:00:00,0.24,0.24,0.24,NYG,25OCT26NYGPHI,-0.64,0.04
2025-10-24 20:00:00,0.24,0.24,0.23,NYG,25OCT26NYGPHI,-0.2,0.54
2025-10-24 21:00:00,0.24,0.24,0.23,NYG,25OCT26NYGPHI,0.56,0.0
2025-10-24 22:00:00,0.24,0.24,0.23,NYG,25OCT26NYGPHI,-0.4,0.44
2025-10-24 23:00:00,0.24,0.24,0.24,NYG,25OCT26NYGPHI,0.1,0.49
2025-10-25 00:00:00,0.24,0.24,0.23,NYG,25OCT26NYGPHI,-0.48,0.08
2025-10-25 01:00:00,0.24,0.24,0.23,NYG,25OCT26NYGPHI,0.46,0.08
2025-10-25 02:00:00,0.24,0.24,0.23,NYG,25OCT26NYGPHI,0.46,0.08
2025-10-25 03:00:00,0.24,0.24,0.23,NYG,25OCT26NYGPHI,-0.45,0.05
2025-10-25 04:00:00,0.24,0.24,0.23,NYG,25OCT26NYGPHI,0.13,0.78
2025-10-25 05:00:00,0.24,0.24,0.23,NYG,25OCT26NYGPHI,0.13,0.78
2025-10-25 06:00:00,0.24,0.24,0.22,NYG,25OCT26NYGPHI,-0.42,0.78
2025-10-25 07:00:00,0.24,0.24,0.22,NYG,25OCT26NYGPHI,-0.42,0.78
2025-10-25 08:00:00,0.24,0.24,0.24,NYG,25OCT26NYGPHI,-0.42,0.78
2025-10-25 09:00:00,0.24,0.24,0.24,NYG,25OCT26NYGPHI,-0.42,0.78
2025-10-25 10:00:00,0.24,0.24,0.24,NYG,25OCT26NYGPHI,0.37,0.78
2025-10-25 11:00:00,0.25,0.25,0.24,NYG,25OCT26NYGPHI,0.37,0.78
2025-10-25 12:00:00,0.25,0.25,0.25,NYG,25OCT26NYGPHI,0.73,0.07
2025-10-25 13:00:00,0.24,0.25,0.22,NYG,25OCT26NYGPHI,0.57,0.37
2025-10-25 14:00:00,0.24,0.24,0.22,NYG,25OCT26NYGPHI,-0.06,0.63
2025-10-25 15:00:00,0.24,0.24,0.22,NYG,25OCT26NYGPHI,-0.19,0.49
2025-10-25 16:00:00,0.24,0.24,0.24,NYG,25OCT26NYGPHI,0.6,0.49
2025-10-25 17:00:00,0.23,0.24,0.23,NYG,25OCT26NYGPHI,0.6,0.49
2025-10-25 18:00:00,0.24,0.24,0.22,NYG,25OCT26NYGPHI,0.6,0.49
2025-10-25 19:00:00,0.24,0.24,0.22,NYG,25OCT26NYGPHI,0.6,0.49
2025-10-25 20:00:00,0.24,0.24,0.22,NYG,25OCT26NYGPHI,0.6,0.49
2025-10-25 21:00:00,0.24,0.24,0.22,NYG,25OCT26NYGPHI,0.6,0.49
2025-10-25 22:00:00,0.24,0.24,0.22,NYG,25OCT26NYGPHI,0.37,0.49
2025-10-25 23:00:00,0.24,0.24,0.24,NYG,25OCT26NYGPHI,0.56,0.49
2025-10-26 00:00:00,0.24,0.24,0.23,NYG,25OCT26NYGPHI,0.58,0.05
2025-10-26 01:00:00,0.24,0.24,0.22,NYG,25OCT26NYGPHI,0.58,0.05
2025-10-26 02:00:00,0.24,0.24,0.22,NYG,25OCT26NYGPHI,0.58,0.05
2025-10-26 03:00:00,0.24,0.24,0.22,NYG,25OCT26NYGPHI,0.46,0.05
2025-10-26 04:00:00,0.24,0.24,0.22,NYG,25OCT26NYGPHI,0.46,0.05
2025-10-26 05:00:00,0.24,0.24,0.22,NYG,25OCT26NYGPHI,0.46,0.05
2025-10-26 06:00:00,0.24,0.24,0.23,NYG,25OCT26NYGPHI,0.46,0.05
2025-10-26 07:00:00,0.24,0.24,0.22,NYG,25OCT26NYGPHI,0.37,0.05
2025-10-26 08:00:00,0.24,0.24,0.22,NYG,25OCT26NYGPHI,0.37,0.05
2025-10-26 09:00:00,0.24,0.24,0.24,NYG,25OCT26NYGPHI,0.37,0.05
2025-10-26 10:00:00,0.24,0.24,0.23,NYG,25OCT26NYGPHI,0.37,0.05
2025-10-26 11:00:00,0.24,0.24,0.24,NYG,25OCT26NYGPHI,0.37,0.05
2025-10-26 12:00:00,0.24,0.24,0.23,NYG,25OCT26NYGPHI,0.02,0.62
2025-10-26 13:00:00,0.23,0.24,0.22,NYG,25OCT26NYGPHI,0.02,0.62
2025-10-26 14:00:00,0.23,0.23,0.22,NYG,25OCT26NYGPHI,0.02,0.62
2025-10-26 15:00:00,0.23,0.23,0.22,NYG,25OCT26NYGPHI,0.46,0.62
2025-10-26 16:00:00,0.24,0.24,0.22,NYG,25OCT26NYGPHI,0.46,0.62
2025-10-26 17:00:00,0.24,0.24,0.23,NYG,25OCT26NYGPHI,-0.14,0.61
2025-10-26 18:00:00,0.15,0.32,0.09,NYG,25OCT26NYGPHI,-0.23,0.62
2025-10-26 19:00:00,0.05,0.22,0.04,NYG,25OCT26NYGPHI,-0.26,0.56
2025-10-26 20:00:00,0.01,0.08,0.01,NYG,25OCT26NYGPHI,-0.46,0.42
2025-10-19 20:00:00,0.28,0.3,0.28,MIA,25OCT26MIAATL,-0.67,0.09
2025-10-19 21:00:00,0.28,0.3,0.28,MIA,25OCT26MIAATL,-0.67,0.09
2025-10-19 22:00:00,0.35,0.35,0.3,MIA,25OCT26MIAATL,-0.67,0.09
2025-10-19 23:00:00,0.22,0.25,0.22,MIA,25OCT26MIAATL,-0.59,0.09
2025-10-20 00:00:00,0.24,0.24,0.23,MIA,25OCT26MIAATL,-0.59,0.09
2025-10-20 01:00:00,0.24,0.24,0.22,MIA,25OCT26MIAATL,-0.59,0.09
2025-10-20 02:00:00,0.21,0.23,0.21,MIA,25OCT26MIAATL,-0.59,0.09
2025-10-20 03:00:00,0.27,0.28,0.26,MIA,25OCT26MIAATL,-0.59,0.09
2025-10-20 04:00:00,0.27,0.27,0.23,MIA,25OCT26MIAATL,-0.59,0.09
2025-10-20 05:00:00,0.25,0.25,0.25,MIA,25OCT26MIAATL,-0.59,0.09
2025-10-20 06:00:00,0.25,0.25,0.25,MIA,25OCT26MIAATL,-0.59,0.09
2025-10-20 07:00:00,0.25,0.25,0.25,MIA,25OCT26MIAATL,-0.59,0.09
2025-10-20 08:00:00,0.25,0.25,0.25,MIA,25OCT26MIAATL,-0.59,0.09
2025-10-20 09:00:00,0.25,0.25,0.25,MIA,25OCT26MIAATL,-0.59,0.09
2025-10-20 10:00:00,0.25,0.25,0.25,MIA,25OCT26MIAATL,-0.59,0.09
2025-10-20 11:00:00,0.24,0.24,0.24,MIA,25OCT26MIAATL,-0.59,0.09
2025-10-20 12:00:00,0.24,0.24,0.24,MIA,25OCT26MIAATL,-0.59,0.09
2025-10-20 13:00:00,0.22,0.23,0.22,MIA,25OCT26MIAATL,-0.59,0.09
2025-10-20 14:00:00,0.22,0.23,0.22,MIA,25OCT26MIAATL,-0.63,0.09
2025-10-20 15:00:00,0.24,0.24,0.24,MIA,25OCT26MIAATL,-0.63,0.09
2025-10-20 16:00:00,0.23,0.23,0.23,MIA,25OCT26MIAATL,-0.58,0.09
2025-10-20 17:00:00,0.23,0.23,0.23,MIA,25OCT26MIAATL,-0.58,0.09
2025-10-20 18:00:00,0.23,0.23,0.23,MIA,25OCT26MIAATL,-0.58,0.09
2025-10-20 19:00:00,0.24,0.24,0.23,MIA,25OCT26MIAATL,-0.58,0.09
2025-10-20 20:00:00,0.23,0.23,0.22,MIA,25OCT26MIAATL,-0.46,0.09
2025-10-20 21:00:00,0.24,0.24,0.23,MIA,25OCT26MIAATL,-0.46,0.09
2025-10-20 22:00:00,0.25,0.25,0.25,MIA,25OCT26MIAATL,-0.46,0.09
2025-10-20 23:00:00,0.25,0.25,0.25,MIA,25OCT26MIAATL,-0.46,0.09
2025-10-21 00:00:00,0.25,0.25,0.25,MIA,25OCT26MIAATL,-0.46,0.09
2025-10-21 01:00:00,0.25,0.25,0.25,MIA,25OCT26MIAATL,-0.46,0.09
2025-10-21 02:00:00,0.24,0.24,0.23,MIA,25OCT26MIAATL,-0.66,0.09
2025-10-21 03:00:00,0.24,0.24,0.23,MIA,25OCT26MIAATL,-0.66,0.09
2025-10-21 04:00:00,0.24,0.24,0.24,MIA,25OCT26MIAATL,-0.66,0.09
2025-10-21 05:00:00,0.24,0.24,0.24,MIA,25OCT26MIAATL,-0.66,0.09
2025-10-21 06:00:00,0.24,0.24,0.24,MIA,25OCT26MIAATL,-0.66,0.09
2025-10-21 07:00:00,0.24,0.24,0.24,MIA,25OCT26MIAATL,-0.66,0.09
2025-10-21 08:00:00,0.24,0.24,0.24,MIA,25OCT26MIAATL,-0.66,0.09
2025-10-21 09:00:00,0.24,0.24,0.24,MIA,25OCT26MIAATL,-0.66,0.09
2025-10-21 10:00:00,0.24,0.24,0.24,MIA,25OCT26MIAATL,-0.66,0.09
2025-10-21 11:00:00,0.24,0.24,0.24,MIA,25OCT26MIAATL,-0.66,0.09
2025-10-21 12:00:00,0.24,0.24,0.24,MIA,25OCT26MIAATL,-0.66,0.09
2025-10-21 13:00:00,0.24,0.24,0.24,MIA,25OCT26MIAATL,-0.66,0.09
2025-10-21 14:00:00,0.24,0.24,0.23,MIA,25OCT26MIAATL,-0.66,0.09
2025-10-21 15:00:00,0.24,0.24,0.24,MIA,25OCT26MIAATL,-0.66,0.09
2025-10-21 16:00:00,0.24,0.24,0.24,MIA,25OCT26MIAATL,-0.65,0.09
2025-10-21 17:00:00,0.24,0.24,0.24,MIA,25OCT26MIAATL,-0.65,0.09
2025-10-21 18:00:00,0.24,0.24,0.23,MIA,25OCT26MIAATL,-0.65,0.09
2025-10-21 19:00:00,0.24,0.24,0.23,MIA,25OCT26MIAATL,-0.65,0.09
2025-10-21 20:00:00,0.24,0.24,0.24,MIA,25OCT26MIAATL,-0.65,0.09
2025-10-21 21:00:00,0.24,0.24,0.24,MIA,25OCT26MIAATL,-0.65,0.09
2025-10-21 22:00:00,0.24,0.24,0.24,MIA,25OCT26MIAATL,-0.65,0.09
2025-10-21 23:00:00,0.23,0.23,0.22,MIA,25OCT26MIAATL,-0.58,0.09
2025-10-22 00:00:00,0.23,0.23,0.23,MIA,25OCT26MIAATL,-0.58,0.09
2025-10-22 01:00:00,0.23,0.23,0.23,MIA,25OCT26MIAATL,-0.58,0.09
2025-10-22 02:00:00,0.23,0.23,0.22,MIA,25OCT26MIAATL,0.49,0.09
2025-10-22 03:00:00,0.22,0.23,0.22,MIA,25OCT26MIAATL,0.49,0.09
2025-10-22 04:00:00,0.24,0.24,0.23,MIA,25OCT26MIAATL,0.49,0.09
2025-10-22 05:00:00,0.24,0.24,0.24,MIA,25OCT26MIAATL,0.49,0.09
2025-10-22 06:00:00,0.24,0.24,0.24,MIA,25OCT26MIAATL,0.49,0.09
2025-10-22 07:00:00,0.24,0.24,0.24,MIA,25OCT26MIAATL,0.49,0.09
2025-10-22 08:00:00,0.24,0.24,0.24,MIA,25OCT26MIAATL,0.49,0.09
2025-10-22 09:00:00,0.24,0.24,0.24,MIA,25OCT26MIAATL,0.49,0.09
2025-10-22 10:00:00,0.24,0.24,0.24,MIA,25OCT26MIAATL,0.49,0.09
2025-10-22 11:00:00,0.24,0.24,0.24,MIA,25OCT26MIAATL,0.49,0.09
2025-10-22 12:00:00,0.24,0.24,0.24,MIA,25OCT26MIAATL,0.49,0.09
2025-10-22 13:00:00,0.23,0.24,0.23,MIA,25OCT26MIAATL,-0.68,0.09
2025-10-22 14:00:00,0.24,0.24,0.24,MIA,25OCT26MIAATL,-0.68,0.09
2025-10-22 15:00:00,0.24,0.24,0.24,MIA,25OCT26MIAATL,0.61,0.09
2025-10-22 16:00:00,0.24,0.24,0.23,MIA,25OCT26MIAATL,0.61,0.09
2025-10-22 17:00:00,0.24,0.24,0.24,MIA,25OCT26MIAATL,0.61,0.09
2025-10-22 18:00:00,0.23,0.24,0.23,MIA,25OCT26MIAATL,0.61,0.09
2025-10-22 19:00:00,0.23,0.23,0.23,MIA,25OCT26MIAATL,0.61,0.09
2025-10-22 20:00:00,0.22,0.23,0.21,MIA,25OCT26MIAATL,0.61,0.09
2025-10-22 21:00:00,0.22,0.22,0.22,MIA,25OCT26MIAATL,-0.81,0.09
2025-10-22 22:00:00,0.22,0.22,0.22,MIA,25OCT26MIAATL,-0.81,0.09
2025-10-22 23:00:00,0.22,0.22,0.22,MIA,25OCT26MIAATL,-0.53,0.09
2025-10-23 00:00:00,0.22,0.22,0.21,MIA,25OCT26MIAATL,-0.53,0.09
2025-10-23 01:00:00,0.22,0.22,0.22,MIA,25OCT26MIAATL,-0.61,0.09
2025-10-23 02:00:00,0.22,0.22,0.21,MIA,25OCT26MIAATL,-0.61,0.09
2025-10-23 03:00:00,0.22,0.22,0.22,MIA,25OCT26MIAATL,-0.61,0.09
2025-10-23 04:00:00,0.22,0.22,0.22,MIA,25OCT26MIAATL,-0.61,0.09
2025-10-23 05:00:00,0.22,0.22,0.21,MIA,25OCT26MIAATL,-0.61,0.09
2025-10-23 06:00:00,0.23,0.23,0.22,MIA,25OCT26MIAATL,-0.61,0.09
2025-10-23 07:00:00,0.23,0.23,0.23,MIA,25OCT26MIAATL,-0.61,0.09
2025-10-23 08:00:00,0.23,0.23,0.23,MIA,25OCT26MIAATL,-0.61,0.09
2025-10-23 09:00:00,0.23,0.23,0.23,MIA,25OCT26MIAATL,-0.61,0.09
2025-10-23 10:00:00,0.23,0.23,0.23,MIA,25OCT26MIAATL,-0.61,0.09
2025-10-23 11:00:00,0.23,0.23,0.23,MIA,25OCT26MIAATL,-0.61,0.09
2025-10-23 12:00:00,0.23,0.23,0.23,MIA,25OCT26MIAATL,-0.61,0.09
2025-10-23 13:00:00,0.23,0.23,0.23,MIA,25OCT26MIAATL,-0.67,0.09
2025-10-23 14:00:00,0.23,0.23,0.23,MIA,25OCT26MIAATL,-0.67,0.09
2025-10-23 15:00:00,0.23,0.23,0.23,MIA,25OCT26MIAATL,-0.67,0.09
2025-10-23 16:00:00,0.23,0.23,0.23,MIA,25OCT26MIAATL,-0.67,0.09
2025-10-23 17:00:00,0.23,0.23,0.23,MIA,25OCT26MIAATL,-0.67,0.09
2025-10-23 18:00:00,0.23,0.23,0.22,MIA,25OCT26MIAATL,-0.67,0.09
2025-10-23 19:00:00,0.23,0.23,0.23,MIA,25OCT26MIAATL,-0.67,0.09
2025-10-23 20:00:00,0.23,0.23,0.22,MIA,25OCT26MIAATL,-0.67,0.09
2025-10-23 21:00:00,0.23,0.23,0.22,MIA,25OCT26MIAATL,-0.67,0.09
2025-10-23 22:00:00,0.23,0.23,0.23,MIA,25OCT26MIAATL,-0.67,0.09
2025-10-23 23:00:00,0.23,0.23,0.22,MIA,25OCT26MIAATL,-0.67,0.09
2025-10-24 00:00:00,0.23,0.23,0.22,MIA,25OCT26MIAATL,-0.67,0.09
2025-10-24 01:00:00,0.23,0.23,0.23,MIA,25OCT26MIAATL,-0.67,0.09
2025-10-24 02:00:00,0.22,0.23,0.22,MIA,25OCT26MIAATL,-0.67,0.09
2025-10-24 03:00:00,0.23,0.23,0.22,MIA,25OCT26MIAATL,-0.67,0.09
2025-10-24 04:00:00,0.23,0.23,0.22,MIA,25OCT26MIAATL,-0.67,0.09
2025-10-24 05:00:00,0.23,0.23,0.22,MIA,25OCT26MIAATL,-0.67,0.09
2025-10-24 06:00:00,0.23,0.23,0.22,MIA,25OCT26MIAATL,-0.67,0.09
2025-10-24 07:00:00,0.23,0.23,0.22,MIA,25OCT26MIAATL,-0.67,0.09
2025-10-24 08:00:00,0.23,0.23,0.23,MIA,25OCT26MIAATL,-0.67,0.09
2025-10-24 09:00:00,0.23,0.23,0.23,MIA,25OCT26MIAATL,-0.67,0.09
2025-10-24 10:00:00,0.23,0.23,0.23,MIA,25OCT26MIAATL,-0.67,0.09
2025-10-24 11:00:00,0.23,0.23,0.23,MIA,25OCT26MIAATL,-0.67,0.09
2025-10-24 12:00:00,0.23,0.23,0.23,MIA,25OCT26MIAATL,-0.67,0.09
2025-10-24 13:00:00,0.23,0.23,0.23,MIA,25OCT26MIAATL,-0.67,0.09
2025-10-24 14:00:00,0.23,0.23,0.21,MIA,25OCT26MIAATL,-0.67,0.09
2025-10-24 15:00:00,0.23,0.23,0.22,MIA,25OCT26MIAATL,-0.67,0.09
2025-10-24 16:00:00,0.23,0.23,0.23,MIA,25OCT26MIAATL,-0.67,0.09
2025-10-24 17:00:00,0.23,0.23,0.21,MIA,25OCT26MIAATL,-0.67,0.09
2025-10-24 18:00:00,0.23,0.23,0.23,MIA,25OCT26MIAATL,-0.67,0.09
2025-10-24 19:00:00,0.21,0.23,0.21,MIA,25OCT26MIAATL,-0.67,0.09
2025-10-24 20:00:00,0.22,0.23,0.22,MIA,25OCT26MIAATL,-0.67,0.09
2025-10-24 21:00:00,0.23,0.23,0.23,MIA,25OCT26MIAATL,-0.67,0.09
2025-10-24 22:00:00,0.23,0.23,0.22,MIA,25OCT26MIAATL,-0.67,0.09
2025-10-24 23:00:00,0.23,0.23,0.22,MIA,25OCT26MIAATL,-0.67,0.09
2025-10-25 00:00:00,0.23,0.23,0.22,MIA,25OCT26MIAATL,-0.67,0.09
2025-10-25 01:00:00,0.23,0.23,0.23,MIA,25OCT26MIAATL,-0.67,0.09
2025-10-25 02:00:00,0.23,0.23,0.22,MIA,25OCT26MIAATL,-0.67,0.09
2025-10-25 03:00:00,0.23,0.23,0.23,MIA,25OCT26MIAATL,-0.67,0.09
2025-10-25 04:00:00,0.23,0.23,0.22,MIA,25OCT26MIAATL,-0.67,0.09
2025-10-25 05:00:00,0.23,0.23,0.23,MIA,25OCT26MIAATL,-0.67,0.09
2025-10-25 06:00:00,0.23,0.23,0.23,MIA,25OCT26MIAATL,-0.67,0.09
2025-10-25 07:00:00,0.23,0.23,0.23,MIA,25OCT26MIAATL,-0.67,0.09
2025-10-25 08:00:00,0.23,0.23,0.23,MIA,25OCT26MIAATL,-0.67,0.09
2025-10-25 09:00:00,0.23,0.23,0.23,MIA,25OCT26MIAATL,-0.67,0.09
2025-10-25 10:00:00,0.23,0.23,0.23,MIA,25OCT26MIAATL,-0.67,0.09
2025-10-25 11:00:00,0.23,0.23,0.23,MIA,25OCT26MIAATL,-0.67,0.09
2025-10-25 12:00:00,0.23,0.23,0.23,MIA,25OCT26MIAATL,-0.67,0.09
2025-10-25 13:00:00,0.23,0.23,0.22,MIA,25OCT26MIAATL,-0.67,0.09
2025-10-25 14:00:00,0.23,0.23,0.22,MIA,25OCT26MIAATL,-0.67,0.09
2025-10-25 15:00:00,0.23,0.23,0.23,MIA,25OCT26MIAATL,-0.67,0.09
2025-10-25 16:00:00,0.23,0.23,0.23,MIA,25OCT26MIAATL,-0.67,0.09
2025-10-25 17:00:00,0.23,0.23,0.23,MIA,25OCT26MIAATL,-0.67,0.09
2025-10-25 18:00:00,0.23,0.23,0.21,MIA,25OCT26MIAATL,0.53,0.09
2025-10-25 19:00:00,0.23,0.23,0.21,MIA,25OCT26MIAATL,0.53,0.09
2025-10-25 20:00:00,0.23,0.23,0.22,MIA,25OCT26MIAATL,0.53,0.09
2025-10-25 21:00:00,0.24,0.24,0.23,MIA,25OCT26MIAATL,0.53,0.09
2025-10-25 22:00:00,0.23,0.24,0.23,MIA,25OCT26MIAATL,0.53,0.09
2025-10-25 23:00:00,0.24,0.24,0.23,MIA,25OCT26MIAATL,0.53,0.09
2025-10-26 00:00:00,0.24,0.24,0.23,MIA,25OCT26MIAATL,0.53,0.09
2025-10-26 01:00:00,0.24,0.24,0.23,MIA,25OCT26MIAATL,0.53,0.09
2025-10-26 02:00:00,0.24,0.24,0.23,MIA,25OCT26MIAATL,0.53,0.09
2025-10-26 03:00:00,0.25,0.25,0.23,MIA,25OCT26MIAATL,0.53,0.09
2025-10-26 04:00:00,0.23,0.25,0.23,MIA,25OCT26MIAATL,0.53,0.09
2025-10-26 05:00:00,0.24,0.25,0.22,MIA,25OCT26MIAATL,0.53,0.09
2025-10-26 06:00:00,0.25,0.25,0.24,MIA,25OCT26MIAATL,0.53,0.09
2025-10-26 07:00:00,0.24,0.25,0.23,MIA,25OCT26MIAATL,0.53,0.09
2025-10-26 08:00:00,0.25,0.25,0.25,MIA,25OCT26MIAATL,0.53,0.09
2025-10-26 09:00:00,0.25,0.25,0.23,MIA,25OCT26MIAATL,0.53,0.09
2025-10-26 10:00:00,0.25,0.25,0.24,MIA,25OCT26MIAATL,0.53,0.09
2025-10-26 11:00:00,0.25,0.25,0.25,MIA,25OCT26MIAATL,0.53,0.09
2025-10-26 12:00:00,0.25,0.25,0.25,MIA,25OCT26MIAATL,0.53,0.09
2025-10-26 13:00:00,0.24,0.25,0.24,MIA,25OCT26MIAATL,0.62,0.09
2025-10-26 14:00:00,0.24,0.25,0.23,MIA,25OCT26MIAATL,0.57,0.09
2025-10-26 15:00:00,0.24,0.24,0.23,MIA,25OCT26MIAATL,0.57,0.09
2025-10-26 16:00:00,0.25,0.25,0.23,MIA,25OCT26MIAATL,-0.57,0.09
2025-10-26 17:00:00,0.26,0.27,0.24,MIA,25OCT26MIAATL,-0.57,0.09
2025-10-26 18:00:00,0.48,0.55,0.22,MIA,25OCT26MIAATL,-0.57,0.09
2025-10-26 19:00:00,0.93,0.94,0.45,MIA,25OCT26MIAATL,0.67,0.09
2025-10-19 21:00:00,0.48,0.48,0.48,SF,25OCT26SFHOU,0.45,0.07
2025-10-19 22:00:00,0.48,0.48,0.45,SF,25OCT26SFHOU,0.45,0.07
2025-10-19 23:00:00,0.47,0.47,0.47,SF,25OCT26SFHOU,0.74,0.18
2025-10-20 00:00:00,0.47,0.48,0.46,SF,25OCT26SFHOU,0.74,0.18
2025-10-20 01:00:00,0.47,0.47,0.47,SF,25OCT26SFHOU,0.72,0.19
2025-10-20 02:00:00,0.47,0.47,0.46,SF,25OCT26SFHOU,0.72,0.19
2025-10-20 03:00:00,0.47,0.47,0.44,SF,25OCT26SFHOU,0.82,0.09
2025-10-20 04:00:00,0.49,0.49,0.46,SF,25OCT26SFHOU,0.82,0.09
2025-10-20 05:00:00,0.5,0.5,0.49,SF,25OCT26SFHOU,0.82,0.09
2025-10-20 06:00:00,0.49,0.5,0.49,SF,25OCT26SFHOU,0.82,0.09
2025-10-20 07:00:00,0.49,0.49,0.49,SF,25OCT26SFHOU,0.82,0.09
2025-10-20 08:00:00,0.49,0.49,0.49,SF,25OCT26SFHOU,0.82,0.09
2025-10-20 09:00:00,0.49,0.49,0.49,SF,25OCT26SFHOU,0.82,0.09
2025-10-20 10:00:00,0.49,0.49,0.49,SF,25OCT26SFHOU,0.82,0.09
2025-10-20 11:00:00,0.49,0.49,0.49,SF,25OCT26SFHOU,0.43,0.09
2025-10-20 12:00:00,0.48,0.48,0.48,SF,25OCT26SFHOU,0.51,0.07
2025-10-20 13:00:00,0.49,0.49,0.49,SF,25OCT26SFHOU,0.49,0.07
2025-10-20 14:00:00,0.48,0.49,0.48,SF,25OCT26SFHOU,0.34,0.07
2025-10-20 15:00:00,0.48,0.48,0.48,SF,25OCT26SFHOU,0.34,0.07
2025-10-20 16:00:00,0.48,0.48,0.48,SF,25OCT26SFHOU,-0.53,0.07
2025-10-20 17:00:00,0.48,0.48,0.48,SF,25OCT26SFHOU,-0.53,0.07
2025-10-20 18:00:00,0.48,0.48,0.48,SF,25OCT26SFHOU,0.47,0.07
2025-10-20 19:00:00,0.49,0.49,0.48,SF,25OCT26SFHOU,0.5,0.08
2025-10-20 20:00:00,0.49,0.49,0.49,SF,25OCT26SFHOU,0.5,0.08
2025-10-20 21:00:00,0.49,0.49,0.49,SF,25OCT26SFHOU,0.4,0.08
2025-10-20 22:00:00,0.49,0.49,0.48,SF,25OCT26SFHOU,0.25,0.08
2025-10-20 23:00:00,0.49,0.49,0.49,SF,25OCT26SFHOU,0.25,0.08
2025-10-21 00:00:00,0.47,0.49,0.47,SF,25OCT26SFHOU,0.25,0.08
2025-10-21 01:00:00,0.47,0.47,0.46,SF,25OCT26SFHOU,0.25,0.08
2025-10-21 02:00:00,0.47,0.47,0.47,SF,25OCT26SFHOU,0.25,0.08
2025-10-21 03:00:00,0.51,0.51,0.46,SF,25OCT26SFHOU,0.25,0.08
2025-10-21 04:00:00,0.53,0.53,0.46,SF,25OCT26SFHOU,-0.42,0.02
2025-10-21 05:00:00,0.59,0.59,0.47,SF,25OCT26SFHOU,-0.42,0.02
2025-10-21 06:00:00,0.67,0.7,0.47,SF,25OCT26SFHOU,-0.42,0.02
2025-10-21 07:00:00,0.59,0.67,0.59,SF,25OCT26SFHOU,-0.42,0.02
2025-10-21 08:00:00,0.59,0.59,0.59,SF,25OCT26SFHOU,-0.42,0.02
2025-10-21 09:00:00,0.59,0.59,0.59,SF,25OCT26SFHOU,-0.42,0.02
2025-10-21 10:00:00,0.59,0.59,0.59,SF,25OCT26SFHOU,-0.42,0.02
2025-10-21 11:00:00,0.59,0.59,0.59,SF,25OCT26SFHOU,-0.42,0.02
2025-10-21 12:00:00,0.58,0.59,0.58,SF,25OCT26SFHOU,-0.42,0.02
2025-10-21 13:00:00,0.53,0.59,0.53,SF,25OCT26SFHOU,0.5,0.02
2025-10-21 14:00:00,0.53,0.54,0.52,SF,25OCT26SFHOU,0.56,0.06
2025-10-21 15:00:00,0.53,0.53,0.52,SF,25OCT26SFHOU,0.56,0.06
2025-10-21 16:00:00,0.51,0.53,0.5,SF,25OCT26SFHOU,0.43,0.0
2025-10-21 17:00:00,0.5,0.51,0.5,SF,25OCT26SFHOU,-0.47,0.0
2025-10-21 18:00:00,0.5,0.5,0.5,SF,25OCT26SFHOU,-0.47,0.0
2025-10-21 19:00:00,0.49,0.5,0.48,SF,25OCT26SFHOU,0.38,0.0
2025-10-21 20:00:00,0.5,0.5,0.48,SF,25OCT26SFHOU,0.38,0.0
2025-10-21 21:00:00,0.5,0.5,0.49,SF,25OCT26SFHOU,0.75,0.04
2025-10-21 22:00:00,0.49,0.5,0.49,SF,25OCT26SFHOU,0.62,0.17
2025-10-21 23:00:00,0.5,0.5,0.49,SF,25OCT26SFHOU,0.6,0.02
2025-10-22 00:00:00,0.5,0.5,0.49,SF,25OCT26SFHOU,0.61,0.02
2025-10-22 01:00:00,0.5,0.5,0.5,SF,25OCT26SFHOU,0.61,0.02
2025-10-22 02:00:00,0.5,0.5,0.49,SF,25OCT26SFHOU,0.61,0.02
2025-10-22 03:00:00,0.5,0.5,0.49,SF,25OCT26SFHOU,0.46,0.02
2025-10-22 04:00:00,0.49,0.5,0.49,SF,25OCT26SFHOU,0.46,0.02
2025-10-22 05:00:00,0.48,0.49,0.48,SF,25OCT26SFHOU,0.46,0.02
2025-10-22 06:00:00,0.49,0.49,0.48,SF,25OCT26SFHOU,0.46,0.02
2025-10-22 07:00:00,0.49,0.49,0.49,SF,25OCT26SFHOU,0.62,0.02
2025-10-22 08:00:00,0.49,0.49,0.49,SF,25OCT26SFHOU,0.62,0.02
2025-10-22 09:00:00,0.49,0.49,0.49,SF,25OCT26SFHOU,0.62,0.02
2025-10-22 10:00:00,0.49,0.49,0.49,SF,25OCT26SFHOU,0.62,0.02
2025-10-22 11:00:00,0.49,0.49,0.49,SF,25OCT26SFHOU,0.62,0.02
2025-10-22 12:00:00,0.49,0.49,0.49,SF,25OCT26SFHOU,0.62,0.02
2025-10-22 13:00:00,0.49,0.49,0.49,SF,25OCT26SFHOU,0.44,0.02
2025-10-22 14:00:00,0.49,0.49,0.48,SF,25OCT26SFHOU,0.46,0.02
2025-10-22 15:00:00,0.49,0.49,0.49,SF,25OCT26SFHOU,0.42,0.06
2025-10-22 16:00:00,0.49,0.49,0.48,SF,25OCT26SFHOU,0.52,0.06
2025-10-22 17:00:00,0.49,0.49,0.49,SF,25OCT26SFHOU,0.52,0.06
2025-10-22 18:00:00,0.49,0.49,0.48,SF,25OCT26SFHOU,0.38,0.06
2025-10-22 19:00:00,0.49,0.49,0.48,SF,25OCT26SFHOU,0.38,0.06
2025-10-22 20:00:00,0.49,0.49,0.48,SF,25OCT26SFHOU,0.38,0.06
2025-10-22 21:00:00,0.49,0.49,0.48,SF,25OCT26SFHOU,0.38,0.06
2025-10-22 22:00:00,0.49,0.49,0.49,SF,25OCT26SFHOU,0.39,0.02
2025-10-22 23:00:00,0.49,0.49,0.48,SF,25OCT26SFHOU,0.39,0.02
2025-10-23 00:00:00,0.49,0.49,0.49,SF,25OCT26SFHOU,0.39,0.02
2025-10-23 01:00:00,0.49,0.49,0.49,SF,25OCT26SFHOU,0.39,0.02
2025-10-23 02:00:00,0.49,0.49,0.48,SF,25OCT26SFHOU,0.39,0.02
2025-10-23 03:00:00,0.48,0.49,0.48,SF,25OCT26SFHOU,0.39,0.02
2025-10-23 04:00:00,0.49,0.49,0.48,SF,25OCT26SFHOU,0.39,0.02
2025-10-23 05:00:00,0.47,0.49,0.47,SF,25OCT26SFHOU,0.39,0.02
2025-10-23 06:00:00,0.47,0.47,0.46,SF,25OCT26SFHOU,0.39,0.02
2025-10-23 07:00:00,0.47,0.47,0.47,SF,25OCT26SFHOU,0.39,0.02
2025-10-23 08:00:00,0.47,0.47,0.47,SF,25OCT26SFHOU,0.39,0.02
2025-10-23 09:00:00,0.47,0.47,0.47,SF,25OCT26SFHOU,0.39,0.02
2025-10-23 10:00:00,0.47,0.47,0.47,SF,25OCT26SFHOU,0.39,0.02
2025-10-23 11:00:00,0.47,0.47,0.47,SF,25OCT26SFHOU,0.39,0.02
2025-10-23 12:00:00,0.47,0.47,0.47,SF,25OCT26SFHOU,0.39,0.02
2025-10-23 13:00:00,0.47,0.47,0.46,SF,25OCT26SFHOU,0.39,0.02
2025-10-23 14:00:00,0.47,0.47,0.46,SF,25OCT26SFHOU,0.39,0.02
2025-10-23 15:00:00,0.47,0.47,0.46,SF,25OCT26SFHOU,0.39,0.02
2025-10-23 16:00:00,0.47,0.47,0.46,SF,25OCT26SFHOU,0.39,0.02
2025-10-23 17:00:00,0.47,0.47,0.46,SF,25OCT26SFHOU,0.39,0.02
2025-10-23 18:00:00,0.47,0.47,0.47,SF,25OCT26SFHOU,0.39,0.02
2025-10-23 19:00:00,0.47,0.47,0.46,SF,25OCT26SFHOU,0.45,0.02
2025-10-23 20:00:00,0.47,0.47,0.46,SF,25OCT26SFHOU,0.56,0.02
2025-10-23 21:00:00,0.47,0.47,0.46,SF,25OCT26SFHOU,0.56,0.02
2025-10-23 22:00:00,0.46,0.46,0.45,SF,25OCT26SFHOU,0.56,0.02
2025-10-23 23:00:00,0.46,0.46,0.46,SF,25OCT26SFHOU,0.56,0.02
2025-10-24 00:00:00,0.46,0.46,0.45,SF,25OCT26SFHOU,0.56,0.02
2025-10-24 01:00:00,0.46,0.46,0.45,SF,25OCT26SFHOU,0.56,0.02
2025-10-24 02:00:00,0.46,0.46,0.45,SF,25OCT26SFHOU,0.56,0.02
2025-10-24 03:00:00,0.46,0.46,0.45,SF,25OCT26SFHOU,0.5,0.02
2025-10-24 04:00:00,0.46,0.46,0.44,SF,25OCT26SFHOU,0.5,0.02
2025-10-24 05:00:00,0.46,0.46,0.44,SF,25OCT26SFHOU,0.5,0.02
2025-10-24 06:00:00,0.46,0.46,0.45,SF,25OCT26SFHOU,0.5,0.02
2025-10-24 07:00:00,0.46,0.46,0.46,SF,25OCT26SFHOU,0.5,0.02
2025-10-24 08:00:00,0.46,0.46,0.45,SF,25OCT26SFHOU,0.5,0.02
2025-10-24 09:00:00,0.46,0.46,0.46,SF,25OCT26SFHOU,0.5,0.02
2025-10-24 10:00:00,0.46,0.46,0.46,SF,25OCT26SFHOU,0.5,0.02
2025-10-24 11:00:00,0.46,0.46,0.46,SF,25OCT26SFHOU,0.5,0.02
2025-10-24 12:00:00,0.46,0.46,0.46,SF,25OCT26SFHOU,0.5,0.02
2025-10-24 13:00:00,0.46,0.46,0.44,SF,25OCT26SFHOU,0.5,0.02
2025-10-24 14:00:00,0.46,0.46,0.44,SF,25OCT26SFHOU,0.53,0.06
2025-10-24 15:00:00,0.45,0.46,0.44,SF,25OCT26SFHOU,0.53,0.06
2025-10-24 16:00:00,0.44,0.45,0.44,SF,25OCT26SFHOU,0.53,0.06
2025-10-24 17:00:00,0.45,0.45,0.44,SF,25OCT26SFHOU,0.52,0.06
2025-10-24 18:00:00,0.45,0.45,0.45,SF,25OCT26SFHOU,0.34,0.06
2025-10-24 19:00:00,0.46,0.46,0.44,SF,25OCT26SFHOU,0.49,0.06
2025-10-24 20:00:00,0.46,0.46,0.44,SF,25OCT26SFHOU,-0.02,0.66
2025-10-24 21:00:00,0.46,0.46,0.45,SF,25OCT26SFHOU,-0.02,0.66
2025-10-24 22:00:00,0.46,0.46,0.46,SF,25OCT26SFHOU,0.3,0.66
2025-10-24 23:00:00,0.45,0.46,0.44,SF,25OCT26SFHOU,0.3,0.66
2025-10-25 00:00:00,0.45,0.45,0.44,SF,25OCT26SFHOU,0.3,0.66
2025-10-25 01:00:00,0.45,0.45,0.44,SF,25OCT26SFHOU,0.3,0.66
2025-10-25 02:00:00,0.44,0.45,0.44,SF,25OCT26SFHOU,0.42,0.66
2025-10-25 03:00:00,0.45,0.45,0.44,SF,25OCT26SFHOU,0.42,0.66
2025-10-25 04:00:00,0.45,0.45,0.44,SF,25OCT26SFHOU,0.42,0.66
2025-10-25 05:00:00,0.45,0.45,0.44,SF,25OCT26SFHOU,0.42,0.66
2025-10-25 06:00:00,0.45,0.46,0.44,SF,25OCT26SFHOU,0.42,0.66
2025-10-25 07:00:00,0.45,0.45,0.44,SF,25OCT26SFHOU,0.42,0.66
2025-10-25 08:00:00,0.45,0.46,0.45,SF,25OCT26SFHOU,0.42,0.66
2025-10-25 09:00:00,0.45,0.45,0.45,SF,25OCT26SFHOU,0.42,0.66
2025-10-25 10:00:00,0.45,0.45,0.45,SF,25OCT26SFHOU,0.42,0.66
2025-10-25 11:00:00,0.45,0.45,0.45,SF,25OCT26SFHOU,0.42,0.66
2025-10-25 12:00:00,0.45,0.46,0.45,SF,25OCT26SFHOU,0.42,0.66
2025-10-25 13:00:00,0.45,0.45,0.44,SF,25OCT26SFHOU,0.42,0.66
2025-10-25 14:00:00,0.45,0.45,0.44,SF,25OCT26SFHOU,0.46,0.66
2025-10-25 15:00:00,0.45,0.45,0.45,SF,25OCT26SFHOU,0.47,0.66
2025-10-25 16:00:00,0.45,0.45,0.44,SF,25OCT26SFHOU,0.47,0.66
2025-10-25 17:00:00,0.45,0.45,0.44,SF,25OCT26SFHOU,0.47,0.66
2025-10-25 18:00:00,0.46,0.46,0.44,SF,25OCT26SFHOU,0.47,0.66
2025-10-25 19:00:00,0.45,0.46,0.44,SF,25OCT26SFHOU,0.47,0.66
2025-10-25 20:00:00,0.45,0.45,0.44,SF,25OCT26SFHOU,0.47,0.66
2025-10-25 21:00:00,0.45,0.45,0.44,SF,25OCT26SFHOU,0.47,0.66
2025-10-25 22:00:00,0.45,0.45,0.44,SF,25OCT26SFHOU,0.47,0.66
2025-10-25 23:00:00,0.45,0.45,0.44,SF,25OCT26SFHOU,0.46,0.66
2025-10-26 00:00:00,0.45,0.45,0.44,SF,25OCT26SFHOU,0.46,0.66
2025-10-26 01:00:00,0.45,0.45,0.43,SF,25OCT26SFHOU,0.46,0.66
2025-10-26 02:00:00,0.45,0.45,0.43,SF,25OCT26SFHOU,0.46,0.66
2025-10-26 03:00:00,0.45,0.45,0.44,SF,25OCT26SFHOU,0.46,0.66
2025-10-26 04:00:00,0.45,0.46,0.44,SF,25OCT26SFHOU,0.46,0.66
2025-10-26 05:00:00,0.46,0.46,0.44,SF,25OCT26SFHOU,0.46,0.66
2025-10-26 06:00:00,0.45,0.46,0.44,SF,25OCT26SFHOU,0.46,0.66
2025-10-26 07:00:00,0.46,0.46,0.44,SF,25OCT26SFHOU,0.46,0.66
2025-10-26 08:00:00,0.46,0.46,0.45,SF,25OCT26SFHOU,0.46,0.66
2025-10-26 09:00:00,0.46,0.46,0.45,SF,25OCT26SFHOU,0.46,0.66
2025-10-26 10:00:00,0.46,0.46,0.46,SF,25OCT26SFHOU,0.46,0.66
2025-10-26 11:00:00,0.46,0.46,0.45,SF,25OCT26SFHOU,0.46,0.66
2025-10-26 12:00:00,0.46,0.46,0.46,SF,25OCT26SFHOU,0.46,0.66
2025-10-26 13:00:00,0.46,0.46,0.44,SF,25OCT26SFHOU,0.46,0.66
2025-10-26 14:00:00,0.45,0.46,0.44,SF,25OCT26SFHOU,0.44,0.66
2025-10-26 15:00:00,0.44,0.45,0.43,SF,25OCT26SFHOU,0.43,0.66
2025-10-26 16:00:00,0.42,0.44,0.41,SF,25OCT26SFHOU,0.51,0.62
2025-10-26 17:00:00,0.4,0.42,0.39,SF,25OCT26SFHOU,0.8,0.01
2025-10-26 18:00:00,0.17,0.45,0.13,SF,25OCT26SFHOU,0.52,0.45
2025-10-26 19:00:00,0.15,0.3,0.06,SF,25OCT26SFHOU,0.8,0.01
2025-10-26 20:00:00,0.01,0.16,0.01,SF,25OCT26SFHOU,-0.27,0.67
2025-10-19 21:00:00,0.01,0.16,0.01,HOU,25OCT26SFHOU,0.45,0.84
2025-10-19 22:00:00,0.01,0.16,0.01,HOU,25OCT26SFHOU,0.45,0.84
2025-10-19 23:00:00,0.01,0.16,0.01,HOU,25OCT26SFHOU,-0.39,0.84
2025-10-20 00:00:00,0.53,0.54,0.53,HOU,25OCT26SFHOU,-0.39,0.84
2025-10-20 01:00:00,0.55,0.55,0.55,HOU,25OCT26SFHOU,0.52,0.84
2025-10-20 02:00:00,0.55,0.55,0.55,HOU,25OCT26SFHOU,0.52,0.84
2025-10-20 03:00:00,0.55,0.55,0.55,HOU,25OCT26SFHOU,0.52,0.84
2025-10-20 04:00:00,0.53,0.55,0.53,HOU,25OCT26SFHOU,0.52,0.84
2025-10-20 05:00:00,0.53,0.53,0.53,HOU,25OCT26SFHOU,0.52,0.84
2025-10-20 06:00:00,0.53,0.53,0.53,HOU,25OCT26SFHOU,0.52,0.84
2025-10-20 07:00:00,0.53,0.53,0.53,HOU,25OCT26SFHOU,0.52,0.84
2025-10-20 08:00:00,0.53,0.53,0.53,HOU,25OCT26SFHOU,0.52,0.84
2025-10-20 09:00:00,0.53,0.53,0.53,HOU,25OCT26SFHOU,0.52,0.84
2025-10-20 10:00:00,0.53,0.53,0.53,HOU,25OCT26SFHOU,0.52,0.84
2025-10-20 11:00:00,0.53,0.53,0.53,HOU,25OCT26SFHOU,0.52,0.84
2025-10-20 12:00:00,0.53,0.53,0.53,HOU,25OCT26SFHOU,0.52,0.84
2025-10-20 13:00:00,0.53,0.53,0.53,HOU,25OCT26SFHOU,0.52,0.84
2025-10-20 14:00:00,0.53,0.53,0.53,HOU,25OCT26SFHOU,0.52,0.84
2025-10-20 15:00:00,0.54,0.54,0.54,HOU,25OCT26SFHOU,0.52,0.84
2025-10-20 16:00:00,0.53,0.53,0.53,HOU,25OCT26SFHOU,0.52,0.84
2025-10-20 17:00:00,0.53,0.53,0.53,HOU,25OCT26SFHOU,0.52,0.84
2025-10-20 18:00:00,0.53,0.53,0.53,HOU,25OCT26SFHOU,0.52,0.84
2025-10-20 19:00:00,0.53,0.54,0.53,HOU,25OCT26SFHOU,0.52,0.84
2025-10-20 20:00:00,0.53,0.53,0.53,HOU,25OCT26SFHOU,0.52,0.84
2025-10-20 21:00:00,0.53,0.53,0.53,HOU,25OCT26SFHOU,-0.46,0.84
2025-10-20 22:00:00,0.52,0.53,0.52,HOU,25OCT26SFHOU,0.47,0.84
2025-10-20 23:00:00,0.54,0.55,0.53,HOU,25OCT26SFHOU,-0.54,0.84
2025-10-21 00:00:00,0.54,0.54,0.54,HOU,25OCT26SFHOU,-0.54,0.84
2025-10-21 01:00:00,0.55,0.55,0.55,HOU,25OCT26SFHOU,-0.54,0.84
2025-10-21 02:00:00,0.55,0.55,0.55,HOU,25OCT26SFHOU,-0.54,0.84
2025-10-21 03:00:00,0.54,0.56,0.54,HOU,25OCT26SFHOU,-0.54,0.84
2025-10-21 04:00:00,0.52,0.52,0.46,HOU,25OCT26SFHOU,-0.67,0.84
2025-10-21 05:00:00,0.45,0.54,0.45,HOU,25OCT26SFHOU,-0.6,0.03
2025-10-21 06:00:00,0.43,0.53,0.39,HOU,25OCT26SFHOU,-0.6,0.03
2025-10-21 07:00:00,0.44,0.44,0.43,HOU,25OCT26SFHOU,-0.61,0.03
2025-10-21 08:00:00,0.45,0.45,0.45,HOU,25OCT26SFHOU,-0.59,0.03
2025-10-21 09:00:00,0.45,0.45,0.45,HOU,25OCT26SFHOU,-0.59,0.03
2025-10-21 10:00:00,0.45,0.45,0.45,HOU,25OCT26SFHOU,-0.59,0.03
2025-10-21 11:00:00,0.45,0.45,0.45,HOU,25OCT26SFHOU,-0.59,0.03
2025-10-21 12:00:00,0.46,0.46,0.45,HOU,25OCT26SFHOU,-0.55,0.06
2025-10-21 13:00:00,0.48,0.48,0.44,HOU,25OCT26SFHOU,-0.55,0.06
2025-10-21 14:00:00,0.49,0.49,0.46,HOU,25OCT26SFHOU,-0.55,0.06
2025-10-21 15:00:00,0.49,0.49,0.49,HOU,25OCT26SFHOU,-0.1,0.89
2025-10-21 16:00:00,0.5,0.5,0.49,HOU,25OCT26SFHOU,-0.58,0.13
2025-10-21 17:00:00,0.49,0.49,0.49,HOU,25OCT26SFHOU,-0.52,0.07
2025-10-21 18:00:00,0.5,0.51,0.5,HOU,25OCT26SFHOU,0.24,0.68
2025-10-21 19:00:00,0.51,0.51,0.5,HOU,25OCT26SFHOU,-0.32,0.61
2025-10-21 20:00:00,0.51,0.51,0.51,HOU,25OCT26SFHOU,-0.69,0.07
2025-10-21 21:00:00,0.51,0.52,0.5,HOU,25OCT26SFHOU,-0.47,0.52
2025-10-21 22:00:00,0.51,0.51,0.51,HOU,25OCT26SFHOU,-0.41,0.5
2025-10-21 23:00:00,0.51,0.52,0.51,HOU,25OCT26SFHOU,0.03,0.87
2025-10-22 00:00:00,0.5,0.52,0.5,HOU,25OCT26SFHOU,-0.59,0.87
2025-10-22 01:00:00,0.51,0.51,0.5,HOU,25OCT26SFHOU,-0.65,0.44
2025-10-22 02:00:00,0.51,0.51,0.51,HOU,25OCT26SFHOU,-0.57,0.38
2025-10-22 03:00:00,0.51,0.51,0.5,HOU,25OCT26SFHOU,-0.57,0.38
2025-10-22 04:00:00,0.51,0.51,0.51,HOU,25OCT26SFHOU,0.36,0.38
2025-10-22 05:00:00,0.51,0.51,0.51,HOU,25OCT26SFHOU,0.36,0.38
2025-10-22 06:00:00,0.51,0.51,0.51,HOU,25OCT26SFHOU,0.36,0.38
2025-10-22 07:00:00,0.51,0.51,0.51,HOU,25OCT26SFHOU,0.36,0.38
2025-10-22 08:00:00,0.5,0.5,0.5,HOU,25OCT26SFHOU,0.36,0.38
2025-10-22 09:00:00,0.5,0.5,0.5,HOU,25OCT26SFHOU,0.36,0.38
2025-10-22 10:00:00,0.5,0.5,0.5,HOU,25OCT26SFHOU,0.36,0.38
2025-10-22 11:00:00,0.51,0.51,0.51,HOU,25OCT26SFHOU,0.36,0.38
2025-10-22 12:00:00,0.51,0.51,0.51,HOU,25OCT26SFHOU,0.36,0.38
2025-10-22 13:00:00,0.52,0.53,0.51,HOU,25OCT26SFHOU,0.65,0.38
2025-10-22 14:00:00,0.52,0.52,0.52,HOU,25OCT26SFHOU,-0.53,0.0
2025-10-22 15:00:00,0.52,0.52,0.52,HOU,25OCT26SFHOU,-0.71,0.06
2025-10-22 16:00:00,0.51,0.52,0.51,HOU,25OCT26SFHOU,-0.63,0.01
2025-10-22 17:00:00,0.52,0.53,0.52,HOU,25OCT26SFHOU,-0.05,0.73
2025-10-22 18:00:00,0.53,0.53,0.52,HOU,25OCT26SFHOU,-0.52,0.73
2025-10-22 19:00:00,0.53,0.53,0.53,HOU,25OCT26SFHOU,-0.52,0.73
2025-10-22 20:00:00,0.53,0.53,0.52,HOU,25OCT26SFHOU,-0.53,0.02
2025-10-22 21:00:00,0.53,0.53,0.52,HOU,25OCT26SFHOU,-0.53,0.02
2025-10-22 22:00:00,0.53,0.53,0.53,HOU,25OCT26SFHOU,-0.53,0.02
2025-10-22 23:00:00,0.54,0.54,0.53,HOU,25OCT26SFHOU,-0.53,0.02
2025-10-23 00:00:00,0.54,0.54,0.53,HOU,25OCT26SFHOU,-0.53,0.02
2025-10-23 01:00:00,0.53,0.54,0.53,HOU,25OCT26SFHOU,-0.53,0.02
2025-10-23 02:00:00,0.53,0.54,0.53,HOU,25OCT26SFHOU,-0.53,0.02
2025-10-23 03:00:00,0.53,0.54,0.53,HOU,25OCT26SFHOU,-0.53,0.02
2025-10-23 04:00:00,0.54,0.54,0.53,HOU,25OCT26SFHOU,-0.53,0.02
2025-10-23 05:00:00,0.54,0.54,0.53,HOU,25OCT26SFHOU,-0.53,0.02
2025-10-23 06:00:00,0.53,0.54,0.53,HOU,25OCT26SFHOU,-0.53,0.02
2025-10-23 07:00:00,0.54,0.54,0.54,HOU,25OCT26SFHOU,-0.53,0.02
2025-10-23 08:00:00,0.54,0.54,0.54,HOU,25OCT26SFHOU,-0.53,0.02
2025-10-23 09:00:00,0.54,0.54,0.54,HOU,25OCT26SFHOU,-0.53,0.02
2025-10-23 10:00:00,0.54,0.54,0.54,HOU,25OCT26SFHOU,-0.53,0.02
2025-10-23 11:00:00,0.54,0.54,0.54,HOU,25OCT26SFHOU,-0.53,0.02
2025-10-23 12:00:00,0.54,0.54,0.54,HOU,25OCT26SFHOU,-0.53,0.02
2025-10-23 13:00:00,0.55,0.55,0.54,HOU,25OCT26SFHOU,-0.53,0.02
2025-10-23 14:00:00,0.55,0.55,0.54,HOU,25OCT26SFHOU,-0.53,0.02
2025-10-23 15:00:00,0.55,0.55,0.55,HOU,25OCT26SFHOU,-0.21,0.7
2025-10-23 16:00:00,0.55,0.55,0.54,HOU,25OCT26SFHOU,-0.63,0.7
2025-10-23 17:00:00,0.55,0.55,0.55,HOU,25OCT26SFHOU,-0.59,0.04
2025-10-23 18:00:00,0.55,0.55,0.54,HOU,25OCT26SFHOU,-0.59,0.04
2025-10-23 19:00:00,0.54,0.55,0.53,HOU,25OCT26SFHOU,-0.56,0.0
2025-10-23 20:00:00,0.54,0.55,0.54,HOU,25OCT26SFHOU,-0.56,0.0
2025-10-23 21:00:00,0.55,0.55,0.54,HOU,25OCT26SFHOU,-0.56,0.0
2025-10-23 22:00:00,0.54,0.55,0.54,HOU,25OCT26SFHOU,-0.56,0.0
2025-10-23 23:00:00,0.55,0.55,0.55,HOU,25OCT26SFHOU,-0.56,0.0
2025-10-24 00:00:00,0.56,0.56,0.54,HOU,25OCT26SFHOU,-0.56,0.0
2025-10-24 01:00:00,0.55,0.57,0.55,HOU,25OCT26SFHOU,-0.56,0.0
2025-10-24 02:00:00,0.56,0.56,0.54,HOU,25OCT26SFHOU,-0.56,0.0
2025-10-24 03:00:00,0.56,0.56,0.54,HOU,25OCT26SFHOU,-0.56,0.0
2025-10-24 04:00:00,0.56,0.56,0.55,HOU,25OCT26SFHOU,-0.56,0.0
2025-10-24 05:00:00,0.55,0.56,0.55,HOU,25OCT26SFHOU,-0.56,0.0
2025-10-24 06:00:00,0.56,0.56,0.55,HOU,25OCT26SFHOU,-0.56,0.0
2025-10-24 07:00:00,0.56,0.56,0.55,HOU,25OCT26SFHOU,-0.56,0.0
2025-10-24 08:00:00,0.55,0.56,0.55,HOU,25OCT26SFHOU,-0.56,0.0
2025-10-24 09:00:00,0.56,0.56,0.56,HOU,25OCT26SFHOU,-0.56,0.0
2025-10-24 10:00:00,0.56,0.56,0.56,HOU,25OCT26SFHOU,-0.56,0.0
2025-10-24 11:00:00,0.55,0.56,0.55,HOU,25OCT26SFHOU,-0.56,0.0
2025-10-24 12:00:00,0.56,0.56,0.56,HOU,25OCT26SFHOU,-0.56,0.0
2025-10-24 13:00:00,0.56,0.56,0.56,HOU,25OCT26SFHOU,-0.56,0.0
2025-10-24 14:00:00,0.56,0.56,0.55,HOU,25OCT26SFHOU,-0.56,0.0
2025-10-24 15:00:00,0.56,0.56,0.55,HOU,25OCT26SFHOU,-0.56,0.0
2025-10-24 16:00:00,0.56,0.56,0.56,HOU,25OCT26SFHOU,-0.56,0.0
2025-10-24 17:00:00,0.56,0.56,0.55,HOU,25OCT26SFHOU,-0.56,0.0
2025-10-24 18:00:00,0.55,0.56,0.55,HOU,25OCT26SFHOU,-0.56,0.0
2025-10-24 19:00:00,0.56,0.56,0.55,HOU,25OCT26SFHOU,-0.56,0.0
2025-10-24 20:00:00,0.56,0.56,0.54,HOU,25OCT26SFHOU,-0.56,0.0
2025-10-24 21:00:00,0.55,0.55,0.55,HOU,25OCT26SFHOU,-0.56,0.0
2025-10-24 22:00:00,0.55,0.55,0.54,HOU,25OCT26SFHOU,-0.56,0.0
2025-10-24 23:00:00,0.55,0.55,0.54,HOU,25OCT26SFHOU,-0.56,0.0
2025-10-25 00:00:00,0.55,0.55,0.54,HOU,25OCT26SFHOU,-0.51,0.0
2025-10-25 01:00:00,0.55,0.55,0.55,HOU,25OCT26SFHOU,-0.51,0.0
2025-10-25 02:00:00,0.55,0.55,0.54,HOU,25OCT26SFHOU,-0.51,0.0
2025-10-25 03:00:00,0.55,0.55,0.55,HOU,25OCT26SFHOU,-0.51,0.0
2025-10-25 04:00:00,0.55,0.55,0.55,HOU,25OCT26SFHOU,-0.51,0.0
2025-10-25 05:00:00,0.55,0.55,0.55,HOU,25OCT26SFHOU,-0.51,0.0
2025-10-25 06:00:00,0.55,0.55,0.55,HOU,25OCT26SFHOU,-0.51,0.0
2025-10-25 07:00:00,0.55,0.55,0.54,HOU,25OCT26SFHOU,-0.51,0.0
2025-10-25 08:00:00,0.55,0.55,0.54,HOU,25OCT26SFHOU,-0.51,0.0
2025-10-25 09:00:00,0.55,0.55,0.54,HOU,25OCT26SFHOU,-0.51,0.0
2025-10-25 10:00:00,0.55,0.55,0.55,HOU,25OCT26SFHOU,-0.51,0.0
2025-10-25 11:00:00,0.55,0.55,0.55,HOU,25OCT26SFHOU,-0.51,0.0
2025-10-25 12:00:00,0.55,0.55,0.55,HOU,25OCT26SFHOU,-0.51,0.0
2025-10-25 13:00:00,0.55,0.55,0.54,HOU,25OCT26SFHOU,-0.51,0.0
2025-10-25 14:00:00,0.55,0.55,0.55,HOU,25OCT26SFHOU,-0.51,0.0
2025-10-25 15:00:00,0.55,0.55,0.55,HOU,25OCT26SFHOU,-0.51,0.0
2025-10-25 16:00:00,0.55,0.55,0.54,HOU,25OCT26SFHOU,-0.51,0.0
2025-10-25 17:00:00,0.55,0.55,0.54,HOU,25OCT26SFHOU,-0.51,0.0
2025-10-25 18:00:00,0.55,0.55,0.54,HOU,25OCT26SFHOU,-0.51,0.0
2025-10-25 19:00:00,0.56,0.56,0.54,HOU,25OCT26SFHOU,-0.51,0.0
2025-10-25 20:00:00,0.56,0.56,0.55,HOU,25OCT26SFHOU,-0.51,0.0
2025-10-25 21:00:00,0.56,0.56,0.55,HOU,25OCT26SFHOU,-0.51,0.0
2025-10-25 22:00:00,0.56,0.56,0.55,HOU,25OCT26SFHOU,-0.51,0.0
2025-10-25 23:00:00,0.56,0.56,0.55,HOU,25OCT26SFHOU,-0.51,0.0
2025-10-26 00:00:00,0.56,0.56,0.55,HOU,25OCT26SFHOU,-0.51,0.0
2025-10-26 01:00:00,0.56,0.56,0.55,HOU,25OCT26SFHOU,-0.51,0.0
2025-10-26 02:00:00,0.56,0.56,0.56,HOU,25OCT26SFHOU,-0.51,0.0
2025-10-26 03:00:00,0.56,0.56,0.55,HOU,25OCT26SFHOU,-0.51,0.0
2025-10-26 04:00:00,0.56,0.56,0.55,HOU,25OCT26SFHOU,-0.51,0.0
2025-10-26 05:00:00,0.54,0.56,0.54,HOU,25OCT26SFHOU,-0.51,0.0
2025-10-26 06:00:00,0.56,0.56,0.54,HOU,25OCT26SFHOU,-0.51,0.0
2025-10-26 07:00:00,0.55,0.56,0.54,HOU,25OCT26SFHOU,-0.51,0.0
2025-10-26 08:00:00,0.55,0.56,0.55,HOU,25OCT26SFHOU,-0.51,0.0
2025-10-26 09:00:00,0.55,0.56,0.55,HOU,25OCT26SFHOU,-0.51,0.0
2025-10-26 10:00:00,0.55,0.55,0.55,HOU,25OCT26SFHOU,-0.51,0.0
2025-10-26 11:00:00,0.56,0.56,0.55,HOU,25OCT26SFHOU,-0.51,0.0
2025-10-26 12:00:00,0.56,0.56,0.54,HOU,25OCT26SFHOU,-0.51,0.0
2025-10-26 13:00:00,0.55,0.56,0.54,HOU,25OCT26SFHOU,-0.21,0.58
2025-10-26 14:00:00,0.56,0.56,0.54,HOU,25OCT26SFHOU,-0.52,0.58
2025-10-26 15:00:00,0.57,0.57,0.55,HOU,25OCT26SFHOU,-0.52,0.58
2025-10-26 16:00:00,0.59,0.59,0.56,HOU,25OCT26SFHOU,-0.52,0.58
2025-10-26 17:00:00,0.61,0.61,0.58,HOU,25OCT26SFHOU,-0.28,0.64
2025-10-26 18:00:00,0.84,0.86,0.56,HOU,25OCT26SFHOU,-0.41,0.46
2025-10-26 19:00:00,0.84,0.93,0.71,HOU,25OCT26SFHOU,-0.41,0.43
2025-10-26 20:00:00,0.99,0.99,0.85,HOU,25OCT26SFHOU,-0.47,0.57
2025-10-19 21:00:00,0.31,0.31,0.3,NYJ,25OCT26NYJCIN,-0.69,0.0
2025-10-19 22:00:00,0.35,0.35,0.29,NYJ,25OCT26NYJCIN,-0.63,0.0
2025-10-19 23:00:00,0.32,0.33,0.3,NYJ,25OCT26NYJCIN,-0.57,0.0
2025-10-20 00:00:00,0.29,0.3,0.29,NYJ,25OCT26NYJCIN,-0.57,0.0
2025-10-20 01:00:00,0.31,0.31,0.3,NYJ,25OCT26NYJCIN,-0.57,0.0
2025-10-20 02:00:00,0.31,0.31,0.3,NYJ,25OCT26NYJCIN,-0.57,0.0
2025-10-20 03:00:00,0.31,0.31,0.31,NYJ,25OCT26NYJCIN,-0.57,0.0
2025-10-20 04:00:00,0.31,0.31,0.31,NYJ,25OCT26NYJCIN,-0.57,0.0
2025-10-20 05:00:00,0.31,0.31,0.31,NYJ,25OCT26NYJCIN,-0.57,0.0
2025-10-20 06:00:00,0.31,0.31,0.31,NYJ,25OCT26NYJCIN,-0.57,0.0
2025-10-20 07:00:00,0.31,0.31,0.31,NYJ,25OCT26NYJCIN,-0.57,0.0
2025-10-20 08:00:00,0.31,0.31,0.31,NYJ,25OCT26NYJCIN,-0.57,0.0
2025-10-20 09:00:00,0.31,0.31,0.31,NYJ,25OCT26NYJCIN,-0.57,0.0
2025-10-20 10:00:00,0.31,0.31,0.31,NYJ,25OCT26NYJCIN,-0.57,0.0
2025-10-20 11:00:00,0.31,0.31,0.31,NYJ,25OCT26NYJCIN,-0.57,0.0
2025-10-20 12:00:00,0.31,0.31,0.31,NYJ,25OCT26NYJCIN,-0.57,0.0
2025-10-20 13:00:00,0.31,0.31,0.3,NYJ,25OCT26NYJCIN,-0.57,0.0
2025-10-20 14:00:00,0.31,0.31,0.3,NYJ,25OCT26NYJCIN,-0.57,0.0
2025-10-20 15:00:00,0.31,0.31,0.31,NYJ,25OCT26NYJCIN,-0.57,0.0
2025-10-20 16:00:00,0.29,0.3,0.29,NYJ,25OCT26NYJCIN,-0.57,0.0
2025-10-20 17:00:00,0.27,0.28,0.27,NYJ,25OCT26NYJCIN,-0.57,0.0
2025-10-20 18:00:00,0.27,0.28,0.27,NYJ,25OCT26NYJCIN,-0.57,0.0
2025-10-20 19:00:00,0.27,0.27,0.27,NYJ,25OCT26NYJCIN,-0.57,0.0
2025-10-20 20:00:00,0.27,0.27,0.27,NYJ,25OCT26NYJCIN,-0.57,0.0
2025-10-20 21:00:00,0.27,0.27,0.27,NYJ,25OCT26NYJCIN,-0.57,0.0
2025-10-20 22:00:00,0.27,0.27,0.27,NYJ,25OCT26NYJCIN,-0.57,0.0
2025-10-20 23:00:00,0.27,0.27,0.27,NYJ,25OCT26NYJCIN,-0.57,0.0
2025-10-21 00:00:00,0.26,0.27,0.26,NYJ,25OCT26NYJCIN,0.63,0.0
2025-10-21 01:00:00,0.27,0.27,0.27,NYJ,25OCT26NYJCIN,0.63,0.0
2025-10-21 02:00:00,0.27,0.27,0.27,NYJ,25OCT26NYJCIN,0.63,0.0
2025-10-21 03:00:00,0.27,0.27,0.26,NYJ,25OCT26NYJCIN,0.63,0.0
2025-10-21 04:00:00,0.27,0.27,0.27,NYJ,25OCT26NYJCIN,0.63,0.0
2025-10-21 05:00:00,0.27,0.28,0.27,NYJ,25OCT26NYJCIN,0.63,0.0
2025-10-21 06:00:00,0.27,0.27,0.27,NYJ,25OCT26NYJCIN,0.63,0.0
2025-10-21 07:00:00,0.27,0.27,0.27,NYJ,25OCT26NYJCIN,0.63,0.0
2025-10-21 08:00:00,0.27,0.27,0.27,NYJ,25OCT26NYJCIN,0.63,0.0
2025-10-21 09:00:00,0.27,0.27,0.27,NYJ,25OCT26NYJCIN,0.63,0.0
2025-10-21 10:00:00,0.27,0.27,0.27,NYJ,25OCT26NYJCIN,0.63,0.0
2025-10-21 11:00:00,0.27,0.27,0.27,NYJ,25OCT26NYJCIN,0.63,0.0
2025-10-21 12:00:00,0.27,0.27,0.27,NYJ,25OCT26NYJCIN,0.63,0.0
2025-10-21 13:00:00,0.27,0.27,0.27,NYJ,25OCT26NYJCIN,0.63,0.0
2025-10-21 14:00:00,0.25,0.27,0.25,NYJ,25OCT26NYJCIN,0.63,0.0
2025-10-21 15:00:00,0.25,0.27,0.25,NYJ,25OCT26NYJCIN,-0.57,0.0
2025-10-21 16:00:00,0.26,0.26,0.25,NYJ,25OCT26NYJCIN,-0.04,1.08
2025-10-21 17:00:00,0.26,0.27,0.25,NYJ,25OCT26NYJCIN,-0.04,1.08
2025-10-21 18:00:00,0.25,0.26,0.25,NYJ,25OCT26NYJCIN,-0.74,1.08
2025-10-21 19:00:00,0.26,0.26,0.26,NYJ,25OCT26NYJCIN,-0.6,1.08
2025-10-21 20:00:00,0.27,0.27,0.26,NYJ,25OCT26NYJCIN,-0.6,1.08
2025-10-21 21:00:00,0.27,0.27,0.27,NYJ,25OCT26NYJCIN,-0.45,1.08
2025-10-21 22:00:00,0.27,0.27,0.27,NYJ,25OCT26NYJCIN,-0.45,1.08
2025-10-21 23:00:00,0.27,0.27,0.26,NYJ,25OCT26NYJCIN,-0.45,1.08
2025-10-22 00:00:00,0.27,0.27,0.27,NYJ,25OCT26NYJCIN,-0.45,1.08
2025-10-22 01:00:00,0.27,0.27,0.27,NYJ,25OCT26NYJCIN,-0.45,1.08
2025-10-22 02:00:00,0.27,0.27,0.27,NYJ,25OCT26NYJCIN,-0.45,1.08
2025-10-22 03:00:00,0.27,0.27,0.27,NYJ,25OCT26NYJCIN,-0.45,1.08
2025-10-22 04:00:00,0.27,0.27,0.27,NYJ,25OCT26NYJCIN,-0.45,1.08
2025-10-22 05:00:00,0.27,0.27,0.27,NYJ,25OCT26NYJCIN,-0.45,1.08
2025-10-22 06:00:00,0.27,0.27,0.27,NYJ,25OCT26NYJCIN,-0.45,1.08
2025-10-22 07:00:00,0.27,0.27,0.27,NYJ,25OCT26NYJCIN,-0.45,1.08
2025-10-22 08:00:00,0.27,0.27,0.27,NYJ,25OCT26NYJCIN,-0.45,1.08
2025-10-22 09:00:00,0.27,0.27,0.27,NYJ,25OCT26NYJCIN,-0.45,1.08
2025-10-22 10:00:00,0.27,0.27,0.27,NYJ,25OCT26NYJCIN,-0.45,1.08
2025-10-22 11:00:00,0.27,0.27,0.27,NYJ,25OCT26NYJCIN,-0.45,1.08
2025-10-22 12:00:00,0.27,0.27,0.27,NYJ,25OCT26NYJCIN,-0.45,1.08
2025-10-22 13:00:00,0.27,0.27,0.27,NYJ,25OCT26NYJCIN,-0.45,1.08
2025-10-22 14:00:00,0.28,0.28,0.26,NYJ,25OCT26NYJCIN,-0.45,1.08
2025-10-22 15:00:00,0.28,0.28,0.28,NYJ,25OCT26NYJCIN,-0.45,1.08
2025-10-22 16:00:00,0.28,0.28,0.28,NYJ,25OCT26NYJCIN,-0.45,1.08
2025-10-22 17:00:00,0.27,0.27,0.27,NYJ,25OCT26NYJCIN,-0.45,1.08
2025-10-22 18:00:00,0.27,0.27,0.26,NYJ,25OCT26NYJCIN,0.1,0.81
2025-10-22 19:00:00,0.27,0.27,0.27,NYJ,25OCT26NYJCIN,0.1,0.81
2025-10-22 20:00:00,0.27,0.27,0.27,NYJ,25OCT26NYJCIN,0.52,0.81
2025-10-22 21:00:00,0.27,0.27,0.26,NYJ,25OCT26NYJCIN,0.52,0.81
2025-10-22 22:00:00,0.27,0.27,0.27,NYJ,25OCT26NYJCIN,0.52,0.81
2025-10-22 23:00:00,0.27,0.27,0.27,NYJ,25OCT26NYJCIN,0.52,0.81
2025-10-23 00:00:00,0.27,0.27,0.27,NYJ,25OCT26NYJCIN,0.52,0.81
2025-10-23 01:00:00,0.27,0.27,0.26,NYJ,25OCT26NYJCIN,0.52,0.81
2025-10-23 02:00:00,0.26,0.26,0.25,NYJ,25OCT26NYJCIN,0.52,0.81
2025-10-23 03:00:00,0.26,0.26,0.25,NYJ,25OCT26NYJCIN,0.52,0.81
2025-10-23 04:00:00,0.26,0.26,0.26,NYJ,25OCT26NYJCIN,0.52,0.81
2025-10-23 05:00:00,0.25,0.26,0.25,NYJ,25OCT26NYJCIN,0.52,0.81
2025-10-23 06:00:00,0.26,0.26,0.25,NYJ,25OCT26NYJCIN,0.52,0.81
2025-10-23 07:00:00,0.26,0.26,0.26,NYJ,25OCT26NYJCIN,0.52,0.81
2025-10-23 08:00:00,0.26,0.26,0.26,NYJ,25OCT26NYJCIN,0.52,0.81
2025-10-23 09:00:00,0.26,0.26,0.26,NYJ,25OCT26NYJCIN,0.52,0.81
2025-10-23 10:00:00,0.26,0.26,0.26,NYJ,25OCT26NYJCIN,0.52,0.81
2025-10-23 11:00:00,0.27,0.27,0.27,NYJ,25OCT26NYJCIN,0.52,0.81
2025-10-23 12:00:00,0.27,0.27,0.27,NYJ,25OCT26NYJCIN,0.52,0.81
2025-10-23 13:00:00,0.27,0.27,0.27,NYJ,25OCT26NYJCIN,0.52,0.81
2025-10-23 14:00:00,0.27,0.27,0.26,NYJ,25OCT26NYJCIN,0.52,0.81
2025-10-23 15:00:00,0.27,0.27,0.27,NYJ,25OCT26NYJCIN,0.52,0.81
2025-10-23 16:00:00,0.27,0.27,0.27,NYJ,25OCT26NYJCIN,0.52,0.81
2025-10-23 17:00:00,0.27,0.27,0.27,NYJ,25OCT26NYJCIN,0.52,0.81
2025-10-23 18:00:00,0.27,0.27,0.27,NYJ,25OCT26NYJCIN,0.52,0.81
2025-10-23 19:00:00,0.27,0.27,0.27,NYJ,25OCT26NYJCIN,0.52,0.81
2025-10-23 20:00:00,0.27,0.27,0.27,NYJ,25OCT26NYJCIN,0.52,0.81
2025-10-23 21:00:00,0.28,0.28,0.27,NYJ,25OCT26NYJCIN,0.52,0.81
2025-10-23 22:00:00,0.28,0.28,0.26,NYJ,25OCT26NYJCIN,0.52,0.81
2025-10-23 23:00:00,0.28,0.28,0.28,NYJ,25OCT26NYJCIN,0.52,0.81
2025-10-24 00:00:00,0.28,0.28,0.26,NYJ,25OCT26NYJCIN,0.52,0.81
2025-10-24 01:00:00,0.28,0.28,0.26,NYJ,25OCT26NYJCIN,0.52,0.81
2025-10-24 02:00:00,0.28,0.28,0.26,NYJ,25OCT26NYJCIN,0.52,0.81
2025-10-24 03:00:00,0.28,0.28,0.26,NYJ,25OCT26NYJCIN,0.52,0.81
2025-10-24 04:00:00,0.28,0.28,0.26,NYJ,25OCT26NYJCIN,0.52,0.81
2025-10-24 05:00:00,0.28,0.28,0.28,NYJ,25OCT26NYJCIN,0.52,0.81
2025-10-24 06:00:00,0.28,0.28,0.28,NYJ,25OCT26NYJCIN,0.52,0.81
2025-10-24 07:00:00,0.28,0.28,0.27,NYJ,25OCT26NYJCIN,0.52,0.81
2025-10-24 08:00:00,0.28,0.28,0.28,NYJ,25OCT26NYJCIN,0.52,0.81
2025-10-24 09:00:00,0.28,0.28,0.28,NYJ,25OCT26NYJCIN,0.52,0.81
2025-10-24 10:00:00,0.28,0.28,0.28,NYJ,25OCT26NYJCIN,0.52,0.81
2025-10-24 11:00:00,0.28,0.28,0.28,NYJ,25OCT26NYJCIN,0.52,0.81
2025-10-24 12:00:00,0.28,0.28,0.28,NYJ,25OCT26NYJCIN,0.52,0.81
2025-10-24 13:00:00,0.28,0.28,0.28,NYJ,25OCT26NYJCIN,0.52,0.81
2025-10-24 14:00:00,0.28,0.28,0.27,NYJ,25OCT26NYJCIN,0.52,0.81
2025-10-24 15:00:00,0.28,0.28,0.27,NYJ,25OCT26NYJCIN,0.52,0.81
2025-10-24 16:00:00,0.28,0.28,0.27,NYJ,25OCT26NYJCIN,0.52,0.81
2025-10-24 17:00:00,0.28,0.28,0.27,NYJ,25OCT26NYJCIN,-0.59,0.81
2025-10-24 18:00:00,0.28,0.28,0.28,NYJ,25OCT26NYJCIN,-0.59,0.81
2025-10-24 19:00:00,0.27,0.28,0.27,NYJ,25OCT26NYJCIN,-0.59,0.81
2025-10-24 20:00:00,0.28,0.28,0.27,NYJ,25OCT26NYJCIN,-0.59,0.81
2025-10-24 21:00:00,0.28,0.28,0.27,NYJ,25OCT26NYJCIN,-0.59,0.81
2025-10-24 22:00:00,0.28,0.28,0.28,NYJ,25OCT26NYJCIN,-0.59,0.81
2025-10-24 23:00:00,0.28,0.28,0.28,NYJ,25OCT26NYJCIN,-0.59,0.81
2025-10-25 00:00:00,0.28,0.28,0.28,NYJ,25OCT26NYJCIN,-0.59,0.81
2025-10-25 01:00:00,0.28,0.28,0.27,NYJ,25OCT26NYJCIN,-0.59,0.81
2025-10-25 02:00:00,0.28,0.28,0.27,NYJ,25OCT26NYJCIN,-0.59,0.81
2025-10-25 03:00:00,0.28,0.28,0.28,NYJ,25OCT26NYJCIN,-0.59,0.81
2025-10-25 04:00:00,0.28,0.28,0.27,NYJ,25OCT26NYJCIN,-0.59,0.81
2025-10-25 05:00:00,0.28,0.28,0.27,NYJ,25OCT26NYJCIN,-0.59,0.81
2025-10-25 06:00:00,0.28,0.28,0.28,NYJ,25OCT26NYJCIN,-0.59,0.81
2025-10-25 07:00:00,0.28,0.28,0.27,NYJ,25OCT26NYJCIN,-0.59,0.81
2025-10-25 08:00:00,0.28,0.28,0.28,NYJ,25OCT26NYJCIN,-0.59,0.81
2025-10-25 09:00:00,0.28,0.28,0.28,NYJ,25OCT26NYJCIN,-0.59,0.81
2025-10-25 10:00:00,0.28,0.28,0.28,NYJ,25OCT26NYJCIN,-0.59,0.81
2025-10-25 11:00:00,0.29,0.29,0.29,NYJ,25OCT26NYJCIN,-0.59,0.81
2025-10-25 12:00:00,0.29,0.29,0.29,NYJ,25OCT26NYJCIN,-0.59,0.81
2025-10-25 13:00:00,0.28,0.29,0.28,NYJ,25OCT26NYJCIN,-0.59,0.81
2025-10-25 14:00:00,0.29,0.29,0.27,NYJ,25OCT26NYJCIN,-0.59,0.81
2025-10-25 15:00:00,0.29,0.29,0.27,NYJ,25OCT26NYJCIN,-0.59,0.81
2025-10-25 16:00:00,0.29,0.29,0.29,NYJ,25OCT26NYJCIN,-0.59,0.81
2025-10-25 17:00:00,0.28,0.29,0.27,NYJ,25OCT26NYJCIN,-0.59,0.81
2025-10-25 18:00:00,0.28,0.28,0.27,NYJ,25OCT26NYJCIN,-0.59,0.81
2025-10-25 19:00:00,0.28,0.28,0.27,NYJ,25OCT26NYJCIN,-0.59,0.81
2025-10-25 20:00:00,0.28,0.28,0.28,NYJ,25OCT26NYJCIN,-0.59,0.81
2025-10-25 21:00:00,0.27,0.28,0.27,NYJ,25OCT26NYJCIN,-0.59,0.81
2025-10-25 22:00:00,0.28,0.28,0.27,NYJ,25OCT26NYJCIN,-0.59,0.81
2025-10-25 23:00:00,0.28,0.28,0.27,NYJ,25OCT26NYJCIN,-0.59,0.81
2025-10-26 00:00:00,0.28,0.28,0.27,NYJ,25OCT26NYJCIN,-0.59,0.81
2025-10-26 01:00:00,0.27,0.28,0.27,NYJ,25OCT26NYJCIN,-0.59,0.81
2025-10-26 02:00:00,0.28,0.28,0.27,NYJ,25OCT26NYJCIN,-0.59,0.81
2025-10-26 03:00:00,0.28,0.28,0.27,NYJ,25OCT26NYJCIN,-0.59,0.81
2025-10-26 04:00:00,0.28,0.28,0.27,NYJ,25OCT26NYJCIN,-0.59,0.81
2025-10-26 05:00:00,0.28,0.29,0.27,NYJ,25OCT26NYJCIN,-0.65,0.81
2025-10-26 06:00:00,0.27,0.29,0.26,NYJ,25OCT26NYJCIN,-0.65,0.81
2025-10-26 07:00:00,0.27,0.27,0.26,NYJ,25OCT26NYJCIN,-0.65,0.81
2025-10-26 08:00:00,0.27,0.27,0.27,NYJ,25OCT26NYJCIN,-0.65,0.81
2025-10-26 09:00:00,0.27,0.27,0.27,NYJ,25OCT26NYJCIN,-0.65,0.81
2025-10-26 10:00:00,0.27,0.27,0.27,NYJ,25OCT26NYJCIN,-0.65,0.81
2025-10-26 11:00:00,0.27,0.27,0.26,NYJ,25OCT26NYJCIN,-0.65,0.81
2025-10-26 12:00:00,0.28,0.29,0.27,NYJ,25OCT26NYJCIN,-0.65,0.81
2025-10-26 13:00:00,0.27,0.29,0.27,NYJ,25OCT26NYJCIN,-0.65,0.81
2025-10-26 14:00:00,0.29,0.29,0.27,NYJ,25OCT26NYJCIN,-0.65,0.81
2025-10-26 15:00:00,0.3,0.3,0.29,NYJ,25OCT26NYJCIN,-0.84,0.81
2025-10-26 16:00:00,0.3,0.3,0.29,NYJ,25OCT26NYJCIN,0.73,0.81
2025-10-26 17:00:00,0.32,0.32,0.29,NYJ,25OCT26NYJCIN,0.73,0.81
2025-10-26 18:00:00,0.15,0.34,0.07,NYJ,25OCT26NYJCIN,0.73,0.81
2025-10-26 19:00:00,0.08,0.16,0.06,NYJ,25OCT26NYJCIN,0.73,0.81
2025-10-26 20:00:00,0.51,0.62,0.02,NYJ,25OCT26NYJCIN,0.5,0.37
2025-10-19 21:00:00,0.7,0.7,0.69,CIN,25OCT26NYJCIN,-0.48,0.77
2025-10-19 22:00:00,0.7,0.71,0.7,CIN,25OCT26NYJCIN,0.49,0.77
2025-10-19 23:00:00,0.7,0.7,0.7,CIN,25OCT26NYJCIN,0.49,0.77
2025-10-20 00:00:00,0.7,0.71,0.69,CIN,25OCT26NYJCIN,0.49,0.77
2025-10-20 01:00:00,0.7,0.7,0.7,CIN,25OCT26NYJCIN,0.49,0.77
2025-10-20 02:00:00,0.7,0.7,0.7,CIN,25OCT26NYJCIN,0.49,0.77
2025-10-20 03:00:00,0.71,0.71,0.7,CIN,25OCT26NYJCIN,0.49,0.77
2025-10-20 04:00:00,0.71,0.71,0.71,CIN,25OCT26NYJCIN,0.49,0.77
2025-10-20 05:00:00,0.71,0.71,0.71,CIN,25OCT26NYJCIN,0.49,0.77
2025-10-20 06:00:00,0.71,0.71,0.71,CIN,25OCT26NYJCIN,0.49,0.77
2025-10-20 07:00:00,0.71,0.71,0.69,CIN,25OCT26NYJCIN,0.49,0.77
2025-10-20 08:00:00,0.71,0.71,0.69,CIN,25OCT26NYJCIN,0.49,0.77
2025-10-20 09:00:00,0.71,0.71,0.69,CIN,25OCT26NYJCIN,0.49,0.77
2025-10-20 10:00:00,0.71,0.71,0.71,CIN,25OCT26NYJCIN,0.49,0.77
2025-10-20 11:00:00,0.71,0.71,0.71,CIN,25OCT26NYJCIN,0.49,0.77
2025-10-20 12:00:00,0.7,0.7,0.7,CIN,25OCT26NYJCIN,0.49,0.77
2025-10-20 13:00:00,0.71,0.71,0.7,CIN,25OCT26NYJCIN,0.49,0.77
2025-10-20 14:00:00,0.71,0.71,0.71,CIN,25OCT26NYJCIN,0.49,0.77
2025-10-20 15:00:00,0.71,0.71,0.71,CIN,25OCT26NYJCIN,-0.43,0.77
2025-10-20 16:00:00,0.72,0.72,0.72,CIN,25OCT26NYJCIN,-0.69,0.77
2025-10-20 17:00:00,0.74,0.74,0.72,CIN,25OCT26NYJCIN,-0.69,0.77
2025-10-20 18:00:00,0.74,0.74,0.72,CIN,25OCT26NYJCIN,0.63,0.77
2025-10-20 19:00:00,0.74,0.74,0.72,CIN,25OCT26NYJCIN,-0.59,0.77
2025-10-20 20:00:00,0.74,0.74,0.74,CIN,25OCT26NYJCIN,-0.59,0.77
2025-10-20 21:00:00,0.75,0.75,0.73,CIN,25OCT26NYJCIN,0.57,0.1
2025-10-20 22:00:00,0.75,0.75,0.75,CIN,25OCT26NYJCIN,0.58,0.04
2025-10-20 23:00:00,0.75,0.75,0.75,CIN,25OCT26NYJCIN,0.58,0.04
2025-10-21 00:00:00,0.74,0.74,0.74,CIN,25OCT26NYJCIN,0.56,0.04
2025-10-21 01:00:00,0.75,0.75,0.75,CIN,25OCT26NYJCIN,0.56,0.04
2025-10-21 02:00:00,0.75,0.75,0.75,CIN,25OCT26NYJCIN,0.5,0.04
2025-10-21 03:00:00,0.75,0.75,0.75,CIN,25OCT26NYJCIN,0.5,0.04
2025-10-21 04:00:00,0.75,0.75,0.75,CIN,25OCT26NYJCIN,0.5,0.04
2025-10-21 05:00:00,0.75,0.75,0.75,CIN,25OCT26NYJCIN,0.5,0.04
2025-10-21 06:00:00,0.75,0.75,0.75,CIN,25OCT26NYJCIN,-0.51,0.04
2025-10-21 07:00:00,0.75,0.75,0.74,CIN,25OCT26NYJCIN,-0.51,0.04
2025-10-21 08:00:00,0.75,0.75,0.75,CIN,25OCT26NYJCIN,-0.51,0.04
2025-10-21 09:00:00,0.75,0.75,0.75,CIN,25OCT26NYJCIN,-0.51,0.04
2025-10-21 10:00:00,0.75,0.75,0.75,CIN,25OCT26NYJCIN,-0.51,0.04
2025-10-21 11:00:00,0.75,0.75,0.75,CIN,25OCT26NYJCIN,-0.51,0.04
2025-10-21 12:00:00,0.75,0.75,0.75,CIN,25OCT26NYJCIN,-0.51,0.04
2025-10-21 13:00:00,0.74,0.75,0.74,CIN,25OCT26NYJCIN,0.52,0.04
2025-10-21 14:00:00,0.76,0.76,0.74,CIN,25OCT26NYJCIN,0.52,0.04
2025-10-21 15:00:00,0.76,0.76,0.75,CIN,25OCT26NYJCIN,0.52,0.04
2025-10-21 16:00:00,0.75,0.76,0.75,CIN,25OCT26NYJCIN,0.52,0.04
2025-10-21 17:00:00,0.75,0.76,0.75,CIN,25OCT26NYJCIN,0.52,0.04
2025-10-21 18:00:00,0.75,0.75,0.75,CIN,25OCT26NYJCIN,-0.77,0.04
2025-10-21 19:00:00,0.75,0.75,0.74,CIN,25OCT26NYJCIN,-0.73,0.06
2025-10-21 20:00:00,0.74,0.75,0.74,CIN,25OCT26NYJCIN,-0.73,0.06
2025-10-21 21:00:00,0.74,0.74,0.74,CIN,25OCT26NYJCIN,-0.73,0.06
2025-10-21 22:00:00,0.74,0.74,0.74,CIN,25OCT26NYJCIN,-0.73,0.06
2025-10-21 23:00:00,0.73,0.74,0.73,CIN,25OCT26NYJCIN,-0.73,0.06
2025-10-22 00:00:00,0.74,0.74,0.73,CIN,25OCT26NYJCIN,-0.73,0.06
2025-10-22 01:00:00,0.74,0.74,0.74,CIN,25OCT26NYJCIN,0.44,0.06
2025-10-22 02:00:00,0.74,0.74,0.74,CIN,25OCT26NYJCIN,0.44,0.06
2025-10-22 03:00:00,0.74,0.74,0.74,CIN,25OCT26NYJCIN,-0.57,0.06
2025-10-22 04:00:00,0.74,0.74,0.74,CIN,25OCT26NYJCIN,-0.57,0.06
2025-10-22 05:00:00,0.74,0.74,0.73,CIN,25OCT26NYJCIN,-0.57,0.06
2025-10-22 06:00:00,0.74,0.74,0.74,CIN,25OCT26NYJCIN,-0.57,0.06
2025-10-22 07:00:00,0.74,0.74,0.74,CIN,25OCT26NYJCIN,-0.57,0.06
2025-10-22 08:00:00,0.74,0.74,0.74,CIN,25OCT26NYJCIN,-0.57,0.06
2025-10-22 09:00:00,0.74,0.74,0.74,CIN,25OCT26NYJCIN,-0.57,0.06
2025-10-22 10:00:00,0.74,0.74,0.74,CIN,25OCT26NYJCIN,-0.57,0.06
2025-10-22 11:00:00,0.74,0.74,0.74,CIN,25OCT26NYJCIN,-0.57,0.06
2025-10-22 12:00:00,0.74,0.74,0.74,CIN,25OCT26NYJCIN,-0.54,0.06
2025-10-22 13:00:00,0.74,0.74,0.74,CIN,25OCT26NYJCIN,-0.54,0.06
2025-10-22 14:00:00,0.73,0.74,0.73,CIN,25OCT26NYJCIN,0.48,0.06
2025-10-22 15:00:00,0.73,0.73,0.73,CIN,25OCT26NYJCIN,0.48,0.06
2025-10-22 16:00:00,0.73,0.73,0.73,CIN,25OCT26NYJCIN,-0.51,0.06
2025-10-22 17:00:00,0.74,0.74,0.73,CIN,25OCT26NYJCIN,-0.51,0.06
2025-10-22 18:00:00,0.74,0.74,0.73,CIN,25OCT26NYJCIN,-0.51,0.06
2025-10-22 19:00:00,0.74,0.74,0.74,CIN,25OCT26NYJCIN,-0.51,0.06
2025-10-22 20:00:00,0.74,0.74,0.73,CIN,25OCT26NYJCIN,-0.51,0.06
2025-10-22 21:00:00,0.74,0.74,0.74,CIN,25OCT26NYJCIN,-0.51,0.06
2025-10-22 22:00:00,0.75,0.75,0.74,CIN,25OCT26NYJCIN,-0.51,0.06
2025-10-22 23:00:00,0.75,0.75,0.74,CIN,25OCT26NYJCIN,-0.34,0.62
2025-10-23 00:00:00,0.75,0.75,0.75,CIN,25OCT26NYJCIN,-0.63,0.62
2025-10-23 01:00:00,0.75,0.75,0.75,CIN,25OCT26NYJCIN,-0.63,0.62
2025-10-23 02:00:00,0.75,0.75,0.75,CIN,25OCT26NYJCIN,-0.59,0.62
2025-10-23 03:00:00,0.75,0.75,0.75,CIN,25OCT26NYJCIN,0.26,0.72
2025-10-23 04:00:00,0.75,0.75,0.74,CIN,25OCT26NYJCIN,-0.19,0.68
2025-10-23 05:00:00,0.75,0.75,0.75,CIN,25OCT26NYJCIN,0.67,0.11
2025-10-23 06:00:00,0.75,0.75,0.75,CIN,25OCT26NYJCIN,0.62,0.11
2025-10-23 07:00:00,0.74,0.75,0.74,CIN,25OCT26NYJCIN,0.62,0.11
2025-10-23 08:00:00,0.74,0.75,0.74,CIN,25OCT26NYJCIN,0.62,0.11
2025-10-23 09:00:00,0.74,0.75,0.74,CIN,25OCT26NYJCIN,0.62,0.11
2025-10-23 10:00:00,0.74,0.74,0.74,CIN,25OCT26NYJCIN,0.62,0.11
2025-10-23 11:00:00,0.74,0.74,0.74,CIN,25OCT26NYJCIN,0.62,0.11
2025-10-23 12:00:00,0.74,0.74,0.74,CIN,25OCT26NYJCIN,0.62,0.11
2025-10-23 13:00:00,0.74,0.74,0.74,CIN,25OCT26NYJCIN,-0.17,0.62
2025-10-23 14:00:00,0.74,0.74,0.73,CIN,25OCT26NYJCIN,-0.04,0.77
2025-10-23 15:00:00,0.74,0.74,0.74,CIN,25OCT26NYJCIN,-0.04,0.77
2025-10-23 16:00:00,0.74,0.74,0.74,CIN,25OCT26NYJCIN,-0.49,0.77
2025-10-23 17:00:00,0.74,0.74,0.73,CIN,25OCT26NYJCIN,-0.49,0.77
2025-10-23 18:00:00,0.74,0.74,0.74,CIN,25OCT26NYJCIN,-0.49,0.77
2025-10-23 19:00:00,0.74,0.74,0.74,CIN,25OCT26NYJCIN,-0.49,0.77
2025-10-23 20:00:00,0.74,0.74,0.73,CIN,25OCT26NYJCIN,-0.49,0.77
2025-10-23 21:00:00,0.74,0.74,0.74,CIN,25OCT26NYJCIN,-0.49,0.77
2025-10-23 22:00:00,0.74,0.74,0.74,CIN,25OCT26NYJCIN,-0.49,0.77
2025-10-23 23:00:00,0.74,0.74,0.74,CIN,25OCT26NYJCIN,-0.43,0.77
2025-10-24 00:00:00,0.74,0.74,0.74,CIN,25OCT26NYJCIN,-0.43,0.77
2025-10-24 01:00:00,0.73,0.74,0.73,CIN,25OCT26NYJCIN,-0.43,0.77
2025-10-24 02:00:00,0.73,0.73,0.72,CIN,25OCT26NYJCIN,-0.43,0.77
2025-10-24 03:00:00,0.73,0.73,0.73,CIN,25OCT26NYJCIN,-0.43,0.77
2025-10-24 04:00:00,0.73,0.73,0.73,CIN,25OCT26NYJCIN,-0.43,0.77
2025-10-24 05:00:00,0.73,0.73,0.72,CIN,25OCT26NYJCIN,-0.43,0.77
2025-10-24 06:00:00,0.73,0.73,0.73,CIN,25OCT26NYJCIN,-0.43,0.77
2025-10-24 07:00:00,0.73,0.73,0.73,CIN,25OCT26NYJCIN,-0.43,0.77
2025-10-24 08:00:00,0.73,0.73,0.73,CIN,25OCT26NYJCIN,-0.43,0.77
2025-10-24 09:00:00,0.73,0.73,0.73,CIN,25OCT26NYJCIN,-0.43,0.77
2025-10-24 10:00:00,0.73,0.73,0.73,CIN,25OCT26NYJCIN,-0.43,0.77
2025-10-24 11:00:00,0.73,0.73,0.73,CIN,25OCT26NYJCIN,-0.43,0.77
2025-10-24 12:00:00,0.73,0.73,0.73,CIN,25OCT26NYJCIN,-0.43,0.77
2025-10-24 13:00:00,0.73,0.73,0.73,CIN,25OCT26NYJCIN,-0.43,0.77
2025-10-24 14:00:00,0.73,0.73,0.73,CIN,25OCT26NYJCIN,0.49,0.77
2025-10-24 15:00:00,0.73,0.73,0.73,CIN,25OCT26NYJCIN,0.49,0.77
2025-10-24 16:00:00,0.74,0.74,0.73,CIN,25OCT26NYJCIN,0.49,0.77
2025-10-24 17:00:00,0.73,0.74,0.73,CIN,25OCT26NYJCIN,0.49,0.77
2025-10-24 18:00:00,0.73,0.73,0.73,CIN,25OCT26NYJCIN,0.5,0.77
2025-10-24 19:00:00,0.74,0.74,0.73,CIN,25OCT26NYJCIN,0.54,0.77
2025-10-24 20:00:00,0.73,0.74,0.72,CIN,25OCT26NYJCIN,0.54,0.77
2025-10-24 21:00:00,0.73,0.73,0.73,CIN,25OCT26NYJCIN,0.54,0.77
2025-10-24 22:00:00,0.73,0.73,0.72,CIN,25OCT26NYJCIN,0.54,0.77
2025-10-24 23:00:00,0.73,0.73,0.73,CIN,25OCT26NYJCIN,0.54,0.77
2025-10-25 00:00:00,0.73,0.73,0.73,CIN,25OCT26NYJCIN,0.54,0.77
2025-10-25 01:00:00,0.73,0.73,0.72,CIN,25OCT26NYJCIN,0.54,0.77
2025-10-25 02:00:00,0.73,0.73,0.73,CIN,25OCT26NYJCIN,0.54,0.77
2025-10-25 03:00:00,0.73,0.73,0.72,CIN,25OCT26NYJCIN,0.54,0.77
2025-10-25 04:00:00,0.73,0.73,0.72,CIN,25OCT26NYJCIN,-0.52,0.77
2025-10-25 05:00:00,0.73,0.73,0.73,CIN,25OCT26NYJCIN,-0.52,0.77
2025-10-25 06:00:00,0.73,0.73,0.72,CIN,25OCT26NYJCIN,-0.52,0.77
2025-10-25 07:00:00,0.73,0.73,0.72,CIN,25OCT26NYJCIN,-0.52,0.77
2025-10-25 08:00:00,0.73,0.73,0.72,CIN,25OCT26NYJCIN,-0.52,0.77
2025-10-25 09:00:00,0.73,0.73,0.72,CIN,25OCT26NYJCIN,-0.52,0.77
2025-10-25 10:00:00,0.73,0.73,0.73,CIN,25OCT26NYJCIN,-0.52,0.77
2025-10-25 11:00:00,0.73,0.73,0.73,CIN,25OCT26NYJCIN,0.45,0.77
2025-10-25 12:00:00,0.73,0.73,0.73,CIN,25OCT26NYJCIN,0.56,0.77
2025-10-25 13:00:00,0.73,0.73,0.73,CIN,25OCT26NYJCIN,0.56,0.77
2025-10-25 14:00:00,0.73,0.73,0.73,CIN,25OCT26NYJCIN,0.56,0.77
2025-10-25 15:00:00,0.73,0.73,0.73,CIN,25OCT26NYJCIN,0.56,0.77
2025-10-25 16:00:00,0.73,0.73,0.72,CIN,25OCT26NYJCIN,0.56,0.77
2025-10-25 17:00:00,0.73,0.73,0.73,CIN,25OCT26NYJCIN,-0.24,0.81
2025-10-25 18:00:00,0.73,0.73,0.73,CIN,25OCT26NYJCIN,-0.64,0.01
2025-10-25 19:00:00,0.73,0.73,0.73,CIN,25OCT26NYJCIN,-0.6,0.0
2025-10-25 20:00:00,0.73,0.73,0.73,CIN,25OCT26NYJCIN,-0.6,0.0
2025-10-25 21:00:00,0.73,0.73,0.72,CIN,25OCT26NYJCIN,-0.6,0.0
2025-10-25 22:00:00,0.73,0.73,0.73,CIN,25OCT26NYJCIN,-0.58,0.0
2025-10-25 23:00:00,0.73,0.73,0.72,CIN,25OCT26NYJCIN,-0.6,0.0
2025-10-26 00:00:00,0.73,0.73,0.72,CIN,25OCT26NYJCIN,0.68,0.03
2025-10-26 01:00:00,0.73,0.73,0.72,CIN,25OCT26NYJCIN,0.68,0.03
2025-10-26 02:00:00,0.73,0.73,0.73,CIN,25OCT26NYJCIN,0.0,0.65
2025-10-26 03:00:00,0.73,0.73,0.72,CIN,25OCT26NYJCIN,0.58,0.04
2025-10-26 04:00:00,0.74,0.74,0.72,CIN,25OCT26NYJCIN,0.58,0.04
2025-10-26 05:00:00,0.73,0.74,0.72,CIN,25OCT26NYJCIN,0.58,0.04
2025-10-26 06:00:00,0.74,0.74,0.72,CIN,25OCT26NYJCIN,0.58,0.04
2025-10-26 07:00:00,0.74,0.74,0.72,CIN,25OCT26NYJCIN,0.58,0.04
2025-10-26 08:00:00,0.74,0.74,0.74,CIN,25OCT26NYJCIN,0.58,0.04
2025-10-26 09:00:00,0.74,0.74,0.74,CIN,25OCT26NYJCIN,0.58,0.04
2025-10-26 10:00:00,0.73,0.73,0.73,CIN,25OCT26NYJCIN,0.58,0.04
2025-10-26 11:00:00,0.74,0.74,0.74,CIN,25OCT26NYJCIN,0.58,0.04
2025-10-26 12:00:00,0.73,0.74,0.72,CIN,25OCT26NYJCIN,0.58,0.04
2025-10-26 13:00:00,0.74,0.74,0.72,CIN,25OCT26NYJCIN,0.58,0.04
2025-10-26 14:00:00,0.72,0.74,0.71,CIN,25OCT26NYJCIN,0.58,0.04
2025-10-26 15:00:00,0.7,0.72,0.69,CIN,25OCT26NYJCIN,-0.52,0.04
2025-10-26 16:00:00,0.71,0.71,0.69,CIN,25OCT26NYJCIN,-0.52,0.04
2025-10-26 17:00:00,0.7,0.71,0.69,CIN,25OCT26NYJCIN,0.54,0.04
2025-10-26 18:00:00,0.86,0.93,0.69,CIN,25OCT26NYJCIN,0.38,0.07
2025-10-26 19:00:00,0.93,0.94,0.84,CIN,25OCT26NYJCIN,0.38,0.07
2025-10-26 20:00:00,0.5,0.97,0.45,CIN,25OCT26NYJCIN,-0.65,0.07
2025-10-14 06:00:00,0.37,0.38,0.36,HOU,25OCT20HOUSEA,0.5,0.0
2025-10-14 07:00:00,0.37,0.37,0.37,HOU,25OCT20HOUSEA,0.74,0.04
2025-10-14 08:00:00,0.37,0.37,0.37,HOU,25OCT20HOUSEA,0.74,0.04
2025-10-14 09:00:00,0.37,0.37,0.37,HOU,25OCT20HOUSEA,0.74,0.04
2025-10-14 10:00:00,0.37,0.37,0.37,HOU,25OCT20HOUSEA,0.74,0.04
2025-10-14 11:00:00,0.38,0.38,0.37,HOU,25OCT20HOUSEA,0.74,0.04
2025-10-14 12:00:00,0.38,0.38,0.37,HOU,25OCT20HOUSEA,0.74,0.04
2025-10-14 13:00:00,0.36,0.38,0.36,HOU,25OCT20HOUSEA,0.74,0.04
2025-10-14 14:00:00,0.37,0.37,0.37,HOU,25OCT20HOUSEA,-0.65,0.04
2025-10-14 15:00:00,0.37,0.37,0.36,HOU,25OCT20HOUSEA,-0.65,0.04
2025-10-14 16:00:00,0.37,0.37,0.36,HOU,25OCT20HOUSEA,-0.65,0.04
2025-10-14 17:00:00,0.37,0.37,0.36,HOU,25OCT20HOUSEA,-0.65,0.04
2025-10-14 18:00:00,0.37,0.37,0.37,HOU,25OCT20HOUSEA,-0.65,0.04
2025-10-14 19:00:00,0.37,0.37,0.36,HOU,25OCT20HOUSEA,-0.65,0.04
2025-10-14 20:00:00,0.36,0.37,0.35,HOU,25OCT20HOUSEA,-0.65,0.04
2025-10-14 21:00:00,0.36,0.36,0.36,HOU,25OCT20HOUSEA,-0.65,0.04
2025-10-14 22:00:00,0.36,0.36,0.36,HOU,25OCT20HOUSEA,-0.65,0.04
2025-10-14 23:00:00,0.37,0.37,0.37,HOU,25OCT20HOUSEA,0.62,0.04
2025-10-15 00:00:00,0.37,0.37,0.36,HOU,25OCT20HOUSEA,0.62,0.04
2025-10-15 01:00:00,0.37,0.37,0.37,HOU,25OCT20HOUSEA,0.62,0.04
2025-10-15 02:00:00,0.37,0.37,0.37,HOU,25OCT20HOUSEA,0.62,0.04
2025-10-15 03:00:00,0.37,0.37,0.37,HOU,25OCT20HOUSEA,0.62,0.04
2025-10-15 04:00:00,0.37,0.37,0.37,HOU,25OCT20HOUSEA,0.62,0.04
2025-10-15 05:00:00,0.37,0.37,0.37,HOU,25OCT20HOUSEA,0.68,0.04
2025-10-15 06:00:00,0.37,0.37,0.36,HOU,25OCT20HOUSEA,0.68,0.04
2025-10-15 07:00:00,0.37,0.37,0.36,HOU,25OCT20HOUSEA,0.68,0.04
2025-10-15 08:00:00,0.37,0.37,0.36,HOU,25OCT20HOUSEA,0.68,0.04
2025-10-15 09:00:00,0.37,0.37,0.36,HOU,25OCT20HOUSEA,0.68,0.04
2025-10-15 10:00:00,0.37,0.37,0.37,HOU,25OCT20HOUSEA,0.59,0.03
2025-10-15 11:00:00,0.37,0.37,0.37,HOU,25OCT20HOUSEA,0.59,0.03
2025-10-15 12:00:00,0.37,0.37,0.37,HOU,25OCT20HOUSEA,0.56,0.03
2025-10-15 13:00:00,0.37,0.37,0.37,HOU,25OCT20HOUSEA,0.56,0.03
2025-10-15 14:00:00,0.37,0.37,0.37,HOU,25OCT20HOUSEA,0.56,0.03
2025-10-15 15:00:00,0.37,0.37,0.37,HOU,25OCT20HOUSEA,0.56,0.03
2025-10-15 16:00:00,0.37,0.37,0.36,HOU,25OCT20HOUSEA,0.46,0.0
2025-10-15 17:00:00,0.37,0.37,0.37,HOU,25OCT20HOUSEA,0.5,0.0
2025-10-15 18:00:00,0.37,0.37,0.37,HOU,25OCT20HOUSEA,0.66,0.13
2025-10-15 19:00:00,0.37,0.37,0.36,HOU,25OCT20HOUSEA,0.53,0.13
2025-10-15 20:00:00,0.37,0.37,0.36,HOU,25OCT20HOUSEA,0.0,0.82
2025-10-15 21:00:00,0.36,0.37,0.36,HOU,25OCT20HOUSEA,0.55,0.82
2025-10-15 22:00:00,0.37,0.37,0.37,HOU,25OCT20HOUSEA,-0.63,0.82
2025-10-15 23:00:00,0.37,0.37,0.37,HOU,25OCT20HOUSEA,0.51,0.82
2025-10-16 00:00:00,0.37,0.37,0.37,HOU,25OCT20HOUSEA,0.51,0.82
2025-10-16 01:00:00,0.37,0.37,0.37,HOU,25OCT20HOUSEA,0.51,0.82
2025-10-16 02:00:00,0.37,0.37,0.37,HOU,25OCT20HOUSEA,0.51,0.82
2025-10-16 03:00:00,0.37,0.37,0.36,HOU,25OCT20HOUSEA,0.51,0.82
2025-10-16 04:00:00,0.37,0.37,0.36,HOU,25OCT20HOUSEA,0.51,0.82
2025-10-16 05:00:00,0.37,0.37,0.36,HOU,25OCT20HOUSEA,0.54,0.82
2025-10-16 06:00:00,0.37,0.37,0.37,HOU,25OCT20HOUSEA,0.54,0.82
2025-10-16 07:00:00,0.37,0.37,0.37,HOU,25OCT20HOUSEA,0.54,0.82
2025-10-16 08:00:00,0.37,0.37,0.37,HOU,25OCT20HOUSEA,0.54,0.82
2025-10-16 09:00:00,0.37,0.37,0.37,HOU,25OCT20HOUSEA,0.54,0.82
2025-10-16 10:00:00,0.37,0.37,0.37,HOU,25OCT20HOUSEA,0.54,0.82
2025-10-16 11:00:00,0.37,0.37,0.37,HOU,25OCT20HOUSEA,0.54,0.82
2025-10-16 12:00:00,0.37,0.37,0.37,HOU,25OCT20HOUSEA,0.54,0.82
2025-10-16 13:00:00,0.37,0.37,0.37,HOU,25OCT20HOUSEA,0.54,0.82
2025-10-16 14:00:00,0.37,0.37,0.37,HOU,25OCT20HOUSEA,0.54,0.82
2025-10-16 15:00:00,0.37,0.37,0.37,HOU,25OCT20HOUSEA,0.54,0.82
2025-10-16 16:00:00,0.38,0.38,0.37,HOU,25OCT20HOUSEA,0.54,0.82
2025-10-16 17:00:00,0.38,0.38,0.37,HOU,25OCT20HOUSEA,0.54,0.82
2025-10-16 18:00:00,0.38,0.38,0.37,HOU,25OCT20HOUSEA,0.54,0.01
2025-10-16 19:00:00,0.38,0.38,0.38,HOU,25OCT20HOUSEA,0.48,0.01
2025-10-16 20:00:00,0.38,0.38,0.38,HOU,25OCT20HOUSEA,0.48,0.01
2025-10-16 21:00:00,0.38,0.38,0.37,HOU,25OCT20HOUSEA,0.48,0.01
2025-10-16 22:00:00,0.38,0.38,0.37,HOU,25OCT20HOUSEA,0.48,0.01
2025-10-16 23:00:00,0.38,0.38,0.37,HOU,25OCT20HOUSEA,0.48,0.01
2025-10-17 00:00:00,0.37,0.37,0.37,HOU,25OCT20HOUSEA,0.36,0.01
2025-10-17 01:00:00,0.37,0.37,0.37,HOU,25OCT20HOUSEA,0.46,0.01
2025-10-17 02:00:00,0.37,0.37,0.36,HOU,25OCT20HOUSEA,0.46,0.01
2025-10-17 03:00:00,0.37,0.37,0.37,HOU,25OCT20HOUSEA,0.46,0.01
2025-10-17 04:00:00,0.37,0.37,0.36,HOU,25OCT20HOUSEA,0.46,0.01
2025-10-17 05:00:00,0.37,0.37,0.37,HOU,25OCT20HOUSEA,0.46,0.01
2025-10-17 06:00:00,0.37,0.37,0.37,HOU,25OCT20HOUSEA,0.46,0.01
2025-10-17 07:00:00,0.37,0.37,0.37,HOU,25OCT20HOUSEA,0.46,0.01
2025-10-17 08:00:00,0.37,0.37,0.37,HOU,25OCT20HOUSEA,0.46,0.01
2025-10-17 09:00:00,0.37,0.37,0.37,HOU,25OCT20HOUSEA,0.46,0.01
2025-10-17 10:00:00,0.37,0.37,0.37,HOU,25OCT20HOUSEA,0.46,0.01
2025-10-17 11:00:00,0.37,0.37,0.37,HOU,25OCT20HOUSEA,0.46,0.01
2025-10-17 12:00:00,0.37,0.37,0.37,HOU,25OCT20HOUSEA,0.46,0.01
2025-10-17 13:00:00,0.37,0.37,0.37,HOU,25OCT20HOUSEA,0.46,0.01
2025-10-17 14:00:00,0.37,0.37,0.36,HOU,25OCT20HOUSEA,0.46,0.01
2025-10-17 15:00:00,0.37,0.37,0.36,HOU,25OCT20HOUSEA,0.46,0.01
2025-10-17 16:00:00,0.37,0.38,0.37,HOU,25OCT20HOUSEA,-0.37,0.57
2025-10-17 17:00:00,0.37,0.37,0.36,HOU,25OCT20HOUSEA,-0.17,0.78
2025-10-17 18:00:00,0.37,0.37,0.37,HOU,25OCT20HOUSEA,-0.26,0.61
2025-10-17 19:00:00,0.37,0.37,0.37,HOU,25OCT20HOUSEA,-0.56,0.61
2025-10-17 20:00:00,0.38,0.38,0.37,HOU,25OCT20HOUSEA,-0.54,0.61
2025-10-17 21:00:00,0.38,0.38,0.38,HOU,25OCT20HOUSEA,0.06,0.84
2025-10-17 22:00:00,0.38,0.38,0.38,HOU,25OCT20HOUSEA,0.56,0.84
2025-10-17 23:00:00,0.38,0.38,0.38,HOU,25OCT20HOUSEA,0.47,0.84
2025-10-18 00:00:00,0.38,0.38,0.38,HOU,25OCT20HOUSEA,0.56,0.84
2025-10-18 01:00:00,0.37,0.38,0.37,HOU,25OCT20HOUSEA,0.56,0.84
2025-10-18 02:00:00,0.38,0.38,0.38,HOU,25OCT20HOUSEA,0.56,0.84
2025-10-18 03:00:00,0.38,0.38,0.38,HOU,25OCT20HOUSEA,0.56,0.84
2025-10-18 04:00:00,0.38,0.38,0.38,HOU,25OCT20HOUSEA,0.56,0.84
2025-10-18 05:00:00,0.38,0.38,0.38,HOU,25OCT20HOUSEA,0.56,0.84
2025-10-18 06:00:00,0.38,0.38,0.38,HOU,25OCT20HOUSEA,0.56,0.84
2025-10-18 07:00:00,0.38,0.38,0.38,HOU,25OCT20HOUSEA,0.56,0.84
2025-10-18 08:00:00,0.38,0.38,0.38,HOU,25OCT20HOUSEA,0.56,0.84
2025-10-18 09:00:00,0.38,0.38,0.38,HOU,25OCT20HOUSEA,0.56,0.84
2025-10-18 10:00:00,0.38,0.38,0.38,HOU,25OCT20HOUSEA,0.56,0.84
2025-10-18 11:00:00,0.38,0.38,0.38,HOU,25OCT20HOUSEA,0.56,0.84
2025-10-18 12:00:00,0.38,0.38,0.38,HOU,25OCT20HOUSEA,-0.48,0.84
2025-10-18 13:00:00,0.38,0.38,0.38,HOU,25OCT20HOUSEA,-0.48,0.84
2025-10-18 14:00:00,0.38,0.38,0.37,HOU,25OCT20HOUSEA,-0.48,0.84
2025-10-18 15:00:00,0.38,0.38,0.38,HOU,25OCT20HOUSEA,-0.48,0.84
2025-10-18 16:00:00,0.38,0.38,0.37,HOU,25OCT20HOUSEA,-0.48,0.84
2025-10-18 17:00:00,0.38,0.38,0.38,HOU,25OCT20HOUSEA,-0.48,0.84
2025-10-18 18:00:00,0.38,0.38,0.37,HOU,25OCT20HOUSEA,0.44,0.84
2025-10-18 19:00:00,0.38,0.38,0.37,HOU,25OCT20HOUSEA,0.44,0.84
2025-10-18 20:00:00,0.38,0.38,0.38,HOU,25OCT20HOUSEA,0.44,0.84
2025-10-18 21:00:00,0.38,0.38,0.38,HOU,25OCT20HOUSEA,0.44,0.84
2025-10-18 22:00:00,0.38,0.38,0.38,HOU,25OCT20HOUSEA,0.44,0.84
2025-10-18 23:00:00,0.37,0.38,0.37,HOU,25OCT20HOUSEA,0.44,0.84
2025-10-19 00:00:00,0.37,0.38,0.37,HOU,25OCT20HOUSEA,0.44,0.84
2025-10-19 01:00:00,0.38,0.38,0.37,HOU,25OCT20HOUSEA,0.44,0.84
2025-10-19 02:00:00,0.38,0.38,0.38,HOU,25OCT20HOUSEA,0.44,0.84
2025-10-19 03:00:00,0.38,0.38,0.37,HOU,25OCT20HOUSEA,0.44,0.84
2025-10-19 04:00:00,0.38,0.38,0.37,HOU,25OCT20HOUSEA,0.44,0.84
2025-10-19 05:00:00,0.38,0.38,0.37,HOU,25OCT20HOUSEA,0.44,0.84
2025-10-19 06:00:00,0.38,0.38,0.37,HOU,25OCT20HOUSEA,0.44,0.84
2025-10-19 07:00:00,0.38,0.38,0.37,HOU,25OCT20HOUSEA,0.44,0.84
2025-10-19 08:00:00,0.38,0.38,0.38,HOU,25OCT20HOUSEA,0.44,0.84
2025-10-19 09:00:00,0.38,0.38,0.37,HOU,25OCT20HOUSEA,0.44,0.84
2025-10-19 10:00:00,0.38,0.38,0.38,HOU,25OCT20HOUSEA,0.44,0.84
2025-10-19 11:00:00,0.38,0.38,0.38,HOU,25OCT20HOUSEA,0.44,0.84
2025-10-19 12:00:00,0.38,0.38,0.38,HOU,25OCT20HOUSEA,0.44,0.84
2025-10-19 13:00:00,0.38,0.39,0.37,HOU,25OCT20HOUSEA,0.44,0.84
2025-10-19 14:00:00,0.38,0.38,0.37,HOU,25OCT20HOUSEA,0.5,0.84
2025-10-19 15:00:00,0.39,0.39,0.37,HOU,25OCT20HOUSEA,0.5,0.84
2025-10-19 16:00:00,0.39,0.39,0.37,HOU,25OCT20HOUSEA,0.5,0.84
2025-10-19 17:00:00,0.39,0.39,0.37,HOU,25OCT20HOUSEA,0.5,0.84
2025-10-19 18:00:00,0.39,0.39,0.37,HOU,25OCT20HOUSEA,-0.46,0.84
2025-10-19 19:00:00,0.39,0.39,0.37,HOU,25OCT20HOUSEA,-0.46,0.84
2025-10-19 20:00:00,0.39,0.39,0.37,HOU,25OCT20HOUSEA,0.45,0.84
2025-10-19 21:00:00,0.39,0.39,0.37,HOU,25OCT20HOUSEA,0.45,0.84
2025-10-19 22:00:00,0.39,0.39,0.37,HOU,25OCT20HOUSEA,0.45,0.84
2025-10-19 23:00:00,0.39,0.39,0.37,HOU,25OCT20HOUSEA,-0.39,0.84
2025-10-20 00:00:00,0.37,0.39,0.37,HOU,25OCT20HOUSEA,-0.39,0.84
2025-10-20 01:00:00,0.39,0.39,0.37,HOU,25OCT20HOUSEA,0.52,0.84
2025-10-20 02:00:00,0.39,0.39,0.37,HOU,25OCT20HOUSEA,0.52,0.84
2025-10-20 03:00:00,0.39,0.39,0.37,HOU,25OCT20HOUSEA,0.52,0.84
2025-10-20 04:00:00,0.39,0.39,0.37,HOU,25OCT20HOUSEA,0.52,0.84
2025-10-20 05:00:00,0.39,0.39,0.37,HOU,25OCT20HOUSEA,0.52,0.84
2025-10-20 06:00:00,0.39,0.39,0.37,HOU,25OCT20HOUSEA,0.52,0.84
2025-10-20 07:00:00,0.39,0.39,0.37,HOU,25OCT20HOUSEA,0.52,0.84
2025-10-20 08:00:00,0.39,0.39,0.37,HOU,25OCT20HOUSEA,0.52,0.84
2025-10-20 09:00:00,0.39,0.39,0.39,HOU,25OCT20HOUSEA,0.52,0.84
2025-10-20 10:00:00,0.39,0.39,0.39,HOU,25OCT20HOUSEA,0.52,0.84
2025-10-20 11:00:00,0.39,0.39,0.39,HOU,25OCT20HOUSEA,0.52,0.84
2025-10-20 12:00:00,0.39,0.39,0.39,HOU,25OCT20HOUSEA,0.52,0.84
2025-10-20 13:00:00,0.38,0.39,0.37,HOU,25OCT20HOUSEA,0.52,0.84
2025-10-20 14:00:00,0.38,0.38,0.37,HOU,25OCT20HOUSEA,0.52,0.84
2025-10-20 15:00:00,0.38,0.38,0.37,HOU,25OCT20HOUSEA,0.52,0.84
2025-10-20 16:00:00,0.38,0.39,0.37,HOU,25OCT20HOUSEA,0.52,0.84
2025-10-20 17:00:00,0.38,0.39,0.37,HOU,25OCT20HOUSEA,0.52,0.84
2025-10-20 18:00:00,0.39,0.39,0.38,HOU,25OCT20HOUSEA,0.52,0.84
2025-10-20 19:00:00,0.39,0.39,0.38,HOU,25OCT20HOUSEA,0.52,0.84
2025-10-20 20:00:00,0.38,0.39,0.37,HOU,25OCT20HOUSEA,0.52,0.84
2025-10-20 21:00:00,0.38,0.39,0.37,HOU,25OCT20HOUSEA,-0.46,0.84
2025-10-20 22:00:00,0.39,0.39,0.37,HOU,25OCT20HOUSEA,0.47,0.84
2025-10-20 23:00:00,0.39,0.39,0.38,HOU,25OCT20HOUSEA,-0.54,0.84
2025-10-21 00:00:00,0.38,0.39,0.38,HOU,25OCT20HOUSEA,-0.54,0.84
2025-10-21 01:00:00,0.39,0.39,0.38,HOU,25OCT20HOUSEA,-0.54,0.84
2025-10-21 02:00:00,0.39,0.39,0.38,HOU,25OCT20HOUSEA,-0.54,0.84
2025-10-21 03:00:00,0.11,0.48,0.08,HOU,25OCT20HOUSEA,-0.54,0.84
2025-10-21 04:00:00,0.14,0.21,0.06,HOU,25OCT20HOUSEA,-0.67,0.84
2025-10-21 05:00:00,0.02,0.3,0.01,HOU,25OCT20HOUSEA,-0.6,0.03
2025-10-13 04:00:00,0.63,0.63,0.59,SF,25OCT19ATLSF,-0.41,0.01
2025-10-13 05:00:00,0.63,0.63,0.62,SF,25OCT19ATLSF,-0.41,0.01
2025-10-13 06:00:00,0.62,0.62,0.62,SF,25OCT19ATLSF,-0.41,0.01
2025-10-13 07:00:00,0.62,0.62,0.62,SF,25OCT19ATLSF,-0.41,0.01
2025-10-13 08:00:00,0.63,0.63,0.63,SF,25OCT19ATLSF,-0.41,0.01
2025-10-13 09:00:00,0.63,0.63,0.63,SF,25OCT19ATLSF,-0.41,0.01
2025-10-13 10:00:00,0.63,0.63,0.63,SF,25OCT19ATLSF,-0.41,0.01
2025-10-13 11:00:00,0.63,0.63,0.63,SF,25OCT19ATLSF,-0.41,0.01
2025-10-13 12:00:00,0.63,0.63,0.63,SF,25OCT19ATLSF,-0.41,0.01
2025-10-13 13:00:00,0.61,0.61,0.61,SF,25OCT19ATLSF,-0.35,0.75
2025-10-13 14:00:00,0.61,0.61,0.61,SF,25OCT19ATLSF,-0.5,0.46
2025-10-13 15:00:00,0.61,0.61,0.61,SF,25OCT19ATLSF,-0.55,0.06
2025-10-13 16:00:00,0.6,0.6,0.6,SF,25OCT19ATLSF,-0.36,0.06
2025-10-13 17:00:00,0.6,0.6,0.6,SF,25OCT19ATLSF,-0.53,0.06
2025-10-13 18:00:00,0.6,0.6,0.6,SF,25OCT19ATLSF,-0.55,0.09
2025-10-13 19:00:00,0.6,0.6,0.6,SF,25OCT19ATLSF,-0.61,0.0
2025-10-13 20:00:00,0.59,0.6,0.59,SF,25OCT19ATLSF,-0.5,0.0
2025-10-13 21:00:00,0.6,0.6,0.6,SF,25OCT19ATLSF,-0.5,0.0
2025-10-13 22:00:00,0.61,0.61,0.61,SF,25OCT19ATLSF,-0.51,0.0
2025-10-13 23:00:00,0.61,0.61,0.61,SF,25OCT19ATLSF,-0.69,0.0
2025-10-14 00:00:00,0.61,0.61,0.61,SF,25OCT19ATLSF,-0.69,0.0
2025-10-14 01:00:00,0.61,0.61,0.61,SF,25OCT19ATLSF,-0.69,0.0
2025-10-14 02:00:00,0.6,0.61,0.6,SF,25OCT19ATLSF,-0.69,0.0
2025-10-14 03:00:00,0.6,0.6,0.6,SF,25OCT19ATLSF,0.63,0.0
2025-10-14 04:00:00,0.6,0.6,0.58,SF,25OCT19ATLSF,0.63,0.0
2025-10-14 05:00:00,0.6,0.6,0.58,SF,25OCT19ATLSF,0.63,0.0
2025-10-14 06:00:00,0.6,0.6,0.6,SF,25OCT19ATLSF,0.63,0.0
2025-10-14 07:00:00,0.6,0.6,0.6,SF,25OCT19ATLSF,0.63,0.0
2025-10-14 08:00:00,0.6,0.6,0.6,SF,25OCT19ATLSF,0.63,0.0
2025-10-14 09:00:00,0.6,0.6,0.6,SF,25OCT19ATLSF,0.63,0.0
2025-10-14 10:00:00,0.6,0.6,0.6,SF,25OCT19ATLSF,0.63,0.0
2025-10-14 11:00:00,0.6,0.6,0.6,SF,25OCT19ATLSF,0.63,0.0
2025-10-14 12:00:00,0.6,0.6,0.6,SF,25OCT19ATLSF,0.63,0.0
2025-10-14 13:00:00,0.6,0.6,0.6,SF,25OCT19ATLSF,-0.6,0.0
2025-10-14 14:00:00,0.6,0.6,0.6,SF,25OCT19ATLSF,-0.6,0.0
2025-10-14 15:00:00,0.6,0.6,0.6,SF,25OCT19ATLSF,0.51,0.0
2025-10-14 16:00:00,0.56,0.6,0.56,SF,25OCT19ATLSF,0.36,0.0
2025-10-14 17:00:00,0.56,0.56,0.55,SF,25OCT19ATLSF,0.36,0.0
2025-10-14 18:00:00,0.56,0.56,0.55,SF,25OCT19ATLSF,-0.52,0.0
2025-10-14 19:00:00,0.55,0.56,0.55,SF,25OCT19ATLSF,-0.52,0.0
2025-10-14 20:00:00,0.55,0.55,0.55,SF,25OCT19ATLSF,-0.52,0.0
2025-10-14 21:00:00,0.55,0.55,0.55,SF,25OCT19ATLSF,-0.28,0.77
2025-10-14 22:00:00,0.54,0.55,0.54,SF,25OCT19ATLSF,-0.35,0.7
2025-10-14 23:00:00,0.55,0.55,0.55,SF,25OCT19ATLSF,-0.35,0.7
2025-10-15 00:00:00,0.55,0.55,0.55,SF,25OCT19ATLSF,-0.35,0.7
2025-10-15 01:00:00,0.55,0.55,0.55,SF,25OCT19ATLSF,0.58,0.7
2025-10-15 02:00:00,0.55,0.55,0.55,SF,25OCT19ATLSF,0.5,0.7
2025-10-15 03:00:00,0.55,0.55,0.55,SF,25OCT19ATLSF,0.5,0.7
2025-10-15 04:00:00,0.55,0.55,0.55,SF,25OCT19ATLSF,0.5,0.7
2025-10-15 05:00:00,0.55,0.55,0.55,SF,25OCT19ATLSF,0.5,0.7
2025-10-15 06:00:00,0.55,0.55,0.55,SF,25OCT19ATLSF,0.5,0.7
2025-10-15 07:00:00,0.55,0.55,0.55,SF,25OCT19ATLSF,0.5,0.7
2025-10-15 08:00:00,0.55,0.55,0.55,SF,25OCT19ATLSF,0.5,0.7
2025-10-15 09:00:00,0.55,0.55,0.55,SF,25OCT19ATLSF,0.5,0.7
2025-10-15 10:00:00,0.55,0.55,0.55,SF,25OCT19ATLSF,0.5,0.7
2025-10-15 11:00:00,0.55,0.55,0.55,SF,25OCT19ATLSF,0.5,0.7
2025-10-15 12:00:00,0.55,0.55,0.55,SF,25OCT19ATLSF,0.5,0.7
2025-10-15 13:00:00,0.55,0.55,0.55,SF,25OCT19ATLSF,0.5,0.7
2025-10-15 14:00:00,0.55,0.55,0.54,SF,25OCT19ATLSF,0.5,0.7
2025-10-15 15:00:00,0.55,0.55,0.55,SF,25OCT19ATLSF,0.51,0.03
2025-10-15 16:00:00,0.55,0.55,0.55,SF,25OCT19ATLSF,0.51,0.03
2025-10-15 17:00:00,0.55,0.55,0.55,SF,25OCT19ATLSF,0.5,0.03
2025-10-15 18:00:00,0.55,0.55,0.55,SF,25OCT19ATLSF,0.5,0.03
2025-10-15 19:00:00,0.55,0.55,0.55,SF,25OCT19ATLSF,0.5,0.03
2025-10-15 20:00:00,0.55,0.55,0.55,SF,25OCT19ATLSF,0.5,0.03
2025-10-15 21:00:00,0.55,0.55,0.55,SF,25OCT19ATLSF,0.39,0.03
2025-10-15 22:00:00,0.55,0.55,0.55,SF,25OCT19ATLSF,0.39,0.03
2025-10-15 23:00:00,0.55,0.55,0.55,SF,25OCT19ATLSF,0.39,0.03
2025-10-16 00:00:00,0.55,0.55,0.55,SF,25OCT19ATLSF,0.48,0.03
2025-10-16 01:00:00,0.55,0.55,0.55,SF,25OCT19ATLSF,0.48,0.03
2025-10-16 02:00:00,0.55,0.55,0.55,SF,25OCT19ATLSF,0.38,0.06
2025-10-16 03:00:00,0.55,0.55,0.54,SF,25OCT19ATLSF,0.38,0.06
2025-10-16 04:00:00,0.55,0.55,0.55,SF,25OCT19ATLSF,0.38,0.06
2025-10-16 05:00:00,0.55,0.55,0.55,SF,25OCT19ATLSF,0.38,0.06
2025-10-16 06:00:00,0.55,0.55,0.55,SF,25OCT19ATLSF,0.38,0.06
2025-10-16 07:00:00,0.55,0.55,0.55,SF,25OCT19ATLSF,0.38,0.06
2025-10-16 08:00:00,0.55,0.55,0.55,SF,25OCT19ATLSF,0.38,0.06
2025-10-16 09:00:00,0.55,0.55,0.55,SF,25OCT19ATLSF,0.38,0.06
2025-10-16 10:00:00,0.55,0.55,0.55,SF,25OCT19ATLSF,0.38,0.06
2025-10-16 11:00:00,0.55,0.55,0.55,SF,25OCT19ATLSF,0.38,0.06
2025-10-16 12:00:00,0.55,0.55,0.55,SF,25OCT19ATLSF,0.38,0.06
2025-10-16 13:00:00,0.55,0.55,0.55,SF,25OCT19ATLSF,0.38,0.06
2025-10-16 14:00:00,0.55,0.55,0.54,SF,25OCT19ATLSF,0.38,0.06
2025-10-16 15:00:00,0.55,0.55,0.54,SF,25OCT19ATLSF,0.59,0.02
2025-10-16 16:00:00,0.55,0.55,0.55,SF,25OCT19ATLSF,0.59,0.02
2025-10-16 17:00:00,0.55,0.55,0.55,SF,25OCT19ATLSF,0.59,0.02
2025-10-16 18:00:00,0.55,0.55,0.55,SF,25OCT19ATLSF,0.59,0.02
2025-10-16 19:00:00,0.55,0.55,0.55,SF,25OCT19ATLSF,0.59,0.02
2025-10-16 20:00:00,0.55,0.55,0.55,SF,25OCT19ATLSF,0.59,0.02
2025-10-16 21:00:00,0.55,0.55,0.55,SF,25OCT19ATLSF,0.57,0.02
2025-10-16 22:00:00,0.55,0.55,0.55,SF,25OCT19ATLSF,0.57,0.02
2025-10-16 23:00:00,0.55,0.55,0.54,SF,25OCT19ATLSF,0.57,0.02
2025-10-17 00:00:00,0.55,0.55,0.54,SF,25OCT19ATLSF,0.57,0.02
2025-10-17 01:00:00,0.55,0.55,0.54,SF,25OCT19ATLSF,0.57,0.02
2025-10-17 02:00:00,0.55,0.55,0.55,SF,25OCT19ATLSF,0.57,0.02
2025-10-17 03:00:00,0.55,0.55,0.55,SF,25OCT19ATLSF,0.57,0.02
2025-10-17 04:00:00,0.55,0.55,0.55,SF,25OCT19ATLSF,0.47,0.02
2025-10-17 05:00:00,0.55,0.55,0.55,SF,25OCT19ATLSF,0.47,0.02
2025-10-17 06:00:00,0.55,0.55,0.55,SF,25OCT19ATLSF,0.47,0.02
2025-10-17 07:00:00,0.55,0.55,0.55,SF,25OCT19ATLSF,0.47,0.02
2025-10-17 08:00:00,0.55,0.55,0.55,SF,25OCT19ATLSF,0.47,0.02
2025-10-17 09:00:00,0.55,0.55,0.55,SF,25OCT19ATLSF,0.47,0.02
2025-10-17 10:00:00,0.55,0.55,0.55,SF,25OCT19ATLSF,0.47,0.02
2025-10-17 11:00:00,0.55,0.55,0.55,SF,25OCT19ATLSF,0.47,0.02
2025-10-17 12:00:00,0.55,0.55,0.55,SF,25OCT19ATLSF,0.47,0.02
2025-10-17 13:00:00,0.55,0.55,0.54,SF,25OCT19ATLSF,0.47,0.02
2025-10-17 14:00:00,0.55,0.55,0.55,SF,25OCT19ATLSF,0.52,0.01
2025-10-17 15:00:00,0.55,0.55,0.54,SF,25OCT19ATLSF,0.45,0.05
2025-10-17 16:00:00,0.55,0.55,0.54,SF,25OCT19ATLSF,0.41,0.05
2025-10-17 17:00:00,0.55,0.55,0.54,SF,25OCT19ATLSF,0.41,0.05
2025-10-17 18:00:00,0.55,0.55,0.55,SF,25OCT19ATLSF,0.41,0.05
2025-10-17 19:00:00,0.55,0.55,0.55,SF,25OCT19ATLSF,-0.5,0.05
2025-10-17 20:00:00,0.55,0.55,0.54,SF,25OCT19ATLSF,-0.5,0.05
2025-10-17 21:00:00,0.55,0.55,0.54,SF,25OCT19ATLSF,-0.5,0.05
2025-10-17 22:00:00,0.55,0.55,0.55,SF,25OCT19ATLSF,-0.5,0.05
2025-10-17 23:00:00,0.55,0.55,0.54,SF,25OCT19ATLSF,-0.5,0.05
2025-10-18 00:00:00,0.55,0.55,0.55,SF,25OCT19ATLSF,0.39,0.05
2025-10-18 01:00:00,0.55,0.55,0.54,SF,25OCT19ATLSF,0.39,0.05
2025-10-18 02:00:00,0.55,0.55,0.54,SF,25OCT19ATLSF,0.39,0.05
2025-10-18 03:00:00,0.55,0.55,0.55,SF,25OCT19ATLSF,0.39,0.05
2025-10-18 04:00:00,0.54,0.55,0.54,SF,25OCT19ATLSF,0.38,0.05
2025-10-18 05:00:00,0.55,0.55,0.55,SF,25OCT19ATLSF,0.38,0.05
2025-10-18 06:00:00,0.55,0.55,0.55,SF,25OCT19ATLSF,0.45,0.05
2025-10-18 07:00:00,0.55,0.55,0.54,SF,25OCT19ATLSF,0.45,0.05
2025-10-18 08:00:00,0.55,0.55,0.55,SF,25OCT19ATLSF,0.45,0.05
2025-10-18 09:00:00,0.55,0.55,0.55,SF,25OCT19ATLSF,0.38,0.05
2025-10-18 10:00:00,0.55,0.55,0.55,SF,25OCT19ATLSF,0.38,0.05
2025-10-18 11:00:00,0.55,0.55,0.55,SF,25OCT19ATLSF,0.38,0.05
2025-10-18 12:00:00,0.55,0.55,0.55,SF,25OCT19ATLSF,0.38,0.05
2025-10-18 13:00:00,0.55,0.55,0.54,SF,25OCT19ATLSF,0.38,0.05
2025-10-18 14:00:00,0.55,0.55,0.55,SF,25OCT19ATLSF,0.38,0.05
2025-10-18 15:00:00,0.55,0.55,0.55,SF,25OCT19ATLSF,0.43,0.05
2025-10-18 16:00:00,0.55,0.55,0.54,SF,25OCT19ATLSF,0.45,0.05
2025-10-18 17:00:00,0.55,0.55,0.54,SF,25OCT19ATLSF,0.35,0.07
2025-10-18 18:00:00,0.55,0.55,0.55,SF,25OCT19ATLSF,0.35,0.07
2025-10-18 19:00:00,0.55,0.55,0.54,SF,25OCT19ATLSF,0.35,0.07
2025-10-18 20:00:00,0.56,0.56,0.55,SF,25OCT19ATLSF,0.35,0.07
2025-10-18 21:00:00,0.55,0.56,0.55,SF,25OCT19ATLSF,0.35,0.07
2025-10-18 22:00:00,0.56,0.56,0.55,SF,25OCT19ATLSF,0.35,0.07
2025-10-18 23:00:00,0.56,0.56,0.56,SF,25OCT19ATLSF,0.43,0.07
2025-10-19 00:00:00,0.56,0.56,0.55,SF,25OCT19ATLSF,0.43,0.07
2025-10-19 01:00:00,0.56,0.56,0.56,SF,25OCT19ATLSF,0.43,0.07
2025-10-19 02:00:00,0.56,0.56,0.55,SF,25OCT19ATLSF,0.31,0.07
2025-10-19 03:00:00,0.56,0.56,0.55,SF,25OCT19ATLSF,0.31,0.07
2025-10-19 04:00:00,0.56,0.56,0.55,SF,25OCT19ATLSF,0.31,0.07
2025-10-19 05:00:00,0.55,0.56,0.54,SF,25OCT19ATLSF,0.31,0.07
2025-10-19 06:00:00,0.55,0.56,0.54,SF,25OCT19ATLSF,0.31,0.07
2025-10-19 07:00:00,0.55,0.56,0.54,SF,25OCT19ATLSF,0.31,0.07
2025-10-19 08:00:00,0.55,0.55,0.55,SF,25OCT19ATLSF,0.31,0.07
2025-10-19 09:00:00,0.55,0.55,0.54,SF,25OCT19ATLSF,0.31,0.07
2025-10-19 10:00:00,0.55,0.55,0.54,SF,25OCT19ATLSF,0.31,0.07
2025-10-19 11:00:00,0.55,0.55,0.55,SF,25OCT19ATLSF,0.31,0.07
2025-10-19 12:00:00,0.55,0.55,0.54,SF,25OCT19ATLSF,0.31,0.07
2025-10-19 13:00:00,0.55,0.55,0.54,SF,25OCT19ATLSF,0.31,0.07
2025-10-19 14:00:00,0.54,0.55,0.53,SF,25OCT19ATLSF,0.55,0.07
2025-10-19 15:00:00,0.54,0.54,0.53,SF,25OCT19ATLSF,0.47,0.07
2025-10-19 16:00:00,0.52,0.54,0.51,SF,25OCT19ATLSF,-0.5,0.07
2025-10-19 17:00:00,0.52,0.52,0.51,SF,25OCT19ATLSF,-0.5,0.07
2025-10-19 18:00:00,0.52,0.52,0.51,SF,25OCT19ATLSF,0.32,0.07
2025-10-19 19:00:00,0.52,0.52,0.5,SF,25OCT19ATLSF,0.32,0.07
2025-10-19 20:00:00,0.51,0.52,0.5,SF,25OCT19ATLSF,0.41,0.07
2025-10-19 21:00:00,0.5,0.51,0.49,SF,25OCT19ATLSF,0.45,0.07
2025-10-19 22:00:00,0.5,0.5,0.48,SF,25OCT19ATLSF,0.45,0.07
2025-10-19 23:00:00,0.5,0.5,0.49,SF,25OCT19ATLSF,0.74,0.18
2025-10-20 00:00:00,0.49,0.5,0.48,SF,25OCT19ATLSF,0.74,0.18
2025-10-20 01:00:00,0.58,0.61,0.4,SF,25OCT19ATLSF,0.72,0.19
2025-10-20 02:00:00,0.79,0.81,0.39,SF,25OCT19ATLSF,0.72,0.19
2025-10-20 03:00:00,0.98,0.99,0.45,SF,25OCT19ATLSF,0.82,0.09
2025-10-14 03:00:00,0.34,0.34,0.32,TB,25OCT20TBDET,0.51,0.06
2025-10-14 04:00:00,0.34,0.34,0.33,TB,25OCT20TBDET,0.52,0.06
2025-10-14 05:00:00,0.34,0.34,0.34,TB,25OCT20TBDET,0.46,0.06
2025-10-14 06:00:00,0.34,0.34,0.34,TB,25OCT20TBDET,0.64,0.06
2025-10-14 07:00:00,0.34,0.34,0.34,TB,25OCT20TBDET,0.64,0.06
2025-10-14 08:00:00,0.34,0.34,0.33,TB,25OCT20TBDET,0.64,0.06
2025-10-14 09:00:00,0.34,0.34,0.34,TB,25OCT20TBDET,0.64,0.06
2025-10-14 10:00:00,0.34,0.34,0.34,TB,25OCT20TBDET,0.47,0.0
2025-10-14 11:00:00,0.34,0.34,0.34,TB,25OCT20TBDET,-0.04,0.73
2025-10-14 12:00:00,0.33,0.34,0.33,TB,25OCT20TBDET,0.52,0.08
2025-10-14 13:00:00,0.33,0.33,0.33,TB,25OCT20TBDET,0.72,0.09
2025-10-14 14:00:00,0.33,0.33,0.31,TB,25OCT20TBDET,0.64,0.09
2025-10-14 15:00:00,0.33,0.33,0.31,TB,25OCT20TBDET,0.0,0.72
2025-10-14 16:00:00,0.33,0.33,0.31,TB,25OCT20TBDET,0.45,0.53
2025-10-14 17:00:00,0.33,0.33,0.31,TB,25OCT20TBDET,0.36,0.6
2025-10-14 18:00:00,0.33,0.33,0.33,TB,25OCT20TBDET,0.7,0.6
2025-10-14 19:00:00,0.34,0.34,0.33,TB,25OCT20TBDET,0.7,0.6
2025-10-14 20:00:00,0.33,0.34,0.33,TB,25OCT20TBDET,0.57,0.04
2025-10-14 21:00:00,0.33,0.33,0.32,TB,25OCT20TBDET,0.0,0.83
2025-10-14 22:00:00,0.33,0.33,0.32,TB,25OCT20TBDET,0.65,0.06
2025-10-14 23:00:00,0.33,0.33,0.32,TB,25OCT20TBDET,-0.14,0.72
2025-10-15 00:00:00,0.33,0.33,0.32,TB,25OCT20TBDET,0.09,0.87
2025-10-15 01:00:00,0.33,0.33,0.32,TB,25OCT20TBDET,-0.03,0.71
2025-10-15 02:00:00,0.33,0.33,0.33,TB,25OCT20TBDET,0.64,0.07
2025-10-15 03:00:00,0.33,0.33,0.32,TB,25OCT20TBDET,0.58,0.01
2025-10-15 04:00:00,0.33,0.33,0.32,TB,25OCT20TBDET,0.58,0.01
2025-10-15 05:00:00,0.33,0.33,0.32,TB,25OCT20TBDET,-0.54,0.01
2025-10-15 06:00:00,0.33,0.33,0.32,TB,25OCT20TBDET,-0.54,0.01
2025-10-15 07:00:00,0.33,0.33,0.33,TB,25OCT20TBDET,-0.54,0.01
2025-10-15 08:00:00,0.33,0.33,0.33,TB,25OCT20TBDET,-0.54,0.01
2025-10-15 09:00:00,0.33,0.33,0.33,TB,25OCT20TBDET,0.55,0.01
2025-10-15 10:00:00,0.33,0.33,0.33,TB,25OCT20TBDET,0.44,0.01
2025-10-15 11:00:00,0.33,0.33,0.33,TB,25OCT20TBDET,0.44,0.01
2025-10-15 12:00:00,0.33,0.33,0.33,TB,25OCT20TBDET,0.47,0.06
2025-10-15 13:00:00,0.33,0.33,0.33,TB,25OCT20TBDET,0.62,0.03
2025-10-15 14:00:00,0.33,0.33,0.32,TB,25OCT20TBDET,0.6,0.17
2025-10-15 15:00:00,0.33,0.33,0.32,TB,25OCT20TBDET,0.62,0.07
2025-10-15 16:00:00,0.33,0.34,0.33,TB,25OCT20TBDET,0.57,0.01
2025-10-15 17:00:00,0.33,0.33,0.33,TB,25OCT20TBDET,0.57,0.35
2025-10-15 18:00:00,0.33,0.33,0.33,TB,25OCT20TBDET,0.62,0.09
2025-10-15 19:00:00,0.33,0.33,0.33,TB,25OCT20TBDET,0.59,0.1
2025-10-15 20:00:00,0.33,0.33,0.32,TB,25OCT20TBDET,0.58,0.05
2025-10-15 21:00:00,0.33,0.33,0.33,TB,25OCT20TBDET,0.62,0.05
2025-10-15 22:00:00,0.33,0.33,0.32,TB,25OCT20TBDET,0.62,0.05
2025-10-15 23:00:00,0.33,0.33,0.32,TB,25OCT20TBDET,0.62,0.05
2025-10-16 00:00:00,0.33,0.33,0.33,TB,25OCT20TBDET,0.51,0.14
2025-10-16 01:00:00,0.33,0.33,0.32,TB,25OCT20TBDET,0.56,0.07
2025-10-16 02:00:00,0.33,0.33,0.32,TB,25OCT20TBDET,-0.53,0.07
2025-10-16 03:00:00,0.33,0.33,0.32,TB,25OCT20TBDET,-0.53,0.07
2025-10-16 04:00:00,0.33,0.33,0.32,TB,25OCT20TBDET,-0.53,0.07
2025-10-16 05:00:00,0.33,0.33,0.32,TB,25OCT20TBDET,-0.53,0.07
2025-10-16 06:00:00,0.33,0.33,0.32,TB,25OCT20TBDET,0.46,0.07
2025-10-16 07:00:00,0.33,0.33,0.32,TB,25OCT20TBDET,0.5,0.07
2025-10-16 08:00:00,0.33,0.33,0.32,TB,25OCT20TBDET,0.5,0.07
2025-10-16 09:00:00,0.33,0.33,0.32,TB,25OCT20TBDET,0.5,0.07
2025-10-16 10:00:00,0.33,0.33,0.33,TB,25OCT20TBDET,0.5,0.07
2025-10-16 11:00:00,0.33,0.33,0.33,TB,25OCT20TBDET,0.5,0.07
2025-10-16 12:00:00,0.33,0.33,0.33,TB,25OCT20TBDET,0.5,0.07
2025-10-16 13:00:00,0.33,0.33,0.32,TB,25OCT20TBDET,0.5,0.07
2025-10-16 14:00:00,0.33,0.33,0.32,TB,25OCT20TBDET,0.49,0.46
2025-10-16 15:00:00,0.33,0.33,0.33,TB,25OCT20TBDET,0.6,0.11
2025-10-16 16:00:00,0.33,0.33,0.32,TB,25OCT20TBDET,0.19,0.72
2025-10-16 17:00:00,0.33,0.33,0.32,TB,25OCT20TBDET,0.15,0.61
2025-10-16 18:00:00,0.33,0.33,0.32,TB,25OCT20TBDET,0.25,0.52
2025-10-16 19:00:00,0.33,0.33,0.32,TB,25OCT20TBDET,0.24,0.5
2025-10-16 20:00:00,0.33,0.33,0.32,TB,25OCT20TBDET,0.46,0.44
2025-10-16 21:00:00,0.33,0.33,0.33,TB,25OCT20TBDET,0.6,0.05
2025-10-16 22:00:00,0.33,0.33,0.33,TB,25OCT20TBDET,0.44,0.42
2025-10-16 23:00:00,0.33,0.33,0.32,TB,25OCT20TBDET,0.56,0.09
2025-10-17 00:00:00,0.32,0.33,0.31,TB,25OCT20TBDET,0.52,0.04
2025-10-17 01:00:00,0.32,0.32,0.31,TB,25OCT20TBDET,0.66,0.11
2025-10-17 02:00:00,0.32,0.32,0.31,TB,25OCT20TBDET,0.65,0.03
2025-10-17 03:00:00,0.32,0.32,0.31,TB,25OCT20TBDET,0.53,0.06
2025-10-17 04:00:00,0.31,0.32,0.3,TB,25OCT20TBDET,0.53,0.06
2025-10-17 05:00:00,0.31,0.31,0.3,TB,25OCT20TBDET,0.53,0.06
2025-10-17 06:00:00,0.31,0.31,0.3,TB,25OCT20TBDET,0.53,0.06
2025-10-17 07:00:00,0.31,0.31,0.3,TB,25OCT20TBDET,0.53,0.06
2025-10-17 08:00:00,0.31,0.31,0.31,TB,25OCT20TBDET,0.53,0.06
2025-10-17 09:00:00,0.31,0.31,0.31,TB,25OCT20TBDET,0.54,0.06
2025-10-17 10:00:00,0.31,0.31,0.31,TB,25OCT20TBDET,0.54,0.06
2025-10-17 11:00:00,0.31,0.31,0.31,TB,25OCT20TBDET,0.54,0.06
2025-10-17 12:00:00,0.31,0.31,0.31,TB,25OCT20TBDET,0.56,0.06
2025-10-17 13:00:00,0.31,0.31,0.31,TB,25OCT20TBDET,0.52,0.08
2025-10-17 14:00:00,0.31,0.31,0.3,TB,25OCT20TBDET,0.51,0.01
2025-10-17 15:00:00,0.31,0.31,0.3,TB,25OCT20TBDET,0.71,0.12
2025-10-17 16:00:00,0.31,0.31,0.3,TB,25OCT20TBDET,0.18,0.72
2025-10-17 17:00:00,0.31,0.31,0.31,TB,25OCT20TBDET,0.59,0.07
2025-10-17 18:00:00,0.31,0.31,0.3,TB,25OCT20TBDET,0.55,0.09
2025-10-17 19:00:00,0.31,0.31,0.3,TB,25OCT20TBDET,0.55,0.09
2025-10-17 20:00:00,0.31,0.31,0.3,TB,25OCT20TBDET,0.57,0.11
2025-10-17 21:00:00,0.31,0.31,0.3,TB,25OCT20TBDET,0.54,0.03
2025-10-17 22:00:00,0.31,0.31,0.3,TB,25OCT20TBDET,0.49,0.03
2025-10-17 23:00:00,0.31,0.31,0.31,TB,25OCT20TBDET,0.49,0.03
2025-10-18 00:00:00,0.31,0.31,0.3,TB,25OCT20TBDET,0.51,0.03
2025-10-18 01:00:00,0.31,0.31,0.31,TB,25OCT20TBDET,0.51,0.03
2025-10-18 02:00:00,0.31,0.31,0.3,TB,25OCT20TBDET,0.51,0.03
2025-10-18 03:00:00,0.31,0.31,0.3,TB,25OCT20TBDET,0.52,0.08
2025-10-18 04:00:00,0.31,0.31,0.3,TB,25OCT20TBDET,0.52,0.06
2025-10-18 05:00:00,0.31,0.31,0.31,TB,25OCT20TBDET,0.52,0.06
2025-10-18 06:00:00,0.31,0.31,0.3,TB,25OCT20TBDET,0.52,0.06
2025-10-18 07:00:00,0.31,0.31,0.31,TB,25OCT20TBDET,0.52,0.06
2025-10-18 08:00:00,0.31,0.31,0.31,TB,25OCT20TBDET,0.52,0.06
2025-10-18 09:00:00,0.31,0.31,0.31,TB,25OCT20TBDET,-0.12,0.57
2025-10-18 10:00:00,0.31,0.31,0.31,TB,25OCT20TBDET,0.56,0.57
2025-10-18 11:00:00,0.31,0.31,0.31,TB,25OCT20TBDET,0.56,0.57
2025-10-18 12:00:00,0.31,0.31,0.31,TB,25OCT20TBDET,0.56,0.57
2025-10-18 13:00:00,0.31,0.31,0.3,TB,25OCT20TBDET,0.56,0.57
2025-10-18 14:00:00,0.3,0.31,0.3,TB,25OCT20TBDET,0.54,0.57
2025-10-18 15:00:00,0.3,0.3,0.3,TB,25OCT20TBDET,0.39,0.59
2025-10-18 16:00:00,0.3,0.3,0.3,TB,25OCT20TBDET,0.45,0.54
2025-10-18 17:00:00,0.3,0.3,0.29,TB,25OCT20TBDET,-0.54,0.54
2025-10-18 18:00:00,0.3,0.3,0.29,TB,25OCT20TBDET,0.6,0.54
2025-10-18 19:00:00,0.3,0.3,0.3,TB,25OCT20TBDET,0.61,0.54
2025-10-18 20:00:00,0.29,0.3,0.29,TB,25OCT20TBDET,0.48,0.54
2025-10-18 21:00:00,0.31,0.31,0.28,TB,25OCT20TBDET,0.48,0.54
2025-10-18 22:00:00,0.3,0.31,0.3,TB,25OCT20TBDET,0.48,0.54
2025-10-18 23:00:00,0.29,0.31,0.29,TB,25OCT20TBDET,0.47,0.08
2025-10-19 00:00:00,0.3,0.3,0.29,TB,25OCT20TBDET,0.5,0.0
2025-10-19 01:00:00,0.3,0.3,0.29,TB,25OCT20TBDET,0.46,0.0
2025-10-19 02:00:00,0.3,0.3,0.29,TB,25OCT20TBDET,0.57,0.0
2025-10-19 03:00:00,0.3,0.3,0.29,TB,25OCT20TBDET,0.57,0.0
2025-10-19 04:00:00,0.3,0.3,0.29,TB,25OCT20TBDET,0.57,0.0
2025-10-19 05:00:00,0.3,0.3,0.29,TB,25OCT20TBDET,0.57,0.0
2025-10-19 06:00:00,0.3,0.3,0.3,TB,25OCT20TBDET,0.57,0.0
2025-10-19 07:00:00,0.3,0.3,0.29,TB,25OCT20TBDET,0.57,0.0
2025-10-19 08:00:00,0.3,0.3,0.29,TB,25OCT20TBDET,0.57,0.0
2025-10-19 09:00:00,0.3,0.3,0.29,TB,25OCT20TBDET,0.57,0.0
2025-10-19 10:00:00,0.3,0.3,0.29,TB,25OCT20TBDET,0.57,0.0
2025-10-19 11:00:00,0.3,0.3,0.29,TB,25OCT20TBDET,0.57,0.0
2025-10-19 12:00:00,0.3,0.3,0.3,TB,25OCT20TBDET,0.57,0.0
2025-10-19 13:00:00,0.3,0.3,0.29,TB,25OCT20TBDET,0.57,0.0
2025-10-19 14:00:00,0.29,0.3,0.28,TB,25OCT20TBDET,-0.43,0.0
2025-10-19 15:00:00,0.29,0.3,0.28,TB,25OCT20TBDET,0.27,0.68
2025-10-19 16:00:00,0.31,0.31,0.29,TB,25OCT20TBDET,0.54,0.04
2025-10-19 17:00:00,0.3,0.31,0.29,TB,25OCT20TBDET,0.55,0.04
2025-10-19 18:00:00,0.3,0.31,0.29,TB,25OCT20TBDET,0.55,0.04
2025-10-19 19:00:00,0.31,0.31,0.29,TB,25OCT20TBDET,0.55,0.04
2025-10-19 20:00:00,0.31,0.31,0.29,TB,25OCT20TBDET,0.45,0.72
2025-10-19 21:00:00,0.31,0.31,0.29,TB,25OCT20TBDET,0.62,0.13
2025-10-19 22:00:00,0.31,0.31,0.29,TB,25OCT20TBDET,0.58,0.05
2025-10-19 23:00:00,0.31,0.31,0.29,TB,25OCT20TBDET,0.54,0.0
2025-10-20 00:00:00,0.31,0.31,0.29,TB,25OCT20TBDET,0.54,0.0
2025-10-20 01:00:00,0.31,0.31,0.3,TB,25OCT20TBDET,-0.12,0.96
2025-10-20 02:00:00,0.31,0.31,0.3,TB,25OCT20TBDET,-0.11,0.73
2025-10-20 03:00:00,0.31,0.31,0.3,TB,25OCT20TBDET,0.44,0.73
2025-10-20 04:00:00,0.31,0.31,0.3,TB,25OCT20TBDET,0.44,0.73
2025-10-20 05:00:00,0.31,0.31,0.3,TB,25OCT20TBDET,0.53,0.73
2025-10-20 06:00:00,0.31,0.31,0.3,TB,25OCT20TBDET,-0.54,0.73
2025-10-20 07:00:00,0.31,0.31,0.3,TB,25OCT20TBDET,-0.54,0.73
2025-10-20 08:00:00,0.31,0.31,0.3,TB,25OCT20TBDET,-0.54,0.73
2025-10-20 09:00:00,0.31,0.31,0.3,TB,25OCT20TBDET,-0.67,0.73
2025-10-20 10:00:00,0.31,0.31,0.31,TB,25OCT20TBDET,0.48,0.73
2025-10-20 11:00:00,0.3,0.31,0.3,TB,25OCT20TBDET,-0.08,0.69
2025-10-20 12:00:00,0.31,0.31,0.3,TB,25OCT20TBDET,0.01,0.67
2025-10-20 13:00:00,0.32,0.32,0.3,TB,25OCT20TBDET,-0.65,0.05
2025-10-20 14:00:00,0.31,0.32,0.3,TB,25OCT20TBDET,-0.03,0.81
2025-10-20 15:00:00,0.31,0.31,0.3,TB,25OCT20TBDET,-0.03,0.81
2025-10-20 16:00:00,0.31,0.31,0.3,TB,25OCT20TBDET,-0.03,0.81
2025-10-20 17:00:00,0.31,0.31,0.3,TB,25OCT20TBDET,0.42,0.81
2025-10-20 18:00:00,0.31,0.31,0.3,TB,25OCT20TBDET,0.01,0.78
2025-10-20 19:00:00,0.31,0.31,0.3,TB,25OCT20TBDET,-0.55,0.78
2025-10-20 20:00:00,0.31,0.31,0.3,TB,25OCT20TBDET,-0.52,0.78
2025-10-20 21:00:00,0.31,0.31,0.3,TB,25OCT20TBDET,-0.25,0.48
2025-10-20 22:00:00,0.32,0.32,0.3,TB,25OCT20TBDET,-0.51,0.48
2025-10-20 23:00:00,0.31,0.32,0.3,TB,25OCT20TBDET,0.2,0.81
2025-10-21 00:00:00,0.2,0.32,0.12,TB,25OCT20TBDET,0.54,0.67
2025-10-21 01:00:00,0.22,0.28,0.07,TB,25OCT20TBDET,0.89,0.0
2025-10-21 02:00:00,0.06,0.23,0.02,TB,25OCT20TBDET,-0.07,0.81
2025-10-13 00:00:00,0.28,0.28,0.27,ARI,25OCT19GBARI,-0.65,0.16
2025-10-13 01:00:00,0.28,0.28,0.28,ARI,25OCT19GBARI,-0.56,0.16
2025-10-13 02:00:00,0.27,0.28,0.24,ARI,25OCT19GBARI,-0.56,0.16
2025-10-13 03:00:00,0.28,0.28,0.28,ARI,25OCT19GBARI,-0.56,0.16
2025-10-13 04:00:00,0.26,0.27,0.26,ARI,25OCT19GBARI,-0.56,0.16
2025-10-13 05:00:00,0.27,0.27,0.27,ARI,25OCT19GBARI,-0.56,0.16
2025-10-13 06:00:00,0.27,0.27,0.27,ARI,25OCT19GBARI,-0.56,0.16
2025-10-13 07:00:00,0.27,0.27,0.27,ARI,25OCT19GBARI,-0.56,0.16
2025-10-13 08:00:00,0.27,0.27,0.27,ARI,25OCT19GBARI,-0.56,0.16
2025-10-13 09:00:00,0.27,0.27,0.27,ARI,25OCT19GBARI,-0.56,0.16
2025-10-13 10:00:00,0.27,0.27,0.27,ARI,25OCT19GBARI,-0.56,0.16
2025-10-13 11:00:00,0.27,0.27,0.27,ARI,25OCT19GBARI,-0.56,0.16
2025-10-13 12:00:00,0.27,0.27,0.27,ARI,25OCT19GBARI,-0.56,0.16
2025-10-13 13:00:00,0.27,0.27,0.27,ARI,25OCT19GBARI,-0.56,0.16
2025-10-13 14:00:00,0.27,0.27,0.27,ARI,25OCT19GBARI,-0.56,0.16
2025-10-13 15:00:00,0.27,0.27,0.26,ARI,25OCT19GBARI,0.05,0.73
2025-10-13 16:00:00,0.27,0.27,0.27,ARI,25OCT19GBARI,0.05,0.73
2025-10-13 17:00:00,0.27,0.27,0.27,ARI,25OCT19GBARI,-0.41,0.73
2025-10-13 18:00:00,0.27,0.27,0.27,ARI,25OCT19GBARI,-0.41,0.73
2025-10-13 19:00:00,0.28,0.28,0.27,ARI,25OCT19GBARI,-0.41,0.73
2025-10-13 20:00:00,0.28,0.28,0.27,ARI,25OCT19GBARI,0.74,0.73
2025-10-13 21:00:00,0.29,0.29,0.29,ARI,25OCT19GBARI,0.74,0.73
2025-10-13 22:00:00,0.27,0.27,0.27,ARI,25OCT19GBARI,0.74,0.73
2025-10-13 23:00:00,0.28,0.28,0.28,ARI,25OCT19GBARI,-0.07,0.75
2025-10-14 00:00:00,0.28,0.28,0.28,ARI,25OCT19GBARI,-0.6,0.03
2025-10-14 01:00:00,0.28,0.28,0.27,ARI,25OCT19GBARI,0.03,0.92
2025-10-14 02:00:00,0.28,0.28,0.28,ARI,25OCT19GBARI,0.03,0.92
2025-10-14 03:00:00,0.28,0.28,0.27,ARI,25OCT19GBARI,-0.56,0.92
2025-10-14 04:00:00,0.28,0.28,0.27,ARI,25OCT19GBARI,-0.56,0.92
2025-10-14 05:00:00,0.29,0.29,0.27,ARI,25OCT19GBARI,-0.56,0.92
2025-10-14 06:00:00,0.29,0.29,0.29,ARI,25OCT19GBARI,-0.53,0.92
2025-10-14 07:00:00,0.29,0.29,0.29,ARI,25OCT19GBARI,-0.53,0.92
2025-10-14 08:00:00,0.29,0.29,0.29,ARI,25OCT19GBARI,-0.53,0.92
2025-10-14 09:00:00,0.29,0.29,0.29,ARI,25OCT19GBARI,-0.53,0.92
2025-10-14 10:00:00,0.29,0.29,0.29,ARI,25OCT19GBARI,-0.53,0.92
2025-10-14 11:00:00,0.29,0.29,0.29,ARI,25OCT19GBARI,-0.53,0.92
2025-10-14 12:00:00,0.29,0.29,0.29,ARI,25OCT19GBARI,-0.53,0.92
2025-10-14 13:00:00,0.28,0.28,0.28,ARI,25OCT19GBARI,-0.53,0.92
2025-10-14 14:00:00,0.28,0.28,0.28,ARI,25OCT19GBARI,-0.53,0.92
2025-10-14 15:00:00,0.28,0.28,0.28,ARI,25OCT19GBARI,-0.53,0.92
2025-10-14 16:00:00,0.28,0.28,0.28,ARI,25OCT19GBARI,-0.53,0.92
2025-10-14 17:00:00,0.28,0.28,0.28,ARI,25OCT19GBARI,-0.53,0.92
2025-10-14 18:00:00,0.28,0.28,0.28,ARI,25OCT19GBARI,-0.53,0.92
2025-10-14 19:00:00,0.28,0.29,0.28,ARI,25OCT19GBARI,-0.53,0.92
2025-10-14 20:00:00,0.28,0.28,0.27,ARI,25OCT19GBARI,-0.46,0.92
2025-10-14 21:00:00,0.28,0.28,0.28,ARI,25OCT19GBARI,-0.46,0.92
2025-10-14 22:00:00,0.28,0.28,0.27,ARI,25OCT19GBARI,-0.46,0.92
2025-10-14 23:00:00,0.28,0.28,0.28,ARI,25OCT19GBARI,-0.46,0.92
2025-10-15 00:00:00,0.27,0.28,0.27,ARI,25OCT19GBARI,-0.46,0.92
2025-10-15 01:00:00,0.28,0.28,0.28,ARI,25OCT19GBARI,-0.46,0.92
2025-10-15 02:00:00,0.28,0.28,0.28,ARI,25OCT19GBARI,-0.46,0.92
2025-10-15 03:00:00,0.27,0.28,0.26,ARI,25OCT19GBARI,-0.46,0.92
2025-10-15 04:00:00,0.27,0.27,0.26,ARI,25OCT19GBARI,-0.46,0.92
2025-10-15 05:00:00,0.27,0.27,0.26,ARI,25OCT19GBARI,-0.46,0.92
2025-10-15 06:00:00,0.27,0.27,0.27,ARI,25OCT19GBARI,-0.46,0.92
2025-10-15 07:00:00,0.27,0.27,0.27,ARI,25OCT19GBARI,-0.46,0.92
2025-10-15 08:00:00,0.27,0.27,0.27,ARI,25OCT19GBARI,-0.46,0.92
2025-10-15 09:00:00,0.27,0.27,0.27,ARI,25OCT19GBARI,-0.46,0.92
2025-10-15 10:00:00,0.27,0.27,0.27,ARI,25OCT19GBARI,-0.46,0.92
2025-10-15 11:00:00,0.27,0.27,0.27,ARI,25OCT19GBARI,-0.46,0.92
2025-10-15 12:00:00,0.27,0.27,0.27,ARI,25OCT19GBARI,-0.46,0.92
2025-10-15 13:00:00,0.27,0.27,0.27,ARI,25OCT19GBARI,-0.46,0.92
2025-10-15 14:00:00,0.26,0.27,0.26,ARI,25OCT19GBARI,-0.52,0.92
2025-10-15 15:00:00,0.27,0.27,0.26,ARI,25OCT19GBARI,-0.52,0.92
2025-10-15 16:00:00,0.27,0.28,0.27,ARI,25OCT19GBARI,-0.52,0.92
2025-10-15 17:00:00,0.27,0.27,0.27,ARI,25OCT19GBARI,-0.52,0.92
2025-10-15 18:00:00,0.27,0.27,0.27,ARI,25OCT19GBARI,-0.52,0.92
2025-10-15 19:00:00,0.27,0.27,0.27,ARI,25OCT19GBARI,-0.52,0.92
2025-10-15 20:00:00,0.27,0.27,0.27,ARI,25OCT19GBARI,-0.52,0.92
2025-10-15 21:00:00,0.27,0.27,0.27,ARI,25OCT19GBARI,-0.52,0.92
2025-10-15 22:00:00,0.27,0.27,0.27,ARI,25OCT19GBARI,-0.52,0.92
2025-10-15 23:00:00,0.27,0.27,0.27,ARI,25OCT19GBARI,-0.52,0.92
2025-10-16 00:00:00,0.27,0.27,0.27,ARI,25OCT19GBARI,-0.52,0.92
2025-10-16 01:00:00,0.27,0.27,0.27,ARI,25OCT19GBARI,-0.52,0.92
2025-10-16 02:00:00,0.27,0.27,0.26,ARI,25OCT19GBARI,-0.41,0.92
2025-10-16 03:00:00,0.27,0.27,0.27,ARI,25OCT19GBARI,-0.41,0.92
2025-10-16 04:00:00,0.27,0.27,0.27,ARI,25OCT19GBARI,-0.41,0.92
2025-10-16 05:00:00,0.27,0.27,0.27,ARI,25OCT19GBARI,-0.41,0.92
2025-10-16 06:00:00,0.27,0.27,0.27,ARI,25OCT19GBARI,-0.41,0.92
2025-10-16 07:00:00,0.27,0.27,0.27,ARI,25OCT19GBARI,-0.41,0.92
2025-10-16 08:00:00,0.27,0.27,0.27,ARI,25OCT19GBARI,-0.41,0.92
2025-10-16 09:00:00,0.27,0.27,0.27,ARI,25OCT19GBARI,-0.41,0.92
2025-10-16 10:00:00,0.27,0.27,0.27,ARI,25OCT19GBARI,-0.41,0.92
2025-10-16 11:00:00,0.27,0.27,0.27,ARI,25OCT19GBARI,-0.41,0.92
2025-10-16 12:00:00,0.27,0.27,0.27,ARI,25OCT19GBARI,-0.41,0.92
2025-10-16 13:00:00,0.27,0.27,0.27,ARI,25OCT19GBARI,-0.41,0.92
2025-10-16 14:00:00,0.28,0.28,0.27,ARI,25OCT19GBARI,-0.41,0.92
2025-10-16 15:00:00,0.27,0.27,0.27,ARI,25OCT19GBARI,-0.41,0.92
2025-10-16 16:00:00,0.27,0.27,0.26,ARI,25OCT19GBARI,-0.41,0.92
2025-10-16 17:00:00,0.27,0.27,0.27,ARI,25OCT19GBARI,-0.41,0.92
2025-10-16 18:00:00,0.27,0.27,0.26,ARI,25OCT19GBARI,-0.41,0.92
2025-10-16 19:00:00,0.26,0.27,0.26,ARI,25OCT19GBARI,-0.41,0.92
2025-10-16 20:00:00,0.26,0.26,0.26,ARI,25OCT19GBARI,-0.41,0.92
2025-10-16 21:00:00,0.26,0.26,0.26,ARI,25OCT19GBARI,-0.41,0.92
2025-10-16 22:00:00,0.26,0.26,0.25,ARI,25OCT19GBARI,-0.41,0.92
2025-10-16 23:00:00,0.26,0.26,0.26,ARI,25OCT19GBARI,-0.41,0.92
2025-10-17 00:00:00,0.26,0.26,0.26,ARI,25OCT19GBARI,-0.41,0.92
2025-10-17 01:00:00,0.26,0.26,0.25,ARI,25OCT19GBARI,-0.41,0.92
2025-10-17 02:00:00,0.26,0.26,0.26,ARI,25OCT19GBARI,-0.41,0.92
2025-10-17 03:00:00,0.26,0.26,0.25,ARI,25OCT19GBARI,-0.41,0.92
2025-10-17 04:00:00,0.25,0.26,0.25,ARI,25OCT19GBARI,-0.41,0.92
2025-10-17 05:00:00,0.26,0.26,0.25,ARI,25OCT19GBARI,-0.41,0.92
2025-10-17 06:00:00,0.26,0.26,0.26,ARI,25OCT19GBARI,-0.41,0.92
2025-10-17 07:00:00,0.26,0.26,0.25,ARI,25OCT19GBARI,-0.41,0.92
2025-10-17 08:00:00,0.26,0.26,0.25,ARI,25OCT19GBARI,-0.41,0.92
2025-10-17 09:00:00,0.26,0.26,0.26,ARI,25OCT19GBARI,-0.41,0.92
2025-10-17 10:00:00,0.26,0.26,0.26,ARI,25OCT19GBARI,-0.41,0.92
2025-10-17 11:00:00,0.26,0.26,0.26,ARI,25OCT19GBARI,-0.41,0.92
2025-10-17 12:00:00,0.26,0.26,0.26,ARI,25OCT19GBARI,-0.41,0.92
2025-10-17 13:00:00,0.26,0.26,0.25,ARI,25OCT19GBARI,-0.41,0.92
2025-10-17 14:00:00,0.26,0.26,0.26,ARI,25OCT19GBARI,-0.41,0.92
2025-10-17 15:00:00,0.26,0.26,0.26,ARI,25OCT19GBARI,-0.41,0.92
2025-10-17 16:00:00,0.26,0.26,0.26,ARI,25OCT19GBARI,-0.41,0.92
2025-10-17 17:00:00,0.26,0.26,0.25,ARI,25OCT19GBARI,-0.41,0.92
2025-10-17 18:00:00,0.26,0.26,0.26,ARI,25OCT19GBARI,-0.41,0.92
2025-10-17 19:00:00,0.26,0.26,0.26,ARI,25OCT19GBARI,-0.41,0.92
2025-10-17 20:00:00,0.26,0.26,0.25,ARI,25OCT19GBARI,-0.41,0.92
2025-10-17 21:00:00,0.26,0.26,0.26,ARI,25OCT19GBARI,-0.41,0.92
2025-10-17 22:00:00,0.25,0.26,0.25,ARI,25OCT19GBARI,-0.41,0.92
2025-10-17 23:00:00,0.26,0.26,0.26,ARI,25OCT19GBARI,-0.41,0.92
2025-10-18 00:00:00,0.26,0.26,0.26,ARI,25OCT19GBARI,-0.41,0.92
2025-10-18 01:00:00,0.26,0.26,0.26,ARI,25OCT19GBARI,-0.41,0.92
2025-10-18 02:00:00,0.26,0.26,0.26,ARI,25OCT19GBARI,-0.41,0.92
2025-10-18 03:00:00,0.26,0.26,0.26,ARI,25OCT19GBARI,-0.41,0.92
2025-10-18 04:00:00,0.26,0.26,0.26,ARI,25OCT19GBARI,-0.41,0.92
2025-10-18 05:00:00,0.26,0.26,0.25,ARI,25OCT19GBARI,-0.41,0.92
2025-10-18 06:00:00,0.26,0.26,0.25,ARI,25OCT19GBARI,-0.41,0.92
2025-10-18 07:00:00,0.26,0.26,0.26,ARI,25OCT19GBARI,-0.41,0.92
2025-10-18 08:00:00,0.26,0.26,0.26,ARI,25OCT19GBARI,-0.41,0.92
2025-10-18 09:00:00,0.26,0.26,0.26,ARI,25OCT19GBARI,-0.41,0.92
2025-10-18 10:00:00,0.26,0.26,0.26,ARI,25OCT19GBARI,-0.41,0.92
2025-10-18 11:00:00,0.26,0.26,0.26,ARI,25OCT19GBARI,-0.41,0.92
2025-10-18 12:00:00,0.26,0.26,0.26,ARI,25OCT19GBARI,-0.41,0.92
2025-10-18 13:00:00,0.26,0.26,0.26,ARI,25OCT19GBARI,-0.41,0.92
2025-10-18 14:00:00,0.26,0.26,0.26,ARI,25OCT19GBARI,-0.41,0.92
2025-10-18 15:00:00,0.26,0.26,0.26,ARI,25OCT19GBARI,-0.52,0.92
2025-10-18 16:00:00,0.26,0.26,0.26,ARI,25OCT19GBARI,-0.52,0.92
2025-10-18 17:00:00,0.26,0.26,0.25,ARI,25OCT19GBARI,-0.52,0.92
2025-10-18 18:00:00,0.26,0.26,0.25,ARI,25OCT19GBARI,-0.52,0.92
2025-10-18 19:00:00,0.26,0.26,0.25,ARI,25OCT19GBARI,-0.52,0.92
2025-10-18 20:00:00,0.25,0.25,0.24,ARI,25OCT19GBARI,-0.52,0.92
2025-10-18 21:00:00,0.25,0.26,0.24,ARI,25OCT19GBARI,-0.52,0.92
2025-10-18 22:00:00,0.25,0.25,0.24,ARI,25OCT19GBARI,-0.52,0.92
2025-10-18 23:00:00,0.25,0.25,0.24,ARI,25OCT19GBARI,-0.52,0.92
2025-10-19 00:00:00,0.25,0.25,0.24,ARI,25OCT19GBARI,-0.52,0.92
2025-10-19 01:00:00,0.25,0.25,0.24,ARI,25OCT19GBARI,-0.52,0.92
2025-10-19 02:00:00,0.25,0.25,0.25,ARI,25OCT19GBARI,-0.52,0.92
2025-10-19 03:00:00,0.25,0.25,0.24,ARI,25OCT19GBARI,-0.52,0.92
2025-10-19 04:00:00,0.25,0.25,0.24,ARI,25OCT19GBARI,-0.52,0.92
2025-10-19 05:00:00,0.25,0.25,0.25,ARI,25OCT19GBARI,-0.52,0.92
2025-10-19 06:00:00,0.25,0.25,0.25,ARI,25OCT19GBARI,-0.52,0.92
2025-10-19 07:00:00,0.25,0.25,0.24,ARI,25OCT19GBARI,-0.52,0.92
2025-10-19 08:00:00,0.25,0.25,0.25,ARI,25OCT19GBARI,-0.52,0.92
2025-10-19 09:00:00,0.25,0.25,0.25,ARI,25OCT19GBARI,-0.52,0.92
2025-10-19 10:00:00,0.25,0.25,0.25,ARI,25OCT19GBARI,-0.52,0.92
2025-10-19 11:00:00,0.25,0.25,0.25,ARI,25OCT19GBARI,-0.52,0.92
2025-10-19 12:00:00,0.25,0.25,0.25,ARI,25OCT19GBARI,-0.52,0.92
2025-10-19 13:00:00,0.25,0.25,0.24,ARI,25OCT19GBARI,-0.52,0.92
2025-10-19 14:00:00,0.26,0.26,0.25,ARI,25OCT19GBARI,-0.52,0.92
2025-10-19 15:00:00,0.26,0.26,0.25,ARI,25OCT19GBARI,-0.52,0.92
2025-10-19 16:00:00,0.26,0.26,0.25,ARI,25OCT19GBARI,-0.52,0.92
2025-10-19 17:00:00,0.26,0.26,0.25,ARI,25OCT19GBARI,-0.52,0.92
2025-10-19 18:00:00,0.26,0.26,0.25,ARI,25OCT19GBARI,-0.52,0.92
2025-10-19 19:00:00,0.26,0.26,0.25,ARI,25OCT19GBARI,-0.52,0.92
2025-10-19 20:00:00,0.26,0.26,0.25,ARI,25OCT19GBARI,-0.52,0.92
2025-10-19 21:00:00,0.38,0.41,0.25,ARI,25OCT19GBARI,-0.52,0.92
2025-10-19 22:00:00,0.5,0.62,0.22,ARI,25OCT19GBARI,-0.52,0.92
2025-10-19 23:00:00,0.48,0.69,0.31,ARI,25OCT19GBARI,-0.23,0.49
2025-10-13 00:00:00,0.45,0.45,0.44,DAL,25OCT19WASDAL,0.57,0.01
2025-10-13 01:00:00,0.46,0.46,0.46,DAL,25OCT19WASDAL,0.57,0.01
2025-10-13 02:00:00,0.46,0.46,0.42,DAL,25OCT19WASDAL,0.57,0.01
2025-10-13 03:00:00,0.46,0.46,0.42,DAL,25OCT19WASDAL,-0.52,0.01
2025-10-13 04:00:00,0.46,0.46,0.46,DAL,25OCT19WASDAL,-0.52,0.01
2025-10-13 05:00:00,0.45,0.46,0.45,DAL,25OCT19WASDAL,-0.52,0.01
2025-10-13 06:00:00,0.45,0.46,0.45,DAL,25OCT19WASDAL,-0.52,0.01
2025-10-13 07:00:00,0.45,0.45,0.45,DAL,25OCT19WASDAL,-0.52,0.01
2025-10-13 08:00:00,0.45,0.45,0.45,DAL,25OCT19WASDAL,-0.52,0.01
2025-10-13 09:00:00,0.45,0.45,0.45,DAL,25OCT19WASDAL,-0.52,0.01
2025-10-13 10:00:00,0.45,0.45,0.45,DAL,25OCT19WASDAL,-0.52,0.01
2025-10-13 11:00:00,0.45,0.45,0.45,DAL,25OCT19WASDAL,-0.52,0.01
2025-10-13 12:00:00,0.45,0.45,0.45,DAL,25OCT19WASDAL,-0.52,0.01
2025-10-13 13:00:00,0.45,0.45,0.45,DAL,25OCT19WASDAL,-0.52,0.01
2025-10-13 14:00:00,0.45,0.45,0.45,DAL,25OCT19WASDAL,-0.44,0.01
2025-10-13 15:00:00,0.44,0.45,0.44,DAL,25OCT19WASDAL,-0.44,0.01
2025-10-13 16:00:00,0.44,0.44,0.44,DAL,25OCT19WASDAL,-0.54,0.01
2025-10-13 17:00:00,0.44,0.44,0.44,DAL,25OCT19WASDAL,-0.54,0.01
2025-10-13 18:00:00,0.44,0.44,0.44,DAL,25OCT19WASDAL,-0.55,0.01
2025-10-13 19:00:00,0.44,0.44,0.44,DAL,25OCT19WASDAL,-0.49,0.03
2025-10-13 20:00:00,0.44,0.44,0.44,DAL,25OCT19WASDAL,-0.49,0.03
2025-10-13 21:00:00,0.44,0.44,0.44,DAL,25OCT19WASDAL,-0.49,0.03
2025-10-13 22:00:00,0.44,0.44,0.44,DAL,25OCT19WASDAL,-0.49,0.03
2025-10-13 23:00:00,0.44,0.44,0.44,DAL,25OCT19WASDAL,-0.49,0.03
2025-10-14 00:00:00,0.44,0.44,0.44,DAL,25OCT19WASDAL,-0.49,0.03
2025-10-14 01:00:00,0.46,0.46,0.45,DAL,25OCT19WASDAL,-0.49,0.03
2025-10-14 02:00:00,0.47,0.47,0.46,DAL,25OCT19WASDAL,-0.49,0.03
2025-10-14 03:00:00,0.46,0.47,0.46,DAL,25OCT19WASDAL,-0.49,0.03
2025-10-14 04:00:00,0.44,0.48,0.44,DAL,25OCT19WASDAL,-0.49,0.03
2025-10-14 05:00:00,0.44,0.45,0.44,DAL,25OCT19WASDAL,-0.49,0.03
2025-10-14 06:00:00,0.45,0.45,0.45,DAL,25OCT19WASDAL,-0.49,0.03
2025-10-14 07:00:00,0.45,0.45,0.44,DAL,25OCT19WASDAL,-0.49,0.03
2025-10-14 08:00:00,0.45,0.45,0.44,DAL,25OCT19WASDAL,0.45,0.03
2025-10-14 09:00:00,0.45,0.45,0.45,DAL,25OCT19WASDAL,0.45,0.03
2025-10-14 10:00:00,0.45,0.45,0.45,DAL,25OCT19WASDAL,0.45,0.03
2025-10-14 11:00:00,0.45,0.45,0.45,DAL,25OCT19WASDAL,0.45,0.03
2025-10-14 12:00:00,0.45,0.45,0.45,DAL,25OCT19WASDAL,0.45,0.03
2025-10-14 13:00:00,0.45,0.45,0.45,DAL,25OCT19WASDAL,0.45,0.03
2025-10-14 14:00:00,0.44,0.46,0.44,DAL,25OCT19WASDAL,0.56,0.03
2025-10-14 15:00:00,0.46,0.46,0.45,DAL,25OCT19WASDAL,0.56,0.03
2025-10-14 16:00:00,0.46,0.46,0.46,DAL,25OCT19WASDAL,0.56,0.03
2025-10-14 17:00:00,0.46,0.46,0.45,DAL,25OCT19WASDAL,0.56,0.03
2025-10-14 18:00:00,0.46,0.46,0.46,DAL,25OCT19WASDAL,-0.47,0.03
2025-10-14 19:00:00,0.46,0.46,0.45,DAL,25OCT19WASDAL,-0.47,0.03
2025-10-14 20:00:00,0.46,0.46,0.45,DAL,25OCT19WASDAL,-0.47,0.03
2025-10-14 21:00:00,0.46,0.46,0.46,DAL,25OCT19WASDAL,-0.47,0.03
2025-10-14 22:00:00,0.46,0.46,0.46,DAL,25OCT19WASDAL,-0.47,0.03
2025-10-14 23:00:00,0.46,0.46,0.46,DAL,25OCT19WASDAL,-0.47,0.03
2025-10-15 00:00:00,0.47,0.47,0.45,DAL,25OCT19WASDAL,-0.47,0.03
2025-10-15 01:00:00,0.47,0.47,0.47,DAL,25OCT19WASDAL,-0.47,0.03
2025-10-15 02:00:00,0.47,0.47,0.46,DAL,25OCT19WASDAL,-0.47,0.03
2025-10-15 03:00:00,0.47,0.47,0.47,DAL,25OCT19WASDAL,-0.47,0.03
2025-10-15 04:00:00,0.47,0.47,0.46,DAL,25OCT19WASDAL,-0.47,0.03
2025-10-15 05:00:00,0.47,0.47,0.46,DAL,25OCT19WASDAL,-0.47,0.03
2025-10-15 06:00:00,0.47,0.47,0.47,DAL,25OCT19WASDAL,-0.47,0.03
2025-10-15 07:00:00,0.47,0.47,0.47,DAL,25OCT19WASDAL,-0.47,0.03
2025-10-15 08:00:00,0.47,0.47,0.47,DAL,25OCT19WASDAL,-0.47,0.03
2025-10-15 09:00:00,0.47,0.47,0.47,DAL,25OCT19WASDAL,-0.47,0.03
2025-10-15 10:00:00,0.47,0.47,0.47,DAL,25OCT19WASDAL,-0.47,0.03
2025-10-15 11:00:00,0.47,0.47,0.47,DAL,25OCT19WASDAL,-0.47,0.03
2025-10-15 12:00:00,0.47,0.47,0.47,DAL,25OCT19WASDAL,-0.47,0.03
2025-10-15 13:00:00,0.47,0.47,0.47,DAL,25OCT19WASDAL,-0.47,0.03
2025-10-15 14:00:00,0.47,0.47,0.47,DAL,25OCT19WASDAL,-0.47,0.03
2025-10-15 15:00:00,0.47,0.47,0.47,DAL,25OCT19WASDAL,0.44,0.03
2025-10-15 16:00:00,0.47,0.47,0.46,DAL,25OCT19WASDAL,0.47,0.03
2025-10-15 17:00:00,0.47,0.47,0.47,DAL,25OCT19WASDAL,0.47,0.03
2025-10-15 18:00:00,0.48,0.48,0.47,DAL,25OCT19WASDAL,0.47,0.03
2025-10-15 19:00:00,0.48,0.48,0.48,DAL,25OCT19WASDAL,0.47,0.03
2025-10-15 20:00:00,0.48,0.48,0.47,DAL,25OCT19WASDAL,0.47,0.03
2025-10-15 21:00:00,0.48,0.48,0.48,DAL,25OCT19WASDAL,0.47,0.03
2025-10-15 22:00:00,0.48,0.48,0.48,DAL,25OCT19WASDAL,0.61,0.03
2025-10-15 23:00:00,0.48,0.48,0.47,DAL,25OCT19WASDAL,0.61,0.03
2025-10-16 00:00:00,0.48,0.48,0.47,DAL,25OCT19WASDAL,0.61,0.03
2025-10-16 01:00:00,0.48,0.48,0.48,DAL,25OCT19WASDAL,0.61,0.03
2025-10-16 02:00:00,0.48,0.48,0.48,DAL,25OCT19WASDAL,0.61,0.03
2025-10-16 03:00:00,0.48,0.48,0.47,DAL,25OCT19WASDAL,0.61,0.03
2025-10-16 04:00:00,0.48,0.48,0.47,DAL,25OCT19WASDAL,0.61,0.03
2025-10-16 05:00:00,0.48,0.48,0.48,DAL,25OCT19WASDAL,0.61,0.03
2025-10-16 06:00:00,0.48,0.48,0.48,DAL,25OCT19WASDAL,0.61,0.03
2025-10-16 07:00:00,0.48,0.48,0.48,DAL,25OCT19WASDAL,0.61,0.03
2025-10-16 08:00:00,0.48,0.48,0.48,DAL,25OCT19WASDAL,0.61,0.03
2025-10-16 09:00:00,0.48,0.48,0.48,DAL,25OCT19WASDAL,0.61,0.03
2025-10-16 10:00:00,0.48,0.48,0.48,DAL,25OCT19WASDAL,0.61,0.03
2025-10-16 11:00:00,0.48,0.48,0.48,DAL,25OCT19WASDAL,0.61,0.03
2025-10-16 12:00:00,0.48,0.48,0.48,DAL,25OCT19WASDAL,-0.44,0.03
2025-10-16 13:00:00,0.48,0.48,0.47,DAL,25OCT19WASDAL,-0.44,0.03
2025-10-16 14:00:00,0.48,0.48,0.47,DAL,25OCT19WASDAL,-0.44,0.03
2025-10-16 15:00:00,0.47,0.48,0.47,DAL,25OCT19WASDAL,-0.44,0.03
2025-10-16 16:00:00,0.48,0.48,0.47,DAL,25OCT19WASDAL,-0.44,0.03
2025-10-16 17:00:00,0.48,0.48,0.48,DAL,25OCT19WASDAL,-0.44,0.03
2025-10-16 18:00:00,0.48,0.48,0.47,DAL,25OCT19WASDAL,-0.44,0.03
2025-10-16 19:00:00,0.48,0.48,0.47,DAL,25OCT19WASDAL,-0.44,0.03
2025-10-16 20:00:00,0.48,0.48,0.48,DAL,25OCT19WASDAL,-0.44,0.03
2025-10-16 21:00:00,0.47,0.48,0.47,DAL,25OCT19WASDAL,-0.44,0.03
2025-10-16 22:00:00,0.48,0.48,0.48,DAL,25OCT19WASDAL,-0.44,0.03
2025-10-16 23:00:00,0.48,0.48,0.48,DAL,25OCT19WASDAL,-0.44,0.03
2025-10-17 00:00:00,0.48,0.48,0.47,DAL,25OCT19WASDAL,-0.44,0.03
2025-10-17 01:00:00,0.48,0.48,0.48,DAL,25OCT19WASDAL,-0.44,0.03
2025-10-17 02:00:00,0.48,0.48,0.47,DAL,25OCT19WASDAL,-0.44,0.03
2025-10-17 03:00:00,0.48,0.48,0.48,DAL,25OCT19WASDAL,-0.44,0.03
2025-10-17 04:00:00,0.47,0.48,0.47,DAL,25OCT19WASDAL,-0.44,0.03
2025-10-17 05:00:00,0.48,0.48,0.48,DAL,25OCT19WASDAL,-0.44,0.03
2025-10-17 06:00:00,0.48,0.48,0.48,DAL,25OCT19WASDAL,-0.44,0.03
2025-10-17 07:00:00,0.48,0.48,0.48,DAL,25OCT19WASDAL,-0.44,0.03
2025-10-17 08:00:00,0.48,0.48,0.48,DAL,25OCT19WASDAL,-0.44,0.03
2025-10-17 09:00:00,0.48,0.48,0.48,DAL,25OCT19WASDAL,-0.44,0.03
2025-10-17 10:00:00,0.48,0.48,0.48,DAL,25OCT19WASDAL,-0.44,0.03
2025-10-17 11:00:00,0.48,0.48,0.48,DAL,25OCT19WASDAL,-0.44,0.03
2025-10-17 12:00:00,0.48,0.48,0.48,DAL,25OCT19WASDAL,-0.44,0.03
2025-10-17 13:00:00,0.48,0.48,0.48,DAL,25OCT19WASDAL,-0.44,0.03
2025-10-17 14:00:00,0.48,0.48,0.47,DAL,25OCT19WASDAL,-0.44,0.03
2025-10-17 15:00:00,0.48,0.48,0.47,DAL,25OCT19WASDAL,-0.44,0.03
2025-10-17 16:00:00,0.5,0.51,0.47,DAL,25OCT19WASDAL,-0.62,0.03
2025-10-17 17:00:00,0.51,0.51,0.49,DAL,25OCT19WASDAL,-0.62,0.03
2025-10-17 18:00:00,0.51,0.51,0.51,DAL,25OCT19WASDAL,-0.62,0.03
2025-10-17 19:00:00,0.51,0.51,0.5,DAL,25OCT19WASDAL,-0.62,0.03
2025-10-17 20:00:00,0.51,0.51,0.51,DAL,25OCT19WASDAL,-0.62,0.03
2025-10-17 21:00:00,0.51,0.51,0.51,DAL,25OCT19WASDAL,-0.56,0.03
2025-10-17 22:00:00,0.51,0.51,0.51,DAL,25OCT19WASDAL,-0.56,0.03
2025-10-17 23:00:00,0.51,0.51,0.51,DAL,25OCT19WASDAL,-0.56,0.03
2025-10-18 00:00:00,0.51,0.51,0.51,DAL,25OCT19WASDAL,-0.48,0.03
2025-10-18 01:00:00,0.51,0.51,0.51,DAL,25OCT19WASDAL,-0.48,0.03
2025-10-18 02:00:00,0.51,0.51,0.51,DAL,25OCT19WASDAL,-0.48,0.03
2025-10-18 03:00:00,0.51,0.51,0.51,DAL,25OCT19WASDAL,0.4,0.03
2025-10-18 04:00:00,0.5,0.51,0.5,DAL,25OCT19WASDAL,0.4,0.03
2025-10-18 05:00:00,0.52,0.52,0.51,DAL,25OCT19WASDAL,0.4,0.03
2025-10-18 06:00:00,0.52,0.52,0.52,DAL,25OCT19WASDAL,0.4,0.03
2025-10-18 07:00:00,0.53,0.53,0.53,DAL,25OCT19WASDAL,0.4,0.03
2025-10-18 08:00:00,0.53,0.53,0.53,DAL,25OCT19WASDAL,0.4,0.03
2025-10-18 09:00:00,0.52,0.53,0.52,DAL,25OCT19WASDAL,0.4,0.03
2025-10-18 10:00:00,0.53,0.53,0.52,DAL,25OCT19WASDAL,0.4,0.03
2025-10-18 11:00:00,0.53,0.53,0.53,DAL,25OCT19WASDAL,0.4,0.03
2025-10-18 12:00:00,0.53,0.53,0.53,DAL,25OCT19WASDAL,0.4,0.03
2025-10-18 13:00:00,0.53,0.53,0.53,DAL,25OCT19WASDAL,0.4,0.03
2025-10-18 14:00:00,0.53,0.53,0.53,DAL,25OCT19WASDAL,0.4,0.03
2025-10-18 15:00:00,0.53,0.53,0.52,DAL,25OCT19WASDAL,0.4,0.03
2025-10-18 16:00:00,0.53,0.53,0.53,DAL,25OCT19WASDAL,0.4,0.03
2025-10-18 17:00:00,0.53,0.53,0.52,DAL,25OCT19WASDAL,-0.56,0.03
2025-10-18 18:00:00,0.53,0.53,0.53,DAL,25OCT19WASDAL,-0.56,0.03
2025-10-18 19:00:00,0.53,0.53,0.52,DAL,25OCT19WASDAL,-0.56,0.03
2025-10-18 20:00:00,0.53,0.53,0.52,DAL,25OCT19WASDAL,0.52,0.03
2025-10-18 21:00:00,0.53,0.53,0.53,DAL,25OCT19WASDAL,0.52,0.03
2025-10-18 22:00:00,0.53,0.53,0.53,DAL,25OCT19WASDAL,0.52,0.03
2025-10-18 23:00:00,0.52,0.53,0.52,DAL,25OCT19WASDAL,0.52,0.03
2025-10-19 00:00:00,0.53,0.53,0.52,DAL,25OCT19WASDAL,0.52,0.03
2025-10-19 01:00:00,0.53,0.53,0.53,DAL,25OCT19WASDAL,0.44,0.03
2025-10-19 02:00:00,0.53,0.53,0.52,DAL,25OCT19WASDAL,0.44,0.03
2025-10-19 03:00:00,0.53,0.53,0.52,DAL,25OCT19WASDAL,0.44,0.03
2025-10-19 04:00:00,0.53,0.53,0.52,DAL,25OCT19WASDAL,0.44,0.03
2025-10-19 05:00:00,0.53,0.53,0.52,DAL,25OCT19WASDAL,0.44,0.03
2025-10-19 06:00:00,0.53,0.53,0.52,DAL,25OCT19WASDAL,0.44,0.03
2025-10-19 07:00:00,0.53,0.53,0.52,DAL,25OCT19WASDAL,0.44,0.03
2025-10-19 08:00:00,0.53,0.53,0.53,DAL,25OCT19WASDAL,0.44,0.03
2025-10-19 09:00:00,0.53,0.53,0.52,DAL,25OCT19WASDAL,0.44,0.03
2025-10-19 10:00:00,0.53,0.53,0.53,DAL,25OCT19WASDAL,0.44,0.03
2025-10-19 11:00:00,0.53,0.53,0.53,DAL,25OCT19WASDAL,0.44,0.03
2025-10-19 12:00:00,0.53,0.53,0.53,DAL,25OCT19WASDAL,0.44,0.03
2025-10-19 13:00:00,0.55,0.55,0.53,DAL,25OCT19WASDAL,0.44,0.03
2025-10-19 14:00:00,0.55,0.55,0.53,DAL,25OCT19WASDAL,0.44,0.03
2025-10-19 15:00:00,0.55,0.55,0.54,DAL,25OCT19WASDAL,0.44,0.03
2025-10-19 16:00:00,0.55,0.55,0.54,DAL,25OCT19WASDAL,0.44,0.03
2025-10-19 17:00:00,0.55,0.55,0.54,DAL,25OCT19WASDAL,0.44,0.03
2025-10-19 18:00:00,0.54,0.55,0.53,DAL,25OCT19WASDAL,-0.52,0.03
2025-10-19 19:00:00,0.54,0.54,0.53,DAL,25OCT19WASDAL,-0.52,0.03
2025-10-19 20:00:00,0.54,0.54,0.53,DAL,25OCT19WASDAL,-0.52,0.03
2025-10-19 21:00:00,0.55,0.71,0.47,DAL,25OCT19WASDAL,-0.52,0.03
2025-10-19 22:00:00,0.71,0.86,0.52,DAL,25OCT19WASDAL,-0.52,0.03
2025-10-19 23:00:00,0.98,0.99,0.64,DAL,25OCT19WASDAL,0.61,0.03
2025-10-12 21:00:00,0.27,0.57,0.27,NO,25OCT19NOCHI,0.39,0.0
2025-10-12 22:00:00,0.33,0.33,0.33,NO,25OCT19NOCHI,0.39,0.0
2025-10-12 23:00:00,0.32,0.32,0.32,NO,25OCT19NOCHI,0.39,0.0
2025-10-13 00:00:00,0.32,0.32,0.28,NO,25OCT19NOCHI,0.39,0.0
2025-10-13 01:00:00,0.32,0.32,0.32,NO,25OCT19NOCHI,0.39,0.0
2025-10-13 02:00:00,0.32,0.32,0.32,NO,25OCT19NOCHI,0.39,0.0
2025-10-13 03:00:00,0.32,0.32,0.32,NO,25OCT19NOCHI,0.39,0.0
2025-10-13 04:00:00,0.32,0.32,0.32,NO,25OCT19NOCHI,0.39,0.0
2025-10-13 05:00:00,0.31,0.31,0.31,NO,25OCT19NOCHI,0.39,0.0
2025-10-13 06:00:00,0.31,0.31,0.31,NO,25OCT19NOCHI,0.39,0.0
2025-10-13 07:00:00,0.32,0.32,0.32,NO,25OCT19NOCHI,0.39,0.0
2025-10-13 08:00:00,0.32,0.32,0.32,NO,25OCT19NOCHI,0.39,0.0
2025-10-13 09:00:00,0.32,0.32,0.32,NO,25OCT19NOCHI,0.39,0.0
2025-10-13 10:00:00,0.32,0.32,0.32,NO,25OCT19NOCHI,0.39,0.0
2025-10-13 11:00:00,0.32,0.32,0.32,NO,25OCT19NOCHI,0.39,0.0
2025-10-13 12:00:00,0.32,0.32,0.32,NO,25OCT19NOCHI,0.39,0.0
2025-10-13 13:00:00,0.32,0.32,0.32,NO,25OCT19NOCHI,0.39,0.0
2025-10-13 14:00:00,0.31,0.32,0.31,NO,25OCT19NOCHI,0.39,0.0
2025-10-13 15:00:00,0.32,0.32,0.32,NO,25OCT19NOCHI,0.39,0.0
2025-10-13 16:00:00,0.32,0.32,0.32,NO,25OCT19NOCHI,0.39,0.0
2025-10-13 17:00:00,0.32,0.32,0.32,NO,25OCT19NOCHI,0.39,0.0
2025-10-13 18:00:00,0.32,0.32,0.32,NO,25OCT19NOCHI,0.39,0.0
2025-10-13 19:00:00,0.32,0.32,0.32,NO,25OCT19NOCHI,0.39,0.0
2025-10-13 20:00:00,0.32,0.32,0.32,NO,25OCT19NOCHI,0.39,0.0
2025-10-13 21:00:00,0.35,0.35,0.32,NO,25OCT19NOCHI,0.39,0.0
2025-10-13 22:00:00,0.35,0.35,0.35,NO,25OCT19NOCHI,0.7,0.0
2025-10-13 23:00:00,0.35,0.35,0.35,NO,25OCT19NOCHI,0.7,0.0
2025-10-14 00:00:00,0.35,0.35,0.35,NO,25OCT19NOCHI,0.7,0.0
2025-10-14 01:00:00,0.36,0.36,0.35,NO,25OCT19NOCHI,0.7,0.0
2025-10-14 02:00:00,0.37,0.37,0.33,NO,25OCT19NOCHI,0.7,0.0
2025-10-14 03:00:00,0.37,0.37,0.36,NO,25OCT19NOCHI,0.7,0.0
2025-10-14 04:00:00,0.34,0.37,0.34,NO,25OCT19NOCHI,0.7,0.0
2025-10-14 05:00:00,0.33,0.34,0.32,NO,25OCT19NOCHI,-0.56,0.0
2025-10-14 06:00:00,0.33,0.33,0.33,NO,25OCT19NOCHI,-0.56,0.0
2025-10-14 07:00:00,0.33,0.33,0.33,NO,25OCT19NOCHI,-0.56,0.0
2025-10-14 08:00:00,0.33,0.33,0.33,NO,25OCT19NOCHI,-0.56,0.0
2025-10-14 09:00:00,0.33,0.33,0.33,NO,25OCT19NOCHI,-0.56,0.0
2025-10-14 10:00:00,0.33,0.33,0.33,NO,25OCT19NOCHI,-0.56,0.0
2025-10-14 11:00:00,0.33,0.33,0.33,NO,25OCT19NOCHI,-0.56,0.0
2025-10-14 12:00:00,0.33,0.33,0.33,NO,25OCT19NOCHI,-0.56,0.0
2025-10-14 13:00:00,0.33,0.33,0.33,NO,25OCT19NOCHI,-0.56,0.0
2025-10-14 14:00:00,0.32,0.32,0.32,NO,25OCT19NOCHI,-0.56,0.0
2025-10-14 15:00:00,0.3,0.32,0.3,NO,25OCT19NOCHI,-0.56,0.0
2025-10-14 16:00:00,0.31,0.31,0.31,NO,25OCT19NOCHI,-0.56,0.0
2025-10-14 17:00:00,0.31,0.31,0.31,NO,25OCT19NOCHI,-0.56,0.0
2025-10-14 18:00:00,0.31,0.31,0.31,NO,25OCT19NOCHI,-0.56,0.0
2025-10-14 19:00:00,0.31,0.31,0.31,NO,25OCT19NOCHI,-0.56,0.0
2025-10-14 20:00:00,0.31,0.31,0.3,NO,25OCT19NOCHI,-0.56,0.0
2025-10-14 21:00:00,0.31,0.31,0.31,NO,25OCT19NOCHI,-0.56,0.0
2025-10-14 22:00:00,0.32,0.32,0.31,NO,25OCT19NOCHI,-0.56,0.0
2025-10-14 23:00:00,0.32,0.32,0.32,NO,25OCT19NOCHI,-0.56,0.0
2025-10-15 00:00:00,0.32,0.32,0.31,NO,25OCT19NOCHI,-0.56,0.0
2025-10-15 01:00:00,0.32,0.32,0.32,NO,25OCT19NOCHI,-0.56,0.0
2025-10-15 02:00:00,0.32,0.32,0.32,NO,25OCT19NOCHI,-0.56,0.0
2025-10-15 03:00:00,0.32,0.32,0.32,NO,25OCT19NOCHI,-0.56,0.0
2025-10-15 04:00:00,0.32,0.32,0.32,NO,25OCT19NOCHI,-0.56,0.0
2025-10-15 05:00:00,0.32,0.32,0.31,NO,25OCT19NOCHI,-0.56,0.0
2025-10-15 06:00:00,0.32,0.32,0.32,NO,25OCT19NOCHI,-0.56,0.0
2025-10-15 07:00:00,0.32,0.32,0.32,NO,25OCT19NOCHI,-0.56,0.0
2025-10-15 08:00:00,0.32,0.32,0.32,NO,25OCT19NOCHI,-0.56,0.0
2025-10-15 09:00:00,0.32,0.32,0.32,NO,25OCT19NOCHI,-0.56,0.0
2025-10-15 10:00:00,0.32,0.32,0.32,NO,25OCT19NOCHI,-0.56,0.0
2025-10-15 11:00:00,0.32,0.32,0.32,NO,25OCT19NOCHI,-0.56,0.0
2025-10-15 12:00:00,0.32,0.32,0.32,NO,25OCT19NOCHI,-0.56,0.0
2025-10-15 13:00:00,0.32,0.32,0.32,NO,25OCT19NOCHI,-0.56,0.0
2025-10-15 14:00:00,0.32,0.32,0.32,NO,25OCT19NOCHI,-0.56,0.0
2025-10-15 15:00:00,0.32,0.32,0.32,NO,25OCT19NOCHI,-0.56,0.0
2025-10-15 16:00:00,0.33,0.33,0.32,NO,25OCT19NOCHI,-0.56,0.0
2025-10-15 17:00:00,0.32,0.32,0.32,NO,25OCT19NOCHI,-0.56,0.0
2025-10-15 18:00:00,0.33,0.33,0.32,NO,25OCT19NOCHI,-0.56,0.0
2025-10-15 19:00:00,0.33,0.33,0.33,NO,25OCT19NOCHI,-0.56,0.0
2025-10-15 20:00:00,0.33,0.33,0.33,NO,25OCT19NOCHI,-0.56,0.0
2025-10-15 21:00:00,0.33,0.33,0.33,NO,25OCT19NOCHI,-0.56,0.0
2025-10-15 22:00:00,0.33,0.33,0.33,NO,25OCT19NOCHI,-0.56,0.0
2025-10-15 23:00:00,0.33,0.33,0.33,NO,25OCT19NOCHI,-0.56,0.0
2025-10-16 00:00:00,0.33,0.33,0.33,NO,25OCT19NOCHI,-0.56,0.0
2025-10-16 01:00:00,0.33,0.33,0.32,NO,25OCT19NOCHI,-0.56,0.0
2025-10-16 02:00:00,0.33,0.33,0.32,NO,25OCT19NOCHI,-0.56,0.0
2025-10-16 03:00:00,0.33,0.33,0.32,NO,25OCT19NOCHI,-0.56,0.0
2025-10-16 04:00:00,0.33,0.33,0.33,NO,25OCT19NOCHI,-0.56,0.0
2025-10-16 05:00:00,0.33,0.33,0.33,NO,25OCT19NOCHI,-0.56,0.0
2025-10-16 06:00:00,0.33,0.33,0.33,NO,25OCT19NOCHI,-0.56,0.0
2025-10-16 07:00:00,0.33,0.33,0.33,NO,25OCT19NOCHI,-0.56,0.0
2025-10-16 08:00:00,0.33,0.33,0.33,NO,25OCT19NOCHI,-0.56,0.0
2025-10-16 09:00:00,0.33,0.33,0.33,NO,25OCT19NOCHI,-0.56,0.0
2025-10-16 10:00:00,0.33,0.33,0.33,NO,25OCT19NOCHI,-0.56,0.0
2025-10-16 11:00:00,0.33,0.33,0.33,NO,25OCT19NOCHI,-0.56,0.0
2025-10-16 12:00:00,0.33,0.33,0.33,NO,25OCT19NOCHI,-0.56,0.0
2025-10-16 13:00:00,0.33,0.33,0.32,NO,25OCT19NOCHI,-0.56,0.0
2025-10-16 14:00:00,0.33,0.33,0.33,NO,25OCT19NOCHI,-0.56,0.0
2025-10-16 15:00:00,0.33,0.33,0.32,NO,25OCT19NOCHI,-0.56,0.0
2025-10-16 16:00:00,0.33,0.33,0.32,NO,25OCT19NOCHI,-0.56,0.0
2025-10-16 17:00:00,0.33,0.33,0.32,NO,25OCT19NOCHI,-0.56,0.0
2025-10-16 18:00:00,0.33,0.33,0.33,NO,25OCT19NOCHI,-0.56,0.0
2025-10-16 19:00:00,0.33,0.33,0.32,NO,25OCT19NOCHI,-0.56,0.0
2025-10-16 20:00:00,0.33,0.33,0.33,NO,25OCT19NOCHI,-0.56,0.0
2025-10-16 21:00:00,0.33,0.33,0.33,NO,25OCT19NOCHI,-0.56,0.0
2025-10-16 22:00:00,0.33,0.33,0.32,NO,25OCT19NOCHI,-0.56,0.0
2025-10-16 23:00:00,0.33,0.33,0.33,NO,25OCT19NOCHI,-0.56,0.0
2025-10-17 00:00:00,0.33,0.33,0.32,NO,25OCT19NOCHI,-0.56,0.0
2025-10-17 01:00:00,0.33,0.33,0.32,NO,25OCT19NOCHI,-0.56,0.0
2025-10-17 02:00:00,0.33,0.33,0.33,NO,25OCT19NOCHI,-0.56,0.0
2025-10-17 03:00:00,0.33,0.33,0.32,NO,25OCT19NOCHI,-0.56,0.0
2025-10-17 04:00:00,0.32,0.33,0.32,NO,25OCT19NOCHI,-0.56,0.0
2025-10-17 05:00:00,0.33,0.33,0.33,NO,25OCT19NOCHI,-0.56,0.0
2025-10-17 06:00:00,0.33,0.33,0.32,NO,25OCT19NOCHI,-0.56,0.0
2025-10-17 07:00:00,0.33,0.33,0.32,NO,25OCT19NOCHI,-0.56,0.0
2025-10-17 08:00:00,0.33,0.33,0.33,NO,25OCT19NOCHI,-0.56,0.0
2025-10-17 09:00:00,0.33,0.33,0.33,NO,25OCT19NOCHI,-0.56,0.0
2025-10-17 10:00:00,0.33,0.33,0.33,NO,25OCT19NOCHI,-0.56,0.0
2025-10-17 11:00:00,0.33,0.33,0.33,NO,25OCT19NOCHI,-0.56,0.0
2025-10-17 12:00:00,0.33,0.33,0.33,NO,25OCT19NOCHI,-0.56,0.0
2025-10-17 13:00:00,0.33,0.33,0.32,NO,25OCT19NOCHI,-0.56,0.0
2025-10-17 14:00:00,0.33,0.33,0.32,NO,25OCT19NOCHI,-0.56,0.0
2025-10-17 15:00:00,0.33,0.33,0.33,NO,25OCT19NOCHI,-0.56,0.0
2025-10-17 16:00:00,0.33,0.33,0.32,NO,25OCT19NOCHI,-0.56,0.0
2025-10-17 17:00:00,0.33,0.33,0.32,NO,25OCT19NOCHI,-0.56,0.0
2025-10-17 18:00:00,0.33,0.33,0.32,NO,25OCT19NOCHI,-0.56,0.0
2025-10-17 19:00:00,0.33,0.33,0.33,NO,25OCT19NOCHI,-0.56,0.0
2025-10-17 20:00:00,0.33,0.33,0.32,NO,25OCT19NOCHI,-0.56,0.0
2025-10-17 21:00:00,0.33,0.33,0.32,NO,25OCT19NOCHI,-0.56,0.0
2025-10-17 22:00:00,0.33,0.33,0.33,NO,25OCT19NOCHI,-0.56,0.0
2025-10-17 23:00:00,0.33,0.33,0.33,NO,25OCT19NOCHI,-0.56,0.0
2025-10-18 00:00:00,0.33,0.33,0.32,NO,25OCT19NOCHI,0.65,0.0
2025-10-18 01:00:00,0.33,0.33,0.32,NO,25OCT19NOCHI,0.65,0.0
2025-10-18 02:00:00,0.33,0.33,0.33,NO,25OCT19NOCHI,0.65,0.0
2025-10-18 03:00:00,0.33,0.33,0.33,NO,25OCT19NOCHI,0.65,0.0
2025-10-18 04:00:00,0.33,0.33,0.33,NO,25OCT19NOCHI,0.65,0.0
2025-10-18 05:00:00,0.33,0.33,0.33,NO,25OCT19NOCHI,0.65,0.0
2025-10-18 06:00:00,0.33,0.33,0.32,NO,25OCT19NOCHI,0.65,0.0
2025-10-18 07:00:00,0.33,0.33,0.33,NO,25OCT19NOCHI,0.65,0.0
2025-10-18 08:00:00,0.33,0.33,0.33,NO,25OCT19NOCHI,0.65,0.0
2025-10-18 09:00:00,0.33,0.33,0.33,NO,25OCT19NOCHI,0.65,0.0
2025-10-18 10:00:00,0.33,0.33,0.33,NO,25OCT19NOCHI,0.65,0.0
2025-10-18 11:00:00,0.33,0.33,0.33,NO,25OCT19NOCHI,0.65,0.0
2025-10-18 12:00:00,0.33,0.33,0.33,NO,25OCT19NOCHI,0.65,0.0
2025-10-18 13:00:00,0.33,0.33,0.33,NO,25OCT19NOCHI,0.65,0.0
2025-10-18 14:00:00,0.33,0.33,0.33,NO,25OCT19NOCHI,0.65,0.0
2025-10-18 15:00:00,0.33,0.33,0.32,NO,25OCT19NOCHI,0.65,0.0
2025-10-18 16:00:00,0.33,0.33,0.32,NO,25OCT19NOCHI,0.65,0.0
2025-10-18 17:00:00,0.33,0.33,0.32,NO,25OCT19NOCHI,0.65,0.0
2025-10-18 18:00:00,0.33,0.33,0.33,NO,25OCT19NOCHI,0.65,0.0
2025-10-18 19:00:00,0.33,0.33,0.33,NO,25OCT19NOCHI,0.65,0.0
2025-10-18 20:00:00,0.33,0.33,0.33,NO,25OCT19NOCHI,0.65,0.0
2025-10-18 21:00:00,0.33,0.33,0.32,NO,25OCT19NOCHI,0.65,0.0
2025-10-18 22:00:00,0.33,0.33,0.33,NO,25OCT19NOCHI,0.65,0.0
2025-10-18 23:00:00,0.32,0.33,0.32,NO,25OCT19NOCHI,0.65,0.0
2025-10-19 00:00:00,0.33,0.33,0.33,NO,25OCT19NOCHI,0.65,0.0
2025-10-19 01:00:00,0.33,0.33,0.32,NO,25OCT19NOCHI,0.65,0.0
2025-10-19 02:00:00,0.32,0.33,0.32,NO,25OCT19NOCHI,0.65,0.0
2025-10-19 03:00:00,0.33,0.33,0.32,NO,25OCT19NOCHI,0.65,0.0
2025-10-19 04:00:00,0.33,0.33,0.32,NO,25OCT19NOCHI,0.65,0.0
2025-10-19 05:00:00,0.33,0.33,0.32,NO,25OCT19NOCHI,0.65,0.0
2025-10-19 06:00:00,0.33,0.33,0.32,NO,25OCT19NOCHI,0.65,0.0
2025-10-19 07:00:00,0.34,0.34,0.32,NO,25OCT19NOCHI,0.65,0.0
2025-10-19 08:00:00,0.34,0.34,0.34,NO,25OCT19NOCHI,0.65,0.0
2025-10-19 09:00:00,0.34,0.34,0.34,NO,25OCT19NOCHI,0.65,0.0
2025-10-19 10:00:00,0.34,0.34,0.34,NO,25OCT19NOCHI,0.65,0.0
2025-10-19 11:00:00,0.34,0.34,0.34,NO,25OCT19NOCHI,0.65,0.0
2025-10-19 12:00:00,0.34,0.34,0.34,NO,25OCT19NOCHI,0.65,0.0
2025-10-19 13:00:00,0.34,0.34,0.33,NO,25OCT19NOCHI,0.65,0.0
2025-10-19 14:00:00,0.34,0.34,0.33,NO,25OCT19NOCHI,0.46,0.0
2025-10-19 15:00:00,0.34,0.34,0.33,NO,25OCT19NOCHI,0.46,0.0
2025-10-19 16:00:00,0.34,0.34,0.33,NO,25OCT19NOCHI,0.46,0.0
2025-10-19 17:00:00,0.34,0.34,0.33,NO,25OCT19NOCHI,0.46,0.0
2025-10-19 18:00:00,0.12,0.4,0.1,NO,25OCT19NOCHI,0.46,0.0
2025-10-19 19:00:00,0.16,0.25,0.02,NO,25OCT19NOCHI,-0.66,0.0
2025-10-19 20:00:00,0.01,0.29,0.01,NO,25OCT19NOCHI,-0.52,0.05
2025-10-19 23:00:00,0.96,0.99,0.75,NYG,25OCT19NYGDEN,-0.39,0.29
2025-10-13 00:00:00,0.52,0.53,0.52,LAC,25OCT19INDLAC,0.7,0.52
2025-10-13 01:00:00,0.52,0.52,0.52,LAC,25OCT19INDLAC,0.86,0.52
2025-10-13 02:00:00,0.52,0.52,0.52,LAC,25OCT19INDLAC,0.86,0.52
2025-10-13 03:00:00,0.52,0.52,0.49,LAC,25OCT19INDLAC,0.66,0.52
2025-10-13 04:00:00,0.53,0.53,0.52,LAC,25OCT19INDLAC,0.66,0.52
2025-10-13 05:00:00,0.52,0.53,0.52,LAC,25OCT19INDLAC,0.66,0.52
2025-10-13 06:00:00,0.51,0.51,0.51,LAC,25OCT19INDLAC,0.53,0.52
2025-10-13 07:00:00,0.51,0.51,0.51,LAC,25OCT19INDLAC,0.53,0.52
2025-10-13 08:00:00,0.51,0.51,0.51,LAC,25OCT19INDLAC,0.53,0.52
2025-10-13 09:00:00,0.51,0.51,0.51,LAC,25OCT19INDLAC,0.53,0.52
2025-10-13 10:00:00,0.51,0.51,0.51,LAC,25OCT19INDLAC,0.53,0.52
2025-10-13 11:00:00,0.51,0.51,0.51,LAC,25OCT19INDLAC,0.53,0.52
2025-10-13 12:00:00,0.51,0.51,0.51,LAC,25OCT19INDLAC,0.53,0.52
2025-10-13 13:00:00,0.51,0.51,0.51,LAC,25OCT19INDLAC,0.53,0.52
2025-10-13 14:00:00,0.51,0.51,0.51,LAC,25OCT19INDLAC,0.53,0.52
2025-10-13 15:00:00,0.51,0.52,0.51,LAC,25OCT19INDLAC,0.53,0.52
2025-10-13 16:00:00,0.53,0.53,0.52,LAC,25OCT19INDLAC,0.53,0.52
2025-10-13 17:00:00,0.53,0.53,0.53,LAC,25OCT19INDLAC,0.56,0.52
2025-10-13 18:00:00,0.53,0.53,0.53,LAC,25OCT19INDLAC,0.8,0.52
2025-10-13 19:00:00,0.54,0.54,0.53,LAC,25OCT19INDLAC,0.8,0.52
2025-10-13 20:00:00,0.54,0.54,0.54,LAC,25OCT19INDLAC,0.8,0.52
2025-10-13 21:00:00,0.54,0.54,0.54,LAC,25OCT19INDLAC,0.8,0.52
2025-10-13 22:00:00,0.54,0.54,0.54,LAC,25OCT19INDLAC,0.65,0.02
2025-10-13 23:00:00,0.54,0.54,0.54,LAC,25OCT19INDLAC,0.65,0.02
2025-10-14 00:00:00,0.54,0.54,0.54,LAC,25OCT19INDLAC,0.65,0.02
2025-10-14 01:00:00,0.54,0.54,0.54,LAC,25OCT19INDLAC,0.65,0.02
2025-10-14 02:00:00,0.54,0.54,0.54,LAC,25OCT19INDLAC,0.65,0.02
2025-10-14 03:00:00,0.54,0.54,0.54,LAC,25OCT19INDLAC,0.65,0.02
2025-10-14 04:00:00,0.54,0.54,0.53,LAC,25OCT19INDLAC,0.65,0.02
2025-10-14 05:00:00,0.54,0.54,0.54,LAC,25OCT19INDLAC,0.65,0.02
2025-10-14 06:00:00,0.54,0.54,0.54,LAC,25OCT19INDLAC,0.65,0.02
2025-10-14 07:00:00,0.54,0.54,0.53,LAC,25OCT19INDLAC,0.65,0.02
2025-10-14 08:00:00,0.54,0.54,0.54,LAC,25OCT19INDLAC,0.65,0.02
2025-10-14 09:00:00,0.54,0.54,0.54,LAC,25OCT19INDLAC,0.65,0.02
2025-10-14 10:00:00,0.54,0.54,0.54,LAC,25OCT19INDLAC,0.65,0.02
2025-10-14 11:00:00,0.54,0.54,0.54,LAC,25OCT19INDLAC,0.65,0.02
2025-10-14 12:00:00,0.54,0.54,0.54,LAC,25OCT19INDLAC,0.65,0.02
2025-10-14 13:00:00,0.53,0.54,0.53,LAC,25OCT19INDLAC,0.65,0.02
2025-10-14 14:00:00,0.54,0.54,0.54,LAC,25OCT19INDLAC,0.74,0.02
2025-10-14 15:00:00,0.53,0.54,0.53,LAC,25OCT19INDLAC,0.74,0.02
2025-10-14 16:00:00,0.54,0.54,0.54,LAC,25OCT19INDLAC,0.74,0.02
2025-10-14 17:00:00,0.54,0.54,0.54,LAC,25OCT19INDLAC,0.74,0.02
2025-10-14 18:00:00,0.54,0.54,0.53,LAC,25OCT19INDLAC,0.74,0.02
2025-10-14 19:00:00,0.54,0.54,0.53,LAC,25OCT19INDLAC,0.65,0.02
2025-10-14 20:00:00,0.54,0.54,0.54,LAC,25OCT19INDLAC,0.65,0.02
2025-10-14 21:00:00,0.54,0.54,0.54,LAC,25OCT19INDLAC,0.65,0.02
2025-10-14 22:00:00,0.54,0.54,0.54,LAC,25OCT19INDLAC,0.65,0.02
2025-10-14 23:00:00,0.54,0.54,0.54,LAC,25OCT19INDLAC,0.69,0.05
2025-10-15 00:00:00,0.54,0.54,0.54,LAC,25OCT19INDLAC,0.69,0.05
2025-10-15 01:00:00,0.54,0.54,0.53,LAC,25OCT19INDLAC,0.69,0.05
2025-10-15 02:00:00,0.54,0.54,0.54,LAC,25OCT19INDLAC,0.69,0.05
2025-10-15 03:00:00,0.55,0.55,0.53,LAC,25OCT19INDLAC,0.69,0.05
2025-10-15 04:00:00,0.55,0.55,0.55,LAC,25OCT19INDLAC,0.69,0.05
2025-10-15 05:00:00,0.54,0.55,0.54,LAC,25OCT19INDLAC,0.69,0.05
2025-10-15 06:00:00,0.55,0.55,0.55,LAC,25OCT19INDLAC,0.69,0.05
2025-10-15 07:00:00,0.55,0.55,0.55,LAC,25OCT19INDLAC,0.69,0.05
2025-10-15 08:00:00,0.55,0.55,0.55,LAC,25OCT19INDLAC,0.69,0.05
2025-10-15 09:00:00,0.55,0.55,0.55,LAC,25OCT19INDLAC,0.69,0.05
2025-10-15 10:00:00,0.55,0.55,0.55,LAC,25OCT19INDLAC,0.69,0.05
2025-10-15 11:00:00,0.55,0.55,0.55,LAC,25OCT19INDLAC,0.69,0.05
2025-10-15 12:00:00,0.55,0.55,0.55,LAC,25OCT19INDLAC,0.69,0.05
2025-10-15 13:00:00,0.55,0.55,0.55,LAC,25OCT19INDLAC,0.69,0.05
2025-10-15 14:00:00,0.55,0.55,0.54,LAC,25OCT19INDLAC,0.69,0.05
2025-10-15 15:00:00,0.54,0.55,0.54,LAC,25OCT19INDLAC,0.69,0.05
2025-10-15 16:00:00,0.55,0.55,0.55,LAC,25OCT19INDLAC,0.69,0.05
2025-10-15 17:00:00,0.55,0.55,0.54,LAC,25OCT19INDLAC,0.54,0.05
2025-10-15 18:00:00,0.54,0.55,0.54,LAC,25OCT19INDLAC,-0.65,0.05
2025-10-15 19:00:00,0.55,0.55,0.54,LAC,25OCT19INDLAC,-0.65,0.05
2025-10-15 20:00:00,0.55,0.55,0.55,LAC,25OCT19INDLAC,0.64,0.05
2025-10-15 21:00:00,0.55,0.55,0.55,LAC,25OCT19INDLAC,0.64,0.05
2025-10-15 22:00:00,0.55,0.55,0.55,LAC,25OCT19INDLAC,-0.77,0.05
2025-10-15 23:00:00,0.55,0.55,0.55,LAC,25OCT19INDLAC,-0.77,0.05
2025-10-16 00:00:00,0.55,0.55,0.55,LAC,25OCT19INDLAC,-0.77,0.05
2025-10-16 01:00:00,0.55,0.55,0.55,LAC,25OCT19INDLAC,-0.77,0.05
2025-10-16 02:00:00,0.55,0.55,0.55,LAC,25OCT19INDLAC,-0.77,0.05
2025-10-16 03:00:00,0.55,0.55,0.55,LAC,25OCT19INDLAC,-0.77,0.05
2025-10-16 04:00:00,0.55,0.55,0.54,LAC,25OCT19INDLAC,-0.77,0.05
2025-10-16 05:00:00,0.55,0.55,0.55,LAC,25OCT19INDLAC,-0.77,0.05
2025-10-16 06:00:00,0.55,0.55,0.55,LAC,25OCT19INDLAC,-0.77,0.05
2025-10-16 07:00:00,0.54,0.55,0.54,LAC,25OCT19INDLAC,-0.77,0.05
2025-10-16 08:00:00,0.54,0.55,0.54,LAC,25OCT19INDLAC,-0.77,0.05
2025-10-16 09:00:00,0.54,0.55,0.54,LAC,25OCT19INDLAC,-0.77,0.05
2025-10-16 10:00:00,0.54,0.55,0.54,LAC,25OCT19INDLAC,-0.77,0.05
2025-10-16 11:00:00,0.54,0.55,0.54,LAC,25OCT19INDLAC,-0.77,0.05
2025-10-16 12:00:00,0.54,0.55,0.54,LAC,25OCT19INDLAC,-0.77,0.05
2025-10-16 13:00:00,0.55,0.55,0.54,LAC,25OCT19INDLAC,0.63,0.05
2025-10-16 14:00:00,0.55,0.55,0.54,LAC,25OCT19INDLAC,0.63,0.05
2025-10-16 15:00:00,0.55,0.55,0.54,LAC,25OCT19INDLAC,0.63,0.05
2025-10-16 16:00:00,0.55,0.55,0.55,LAC,25OCT19INDLAC,0.63,0.05
2025-10-16 17:00:00,0.55,0.55,0.54,LAC,25OCT19INDLAC,0.63,0.05
2025-10-16 18:00:00,0.55,0.55,0.55,LAC,25OCT19INDLAC,0.63,0.05
2025-10-16 19:00:00,0.55,0.55,0.54,LAC,25OCT19INDLAC,0.63,0.05
2025-10-16 20:00:00,0.55,0.55,0.54,LAC,25OCT19INDLAC,0.63,0.05
2025-10-16 21:00:00,0.55,0.55,0.54,LAC,25OCT19INDLAC,0.63,0.05
2025-10-16 22:00:00,0.55,0.55,0.55,LAC,25OCT19INDLAC,0.63,0.05
2025-10-16 23:00:00,0.55,0.55,0.55,LAC,25OCT19INDLAC,0.63,0.05
2025-10-17 00:00:00,0.55,0.55,0.54,LAC,25OCT19INDLAC,0.63,0.05
2025-10-17 01:00:00,0.55,0.55,0.54,LAC,25OCT19INDLAC,0.63,0.05
2025-10-17 02:00:00,0.55,0.55,0.55,LAC,25OCT19INDLAC,0.63,0.05
2025-10-17 03:00:00,0.55,0.55,0.54,LAC,25OCT19INDLAC,0.78,0.05
2025-10-17 04:00:00,0.55,0.55,0.54,LAC,25OCT19INDLAC,-0.61,0.05
2025-10-17 05:00:00,0.55,0.55,0.55,LAC,25OCT19INDLAC,-0.61,0.05
2025-10-17 06:00:00,0.54,0.55,0.54,LAC,25OCT19INDLAC,-0.61,0.05
2025-10-17 07:00:00,0.55,0.55,0.55,LAC,25OCT19INDLAC,-0.61,0.05
2025-10-17 08:00:00,0.55,0.55,0.55,LAC,25OCT19INDLAC,-0.61,0.05
2025-10-17 09:00:00,0.55,0.55,0.55,LAC,25OCT19INDLAC,-0.61,0.05
2025-10-17 10:00:00,0.54,0.55,0.54,LAC,25OCT19INDLAC,-0.61,0.05
2025-10-17 11:00:00,0.55,0.55,0.55,LAC,25OCT19INDLAC,-0.61,0.05
2025-10-17 12:00:00,0.55,0.55,0.55,LAC,25OCT19INDLAC,-0.61,0.05
2025-10-17 13:00:00,0.55,0.55,0.55,LAC,25OCT19INDLAC,-0.61,0.05
2025-10-17 14:00:00,0.55,0.55,0.55,LAC,25OCT19INDLAC,-0.61,0.05
2025-10-17 15:00:00,0.55,0.55,0.54,LAC,25OCT19INDLAC,-0.61,0.05
2025-10-17 16:00:00,0.55,0.55,0.55,LAC,25OCT19INDLAC,-0.61,0.05
2025-10-17 17:00:00,0.54,0.55,0.54,LAC,25OCT19INDLAC,0.61,0.05
2025-10-17 18:00:00,0.55,0.55,0.55,LAC,25OCT19INDLAC,0.61,0.05
2025-10-17 19:00:00,0.55,0.55,0.54,LAC,25OCT19INDLAC,0.61,0.05
2025-10-17 20:00:00,0.55,0.55,0.55,LAC,25OCT19INDLAC,0.61,0.05
2025-10-17 21:00:00,0.55,0.55,0.55,LAC,25OCT19INDLAC,-0.57,0.05
2025-10-17 22:00:00,0.55,0.55,0.55,LAC,25OCT19INDLAC,-0.57,0.05
2025-10-17 23:00:00,0.55,0.55,0.55,LAC,25OCT19INDLAC,-0.57,0.05
2025-10-18 00:00:00,0.55,0.55,0.54,LAC,25OCT19INDLAC,-0.57,0.05
2025-10-18 01:00:00,0.55,0.55,0.54,LAC,25OCT19INDLAC,-0.57,0.05
2025-10-18 02:00:00,0.55,0.55,0.55,LAC,25OCT19INDLAC,-0.57,0.05
2025-10-18 03:00:00,0.55,0.55,0.54,LAC,25OCT19INDLAC,-0.57,0.05
2025-10-18 04:00:00,0.55,0.55,0.55,LAC,25OCT19INDLAC,-0.57,0.05
2025-10-18 05:00:00,0.55,0.55,0.55,LAC,25OCT19INDLAC,-0.57,0.05
2025-10-18 06:00:00,0.55,0.55,0.55,LAC,25OCT19INDLAC,-0.57,0.05
2025-10-18 07:00:00,0.55,0.55,0.55,LAC,25OCT19INDLAC,-0.57,0.05
2025-10-18 08:00:00,0.55,0.55,0.55,LAC,25OCT19INDLAC,-0.57,0.05
2025-10-18 09:00:00,0.55,0.55,0.55,LAC,25OCT19INDLAC,-0.57,0.05
2025-10-18 10:00:00,0.55,0.55,0.55,LAC,25OCT19INDLAC,-0.57,0.05
2025-10-18 11:00:00,0.54,0.54,0.54,LAC,25OCT19INDLAC,-0.57,0.05
2025-10-18 12:00:00,0.54,0.54,0.54,LAC,25OCT19INDLAC,-0.57,0.05
2025-10-18 13:00:00,0.55,0.55,0.55,LAC,25OCT19INDLAC,-0.57,0.05
2025-10-18 14:00:00,0.55,0.55,0.55,LAC,25OCT19INDLAC,-0.57,0.05
2025-10-18 15:00:00,0.55,0.55,0.55,LAC,25OCT19INDLAC,-0.57,0.05
2025-10-18 16:00:00,0.55,0.55,0.55,LAC,25OCT19INDLAC,-0.57,0.05
2025-10-18 17:00:00,0.54,0.55,0.54,LAC,25OCT19INDLAC,-0.57,0.05
2025-10-18 18:00:00,0.54,0.55,0.54,LAC,25OCT19INDLAC,-0.57,0.05
2025-10-18 19:00:00,0.55,0.55,0.54,LAC,25OCT19INDLAC,-0.57,0.05
2025-10-18 20:00:00,0.55,0.55,0.55,LAC,25OCT19INDLAC,-0.57,0.05
2025-10-18 21:00:00,0.56,0.56,0.55,LAC,25OCT19INDLAC,-0.57,0.05
2025-10-18 22:00:00,0.56,0.56,0.55,LAC,25OCT19INDLAC,0.48,0.05
2025-10-18 23:00:00,0.56,0.56,0.55,LAC,25OCT19INDLAC,0.48,0.05
2025-10-19 00:00:00,0.55,0.56,0.55,LAC,25OCT19INDLAC,0.48,0.05
2025-10-19 01:00:00,0.56,0.56,0.56,LAC,25OCT19INDLAC,0.48,0.05
2025-10-19 02:00:00,0.56,0.56,0.55,LAC,25OCT19INDLAC,0.48,0.05
2025-10-19 03:00:00,0.56,0.56,0.56,LAC,25OCT19INDLAC,0.48,0.05
2025-10-19 04:00:00,0.55,0.56,0.55,LAC,25OCT19INDLAC,0.48,0.05
2025-10-19 05:00:00,0.56,0.56,0.55,LAC,25OCT19INDLAC,0.48,0.05
2025-10-19 06:00:00,0.55,0.56,0.55,LAC,25OCT19INDLAC,0.48,0.05
2025-10-19 07:00:00,0.56,0.56,0.55,LAC,25OCT19INDLAC,0.55,0.05
2025-10-19 08:00:00,0.56,0.56,0.56,LAC,25OCT19INDLAC,0.55,0.05
2025-10-19 09:00:00,0.55,0.56,0.55,LAC,25OCT19INDLAC,0.55,0.05
2025-10-19 10:00:00,0.56,0.56,0.56,LAC,25OCT19INDLAC,0.55,0.05
2025-10-19 11:00:00,0.55,0.56,0.55,LAC,25OCT19INDLAC,0.55,0.05
2025-10-19 12:00:00,0.56,0.56,0.56,LAC,25OCT19INDLAC,0.55,0.05
2025-10-19 13:00:00,0.56,0.56,0.55,LAC,25OCT19INDLAC,0.55,0.05
2025-10-19 14:00:00,0.56,0.56,0.55,LAC,25OCT19INDLAC,0.55,0.05
2025-10-19 15:00:00,0.57,0.57,0.55,LAC,25OCT19INDLAC,0.55,0.05
2025-10-19 16:00:00,0.56,0.57,0.55,LAC,25OCT19INDLAC,0.55,0.05
2025-10-19 17:00:00,0.56,0.57,0.55,LAC,25OCT19INDLAC,0.54,0.01
2025-10-19 18:00:00,0.56,0.56,0.55,LAC,25OCT19INDLAC,0.54,0.01
2025-10-19 19:00:00,0.57,0.57,0.55,LAC,25OCT19INDLAC,0.54,0.01
2025-10-19 20:00:00,0.57,0.57,0.56,LAC,25OCT19INDLAC,0.54,0.01
2025-10-19 21:00:00,0.25,0.59,0.24,LAC,25OCT19INDLAC,0.54,0.01
2025-10-19 22:00:00,0.09,0.32,0.05,LAC,25OCT19INDLAC,-0.57,0.01
2025-10-19 23:00:00,0.06,0.11,0.01,LAC,25OCT19INDLAC,-0.2,0.89
2025-10-12 20:00:00,0.85,0.85,0.83,KC,25OCT19LVKC,0.5,0.39
2025-10-12 21:00:00,0.85,0.88,0.85,KC,25OCT19LVKC,0.48,0.37
2025-10-12 22:00:00,0.86,0.87,0.85,KC,25OCT19LVKC,0.35,0.48
2025-10-12 23:00:00,0.86,0.86,0.84,KC,25OCT19LVKC,-0.5,0.48
2025-10-13 00:00:00,0.84,0.85,0.84,KC,25OCT19LVKC,-0.32,0.72
2025-10-13 01:00:00,0.84,0.84,0.84,KC,25OCT19LVKC,0.24,0.54
2025-10-13 02:00:00,0.85,0.85,0.84,KC,25OCT19LVKC,0.17,0.51
2025-10-13 03:00:00,0.85,0.85,0.81,KC,25OCT19LVKC,0.13,0.63
2025-10-13 04:00:00,0.86,0.88,0.85,KC,25OCT19LVKC,0.27,0.62
2025-10-13 05:00:00,0.86,0.86,0.86,KC,25OCT19LVKC,0.28,0.64
2025-10-13 06:00:00,0.85,0.86,0.85,KC,25OCT19LVKC,0.04,0.63
2025-10-13 07:00:00,0.85,0.86,0.85,KC,25OCT19LVKC,0.63,0.06
2025-10-13 08:00:00,0.85,0.86,0.85,KC,25OCT19LVKC,0.63,0.06
2025-10-13 09:00:00,0.85,0.86,0.85,KC,25OCT19LVKC,-0.78,0.06
2025-10-13 10:00:00,0.85,0.86,0.85,KC,25OCT19LVKC,0.14,0.69
2025-10-13 11:00:00,0.85,0.86,0.85,KC,25OCT19LVKC,-0.21,0.63
2025-10-13 12:00:00,0.85,0.86,0.85,KC,25OCT19LVKC,0.53,0.36
2025-10-13 13:00:00,0.85,0.85,0.85,KC,25OCT19LVKC,0.32,0.57
2025-10-13 14:00:00,0.85,0.85,0.85,KC,25OCT19LVKC,0.24,0.55
2025-10-13 15:00:00,0.86,0.86,0.84,KC,25OCT19LVKC,-0.05,0.63
2025-10-13 16:00:00,0.86,0.86,0.86,KC,25OCT19LVKC,0.39,0.51
2025-10-13 17:00:00,0.86,0.86,0.86,KC,25OCT19LVKC,0.2,0.57
2025-10-13 18:00:00,0.86,0.86,0.86,KC,25OCT19LVKC,0.19,0.55
2025-10-13 19:00:00,0.86,0.86,0.86,KC,25OCT19LVKC,0.21,0.59
2025-10-13 20:00:00,0.86,0.86,0.85,KC,25OCT19LVKC,0.46,0.35
2025-10-13 21:00:00,0.86,0.86,0.86,KC,25OCT19LVKC,0.37,0.56
2025-10-13 22:00:00,0.86,0.86,0.86,KC,25OCT19LVKC,0.5,0.1
2025-10-13 23:00:00,0.86,0.86,0.86,KC,25OCT19LVKC,0.61,0.09
2025-10-14 00:00:00,0.86,0.86,0.86,KC,25OCT19LVKC,0.21,0.65
2025-10-14 01:00:00,0.86,0.86,0.86,KC,25OCT19LVKC,-0.48,0.65
2025-10-14 02:00:00,0.86,0.86,0.86,KC,25OCT19LVKC,0.05,0.71
2025-10-14 03:00:00,0.86,0.86,0.86,KC,25OCT19LVKC,-0.45,0.42
2025-10-14 04:00:00,0.86,0.86,0.85,KC,25OCT19LVKC,-0.6,0.04
2025-10-14 05:00:00,0.86,0.86,0.86,KC,25OCT19LVKC,-0.62,0.15
2025-10-14 06:00:00,0.86,0.86,0.86,KC,25OCT19LVKC,0.18,0.61
2025-10-14 07:00:00,0.86,0.86,0.86,KC,25OCT19LVKC,0.18,0.61
2025-10-14 08:00:00,0.86,0.86,0.86,KC,25OCT19LVKC,0.18,0.61
2025-10-14 09:00:00,0.86,0.86,0.86,KC,25OCT19LVKC,0.18,0.61
2025-10-14 10:00:00,0.86,0.86,0.86,KC,25OCT19LVKC,0.01,0.73
2025-10-14 11:00:00,0.86,0.86,0.86,KC,25OCT19LVKC,0.01,0.73
2025-10-14 12:00:00,0.86,0.86,0.86,KC,25OCT19LVKC,0.33,0.42
2025-10-14 13:00:00,0.86,0.86,0.85,KC,25OCT19LVKC,0.48,0.28
2025-10-14 14:00:00,0.86,0.86,0.86,KC,25OCT19LVKC,0.36,0.34
2025-10-14 15:00:00,0.86,0.86,0.85,KC,25OCT19LVKC,-0.49,0.0
2025-10-14 16:00:00,0.87,0.87,0.86,KC,25OCT19LVKC,-0.32,0.74
2025-10-14 17:00:00,0.87,0.87,0.87,KC,25OCT19LVKC,-0.2,0.78
2025-10-14 18:00:00,0.87,0.87,0.86,KC,25OCT19LVKC,0.07,0.69
2025-10-14 19:00:00,0.87,0.87,0.87,KC,25OCT19LVKC,-0.01,0.65
2025-10-14 20:00:00,0.87,0.87,0.86,KC,25OCT19LVKC,0.37,0.49
2025-10-14 21:00:00,0.87,0.87,0.87,KC,25OCT19LVKC,0.1,0.63
2025-10-14 22:00:00,0.87,0.87,0.86,KC,25OCT19LVKC,0.13,0.69
2025-10-14 23:00:00,0.87,0.87,0.87,KC,25OCT19LVKC,0.23,0.57
2025-10-15 00:00:00,0.86,0.87,0.86,KC,25OCT19LVKC,0.31,0.59
2025-10-15 01:00:00,0.87,0.87,0.87,KC,25OCT19LVKC,0.11,0.58
2025-10-15 02:00:00,0.87,0.87,0.86,KC,25OCT19LVKC,-0.51,0.33
2025-10-15 03:00:00,0.87,0.87,0.87,KC,25OCT19LVKC,-0.27,0.53
2025-10-15 04:00:00,0.87,0.87,0.86,KC,25OCT19LVKC,-0.27,0.53
2025-10-15 05:00:00,0.87,0.87,0.87,KC,25OCT19LVKC,-0.51,0.02
2025-10-15 06:00:00,0.87,0.87,0.87,KC,25OCT19LVKC,-0.51,0.02
2025-10-15 07:00:00,0.87,0.87,0.87,KC,25OCT19LVKC,-0.5,0.06
2025-10-15 08:00:00,0.87,0.87,0.87,KC,25OCT19LVKC,-0.5,0.06
2025-10-15 09:00:00,0.87,0.87,0.87,KC,25OCT19LVKC,-0.5,0.06
2025-10-15 10:00:00,0.87,0.87,0.87,KC,25OCT19LVKC,0.53,0.04
2025-10-15 11:00:00,0.87,0.87,0.87,KC,25OCT19LVKC,-0.52,0.04
2025-10-15 12:00:00,0.87,0.87,0.87,KC,25OCT19LVKC,-0.04,0.65
2025-10-15 13:00:00,0.87,0.87,0.86,KC,25OCT19LVKC,-0.04,0.65
2025-10-15 14:00:00,0.87,0.87,0.86,KC,25OCT19LVKC,0.33,0.43
2025-10-15 15:00:00,0.87,0.87,0.86,KC,25OCT19LVKC,0.67,0.17
2025-10-15 16:00:00,0.87,0.87,0.87,KC,25OCT19LVKC,-0.45,0.44
2025-10-15 17:00:00,0.87,0.87,0.86,KC,25OCT19LVKC,-0.38,0.56
2025-10-15 18:00:00,0.87,0.87,0.86,KC,25OCT19LVKC,-0.42,0.49
2025-10-15 19:00:00,0.87,0.87,0.86,KC,25OCT19LVKC,-0.54,0.07
2025-10-15 20:00:00,0.87,0.87,0.87,KC,25OCT19LVKC,-0.45,0.34
2025-10-15 21:00:00,0.87,0.87,0.85,KC,25OCT19LVKC,-0.36,0.48
2025-10-15 22:00:00,0.87,0.87,0.87,KC,25OCT19LVKC,-0.32,0.47
2025-10-15 23:00:00,0.87,0.87,0.87,KC,25OCT19LVKC,0.13,0.6
2025-10-16 00:00:00,0.87,0.87,0.87,KC,25OCT19LVKC,0.18,0.62
2025-10-16 01:00:00,0.87,0.87,0.87,KC,25OCT19LVKC,0.35,0.44
2025-10-16 02:00:00,0.87,0.87,0.87,KC,25OCT19LVKC,0.19,0.53
2025-10-16 03:00:00,0.87,0.87,0.86,KC,25OCT19LVKC,-0.46,0.0
2025-10-16 04:00:00,0.86,0.87,0.86,KC,25OCT19LVKC,0.11,0.62
2025-10-16 05:00:00,0.87,0.87,0.86,KC,25OCT19LVKC,0.11,0.62
2025-10-16 06:00:00,0.87,0.87,0.87,KC,25OCT19LVKC,0.11,0.62
2025-10-16 07:00:00,0.87,0.87,0.86,KC,25OCT19LVKC,0.11,0.62
2025-10-16 08:00:00,0.87,0.87,0.86,KC,25OCT19LVKC,0.11,0.62
2025-10-16 09:00:00,0.87,0.87,0.86,KC,25OCT19LVKC,0.43,0.62
2025-10-16 10:00:00,0.87,0.87,0.87,KC,25OCT19LVKC,0.43,0.62
2025-10-16 11:00:00,0.87,0.87,0.87,KC,25OCT19LVKC,0.43,0.62
2025-10-16 12:00:00,0.87,0.87,0.87,KC,25OCT19LVKC,0.52,0.62
2025-10-16 13:00:00,0.87,0.87,0.85,KC,25OCT19LVKC,-0.0,0.64
2025-10-16 14:00:00,0.86,0.87,0.86,KC,25OCT19LVKC,0.7,0.17
2025-10-16 15:00:00,0.87,0.87,0.86,KC,25OCT19LVKC,0.69,0.06
2025-10-16 16:00:00,0.87,0.87,0.86,KC,25OCT19LVKC,0.04,0.55
2025-10-16 17:00:00,0.87,0.87,0.86,KC,25OCT19LVKC,0.04,0.55
2025-10-16 18:00:00,0.87,0.87,0.86,KC,25OCT19LVKC,0.28,0.59
2025-10-16 19:00:00,0.88,0.88,0.86,KC,25OCT19LVKC,0.18,0.63
2025-10-16 20:00:00,0.88,0.88,0.87,KC,25OCT19LVKC,0.56,0.48
2025-10-16 21:00:00,0.88,0.88,0.87,KC,25OCT19LVKC,-0.61,0.45
2025-10-16 22:00:00,0.87,0.88,0.87,KC,25OCT19LVKC,-0.05,0.61
2025-10-16 23:00:00,0.87,0.88,0.87,KC,25OCT19LVKC,-0.69,0.01
2025-10-17 00:00:00,0.88,0.88,0.87,KC,25OCT19LVKC,0.55,0.17
2025-10-17 01:00:00,0.88,0.88,0.87,KC,25OCT19LVKC,0.44,0.17
2025-10-17 02:00:00,0.88,0.88,0.87,KC,25OCT19LVKC,-0.71,0.17
2025-10-17 03:00:00,0.88,0.88,0.87,KC,25OCT19LVKC,-0.59,0.08
2025-10-17 04:00:00,0.87,0.88,0.87,KC,25OCT19LVKC,-0.59,0.08
2025-10-17 05:00:00,0.87,0.88,0.87,KC,25OCT19LVKC,0.72,0.08
2025-10-17 06:00:00,0.88,0.88,0.88,KC,25OCT19LVKC,-0.19,0.68
2025-10-17 07:00:00,0.88,0.88,0.87,KC,25OCT19LVKC,0.43,0.11
2025-10-17 08:00:00,0.87,0.87,0.87,KC,25OCT19LVKC,0.43,0.11
2025-10-17 09:00:00,0.87,0.87,0.87,KC,25OCT19LVKC,0.66,0.02
2025-10-17 10:00:00,0.88,0.88,0.88,KC,25OCT19LVKC,0.66,0.02
2025-10-17 11:00:00,0.88,0.88,0.88,KC,25OCT19LVKC,0.66,0.02
2025-10-17 12:00:00,0.88,0.88,0.88,KC,25OCT19LVKC,0.54,0.16
2025-10-17 13:00:00,0.88,0.88,0.87,KC,25OCT19LVKC,0.05,0.58
2025-10-17 14:00:00,0.88,0.88,0.87,KC,25OCT19LVKC,0.45,0.06
2025-10-17 15:00:00,0.88,0.88,0.87,KC,25OCT19LVKC,0.26,0.56
2025-10-17 16:00:00,0.88,0.88,0.87,KC,25OCT19LVKC,0.67,0.07
2025-10-17 17:00:00,0.88,0.88,0.87,KC,25OCT19LVKC,0.49,0.11
2025-10-17 18:00:00,0.88,0.88,0.87,KC,25OCT19LVKC,-0.32,0.53
2025-10-17 19:00:00,0.88,0.88,0.87,KC,25OCT19LVKC,-0.02,0.73
2025-10-17 20:00:00,0.88,0.88,0.88,KC,25OCT19LVKC,-0.47,0.54
2025-10-17 21:00:00,0.88,0.88,0.87,KC,25OCT19LVKC,-0.03,0.92
2025-10-17 22:00:00,0.87,0.88,0.87,KC,25OCT19LVKC,-0.5,0.92
2025-10-17 23:00:00,0.88,0.88,0.87,KC,25OCT19LVKC,-0.01,0.87
2025-10-18 00:00:00,0.88,0.88,0.87,KC,25OCT19LVKC,-0.57,0.12
2025-10-18 01:00:00,0.88,0.88,0.87,KC,25OCT19LVKC,-0.14,0.66
2025-10-18 02:00:00,0.88,0.88,0.87,KC,25OCT19LVKC,0.05,0.85
2025-10-18 03:00:00,0.88,0.88,0.87,KC,25OCT19LVKC,0.61,0.85
2025-10-18 04:00:00,0.87,0.88,0.87,KC,25OCT19LVKC,0.59,0.85
2025-10-18 05:00:00,0.88,0.88,0.87,KC,25OCT19LVKC,0.59,0.85
2025-10-18 06:00:00,0.87,0.88,0.87,KC,25OCT19LVKC,0.59,0.85
2025-10-18 07:00:00,0.88,0.88,0.87,KC,25OCT19LVKC,0.59,0.85
2025-10-18 08:00:00,0.88,0.88,0.87,KC,25OCT19LVKC,-0.43,0.85
2025-10-18 09:00:00,0.88,0.88,0.88,KC,25OCT19LVKC,-0.43,0.85
2025-10-18 10:00:00,0.87,0.88,0.87,KC,25OCT19LVKC,-0.43,0.85
2025-10-18 11:00:00,0.88,0.88,0.88,KC,25OCT19LVKC,-0.47,0.85
2025-10-18 12:00:00,0.88,0.88,0.87,KC,25OCT19LVKC,0.45,0.03
2025-10-18 13:00:00,0.88,0.88,0.88,KC,25OCT19LVKC,0.45,0.03
2025-10-18 14:00:00,0.87,0.88,0.87,KC,25OCT19LVKC,0.42,0.03
2025-10-18 15:00:00,0.88,0.88,0.87,KC,25OCT19LVKC,0.45,0.03
2025-10-18 16:00:00,0.88,0.88,0.87,KC,25OCT19LVKC,0.5,0.03
2025-10-18 17:00:00,0.87,0.88,0.87,KC,25OCT19LVKC,-0.42,0.52
2025-10-18 18:00:00,0.88,0.88,0.87,KC,25OCT19LVKC,-0.42,0.52
2025-10-18 19:00:00,0.88,0.88,0.87,KC,25OCT19LVKC,-0.5,0.07
2025-10-18 20:00:00,0.87,0.88,0.87,KC,25OCT19LVKC,-0.5,0.07
2025-10-18 21:00:00,0.87,0.88,0.87,KC,25OCT19LVKC,0.52,0.09
2025-10-18 22:00:00,0.88,0.88,0.87,KC,25OCT19LVKC,0.55,0.09
2025-10-18 23:00:00,0.88,0.88,0.87,KC,25OCT19LVKC,0.46,0.02
2025-10-19 00:00:00,0.88,0.88,0.87,KC,25OCT19LVKC,0.46,0.02
2025-10-19 01:00:00,0.88,0.88,0.87,KC,25OCT19LVKC,0.46,0.02
2025-10-19 02:00:00,0.88,0.88,0.87,KC,25OCT19LVKC,0.49,0.02
2025-10-19 03:00:00,0.88,0.88,0.87,KC,25OCT19LVKC,0.49,0.02
2025-10-19 04:00:00,0.88,0.88,0.87,KC,25OCT19LVKC,0.47,0.02
2025-10-19 05:00:00,0.88,0.88,0.87,KC,25OCT19LVKC,0.55,0.02
2025-10-19 06:00:00,0.87,0.88,0.87,KC,25OCT19LVKC,0.4,0.02
2025-10-19 07:00:00,0.88,0.88,0.87,KC,25OCT19LVKC,0.4,0.02
2025-10-19 08:00:00,0.88,0.88,0.87,KC,25OCT19LVKC,0.4,0.02
2025-10-19 09:00:00,0.88,0.88,0.87,KC,25OCT19LVKC,0.4,0.02
2025-10-19 10:00:00,0.88,0.88,0.87,KC,25OCT19LVKC,0.47,0.02
2025-10-19 11:00:00,0.87,0.88,0.87,KC,25OCT19LVKC,0.48,0.38
2025-10-19 12:00:00,0.88,0.88,0.87,KC,25OCT19LVKC,0.61,0.08
2025-10-19 13:00:00,0.88,0.88,0.87,KC,25OCT19LVKC,0.3,0.46
2025-10-19 14:00:00,0.87,0.88,0.86,KC,25OCT19LVKC,0.33,0.51
2025-10-19 15:00:00,0.86,0.87,0.85,KC,25OCT19LVKC,0.56,0.1
2025-10-19 16:00:00,0.86,0.86,0.85,KC,25OCT19LVKC,0.5,0.05
2025-10-19 17:00:00,0.86,0.87,0.85,KC,25OCT19LVKC,0.4,0.37
2025-10-19 18:00:00,0.97,0.98,0.82,KC,25OCT19LVKC,0.37,0.45
2025-10-19 19:00:00,0.99,0.99,0.96,KC,25OCT19LVKC,0.44,0.45
2025-10-12 21:00:00,0.67,0.67,0.33,NYJ,25OCT19CARNYJ,0.56,0.09
2025-10-12 22:00:00,0.67,0.67,0.33,NYJ,25OCT19CARNYJ,0.56,0.09
2025-10-12 23:00:00,0.54,0.59,0.54,NYJ,25OCT19CARNYJ,0.56,0.09
2025-10-13 00:00:00,0.52,0.52,0.52,NYJ,25OCT19CARNYJ,0.56,0.09
2025-10-13 01:00:00,0.52,0.52,0.52,NYJ,25OCT19CARNYJ,0.56,0.09
2025-10-13 02:00:00,0.52,0.52,0.52,NYJ,25OCT19CARNYJ,0.56,0.09
2025-10-13 03:00:00,0.52,0.52,0.52,NYJ,25OCT19CARNYJ,0.56,0.09
2025-10-13 04:00:00,0.52,0.52,0.52,NYJ,25OCT19CARNYJ,0.56,0.09
2025-10-13 05:00:00,0.5,0.5,0.5,NYJ,25OCT19CARNYJ,0.56,0.09
2025-10-13 06:00:00,0.5,0.5,0.5,NYJ,25OCT19CARNYJ,0.56,0.09
2025-10-13 07:00:00,0.5,0.5,0.5,NYJ,25OCT19CARNYJ,0.56,0.09
2025-10-13 08:00:00,0.5,0.5,0.5,NYJ,25OCT19CARNYJ,0.56,0.09
2025-10-13 09:00:00,0.5,0.5,0.5,NYJ,25OCT19CARNYJ,0.56,0.09
2025-10-13 10:00:00,0.5,0.5,0.5,NYJ,25OCT19CARNYJ,0.56,0.09
2025-10-13 11:00:00,0.5,0.5,0.5,NYJ,25OCT19CARNYJ,0.56,0.09
2025-10-13 12:00:00,0.5,0.5,0.5,NYJ,25OCT19CARNYJ,0.56,0.09
2025-10-13 13:00:00,0.5,0.5,0.5,NYJ,25OCT19CARNYJ,0.56,0.09
2025-10-13 14:00:00,0.48,0.48,0.48,NYJ,25OCT19CARNYJ,0.56,0.09
2025-10-13 15:00:00,0.48,0.5,0.48,NYJ,25OCT19CARNYJ,0.56,0.09
2025-10-13 16:00:00,0.48,0.5,0.48,NYJ,25OCT19CARNYJ,0.56,0.09
2025-10-13 17:00:00,0.48,0.5,0.48,NYJ,25OCT19CARNYJ,0.56,0.09
2025-10-13 18:00:00,0.49,0.49,0.49,NYJ,25OCT19CARNYJ,0.56,0.09
2025-10-13 19:00:00,0.49,0.49,0.49,NYJ,25OCT19CARNYJ,0.56,0.09
2025-10-13 20:00:00,0.49,0.49,0.49,NYJ,25OCT19CARNYJ,0.56,0.09
2025-10-13 21:00:00,0.49,0.49,0.49,NYJ,25OCT19CARNYJ,0.56,0.09
2025-10-13 22:00:00,0.48,0.48,0.48,NYJ,25OCT19CARNYJ,0.56,0.09
2025-10-13 23:00:00,0.47,0.47,0.47,NYJ,25OCT19CARNYJ,0.56,0.09
2025-10-14 00:00:00,0.47,0.47,0.47,NYJ,25OCT19CARNYJ,0.56,0.09
2025-10-14 01:00:00,0.45,0.46,0.45,NYJ,25OCT19CARNYJ,-0.68,0.09
2025-10-14 02:00:00,0.46,0.46,0.46,NYJ,25OCT19CARNYJ,-0.68,0.09
2025-10-14 03:00:00,0.45,0.46,0.45,NYJ,25OCT19CARNYJ,-0.68,0.09
2025-10-14 04:00:00,0.45,0.45,0.44,NYJ,25OCT19CARNYJ,-0.68,0.09
2025-10-14 05:00:00,0.45,0.45,0.45,NYJ,25OCT19CARNYJ,-0.68,0.09
2025-10-14 06:00:00,0.45,0.45,0.45,NYJ,25OCT19CARNYJ,-0.68,0.09
2025-10-14 07:00:00,0.45,0.45,0.45,NYJ,25OCT19CARNYJ,-0.68,0.09
2025-10-14 08:00:00,0.45,0.45,0.45,NYJ,25OCT19CARNYJ,-0.68,0.09
2025-10-14 09:00:00,0.45,0.45,0.45,NYJ,25OCT19CARNYJ,-0.68,0.09
2025-10-14 10:00:00,0.45,0.45,0.45,NYJ,25OCT19CARNYJ,-0.68,0.09
2025-10-14 11:00:00,0.45,0.45,0.45,NYJ,25OCT19CARNYJ,-0.66,0.1
2025-10-14 12:00:00,0.45,0.45,0.45,NYJ,25OCT19CARNYJ,-0.66,0.1
2025-10-14 13:00:00,0.45,0.45,0.45,NYJ,25OCT19CARNYJ,-0.66,0.1
2025-10-14 14:00:00,0.45,0.45,0.44,NYJ,25OCT19CARNYJ,-0.66,0.1
2025-10-14 15:00:00,0.45,0.45,0.45,NYJ,25OCT19CARNYJ,-0.66,0.1
2025-10-14 16:00:00,0.46,0.46,0.45,NYJ,25OCT19CARNYJ,-0.66,0.1
2025-10-14 17:00:00,0.46,0.46,0.45,NYJ,25OCT19CARNYJ,-0.66,0.1
2025-10-14 18:00:00,0.45,0.46,0.45,NYJ,25OCT19CARNYJ,-0.66,0.1
2025-10-14 19:00:00,0.46,0.46,0.46,NYJ,25OCT19CARNYJ,-0.66,0.1
2025-10-14 20:00:00,0.46,0.46,0.45,NYJ,25OCT19CARNYJ,-0.75,0.1
2025-10-14 21:00:00,0.46,0.46,0.45,NYJ,25OCT19CARNYJ,-0.75,0.1
2025-10-14 22:00:00,0.45,0.46,0.45,NYJ,25OCT19CARNYJ,-0.67,0.1
2025-10-14 23:00:00,0.46,0.46,0.46,NYJ,25OCT19CARNYJ,-0.67,0.1
2025-10-15 00:00:00,0.46,0.46,0.45,NYJ,25OCT19CARNYJ,-0.67,0.1
2025-10-15 01:00:00,0.46,0.46,0.46,NYJ,25OCT19CARNYJ,-0.67,0.1
2025-10-15 02:00:00,0.46,0.46,0.46,NYJ,25OCT19CARNYJ,-0.67,0.1
2025-10-15 03:00:00,0.46,0.46,0.46,NYJ,25OCT19CARNYJ,-0.67,0.1
2025-10-15 04:00:00,0.48,0.48,0.46,NYJ,25OCT19CARNYJ,-0.67,0.1
2025-10-15 05:00:00,0.48,0.48,0.47,NYJ,25OCT19CARNYJ,-0.67,0.1
2025-10-15 06:00:00,0.48,0.48,0.48,NYJ,25OCT19CARNYJ,-0.67,0.1
2025-10-15 07:00:00,0.48,0.48,0.48,NYJ,25OCT19CARNYJ,-0.67,0.1
2025-10-15 08:00:00,0.48,0.48,0.48,NYJ,25OCT19CARNYJ,-0.67,0.1
2025-10-15 09:00:00,0.48,0.48,0.48,NYJ,25OCT19CARNYJ,-0.67,0.1
2025-10-15 10:00:00,0.48,0.48,0.48,NYJ,25OCT19CARNYJ,-0.67,0.1
2025-10-15 11:00:00,0.48,0.48,0.48,NYJ,25OCT19CARNYJ,-0.67,0.1
2025-10-15 12:00:00,0.48,0.48,0.48,NYJ,25OCT19CARNYJ,-0.67,0.1
2025-10-15 13:00:00,0.48,0.48,0.48,NYJ,25OCT19CARNYJ,-0.67,0.1
2025-10-15 14:00:00,0.48,0.48,0.48,NYJ,25OCT19CARNYJ,-0.67,0.1
2025-10-15 15:00:00,0.48,0.48,0.48,NYJ,25OCT19CARNYJ,-0.67,0.1
2025-10-15 16:00:00,0.48,0.48,0.48,NYJ,25OCT19CARNYJ,-0.67,0.1
2025-10-15 17:00:00,0.48,0.48,0.48,NYJ,25OCT19CARNYJ,-0.67,0.1
2025-10-15 18:00:00,0.48,0.48,0.48,NYJ,25OCT19CARNYJ,-0.67,0.1
2025-10-15 19:00:00,0.48,0.48,0.48,NYJ,25OCT19CARNYJ,-0.67,0.1
2025-10-15 20:00:00,0.48,0.48,0.48,NYJ,25OCT19CARNYJ,-0.67,0.1
2025-10-15 21:00:00,0.48,0.48,0.48,NYJ,25OCT19CARNYJ,-0.67,0.1
2025-10-15 22:00:00,0.48,0.48,0.48,NYJ,25OCT19CARNYJ,-0.67,0.1
2025-10-15 23:00:00,0.48,0.48,0.48,NYJ,25OCT19CARNYJ,-0.67,0.1
2025-10-16 00:00:00,0.48,0.48,0.47,NYJ,25OCT19CARNYJ,-0.67,0.1
2025-10-16 01:00:00,0.48,0.48,0.48,NYJ,25OCT19CARNYJ,-0.67,0.1
2025-10-16 02:00:00,0.48,0.48,0.47,NYJ,25OCT19CARNYJ,-0.67,0.1
2025-10-16 03:00:00,0.48,0.48,0.48,NYJ,25OCT19CARNYJ,-0.67,0.1
2025-10-16 04:00:00,0.48,0.48,0.48,NYJ,25OCT19CARNYJ,-0.67,0.1
2025-10-16 05:00:00,0.48,0.48,0.47,NYJ,25OCT19CARNYJ,-0.67,0.1
2025-10-16 06:00:00,0.48,0.48,0.48,NYJ,25OCT19CARNYJ,-0.67,0.1
2025-10-16 07:00:00,0.48,0.48,0.48,NYJ,25OCT19CARNYJ,-0.67,0.1
2025-10-16 08:00:00,0.48,0.48,0.48,NYJ,25OCT19CARNYJ,-0.67,0.1
2025-10-16 09:00:00,0.48,0.48,0.48,NYJ,25OCT19CARNYJ,-0.67,0.1
2025-10-16 10:00:00,0.48,0.48,0.48,NYJ,25OCT19CARNYJ,-0.67,0.1
2025-10-16 11:00:00,0.48,0.48,0.48,NYJ,25OCT19CARNYJ,-0.67,0.1
2025-10-16 12:00:00,0.48,0.48,0.48,NYJ,25OCT19CARNYJ,-0.67,0.1
2025-10-16 13:00:00,0.49,0.49,0.47,NYJ,25OCT19CARNYJ,-0.67,0.1
2025-10-16 14:00:00,0.48,0.49,0.47,NYJ,25OCT19CARNYJ,-0.67,0.1
2025-10-16 15:00:00,0.48,0.49,0.48,NYJ,25OCT19CARNYJ,-0.67,0.1
2025-10-16 16:00:00,0.48,0.49,0.48,NYJ,25OCT19CARNYJ,-0.67,0.1
2025-10-16 17:00:00,0.48,0.48,0.47,NYJ,25OCT19CARNYJ,0.54,0.1
2025-10-16 18:00:00,0.48,0.49,0.48,NYJ,25OCT19CARNYJ,0.66,0.1
2025-10-16 19:00:00,0.49,0.49,0.49,NYJ,25OCT19CARNYJ,0.66,0.1
2025-10-16 20:00:00,0.49,0.49,0.48,NYJ,25OCT19CARNYJ,0.66,0.1
2025-10-16 21:00:00,0.49,0.49,0.48,NYJ,25OCT19CARNYJ,0.66,0.1
2025-10-16 22:00:00,0.49,0.49,0.48,NYJ,25OCT19CARNYJ,0.66,0.1
2025-10-16 23:00:00,0.49,0.49,0.48,NYJ,25OCT19CARNYJ,0.66,0.1
2025-10-17 00:00:00,0.49,0.49,0.47,NYJ,25OCT19CARNYJ,-0.61,0.1
2025-10-17 01:00:00,0.49,0.49,0.47,NYJ,25OCT19CARNYJ,-0.61,0.1
2025-10-17 02:00:00,0.49,0.49,0.49,NYJ,25OCT19CARNYJ,-0.61,0.1
2025-10-17 03:00:00,0.49,0.49,0.47,NYJ,25OCT19CARNYJ,-0.8,0.1
2025-10-17 04:00:00,0.49,0.49,0.47,NYJ,25OCT19CARNYJ,-0.8,0.1
2025-10-17 05:00:00,0.49,0.49,0.49,NYJ,25OCT19CARNYJ,-0.8,0.1
2025-10-17 06:00:00,0.49,0.49,0.49,NYJ,25OCT19CARNYJ,-0.8,0.1
2025-10-17 07:00:00,0.49,0.49,0.49,NYJ,25OCT19CARNYJ,-0.8,0.1
2025-10-17 08:00:00,0.49,0.49,0.49,NYJ,25OCT19CARNYJ,-0.8,0.1
2025-10-17 09:00:00,0.49,0.49,0.49,NYJ,25OCT19CARNYJ,-0.8,0.1
2025-10-17 10:00:00,0.49,0.49,0.49,NYJ,25OCT19CARNYJ,-0.8,0.1
2025-10-17 11:00:00,0.49,0.49,0.49,NYJ,25OCT19CARNYJ,-0.8,0.1
2025-10-17 12:00:00,0.49,0.49,0.49,NYJ,25OCT19CARNYJ,-0.8,0.1
2025-10-17 13:00:00,0.49,0.49,0.49,NYJ,25OCT19CARNYJ,-0.8,0.1
2025-10-17 14:00:00,0.49,0.49,0.48,NYJ,25OCT19CARNYJ,-0.8,0.1
2025-10-17 15:00:00,0.49,0.49,0.48,NYJ,25OCT19CARNYJ,-0.8,0.1
2025-10-17 16:00:00,0.48,0.49,0.48,NYJ,25OCT19CARNYJ,-0.8,0.1
2025-10-17 17:00:00,0.49,0.49,0.48,NYJ,25OCT19CARNYJ,-0.8,0.1
2025-10-17 18:00:00,0.49,0.49,0.49,NYJ,25OCT19CARNYJ,-0.8,0.1
2025-10-17 19:00:00,0.48,0.49,0.48,NYJ,25OCT19CARNYJ,-0.8,0.1
2025-10-17 20:00:00,0.5,0.5,0.48,NYJ,25OCT19CARNYJ,-0.8,0.1
2025-10-17 21:00:00,0.5,0.5,0.49,NYJ,25OCT19CARNYJ,-0.8,0.1
2025-10-17 22:00:00,0.5,0.5,0.49,NYJ,25OCT19CARNYJ,-0.8,0.1
2025-10-17 23:00:00,0.5,0.5,0.49,NYJ,25OCT19CARNYJ,-0.8,0.1
2025-10-18 00:00:00,0.5,0.5,0.5,NYJ,25OCT19CARNYJ,-0.8,0.1
2025-10-18 01:00:00,0.5,0.5,0.5,NYJ,25OCT19CARNYJ,-0.8,0.1
2025-10-18 02:00:00,0.5,0.5,0.5,NYJ,25OCT19CARNYJ,-0.8,0.1
2025-10-18 03:00:00,0.5,0.51,0.5,NYJ,25OCT19CARNYJ,-0.8,0.1
2025-10-18 04:00:00,0.51,0.51,0.51,NYJ,25OCT19CARNYJ,-0.8,0.1
2025-10-18 05:00:00,0.5,0.5,0.5,NYJ,25OCT19CARNYJ,-0.8,0.1
2025-10-18 06:00:00,0.5,0.51,0.5,NYJ,25OCT19CARNYJ,-0.8,0.1
2025-10-18 07:00:00,0.51,0.51,0.51,NYJ,25OCT19CARNYJ,-0.8,0.1
2025-10-18 08:00:00,0.51,0.51,0.51,NYJ,25OCT19CARNYJ,-0.8,0.1
2025-10-18 09:00:00,0.51,0.51,0.51,NYJ,25OCT19CARNYJ,-0.8,0.1
2025-10-18 10:00:00,0.51,0.51,0.51,NYJ,25OCT19CARNYJ,-0.8,0.1
2025-10-18 11:00:00,0.51,0.51,0.51,NYJ,25OCT19CARNYJ,-0.8,0.1
2025-10-18 12:00:00,0.51,0.51,0.51,NYJ,25OCT19CARNYJ,-0.8,0.1
2025-10-18 13:00:00,0.5,0.51,0.5,NYJ,25OCT19CARNYJ,-0.8,0.1
2025-10-18 14:00:00,0.51,0.51,0.5,NYJ,25OCT19CARNYJ,-0.8,0.1
2025-10-18 15:00:00,0.51,0.51,0.51,NYJ,25OCT19CARNYJ,-0.8,0.1
2025-10-18 16:00:00,0.49,0.51,0.49,NYJ,25OCT19CARNYJ,-0.8,0.1
2025-10-18 17:00:00,0.5,0.5,0.5,NYJ,25OCT19CARNYJ,-0.8,0.1
2025-10-18 18:00:00,0.5,0.5,0.5,NYJ,25OCT19CARNYJ,-0.8,0.1
2025-10-18 19:00:00,0.51,0.51,0.5,NYJ,25OCT19CARNYJ,0.54,0.1
2025-10-18 20:00:00,0.5,0.51,0.5,NYJ,25OCT19CARNYJ,0.54,0.1
2025-10-18 21:00:00,0.5,0.51,0.5,NYJ,25OCT19CARNYJ,0.54,0.1
2025-10-18 22:00:00,0.51,0.51,0.51,NYJ,25OCT19CARNYJ,0.54,0.1
2025-10-18 23:00:00,0.5,0.51,0.5,NYJ,25OCT19CARNYJ,0.54,0.1
2025-10-19 00:00:00,0.51,0.51,0.5,NYJ,25OCT19CARNYJ,0.54,0.1
2025-10-19 01:00:00,0.51,0.51,0.5,NYJ,25OCT19CARNYJ,0.64,0.1
2025-10-19 02:00:00,0.5,0.51,0.5,NYJ,25OCT19CARNYJ,0.64,0.1
2025-10-19 03:00:00,0.5,0.5,0.49,NYJ,25OCT19CARNYJ,0.64,0.1
2025-10-19 04:00:00,0.5,0.5,0.49,NYJ,25OCT19CARNYJ,0.64,0.1
2025-10-19 05:00:00,0.51,0.51,0.5,NYJ,25OCT19CARNYJ,0.64,0.1
2025-10-19 06:00:00,0.51,0.51,0.5,NYJ,25OCT19CARNYJ,0.64,0.1
2025-10-19 07:00:00,0.51,0.51,0.49,NYJ,25OCT19CARNYJ,0.64,0.1
2025-10-19 08:00:00,0.5,0.51,0.5,NYJ,25OCT19CARNYJ,0.64,0.1
2025-10-19 09:00:00,0.5,0.5,0.49,NYJ,25OCT19CARNYJ,0.64,0.1
2025-10-19 10:00:00,0.5,0.5,0.5,NYJ,25OCT19CARNYJ,0.64,0.1
2025-10-19 11:00:00,0.5,0.5,0.5,NYJ,25OCT19CARNYJ,0.64,0.1
2025-10-19 12:00:00,0.49,0.5,0.49,NYJ,25OCT19CARNYJ,0.64,0.1
2025-10-19 13:00:00,0.51,0.51,0.49,NYJ,25OCT19CARNYJ,0.64,0.1
2025-10-19 14:00:00,0.51,0.51,0.5,NYJ,25OCT19CARNYJ,0.64,0.1
2025-10-19 15:00:00,0.51,0.51,0.5,NYJ,25OCT19CARNYJ,0.64,0.1
2025-10-19 16:00:00,0.51,0.51,0.49,NYJ,25OCT19CARNYJ,0.64,0.1
2025-10-19 17:00:00,0.51,0.51,0.49,NYJ,25OCT19CARNYJ,0.64,0.1
2025-10-19 18:00:00,0.43,0.57,0.31,NYJ,25OCT19CARNYJ,0.64,0.1
2025-10-19 19:00:00,0.16,0.51,0.07,NYJ,25OCT19CARNYJ,0.64,0.1
2025-10-19 20:00:00,0.09,0.25,0.02,NYJ,25OCT19CARNYJ,-0.69,0.0
2025-10-14 17:00:00,0.43,0.44,0.43,MIA,25OCT19MIACLE,-0.48,0.0
2025-10-14 18:00:00,0.42,0.43,0.42,MIA,25OCT19MIACLE,-0.48,0.0
2025-10-14 19:00:00,0.43,0.43,0.42,MIA,25OCT19MIACLE,-0.48,0.0
2025-10-14 20:00:00,0.43,0.43,0.42,MIA,25OCT19MIACLE,-0.48,0.0
2025-10-14 21:00:00,0.43,0.43,0.42,MIA,25OCT19MIACLE,-0.48,0.0
2025-10-14 22:00:00,0.42,0.43,0.42,MIA,25OCT19MIACLE,-0.48,0.0
2025-10-14 23:00:00,0.42,0.42,0.42,MIA,25OCT19MIACLE,-0.48,0.0
2025-10-15 00:00:00,0.42,0.42,0.41,MIA,25OCT19MIACLE,-0.48,0.0
2025-10-15 01:00:00,0.42,0.42,0.41,MIA,25OCT19MIACLE,-0.48,0.0
2025-10-15 02:00:00,0.42,0.42,0.42,MIA,25OCT19MIACLE,-0.48,0.0
2025-10-15 03:00:00,0.42,0.42,0.42,MIA,25OCT19MIACLE,-0.48,0.0
2025-10-15 04:00:00,0.42,0.42,0.42,MIA,25OCT19MIACLE,-0.48,0.0
2025-10-15 05:00:00,0.42,0.42,0.42,MIA,25OCT19MIACLE,-0.48,0.0
2025-10-15 06:00:00,0.42,0.42,0.42,MIA,25OCT19MIACLE,-0.48,0.0
2025-10-15 07:00:00,0.42,0.42,0.42,MIA,25OCT19MIACLE,-0.48,0.0
2025-10-15 08:00:00,0.42,0.42,0.42,MIA,25OCT19MIACLE,-0.48,0.0
2025-10-15 09:00:00,0.42,0.42,0.42,MIA,25OCT19MIACLE,-0.48,0.0
2025-10-15 10:00:00,0.42,0.42,0.42,MIA,25OCT19MIACLE,-0.48,0.0
2025-10-15 11:00:00,0.42,0.42,0.42,MIA,25OCT19MIACLE,-0.48,0.0
2025-10-15 12:00:00,0.42,0.42,0.42,MIA,25OCT19MIACLE,-0.48,0.0
2025-10-15 13:00:00,0.42,0.42,0.42,MIA,25OCT19MIACLE,-0.48,0.0
2025-10-15 14:00:00,0.42,0.42,0.42,MIA,25OCT19MIACLE,-0.48,0.0
2025-10-15 15:00:00,0.42,0.42,0.42,MIA,25OCT19MIACLE,-0.48,0.0
2025-10-15 16:00:00,0.42,0.42,0.42,MIA,25OCT19MIACLE,-0.48,0.0
2025-10-15 17:00:00,0.42,0.42,0.42,MIA,25OCT19MIACLE,-0.48,0.0
2025-10-15 18:00:00,0.42,0.42,0.42,MIA,25OCT19MIACLE,-0.48,0.0
2025-10-15 19:00:00,0.42,0.42,0.42,MIA,25OCT19MIACLE,-0.48,0.0
2025-10-15 20:00:00,0.42,0.42,0.42,MIA,25OCT19MIACLE,-0.48,0.0
2025-10-15 21:00:00,0.42,0.42,0.42,MIA,25OCT19MIACLE,-0.48,0.0
2025-10-15 22:00:00,0.42,0.42,0.42,MIA,25OCT19MIACLE,-0.48,0.0
2025-10-15 23:00:00,0.42,0.42,0.42,MIA,25OCT19MIACLE,-0.56,0.01
2025-10-16 00:00:00,0.42,0.42,0.41,MIA,25OCT19MIACLE,-0.56,0.01
2025-10-16 01:00:00,0.43,0.43,0.42,MIA,25OCT19MIACLE,-0.56,0.01
2025-10-16 02:00:00,0.43,0.43,0.43,MIA,25OCT19MIACLE,-0.56,0.01
2025-10-16 03:00:00,0.43,0.43,0.42,MIA,25OCT19MIACLE,-0.56,0.01
2025-10-16 04:00:00,0.43,0.43,0.42,MIA,25OCT19MIACLE,-0.56,0.01
2025-10-16 05:00:00,0.43,0.43,0.43,MIA,25OCT19MIACLE,-0.56,0.01
2025-10-16 06:00:00,0.43,0.43,0.43,MIA,25OCT19MIACLE,-0.56,0.01
2025-10-16 07:00:00,0.43,0.43,0.43,MIA,25OCT19MIACLE,-0.56,0.01
2025-10-16 08:00:00,0.43,0.43,0.43,MIA,25OCT19MIACLE,-0.56,0.01
2025-10-16 09:00:00,0.43,0.43,0.43,MIA,25OCT19MIACLE,-0.56,0.01
2025-10-16 10:00:00,0.43,0.43,0.43,MIA,25OCT19MIACLE,-0.56,0.01
2025-10-16 11:00:00,0.42,0.42,0.42,MIA,25OCT19MIACLE,-0.56,0.01
2025-10-16 12:00:00,0.42,0.42,0.42,MIA,25OCT19MIACLE,-0.56,0.01
2025-10-16 13:00:00,0.43,0.43,0.43,MIA,25OCT19MIACLE,-0.56,0.01
2025-10-16 14:00:00,0.43,0.43,0.43,MIA,25OCT19MIACLE,-0.56,0.01
2025-10-16 15:00:00,0.43,0.43,0.42,MIA,25OCT19MIACLE,-0.56,0.01
2025-10-16 16:00:00,0.43,0.43,0.43,MIA,25OCT19MIACLE,-0.56,0.01
2025-10-16 17:00:00,0.43,0.43,0.43,MIA,25OCT19MIACLE,-0.56,0.01
2025-10-16 18:00:00,0.43,0.43,0.43,MIA,25OCT19MIACLE,-0.56,0.01
2025-10-16 19:00:00,0.43,0.43,0.42,MIA,25OCT19MIACLE,-0.56,0.01
2025-10-16 20:00:00,0.43,0.43,0.43,MIA,25OCT19MIACLE,-0.56,0.01
2025-10-16 21:00:00,0.43,0.43,0.42,MIA,25OCT19MIACLE,-0.56,0.01
2025-10-16 22:00:00,0.43,0.43,0.42,MIA,25OCT19MIACLE,-0.56,0.01
2025-10-16 23:00:00,0.43,0.43,0.43,MIA,25OCT19MIACLE,-0.56,0.01
2025-10-17 00:00:00,0.43,0.43,0.42,MIA,25OCT19MIACLE,-0.56,0.01
2025-10-17 01:00:00,0.43,0.43,0.42,MIA,25OCT19MIACLE,-0.56,0.01
2025-10-17 02:00:00,0.43,0.43,0.42,MIA,25OCT19MIACLE,-0.56,0.01
2025-10-17 03:00:00,0.43,0.43,0.42,MIA,25OCT19MIACLE,-0.56,0.01
2025-10-17 04:00:00,0.42,0.43,0.42,MIA,25OCT19MIACLE,-0.56,0.01
2025-10-17 05:00:00,0.43,0.43,0.43,MIA,25OCT19MIACLE,-0.56,0.01
2025-10-17 06:00:00,0.42,0.43,0.42,MIA,25OCT19MIACLE,-0.56,0.01
2025-10-17 07:00:00,0.43,0.43,0.43,MIA,25OCT19MIACLE,-0.56,0.01
2025-10-17 08:00:00,0.43,0.43,0.43,MIA,25OCT19MIACLE,-0.56,0.01
2025-10-17 09:00:00,0.43,0.43,0.43,MIA,25OCT19MIACLE,-0.56,0.01
2025-10-17 10:00:00,0.43,0.43,0.43,MIA,25OCT19MIACLE,-0.56,0.01
2025-10-17 11:00:00,0.43,0.43,0.43,MIA,25OCT19MIACLE,-0.56,0.01
2025-10-17 12:00:00,0.43,0.43,0.43,MIA,25OCT19MIACLE,-0.56,0.01
2025-10-17 13:00:00,0.43,0.43,0.42,MIA,25OCT19MIACLE,-0.56,0.01
2025-10-17 14:00:00,0.43,0.43,0.42,MIA,25OCT19MIACLE,-0.56,0.01
2025-10-17 15:00:00,0.43,0.43,0.41,MIA,25OCT19MIACLE,-0.56,0.01
2025-10-17 16:00:00,0.43,0.43,0.41,MIA,25OCT19MIACLE,-0.56,0.01
2025-10-17 17:00:00,0.43,0.43,0.41,MIA,25OCT19MIACLE,-0.56,0.01
2025-10-17 18:00:00,0.43,0.43,0.41,MIA,25OCT19MIACLE,-0.56,0.01
2025-10-17 19:00:00,0.43,0.43,0.41,MIA,25OCT19MIACLE,-0.56,0.01
2025-10-17 20:00:00,0.43,0.43,0.43,MIA,25OCT19MIACLE,-0.56,0.01
2025-10-17 21:00:00,0.43,0.43,0.42,MIA,25OCT19MIACLE,-0.56,0.01
2025-10-17 22:00:00,0.42,0.43,0.42,MIA,25OCT19MIACLE,-0.56,0.01
2025-10-17 23:00:00,0.43,0.43,0.42,MIA,25OCT19MIACLE,-0.56,0.01
2025-10-18 00:00:00,0.43,0.43,0.43,MIA,25OCT19MIACLE,-0.56,0.01
2025-10-18 01:00:00,0.43,0.43,0.43,MIA,25OCT19MIACLE,-0.56,0.01
2025-10-18 02:00:00,0.43,0.43,0.42,MIA,25OCT19MIACLE,-0.56,0.01
2025-10-18 03:00:00,0.43,0.43,0.42,MIA,25OCT19MIACLE,-0.56,0.01
2025-10-18 04:00:00,0.43,0.43,0.43,MIA,25OCT19MIACLE,-0.56,0.01
2025-10-18 05:00:00,0.43,0.43,0.43,MIA,25OCT19MIACLE,-0.56,0.01
2025-10-18 06:00:00,0.43,0.43,0.42,MIA,25OCT19MIACLE,-0.56,0.01
2025-10-18 07:00:00,0.43,0.43,0.43,MIA,25OCT19MIACLE,-0.56,0.01
2025-10-18 08:00:00,0.43,0.43,0.43,MIA,25OCT19MIACLE,-0.56,0.01
2025-10-18 09:00:00,0.43,0.43,0.43,MIA,25OCT19MIACLE,-0.56,0.01
2025-10-18 10:00:00,0.43,0.43,0.43,MIA,25OCT19MIACLE,-0.56,0.01
2025-10-18 11:00:00,0.43,0.43,0.43,MIA,25OCT19MIACLE,-0.56,0.01
2025-10-18 12:00:00,0.43,0.43,0.43,MIA,25OCT19MIACLE,-0.56,0.01
2025-10-18 13:00:00,0.42,0.43,0.42,MIA,25OCT19MIACLE,-0.56,0.01
2025-10-18 14:00:00,0.43,0.43,0.43,MIA,25OCT19MIACLE,-0.56,0.01
2025-10-18 15:00:00,0.43,0.43,0.42,MIA,25OCT19MIACLE,-0.56,0.01
2025-10-18 16:00:00,0.43,0.43,0.42,MIA,25OCT19MIACLE,-0.56,0.01
2025-10-18 17:00:00,0.42,0.43,0.42,MIA,25OCT19MIACLE,-0.56,0.01
2025-10-18 18:00:00,0.43,0.43,0.42,MIA,25OCT19MIACLE,-0.56,0.01
2025-10-18 19:00:00,0.43,0.43,0.42,MIA,25OCT19MIACLE,-0.56,0.01
2025-10-18 20:00:00,0.43,0.43,0.42,MIA,25OCT19MIACLE,-0.56,0.01
2025-10-18 21:00:00,0.43,0.43,0.42,MIA,25OCT19MIACLE,-0.56,0.01
2025-10-18 22:00:00,0.43,0.43,0.42,MIA,25OCT19MIACLE,-0.56,0.01
2025-10-18 23:00:00,0.43,0.43,0.42,MIA,25OCT19MIACLE,-0.56,0.01
2025-10-19 00:00:00,0.43,0.43,0.42,MIA,25OCT19MIACLE,-0.56,0.01
2025-10-19 01:00:00,0.43,0.43,0.42,MIA,25OCT19MIACLE,-0.56,0.01
2025-10-19 02:00:00,0.43,0.43,0.42,MIA,25OCT19MIACLE,-0.56,0.01
2025-10-19 03:00:00,0.43,0.43,0.42,MIA,25OCT19MIACLE,-0.56,0.01
2025-10-19 04:00:00,0.43,0.43,0.42,MIA,25OCT19MIACLE,-0.56,0.01
2025-10-19 05:00:00,0.43,0.43,0.42,MIA,25OCT19MIACLE,-0.56,0.01
2025-10-19 06:00:00,0.43,0.43,0.42,MIA,25OCT19MIACLE,-0.56,0.01
2025-10-19 07:00:00,0.43,0.43,0.43,MIA,25OCT19MIACLE,-0.56,0.01
2025-10-19 08:00:00,0.43,0.43,0.43,MIA,25OCT19MIACLE,-0.56,0.01
2025-10-19 09:00:00,0.43,0.43,0.42,MIA,25OCT19MIACLE,-0.56,0.01
2025-10-19 10:00:00,0.43,0.43,0.42,MIA,25OCT19MIACLE,-0.56,0.01
2025-10-19 11:00:00,0.43,0.43,0.42,MIA,25OCT19MIACLE,-0.56,0.01
2025-10-19 12:00:00,0.43,0.43,0.43,MIA,25OCT19MIACLE,-0.56,0.01
2025-10-19 13:00:00,0.43,0.43,0.42,MIA,25OCT19MIACLE,-0.56,0.01
2025-10-19 14:00:00,0.43,0.43,0.42,MIA,25OCT19MIACLE,-0.56,0.01
2025-10-19 15:00:00,0.43,0.43,0.42,MIA,25OCT19MIACLE,-0.56,0.01
2025-10-19 16:00:00,0.45,0.45,0.42,MIA,25OCT19MIACLE,-0.56,0.01
2025-10-19 17:00:00,0.44,0.45,0.43,MIA,25OCT19MIACLE,-0.56,0.01
2025-10-19 18:00:00,0.14,0.52,0.11,MIA,25OCT19MIACLE,-0.63,0.08
2025-10-19 19:00:00,0.04,0.21,0.02,MIA,25OCT19MIACLE,-0.63,0.08
2025-10-19 20:00:00,0.01,0.05,0.01,MIA,25OCT19MIACLE,-0.67,0.09
2025-10-12 21:00:00,0.68,0.68,0.68,CLE,25OCT19MIACLE,-0.46,0.7
2025-10-12 22:00:00,0.68,0.68,0.68,CLE,25OCT19MIACLE,-0.84,0.11
2025-10-12 23:00:00,0.61,0.61,0.61,CLE,25OCT19MIACLE,-0.85,0.05
2025-10-13 00:00:00,0.56,0.57,0.56,CLE,25OCT19MIACLE,-0.12,0.85
2025-10-13 01:00:00,0.56,0.56,0.55,CLE,25OCT19MIACLE,-0.12,0.85
2025-10-13 02:00:00,0.56,0.56,0.56,CLE,25OCT19MIACLE,-0.12,0.85
2025-10-13 03:00:00,0.56,0.56,0.56,CLE,25OCT19MIACLE,-0.12,0.85
2025-10-13 04:00:00,0.56,0.56,0.56,CLE,25OCT19MIACLE,0.48,0.85
2025-10-13 05:00:00,0.56,0.56,0.56,CLE,25OCT19MIACLE,0.48,0.85
2025-10-13 06:00:00,0.56,0.56,0.56,CLE,25OCT19MIACLE,-0.52,0.85
2025-10-13 07:00:00,0.56,0.56,0.56,CLE,25OCT19MIACLE,-0.52,0.85
2025-10-13 08:00:00,0.56,0.56,0.56,CLE,25OCT19MIACLE,-0.79,0.85
2025-10-13 09:00:00,0.56,0.56,0.56,CLE,25OCT19MIACLE,-0.79,0.85
2025-10-13 10:00:00,0.56,0.56,0.56,CLE,25OCT19MIACLE,-0.79,0.85
2025-10-13 11:00:00,0.56,0.56,0.56,CLE,25OCT19MIACLE,-0.79,0.85
2025-10-13 12:00:00,0.56,0.56,0.56,CLE,25OCT19MIACLE,-0.79,0.85
2025-10-13 13:00:00,0.56,0.56,0.56,CLE,25OCT19MIACLE,-0.79,0.85
2025-10-13 14:00:00,0.56,0.56,0.56,CLE,25OCT19MIACLE,-0.79,0.85
2025-10-13 15:00:00,0.56,0.56,0.56,CLE,25OCT19MIACLE,-0.79,0.85
2025-10-13 16:00:00,0.57,0.57,0.56,CLE,25OCT19MIACLE,-0.8,0.09
2025-10-13 17:00:00,0.57,0.57,0.56,CLE,25OCT19MIACLE,-0.61,0.4
2025-10-13 18:00:00,0.57,0.57,0.56,CLE,25OCT19MIACLE,-0.67,0.08
2025-10-13 19:00:00,0.57,0.57,0.57,CLE,25OCT19MIACLE,-0.65,0.05
2025-10-13 20:00:00,0.56,0.57,0.56,CLE,25OCT19MIACLE,-0.6,0.05
2025-10-13 21:00:00,0.57,0.57,0.57,CLE,25OCT19MIACLE,-0.6,0.05
2025-10-13 22:00:00,0.57,0.57,0.56,CLE,25OCT19MIACLE,-0.7,0.06
2025-10-13 23:00:00,0.57,0.57,0.57,CLE,25OCT19MIACLE,-0.7,0.06
2025-10-14 00:00:00,0.57,0.57,0.57,CLE,25OCT19MIACLE,-0.7,0.06
2025-10-14 01:00:00,0.57,0.57,0.57,CLE,25OCT19MIACLE,-0.7,0.06
2025-10-14 02:00:00,0.57,0.57,0.57,CLE,25OCT19MIACLE,-0.57,0.06
2025-10-14 03:00:00,0.57,0.57,0.57,CLE,25OCT19MIACLE,-0.46,0.06
2025-10-14 04:00:00,0.57,0.57,0.56,CLE,25OCT19MIACLE,-0.46,0.06
2025-10-14 05:00:00,0.57,0.57,0.57,CLE,25OCT19MIACLE,-0.46,0.06
2025-10-14 06:00:00,0.57,0.57,0.57,CLE,25OCT19MIACLE,-0.46,0.06
2025-10-14 07:00:00,0.57,0.57,0.57,CLE,25OCT19MIACLE,-0.46,0.06
2025-10-14 08:00:00,0.57,0.57,0.57,CLE,25OCT19MIACLE,-0.46,0.06
2025-10-14 09:00:00,0.57,0.57,0.57,CLE,25OCT19MIACLE,-0.46,0.06
2025-10-14 10:00:00,0.57,0.57,0.57,CLE,25OCT19MIACLE,-0.46,0.06
2025-10-14 11:00:00,0.57,0.57,0.57,CLE,25OCT19MIACLE,-0.46,0.06
2025-10-14 12:00:00,0.57,0.57,0.57,CLE,25OCT19MIACLE,-0.46,0.06
2025-10-14 13:00:00,0.57,0.57,0.57,CLE,25OCT19MIACLE,-0.46,0.06
2025-10-14 14:00:00,0.57,0.57,0.57,CLE,25OCT19MIACLE,-0.46,0.06
2025-10-14 15:00:00,0.57,0.57,0.57,CLE,25OCT19MIACLE,-0.28,0.82
2025-10-14 16:00:00,0.57,0.57,0.57,CLE,25OCT19MIACLE,-0.58,0.04
2025-10-14 17:00:00,0.58,0.58,0.57,CLE,25OCT19MIACLE,-0.58,0.04
2025-10-14 18:00:00,0.59,0.59,0.58,CLE,25OCT19MIACLE,-0.58,0.04
2025-10-14 19:00:00,0.59,0.59,0.59,CLE,25OCT19MIACLE,-0.61,0.04
2025-10-14 20:00:00,0.59,0.59,0.58,CLE,25OCT19MIACLE,-0.61,0.04
2025-10-14 21:00:00,0.59,0.59,0.59,CLE,25OCT19MIACLE,0.36,0.04
2025-10-14 22:00:00,0.58,0.59,0.58,CLE,25OCT19MIACLE,0.36,0.04
2025-10-14 23:00:00,0.59,0.59,0.59,CLE,25OCT19MIACLE,0.36,0.04
2025-10-15 00:00:00,0.59,0.59,0.59,CLE,25OCT19MIACLE,0.36,0.04
2025-10-15 01:00:00,0.59,0.59,0.59,CLE,25OCT19MIACLE,0.36,0.04
2025-10-15 02:00:00,0.59,0.59,0.59,CLE,25OCT19MIACLE,0.36,0.04
2025-10-15 03:00:00,0.59,0.59,0.58,CLE,25OCT19MIACLE,0.36,0.04
2025-10-15 04:00:00,0.59,0.59,0.59,CLE,25OCT19MIACLE,0.36,0.04
2025-10-15 05:00:00,0.59,0.59,0.59,CLE,25OCT19MIACLE,0.36,0.04
2025-10-15 06:00:00,0.59,0.59,0.59,CLE,25OCT19MIACLE,0.36,0.04
2025-10-15 07:00:00,0.59,0.59,0.59,CLE,25OCT19MIACLE,0.36,0.04
2025-10-15 08:00:00,0.59,0.59,0.59,CLE,25OCT19MIACLE,0.36,0.04
2025-10-15 09:00:00,0.59,0.59,0.59,CLE,25OCT19MIACLE,0.36,0.04
2025-10-15 10:00:00,0.59,0.59,0.59,CLE,25OCT19MIACLE,0.36,0.04
2025-10-15 11:00:00,0.59,0.59,0.59,CLE,25OCT19MIACLE,0.36,0.04
2025-10-15 12:00:00,0.59,0.59,0.59,CLE,25OCT19MIACLE,0.36,0.04
2025-10-15 13:00:00,0.59,0.59,0.59,CLE,25OCT19MIACLE,0.36,0.04
2025-10-15 14:00:00,0.59,0.59,0.59,CLE,25OCT19MIACLE,0.36,0.04
2025-10-15 15:00:00,0.59,0.59,0.59,CLE,25OCT19MIACLE,0.36,0.04
2025-10-15 16:00:00,0.59,0.59,0.59,CLE,25OCT19MIACLE,0.36,0.04
2025-10-15 17:00:00,0.59,0.59,0.59,CLE,25OCT19MIACLE,0.36,0.04
2025-10-15 18:00:00,0.59,0.59,0.59,CLE,25OCT19MIACLE,0.36,0.04
2025-10-15 19:00:00,0.59,0.59,0.59,CLE,25OCT19MIACLE,0.36,0.04
2025-10-15 20:00:00,0.59,0.59,0.59,CLE,25OCT19MIACLE,0.36,0.04
2025-10-15 21:00:00,0.59,0.59,0.59,CLE,25OCT19MIACLE,0.36,0.04
2025-10-15 22:00:00,0.59,0.59,0.59,CLE,25OCT19MIACLE,-0.48,0.04
2025-10-15 23:00:00,0.58,0.59,0.58,CLE,25OCT19MIACLE,-0.48,0.04
2025-10-16 00:00:00,0.59,0.59,0.59,CLE,25OCT19MIACLE,-0.51,0.03
2025-10-16 01:00:00,0.59,0.59,0.59,CLE,25OCT19MIACLE,-0.46,0.01
2025-10-16 02:00:00,0.59,0.59,0.59,CLE,25OCT19MIACLE,-0.47,0.02
2025-10-16 03:00:00,0.59,0.59,0.58,CLE,25OCT19MIACLE,-0.47,0.02
2025-10-16 04:00:00,0.59,0.59,0.59,CLE,25OCT19MIACLE,-0.47,0.02
2025-10-16 05:00:00,0.59,0.59,0.59,CLE,25OCT19MIACLE,-0.44,0.02
2025-10-16 06:00:00,0.59,0.59,0.59,CLE,25OCT19MIACLE,-0.44,0.02
2025-10-16 07:00:00,0.59,0.59,0.59,CLE,25OCT19MIACLE,-0.44,0.02
2025-10-16 08:00:00,0.59,0.59,0.59,CLE,25OCT19MIACLE,-0.44,0.02
2025-10-16 09:00:00,0.59,0.59,0.59,CLE,25OCT19MIACLE,-0.44,0.02
2025-10-16 10:00:00,0.59,0.59,0.59,CLE,25OCT19MIACLE,-0.44,0.02
2025-10-16 11:00:00,0.59,0.59,0.59,CLE,25OCT19MIACLE,-0.44,0.02
2025-10-16 12:00:00,0.59,0.59,0.59,CLE,25OCT19MIACLE,-0.44,0.02
2025-10-16 13:00:00,0.59,0.59,0.58,CLE,25OCT19MIACLE,-0.44,0.02
2025-10-16 14:00:00,0.59,0.59,0.59,CLE,25OCT19MIACLE,-0.41,0.02
2025-10-16 15:00:00,0.59,0.59,0.58,CLE,25OCT19MIACLE,-0.41,0.02
2025-10-16 16:00:00,0.59,0.59,0.58,CLE,25OCT19MIACLE,-0.41,0.02
2025-10-16 17:00:00,0.59,0.59,0.58,CLE,25OCT19MIACLE,-0.41,0.02
2025-10-16 18:00:00,0.59,0.59,0.59,CLE,25OCT19MIACLE,-0.41,0.02
2025-10-16 19:00:00,0.59,0.59,0.58,CLE,25OCT19MIACLE,-0.76,0.02
2025-10-16 20:00:00,0.58,0.59,0.58,CLE,25OCT19MIACLE,-0.57,0.02
2025-10-16 21:00:00,0.59,0.59,0.59,CLE,25OCT19MIACLE,-0.61,0.02
2025-10-16 22:00:00,0.59,0.59,0.59,CLE,25OCT19MIACLE,-0.56,0.01
2025-10-16 23:00:00,0.59,0.59,0.59,CLE,25OCT19MIACLE,-0.56,0.01
2025-10-17 00:00:00,0.59,0.59,0.58,CLE,25OCT19MIACLE,-0.56,0.01
2025-10-17 01:00:00,0.59,0.59,0.58,CLE,25OCT19MIACLE,-0.56,0.01
2025-10-17 02:00:00,0.59,0.59,0.58,CLE,25OCT19MIACLE,-0.64,0.01
2025-10-17 03:00:00,0.59,0.59,0.58,CLE,25OCT19MIACLE,-0.64,0.01
2025-10-17 04:00:00,0.59,0.59,0.58,CLE,25OCT19MIACLE,-0.64,0.01
2025-10-17 05:00:00,0.59,0.59,0.59,CLE,25OCT19MIACLE,-0.64,0.01
2025-10-17 06:00:00,0.59,0.59,0.58,CLE,25OCT19MIACLE,-0.64,0.01
2025-10-17 07:00:00,0.59,0.59,0.59,CLE,25OCT19MIACLE,-0.57,0.01
2025-10-17 08:00:00,0.59,0.59,0.59,CLE,25OCT19MIACLE,-0.57,0.01
2025-10-17 09:00:00,0.59,0.59,0.59,CLE,25OCT19MIACLE,-0.57,0.01
2025-10-17 10:00:00,0.59,0.59,0.59,CLE,25OCT19MIACLE,-0.65,0.01
2025-10-17 11:00:00,0.59,0.59,0.59,CLE,25OCT19MIACLE,-0.56,0.01
2025-10-17 12:00:00,0.59,0.59,0.59,CLE,25OCT19MIACLE,-0.56,0.01
2025-10-17 13:00:00,0.59,0.59,0.59,CLE,25OCT19MIACLE,-0.56,0.01
2025-10-17 14:00:00,0.58,0.59,0.58,CLE,25OCT19MIACLE,-0.56,0.01
2025-10-17 15:00:00,0.58,0.59,0.58,CLE,25OCT19MIACLE,-0.56,0.01
2025-10-17 16:00:00,0.59,0.59,0.58,CLE,25OCT19MIACLE,-0.56,0.01
2025-10-17 17:00:00,0.59,0.59,0.58,CLE,25OCT19MIACLE,-0.56,0.01
2025-10-17 18:00:00,0.59,0.59,0.59,CLE,25OCT19MIACLE,-0.56,0.01
2025-10-17 19:00:00,0.58,0.59,0.58,CLE,25OCT19MIACLE,-0.57,0.01
2025-10-17 20:00:00,0.59,0.59,0.57,CLE,25OCT19MIACLE,-0.57,0.01
2025-10-17 21:00:00,0.59,0.59,0.59,CLE,25OCT19MIACLE,-0.57,0.01
2025-10-17 22:00:00,0.58,0.59,0.57,CLE,25OCT19MIACLE,-0.57,0.01
2025-10-17 23:00:00,0.58,0.58,0.57,CLE,25OCT19MIACLE,-0.57,0.01
2025-10-18 00:00:00,0.58,0.58,0.58,CLE,25OCT19MIACLE,-0.57,0.01
2025-10-18 01:00:00,0.57,0.58,0.57,CLE,25OCT19MIACLE,-0.57,0.01
2025-10-18 02:00:00,0.58,0.58,0.58,CLE,25OCT19MIACLE,-0.57,0.01
2025-10-18 03:00:00,0.58,0.58,0.58,CLE,25OCT19MIACLE,-0.57,0.01
2025-10-18 04:00:00,0.58,0.58,0.58,CLE,25OCT19MIACLE,-0.57,0.01
2025-10-18 05:00:00,0.58,0.58,0.58,CLE,25OCT19MIACLE,-0.57,0.01
2025-10-18 06:00:00,0.58,0.58,0.58,CLE,25OCT19MIACLE,-0.57,0.01
2025-10-18 07:00:00,0.58,0.58,0.58,CLE,25OCT19MIACLE,-0.57,0.01
2025-10-18 08:00:00,0.58,0.58,0.58,CLE,25OCT19MIACLE,-0.57,0.01
2025-10-18 09:00:00,0.58,0.58,0.58,CLE,25OCT19MIACLE,-0.57,0.01
2025-10-18 10:00:00,0.58,0.58,0.58,CLE,25OCT19MIACLE,-0.57,0.01
2025-10-18 11:00:00,0.58,0.58,0.58,CLE,25OCT19MIACLE,-0.57,0.01
2025-10-18 12:00:00,0.58,0.58,0.58,CLE,25OCT19MIACLE,-0.57,0.01
2025-10-18 13:00:00,0.58,0.58,0.58,CLE,25OCT19MIACLE,-0.57,0.01
2025-10-18 14:00:00,0.58,0.58,0.58,CLE,25OCT19MIACLE,-0.57,0.01
2025-10-18 15:00:00,0.58,0.58,0.58,CLE,25OCT19MIACLE,-0.57,0.01
2025-10-18 16:00:00,0.58,0.58,0.57,CLE,25OCT19MIACLE,-0.57,0.01
2025-10-18 17:00:00,0.58,0.58,0.57,CLE,25OCT19MIACLE,-0.57,0.01
2025-10-18 18:00:00,0.58,0.58,0.58,CLE,25OCT19MIACLE,-0.57,0.01
2025-10-18 19:00:00,0.58,0.58,0.58,CLE,25OCT19MIACLE,-0.57,0.01
2025-10-18 20:00:00,0.58,0.58,0.57,CLE,25OCT19MIACLE,-0.57,0.01
2025-10-18 21:00:00,0.58,0.58,0.58,CLE,25OCT19MIACLE,-0.57,0.01
2025-10-18 22:00:00,0.58,0.58,0.58,CLE,25OCT19MIACLE,-0.57,0.01
2025-10-18 23:00:00,0.58,0.58,0.57,CLE,25OCT19MIACLE,-0.57,0.01
2025-10-19 00:00:00,0.58,0.58,0.58,CLE,25OCT19MIACLE,-0.57,0.01
2025-10-19 01:00:00,0.58,0.58,0.57,CLE,25OCT19MIACLE,-0.57,0.01
2025-10-19 02:00:00,0.58,0.58,0.57,CLE,25OCT19MIACLE,-0.57,0.01
2025-10-19 03:00:00,0.58,0.58,0.57,CLE,25OCT19MIACLE,-0.57,0.01
2025-10-19 04:00:00,0.58,0.58,0.57,CLE,25OCT19MIACLE,-0.57,0.01
2025-10-19 05:00:00,0.58,0.58,0.57,CLE,25OCT19MIACLE,-0.57,0.01
2025-10-19 06:00:00,0.58,0.58,0.57,CLE,25OCT19MIACLE,-0.57,0.01
2025-10-19 07:00:00,0.58,0.58,0.57,CLE,25OCT19MIACLE,-0.57,0.01
2025-10-19 08:00:00,0.58,0.58,0.57,CLE,25OCT19MIACLE,-0.57,0.01
2025-10-19 09:00:00,0.58,0.58,0.58,CLE,25OCT19MIACLE,-0.57,0.01
2025-10-19 10:00:00,0.58,0.58,0.58,CLE,25OCT19MIACLE,-0.57,0.01
2025-10-19 11:00:00,0.58,0.58,0.58,CLE,25OCT19MIACLE,-0.57,0.01
2025-10-19 12:00:00,0.58,0.58,0.58,CLE,25OCT19MIACLE,-0.57,0.01
2025-10-19 13:00:00,0.58,0.58,0.57,CLE,25OCT19MIACLE,-0.57,0.01
2025-10-19 14:00:00,0.58,0.58,0.57,CLE,25OCT19MIACLE,0.45,0.01
2025-10-19 15:00:00,0.58,0.58,0.57,CLE,25OCT19MIACLE,0.45,0.01
2025-10-19 16:00:00,0.56,0.58,0.56,CLE,25OCT19MIACLE,0.45,0.01
2025-10-19 17:00:00,0.57,0.57,0.55,CLE,25OCT19MIACLE,0.45,0.01
2025-10-19 18:00:00,0.88,0.88,0.49,CLE,25OCT19MIACLE,-0.61,0.41
2025-10-19 19:00:00,0.96,0.98,0.77,CLE,25OCT19MIACLE,-0.67,0.11
2025-10-19 20:00:00,0.99,0.99,0.95,CLE,25OCT19MIACLE,-0.04,0.88
2025-10-12 20:00:00,0.11,0.51,0.06,TEN,25OCT19NETEN,0.53,0.76
2025-10-12 21:00:00,0.22,0.25,0.21,TEN,25OCT19NETEN,0.53,0.76
2025-10-12 22:00:00,0.34,0.34,0.22,TEN,25OCT19NETEN,-0.11,0.66
2025-10-12 23:00:00,0.34,0.34,0.22,TEN,25OCT19NETEN,0.15,0.6
2025-10-13 00:00:00,0.34,0.34,0.22,TEN,25OCT19NETEN,0.21,0.64
2025-10-13 01:00:00,0.26,0.26,0.26,TEN,25OCT19NETEN,-0.4,0.52
2025-10-13 02:00:00,0.27,0.27,0.27,TEN,25OCT19NETEN,0.53,0.06
2025-10-13 03:00:00,0.26,0.26,0.26,TEN,25OCT19NETEN,-0.72,0.02
2025-10-13 04:00:00,0.26,0.26,0.26,TEN,25OCT19NETEN,-0.72,0.02
2025-10-13 05:00:00,0.26,0.26,0.26,TEN,25OCT19NETEN,-0.56,0.02
2025-10-13 06:00:00,0.26,0.26,0.26,TEN,25OCT19NETEN,-0.56,0.02
2025-10-13 07:00:00,0.26,0.26,0.26,TEN,25OCT19NETEN,-0.56,0.02
2025-10-13 08:00:00,0.26,0.26,0.26,TEN,25OCT19NETEN,0.44,0.02
2025-10-13 09:00:00,0.26,0.26,0.26,TEN,25OCT19NETEN,0.44,0.02
2025-10-13 10:00:00,0.26,0.26,0.26,TEN,25OCT19NETEN,0.44,0.02
2025-10-13 11:00:00,0.26,0.26,0.26,TEN,25OCT19NETEN,0.44,0.02
2025-10-13 12:00:00,0.26,0.26,0.26,TEN,25OCT19NETEN,0.44,0.02
2025-10-13 13:00:00,0.26,0.26,0.26,TEN,25OCT19NETEN,0.54,0.02
2025-10-13 14:00:00,0.26,0.26,0.26,TEN,25OCT19NETEN,0.48,0.55
2025-10-13 15:00:00,0.26,0.26,0.26,TEN,25OCT19NETEN,0.44,0.48
2025-10-13 16:00:00,0.26,0.26,0.26,TEN,25OCT19NETEN,-0.17,0.63
2025-10-13 17:00:00,0.25,0.26,0.25,TEN,25OCT19NETEN,-0.55,0.62
2025-10-13 18:00:00,0.25,0.25,0.25,TEN,25OCT19NETEN,-0.6,0.34
2025-10-13 19:00:00,0.25,0.25,0.24,TEN,25OCT19NETEN,-0.58,0.06
2025-10-13 20:00:00,0.25,0.25,0.24,TEN,25OCT19NETEN,-0.66,0.06
2025-10-13 21:00:00,0.25,0.25,0.25,TEN,25OCT19NETEN,0.1,0.67
2025-10-13 22:00:00,0.25,0.25,0.25,TEN,25OCT19NETEN,0.24,0.64
2025-10-13 23:00:00,0.25,0.25,0.25,TEN,25OCT19NETEN,-0.62,0.1
2025-10-14 00:00:00,0.24,0.24,0.24,TEN,25OCT19NETEN,-0.4,0.56
2025-10-14 01:00:00,0.25,0.25,0.25,TEN,25OCT19NETEN,-0.18,0.63
2025-10-14 02:00:00,0.25,0.25,0.25,TEN,25OCT19NETEN,-0.23,0.65
2025-10-14 03:00:00,0.25,0.25,0.24,TEN,25OCT19NETEN,-0.14,0.67
2025-10-14 04:00:00,0.25,0.25,0.24,TEN,25OCT19NETEN,-0.14,0.67
2025-10-14 05:00:00,0.25,0.25,0.24,TEN,25OCT19NETEN,-0.56,0.06
2025-10-14 06:00:00,0.25,0.25,0.25,TEN,25OCT19NETEN,-0.56,0.06
2025-10-14 07:00:00,0.25,0.25,0.25,TEN,25OCT19NETEN,-0.56,0.06
2025-10-14 08:00:00,0.24,0.24,0.24,TEN,25OCT19NETEN,-0.05,0.72
2025-10-14 09:00:00,0.24,0.24,0.24,TEN,25OCT19NETEN,0.51,0.72
2025-10-14 10:00:00,0.24,0.24,0.24,TEN,25OCT19NETEN,-0.56,0.72
2025-10-14 11:00:00,0.25,0.25,0.25,TEN,25OCT19NETEN,-0.56,0.72
2025-10-14 12:00:00,0.25,0.25,0.25,TEN,25OCT19NETEN,-0.28,0.64
2025-10-14 13:00:00,0.25,0.25,0.25,TEN,25OCT19NETEN,-0.43,0.48
2025-10-14 14:00:00,0.25,0.25,0.25,TEN,25OCT19NETEN,-0.58,0.03
2025-10-14 15:00:00,0.25,0.25,0.25,TEN,25OCT19NETEN,-0.18,0.64
2025-10-14 16:00:00,0.25,0.25,0.25,TEN,25OCT19NETEN,-0.25,0.59
2025-10-14 17:00:00,0.25,0.25,0.25,TEN,25OCT19NETEN,-0.01,0.66
2025-10-14 18:00:00,0.25,0.25,0.25,TEN,25OCT19NETEN,-0.29,0.56
2025-10-14 19:00:00,0.25,0.25,0.24,TEN,25OCT19NETEN,-0.21,0.67
2025-10-14 20:00:00,0.25,0.25,0.25,TEN,25OCT19NETEN,0.24,0.6
2025-10-14 21:00:00,0.25,0.25,0.25,TEN,25OCT19NETEN,0.0,0.58
2025-10-14 22:00:00,0.25,0.25,0.25,TEN,25OCT19NETEN,-0.52,0.14
2025-10-14 23:00:00,0.25,0.25,0.25,TEN,25OCT19NETEN,-0.14,0.54
2025-10-15 00:00:00,0.25,0.25,0.24,TEN,25OCT19NETEN,-0.04,0.64
2025-10-15 01:00:00,0.25,0.25,0.24,TEN,25OCT19NETEN,0.12,0.62
2025-10-15 02:00:00,0.25,0.25,0.25,TEN,25OCT19NETEN,0.12,0.62
2025-10-15 03:00:00,0.25,0.25,0.25,TEN,25OCT19NETEN,0.54,0.62
2025-10-15 04:00:00,0.26,0.26,0.24,TEN,25OCT19NETEN,-0.43,0.62
2025-10-15 05:00:00,0.26,0.26,0.24,TEN,25OCT19NETEN,-0.43,0.62
2025-10-15 06:00:00,0.25,0.25,0.25,TEN,25OCT19NETEN,-0.43,0.62
2025-10-15 07:00:00,0.25,0.25,0.25,TEN,25OCT19NETEN,-0.43,0.62
2025-10-15 08:00:00,0.25,0.25,0.25,TEN,25OCT19NETEN,-0.43,0.62
2025-10-15 09:00:00,0.25,0.25,0.25,TEN,25OCT19NETEN,0.61,0.05
2025-10-15 10:00:00,0.25,0.25,0.25,TEN,25OCT19NETEN,-0.13,0.88
2025-10-15 11:00:00,0.25,0.25,0.25,TEN,25OCT19NETEN,-0.35,0.57
2025-10-15 12:00:00,0.25,0.25,0.25,TEN,25OCT19NETEN,-0.35,0.57
2025-10-15 13:00:00,0.25,0.25,0.25,TEN,25OCT19NETEN,0.04,0.78
2025-10-15 14:00:00,0.25,0.25,0.25,TEN,25OCT19NETEN,-0.39,0.42
2025-10-15 15:00:00,0.25,0.25,0.24,TEN,25OCT19NETEN,-0.56,0.42
2025-10-15 16:00:00,0.26,0.26,0.25,TEN,25OCT19NETEN,-0.15,0.58
2025-10-15 17:00:00,0.25,0.26,0.25,TEN,25OCT19NETEN,0.56,0.58
2025-10-15 18:00:00,0.26,0.26,0.25,TEN,25OCT19NETEN,-0.08,0.64
2025-10-15 19:00:00,0.25,0.26,0.25,TEN,25OCT19NETEN,-0.51,0.08
2025-10-15 20:00:00,0.26,0.26,0.25,TEN,25OCT19NETEN,-0.51,0.08
2025-10-15 21:00:00,0.26,0.26,0.26,TEN,25OCT19NETEN,0.46,0.05
2025-10-15 22:00:00,0.26,0.26,0.26,TEN,25OCT19NETEN,0.46,0.05
2025-10-15 23:00:00,0.26,0.26,0.26,TEN,25OCT19NETEN,0.46,0.05
2025-10-16 00:00:00,0.26,0.26,0.26,TEN,25OCT19NETEN,-0.42,0.05
2025-10-16 01:00:00,0.26,0.26,0.25,TEN,25OCT19NETEN,-0.11,0.65
2025-10-16 02:00:00,0.25,0.26,0.25,TEN,25OCT19NETEN,-0.21,0.61
2025-10-16 03:00:00,0.26,0.26,0.26,TEN,25OCT19NETEN,0.25,0.62
2025-10-16 04:00:00,0.26,0.26,0.26,TEN,25OCT19NETEN,-0.22,0.59
2025-10-16 05:00:00,0.26,0.26,0.25,TEN,25OCT19NETEN,-0.29,0.51
2025-10-16 06:00:00,0.26,0.26,0.26,TEN,25OCT19NETEN,-0.18,0.58
2025-10-16 07:00:00,0.26,0.26,0.26,TEN,25OCT19NETEN,-0.18,0.58
2025-10-16 08:00:00,0.26,0.26,0.26,TEN,25OCT19NETEN,-0.58,0.58
2025-10-16 09:00:00,0.26,0.26,0.26,TEN,25OCT19NETEN,-0.58,0.58
2025-10-16 10:00:00,0.26,0.26,0.26,TEN,25OCT19NETEN,-0.59,0.58
2025-10-16 11:00:00,0.26,0.26,0.26,TEN,25OCT19NETEN,-0.59,0.58
2025-10-16 12:00:00,0.26,0.26,0.26,TEN,25OCT19NETEN,-0.57,0.01
2025-10-16 13:00:00,0.26,0.26,0.26,TEN,25OCT19NETEN,-0.45,0.04
2025-10-16 14:00:00,0.26,0.26,0.25,TEN,25OCT19NETEN,-0.47,0.07
2025-10-16 15:00:00,0.26,0.26,0.26,TEN,25OCT19NETEN,-0.5,0.01
2025-10-16 16:00:00,0.26,0.26,0.25,TEN,25OCT19NETEN,0.18,0.57
2025-10-16 17:00:00,0.26,0.26,0.26,TEN,25OCT19NETEN,0.12,0.58
2025-10-16 18:00:00,0.26,0.26,0.25,TEN,25OCT19NETEN,0.21,0.55
2025-10-16 19:00:00,0.26,0.26,0.26,TEN,25OCT19NETEN,-0.45,0.0
2025-10-16 20:00:00,0.26,0.26,0.25,TEN,25OCT19NETEN,-0.51,0.33
2025-10-16 21:00:00,0.26,0.26,0.26,TEN,25OCT19NETEN,-0.17,0.66
2025-10-16 22:00:00,0.26,0.26,0.25,TEN,25OCT19NETEN,-0.32,0.44
2025-10-16 23:00:00,0.26,0.26,0.25,TEN,25OCT19NETEN,-0.6,0.07
2025-10-17 00:00:00,0.26,0.26,0.25,TEN,25OCT19NETEN,-0.5,0.07
2025-10-17 01:00:00,0.26,0.26,0.25,TEN,25OCT19NETEN,-0.5,0.07
2025-10-17 02:00:00,0.26,0.26,0.26,TEN,25OCT19NETEN,-0.5,0.07
2025-10-17 03:00:00,0.26,0.26,0.25,TEN,25OCT19NETEN,-0.5,0.07
2025-10-17 04:00:00,0.26,0.26,0.25,TEN,25OCT19NETEN,-0.5,0.07
2025-10-17 05:00:00,0.26,0.26,0.25,TEN,25OCT19NETEN,-0.5,0.07
2025-10-17 06:00:00,0.25,0.26,0.25,TEN,25OCT19NETEN,-0.49,0.07
2025-10-17 07:00:00,0.26,0.26,0.25,TEN,25OCT19NETEN,-0.5,0.07
2025-10-17 08:00:00,0.26,0.26,0.25,TEN,25OCT19NETEN,-0.5,0.07
2025-10-17 09:00:00,0.26,0.26,0.25,TEN,25OCT19NETEN,0.45,0.07
2025-10-17 10:00:00,0.26,0.26,0.26,TEN,25OCT19NETEN,0.45,0.07
2025-10-17 11:00:00,0.26,0.26,0.26,TEN,25OCT19NETEN,0.0,0.74
2025-10-17 12:00:00,0.26,0.26,0.25,TEN,25OCT19NETEN,0.0,0.74
2025-10-17 13:00:00,0.26,0.26,0.25,TEN,25OCT19NETEN,0.48,0.74
2025-10-17 14:00:00,0.26,0.26,0.26,TEN,25OCT19NETEN,-0.51,0.01
2025-10-17 15:00:00,0.26,0.26,0.26,TEN,25OCT19NETEN,-0.03,0.69
2025-10-17 16:00:00,0.26,0.26,0.25,TEN,25OCT19NETEN,0.08,0.71
2025-10-17 17:00:00,0.26,0.26,0.25,TEN,25OCT19NETEN,-0.19,0.65
2025-10-17 18:00:00,0.26,0.26,0.26,TEN,25OCT19NETEN,-0.06,0.58
2025-10-17 19:00:00,0.25,0.26,0.25,TEN,25OCT19NETEN,-0.06,0.75
2025-10-17 20:00:00,0.27,0.27,0.25,TEN,25OCT19NETEN,-0.06,0.75
2025-10-17 21:00:00,0.27,0.27,0.26,TEN,25OCT19NETEN,-0.48,0.05
2025-10-17 22:00:00,0.27,0.27,0.26,TEN,25OCT19NETEN,-0.2,0.57
2025-10-17 23:00:00,0.27,0.27,0.26,TEN,25OCT19NETEN,-0.59,0.57
2025-10-18 00:00:00,0.27,0.27,0.27,TEN,25OCT19NETEN,-0.59,0.57
2025-10-18 01:00:00,0.26,0.26,0.26,TEN,25OCT19NETEN,-0.59,0.57
2025-10-18 02:00:00,0.26,0.26,0.25,TEN,25OCT19NETEN,-0.59,0.57
2025-10-18 03:00:00,0.26,0.26,0.26,TEN,25OCT19NETEN,-0.59,0.57
2025-10-18 04:00:00,0.26,0.26,0.26,TEN,25OCT19NETEN,-0.59,0.57
2025-10-18 05:00:00,0.26,0.26,0.26,TEN,25OCT19NETEN,-0.59,0.57
2025-10-18 06:00:00,0.26,0.26,0.25,TEN,25OCT19NETEN,-0.59,0.57
2025-10-18 07:00:00,0.26,0.26,0.26,TEN,25OCT19NETEN,-0.59,0.57
2025-10-18 08:00:00,0.26,0.26,0.26,TEN,25OCT19NETEN,-0.59,0.57
2025-10-18 09:00:00,0.26,0.26,0.26,TEN,25OCT19NETEN,-0.42,0.57
2025-10-18 10:00:00,0.26,0.26,0.26,TEN,25OCT19NETEN,-0.42,0.57
2025-10-18 11:00:00,0.26,0.26,0.26,TEN,25OCT19NETEN,-0.46,0.57
2025-10-18 12:00:00,0.26,0.26,0.26,TEN,25OCT19NETEN,-0.46,0.57
2025-10-18 13:00:00,0.26,0.26,0.26,TEN,25OCT19NETEN,0.45,0.57
2025-10-18 14:00:00,0.26,0.26,0.26,TEN,25OCT19NETEN,-0.17,0.61
2025-10-18 15:00:00,0.26,0.26,0.26,TEN,25OCT19NETEN,-0.53,0.61
2025-10-18 16:00:00,0.26,0.26,0.26,TEN,25OCT19NETEN,-0.53,0.61
2025-10-18 17:00:00,0.26,0.26,0.26,TEN,25OCT19NETEN,-0.56,0.61
2025-10-18 18:00:00,0.26,0.26,0.26,TEN,25OCT19NETEN,-0.38,0.58
2025-10-18 19:00:00,0.25,0.26,0.25,TEN,25OCT19NETEN,0.53,0.58
2025-10-18 20:00:00,0.26,0.26,0.26,TEN,25OCT19NETEN,0.01,0.59
2025-10-18 21:00:00,0.26,0.26,0.25,TEN,25OCT19NETEN,0.02,0.56
2025-10-18 22:00:00,0.26,0.26,0.26,TEN,25OCT19NETEN,0.02,0.56
2025-10-18 23:00:00,0.26,0.26,0.25,TEN,25OCT19NETEN,0.34,0.56
2025-10-19 00:00:00,0.26,0.26,0.25,TEN,25OCT19NETEN,0.47,0.0
2025-10-19 01:00:00,0.26,0.26,0.26,TEN,25OCT19NETEN,0.47,0.0
2025-10-19 02:00:00,0.26,0.26,0.26,TEN,25OCT19NETEN,0.47,0.0
2025-10-19 03:00:00,0.26,0.26,0.25,TEN,25OCT19NETEN,0.47,0.0
2025-10-19 04:00:00,0.26,0.26,0.25,TEN,25OCT19NETEN,-0.47,0.0
2025-10-19 05:00:00,0.26,0.26,0.25,TEN,25OCT19NETEN,-0.47,0.0
2025-10-19 06:00:00,0.26,0.26,0.25,TEN,25OCT19NETEN,-0.47,0.0
2025-10-19 07:00:00,0.26,0.26,0.25,TEN,25OCT19NETEN,-0.47,0.0
2025-10-19 08:00:00,0.26,0.26,0.26,TEN,25OCT19NETEN,-0.47,0.0
2025-10-19 09:00:00,0.26,0.26,0.26,TEN,25OCT19NETEN,-0.47,0.0
2025-10-19 10:00:00,0.26,0.26,0.25,TEN,25OCT19NETEN,-0.47,0.0
2025-10-19 11:00:00,0.26,0.26,0.25,TEN,25OCT19NETEN,-0.47,0.0
2025-10-19 12:00:00,0.26,0.26,0.26,TEN,25OCT19NETEN,-0.15,0.63
2025-10-19 13:00:00,0.26,0.26,0.25,TEN,25OCT19NETEN,-0.19,0.57
2025-10-19 14:00:00,0.26,0.26,0.25,TEN,25OCT19NETEN,-0.18,0.63
2025-10-19 15:00:00,0.28,0.29,0.25,TEN,25OCT19NETEN,-0.18,0.63
2025-10-19 16:00:00,0.28,0.28,0.27,TEN,25OCT19NETEN,-0.18,0.63
2025-10-19 17:00:00,0.29,0.3,0.27,TEN,25OCT19NETEN,0.0,0.78
2025-10-19 18:00:00,0.38,0.57,0.26,TEN,25OCT19NETEN,-0.72,0.0
2025-10-19 19:00:00,0.02,0.39,0.01,TEN,25OCT19NETEN,-0.3,0.53
2025-10-16 17:00:00,0.7,0.7,0.69,PIT,25OCT16PITCIN,-0.11,0.67
2025-10-16 18:00:00,0.7,0.7,0.69,PIT,25OCT16PITCIN,0.51,0.67
2025-10-16 19:00:00,0.7,0.7,0.69,PIT,25OCT16PITCIN,0.51,0.67
2025-10-16 20:00:00,0.7,0.7,0.69,PIT,25OCT16PITCIN,0.51,0.67
2025-10-16 21:00:00,0.7,0.7,0.69,PIT,25OCT16PITCIN,0.51,0.67
2025-10-16 22:00:00,0.7,0.7,0.69,PIT,25OCT16PITCIN,0.51,0.67
2025-10-16 23:00:00,0.7,0.7,0.69,PIT,25OCT16PITCIN,0.42,0.07
2025-10-17 00:00:00,0.69,0.7,0.68,PIT,25OCT16PITCIN,0.4,0.09
2025-10-17 01:00:00,0.86,0.89,0.66,PIT,25OCT16PITCIN,-0.48,0.09
2025-10-17 02:00:00,0.37,0.86,0.36,PIT,25OCT16PITCIN,0.33,0.09
2025-10-17 03:00:00,0.41,0.49,0.21,PIT,25OCT16PITCIN,-0.52,0.08
2025-10-10 23:00:00,0.34,0.34,0.34,CIN,25OCT16PITCIN,0.53,0.0
2025-10-11 00:00:00,0.34,0.34,0.34,CIN,25OCT16PITCIN,0.53,0.0
2025-10-11 01:00:00,0.34,0.34,0.34,CIN,25OCT16PITCIN,0.53,0.0
2025-10-11 02:00:00,0.34,0.34,0.34,CIN,25OCT16PITCIN,0.53,0.0
2025-10-11 03:00:00,0.34,0.34,0.34,CIN,25OCT16PITCIN,0.53,0.0
2025-10-11 04:00:00,0.34,0.34,0.34,CIN,25OCT16PITCIN,0.53,0.0
2025-10-11 05:00:00,0.34,0.34,0.34,CIN,25OCT16PITCIN,0.53,0.0
2025-10-11 06:00:00,0.34,0.34,0.34,CIN,25OCT16PITCIN,0.53,0.0
2025-10-11 07:00:00,0.34,0.34,0.34,CIN,25OCT16PITCIN,0.53,0.0
2025-10-11 08:00:00,0.34,0.34,0.34,CIN,25OCT16PITCIN,0.53,0.0
2025-10-11 09:00:00,0.34,0.34,0.34,CIN,25OCT16PITCIN,0.53,0.0
2025-10-11 10:00:00,0.34,0.34,0.34,CIN,25OCT16PITCIN,0.53,0.0
2025-10-11 11:00:00,0.34,0.34,0.34,CIN,25OCT16PITCIN,0.53,0.0
2025-10-11 12:00:00,0.34,0.34,0.34,CIN,25OCT16PITCIN,0.53,0.0
2025-10-11 13:00:00,0.34,0.34,0.34,CIN,25OCT16PITCIN,0.53,0.0
2025-10-11 14:00:00,0.34,0.34,0.34,CIN,25OCT16PITCIN,0.53,0.0
2025-10-11 15:00:00,0.33,0.34,0.33,CIN,25OCT16PITCIN,0.53,0.0
2025-10-11 16:00:00,0.33,0.33,0.33,CIN,25OCT16PITCIN,0.53,0.0
2025-10-11 17:00:00,0.33,0.33,0.33,CIN,25OCT16PITCIN,0.53,0.0
2025-10-11 18:00:00,0.33,0.33,0.33,CIN,25OCT16PITCIN,0.53,0.0
2025-10-11 19:00:00,0.33,0.33,0.33,CIN,25OCT16PITCIN,0.53,0.0
2025-10-11 20:00:00,0.34,0.34,0.34,CIN,25OCT16PITCIN,0.53,0.0
2025-10-11 21:00:00,0.34,0.34,0.34,CIN,25OCT16PITCIN,0.53,0.0
2025-10-11 22:00:00,0.34,0.34,0.34,CIN,25OCT16PITCIN,0.53,0.0
2025-10-11 23:00:00,0.34,0.34,0.34,CIN,25OCT16PITCIN,0.47,0.0
2025-10-12 00:00:00,0.34,0.34,0.34,CIN,25OCT16PITCIN,0.47,0.0
2025-10-12 01:00:00,0.34,0.34,0.34,CIN,25OCT16PITCIN,0.47,0.0
2025-10-12 02:00:00,0.34,0.34,0.34,CIN,25OCT16PITCIN,0.47,0.0
2025-10-12 03:00:00,0.34,0.34,0.34,CIN,25OCT16PITCIN,0.47,0.0
2025-10-12 04:00:00,0.34,0.34,0.33,CIN,25OCT16PITCIN,0.47,0.0
2025-10-12 05:00:00,0.34,0.34,0.33,CIN,25OCT16PITCIN,0.47,0.0
2025-10-12 06:00:00,0.34,0.34,0.33,CIN,25OCT16PITCIN,0.47,0.0
2025-10-12 07:00:00,0.34,0.34,0.34,CIN,25OCT16PITCIN,0.47,0.0
2025-10-12 08:00:00,0.34,0.34,0.34,CIN,25OCT16PITCIN,0.47,0.0
2025-10-12 09:00:00,0.34,0.34,0.34,CIN,25OCT16PITCIN,0.47,0.0
2025-10-12 10:00:00,0.34,0.34,0.34,CIN,25OCT16PITCIN,0.47,0.0
2025-10-12 11:00:00,0.34,0.34,0.34,CIN,25OCT16PITCIN,0.47,0.0
2025-10-12 12:00:00,0.34,0.34,0.34,CIN,25OCT16PITCIN,0.47,0.0
2025-10-12 13:00:00,0.34,0.34,0.34,CIN,25OCT16PITCIN,0.47,0.0
2025-10-12 14:00:00,0.32,0.32,0.32,CIN,25OCT16PITCIN,0.47,0.0
2025-10-12 15:00:00,0.32,0.32,0.32,CIN,25OCT16PITCIN,0.47,0.0
2025-10-12 16:00:00,0.33,0.33,0.33,CIN,25OCT16PITCIN,0.47,0.0
2025-10-12 17:00:00,0.33,0.33,0.33,CIN,25OCT16PITCIN,0.47,0.0
2025-10-12 18:00:00,0.26,0.26,0.26,CIN,25OCT16PITCIN,0.47,0.0
2025-10-12 19:00:00,0.47,0.47,0.25,CIN,25OCT16PITCIN,0.39,0.0
2025-10-12 20:00:00,0.21,0.25,0.21,CIN,25OCT16PITCIN,0.39,0.0
2025-10-12 21:00:00,0.33,0.34,0.14,CIN,25OCT16PITCIN,0.39,0.0
2025-10-12 22:00:00,0.33,0.34,0.14,CIN,25OCT16PITCIN,0.39,0.0
2025-10-12 23:00:00,0.33,0.34,0.14,CIN,25OCT16PITCIN,0.62,0.0
2025-10-13 00:00:00,0.29,0.3,0.28,CIN,25OCT16PITCIN,0.6,0.0
2025-10-13 01:00:00,0.3,0.3,0.3,CIN,25OCT16PITCIN,0.6,0.0
2025-10-13 02:00:00,0.3,0.3,0.3,CIN,25OCT16PITCIN,0.6,0.0
2025-10-13 03:00:00,0.3,0.3,0.3,CIN,25OCT16PITCIN,0.5,0.0
2025-10-13 04:00:00,0.3,0.3,0.3,CIN,25OCT16PITCIN,0.52,0.06
2025-10-13 05:00:00,0.3,0.3,0.29,CIN,25OCT16PITCIN,0.52,0.06
2025-10-13 06:00:00,0.3,0.3,0.3,CIN,25OCT16PITCIN,0.56,0.06
2025-10-13 07:00:00,0.3,0.3,0.3,CIN,25OCT16PITCIN,0.56,0.06
2025-10-13 08:00:00,0.3,0.3,0.3,CIN,25OCT16PITCIN,0.56,0.06
2025-10-13 09:00:00,0.3,0.3,0.3,CIN,25OCT16PITCIN,0.56,0.06
2025-10-13 10:00:00,0.3,0.3,0.3,CIN,25OCT16PITCIN,0.56,0.06
2025-10-13 11:00:00,0.3,0.3,0.3,CIN,25OCT16PITCIN,0.5,0.03
2025-10-13 12:00:00,0.3,0.3,0.3,CIN,25OCT16PITCIN,0.5,0.03
2025-10-13 13:00:00,0.3,0.3,0.3,CIN,25OCT16PITCIN,0.5,0.03
2025-10-13 14:00:00,0.3,0.3,0.3,CIN,25OCT16PITCIN,-0.11,0.78
2025-10-13 15:00:00,0.3,0.3,0.3,CIN,25OCT16PITCIN,-0.11,0.78
2025-10-13 16:00:00,0.29,0.3,0.29,CIN,25OCT16PITCIN,-0.59,0.78
2025-10-13 17:00:00,0.29,0.29,0.29,CIN,25OCT16PITCIN,-0.59,0.78
2025-10-13 18:00:00,0.29,0.29,0.29,CIN,25OCT16PITCIN,-0.59,0.78
2025-10-13 19:00:00,0.29,0.29,0.29,CIN,25OCT16PITCIN,-0.59,0.78
2025-10-13 20:00:00,0.28,0.29,0.28,CIN,25OCT16PITCIN,-0.59,0.78
2025-10-13 21:00:00,0.29,0.29,0.29,CIN,25OCT16PITCIN,-0.59,0.78
2025-10-13 22:00:00,0.29,0.29,0.28,CIN,25OCT16PITCIN,-0.59,0.78
2025-10-13 23:00:00,0.28,0.29,0.28,CIN,25OCT16PITCIN,0.52,0.78
2025-10-14 00:00:00,0.29,0.29,0.29,CIN,25OCT16PITCIN,0.44,0.78
2025-10-14 01:00:00,0.29,0.29,0.29,CIN,25OCT16PITCIN,0.44,0.78
2025-10-14 02:00:00,0.29,0.29,0.28,CIN,25OCT16PITCIN,0.44,0.78
2025-10-14 03:00:00,0.29,0.29,0.28,CIN,25OCT16PITCIN,0.44,0.78
2025-10-14 04:00:00,0.29,0.29,0.28,CIN,25OCT16PITCIN,-0.47,0.78
2025-10-14 05:00:00,0.3,0.3,0.28,CIN,25OCT16PITCIN,-0.47,0.78
2025-10-14 06:00:00,0.3,0.3,0.29,CIN,25OCT16PITCIN,-0.47,0.78
2025-10-14 07:00:00,0.3,0.3,0.29,CIN,25OCT16PITCIN,-0.47,0.78
2025-10-14 08:00:00,0.3,0.3,0.3,CIN,25OCT16PITCIN,-0.47,0.78
2025-10-14 09:00:00,0.3,0.3,0.3,CIN,25OCT16PITCIN,-0.47,0.78
2025-10-14 10:00:00,0.3,0.3,0.29,CIN,25OCT16PITCIN,-0.47,0.78
2025-10-14 11:00:00,0.29,0.3,0.29,CIN,25OCT16PITCIN,-0.47,0.78
2025-10-14 12:00:00,0.3,0.3,0.28,CIN,25OCT16PITCIN,-0.47,0.78
2025-10-14 13:00:00,0.3,0.3,0.29,CIN,25OCT16PITCIN,0.44,0.78
2025-10-14 14:00:00,0.3,0.3,0.29,CIN,25OCT16PITCIN,0.44,0.78
2025-10-14 15:00:00,0.3,0.3,0.29,CIN,25OCT16PITCIN,0.45,0.78
2025-10-14 16:00:00,0.3,0.3,0.29,CIN,25OCT16PITCIN,-0.61,0.78
2025-10-14 17:00:00,0.3,0.3,0.29,CIN,25OCT16PITCIN,-0.61,0.78
2025-10-14 18:00:00,0.3,0.3,0.29,CIN,25OCT16PITCIN,-0.61,0.78
2025-10-14 19:00:00,0.3,0.3,0.29,CIN,25OCT16PITCIN,-0.61,0.78
2025-10-14 20:00:00,0.3,0.3,0.29,CIN,25OCT16PITCIN,-0.61,0.78
2025-10-14 21:00:00,0.3,0.3,0.29,CIN,25OCT16PITCIN,-0.61,0.78
2025-10-14 22:00:00,0.3,0.3,0.29,CIN,25OCT16PITCIN,-0.61,0.78
2025-10-14 23:00:00,0.3,0.3,0.29,CIN,25OCT16PITCIN,0.52,0.78
2025-10-15 00:00:00,0.3,0.3,0.29,CIN,25OCT16PITCIN,0.52,0.78
2025-10-15 01:00:00,0.31,0.31,0.29,CIN,25OCT16PITCIN,0.52,0.78
2025-10-15 02:00:00,0.31,0.31,0.3,CIN,25OCT16PITCIN,0.52,0.78
2025-10-15 03:00:00,0.31,0.31,0.3,CIN,25OCT16PITCIN,0.52,0.78
2025-10-15 04:00:00,0.31,0.31,0.3,CIN,25OCT16PITCIN,0.52,0.78
2025-10-15 05:00:00,0.31,0.31,0.3,CIN,25OCT16PITCIN,0.52,0.78
2025-10-15 06:00:00,0.31,0.31,0.3,CIN,25OCT16PITCIN,0.52,0.78
2025-10-15 07:00:00,0.31,0.31,0.3,CIN,25OCT16PITCIN,0.52,0.78
2025-10-15 08:00:00,0.31,0.31,0.31,CIN,25OCT16PITCIN,0.52,0.78
2025-10-15 09:00:00,0.3,0.31,0.3,CIN,25OCT16PITCIN,0.52,0.78
2025-10-15 10:00:00,0.31,0.31,0.3,CIN,25OCT16PITCIN,0.52,0.78
2025-10-15 11:00:00,0.3,0.31,0.3,CIN,25OCT16PITCIN,0.52,0.78
2025-10-15 12:00:00,0.31,0.31,0.3,CIN,25OCT16PITCIN,0.52,0.78
2025-10-15 13:00:00,0.31,0.31,0.3,CIN,25OCT16PITCIN,0.52,0.78
2025-10-15 14:00:00,0.3,0.31,0.29,CIN,25OCT16PITCIN,0.52,0.78
2025-10-15 15:00:00,0.31,0.31,0.29,CIN,25OCT16PITCIN,0.52,0.78
2025-10-15 16:00:00,0.31,0.31,0.3,CIN,25OCT16PITCIN,0.52,0.78
2025-10-15 17:00:00,0.31,0.31,0.3,CIN,25OCT16PITCIN,0.52,0.78
2025-10-15 18:00:00,0.31,0.31,0.3,CIN,25OCT16PITCIN,0.52,0.78
2025-10-15 19:00:00,0.31,0.31,0.3,CIN,25OCT16PITCIN,0.52,0.78
2025-10-15 20:00:00,0.31,0.31,0.3,CIN,25OCT16PITCIN,0.52,0.78
2025-10-15 21:00:00,0.31,0.31,0.3,CIN,25OCT16PITCIN,-0.46,0.78
2025-10-15 22:00:00,0.31,0.31,0.3,CIN,25OCT16PITCIN,-0.46,0.78
2025-10-15 23:00:00,0.31,0.31,0.3,CIN,25OCT16PITCIN,-0.48,0.78
2025-10-16 00:00:00,0.31,0.31,0.3,CIN,25OCT16PITCIN,-0.48,0.78
2025-10-16 01:00:00,0.31,0.31,0.3,CIN,25OCT16PITCIN,-0.48,0.78
2025-10-16 02:00:00,0.31,0.31,0.3,CIN,25OCT16PITCIN,-0.48,0.78
2025-10-16 03:00:00,0.31,0.31,0.3,CIN,25OCT16PITCIN,-0.48,0.78
2025-10-16 04:00:00,0.31,0.31,0.3,CIN,25OCT16PITCIN,-0.48,0.78
2025-10-16 05:00:00,0.31,0.31,0.3,CIN,25OCT16PITCIN,-0.48,0.78
2025-10-16 06:00:00,0.31,0.31,0.3,CIN,25OCT16PITCIN,-0.48,0.78
2025-10-16 07:00:00,0.31,0.31,0.3,CIN,25OCT16PITCIN,-0.48,0.78
2025-10-16 08:00:00,0.31,0.31,0.3,CIN,25OCT16PITCIN,-0.48,0.78
2025-10-16 09:00:00,0.31,0.31,0.3,CIN,25OCT16PITCIN,-0.48,0.78
2025-10-16 10:00:00,0.31,0.31,0.3,CIN,25OCT16PITCIN,-0.29,0.66
2025-10-16 11:00:00,0.31,0.31,0.3,CIN,25OCT16PITCIN,0.57,0.04
2025-10-16 12:00:00,0.31,0.31,0.3,CIN,25OCT16PITCIN,0.34,0.64
2025-10-16 13:00:00,0.31,0.31,0.3,CIN,25OCT16PITCIN,0.56,0.64
2025-10-16 14:00:00,0.31,0.31,0.3,CIN,25OCT16PITCIN,0.1,0.61
2025-10-16 15:00:00,0.31,0.31,0.3,CIN,25OCT16PITCIN,0.53,0.61
2025-10-16 16:00:00,0.32,0.32,0.3,CIN,25OCT16PITCIN,-0.48,0.61
2025-10-16 17:00:00,0.32,0.32,0.31,CIN,25OCT16PITCIN,0.54,0.01
2025-10-16 18:00:00,0.32,0.32,0.31,CIN,25OCT16PITCIN,0.53,0.01
2025-10-16 19:00:00,0.32,0.32,0.31,CIN,25OCT16PITCIN,0.78,0.07
2025-10-16 20:00:00,0.32,0.32,0.3,CIN,25OCT16PITCIN,-0.65,0.07
2025-10-16 21:00:00,0.32,0.32,0.31,CIN,25OCT16PITCIN,-0.65,0.07
2025-10-16 22:00:00,0.32,0.32,0.31,CIN,25OCT16PITCIN,0.48,0.07
2025-10-16 23:00:00,0.32,0.32,0.31,CIN,25OCT16PITCIN,0.56,0.07
2025-10-17 00:00:00,0.33,0.33,0.31,CIN,25OCT16PITCIN,0.56,0.07
2025-10-17 01:00:00,0.16,0.37,0.12,CIN,25OCT16PITCIN,0.55,0.06
2025-10-17 02:00:00,0.62,0.64,0.14,CIN,25OCT16PITCIN,0.65,0.06
2025-10-17 03:00:00,0.6,0.78,0.51,CIN,25OCT16PITCIN,0.64,0.06
2025-10-12 17:00:00,0.61,0.61,0.61,LA,25OCT19LAJAC,-0.49,0.08
2025-10-12 18:00:00,0.59,0.59,0.59,LA,25OCT19LAJAC,0.45,0.08
2025-10-12 19:00:00,0.59,0.59,0.59,LA,25OCT19LAJAC,0.21,0.59
2025-10-12 20:00:00,0.59,0.59,0.59,LA,25OCT19LAJAC,0.43,0.52
2025-10-12 21:00:00,0.64,0.76,0.47,LA,25OCT19LAJAC,0.28,0.6
2025-10-12 22:00:00,0.63,0.63,0.63,LA,25OCT19LAJAC,0.45,0.41
2025-10-12 23:00:00,0.61,0.61,0.6,LA,25OCT19LAJAC,0.42,0.49
2025-10-13 00:00:00,0.6,0.61,0.6,LA,25OCT19LAJAC,0.41,0.52
2025-10-13 01:00:00,0.6,0.6,0.58,LA,25OCT19LAJAC,0.28,0.53
2025-10-13 02:00:00,0.6,0.6,0.6,LA,25OCT19LAJAC,-0.62,0.53
2025-10-13 03:00:00,0.59,0.6,0.59,LA,25OCT19LAJAC,0.53,0.11
2025-10-13 04:00:00,0.59,0.6,0.59,LA,25OCT19LAJAC,0.53,0.11
2025-10-13 05:00:00,0.59,0.59,0.59,LA,25OCT19LAJAC,0.53,0.11
2025-10-13 06:00:00,0.59,0.59,0.59,LA,25OCT19LAJAC,0.53,0.11
2025-10-13 07:00:00,0.59,0.59,0.59,LA,25OCT19LAJAC,0.53,0.11
2025-10-13 08:00:00,0.59,0.59,0.59,LA,25OCT19LAJAC,0.52,0.11
2025-10-13 09:00:00,0.59,0.59,0.59,LA,25OCT19LAJAC,0.64,0.11
2025-10-13 10:00:00,0.59,0.59,0.59,LA,25OCT19LAJAC,0.64,0.11
2025-10-13 11:00:00,0.59,0.59,0.59,LA,25OCT19LAJAC,0.64,0.11
2025-10-13 12:00:00,0.59,0.59,0.59,LA,25OCT19LAJAC,0.64,0.11
2025-10-13 13:00:00,0.59,0.59,0.59,LA,25OCT19LAJAC,0.55,0.07
2025-10-13 14:00:00,0.59,0.59,0.59,LA,25OCT19LAJAC,0.55,0.07
2025-10-13 15:00:00,0.59,0.59,0.58,LA,25OCT19LAJAC,0.55,0.07
2025-10-13 16:00:00,0.59,0.59,0.59,LA,25OCT19LAJAC,0.55,0.07
2025-10-13 17:00:00,0.59,0.59,0.59,LA,25OCT19LAJAC,0.55,0.07
2025-10-13 18:00:00,0.59,0.59,0.59,LA,25OCT19LAJAC,0.58,0.07
2025-10-13 19:00:00,0.59,0.59,0.59,LA,25OCT19LAJAC,0.36,0.0
2025-10-13 20:00:00,0.59,0.59,0.59,LA,25OCT19LAJAC,0.36,0.0
2025-10-13 21:00:00,0.59,0.59,0.58,LA,25OCT19LAJAC,0.54,0.02
2025-10-13 22:00:00,0.59,0.59,0.59,LA,25OCT19LAJAC,0.7,0.2
2025-10-13 23:00:00,0.59,0.59,0.59,LA,25OCT19LAJAC,-0.16,0.73
2025-10-14 00:00:00,0.59,0.59,0.59,LA,25OCT19LAJAC,-0.56,0.73
2025-10-14 01:00:00,0.59,0.59,0.59,LA,25OCT19LAJAC,0.63,0.73
2025-10-14 02:00:00,0.58,0.59,0.58,LA,25OCT19LAJAC,-0.6,0.73
2025-10-14 03:00:00,0.59,0.59,0.59,LA,25OCT19LAJAC,0.49,0.13
2025-10-14 04:00:00,0.59,0.59,0.58,LA,25OCT19LAJAC,0.49,0.13
2025-10-14 05:00:00,0.59,0.59,0.58,LA,25OCT19LAJAC,0.49,0.13
2025-10-14 06:00:00,0.59,0.59,0.59,LA,25OCT19LAJAC,-0.62,0.13
2025-10-14 07:00:00,0.58,0.59,0.58,LA,25OCT19LAJAC,-0.62,0.13
2025-10-14 08:00:00,0.58,0.59,0.58,LA,25OCT19LAJAC,-0.62,0.13
2025-10-14 09:00:00,0.58,0.59,0.58,LA,25OCT19LAJAC,-0.62,0.13
2025-10-14 10:00:00,0.58,0.59,0.58,LA,25OCT19LAJAC,-0.62,0.13
2025-10-14 11:00:00,0.58,0.58,0.58,LA,25OCT19LAJAC,-0.62,0.13
2025-10-14 12:00:00,0.58,0.58,0.58,LA,25OCT19LAJAC,-0.62,0.13
2025-10-14 13:00:00,0.58,0.58,0.57,LA,25OCT19LAJAC,-0.62,0.13
2025-10-14 14:00:00,0.58,0.58,0.57,LA,25OCT19LAJAC,0.52,0.13
2025-10-14 15:00:00,0.58,0.58,0.57,LA,25OCT19LAJAC,0.57,0.13
2025-10-14 16:00:00,0.58,0.58,0.57,LA,25OCT19LAJAC,0.57,0.13
2025-10-14 17:00:00,0.57,0.58,0.57,LA,25OCT19LAJAC,0.57,0.13
2025-10-14 18:00:00,0.58,0.58,0.58,LA,25OCT19LAJAC,0.57,0.13
2025-10-14 19:00:00,0.58,0.58,0.57,LA,25OCT19LAJAC,0.57,0.13
2025-10-14 20:00:00,0.58,0.58,0.58,LA,25OCT19LAJAC,0.57,0.13
2025-10-14 21:00:00,0.58,0.58,0.57,LA,25OCT19LAJAC,0.57,0.13
2025-10-14 22:00:00,0.58,0.58,0.57,LA,25OCT19LAJAC,0.57,0.13
2025-10-14 23:00:00,0.58,0.58,0.57,LA,25OCT19LAJAC,0.57,0.13
2025-10-15 00:00:00,0.58,0.58,0.58,LA,25OCT19LAJAC,0.57,0.13
2025-10-15 01:00:00,0.57,0.58,0.57,LA,25OCT19LAJAC,0.57,0.13
2025-10-15 02:00:00,0.58,0.58,0.58,LA,25OCT19LAJAC,0.57,0.13
2025-10-15 03:00:00,0.58,0.58,0.57,LA,25OCT19LAJAC,0.57,0.13
2025-10-15 04:00:00,0.58,0.58,0.57,LA,25OCT19LAJAC,0.57,0.13
2025-10-15 05:00:00,0.58,0.58,0.58,LA,25OCT19LAJAC,0.57,0.13
2025-10-15 06:00:00,0.58,0.58,0.58,LA,25OCT19LAJAC,0.57,0.13
2025-10-15 07:00:00,0.57,0.58,0.57,LA,25OCT19LAJAC,0.57,0.13
2025-10-15 08:00:00,0.57,0.58,0.57,LA,25OCT19LAJAC,0.57,0.13
2025-10-15 09:00:00,0.57,0.58,0.57,LA,25OCT19LAJAC,0.57,0.13
2025-10-15 10:00:00,0.57,0.58,0.57,LA,25OCT19LAJAC,0.57,0.13
2025-10-15 11:00:00,0.57,0.58,0.57,LA,25OCT19LAJAC,0.57,0.13
2025-10-15 12:00:00,0.57,0.58,0.57,LA,25OCT19LAJAC,0.57,0.13
2025-10-15 13:00:00,0.58,0.58,0.57,LA,25OCT19LAJAC,0.57,0.13
2025-10-15 14:00:00,0.58,0.58,0.58,LA,25OCT19LAJAC,0.57,0.13
2025-10-15 15:00:00,0.58,0.58,0.58,LA,25OCT19LAJAC,0.57,0.13
2025-10-15 16:00:00,0.58,0.58,0.58,LA,25OCT19LAJAC,0.57,0.13
2025-10-15 17:00:00,0.58,0.58,0.57,LA,25OCT19LAJAC,0.57,0.13
2025-10-15 18:00:00,0.59,0.59,0.58,LA,25OCT19LAJAC,0.57,0.13
2025-10-15 19:00:00,0.59,0.59,0.59,LA,25OCT19LAJAC,0.52,0.13
2025-10-15 20:00:00,0.59,0.59,0.59,LA,25OCT19LAJAC,0.52,0.13
2025-10-15 21:00:00,0.59,0.59,0.59,LA,25OCT19LAJAC,0.52,0.13
2025-10-15 22:00:00,0.58,0.59,0.58,LA,25OCT19LAJAC,0.52,0.13
2025-10-15 23:00:00,0.59,0.59,0.59,LA,25OCT19LAJAC,0.52,0.13
2025-10-16 00:00:00,0.6,0.6,0.59,LA,25OCT19LAJAC,0.52,0.13
2025-10-16 01:00:00,0.6,0.6,0.59,LA,25OCT19LAJAC,0.52,0.13
2025-10-16 02:00:00,0.6,0.6,0.59,LA,25OCT19LAJAC,0.52,0.13
2025-10-16 03:00:00,0.6,0.6,0.6,LA,25OCT19LAJAC,0.52,0.13
2025-10-16 04:00:00,0.6,0.6,0.59,LA,25OCT19LAJAC,0.52,0.13
2025-10-16 05:00:00,0.59,0.6,0.59,LA,25OCT19LAJAC,0.52,0.13
2025-10-16 06:00:00,0.59,0.59,0.58,LA,25OCT19LAJAC,0.52,0.13
2025-10-16 07:00:00,0.6,0.6,0.59,LA,25OCT19LAJAC,0.52,0.13
2025-10-16 08:00:00,0.6,0.6,0.59,LA,25OCT19LAJAC,0.52,0.13
2025-10-16 09:00:00,0.6,0.6,0.59,LA,25OCT19LAJAC,0.52,0.13
2025-10-16 10:00:00,0.6,0.6,0.6,LA,25OCT19LAJAC,0.52,0.13
2025-10-16 11:00:00,0.6,0.6,0.6,LA,25OCT19LAJAC,0.52,0.13
2025-10-16 12:00:00,0.6,0.6,0.6,LA,25OCT19LAJAC,0.52,0.13
2025-10-16 13:00:00,0.6,0.6,0.59,LA,25OCT19LAJAC,0.52,0.13
2025-10-16 14:00:00,0.6,0.6,0.59,LA,25OCT19LAJAC,0.52,0.13
2025-10-16 15:00:00,0.6,0.6,0.59,LA,25OCT19LAJAC,0.47,0.13
2025-10-16 16:00:00,0.6,0.6,0.59,LA,25OCT19LAJAC,-0.55,0.13
2025-10-16 17:00:00,0.6,0.6,0.59,LA,25OCT19LAJAC,0.46,0.05
2025-10-16 18:00:00,0.6,0.6,0.59,LA,25OCT19LAJAC,0.46,0.05
2025-10-16 19:00:00,0.6,0.6,0.59,LA,25OCT19LAJAC,0.46,0.05
2025-10-16 20:00:00,0.6,0.6,0.59,LA,25OCT19LAJAC,0.46,0.05
2025-10-16 21:00:00,0.6,0.6,0.59,LA,25OCT19LAJAC,0.46,0.05
2025-10-16 22:00:00,0.6,0.6,0.59,LA,25OCT19LAJAC,0.46,0.05
2025-10-16 23:00:00,0.6,0.6,0.59,LA,25OCT19LAJAC,0.46,0.05
2025-10-17 00:00:00,0.6,0.6,0.59,LA,25OCT19LAJAC,0.46,0.05
2025-10-17 01:00:00,0.6,0.6,0.59,LA,25OCT19LAJAC,0.46,0.05
2025-10-17 02:00:00,0.6,0.6,0.59,LA,25OCT19LAJAC,0.46,0.05
2025-10-17 03:00:00,0.6,0.6,0.59,LA,25OCT19LAJAC,0.46,0.05
2025-10-17 04:00:00,0.6,0.6,0.59,LA,25OCT19LAJAC,0.46,0.05
2025-10-17 05:00:00,0.6,0.6,0.59,LA,25OCT19LAJAC,0.46,0.05
2025-10-17 06:00:00,0.6,0.6,0.59,LA,25OCT19LAJAC,0.46,0.05
2025-10-17 07:00:00,0.6,0.6,0.6,LA,25OCT19LAJAC,0.46,0.05
2025-10-17 08:00:00,0.59,0.6,0.59,LA,25OCT19LAJAC,0.46,0.05
2025-10-17 09:00:00,0.6,0.6,0.59,LA,25OCT19LAJAC,0.46,0.05
2025-10-17 10:00:00,0.6,0.6,0.6,LA,25OCT19LAJAC,0.46,0.05
2025-10-17 11:00:00,0.6,0.6,0.6,LA,25OCT19LAJAC,0.46,0.05
2025-10-17 12:00:00,0.6,0.6,0.6,LA,25OCT19LAJAC,0.46,0.05
2025-10-17 13:00:00,0.6,0.6,0.59,LA,25OCT19LAJAC,0.46,0.05
2025-10-17 14:00:00,0.6,0.6,0.59,LA,25OCT19LAJAC,0.46,0.05
2025-10-17 15:00:00,0.6,0.6,0.59,LA,25OCT19LAJAC,0.46,0.05
2025-10-17 16:00:00,0.59,0.6,0.59,LA,25OCT19LAJAC,0.46,0.05
2025-10-17 17:00:00,0.6,0.6,0.59,LA,25OCT19LAJAC,0.48,0.74
2025-10-17 18:00:00,0.6,0.6,0.59,LA,25OCT19LAJAC,0.74,0.74
2025-10-17 19:00:00,0.6,0.6,0.59,LA,25OCT19LAJAC,0.71,0.05
2025-10-17 20:00:00,0.61,0.61,0.59,LA,25OCT19LAJAC,0.69,0.05
2025-10-17 21:00:00,0.61,0.61,0.6,LA,25OCT19LAJAC,0.69,0.05
2025-10-17 22:00:00,0.61,0.61,0.6,LA,25OCT19LAJAC,0.69,0.05
2025-10-17 23:00:00,0.61,0.61,0.6,LA,25OCT19LAJAC,0.69,0.05
2025-10-18 00:00:00,0.6,0.61,0.6,LA,25OCT19LAJAC,0.69,0.05
2025-10-18 01:00:00,0.61,0.61,0.6,LA,25OCT19LAJAC,0.5,0.05
2025-10-18 02:00:00,0.6,0.61,0.6,LA,25OCT19LAJAC,-0.5,0.05
2025-10-18 03:00:00,0.6,0.6,0.59,LA,25OCT19LAJAC,-0.5,0.0
2025-10-18 04:00:00,0.6,0.6,0.59,LA,25OCT19LAJAC,-0.5,0.0
2025-10-18 05:00:00,0.6,0.6,0.59,LA,25OCT19LAJAC,-0.5,0.0
2025-10-18 06:00:00,0.6,0.6,0.6,LA,25OCT19LAJAC,-0.5,0.0
2025-10-18 07:00:00,0.6,0.6,0.59,LA,25OCT19LAJAC,-0.5,0.0
2025-10-18 08:00:00,0.6,0.6,0.6,LA,25OCT19LAJAC,-0.5,0.0
2025-10-18 09:00:00,0.6,0.6,0.6,LA,25OCT19LAJAC,-0.5,0.0
2025-10-18 10:00:00,0.6,0.6,0.6,LA,25OCT19LAJAC,-0.5,0.0
2025-10-18 11:00:00,0.59,0.6,0.59,LA,25OCT19LAJAC,-0.5,0.0
2025-10-18 12:00:00,0.6,0.6,0.6,LA,25OCT19LAJAC,-0.5,0.0
2025-10-18 13:00:00,0.61,0.61,0.59,LA,25OCT19LAJAC,-0.5,0.0
2025-10-18 14:00:00,0.61,0.61,0.6,LA,25OCT19LAJAC,-0.5,0.0
2025-10-18 15:00:00,0.61,0.61,0.6,LA,25OCT19LAJAC,-0.5,0.0
2025-10-18 16:00:00,0.61,0.61,0.6,LA,25OCT19LAJAC,-0.53,0.0
2025-10-18 17:00:00,0.61,0.61,0.6,LA,25OCT19LAJAC,-0.53,0.0
2025-10-18 18:00:00,0.61,0.61,0.6,LA,25OCT19LAJAC,-0.53,0.0
2025-10-18 19:00:00,0.61,0.61,0.6,LA,25OCT19LAJAC,-0.53,0.0
2025-10-18 20:00:00,0.61,0.61,0.6,LA,25OCT19LAJAC,-0.53,0.0
2025-10-18 21:00:00,0.61,0.61,0.6,LA,25OCT19LAJAC,-0.53,0.0
2025-10-18 22:00:00,0.61,0.61,0.6,LA,25OCT19LAJAC,-0.53,0.0
2025-10-18 23:00:00,0.61,0.61,0.6,LA,25OCT19LAJAC,0.51,0.6
2025-10-19 00:00:00,0.6,0.61,0.6,LA,25OCT19LAJAC,-0.01,0.88
2025-10-19 01:00:00,0.61,0.61,0.6,LA,25OCT19LAJAC,-0.01,0.88
2025-10-19 02:00:00,0.61,0.61,0.6,LA,25OCT19LAJAC,-0.01,0.88
2025-10-19 03:00:00,0.61,0.61,0.6,LA,25OCT19LAJAC,-0.01,0.88
2025-10-19 04:00:00,0.62,0.62,0.6,LA,25OCT19LAJAC,-0.01,0.88
2025-10-19 05:00:00,0.61,0.62,0.6,LA,25OCT19LAJAC,-0.01,0.88
2025-10-19 06:00:00,0.62,0.62,0.6,LA,25OCT19LAJAC,-0.01,0.88
2025-10-19 07:00:00,0.6,0.62,0.6,LA,25OCT19LAJAC,0.43,0.02
2025-10-19 08:00:00,0.61,0.61,0.6,LA,25OCT19LAJAC,0.39,0.02
2025-10-19 09:00:00,0.61,0.61,0.6,LA,25OCT19LAJAC,0.47,0.02
2025-10-19 10:00:00,0.61,0.61,0.6,LA,25OCT19LAJAC,0.47,0.02
2025-10-19 11:00:00,0.61,0.61,0.61,LA,25OCT19LAJAC,0.39,0.02
2025-10-19 12:00:00,0.61,0.61,0.6,LA,25OCT19LAJAC,0.39,0.02
2025-10-19 13:00:00,0.62,0.62,0.6,LA,25OCT19LAJAC,0.68,0.16
2025-10-19 14:00:00,0.86,0.86,0.6,LA,25OCT19LAJAC,0.68,0.06
2025-10-19 15:00:00,0.96,0.98,0.78,LA,25OCT19LAJAC,0.52,0.14
2025-10-19 16:00:00,0.99,0.99,0.91,LA,25OCT19LAJAC,0.71,0.14
2025-10-12 17:00:00,0.38,0.41,0.38,JAC,25OCT19LAJAC,0.75,0.05
2025-10-12 18:00:00,0.42,0.42,0.41,JAC,25OCT19LAJAC,0.75,0.05
2025-10-12 19:00:00,0.42,0.42,0.41,JAC,25OCT19LAJAC,0.75,0.05
2025-10-12 20:00:00,0.42,0.42,0.41,JAC,25OCT19LAJAC,-0.78,0.05
2025-10-12 21:00:00,0.64,0.64,0.27,JAC,25OCT19LAJAC,-0.78,0.05
2025-10-12 22:00:00,0.55,0.66,0.55,JAC,25OCT19LAJAC,0.01,0.89
2025-10-12 23:00:00,0.43,0.43,0.43,JAC,25OCT19LAJAC,0.01,0.89
2025-10-13 00:00:00,0.44,0.44,0.39,JAC,25OCT19LAJAC,0.01,0.89
2025-10-13 01:00:00,0.41,0.42,0.41,JAC,25OCT19LAJAC,0.01,0.89
2025-10-13 02:00:00,0.41,0.41,0.41,JAC,25OCT19LAJAC,0.01,0.89
2025-10-13 03:00:00,0.43,0.43,0.41,JAC,25OCT19LAJAC,0.01,0.89
2025-10-13 04:00:00,0.43,0.43,0.42,JAC,25OCT19LAJAC,0.01,0.89
2025-10-13 05:00:00,0.42,0.42,0.42,JAC,25OCT19LAJAC,0.01,0.89
2025-10-13 06:00:00,0.42,0.42,0.42,JAC,25OCT19LAJAC,0.01,0.89
2025-10-13 07:00:00,0.42,0.42,0.42,JAC,25OCT19LAJAC,0.01,0.89
2025-10-13 08:00:00,0.42,0.42,0.42,JAC,25OCT19LAJAC,0.01,0.89
2025-10-13 09:00:00,0.42,0.42,0.42,JAC,25OCT19LAJAC,0.01,0.89
2025-10-13 10:00:00,0.42,0.42,0.42,JAC,25OCT19LAJAC,0.01,0.89
2025-10-13 11:00:00,0.42,0.42,0.42,JAC,25OCT19LAJAC,0.01,0.89
2025-10-13 12:00:00,0.42,0.42,0.42,JAC,25OCT19LAJAC,0.01,0.89
2025-10-13 13:00:00,0.42,0.42,0.42,JAC,25OCT19LAJAC,0.01,0.89
2025-10-13 14:00:00,0.42,0.42,0.42,JAC,25OCT19LAJAC,0.01,0.89
2025-10-13 15:00:00,0.42,0.42,0.42,JAC,25OCT19LAJAC,0.01,0.89
2025-10-13 16:00:00,0.42,0.42,0.42,JAC,25OCT19LAJAC,-0.78,0.89
2025-10-13 17:00:00,0.42,0.42,0.42,JAC,25OCT19LAJAC,-0.78,0.89
2025-10-13 18:00:00,0.42,0.42,0.42,JAC,25OCT19LAJAC,-0.78,0.89
2025-10-13 19:00:00,0.42,0.42,0.42,JAC,25OCT19LAJAC,-0.78,0.89
2025-10-13 20:00:00,0.42,0.42,0.42,JAC,25OCT19LAJAC,-0.78,0.89
2025-10-13 21:00:00,0.42,0.42,0.42,JAC,25OCT19LAJAC,-0.78,0.89
2025-10-13 22:00:00,0.42,0.42,0.42,JAC,25OCT19LAJAC,-0.78,0.89
2025-10-13 23:00:00,0.42,0.42,0.42,JAC,25OCT19LAJAC,-0.78,0.89
2025-10-14 00:00:00,0.42,0.42,0.42,JAC,25OCT19LAJAC,-0.78,0.89
2025-10-14 01:00:00,0.42,0.42,0.42,JAC,25OCT19LAJAC,-0.78,0.89
2025-10-14 02:00:00,0.42,0.42,0.42,JAC,25OCT19LAJAC,-0.78,0.89
2025-10-14 03:00:00,0.42,0.42,0.41,JAC,25OCT19LAJAC,-0.78,0.89
2025-10-14 04:00:00,0.42,0.42,0.41,JAC,25OCT19LAJAC,-0.78,0.89
2025-10-14 05:00:00,0.42,0.42,0.42,JAC,25OCT19LAJAC,-0.78,0.89
2025-10-14 06:00:00,0.43,0.43,0.41,JAC,25OCT19LAJAC,-0.78,0.89
2025-10-14 07:00:00,0.43,0.43,0.43,JAC,25OCT19LAJAC,-0.78,0.89
2025-10-14 08:00:00,0.43,0.43,0.43,JAC,25OCT19LAJAC,-0.78,0.89
2025-10-14 09:00:00,0.43,0.43,0.43,JAC,25OCT19LAJAC,-0.78,0.89
2025-10-14 10:00:00,0.43,0.43,0.43,JAC,25OCT19LAJAC,-0.78,0.89
2025-10-14 11:00:00,0.43,0.43,0.43,JAC,25OCT19LAJAC,-0.78,0.89
2025-10-14 12:00:00,0.43,0.43,0.43,JAC,25OCT19LAJAC,-0.78,0.89
2025-10-14 13:00:00,0.43,0.43,0.43,JAC,25OCT19LAJAC,-0.78,0.89
2025-10-14 14:00:00,0.43,0.43,0.42,JAC,25OCT19LAJAC,-0.78,0.89
2025-10-14 15:00:00,0.43,0.43,0.42,JAC,25OCT19LAJAC,-0.78,0.89
2025-10-14 16:00:00,0.42,0.43,0.42,JAC,25OCT19LAJAC,0.57,0.89
2025-10-14 17:00:00,0.43,0.43,0.43,JAC,25OCT19LAJAC,0.57,0.89
2025-10-14 18:00:00,0.43,0.43,0.43,JAC,25OCT19LAJAC,0.57,0.89
2025-10-14 19:00:00,0.43,0.43,0.43,JAC,25OCT19LAJAC,0.57,0.89
2025-10-14 20:00:00,0.43,0.43,0.42,JAC,25OCT19LAJAC,0.57,0.89
2025-10-14 21:00:00,0.43,0.43,0.43,JAC,25OCT19LAJAC,0.57,0.89
2025-10-14 22:00:00,0.43,0.43,0.43,JAC,25OCT19LAJAC,0.57,0.89
2025-10-14 23:00:00,0.43,0.43,0.43,JAC,25OCT19LAJAC,0.57,0.89
2025-10-15 00:00:00,0.43,0.43,0.42,JAC,25OCT19LAJAC,0.57,0.89
2025-10-15 01:00:00,0.43,0.43,0.42,JAC,25OCT19LAJAC,0.57,0.89
2025-10-15 02:00:00,0.43,0.43,0.42,JAC,25OCT19LAJAC,0.57,0.89
2025-10-15 03:00:00,0.43,0.43,0.42,JAC,25OCT19LAJAC,0.57,0.89
2025-10-15 04:00:00,0.43,0.43,0.43,JAC,25OCT19LAJAC,0.57,0.89
2025-10-15 05:00:00,0.43,0.43,0.43,JAC,25OCT19LAJAC,0.57,0.89
2025-10-15 06:00:00,0.43,0.43,0.43,JAC,25OCT19LAJAC,0.57,0.89
2025-10-15 07:00:00,0.43,0.43,0.43,JAC,25OCT19LAJAC,0.57,0.89
2025-10-15 08:00:00,0.43,0.43,0.43,JAC,25OCT19LAJAC,0.57,0.89
2025-10-15 09:00:00,0.43,0.43,0.43,JAC,25OCT19LAJAC,0.57,0.89
2025-10-15 10:00:00,0.43,0.43,0.43,JAC,25OCT19LAJAC,0.57,0.89
2025-10-15 11:00:00,0.43,0.43,0.43,JAC,25OCT19LAJAC,0.57,0.89
2025-10-15 12:00:00,0.43,0.43,0.43,JAC,25OCT19LAJAC,0.57,0.89
2025-10-15 13:00:00,0.43,0.43,0.43,JAC,25OCT19LAJAC,0.57,0.89
2025-10-15 14:00:00,0.43,0.43,0.42,JAC,25OCT19LAJAC,0.57,0.89
2025-10-15 15:00:00,0.42,0.43,0.42,JAC,25OCT19LAJAC,0.57,0.89
2025-10-15 16:00:00,0.43,0.43,0.43,JAC,25OCT19LAJAC,0.57,0.89
2025-10-15 17:00:00,0.43,0.43,0.43,JAC,25OCT19LAJAC,0.57,0.89
2025-10-15 18:00:00,0.42,0.43,0.42,JAC,25OCT19LAJAC,0.57,0.89
2025-10-15 19:00:00,0.42,0.42,0.42,JAC,25OCT19LAJAC,0.57,0.89
2025-10-15 20:00:00,0.42,0.42,0.42,JAC,25OCT19LAJAC,0.57,0.89
2025-10-15 21:00:00,0.42,0.42,0.42,JAC,25OCT19LAJAC,0.57,0.89
2025-10-15 22:00:00,0.42,0.42,0.41,JAC,25OCT19LAJAC,0.57,0.89
2025-10-15 23:00:00,0.42,0.42,0.42,JAC,25OCT19LAJAC,0.57,0.89
2025-10-16 00:00:00,0.42,0.42,0.41,JAC,25OCT19LAJAC,0.57,0.89
2025-10-16 01:00:00,0.42,0.42,0.41,JAC,25OCT19LAJAC,0.57,0.89
2025-10-16 02:00:00,0.42,0.42,0.41,JAC,25OCT19LAJAC,0.57,0.89
2025-10-16 03:00:00,0.42,0.42,0.42,JAC,25OCT19LAJAC,0.57,0.89
2025-10-16 04:00:00,0.42,0.42,0.41,JAC,25OCT19LAJAC,0.57,0.89
2025-10-16 05:00:00,0.42,0.42,0.42,JAC,25OCT19LAJAC,0.57,0.89
2025-10-16 06:00:00,0.42,0.42,0.42,JAC,25OCT19LAJAC,0.57,0.89
2025-10-16 07:00:00,0.42,0.42,0.41,JAC,25OCT19LAJAC,0.57,0.89
2025-10-16 08:00:00,0.42,0.42,0.41,JAC,25OCT19LAJAC,0.57,0.89
2025-10-16 09:00:00,0.42,0.42,0.41,JAC,25OCT19LAJAC,0.57,0.89
2025-10-16 10:00:00,0.41,0.41,0.41,JAC,25OCT19LAJAC,0.57,0.89
2025-10-16 11:00:00,0.41,0.41,0.41,JAC,25OCT19LAJAC,0.57,0.89
2025-10-16 12:00:00,0.41,0.41,0.41,JAC,25OCT19LAJAC,0.57,0.89
2025-10-16 13:00:00,0.42,0.42,0.41,JAC,25OCT19LAJAC,0.57,0.89
2025-10-16 14:00:00,0.42,0.42,0.41,JAC,25OCT19LAJAC,0.57,0.89
2025-10-16 15:00:00,0.42,0.42,0.41,JAC,25OCT19LAJAC,0.57,0.89
2025-10-16 16:00:00,0.42,0.42,0.41,JAC,25OCT19LAJAC,0.57,0.89
2025-10-16 17:00:00,0.42,0.42,0.42,JAC,25OCT19LAJAC,0.51,0.89
2025-10-16 18:00:00,0.42,0.42,0.42,JAC,25OCT19LAJAC,0.51,0.89
2025-10-16 19:00:00,0.42,0.42,0.41,JAC,25OCT19LAJAC,0.51,0.89
2025-10-16 20:00:00,0.42,0.42,0.42,JAC,25OCT19LAJAC,0.51,0.89
2025-10-16 21:00:00,0.41,0.42,0.41,JAC,25OCT19LAJAC,0.51,0.89
2025-10-16 22:00:00,0.42,0.42,0.41,JAC,25OCT19LAJAC,0.51,0.89
2025-10-16 23:00:00,0.41,0.42,0.41,JAC,25OCT19LAJAC,0.51,0.89
2025-10-17 00:00:00,0.42,0.42,0.41,JAC,25OCT19LAJAC,0.51,0.89
2025-10-17 01:00:00,0.42,0.42,0.41,JAC,25OCT19LAJAC,0.51,0.89
2025-10-17 02:00:00,0.42,0.42,0.41,JAC,25OCT19LAJAC,0.51,0.89
2025-10-17 03:00:00,0.42,0.42,0.41,JAC,25OCT19LAJAC,0.51,0.89
2025-10-17 04:00:00,0.41,0.42,0.4,JAC,25OCT19LAJAC,0.51,0.89
2025-10-17 05:00:00,0.41,0.41,0.4,JAC,25OCT19LAJAC,0.51,0.89
2025-10-17 06:00:00,0.41,0.41,0.4,JAC,25OCT19LAJAC,0.51,0.89
2025-10-17 07:00:00,0.41,0.41,0.4,JAC,25OCT19LAJAC,0.51,0.89
2025-10-17 08:00:00,0.41,0.41,0.41,JAC,25OCT19LAJAC,0.51,0.89
2025-10-17 09:00:00,0.41,0.41,0.41,JAC,25OCT19LAJAC,0.51,0.89
2025-10-17 10:00:00,0.41,0.41,0.41,JAC,25OCT19LAJAC,0.51,0.89
2025-10-17 11:00:00,0.41,0.41,0.41,JAC,25OCT19LAJAC,0.51,0.89
2025-10-17 12:00:00,0.41,0.41,0.41,JAC,25OCT19LAJAC,0.51,0.89
2025-10-17 13:00:00,0.41,0.41,0.4,JAC,25OCT19LAJAC,0.51,0.89
2025-10-17 14:00:00,0.41,0.41,0.41,JAC,25OCT19LAJAC,0.51,0.89
2025-10-17 15:00:00,0.41,0.41,0.4,JAC,25OCT19LAJAC,0.51,0.89
2025-10-17 16:00:00,0.41,0.41,0.4,JAC,25OCT19LAJAC,0.51,0.89
2025-10-17 17:00:00,0.41,0.41,0.4,JAC,25OCT19LAJAC,-0.67,0.89
2025-10-17 18:00:00,0.41,0.41,0.4,JAC,25OCT19LAJAC,-0.67,0.89
2025-10-17 19:00:00,0.41,0.41,0.4,JAC,25OCT19LAJAC,-0.67,0.89
2025-10-17 20:00:00,0.41,0.41,0.4,JAC,25OCT19LAJAC,-0.67,0.89
2025-10-17 21:00:00,0.4,0.41,0.39,JAC,25OCT19LAJAC,-0.67,0.89
2025-10-17 22:00:00,0.4,0.4,0.39,JAC,25OCT19LAJAC,-0.67,0.89
2025-10-17 23:00:00,0.4,0.4,0.4,JAC,25OCT19LAJAC,-0.67,0.89
2025-10-18 00:00:00,0.4,0.4,0.39,JAC,25OCT19LAJAC,0.58,0.89
2025-10-18 01:00:00,0.4,0.4,0.39,JAC,25OCT19LAJAC,0.58,0.89
2025-10-18 02:00:00,0.41,0.41,0.39,JAC,25OCT19LAJAC,0.58,0.89
2025-10-18 03:00:00,0.41,0.41,0.4,JAC,25OCT19LAJAC,0.58,0.89
2025-10-18 04:00:00,0.41,0.41,0.4,JAC,25OCT19LAJAC,0.58,0.89
2025-10-18 05:00:00,0.41,0.41,0.4,JAC,25OCT19LAJAC,0.58,0.89
2025-10-18 06:00:00,0.41,0.41,0.4,JAC,25OCT19LAJAC,0.58,0.89
2025-10-18 07:00:00,0.41,0.41,0.4,JAC,25OCT19LAJAC,0.58,0.89
2025-10-18 08:00:00,0.41,0.41,0.41,JAC,25OCT19LAJAC,0.58,0.89
2025-10-18 09:00:00,0.41,0.41,0.41,JAC,25OCT19LAJAC,0.58,0.89
2025-10-18 10:00:00,0.41,0.41,0.41,JAC,25OCT19LAJAC,0.58,0.89
2025-10-18 11:00:00,0.4,0.41,0.4,JAC,25OCT19LAJAC,0.58,0.89
2025-10-18 12:00:00,0.4,0.41,0.4,JAC,25OCT19LAJAC,0.58,0.89
2025-10-18 13:00:00,0.4,0.41,0.4,JAC,25OCT19LAJAC,0.58,0.89
2025-10-18 14:00:00,0.4,0.4,0.39,JAC,25OCT19LAJAC,0.58,0.89
2025-10-18 15:00:00,0.4,0.4,0.39,JAC,25OCT19LAJAC,0.58,0.89
2025-10-18 16:00:00,0.4,0.4,0.39,JAC,25OCT19LAJAC,0.58,0.89
2025-10-18 17:00:00,0.4,0.4,0.39,JAC,25OCT19LAJAC,0.58,0.89
2025-10-18 18:00:00,0.4,0.41,0.39,JAC,25OCT19LAJAC,0.58,0.89
2025-10-18 19:00:00,0.4,0.4,0.39,JAC,25OCT19LAJAC,0.58,0.89
2025-10-18 20:00:00,0.4,0.4,0.39,JAC,25OCT19LAJAC,0.58,0.89
2025-10-18 21:00:00,0.4,0.4,0.39,JAC,25OCT19LAJAC,0.58,0.89
2025-10-18 22:00:00,0.4,0.4,0.39,JAC,25OCT19LAJAC,0.58,0.89
2025-10-18 23:00:00,0.39,0.4,0.39,JAC,25OCT19LAJAC,0.58,0.89
2025-10-19 00:00:00,0.4,0.4,0.39,JAC,25OCT19LAJAC,0.58,0.89
2025-10-19 01:00:00,0.4,0.4,0.39,JAC,25OCT19LAJAC,0.58,0.89
2025-10-19 02:00:00,0.4,0.4,0.39,JAC,25OCT19LAJAC,0.58,0.89
2025-10-19 03:00:00,0.4,0.4,0.39,JAC,25OCT19LAJAC,0.58,0.89
2025-10-19 04:00:00,0.4,0.4,0.39,JAC,25OCT19LAJAC,0.58,0.89
2025-10-19 05:00:00,0.4,0.4,0.38,JAC,25OCT19LAJAC,0.58,0.89
2025-10-19 06:00:00,0.4,0.4,0.39,JAC,25OCT19LAJAC,0.58,0.89
2025-10-19 07:00:00,0.4,0.4,0.39,JAC,25OCT19LAJAC,0.58,0.89
2025-10-19 08:00:00,0.4,0.4,0.4,JAC,25OCT19LAJAC,0.58,0.89
2025-10-19 09:00:00,0.4,0.4,0.39,JAC,25OCT19LAJAC,0.58,0.89
2025-10-19 10:00:00,0.4,0.4,0.4,JAC,25OCT19LAJAC,0.58,0.89
2025-10-19 11:00:00,0.4,0.4,0.4,JAC,25OCT19LAJAC,0.53,0.89
2025-10-19 12:00:00,0.4,0.4,0.39,JAC,25OCT19LAJAC,0.66,0.89
2025-10-19 13:00:00,0.4,0.4,0.39,JAC,25OCT19LAJAC,0.66,0.89
2025-10-19 14:00:00,0.16,0.42,0.13,JAC,25OCT19LAJAC,0.66,0.89
2025-10-19 15:00:00,0.05,0.23,0.03,JAC,25OCT19LAJAC,0.66,0.89
2025-10-19 16:00:00,0.03,0.11,0.01,JAC,25OCT19LAJAC,0.66,0.89
2025-10-06 04:00:00,0.53,0.53,0.49,KC,25OCT12DETKC,-0.32,0.6
2025-10-06 05:00:00,0.53,0.53,0.53,KC,25OCT12DETKC,0.25,0.64
2025-10-06 06:00:00,0.52,0.52,0.51,KC,25OCT12DETKC,0.62,0.64
2025-10-06 07:00:00,0.52,0.52,0.52,KC,25OCT12DETKC,0.55,0.64
2025-10-06 08:00:00,0.52,0.52,0.52,KC,25OCT12DETKC,0.55,0.64
2025-10-06 09:00:00,0.52,0.52,0.52,KC,25OCT12DETKC,0.55,0.64
2025-10-06 10:00:00,0.52,0.52,0.52,KC,25OCT12DETKC,0.57,0.64
2025-10-06 11:00:00,0.52,0.52,0.52,KC,25OCT12DETKC,0.76,0.64
2025-10-06 12:00:00,0.5,0.5,0.5,KC,25OCT12DETKC,0.66,0.04
2025-10-06 13:00:00,0.49,0.49,0.49,KC,25OCT12DETKC,0.69,0.04
2025-10-06 14:00:00,0.51,0.51,0.48,KC,25OCT12DETKC,0.49,0.54
2025-10-06 15:00:00,0.5,0.51,0.5,KC,25OCT12DETKC,0.53,0.45
2025-10-06 16:00:00,0.51,0.51,0.51,KC,25OCT12DETKC,-0.04,0.89
2025-10-06 17:00:00,0.5,0.51,0.5,KC,25OCT12DETKC,0.42,0.4
2025-10-06 18:00:00,0.51,0.51,0.5,KC,25OCT12DETKC,0.53,0.02
2025-10-06 19:00:00,0.53,0.53,0.51,KC,25OCT12DETKC,0.53,0.02
2025-10-06 20:00:00,0.54,0.54,0.51,KC,25OCT12DETKC,0.46,0.02
2025-10-06 21:00:00,0.54,0.54,0.51,KC,25OCT12DETKC,0.52,0.11
2025-10-06 22:00:00,0.51,0.54,0.51,KC,25OCT12DETKC,0.42,0.11
2025-10-06 23:00:00,0.54,0.54,0.54,KC,25OCT12DETKC,0.08,0.5
2025-10-07 00:00:00,0.54,0.54,0.54,KC,25OCT12DETKC,0.28,0.49
2025-10-07 01:00:00,0.5,0.51,0.5,KC,25OCT12DETKC,-0.06,0.6
2025-10-07 02:00:00,0.5,0.59,0.5,KC,25OCT12DETKC,0.3,0.52
2025-10-07 03:00:00,0.54,0.56,0.5,KC,25OCT12DETKC,0.56,0.59
2025-10-07 04:00:00,0.53,0.55,0.48,KC,25OCT12DETKC,0.52,0.51
2025-10-07 05:00:00,0.53,0.57,0.49,KC,25OCT12DETKC,0.38,0.57
2025-10-07 06:00:00,0.51,0.53,0.51,KC,25OCT12DETKC,0.61,0.57
2025-10-07 07:00:00,0.51,0.51,0.51,KC,25OCT12DETKC,-0.63,0.57
2025-10-07 08:00:00,0.51,0.51,0.51,KC,25OCT12DETKC,0.63,0.57
2025-10-07 09:00:00,0.51,0.51,0.51,KC,25OCT12DETKC,0.64,0.07
2025-10-07 10:00:00,0.51,0.51,0.51,KC,25OCT12DETKC,0.39,0.71
2025-10-07 11:00:00,0.51,0.51,0.51,KC,25OCT12DETKC,-0.66,0.01
2025-10-07 12:00:00,0.51,0.51,0.51,KC,25OCT12DETKC,-0.66,0.01
2025-10-07 13:00:00,0.51,0.51,0.51,KC,25OCT12DETKC,0.49,0.42
2025-10-07 14:00:00,0.51,0.51,0.51,KC,25OCT12DETKC,0.33,0.51
2025-10-07 15:00:00,0.55,0.55,0.51,KC,25OCT12DETKC,0.28,0.63
2025-10-07 16:00:00,0.57,0.57,0.54,KC,25OCT12DETKC,0.02,0.81
2025-10-07 17:00:00,0.56,0.57,0.55,KC,25OCT12DETKC,0.38,0.57
2025-10-07 18:00:00,0.56,0.56,0.55,KC,25OCT12DETKC,0.44,0.66
2025-10-07 19:00:00,0.56,0.56,0.55,KC,25OCT12DETKC,-0.64,0.08
2025-10-07 20:00:00,0.56,0.56,0.56,KC,25OCT12DETKC,-0.59,0.09
2025-10-07 21:00:00,0.56,0.56,0.55,KC,25OCT12DETKC,0.14,0.6
2025-10-07 22:00:00,0.56,0.56,0.55,KC,25OCT12DETKC,-0.57,0.03
2025-10-07 23:00:00,0.55,0.56,0.55,KC,25OCT12DETKC,-0.0,0.74
2025-10-08 00:00:00,0.56,0.56,0.56,KC,25OCT12DETKC,0.54,0.74
2025-10-08 01:00:00,0.56,0.56,0.56,KC,25OCT12DETKC,0.54,0.74
2025-10-08 02:00:00,0.56,0.56,0.56,KC,25OCT12DETKC,0.54,0.74
2025-10-08 03:00:00,0.56,0.56,0.55,KC,25OCT12DETKC,-0.56,0.74
2025-10-08 04:00:00,0.55,0.56,0.55,KC,25OCT12DETKC,-0.56,0.74
2025-10-08 05:00:00,0.55,0.56,0.55,KC,25OCT12DETKC,-0.56,0.74
2025-10-08 06:00:00,0.56,0.56,0.56,KC,25OCT12DETKC,0.46,0.74
2025-10-08 07:00:00,0.56,0.56,0.56,KC,25OCT12DETKC,0.46,0.74
2025-10-08 08:00:00,0.56,0.56,0.56,KC,25OCT12DETKC,0.46,0.74
2025-10-08 09:00:00,0.56,0.56,0.56,KC,25OCT12DETKC,0.46,0.74
2025-10-08 10:00:00,0.56,0.56,0.56,KC,25OCT12DETKC,0.46,0.74
2025-10-08 11:00:00,0.56,0.56,0.56,KC,25OCT12DETKC,0.46,0.74
2025-10-08 12:00:00,0.56,0.56,0.56,KC,25OCT12DETKC,0.46,0.74
2025-10-08 13:00:00,0.55,0.56,0.55,KC,25OCT12DETKC,0.46,0.74
2025-10-08 14:00:00,0.56,0.56,0.55,KC,25OCT12DETKC,0.46,0.74
2025-10-08 15:00:00,0.56,0.56,0.56,KC,25OCT12DETKC,0.46,0.74
2025-10-08 16:00:00,0.56,0.56,0.55,KC,25OCT12DETKC,0.46,0.74
2025-10-08 17:00:00,0.56,0.56,0.55,KC,25OCT12DETKC,0.46,0.74
2025-10-08 18:00:00,0.56,0.56,0.56,KC,25OCT12DETKC,-0.31,0.47
2025-10-08 19:00:00,0.56,0.56,0.55,KC,25OCT12DETKC,-0.47,0.04
2025-10-08 20:00:00,0.56,0.56,0.56,KC,25OCT12DETKC,-0.47,0.04
2025-10-08 21:00:00,0.56,0.56,0.55,KC,25OCT12DETKC,-0.44,0.04
2025-10-08 22:00:00,0.56,0.56,0.55,KC,25OCT12DETKC,-0.52,0.39
2025-10-08 23:00:00,0.56,0.56,0.56,KC,25OCT12DETKC,-0.43,0.43
2025-10-09 00:00:00,0.55,0.56,0.55,KC,25OCT12DETKC,-0.53,0.08
2025-10-09 01:00:00,0.55,0.56,0.55,KC,25OCT12DETKC,-0.59,0.03
2025-10-09 02:00:00,0.55,0.56,0.55,KC,25OCT12DETKC,-0.48,0.07
2025-10-09 03:00:00,0.55,0.55,0.55,KC,25OCT12DETKC,-0.53,0.12
2025-10-09 04:00:00,0.55,0.55,0.54,KC,25OCT12DETKC,-0.53,0.12
2025-10-09 05:00:00,0.55,0.55,0.54,KC,25OCT12DETKC,-0.53,0.12
2025-10-09 06:00:00,0.55,0.55,0.54,KC,25OCT12DETKC,0.49,0.12
2025-10-09 07:00:00,0.55,0.55,0.55,KC,25OCT12DETKC,0.49,0.12
2025-10-09 08:00:00,0.55,0.55,0.55,KC,25OCT12DETKC,0.49,0.12
2025-10-09 09:00:00,0.55,0.55,0.55,KC,25OCT12DETKC,0.49,0.12
2025-10-09 10:00:00,0.55,0.55,0.55,KC,25OCT12DETKC,0.49,0.12
2025-10-09 11:00:00,0.55,0.55,0.55,KC,25OCT12DETKC,0.49,0.12
2025-10-09 12:00:00,0.55,0.55,0.55,KC,25OCT12DETKC,0.49,0.12
2025-10-09 13:00:00,0.55,0.55,0.55,KC,25OCT12DETKC,0.49,0.12
2025-10-09 14:00:00,0.55,0.55,0.54,KC,25OCT12DETKC,0.49,0.12
2025-10-09 15:00:00,0.55,0.55,0.55,KC,25OCT12DETKC,-0.38,0.54
2025-10-09 16:00:00,0.55,0.55,0.55,KC,25OCT12DETKC,-0.55,0.05
2025-10-09 17:00:00,0.55,0.55,0.55,KC,25OCT12DETKC,-0.3,0.55
2025-10-09 18:00:00,0.55,0.55,0.54,KC,25OCT12DETKC,-0.4,0.41
2025-10-09 19:00:00,0.55,0.55,0.55,KC,25OCT12DETKC,-0.06,0.76
2025-10-09 20:00:00,0.55,0.55,0.55,KC,25OCT12DETKC,-0.31,0.47
2025-10-09 21:00:00,0.55,0.55,0.54,KC,25OCT12DETKC,-0.2,0.63
2025-10-09 22:00:00,0.55,0.55,0.54,KC,25OCT12DETKC,-0.29,0.53
2025-10-09 23:00:00,0.54,0.55,0.54,KC,25OCT12DETKC,-0.55,0.06
2025-10-10 00:00:00,0.55,0.55,0.55,KC,25OCT12DETKC,-0.1,0.77
2025-10-10 01:00:00,0.55,0.55,0.55,KC,25OCT12DETKC,-0.48,0.08
2025-10-10 02:00:00,0.55,0.55,0.55,KC,25OCT12DETKC,-0.57,0.08
2025-10-10 03:00:00,0.55,0.55,0.54,KC,25OCT12DETKC,0.0,0.73
2025-10-10 04:00:00,0.54,0.55,0.54,KC,25OCT12DETKC,-0.24,0.6
2025-10-10 05:00:00,0.55,0.55,0.54,KC,25OCT12DETKC,-0.57,0.05
2025-10-10 06:00:00,0.54,0.55,0.54,KC,25OCT12DETKC,-0.57,0.05
2025-10-10 07:00:00,0.55,0.55,0.55,KC,25OCT12DETKC,-0.57,0.05
2025-10-10 08:00:00,0.55,0.55,0.55,KC,25OCT12DETKC,-0.57,0.05
2025-10-10 09:00:00,0.55,0.55,0.55,KC,25OCT12DETKC,-0.57,0.05
2025-10-10 10:00:00,0.55,0.55,0.55,KC,25OCT12DETKC,-0.57,0.05
2025-10-10 11:00:00,0.54,0.55,0.54,KC,25OCT12DETKC,-0.52,0.05
2025-10-10 12:00:00,0.54,0.54,0.54,KC,25OCT12DETKC,-0.57,0.05
2025-10-10 13:00:00,0.54,0.55,0.54,KC,25OCT12DETKC,-0.53,0.04
2025-10-10 14:00:00,0.55,0.55,0.55,KC,25OCT12DETKC,-0.61,0.04
2025-10-10 15:00:00,0.55,0.55,0.54,KC,25OCT12DETKC,-0.12,0.82
2025-10-10 16:00:00,0.55,0.55,0.54,KC,25OCT12DETKC,-0.54,0.03
2025-10-10 17:00:00,0.55,0.55,0.54,KC,25OCT12DETKC,-0.02,0.58
2025-10-10 18:00:00,0.55,0.55,0.55,KC,25OCT12DETKC,0.05,0.55
2025-10-10 19:00:00,0.55,0.55,0.54,KC,25OCT12DETKC,-0.46,0.04
2025-10-10 20:00:00,0.55,0.55,0.55,KC,25OCT12DETKC,0.17,0.51
2025-10-10 21:00:00,0.55,0.55,0.54,KC,25OCT12DETKC,0.47,0.51
2025-10-10 22:00:00,0.55,0.55,0.54,KC,25OCT12DETKC,0.47,0.51
2025-10-10 23:00:00,0.55,0.55,0.55,KC,25OCT12DETKC,0.49,0.09
2025-10-11 00:00:00,0.55,0.55,0.55,KC,25OCT12DETKC,0.49,0.09
2025-10-11 01:00:00,0.54,0.55,0.54,KC,25OCT12DETKC,0.55,0.09
2025-10-11 02:00:00,0.55,0.55,0.55,KC,25OCT12DETKC,0.55,0.09
2025-10-11 03:00:00,0.55,0.55,0.55,KC,25OCT12DETKC,0.55,0.09
2025-10-11 04:00:00,0.55,0.55,0.54,KC,25OCT12DETKC,0.55,0.09
2025-10-11 05:00:00,0.55,0.55,0.55,KC,25OCT12DETKC,0.46,0.09
2025-10-11 06:00:00,0.55,0.55,0.54,KC,25OCT12DETKC,0.42,0.09
2025-10-11 07:00:00,0.55,0.55,0.54,KC,25OCT12DETKC,0.42,0.09
2025-10-11 08:00:00,0.54,0.55,0.54,KC,25OCT12DETKC,0.42,0.09
2025-10-11 09:00:00,0.54,0.55,0.54,KC,25OCT12DETKC,0.42,0.09
2025-10-11 10:00:00,0.54,0.55,0.54,KC,25OCT12DETKC,0.42,0.09
2025-10-11 11:00:00,0.54,0.55,0.54,KC,25OCT12DETKC,0.42,0.09
2025-10-11 12:00:00,0.55,0.55,0.55,KC,25OCT12DETKC,0.42,0.09
2025-10-11 13:00:00,0.55,0.55,0.54,KC,25OCT12DETKC,-0.04,0.81
2025-10-11 14:00:00,0.54,0.55,0.54,KC,25OCT12DETKC,0.36,0.48
2025-10-11 15:00:00,0.55,0.55,0.54,KC,25OCT12DETKC,0.64,0.09
2025-10-11 16:00:00,0.55,0.55,0.54,KC,25OCT12DETKC,0.51,0.09
2025-10-11 17:00:00,0.55,0.55,0.54,KC,25OCT12DETKC,-0.16,0.58
2025-10-11 18:00:00,0.55,0.55,0.55,KC,25OCT12DETKC,-0.16,0.58
2025-10-11 19:00:00,0.55,0.55,0.55,KC,25OCT12DETKC,0.51,0.58
2025-10-11 20:00:00,0.55,0.55,0.55,KC,25OCT12DETKC,0.52,0.58
2025-10-11 21:00:00,0.55,0.55,0.55,KC,25OCT12DETKC,0.52,0.58
2025-10-11 22:00:00,0.55,0.55,0.54,KC,25OCT12DETKC,-0.49,0.58
2025-10-11 23:00:00,0.55,0.55,0.55,KC,25OCT12DETKC,0.5,0.37
2025-10-12 00:00:00,0.55,0.55,0.54,KC,25OCT12DETKC,-0.02,0.75
2025-10-12 01:00:00,0.55,0.56,0.55,KC,25OCT12DETKC,0.14,0.65
2025-10-12 02:00:00,0.56,0.56,0.55,KC,25OCT12DETKC,0.0,0.73
2025-10-12 03:00:00,0.57,0.57,0.55,KC,25OCT12DETKC,0.0,0.73
2025-10-12 04:00:00,0.57,0.57,0.55,KC,25OCT12DETKC,0.51,0.73
2025-10-12 05:00:00,0.56,0.57,0.56,KC,25OCT12DETKC,0.51,0.73
2025-10-12 06:00:00,0.57,0.57,0.56,KC,25OCT12DETKC,0.51,0.73
2025-10-12 07:00:00,0.57,0.57,0.56,KC,25OCT12DETKC,0.51,0.73
2025-10-12 08:00:00,0.57,0.57,0.57,KC,25OCT12DETKC,0.51,0.73
2025-10-12 09:00:00,0.57,0.57,0.57,KC,25OCT12DETKC,0.51,0.73
2025-10-12 10:00:00,0.57,0.57,0.57,KC,25OCT12DETKC,0.51,0.73
2025-10-12 11:00:00,0.57,0.57,0.57,KC,25OCT12DETKC,0.51,0.73
2025-10-12 12:00:00,0.57,0.57,0.57,KC,25OCT12DETKC,-0.26,0.62
2025-10-12 13:00:00,0.57,0.57,0.56,KC,25OCT12DETKC,-0.57,0.04
2025-10-12 14:00:00,0.57,0.57,0.56,KC,25OCT12DETKC,0.01,0.71
2025-10-12 15:00:00,0.57,0.57,0.56,KC,25OCT12DETKC,0.54,0.71
2025-10-12 16:00:00,0.57,0.57,0.56,KC,25OCT12DETKC,-0.52,0.71
2025-10-12 17:00:00,0.57,0.57,0.55,KC,25OCT12DETKC,-0.51,0.71
2025-10-12 18:00:00,0.57,0.57,0.56,KC,25OCT12DETKC,-0.51,0.71
2025-10-12 19:00:00,0.57,0.57,0.56,KC,25OCT12DETKC,-0.23,0.56
2025-10-12 20:00:00,0.58,0.58,0.56,KC,25OCT12DETKC,0.5,0.39
2025-10-12 21:00:00,0.57,0.58,0.56,KC,25OCT12DETKC,0.48,0.37
2025-10-12 22:00:00,0.58,0.58,0.56,KC,25OCT12DETKC,0.35,0.48
2025-10-12 23:00:00,0.58,0.58,0.56,KC,25OCT12DETKC,-0.5,0.48
2025-10-13 00:00:00,0.58,0.58,0.56,KC,25OCT12DETKC,-0.32,0.72
2025-10-13 01:00:00,0.51,0.64,0.42,KC,25OCT12DETKC,0.24,0.54
2025-10-13 02:00:00,0.77,0.78,0.38,KC,25OCT12DETKC,0.17,0.51
2025-10-13 03:00:00,0.98,0.99,0.65,KC,25OCT12DETKC,0.13,0.63
2025-10-10 23:00:00,0.1,0.1,0.09,CIN,25OCT12CINGB,0.53,0.0
2025-10-11 00:00:00,0.1,0.1,0.09,CIN,25OCT12CINGB,0.53,0.0
2025-10-11 01:00:00,0.1,0.1,0.09,CIN,25OCT12CINGB,0.53,0.0
2025-10-11 02:00:00,0.1,0.1,0.09,CIN,25OCT12CINGB,0.53,0.0
2025-10-11 03:00:00,0.1,0.1,0.09,CIN,25OCT12CINGB,0.53,0.0
2025-10-11 04:00:00,0.1,0.1,0.09,CIN,25OCT12CINGB,0.53,0.0
2025-10-11 05:00:00,0.1,0.1,0.09,CIN,25OCT12CINGB,0.53,0.0
2025-10-11 06:00:00,0.1,0.1,0.09,CIN,25OCT12CINGB,0.53,0.0
2025-10-11 07:00:00,0.1,0.1,0.1,CIN,25OCT12CINGB,0.53,0.0
2025-10-11 08:00:00,0.1,0.1,0.1,CIN,25OCT12CINGB,0.53,0.0
2025-10-11 09:00:00,0.1,0.1,0.09,CIN,25OCT12CINGB,0.53,0.0
2025-10-11 10:00:00,0.1,0.1,0.1,CIN,25OCT12CINGB,0.53,0.0
2025-10-11 11:00:00,0.1,0.1,0.09,CIN,25OCT12CINGB,0.53,0.0
2025-10-11 12:00:00,0.1,0.1,0.09,CIN,25OCT12CINGB,0.53,0.0
2025-10-11 13:00:00,0.1,0.1,0.09,CIN,25OCT12CINGB,0.53,0.0
2025-10-11 14:00:00,0.1,0.1,0.1,CIN,25OCT12CINGB,0.53,0.0
2025-10-11 15:00:00,0.1,0.1,0.09,CIN,25OCT12CINGB,0.53,0.0
2025-10-11 16:00:00,0.1,0.1,0.09,CIN,25OCT12CINGB,0.53,0.0
2025-10-11 17:00:00,0.1,0.1,0.09,CIN,25OCT12CINGB,0.53,0.0
2025-10-11 18:00:00,0.1,0.1,0.09,CIN,25OCT12CINGB,0.53,0.0
2025-10-11 19:00:00,0.1,0.1,0.09,CIN,25OCT12CINGB,0.53,0.0
2025-10-11 20:00:00,0.1,0.1,0.09,CIN,25OCT12CINGB,0.53,0.0
2025-10-11 21:00:00,0.1,0.1,0.09,CIN,25OCT12CINGB,0.53,0.0
2025-10-11 22:00:00,0.1,0.1,0.09,CIN,25OCT12CINGB,0.53,0.0
2025-10-11 23:00:00,0.1,0.1,0.09,CIN,25OCT12CINGB,0.47,0.0
2025-10-12 00:00:00,0.1,0.1,0.09,CIN,25OCT12CINGB,0.47,0.0
2025-10-12 01:00:00,0.1,0.1,0.09,CIN,25OCT12CINGB,0.47,0.0
2025-10-12 02:00:00,0.1,0.1,0.09,CIN,25OCT12CINGB,0.47,0.0
2025-10-12 03:00:00,0.1,0.1,0.09,CIN,25OCT12CINGB,0.47,0.0
2025-10-12 04:00:00,0.11,0.11,0.09,CIN,25OCT12CINGB,0.47,0.0
2025-10-12 05:00:00,0.11,0.11,0.09,CIN,25OCT12CINGB,0.47,0.0
2025-10-12 06:00:00,0.11,0.11,0.09,CIN,25OCT12CINGB,0.47,0.0
2025-10-12 07:00:00,0.11,0.11,0.09,CIN,25OCT12CINGB,0.47,0.0
2025-10-12 08:00:00,0.11,0.11,0.09,CIN,25OCT12CINGB,0.47,0.0
2025-10-12 09:00:00,0.11,0.11,0.11,CIN,25OCT12CINGB,0.47,0.0
2025-10-12 10:00:00,0.11,0.11,0.1,CIN,25OCT12CINGB,0.47,0.0
2025-10-12 11:00:00,0.11,0.11,0.11,CIN,25OCT12CINGB,0.47,0.0
2025-10-12 12:00:00,0.11,0.11,0.11,CIN,25OCT12CINGB,0.47,0.0
2025-10-12 13:00:00,0.11,0.11,0.1,CIN,25OCT12CINGB,0.47,0.0
2025-10-12 14:00:00,0.11,0.11,0.09,CIN,25OCT12CINGB,0.47,0.0
2025-10-12 15:00:00,0.11,0.11,0.09,CIN,25OCT12CINGB,0.47,0.0
2025-10-12 16:00:00,0.11,0.11,0.09,CIN,25OCT12CINGB,0.47,0.0
2025-10-12 17:00:00,0.11,0.11,0.1,CIN,25OCT12CINGB,0.47,0.0
2025-10-12 18:00:00,0.11,0.11,0.1,CIN,25OCT12CINGB,0.47,0.0
2025-10-12 19:00:00,0.11,0.11,0.1,CIN,25OCT12CINGB,0.39,0.0
2025-10-12 20:00:00,0.12,0.12,0.11,CIN,25OCT12CINGB,0.39,0.0
2025-10-12 21:00:00,0.12,0.2,0.1,CIN,25OCT12CINGB,0.39,0.0
2025-10-12 22:00:00,0.11,0.19,0.04,CIN,25OCT12CINGB,0.39,0.0
2025-10-12 23:00:00,0.11,0.19,0.01,CIN,25OCT12CINGB,0.62,0.0
2025-10-06 00:00:00,0.71,0.71,0.22,TB,25OCT12SFTB,0.34,0.64
2025-10-06 01:00:00,0.72,0.73,0.41,TB,25OCT12SFTB,0.43,0.6
2025-10-06 02:00:00,0.71,0.72,0.36,TB,25OCT12SFTB,0.42,0.42
2025-10-06 03:00:00,0.66,0.69,0.66,TB,25OCT12SFTB,0.31,0.42
2025-10-06 04:00:00,0.68,0.69,0.38,TB,25OCT12SFTB,0.46,0.12
2025-10-06 05:00:00,0.67,0.69,0.67,TB,25OCT12SFTB,0.54,0.12
2025-10-06 06:00:00,0.67,0.67,0.55,TB,25OCT12SFTB,0.41,0.12
2025-10-06 07:00:00,0.55,0.67,0.55,TB,25OCT12SFTB,0.41,0.12
2025-10-06 08:00:00,0.55,0.67,0.55,TB,25OCT12SFTB,0.51,0.02
2025-10-06 09:00:00,0.55,0.67,0.55,TB,25OCT12SFTB,0.5,0.02
2025-10-06 10:00:00,0.67,0.67,0.56,TB,25OCT12SFTB,0.51,0.02
2025-10-06 11:00:00,0.67,0.67,0.56,TB,25OCT12SFTB,0.51,0.05
2025-10-06 12:00:00,0.62,0.62,0.55,TB,25OCT12SFTB,0.62,0.11
2025-10-06 13:00:00,0.6,0.66,0.59,TB,25OCT12SFTB,0.64,0.11
2025-10-06 14:00:00,0.6,0.6,0.6,TB,25OCT12SFTB,0.61,0.08
2025-10-06 15:00:00,0.6,0.6,0.6,TB,25OCT12SFTB,0.55,0.08
2025-10-06 16:00:00,0.6,0.6,0.59,TB,25OCT12SFTB,0.48,0.29
2025-10-06 17:00:00,0.6,0.6,0.6,TB,25OCT12SFTB,0.45,0.34
2025-10-06 18:00:00,0.6,0.6,0.59,TB,25OCT12SFTB,0.56,0.38
2025-10-06 19:00:00,0.6,0.6,0.59,TB,25OCT12SFTB,0.63,0.13
2025-10-06 20:00:00,0.61,0.61,0.6,TB,25OCT12SFTB,0.6,0.19
2025-10-06 21:00:00,0.61,0.62,0.61,TB,25OCT12SFTB,0.3,0.59
2025-10-06 22:00:00,0.61,0.61,0.6,TB,25OCT12SFTB,0.57,0.12
2025-10-06 23:00:00,0.61,0.61,0.59,TB,25OCT12SFTB,0.5,0.05
2025-10-07 00:00:00,0.61,0.61,0.61,TB,25OCT12SFTB,0.35,0.44
2025-10-07 01:00:00,0.6,0.61,0.6,TB,25OCT12SFTB,0.47,0.08
2025-10-07 02:00:00,0.6,0.6,0.6,TB,25OCT12SFTB,0.5,0.07
2025-10-07 03:00:00,0.6,0.6,0.59,TB,25OCT12SFTB,0.54,0.07
2025-10-07 04:00:00,0.6,0.61,0.57,TB,25OCT12SFTB,0.44,0.01
2025-10-07 05:00:00,0.59,0.6,0.59,TB,25OCT12SFTB,0.41,0.04
2025-10-07 06:00:00,0.59,0.59,0.58,TB,25OCT12SFTB,0.41,0.04
2025-10-07 07:00:00,0.59,0.6,0.56,TB,25OCT12SFTB,0.4,0.04
2025-10-07 08:00:00,0.6,0.6,0.57,TB,25OCT12SFTB,0.64,0.04
2025-10-07 09:00:00,0.59,0.59,0.59,TB,25OCT12SFTB,0.5,0.07
2025-10-07 10:00:00,0.59,0.6,0.59,TB,25OCT12SFTB,0.53,0.07
2025-10-07 11:00:00,0.59,0.59,0.59,TB,25OCT12SFTB,0.54,0.07
2025-10-07 12:00:00,0.59,0.59,0.59,TB,25OCT12SFTB,0.46,0.0
2025-10-07 13:00:00,0.59,0.6,0.58,TB,25OCT12SFTB,0.56,0.0
2025-10-07 14:00:00,0.59,0.59,0.58,TB,25OCT12SFTB,0.48,0.01
2025-10-07 15:00:00,0.6,0.6,0.59,TB,25OCT12SFTB,0.48,0.01
2025-10-07 16:00:00,0.6,0.6,0.6,TB,25OCT12SFTB,0.48,0.01
2025-10-07 17:00:00,0.6,0.6,0.6,TB,25OCT12SFTB,0.5,0.18
2025-10-07 18:00:00,0.59,0.6,0.58,TB,25OCT12SFTB,0.51,0.18
2025-10-07 19:00:00,0.59,0.59,0.59,TB,25OCT12SFTB,0.4,0.18
2025-10-07 20:00:00,0.59,0.59,0.59,TB,25OCT12SFTB,0.4,0.18
2025-10-07 21:00:00,0.59,0.59,0.59,TB,25OCT12SFTB,0.48,0.18
2025-10-07 22:00:00,0.59,0.59,0.59,TB,25OCT12SFTB,0.58,0.18
2025-10-07 23:00:00,0.59,0.59,0.58,TB,25OCT12SFTB,0.58,0.18
2025-10-08 00:00:00,0.59,0.59,0.59,TB,25OCT12SFTB,0.49,0.18
2025-10-08 01:00:00,0.59,0.59,0.59,TB,25OCT12SFTB,0.49,0.18
2025-10-08 02:00:00,0.59,0.59,0.59,TB,25OCT12SFTB,0.49,0.18
2025-10-08 03:00:00,0.59,0.59,0.59,TB,25OCT12SFTB,0.49,0.18
2025-10-08 04:00:00,0.59,0.59,0.59,TB,25OCT12SFTB,0.49,0.18
2025-10-08 05:00:00,0.59,0.59,0.58,TB,25OCT12SFTB,0.49,0.18
2025-10-08 06:00:00,0.59,0.59,0.59,TB,25OCT12SFTB,0.49,0.18
2025-10-08 07:00:00,0.59,0.59,0.59,TB,25OCT12SFTB,0.49,0.18
2025-10-08 08:00:00,0.59,0.59,0.59,TB,25OCT12SFTB,0.49,0.18
2025-10-08 09:00:00,0.59,0.59,0.59,TB,25OCT12SFTB,0.49,0.18
2025-10-08 10:00:00,0.59,0.59,0.59,TB,25OCT12SFTB,0.49,0.18
2025-10-08 11:00:00,0.59,0.59,0.59,TB,25OCT12SFTB,0.49,0.18
2025-10-08 12:00:00,0.59,0.59,0.59,TB,25OCT12SFTB,0.44,0.18
2025-10-08 13:00:00,0.59,0.59,0.59,TB,25OCT12SFTB,0.44,0.18
2025-10-08 14:00:00,0.59,0.59,0.58,TB,25OCT12SFTB,0.6,0.18
2025-10-08 15:00:00,0.59,0.59,0.59,TB,25OCT12SFTB,0.6,0.18
2025-10-08 16:00:00,0.59,0.59,0.59,TB,25OCT12SFTB,0.63,0.14
2025-10-08 17:00:00,0.59,0.59,0.59,TB,25OCT12SFTB,0.65,0.14
2025-10-08 18:00:00,0.59,0.59,0.58,TB,25OCT12SFTB,0.28,0.44
2025-10-08 19:00:00,0.59,0.59,0.59,TB,25OCT12SFTB,0.61,0.02
2025-10-08 20:00:00,0.59,0.59,0.59,TB,25OCT12SFTB,0.22,0.6
2025-10-08 21:00:00,0.59,0.59,0.58,TB,25OCT12SFTB,0.4,0.47
2025-10-08 22:00:00,0.59,0.59,0.59,TB,25OCT12SFTB,0.62,0.07
2025-10-08 23:00:00,0.59,0.59,0.59,TB,25OCT12SFTB,0.6,0.06
2025-10-09 00:00:00,0.59,0.59,0.59,TB,25OCT12SFTB,0.62,0.06
2025-10-09 01:00:00,0.59,0.59,0.58,TB,25OCT12SFTB,0.6,0.06
2025-10-09 02:00:00,0.59,0.59,0.59,TB,25OCT12SFTB,0.57,0.02
2025-10-09 03:00:00,0.59,0.59,0.59,TB,25OCT12SFTB,0.63,0.02
2025-10-09 04:00:00,0.59,0.59,0.59,TB,25OCT12SFTB,0.51,0.02
2025-10-09 05:00:00,0.59,0.59,0.59,TB,25OCT12SFTB,0.51,0.02
2025-10-09 06:00:00,0.59,0.59,0.59,TB,25OCT12SFTB,0.45,0.02
2025-10-09 07:00:00,0.59,0.59,0.59,TB,25OCT12SFTB,0.55,0.02
2025-10-09 08:00:00,0.59,0.59,0.59,TB,25OCT12SFTB,0.55,0.02
2025-10-09 09:00:00,0.59,0.59,0.59,TB,25OCT12SFTB,0.45,0.02
2025-10-09 10:00:00,0.59,0.59,0.59,TB,25OCT12SFTB,0.6,0.02
2025-10-09 11:00:00,0.59,0.59,0.59,TB,25OCT12SFTB,0.55,0.04
2025-10-09 12:00:00,0.59,0.59,0.59,TB,25OCT12SFTB,0.5,0.02
2025-10-09 13:00:00,0.59,0.59,0.59,TB,25OCT12SFTB,0.51,0.03
2025-10-09 14:00:00,0.6,0.6,0.59,TB,25OCT12SFTB,0.51,0.03
2025-10-09 15:00:00,0.6,0.6,0.6,TB,25OCT12SFTB,0.57,0.1
2025-10-09 16:00:00,0.6,0.6,0.6,TB,25OCT12SFTB,0.57,0.1
2025-10-09 17:00:00,0.6,0.6,0.6,TB,25OCT12SFTB,0.27,0.59
2025-10-09 18:00:00,0.6,0.6,0.6,TB,25OCT12SFTB,0.32,0.48
2025-10-09 19:00:00,0.6,0.6,0.6,TB,25OCT12SFTB,0.59,0.09
2025-10-09 20:00:00,0.6,0.6,0.6,TB,25OCT12SFTB,0.59,0.09
2025-10-09 21:00:00,0.6,0.61,0.6,TB,25OCT12SFTB,0.53,0.09
2025-10-09 22:00:00,0.61,0.61,0.6,TB,25OCT12SFTB,0.62,0.01
2025-10-09 23:00:00,0.6,0.61,0.6,TB,25OCT12SFTB,0.5,0.01
2025-10-10 00:00:00,0.61,0.61,0.61,TB,25OCT12SFTB,0.54,0.04
2025-10-10 01:00:00,0.61,0.61,0.6,TB,25OCT12SFTB,0.51,0.0
2025-10-10 02:00:00,0.61,0.61,0.6,TB,25OCT12SFTB,0.48,0.04
2025-10-10 03:00:00,0.61,0.61,0.6,TB,25OCT12SFTB,0.54,0.04
2025-10-10 04:00:00,0.61,0.61,0.6,TB,25OCT12SFTB,0.53,0.04
2025-10-10 05:00:00,0.61,0.61,0.61,TB,25OCT12SFTB,0.53,0.04
2025-10-10 06:00:00,0.61,0.61,0.61,TB,25OCT12SFTB,0.53,0.04
2025-10-10 07:00:00,0.61,0.61,0.6,TB,25OCT12SFTB,0.53,0.04
2025-10-10 08:00:00,0.61,0.61,0.6,TB,25OCT12SFTB,0.53,0.04
2025-10-10 09:00:00,0.61,0.61,0.61,TB,25OCT12SFTB,0.44,0.04
2025-10-10 10:00:00,0.61,0.61,0.61,TB,25OCT12SFTB,0.44,0.04
2025-10-10 11:00:00,0.61,0.61,0.61,TB,25OCT12SFTB,0.44,0.04
2025-10-10 12:00:00,0.61,0.61,0.61,TB,25OCT12SFTB,0.44,0.04
2025-10-10 13:00:00,0.6,0.61,0.6,TB,25OCT12SFTB,0.44,0.04
2025-10-10 14:00:00,0.61,0.61,0.6,TB,25OCT12SFTB,0.0,0.63
2025-10-10 15:00:00,0.61,0.61,0.6,TB,25OCT12SFTB,-0.03,0.68
2025-10-10 16:00:00,0.61,0.61,0.61,TB,25OCT12SFTB,-0.03,0.68
2025-10-10 17:00:00,0.61,0.61,0.61,TB,25OCT12SFTB,0.47,0.68
2025-10-10 18:00:00,0.61,0.61,0.61,TB,25OCT12SFTB,-0.24,0.72
2025-10-10 19:00:00,0.61,0.61,0.6,TB,25OCT12SFTB,-0.6,0.07
2025-10-10 20:00:00,0.61,0.61,0.6,TB,25OCT12SFTB,0.04,0.58
2025-10-10 21:00:00,0.61,0.61,0.6,TB,25OCT12SFTB,-0.52,0.08
2025-10-10 22:00:00,0.63,0.63,0.61,TB,25OCT12SFTB,0.26,0.48
2025-10-10 23:00:00,0.63,0.63,0.62,TB,25OCT12SFTB,0.26,0.48
2025-10-11 00:00:00,0.63,0.63,0.63,TB,25OCT12SFTB,-0.54,0.48
2025-10-11 01:00:00,0.63,0.63,0.62,TB,25OCT12SFTB,0.48,0.48
2025-10-11 02:00:00,0.63,0.63,0.62,TB,25OCT12SFTB,0.48,0.48
2025-10-11 03:00:00,0.63,0.63,0.63,TB,25OCT12SFTB,0.48,0.48
2025-10-11 04:00:00,0.63,0.63,0.62,TB,25OCT12SFTB,0.45,0.48
2025-10-11 05:00:00,0.63,0.64,0.63,TB,25OCT12SFTB,0.45,0.48
2025-10-11 06:00:00,0.63,0.63,0.63,TB,25OCT12SFTB,0.45,0.48
2025-10-11 07:00:00,0.62,0.63,0.62,TB,25OCT12SFTB,0.45,0.48
2025-10-11 08:00:00,0.63,0.63,0.63,TB,25OCT12SFTB,0.45,0.48
2025-10-11 09:00:00,0.63,0.63,0.63,TB,25OCT12SFTB,0.5,0.48
2025-10-11 10:00:00,0.63,0.63,0.63,TB,25OCT12SFTB,0.5,0.48
2025-10-11 11:00:00,0.63,0.63,0.63,TB,25OCT12SFTB,-0.01,0.64
2025-10-11 12:00:00,0.63,0.63,0.63,TB,25OCT12SFTB,-0.68,0.64
2025-10-11 13:00:00,0.63,0.63,0.63,TB,25OCT12SFTB,-0.68,0.64
2025-10-11 14:00:00,0.63,0.63,0.63,TB,25OCT12SFTB,0.54,0.12
2025-10-11 15:00:00,0.63,0.63,0.63,TB,25OCT12SFTB,-0.06,0.66
2025-10-11 16:00:00,0.63,0.63,0.62,TB,25OCT12SFTB,-0.06,0.66
2025-10-11 17:00:00,0.63,0.63,0.62,TB,25OCT12SFTB,-0.06,0.66
2025-10-11 18:00:00,0.62,0.63,0.62,TB,25OCT12SFTB,-0.55,0.66
2025-10-11 19:00:00,0.63,0.63,0.63,TB,25OCT12SFTB,0.53,0.66
2025-10-11 20:00:00,0.63,0.63,0.63,TB,25OCT12SFTB,0.53,0.66
2025-10-11 21:00:00,0.63,0.63,0.63,TB,25OCT12SFTB,-0.47,0.66
2025-10-11 22:00:00,0.63,0.63,0.63,TB,25OCT12SFTB,-0.47,0.66
2025-10-11 23:00:00,0.62,0.63,0.62,TB,25OCT12SFTB,-0.02,0.58
2025-10-12 00:00:00,0.63,0.63,0.62,TB,25OCT12SFTB,-0.22,0.46
2025-10-12 01:00:00,0.63,0.63,0.63,TB,25OCT12SFTB,0.15,0.55
2025-10-12 02:00:00,0.63,0.63,0.63,TB,25OCT12SFTB,0.43,0.05
2025-10-12 03:00:00,0.62,0.63,0.62,TB,25OCT12SFTB,0.43,0.05
2025-10-12 04:00:00,0.63,0.63,0.63,TB,25OCT12SFTB,-0.39,0.05
2025-10-12 05:00:00,0.63,0.63,0.62,TB,25OCT12SFTB,-0.39,0.05
2025-10-12 06:00:00,0.63,0.63,0.62,TB,25OCT12SFTB,-0.39,0.05
2025-10-12 07:00:00,0.62,0.63,0.61,TB,25OCT12SFTB,-0.39,0.05
2025-10-12 08:00:00,0.61,0.62,0.61,TB,25OCT12SFTB,-0.46,0.11
2025-10-12 09:00:00,0.61,0.62,0.61,TB,25OCT12SFTB,-0.46,0.11
2025-10-12 10:00:00,0.63,0.63,0.61,TB,25OCT12SFTB,-0.46,0.11
2025-10-12 11:00:00,0.63,0.63,0.63,TB,25OCT12SFTB,-0.23,0.44
2025-10-12 12:00:00,0.63,0.63,0.63,TB,25OCT12SFTB,-0.39,0.44
2025-10-12 13:00:00,0.62,0.63,0.61,TB,25OCT12SFTB,-0.39,0.44
2025-10-12 14:00:00,0.63,0.63,0.62,TB,25OCT12SFTB,-0.5,0.44
2025-10-12 15:00:00,0.62,0.63,0.61,TB,25OCT12SFTB,-0.5,0.44
2025-10-12 16:00:00,0.64,0.64,0.62,TB,25OCT12SFTB,-0.43,0.44
2025-10-12 17:00:00,0.64,0.64,0.63,TB,25OCT12SFTB,-0.37,0.44
2025-10-12 18:00:00,0.64,0.64,0.63,TB,25OCT12SFTB,0.6,0.07
2025-10-12 19:00:00,0.64,0.64,0.63,TB,25OCT12SFTB,0.55,0.05
2025-10-12 20:00:00,0.64,0.64,0.63,TB,25OCT12SFTB,0.12,0.6
2025-10-12 21:00:00,0.69,0.75,0.57,TB,25OCT12SFTB,0.23,0.52
2025-10-12 22:00:00,0.68,0.79,0.52,TB,25OCT12SFTB,0.58,0.44
2025-10-12 23:00:00,0.81,0.94,0.56,TB,25OCT12SFTB,0.49,0.5
2025-10-06 00:00:00,0.82,0.82,0.36,SF,25OCT12SFTB,0.41,0.22
2025-10-06 01:00:00,0.31,0.63,0.31,SF,25OCT12SFTB,-0.02,0.67
2025-10-06 02:00:00,0.64,0.64,0.31,SF,25OCT12SFTB,-0.14,0.61
2025-10-06 03:00:00,0.59,0.64,0.54,SF,25OCT12SFTB,-0.14,0.61
2025-10-06 04:00:00,0.66,0.66,0.65,SF,25OCT12SFTB,-0.14,0.61
2025-10-06 05:00:00,0.64,0.66,0.6,SF,25OCT12SFTB,0.6,0.61
2025-10-06 06:00:00,0.44,0.55,0.44,SF,25OCT12SFTB,-0.52,0.61
2025-10-06 07:00:00,0.33,0.63,0.33,SF,25OCT12SFTB,-0.08,0.63
2025-10-06 08:00:00,0.33,0.63,0.33,SF,25OCT12SFTB,-0.08,0.63
2025-10-06 09:00:00,0.33,0.63,0.33,SF,25OCT12SFTB,-0.08,0.63
2025-10-06 10:00:00,0.55,0.55,0.55,SF,25OCT12SFTB,-0.08,0.63
2025-10-06 11:00:00,0.55,0.55,0.55,SF,25OCT12SFTB,-0.08,0.63
2025-10-06 12:00:00,0.48,0.48,0.47,SF,25OCT12SFTB,-0.08,0.63
2025-10-06 13:00:00,0.41,0.41,0.38,SF,25OCT12SFTB,-0.08,0.63
2025-10-06 14:00:00,0.41,0.41,0.4,SF,25OCT12SFTB,0.6,0.04
2025-10-06 15:00:00,0.41,0.41,0.4,SF,25OCT12SFTB,0.02,0.63
2025-10-06 16:00:00,0.41,0.41,0.41,SF,25OCT12SFTB,0.47,0.63
2025-10-06 17:00:00,0.41,0.41,0.4,SF,25OCT12SFTB,0.47,0.63
2025-10-06 18:00:00,0.41,0.41,0.41,SF,25OCT12SFTB,0.04,0.76
2025-10-06 19:00:00,0.42,0.42,0.4,SF,25OCT12SFTB,0.04,0.76
2025-10-06 20:00:00,0.42,0.42,0.42,SF,25OCT12SFTB,0.47,0.0
2025-10-06 21:00:00,0.42,0.42,0.41,SF,25OCT12SFTB,-0.48,0.0
2025-10-06 22:00:00,0.42,0.42,0.4,SF,25OCT12SFTB,0.47,0.0
2025-10-06 23:00:00,0.42,0.42,0.41,SF,25OCT12SFTB,0.47,0.0
2025-10-07 00:00:00,0.41,0.42,0.41,SF,25OCT12SFTB,-0.52,0.0
2025-10-07 01:00:00,0.43,0.43,0.41,SF,25OCT12SFTB,-0.52,0.0
2025-10-07 02:00:00,0.43,0.43,0.43,SF,25OCT12SFTB,-0.52,0.0
2025-10-07 03:00:00,0.43,0.43,0.42,SF,25OCT12SFTB,0.51,0.04
2025-10-07 04:00:00,0.43,0.43,0.42,SF,25OCT12SFTB,0.51,0.04
2025-10-07 05:00:00,0.46,0.46,0.41,SF,25OCT12SFTB,0.51,0.04
2025-10-07 06:00:00,0.45,0.46,0.41,SF,25OCT12SFTB,0.51,0.04
2025-10-07 07:00:00,0.44,0.45,0.41,SF,25OCT12SFTB,0.51,0.04
2025-10-07 08:00:00,0.43,0.43,0.43,SF,25OCT12SFTB,0.51,0.04
2025-10-07 09:00:00,0.43,0.43,0.43,SF,25OCT12SFTB,0.51,0.04
2025-10-07 10:00:00,0.43,0.43,0.43,SF,25OCT12SFTB,0.51,0.04
2025-10-07 11:00:00,0.43,0.43,0.43,SF,25OCT12SFTB,0.51,0.04
2025-10-07 12:00:00,0.42,0.42,0.42,SF,25OCT12SFTB,0.51,0.04
2025-10-07 13:00:00,0.42,0.42,0.41,SF,25OCT12SFTB,0.51,0.04
2025-10-07 14:00:00,0.42,0.42,0.41,SF,25OCT12SFTB,0.57,0.04
2025-10-07 15:00:00,0.4,0.42,0.4,SF,25OCT12SFTB,0.57,0.04
2025-10-07 16:00:00,0.41,0.41,0.4,SF,25OCT12SFTB,0.57,0.04
2025-10-07 17:00:00,0.41,0.41,0.41,SF,25OCT12SFTB,0.45,0.04
2025-10-07 18:00:00,0.42,0.42,0.41,SF,25OCT12SFTB,0.45,0.04
2025-10-07 19:00:00,0.42,0.42,0.42,SF,25OCT12SFTB,0.43,0.04
2025-10-07 20:00:00,0.42,0.42,0.41,SF,25OCT12SFTB,0.23,0.68
2025-10-07 21:00:00,0.42,0.42,0.41,SF,25OCT12SFTB,-0.5,0.68
2025-10-07 22:00:00,0.42,0.42,0.41,SF,25OCT12SFTB,-0.5,0.68
2025-10-07 23:00:00,0.42,0.42,0.42,SF,25OCT12SFTB,0.47,0.68
2025-10-08 00:00:00,0.42,0.42,0.41,SF,25OCT12SFTB,0.34,0.08
2025-10-08 01:00:00,0.42,0.42,0.42,SF,25OCT12SFTB,0.34,0.08
2025-10-08 02:00:00,0.42,0.42,0.42,SF,25OCT12SFTB,0.34,0.08
2025-10-08 03:00:00,0.42,0.42,0.41,SF,25OCT12SFTB,0.47,0.08
2025-10-08 04:00:00,0.42,0.42,0.42,SF,25OCT12SFTB,0.47,0.08
2025-10-08 05:00:00,0.42,0.42,0.41,SF,25OCT12SFTB,0.37,0.08
2025-10-08 06:00:00,0.42,0.42,0.42,SF,25OCT12SFTB,0.37,0.08
2025-10-08 07:00:00,0.42,0.42,0.41,SF,25OCT12SFTB,0.37,0.08
2025-10-08 08:00:00,0.42,0.42,0.41,SF,25OCT12SFTB,0.37,0.08
2025-10-08 09:00:00,0.42,0.42,0.41,SF,25OCT12SFTB,0.37,0.08
2025-10-08 10:00:00,0.42,0.42,0.42,SF,25OCT12SFTB,0.37,0.08
2025-10-08 11:00:00,0.42,0.42,0.42,SF,25OCT12SFTB,0.37,0.08
2025-10-08 12:00:00,0.42,0.42,0.42,SF,25OCT12SFTB,0.37,0.08
2025-10-08 13:00:00,0.42,0.42,0.41,SF,25OCT12SFTB,0.37,0.08
2025-10-08 14:00:00,0.42,0.42,0.42,SF,25OCT12SFTB,0.54,0.12
2025-10-08 15:00:00,0.42,0.42,0.42,SF,25OCT12SFTB,0.53,0.02
2025-10-08 16:00:00,0.42,0.42,0.41,SF,25OCT12SFTB,0.49,0.04
2025-10-08 17:00:00,0.42,0.42,0.41,SF,25OCT12SFTB,0.49,0.04
2025-10-08 18:00:00,0.42,0.42,0.41,SF,25OCT12SFTB,0.14,0.57
2025-10-08 19:00:00,0.42,0.42,0.42,SF,25OCT12SFTB,0.53,0.57
2025-10-08 20:00:00,0.42,0.42,0.42,SF,25OCT12SFTB,0.53,0.57
2025-10-08 21:00:00,0.42,0.42,0.41,SF,25OCT12SFTB,0.53,0.57
2025-10-08 22:00:00,0.42,0.42,0.41,SF,25OCT12SFTB,0.53,0.57
2025-10-08 23:00:00,0.41,0.42,0.41,SF,25OCT12SFTB,-0.52,0.57
2025-10-09 00:00:00,0.42,0.42,0.41,SF,25OCT12SFTB,-0.52,0.57
2025-10-09 01:00:00,0.42,0.42,0.42,SF,25OCT12SFTB,-0.49,0.0
2025-10-09 02:00:00,0.42,0.42,0.41,SF,25OCT12SFTB,-0.49,0.0
2025-10-09 03:00:00,0.42,0.42,0.41,SF,25OCT12SFTB,0.43,0.0
2025-10-09 04:00:00,0.42,0.42,0.42,SF,25OCT12SFTB,0.43,0.0
2025-10-09 05:00:00,0.42,0.42,0.42,SF,25OCT12SFTB,0.43,0.0
2025-10-09 06:00:00,0.42,0.42,0.41,SF,25OCT12SFTB,0.43,0.0
2025-10-09 07:00:00,0.42,0.42,0.42,SF,25OCT12SFTB,0.43,0.0
2025-10-09 08:00:00,0.42,0.42,0.42,SF,25OCT12SFTB,0.45,0.03
2025-10-09 09:00:00,0.42,0.42,0.42,SF,25OCT12SFTB,0.45,0.03
2025-10-09 10:00:00,0.42,0.42,0.42,SF,25OCT12SFTB,0.45,0.03
2025-10-09 11:00:00,0.42,0.42,0.42,SF,25OCT12SFTB,0.45,0.03
2025-10-09 12:00:00,0.42,0.42,0.42,SF,25OCT12SFTB,0.45,0.03
2025-10-09 13:00:00,0.42,0.42,0.42,SF,25OCT12SFTB,0.45,0.03
2025-10-09 14:00:00,0.41,0.42,0.41,SF,25OCT12SFTB,0.53,0.03
2025-10-09 15:00:00,0.41,0.41,0.41,SF,25OCT12SFTB,0.51,0.03
2025-10-09 16:00:00,0.41,0.41,0.4,SF,25OCT12SFTB,0.51,0.03
2025-10-09 17:00:00,0.41,0.41,0.4,SF,25OCT12SFTB,0.51,0.03
2025-10-09 18:00:00,0.41,0.41,0.41,SF,25OCT12SFTB,0.51,0.03
2025-10-09 19:00:00,0.41,0.41,0.41,SF,25OCT12SFTB,0.51,0.03
2025-10-09 20:00:00,0.41,0.41,0.41,SF,25OCT12SFTB,0.51,0.03
2025-10-09 21:00:00,0.41,0.41,0.4,SF,25OCT12SFTB,0.51,0.03
2025-10-09 22:00:00,0.41,0.41,0.4,SF,25OCT12SFTB,0.42,0.03
2025-10-09 23:00:00,0.41,0.41,0.4,SF,25OCT12SFTB,0.42,0.03
2025-10-10 00:00:00,0.41,0.41,0.39,SF,25OCT12SFTB,0.42,0.03
2025-10-10 01:00:00,0.41,0.41,0.39,SF,25OCT12SFTB,0.42,0.03
2025-10-10 02:00:00,0.41,0.41,0.39,SF,25OCT12SFTB,0.42,0.03
2025-10-10 03:00:00,0.41,0.41,0.41,SF,25OCT12SFTB,0.42,0.03
2025-10-10 04:00:00,0.41,0.41,0.39,SF,25OCT12SFTB,0.08,0.62
2025-10-10 05:00:00,0.41,0.41,0.41,SF,25OCT12SFTB,0.08,0.62
2025-10-10 06:00:00,0.41,0.41,0.39,SF,25OCT12SFTB,0.08,0.62
2025-10-10 07:00:00,0.41,0.41,0.39,SF,25OCT12SFTB,0.08,0.62
2025-10-10 08:00:00,0.41,0.41,0.41,SF,25OCT12SFTB,0.08,0.62
2025-10-10 09:00:00,0.41,0.41,0.41,SF,25OCT12SFTB,-0.48,0.62
2025-10-10 10:00:00,0.41,0.41,0.41,SF,25OCT12SFTB,-0.48,0.62
2025-10-10 11:00:00,0.41,0.41,0.41,SF,25OCT12SFTB,-0.48,0.62
2025-10-10 12:00:00,0.41,0.41,0.41,SF,25OCT12SFTB,-0.48,0.62
2025-10-10 13:00:00,0.41,0.41,0.41,SF,25OCT12SFTB,-0.48,0.62
2025-10-10 14:00:00,0.41,0.41,0.41,SF,25OCT12SFTB,-0.48,0.62
2025-10-10 15:00:00,0.41,0.41,0.41,SF,25OCT12SFTB,0.51,0.03
2025-10-10 16:00:00,0.41,0.41,0.41,SF,25OCT12SFTB,0.51,0.03
2025-10-10 17:00:00,0.41,0.41,0.41,SF,25OCT12SFTB,0.51,0.03
2025-10-10 18:00:00,0.41,0.41,0.4,SF,25OCT12SFTB,0.48,0.03
2025-10-10 19:00:00,0.41,0.41,0.4,SF,25OCT12SFTB,0.48,0.03
2025-10-10 20:00:00,0.41,0.41,0.4,SF,25OCT12SFTB,0.48,0.03
2025-10-10 21:00:00,0.41,0.41,0.41,SF,25OCT12SFTB,0.48,0.03
2025-10-10 22:00:00,0.38,0.41,0.37,SF,25OCT12SFTB,0.48,0.03
2025-10-10 23:00:00,0.38,0.38,0.37,SF,25OCT12SFTB,0.48,0.03
2025-10-11 00:00:00,0.38,0.38,0.38,SF,25OCT12SFTB,-0.49,0.03
2025-10-11 01:00:00,0.38,0.38,0.38,SF,25OCT12SFTB,-0.49,0.03
2025-10-11 02:00:00,0.38,0.38,0.37,SF,25OCT12SFTB,-0.49,0.03
2025-10-11 03:00:00,0.38,0.38,0.37,SF,25OCT12SFTB,-0.49,0.03
2025-10-11 04:00:00,0.38,0.38,0.37,SF,25OCT12SFTB,-0.49,0.03
2025-10-11 05:00:00,0.38,0.38,0.38,SF,25OCT12SFTB,-0.49,0.03
2025-10-11 06:00:00,0.38,0.38,0.38,SF,25OCT12SFTB,-0.49,0.03
2025-10-11 07:00:00,0.38,0.38,0.37,SF,25OCT12SFTB,0.41,0.03
2025-10-11 08:00:00,0.38,0.38,0.38,SF,25OCT12SFTB,0.41,0.03
2025-10-11 09:00:00,0.38,0.38,0.38,SF,25OCT12SFTB,0.41,0.03
2025-10-11 10:00:00,0.38,0.38,0.38,SF,25OCT12SFTB,0.41,0.03
2025-10-11 11:00:00,0.38,0.38,0.38,SF,25OCT12SFTB,0.41,0.03
2025-10-11 12:00:00,0.38,0.38,0.38,SF,25OCT12SFTB,0.41,0.03
2025-10-11 13:00:00,0.38,0.38,0.38,SF,25OCT12SFTB,0.41,0.03
2025-10-11 14:00:00,0.38,0.38,0.37,SF,25OCT12SFTB,0.52,0.01
2025-10-11 15:00:00,0.38,0.38,0.37,SF,25OCT12SFTB,0.5,0.08
2025-10-11 16:00:00,0.38,0.38,0.37,SF,25OCT12SFTB,0.5,0.08
2025-10-11 17:00:00,0.38,0.38,0.37,SF,25OCT12SFTB,-0.06,0.57
2025-10-11 18:00:00,0.38,0.38,0.38,SF,25OCT12SFTB,-0.06,0.57
2025-10-11 19:00:00,0.38,0.38,0.37,SF,25OCT12SFTB,0.46,0.57
2025-10-11 20:00:00,0.38,0.38,0.37,SF,25OCT12SFTB,0.46,0.57
2025-10-11 21:00:00,0.38,0.38,0.37,SF,25OCT12SFTB,0.46,0.57
2025-10-11 22:00:00,0.38,0.38,0.37,SF,25OCT12SFTB,0.46,0.57
2025-10-11 23:00:00,0.38,0.38,0.38,SF,25OCT12SFTB,0.46,0.57
2025-10-12 00:00:00,0.38,0.38,0.37,SF,25OCT12SFTB,0.46,0.57
2025-10-12 01:00:00,0.38,0.38,0.37,SF,25OCT12SFTB,-0.45,0.57
2025-10-12 02:00:00,0.38,0.38,0.37,SF,25OCT12SFTB,-0.45,0.57
2025-10-12 03:00:00,0.38,0.38,0.37,SF,25OCT12SFTB,-0.31,0.57
2025-10-12 04:00:00,0.38,0.38,0.37,SF,25OCT12SFTB,-0.31,0.57
2025-10-12 05:00:00,0.38,0.38,0.37,SF,25OCT12SFTB,-0.31,0.57
2025-10-12 06:00:00,0.38,0.39,0.37,SF,25OCT12SFTB,-0.31,0.57
2025-10-12 07:00:00,0.39,0.39,0.38,SF,25OCT12SFTB,-0.31,0.57
2025-10-12 08:00:00,0.38,0.39,0.38,SF,25OCT12SFTB,-0.31,0.57
2025-10-12 09:00:00,0.39,0.39,0.38,SF,25OCT12SFTB,-0.31,0.57
2025-10-12 10:00:00,0.38,0.39,0.37,SF,25OCT12SFTB,-0.31,0.57
2025-10-12 11:00:00,0.39,0.39,0.38,SF,25OCT12SFTB,-0.31,0.57
2025-10-12 12:00:00,0.39,0.39,0.39,SF,25OCT12SFTB,-0.31,0.57
2025-10-12 13:00:00,0.39,0.39,0.38,SF,25OCT12SFTB,-0.31,0.57
2025-10-12 14:00:00,0.38,0.39,0.37,SF,25OCT12SFTB,-0.31,0.57
2025-10-12 15:00:00,0.39,0.39,0.37,SF,25OCT12SFTB,0.5,0.57
2025-10-12 16:00:00,0.37,0.39,0.36,SF,25OCT12SFTB,0.43,0.57
2025-10-12 17:00:00,0.37,0.37,0.36,SF,25OCT12SFTB,0.43,0.57
2025-10-12 18:00:00,0.37,0.37,0.36,SF,25OCT12SFTB,0.43,0.57
2025-10-12 19:00:00,0.37,0.37,0.36,SF,25OCT12SFTB,0.43,0.57
2025-10-12 20:00:00,0.37,0.37,0.36,SF,25OCT12SFTB,0.43,0.57
2025-10-12 21:00:00,0.32,0.93,0.25,SF,25OCT12SFTB,0.43,0.57
2025-10-12 22:00:00,0.33,0.48,0.21,SF,25OCT12SFTB,0.37,0.79
2025-10-12 23:00:00,0.18,0.45,0.06,SF,25OCT12SFTB,-0.43,0.51
2025-10-06 00:00:00,0.3,0.3,0.27,TEN,25OCT12TENLV,0.09,0.57
2025-10-06 01:00:00,0.3,0.31,0.3,TEN,25OCT12TENLV,0.58,0.09
2025-10-06 02:00:00,0.32,0.32,0.3,TEN,25OCT12TENLV,-0.12,0.67
2025-10-06 03:00:00,0.32,0.32,0.31,TEN,25OCT12TENLV,-0.26,0.47
2025-10-06 04:00:00,0.29,0.32,0.29,TEN,25OCT12TENLV,0.15,0.52
2025-10-06 05:00:00,0.33,0.33,0.3,TEN,25OCT12TENLV,0.33,0.38
2025-10-06 06:00:00,0.33,0.34,0.3,TEN,25OCT12TENLV,0.65,0.06
2025-10-06 07:00:00,0.33,0.33,0.33,TEN,25OCT12TENLV,0.65,0.06
2025-10-06 08:00:00,0.33,0.33,0.33,TEN,25OCT12TENLV,0.52,0.06
2025-10-06 09:00:00,0.33,0.33,0.33,TEN,25OCT12TENLV,0.52,0.06
2025-10-06 10:00:00,0.31,0.31,0.31,TEN,25OCT12TENLV,-0.06,0.65
2025-10-06 11:00:00,0.31,0.31,0.31,TEN,25OCT12TENLV,-0.6,0.65
2025-10-06 12:00:00,0.33,0.33,0.33,TEN,25OCT12TENLV,-0.6,0.65
2025-10-06 13:00:00,0.32,0.32,0.32,TEN,25OCT12TENLV,-0.04,0.63
2025-10-06 14:00:00,0.32,0.32,0.32,TEN,25OCT12TENLV,0.41,0.43
2025-10-06 15:00:00,0.32,0.32,0.31,TEN,25OCT12TENLV,0.32,0.45
2025-10-06 16:00:00,0.32,0.32,0.32,TEN,25OCT12TENLV,0.14,0.6
2025-10-06 17:00:00,0.32,0.33,0.32,TEN,25OCT12TENLV,0.31,0.59
2025-10-06 18:00:00,0.31,0.33,0.31,TEN,25OCT12TENLV,0.33,0.53
2025-10-06 19:00:00,0.32,0.33,0.32,TEN,25OCT12TENLV,-0.05,0.56
2025-10-06 20:00:00,0.32,0.32,0.32,TEN,25OCT12TENLV,0.45,0.36
2025-10-06 21:00:00,0.33,0.33,0.32,TEN,25OCT12TENLV,0.26,0.54
2025-10-06 22:00:00,0.33,0.33,0.32,TEN,25OCT12TENLV,0.1,0.58
2025-10-06 23:00:00,0.33,0.33,0.32,TEN,25OCT12TENLV,0.22,0.5
2025-10-07 00:00:00,0.33,0.33,0.33,TEN,25OCT12TENLV,0.54,0.5
2025-10-07 01:00:00,0.33,0.33,0.32,TEN,25OCT12TENLV,0.54,0.5
2025-10-07 02:00:00,0.33,0.33,0.32,TEN,25OCT12TENLV,0.49,0.5
2025-10-07 03:00:00,0.33,0.33,0.32,TEN,25OCT12TENLV,0.49,0.5
2025-10-07 04:00:00,0.33,0.33,0.32,TEN,25OCT12TENLV,0.53,0.5
2025-10-07 05:00:00,0.33,0.33,0.32,TEN,25OCT12TENLV,0.51,0.5
2025-10-07 06:00:00,0.33,0.33,0.33,TEN,25OCT12TENLV,0.51,0.5
2025-10-07 07:00:00,0.33,0.33,0.33,TEN,25OCT12TENLV,0.51,0.5
2025-10-07 08:00:00,0.32,0.33,0.32,TEN,25OCT12TENLV,0.51,0.5
2025-10-07 09:00:00,0.33,0.33,0.33,TEN,25OCT12TENLV,0.51,0.5
2025-10-07 10:00:00,0.33,0.33,0.33,TEN,25OCT12TENLV,0.51,0.5
2025-10-07 11:00:00,0.33,0.33,0.33,TEN,25OCT12TENLV,0.51,0.5
2025-10-07 12:00:00,0.33,0.33,0.33,TEN,25OCT12TENLV,0.4,0.5
2025-10-07 13:00:00,0.32,0.33,0.32,TEN,25OCT12TENLV,0.4,0.5
2025-10-07 14:00:00,0.32,0.32,0.32,TEN,25OCT12TENLV,0.46,0.5
2025-10-07 15:00:00,0.32,0.32,0.31,TEN,25OCT12TENLV,0.46,0.5
2025-10-07 16:00:00,0.32,0.32,0.31,TEN,25OCT12TENLV,0.46,0.5
2025-10-07 17:00:00,0.31,0.32,0.31,TEN,25OCT12TENLV,0.46,0.5
2025-10-07 18:00:00,0.32,0.32,0.31,TEN,25OCT12TENLV,-0.15,0.65
2025-10-07 19:00:00,0.32,0.32,0.32,TEN,25OCT12TENLV,-0.48,0.38
2025-10-07 20:00:00,0.32,0.32,0.31,TEN,25OCT12TENLV,0.45,0.45
2025-10-07 21:00:00,0.32,0.32,0.31,TEN,25OCT12TENLV,0.26,0.52
2025-10-07 22:00:00,0.32,0.32,0.32,TEN,25OCT12TENLV,0.53,0.05
2025-10-07 23:00:00,0.32,0.32,0.31,TEN,25OCT12TENLV,0.53,0.05
2025-10-08 00:00:00,0.32,0.32,0.31,TEN,25OCT12TENLV,0.54,0.0
2025-10-08 01:00:00,0.32,0.32,0.32,TEN,25OCT12TENLV,0.02,0.72
2025-10-08 02:00:00,0.32,0.32,0.31,TEN,25OCT12TENLV,0.47,0.72
2025-10-08 03:00:00,0.32,0.32,0.32,TEN,25OCT12TENLV,0.47,0.72
2025-10-08 04:00:00,0.32,0.32,0.32,TEN,25OCT12TENLV,0.47,0.72
2025-10-08 05:00:00,0.32,0.33,0.31,TEN,25OCT12TENLV,0.47,0.72
2025-10-08 06:00:00,0.32,0.32,0.32,TEN,25OCT12TENLV,0.47,0.72
2025-10-08 07:00:00,0.32,0.32,0.32,TEN,25OCT12TENLV,0.51,0.72
2025-10-08 08:00:00,0.32,0.32,0.32,TEN,25OCT12TENLV,0.77,0.72
2025-10-08 09:00:00,0.32,0.32,0.32,TEN,25OCT12TENLV,0.77,0.72
2025-10-08 10:00:00,0.32,0.32,0.32,TEN,25OCT12TENLV,0.43,0.72
2025-10-08 11:00:00,0.32,0.32,0.32,TEN,25OCT12TENLV,-0.02,0.9
2025-10-08 12:00:00,0.32,0.32,0.32,TEN,25OCT12TENLV,-0.06,0.81
2025-10-08 13:00:00,0.32,0.32,0.31,TEN,25OCT12TENLV,0.56,0.11
2025-10-08 14:00:00,0.32,0.32,0.32,TEN,25OCT12TENLV,0.61,0.03
2025-10-08 15:00:00,0.32,0.32,0.32,TEN,25OCT12TENLV,0.22,0.57
2025-10-08 16:00:00,0.32,0.32,0.31,TEN,25OCT12TENLV,-0.26,0.45
2025-10-08 17:00:00,0.32,0.32,0.3,TEN,25OCT12TENLV,-0.19,0.56
2025-10-08 18:00:00,0.32,0.32,0.3,TEN,25OCT12TENLV,0.1,0.49
2025-10-08 19:00:00,0.32,0.32,0.32,TEN,25OCT12TENLV,0.42,0.49
2025-10-08 20:00:00,0.32,0.32,0.31,TEN,25OCT12TENLV,0.61,0.49
2025-10-08 21:00:00,0.33,0.33,0.32,TEN,25OCT12TENLV,0.61,0.49
2025-10-08 22:00:00,0.33,0.34,0.32,TEN,25OCT12TENLV,0.56,0.49
2025-10-08 23:00:00,0.33,0.33,0.32,TEN,25OCT12TENLV,-0.51,0.49
2025-10-09 00:00:00,0.32,0.33,0.32,TEN,25OCT12TENLV,-0.51,0.49
2025-10-09 01:00:00,0.33,0.33,0.32,TEN,25OCT12TENLV,-0.01,0.7
2025-10-09 02:00:00,0.33,0.33,0.32,TEN,25OCT12TENLV,0.42,0.7
2025-10-09 03:00:00,0.33,0.33,0.33,TEN,25OCT12TENLV,-0.49,0.7
2025-10-09 04:00:00,0.33,0.33,0.33,TEN,25OCT12TENLV,-0.49,0.7
2025-10-09 05:00:00,0.33,0.34,0.33,TEN,25OCT12TENLV,-0.49,0.7
2025-10-09 06:00:00,0.33,0.33,0.32,TEN,25OCT12TENLV,0.39,0.7
2025-10-09 07:00:00,0.33,0.33,0.33,TEN,25OCT12TENLV,0.39,0.7
2025-10-09 08:00:00,0.33,0.33,0.33,TEN,25OCT12TENLV,-0.02,0.57
2025-10-09 09:00:00,0.33,0.33,0.33,TEN,25OCT12TENLV,-0.02,0.57
2025-10-09 10:00:00,0.33,0.33,0.33,TEN,25OCT12TENLV,-0.02,0.57
2025-10-09 11:00:00,0.33,0.33,0.33,TEN,25OCT12TENLV,-0.02,0.57
2025-10-09 12:00:00,0.33,0.33,0.33,TEN,25OCT12TENLV,-0.02,0.57
2025-10-09 13:00:00,0.33,0.33,0.32,TEN,25OCT12TENLV,-0.02,0.57
2025-10-09 14:00:00,0.33,0.33,0.33,TEN,25OCT12TENLV,-0.02,0.57
2025-10-09 15:00:00,0.33,0.33,0.33,TEN,25OCT12TENLV,-0.02,0.57
2025-10-09 16:00:00,0.33,0.33,0.32,TEN,25OCT12TENLV,-0.15,0.59
2025-10-09 17:00:00,0.33,0.33,0.33,TEN,25OCT12TENLV,-0.57,0.03
2025-10-09 18:00:00,0.33,0.33,0.33,TEN,25OCT12TENLV,0.69,0.08
2025-10-09 19:00:00,0.33,0.33,0.33,TEN,25OCT12TENLV,0.08,0.64
2025-10-09 20:00:00,0.33,0.33,0.32,TEN,25OCT12TENLV,-0.57,0.64
2025-10-09 21:00:00,0.33,0.33,0.32,TEN,25OCT12TENLV,-0.57,0.64
2025-10-09 22:00:00,0.33,0.33,0.33,TEN,25OCT12TENLV,-0.57,0.64
2025-10-09 23:00:00,0.33,0.33,0.32,TEN,25OCT12TENLV,-0.57,0.64
2025-10-10 00:00:00,0.33,0.33,0.32,TEN,25OCT12TENLV,0.46,0.47
2025-10-10 01:00:00,0.33,0.33,0.33,TEN,25OCT12TENLV,0.51,0.02
2025-10-10 02:00:00,0.33,0.33,0.32,TEN,25OCT12TENLV,0.5,0.03
2025-10-10 03:00:00,0.33,0.33,0.32,TEN,25OCT12TENLV,-0.17,0.59
2025-10-10 04:00:00,0.33,0.33,0.32,TEN,25OCT12TENLV,0.52,0.59
2025-10-10 05:00:00,0.33,0.33,0.32,TEN,25OCT12TENLV,0.52,0.59
2025-10-10 06:00:00,0.33,0.33,0.32,TEN,25OCT12TENLV,0.48,0.59
2025-10-10 07:00:00,0.33,0.33,0.33,TEN,25OCT12TENLV,0.48,0.59
2025-10-10 08:00:00,0.33,0.33,0.33,TEN,25OCT12TENLV,0.48,0.59
2025-10-10 09:00:00,0.33,0.33,0.33,TEN,25OCT12TENLV,0.48,0.59
2025-10-10 10:00:00,0.33,0.33,0.33,TEN,25OCT12TENLV,0.48,0.59
2025-10-10 11:00:00,0.33,0.33,0.33,TEN,25OCT12TENLV,-0.54,0.59
2025-10-10 12:00:00,0.33,0.33,0.33,TEN,25OCT12TENLV,-0.54,0.59
2025-10-10 13:00:00,0.33,0.33,0.32,TEN,25OCT12TENLV,-0.54,0.59
2025-10-10 14:00:00,0.33,0.33,0.32,TEN,25OCT12TENLV,0.45,0.47
2025-10-10 15:00:00,0.33,0.33,0.32,TEN,25OCT12TENLV,0.34,0.44
2025-10-10 16:00:00,0.33,0.33,0.33,TEN,25OCT12TENLV,0.29,0.56
2025-10-10 17:00:00,0.33,0.33,0.32,TEN,25OCT12TENLV,0.48,0.04
2025-10-10 18:00:00,0.33,0.33,0.33,TEN,25OCT12TENLV,0.35,0.52
2025-10-10 19:00:00,0.33,0.33,0.32,TEN,25OCT12TENLV,0.5,0.14
2025-10-10 20:00:00,0.33,0.33,0.32,TEN,25OCT12TENLV,0.51,0.14
2025-10-10 21:00:00,0.33,0.33,0.32,TEN,25OCT12TENLV,0.5,0.06
2025-10-10 22:00:00,0.34,0.34,0.32,TEN,25OCT12TENLV,0.5,0.06
2025-10-10 23:00:00,0.34,0.34,0.33,TEN,25OCT12TENLV,0.5,0.06
2025-10-11 00:00:00,0.34,0.34,0.33,TEN,25OCT12TENLV,0.44,0.06
2025-10-11 01:00:00,0.34,0.34,0.33,TEN,25OCT12TENLV,0.44,0.06
2025-10-11 02:00:00,0.34,0.34,0.33,TEN,25OCT12TENLV,0.5,0.06
2025-10-11 03:00:00,0.34,0.34,0.33,TEN,25OCT12TENLV,0.5,0.06
2025-10-11 04:00:00,0.34,0.34,0.33,TEN,25OCT12TENLV,0.5,0.06
2025-10-11 05:00:00,0.34,0.34,0.33,TEN,25OCT12TENLV,0.5,0.06
2025-10-11 06:00:00,0.34,0.34,0.34,TEN,25OCT12TENLV,0.4,0.06
2025-10-11 07:00:00,0.34,0.34,0.34,TEN,25OCT12TENLV,0.4,0.06
2025-10-11 08:00:00,0.34,0.34,0.34,TEN,25OCT12TENLV,0.4,0.06
2025-10-11 09:00:00,0.34,0.34,0.34,TEN,25OCT12TENLV,0.4,0.06
2025-10-11 10:00:00,0.34,0.34,0.34,TEN,25OCT12TENLV,0.43,0.06
2025-10-11 11:00:00,0.34,0.34,0.34,TEN,25OCT12TENLV,0.4,0.06
2025-10-11 12:00:00,0.34,0.34,0.34,TEN,25OCT12TENLV,0.4,0.06
2025-10-11 13:00:00,0.34,0.34,0.34,TEN,25OCT12TENLV,0.47,0.06
2025-10-11 14:00:00,0.34,0.34,0.34,TEN,25OCT12TENLV,0.5,0.06
2025-10-11 15:00:00,0.34,0.34,0.34,TEN,25OCT12TENLV,0.5,0.06
2025-10-11 16:00:00,0.34,0.34,0.34,TEN,25OCT12TENLV,0.66,0.08
2025-10-11 17:00:00,0.34,0.34,0.34,TEN,25OCT12TENLV,0.66,0.08
2025-10-11 18:00:00,0.34,0.34,0.33,TEN,25OCT12TENLV,0.59,0.07
2025-10-11 19:00:00,0.34,0.34,0.33,TEN,25OCT12TENLV,0.59,0.07
2025-10-11 20:00:00,0.34,0.34,0.33,TEN,25OCT12TENLV,0.44,0.07
2025-10-11 21:00:00,0.34,0.34,0.33,TEN,25OCT12TENLV,0.44,0.07
2025-10-11 22:00:00,0.34,0.34,0.33,TEN,25OCT12TENLV,0.44,0.07
2025-10-11 23:00:00,0.34,0.34,0.33,TEN,25OCT12TENLV,0.52,0.07
2025-10-12 00:00:00,0.34,0.34,0.33,TEN,25OCT12TENLV,0.52,0.07
2025-10-12 01:00:00,0.34,0.34,0.32,TEN,25OCT12TENLV,0.52,0.07
2025-10-12 02:00:00,0.34,0.34,0.33,TEN,25OCT12TENLV,0.52,0.07
2025-10-12 03:00:00,0.34,0.34,0.33,TEN,25OCT12TENLV,0.52,0.07
2025-10-12 04:00:00,0.34,0.34,0.33,TEN,25OCT12TENLV,0.52,0.07
2025-10-12 05:00:00,0.34,0.34,0.33,TEN,25OCT12TENLV,0.52,0.07
2025-10-12 06:00:00,0.34,0.34,0.33,TEN,25OCT12TENLV,0.52,0.07
2025-10-12 07:00:00,0.34,0.34,0.33,TEN,25OCT12TENLV,0.52,0.07
2025-10-12 08:00:00,0.34,0.34,0.33,TEN,25OCT12TENLV,0.52,0.07
2025-10-12 09:00:00,0.34,0.34,0.34,TEN,25OCT12TENLV,0.52,0.07
2025-10-12 10:00:00,0.34,0.34,0.33,TEN,25OCT12TENLV,0.52,0.07
2025-10-12 11:00:00,0.34,0.34,0.34,TEN,25OCT12TENLV,0.52,0.07
2025-10-12 12:00:00,0.34,0.34,0.33,TEN,25OCT12TENLV,0.44,0.07
2025-10-12 13:00:00,0.34,0.34,0.33,TEN,25OCT12TENLV,0.44,0.07
2025-10-12 14:00:00,0.34,0.34,0.33,TEN,25OCT12TENLV,0.44,0.07
2025-10-12 15:00:00,0.37,0.37,0.33,TEN,25OCT12TENLV,0.42,0.03
2025-10-12 16:00:00,0.37,0.37,0.36,TEN,25OCT12TENLV,0.42,0.03
2025-10-12 17:00:00,0.38,0.38,0.36,TEN,25OCT12TENLV,0.42,0.03
2025-10-12 18:00:00,0.37,0.38,0.36,TEN,25OCT12TENLV,0.12,0.76
2025-10-12 19:00:00,0.37,0.37,0.36,TEN,25OCT12TENLV,0.53,0.76
2025-10-12 20:00:00,0.37,0.37,0.36,TEN,25OCT12TENLV,0.53,0.76
2025-10-12 21:00:00,0.17,0.44,0.13,TEN,25OCT12TENLV,0.53,0.76
2025-10-12 22:00:00,0.05,0.22,0.04,TEN,25OCT12TENLV,-0.11,0.66
2025-10-12 23:00:00,0.01,0.07,0.01,TEN,25OCT12TENLV,0.15,0.6
2025-10-05 21:00:00,0.82,0.82,0.53,DAL,25OCT12DALCAR,0.62,0.13
2025-10-05 22:00:00,0.5,0.83,0.49,DAL,25OCT12DALCAR,0.48,0.13
2025-10-05 23:00:00,0.66,0.83,0.65,DAL,25OCT12DALCAR,0.48,0.13
2025-10-06 00:00:00,0.66,0.66,0.66,DAL,25OCT12DALCAR,0.55,0.14
2025-10-06 01:00:00,0.67,0.67,0.65,DAL,25OCT12DALCAR,0.55,0.14
2025-10-06 02:00:00,0.66,0.67,0.63,DAL,25OCT12DALCAR,0.55,0.14
2025-10-06 03:00:00,0.66,0.67,0.65,DAL,25OCT12DALCAR,0.55,0.14
2025-10-06 04:00:00,0.65,0.67,0.65,DAL,25OCT12DALCAR,0.53,0.14
2025-10-06 05:00:00,0.65,0.66,0.64,DAL,25OCT12DALCAR,0.53,0.14
2025-10-06 06:00:00,0.65,0.65,0.63,DAL,25OCT12DALCAR,0.53,0.14
2025-10-06 07:00:00,0.65,0.65,0.65,DAL,25OCT12DALCAR,0.53,0.14
2025-10-06 08:00:00,0.65,0.65,0.65,DAL,25OCT12DALCAR,0.53,0.14
2025-10-06 09:00:00,0.65,0.65,0.65,DAL,25OCT12DALCAR,0.53,0.14
2025-10-06 10:00:00,0.65,0.65,0.65,DAL,25OCT12DALCAR,0.53,0.14
2025-10-06 11:00:00,0.65,0.65,0.65,DAL,25OCT12DALCAR,0.64,0.14
2025-10-06 12:00:00,0.65,0.65,0.65,DAL,25OCT12DALCAR,0.64,0.14
2025-10-06 13:00:00,0.64,0.66,0.63,DAL,25OCT12DALCAR,0.64,0.14
2025-10-06 14:00:00,0.64,0.64,0.64,DAL,25OCT12DALCAR,0.64,0.14
2025-10-06 15:00:00,0.64,0.64,0.63,DAL,25OCT12DALCAR,0.45,0.01
2025-10-06 16:00:00,0.64,0.64,0.64,DAL,25OCT12DALCAR,0.57,0.01
2025-10-06 17:00:00,0.64,0.64,0.64,DAL,25OCT12DALCAR,0.57,0.01
2025-10-06 18:00:00,0.64,0.64,0.64,DAL,25OCT12DALCAR,0.57,0.01
2025-10-06 19:00:00,0.64,0.64,0.64,DAL,25OCT12DALCAR,0.57,0.01
2025-10-06 20:00:00,0.64,0.64,0.64,DAL,25OCT12DALCAR,0.57,0.01
2025-10-06 21:00:00,0.64,0.64,0.64,DAL,25OCT12DALCAR,0.57,0.01
2025-10-06 22:00:00,0.64,0.64,0.64,DAL,25OCT12DALCAR,0.45,0.01
2025-10-06 23:00:00,0.64,0.64,0.64,DAL,25OCT12DALCAR,0.45,0.01
2025-10-07 00:00:00,0.64,0.64,0.63,DAL,25OCT12DALCAR,-0.41,0.01
2025-10-07 01:00:00,0.64,0.64,0.64,DAL,25OCT12DALCAR,-0.41,0.01
2025-10-07 02:00:00,0.64,0.64,0.64,DAL,25OCT12DALCAR,-0.41,0.01
2025-10-07 03:00:00,0.64,0.64,0.63,DAL,25OCT12DALCAR,-0.41,0.01
2025-10-07 04:00:00,0.64,0.64,0.63,DAL,25OCT12DALCAR,-0.41,0.01
2025-10-07 05:00:00,0.64,0.64,0.63,DAL,25OCT12DALCAR,-0.41,0.01
2025-10-07 06:00:00,0.64,0.64,0.63,DAL,25OCT12DALCAR,-0.41,0.01
2025-10-07 07:00:00,0.64,0.64,0.64,DAL,25OCT12DALCAR,-0.41,0.01
2025-10-07 08:00:00,0.64,0.64,0.64,DAL,25OCT12DALCAR,-0.41,0.01
2025-10-07 09:00:00,0.64,0.64,0.64,DAL,25OCT12DALCAR,-0.41,0.01
2025-10-07 10:00:00,0.64,0.64,0.64,DAL,25OCT12DALCAR,-0.41,0.01
2025-10-07 11:00:00,0.64,0.64,0.64,DAL,25OCT12DALCAR,-0.41,0.01
2025-10-07 12:00:00,0.64,0.64,0.64,DAL,25OCT12DALCAR,-0.41,0.01
2025-10-07 13:00:00,0.64,0.64,0.63,DAL,25OCT12DALCAR,-0.41,0.01
2025-10-07 14:00:00,0.64,0.64,0.64,DAL,25OCT12DALCAR,-0.41,0.01
2025-10-07 15:00:00,0.62,0.62,0.61,DAL,25OCT12DALCAR,-0.41,0.01
2025-10-07 16:00:00,0.62,0.62,0.61,DAL,25OCT12DALCAR,0.55,0.01
2025-10-07 17:00:00,0.62,0.62,0.61,DAL,25OCT12DALCAR,0.55,0.01
2025-10-07 18:00:00,0.62,0.62,0.61,DAL,25OCT12DALCAR,0.55,0.01
2025-10-07 19:00:00,0.62,0.62,0.61,DAL,25OCT12DALCAR,0.55,0.01
2025-10-07 20:00:00,0.62,0.62,0.62,DAL,25OCT12DALCAR,0.55,0.01
2025-10-07 21:00:00,0.62,0.62,0.61,DAL,25OCT12DALCAR,0.55,0.01
2025-10-07 22:00:00,0.62,0.62,0.62,DAL,25OCT12DALCAR,0.55,0.01
2025-10-07 23:00:00,0.62,0.62,0.61,DAL,25OCT12DALCAR,0.55,0.01
2025-10-08 00:00:00,0.62,0.63,0.61,DAL,25OCT12DALCAR,0.55,0.01
2025-10-08 01:00:00,0.62,0.62,0.62,DAL,25OCT12DALCAR,0.55,0.01
2025-10-08 02:00:00,0.62,0.62,0.61,DAL,25OCT12DALCAR,0.55,0.01
2025-10-08 03:00:00,0.62,0.62,0.61,DAL,25OCT12DALCAR,0.55,0.01
2025-10-08 04:00:00,0.62,0.62,0.62,DAL,25OCT12DALCAR,0.55,0.01
2025-10-08 05:00:00,0.62,0.62,0.62,DAL,25OCT12DALCAR,0.55,0.01
2025-10-08 06:00:00,0.62,0.62,0.62,DAL,25OCT12DALCAR,0.55,0.01
2025-10-08 07:00:00,0.62,0.62,0.62,DAL,25OCT12DALCAR,0.55,0.01
2025-10-08 08:00:00,0.62,0.62,0.62,DAL,25OCT12DALCAR,0.55,0.01
2025-10-08 09:00:00,0.62,0.62,0.62,DAL,25OCT12DALCAR,0.55,0.01
2025-10-08 10:00:00,0.62,0.62,0.62,DAL,25OCT12DALCAR,0.55,0.01
2025-10-08 11:00:00,0.62,0.62,0.62,DAL,25OCT12DALCAR,0.52,0.01
2025-10-08 12:00:00,0.62,0.62,0.62,DAL,25OCT12DALCAR,0.52,0.01
2025-10-08 13:00:00,0.62,0.62,0.62,DAL,25OCT12DALCAR,0.52,0.01
2025-10-08 14:00:00,0.62,0.62,0.62,DAL,25OCT12DALCAR,0.52,0.01
2025-10-08 15:00:00,0.62,0.62,0.62,DAL,25OCT12DALCAR,0.52,0.01
2025-10-08 16:00:00,0.62,0.62,0.61,DAL,25OCT12DALCAR,0.52,0.01
2025-10-08 17:00:00,0.62,0.62,0.62,DAL,25OCT12DALCAR,0.52,0.01
2025-10-08 18:00:00,0.62,0.62,0.61,DAL,25OCT12DALCAR,0.52,0.01
2025-10-08 19:00:00,0.62,0.62,0.61,DAL,25OCT12DALCAR,0.52,0.01
2025-10-08 20:00:00,0.62,0.62,0.62,DAL,25OCT12DALCAR,0.52,0.01
2025-10-08 21:00:00,0.62,0.62,0.61,DAL,25OCT12DALCAR,0.52,0.01
2025-10-08 22:00:00,0.61,0.62,0.6,DAL,25OCT12DALCAR,0.52,0.01
2025-10-08 23:00:00,0.6,0.61,0.59,DAL,25OCT12DALCAR,0.52,0.01
2025-10-09 00:00:00,0.6,0.6,0.59,DAL,25OCT12DALCAR,0.52,0.01
2025-10-09 01:00:00,0.6,0.6,0.59,DAL,25OCT12DALCAR,0.52,0.01
2025-10-09 02:00:00,0.6,0.6,0.6,DAL,25OCT12DALCAR,0.52,0.01
2025-10-09 03:00:00,0.6,0.6,0.6,DAL,25OCT12DALCAR,0.52,0.01
2025-10-09 04:00:00,0.6,0.6,0.6,DAL,25OCT12DALCAR,0.52,0.01
2025-10-09 05:00:00,0.6,0.6,0.59,DAL,25OCT12DALCAR,0.44,0.01
2025-10-09 06:00:00,0.6,0.6,0.6,DAL,25OCT12DALCAR,0.44,0.01
2025-10-09 07:00:00,0.6,0.6,0.6,DAL,25OCT12DALCAR,0.44,0.01
2025-10-09 08:00:00,0.6,0.6,0.6,DAL,25OCT12DALCAR,0.44,0.01
2025-10-09 09:00:00,0.6,0.6,0.6,DAL,25OCT12DALCAR,0.44,0.01
2025-10-09 10:00:00,0.6,0.6,0.6,DAL,25OCT12DALCAR,0.44,0.01
2025-10-09 11:00:00,0.6,0.6,0.6,DAL,25OCT12DALCAR,0.44,0.01
2025-10-09 12:00:00,0.6,0.6,0.6,DAL,25OCT12DALCAR,0.44,0.01
2025-10-09 13:00:00,0.6,0.6,0.6,DAL,25OCT12DALCAR,0.44,0.01
2025-10-09 14:00:00,0.6,0.6,0.59,DAL,25OCT12DALCAR,-0.65,0.08
2025-10-09 15:00:00,0.6,0.6,0.59,DAL,25OCT12DALCAR,0.02,0.72
2025-10-09 16:00:00,0.6,0.6,0.6,DAL,25OCT12DALCAR,-0.53,0.72
2025-10-09 17:00:00,0.6,0.6,0.6,DAL,25OCT12DALCAR,-0.53,0.72
2025-10-09 18:00:00,0.6,0.6,0.59,DAL,25OCT12DALCAR,-0.53,0.72
2025-10-09 19:00:00,0.6,0.6,0.59,DAL,25OCT12DALCAR,-0.53,0.72
2025-10-09 20:00:00,0.6,0.6,0.59,DAL,25OCT12DALCAR,-0.53,0.72
2025-10-09 21:00:00,0.6,0.6,0.6,DAL,25OCT12DALCAR,-0.05,0.67
2025-10-09 22:00:00,0.6,0.6,0.59,DAL,25OCT12DALCAR,-0.05,0.67
2025-10-09 23:00:00,0.6,0.6,0.59,DAL,25OCT12DALCAR,0.53,0.67
2025-10-10 00:00:00,0.6,0.6,0.59,DAL,25OCT12DALCAR,0.53,0.67
2025-10-10 01:00:00,0.6,0.6,0.59,DAL,25OCT12DALCAR,0.53,0.67
2025-10-10 02:00:00,0.6,0.6,0.59,DAL,25OCT12DALCAR,0.58,0.67
2025-10-10 03:00:00,0.6,0.6,0.59,DAL,25OCT12DALCAR,-0.08,0.86
2025-10-10 04:00:00,0.6,0.6,0.59,DAL,25OCT12DALCAR,-0.39,0.76
2025-10-10 05:00:00,0.6,0.6,0.59,DAL,25OCT12DALCAR,-0.39,0.76
2025-10-10 06:00:00,0.6,0.6,0.59,DAL,25OCT12DALCAR,-0.39,0.76
2025-10-10 07:00:00,0.6,0.6,0.59,DAL,25OCT12DALCAR,-0.39,0.76
2025-10-10 08:00:00,0.6,0.6,0.6,DAL,25OCT12DALCAR,-0.39,0.76
2025-10-10 09:00:00,0.6,0.6,0.6,DAL,25OCT12DALCAR,-0.39,0.76
2025-10-10 10:00:00,0.6,0.6,0.6,DAL,25OCT12DALCAR,-0.39,0.76
2025-10-10 11:00:00,0.6,0.6,0.6,DAL,25OCT12DALCAR,-0.39,0.76
2025-10-10 12:00:00,0.6,0.6,0.6,DAL,25OCT12DALCAR,-0.39,0.76
2025-10-10 13:00:00,0.6,0.6,0.59,DAL,25OCT12DALCAR,-0.62,0.18
2025-10-10 14:00:00,0.6,0.6,0.59,DAL,25OCT12DALCAR,0.49,0.18
2025-10-10 15:00:00,0.6,0.6,0.59,DAL,25OCT12DALCAR,0.49,0.18
2025-10-10 16:00:00,0.6,0.6,0.59,DAL,25OCT12DALCAR,0.49,0.18
2025-10-10 17:00:00,0.6,0.6,0.59,DAL,25OCT12DALCAR,0.49,0.18
2025-10-10 18:00:00,0.6,0.6,0.59,DAL,25OCT12DALCAR,0.49,0.18
2025-10-10 19:00:00,0.59,0.6,0.59,DAL,25OCT12DALCAR,0.49,0.18
2025-10-10 20:00:00,0.6,0.6,0.59,DAL,25OCT12DALCAR,0.49,0.18
2025-10-10 21:00:00,0.6,0.6,0.59,DAL,25OCT12DALCAR,0.54,0.18
2025-10-10 22:00:00,0.6,0.6,0.59,DAL,25OCT12DALCAR,0.54,0.18
2025-10-10 23:00:00,0.6,0.6,0.59,DAL,25OCT12DALCAR,0.67,0.18
2025-10-11 00:00:00,0.6,0.6,0.59,DAL,25OCT12DALCAR,0.67,0.18
2025-10-11 01:00:00,0.6,0.6,0.6,DAL,25OCT12DALCAR,0.67,0.18
2025-10-11 02:00:00,0.6,0.6,0.59,DAL,25OCT12DALCAR,0.67,0.18
2025-10-11 03:00:00,0.6,0.6,0.6,DAL,25OCT12DALCAR,0.67,0.18
2025-10-11 04:00:00,0.6,0.6,0.59,DAL,25OCT12DALCAR,0.67,0.18
2025-10-11 05:00:00,0.6,0.6,0.6,DAL,25OCT12DALCAR,0.67,0.18
2025-10-11 06:00:00,0.6,0.6,0.6,DAL,25OCT12DALCAR,0.67,0.18
2025-10-11 07:00:00,0.6,0.6,0.6,DAL,25OCT12DALCAR,0.67,0.18
2025-10-11 08:00:00,0.6,0.6,0.6,DAL,25OCT12DALCAR,0.67,0.18
2025-10-11 09:00:00,0.59,0.6,0.59,DAL,25OCT12DALCAR,0.67,0.18
2025-10-11 10:00:00,0.59,0.6,0.59,DAL,25OCT12DALCAR,0.67,0.18
2025-10-11 11:00:00,0.6,0.6,0.59,DAL,25OCT12DALCAR,0.67,0.18
2025-10-11 12:00:00,0.6,0.6,0.6,DAL,25OCT12DALCAR,0.67,0.18
2025-10-11 13:00:00,0.6,0.6,0.59,DAL,25OCT12DALCAR,0.67,0.18
2025-10-11 14:00:00,0.6,0.6,0.59,DAL,25OCT12DALCAR,0.67,0.18
2025-10-11 15:00:00,0.6,0.6,0.58,DAL,25OCT12DALCAR,0.67,0.18
2025-10-11 16:00:00,0.6,0.6,0.59,DAL,25OCT12DALCAR,0.67,0.18
2025-10-11 17:00:00,0.6,0.6,0.59,DAL,25OCT12DALCAR,0.67,0.18
2025-10-11 18:00:00,0.59,0.6,0.59,DAL,25OCT12DALCAR,0.67,0.18
2025-10-11 19:00:00,0.6,0.6,0.59,DAL,25OCT12DALCAR,0.67,0.18
2025-10-11 20:00:00,0.6,0.6,0.59,DAL,25OCT12DALCAR,0.67,0.18
2025-10-11 21:00:00,0.6,0.6,0.59,DAL,25OCT12DALCAR,0.67,0.18
2025-10-11 22:00:00,0.6,0.6,0.59,DAL,25OCT12DALCAR,0.67,0.18
2025-10-11 23:00:00,0.6,0.6,0.59,DAL,25OCT12DALCAR,0.67,0.18
2025-10-12 00:00:00,0.6,0.6,0.59,DAL,25OCT12DALCAR,0.67,0.18
2025-10-12 01:00:00,0.6,0.6,0.58,DAL,25OCT12DALCAR,0.67,0.18
2025-10-12 02:00:00,0.6,0.6,0.58,DAL,25OCT12DALCAR,0.67,0.18
2025-10-12 03:00:00,0.6,0.6,0.58,DAL,25OCT12DALCAR,0.67,0.18
2025-10-12 04:00:00,0.6,0.6,0.58,DAL,25OCT12DALCAR,0.67,0.18
2025-10-12 05:00:00,0.6,0.6,0.58,DAL,25OCT12DALCAR,0.67,0.18
2025-10-12 06:00:00,0.6,0.6,0.58,DAL,25OCT12DALCAR,0.67,0.18
2025-10-12 07:00:00,0.6,0.6,0.58,DAL,25OCT12DALCAR,0.67,0.18
2025-10-12 08:00:00,0.6,0.6,0.58,DAL,25OCT12DALCAR,0.67,0.18
2025-10-12 09:00:00,0.58,0.6,0.58,DAL,25OCT12DALCAR,0.67,0.18
2025-10-12 10:00:00,0.6,0.6,0.59,DAL,25OCT12DALCAR,-0.49,0.18
2025-10-12 11:00:00,0.6,0.6,0.6,DAL,25OCT12DALCAR,-0.49,0.18
2025-10-12 12:00:00,0.6,0.6,0.58,DAL,25OCT12DALCAR,0.5,0.18
2025-10-12 13:00:00,0.6,0.6,0.59,DAL,25OCT12DALCAR,0.5,0.18
2025-10-12 14:00:00,0.6,0.6,0.59,DAL,25OCT12DALCAR,0.5,0.18
2025-10-12 15:00:00,0.6,0.6,0.59,DAL,25OCT12DALCAR,0.5,0.18
2025-10-12 16:00:00,0.6,0.6,0.59,DAL,25OCT12DALCAR,0.5,0.18
2025-10-12 17:00:00,0.6,0.6,0.58,DAL,25OCT12DALCAR,0.5,0.18
2025-10-12 18:00:00,0.56,0.75,0.43,DAL,25OCT12DALCAR,0.38,0.18
2025-10-12 19:00:00,0.51,0.71,0.38,DAL,25OCT12DALCAR,0.38,0.18
2025-10-12 20:00:00,0.14,0.68,0.13,DAL,25OCT12DALCAR,-0.72,0.01
2025-10-06 16:00:00,0.68,0.68,0.68,LAC,25OCT12LACMIA,-0.04,0.97
2025-10-06 17:00:00,0.68,0.68,0.68,LAC,25OCT12LACMIA,-0.04,0.97
2025-10-06 18:00:00,0.68,0.68,0.68,LAC,25OCT12LACMIA,-0.04,0.97
2025-10-06 19:00:00,0.67,0.68,0.67,LAC,25OCT12LACMIA,-0.04,0.97
2025-10-06 20:00:00,0.67,0.67,0.67,LAC,25OCT12LACMIA,-0.04,0.97
2025-10-06 21:00:00,0.67,0.67,0.67,LAC,25OCT12LACMIA,-0.04,0.97
2025-10-06 22:00:00,0.67,0.67,0.67,LAC,25OCT12LACMIA,-0.61,0.97
2025-10-06 23:00:00,0.67,0.67,0.66,LAC,25OCT12LACMIA,-0.61,0.97
2025-10-07 00:00:00,0.67,0.67,0.67,LAC,25OCT12LACMIA,-0.61,0.97
2025-10-07 01:00:00,0.67,0.67,0.67,LAC,25OCT12LACMIA,-0.61,0.97
2025-10-07 02:00:00,0.67,0.67,0.67,LAC,25OCT12LACMIA,-0.61,0.97
2025-10-07 03:00:00,0.67,0.67,0.67,LAC,25OCT12LACMIA,0.63,0.97
2025-10-07 04:00:00,0.67,0.67,0.66,LAC,25OCT12LACMIA,0.63,0.97
2025-10-07 05:00:00,0.67,0.67,0.66,LAC,25OCT12LACMIA,0.63,0.97
2025-10-07 06:00:00,0.67,0.67,0.66,LAC,25OCT12LACMIA,0.63,0.97
2025-10-07 07:00:00,0.67,0.67,0.67,LAC,25OCT12LACMIA,0.63,0.97
2025-10-07 08:00:00,0.67,0.67,0.67,LAC,25OCT12LACMIA,0.63,0.97
2025-10-07 09:00:00,0.67,0.67,0.67,LAC,25OCT12LACMIA,0.63,0.97
2025-10-07 10:00:00,0.67,0.67,0.67,LAC,25OCT12LACMIA,0.63,0.97
2025-10-07 11:00:00,0.67,0.67,0.67,LAC,25OCT12LACMIA,0.63,0.97
2025-10-07 12:00:00,0.67,0.67,0.67,LAC,25OCT12LACMIA,0.63,0.97
2025-10-07 13:00:00,0.67,0.67,0.66,LAC,25OCT12LACMIA,0.63,0.97
2025-10-07 14:00:00,0.66,0.67,0.66,LAC,25OCT12LACMIA,0.63,0.97
2025-10-07 15:00:00,0.65,0.66,0.65,LAC,25OCT12LACMIA,0.63,0.97
2025-10-07 16:00:00,0.66,0.66,0.64,LAC,25OCT12LACMIA,0.63,0.97
2025-10-07 17:00:00,0.66,0.66,0.65,LAC,25OCT12LACMIA,0.63,0.97
2025-10-07 18:00:00,0.66,0.66,0.66,LAC,25OCT12LACMIA,0.63,0.97
2025-10-07 19:00:00,0.66,0.66,0.66,LAC,25OCT12LACMIA,0.63,0.97
2025-10-07 20:00:00,0.66,0.66,0.66,LAC,25OCT12LACMIA,0.82,0.97
2025-10-07 21:00:00,0.67,0.67,0.66,LAC,25OCT12LACMIA,0.63,0.97
2025-10-07 22:00:00,0.67,0.67,0.66,LAC,25OCT12LACMIA,0.63,0.97
2025-10-07 23:00:00,0.67,0.67,0.67,LAC,25OCT12LACMIA,0.63,0.97
2025-10-08 00:00:00,0.67,0.67,0.67,LAC,25OCT12LACMIA,0.63,0.97
2025-10-08 01:00:00,0.67,0.67,0.67,LAC,25OCT12LACMIA,0.63,0.97
2025-10-08 02:00:00,0.67,0.67,0.67,LAC,25OCT12LACMIA,0.63,0.97
2025-10-08 03:00:00,0.67,0.67,0.67,LAC,25OCT12LACMIA,0.63,0.97
2025-10-08 04:00:00,0.67,0.67,0.66,LAC,25OCT12LACMIA,0.63,0.97
2025-10-08 05:00:00,0.67,0.67,0.67,LAC,25OCT12LACMIA,0.63,0.97
2025-10-08 06:00:00,0.67,0.67,0.67,LAC,25OCT12LACMIA,0.63,0.97
2025-10-08 07:00:00,0.67,0.67,0.66,LAC,25OCT12LACMIA,0.63,0.97
2025-10-08 08:00:00,0.67,0.67,0.67,LAC,25OCT12LACMIA,0.63,0.97
2025-10-08 09:00:00,0.67,0.67,0.67,LAC,25OCT12LACMIA,0.63,0.97
2025-10-08 10:00:00,0.67,0.67,0.67,LAC,25OCT12LACMIA,0.63,0.97
2025-10-08 11:00:00,0.67,0.67,0.67,LAC,25OCT12LACMIA,0.63,0.97
2025-10-08 12:00:00,0.67,0.67,0.67,LAC,25OCT12LACMIA,0.63,0.97
2025-10-08 13:00:00,0.67,0.67,0.67,LAC,25OCT12LACMIA,0.63,0.97
2025-10-08 14:00:00,0.66,0.67,0.66,LAC,25OCT12LACMIA,0.58,0.97
2025-10-08 15:00:00,0.67,0.67,0.67,LAC,25OCT12LACMIA,0.58,0.97
2025-10-08 16:00:00,0.66,0.67,0.66,LAC,25OCT12LACMIA,0.58,0.97
2025-10-08 17:00:00,0.67,0.67,0.66,LAC,25OCT12LACMIA,0.58,0.97
2025-10-08 18:00:00,0.67,0.67,0.65,LAC,25OCT12LACMIA,0.66,0.97
2025-10-08 19:00:00,0.66,0.67,0.65,LAC,25OCT12LACMIA,0.64,0.97
2025-10-08 20:00:00,0.67,0.67,0.65,LAC,25OCT12LACMIA,0.64,0.97
2025-10-08 21:00:00,0.67,0.67,0.67,LAC,25OCT12LACMIA,0.64,0.97
2025-10-08 22:00:00,0.66,0.66,0.65,LAC,25OCT12LACMIA,0.65,0.97
2025-10-08 23:00:00,0.66,0.66,0.65,LAC,25OCT12LACMIA,0.65,0.97
2025-10-09 00:00:00,0.66,0.66,0.66,LAC,25OCT12LACMIA,0.65,0.97
2025-10-09 01:00:00,0.66,0.66,0.66,LAC,25OCT12LACMIA,0.65,0.97
2025-10-09 02:00:00,0.65,0.65,0.65,LAC,25OCT12LACMIA,0.65,0.97
2025-10-09 03:00:00,0.65,0.65,0.65,LAC,25OCT12LACMIA,0.65,0.97
2025-10-09 04:00:00,0.65,0.65,0.65,LAC,25OCT12LACMIA,0.65,0.97
2025-10-09 05:00:00,0.65,0.65,0.65,LAC,25OCT12LACMIA,0.65,0.97
2025-10-09 06:00:00,0.65,0.65,0.65,LAC,25OCT12LACMIA,0.65,0.97
2025-10-09 07:00:00,0.65,0.65,0.65,LAC,25OCT12LACMIA,0.65,0.97
2025-10-09 08:00:00,0.65,0.65,0.65,LAC,25OCT12LACMIA,0.65,0.97
2025-10-09 09:00:00,0.65,0.65,0.65,LAC,25OCT12LACMIA,0.65,0.97
2025-10-09 10:00:00,0.65,0.65,0.65,LAC,25OCT12LACMIA,0.65,0.97
2025-10-09 11:00:00,0.65,0.65,0.65,LAC,25OCT12LACMIA,0.65,0.97
2025-10-09 12:00:00,0.65,0.65,0.65,LAC,25OCT12LACMIA,0.65,0.97
2025-10-09 13:00:00,0.65,0.65,0.65,LAC,25OCT12LACMIA,0.65,0.97
2025-10-09 14:00:00,0.65,0.65,0.64,LAC,25OCT12LACMIA,0.65,0.97
2025-10-09 15:00:00,0.65,0.65,0.65,LAC,25OCT12LACMIA,0.65,0.97
2025-10-09 16:00:00,0.65,0.65,0.64,LAC,25OCT12LACMIA,0.65,0.97
2025-10-09 17:00:00,0.65,0.65,0.65,LAC,25OCT12LACMIA,0.65,0.97
2025-10-09 18:00:00,0.65,0.65,0.65,LAC,25OCT12LACMIA,0.65,0.97
2025-10-09 19:00:00,0.65,0.65,0.64,LAC,25OCT12LACMIA,0.65,0.97
2025-10-09 20:00:00,0.65,0.65,0.64,LAC,25OCT12LACMIA,0.65,0.97
2025-10-09 21:00:00,0.65,0.65,0.64,LAC,25OCT12LACMIA,0.65,0.97
2025-10-09 22:00:00,0.65,0.65,0.65,LAC,25OCT12LACMIA,0.65,0.97
2025-10-09 23:00:00,0.64,0.65,0.64,LAC,25OCT12LACMIA,0.65,0.97
2025-10-10 00:00:00,0.65,0.65,0.64,LAC,25OCT12LACMIA,0.65,0.97
2025-10-10 01:00:00,0.65,0.65,0.65,LAC,25OCT12LACMIA,0.65,0.97
2025-10-10 02:00:00,0.65,0.65,0.65,LAC,25OCT12LACMIA,0.65,0.97
2025-10-10 03:00:00,0.65,0.65,0.65,LAC,25OCT12LACMIA,0.65,0.97
2025-10-10 04:00:00,0.65,0.65,0.65,LAC,25OCT12LACMIA,0.65,0.97
2025-10-10 05:00:00,0.65,0.65,0.64,LAC,25OCT12LACMIA,0.65,0.97
2025-10-10 06:00:00,0.65,0.65,0.64,LAC,25OCT12LACMIA,0.65,0.97
2025-10-10 07:00:00,0.65,0.65,0.64,LAC,25OCT12LACMIA,0.65,0.97
2025-10-10 08:00:00,0.65,0.65,0.64,LAC,25OCT12LACMIA,0.65,0.97
2025-10-10 09:00:00,0.65,0.65,0.65,LAC,25OCT12LACMIA,0.65,0.97
2025-10-10 10:00:00,0.65,0.65,0.65,LAC,25OCT12LACMIA,0.65,0.97
2025-10-10 11:00:00,0.65,0.65,0.65,LAC,25OCT12LACMIA,0.65,0.97
2025-10-10 12:00:00,0.65,0.65,0.65,LAC,25OCT12LACMIA,0.65,0.97
2025-10-10 13:00:00,0.65,0.65,0.65,LAC,25OCT12LACMIA,0.65,0.97
2025-10-10 14:00:00,0.65,0.65,0.65,LAC,25OCT12LACMIA,0.65,0.97
2025-10-10 15:00:00,0.65,0.65,0.65,LAC,25OCT12LACMIA,0.65,0.97
2025-10-10 16:00:00,0.65,0.65,0.65,LAC,25OCT12LACMIA,0.65,0.97
2025-10-10 17:00:00,0.65,0.65,0.64,LAC,25OCT12LACMIA,0.65,0.97
2025-10-10 18:00:00,0.65,0.65,0.64,LAC,25OCT12LACMIA,0.65,0.97
2025-10-10 19:00:00,0.65,0.65,0.65,LAC,25OCT12LACMIA,0.65,0.97
2025-10-10 20:00:00,0.65,0.65,0.64,LAC,25OCT12LACMIA,0.74,0.97
2025-10-10 21:00:00,0.65,0.65,0.65,LAC,25OCT12LACMIA,0.74,0.97
2025-10-10 22:00:00,0.65,0.65,0.64,LAC,25OCT12LACMIA,0.74,0.97
2025-10-10 23:00:00,0.65,0.65,0.65,LAC,25OCT12LACMIA,0.66,0.97
2025-10-11 00:00:00,0.65,0.65,0.64,LAC,25OCT12LACMIA,0.66,0.97
2025-10-11 01:00:00,0.65,0.65,0.64,LAC,25OCT12LACMIA,0.66,0.97
2025-10-11 02:00:00,0.65,0.65,0.64,LAC,25OCT12LACMIA,0.66,0.97
2025-10-11 03:00:00,0.65,0.65,0.65,LAC,25OCT12LACMIA,0.66,0.97
2025-10-11 04:00:00,0.65,0.65,0.65,LAC,25OCT12LACMIA,0.66,0.97
2025-10-11 05:00:00,0.65,0.65,0.65,LAC,25OCT12LACMIA,0.66,0.97
2025-10-11 06:00:00,0.65,0.65,0.64,LAC,25OCT12LACMIA,0.66,0.97
2025-10-11 07:00:00,0.65,0.65,0.65,LAC,25OCT12LACMIA,0.66,0.97
2025-10-11 08:00:00,0.65,0.65,0.65,LAC,25OCT12LACMIA,0.66,0.97
2025-10-11 09:00:00,0.65,0.65,0.65,LAC,25OCT12LACMIA,0.66,0.97
2025-10-11 10:00:00,0.65,0.65,0.65,LAC,25OCT12LACMIA,0.66,0.97
2025-10-11 11:00:00,0.65,0.65,0.65,LAC,25OCT12LACMIA,0.66,0.97
2025-10-11 12:00:00,0.65,0.65,0.65,LAC,25OCT12LACMIA,0.66,0.97
2025-10-11 13:00:00,0.65,0.65,0.65,LAC,25OCT12LACMIA,0.66,0.97
2025-10-11 14:00:00,0.66,0.66,0.65,LAC,25OCT12LACMIA,0.66,0.97
2025-10-11 15:00:00,0.66,0.66,0.66,LAC,25OCT12LACMIA,0.66,0.97
2025-10-11 16:00:00,0.66,0.66,0.65,LAC,25OCT12LACMIA,0.66,0.97
2025-10-11 17:00:00,0.66,0.66,0.65,LAC,25OCT12LACMIA,0.66,0.97
2025-10-11 18:00:00,0.66,0.66,0.66,LAC,25OCT12LACMIA,0.66,0.97
2025-10-11 19:00:00,0.66,0.66,0.65,LAC,25OCT12LACMIA,0.66,0.97
2025-10-11 20:00:00,0.66,0.66,0.65,LAC,25OCT12LACMIA,0.66,0.97
2025-10-11 21:00:00,0.67,0.67,0.66,LAC,25OCT12LACMIA,0.66,0.97
2025-10-11 22:00:00,0.67,0.67,0.67,LAC,25OCT12LACMIA,0.66,0.97
2025-10-11 23:00:00,0.67,0.67,0.66,LAC,25OCT12LACMIA,0.66,0.97
2025-10-12 00:00:00,0.67,0.67,0.66,LAC,25OCT12LACMIA,0.66,0.97
2025-10-12 01:00:00,0.66,0.67,0.65,LAC,25OCT12LACMIA,0.66,0.97
2025-10-12 02:00:00,0.66,0.66,0.65,LAC,25OCT12LACMIA,0.62,0.97
2025-10-12 03:00:00,0.66,0.66,0.65,LAC,25OCT12LACMIA,0.62,0.97
2025-10-12 04:00:00,0.66,0.66,0.66,LAC,25OCT12LACMIA,0.62,0.97
2025-10-12 05:00:00,0.66,0.66,0.65,LAC,25OCT12LACMIA,0.62,0.97
2025-10-12 06:00:00,0.66,0.66,0.65,LAC,25OCT12LACMIA,0.62,0.97
2025-10-12 07:00:00,0.66,0.66,0.65,LAC,25OCT12LACMIA,0.62,0.97
2025-10-12 08:00:00,0.66,0.66,0.66,LAC,25OCT12LACMIA,0.62,0.97
2025-10-12 09:00:00,0.66,0.66,0.65,LAC,25OCT12LACMIA,0.62,0.97
2025-10-12 10:00:00,0.66,0.66,0.66,LAC,25OCT12LACMIA,0.62,0.97
2025-10-12 11:00:00,0.66,0.66,0.66,LAC,25OCT12LACMIA,0.62,0.97
2025-10-12 12:00:00,0.65,0.66,0.65,LAC,25OCT12LACMIA,0.62,0.97
2025-10-12 13:00:00,0.65,0.65,0.64,LAC,25OCT12LACMIA,0.62,0.97
2025-10-12 14:00:00,0.65,0.65,0.64,LAC,25OCT12LACMIA,0.62,0.97
2025-10-12 15:00:00,0.65,0.65,0.64,LAC,25OCT12LACMIA,0.62,0.97
2025-10-12 16:00:00,0.65,0.65,0.64,LAC,25OCT12LACMIA,-0.0,0.8
2025-10-12 17:00:00,0.65,0.65,0.64,LAC,25OCT12LACMIA,-0.0,0.8
2025-10-12 18:00:00,0.67,0.76,0.52,LAC,25OCT12LACMIA,-0.0,0.8
2025-10-12 19:00:00,0.82,0.84,0.45,LAC,25OCT12LACMIA,-0.0,0.8
2025-10-12 20:00:00,0.99,0.99,0.21,LAC,25OCT12LACMIA,0.53,0.52
2025-10-05 21:00:00,0.3,0.51,0.3,JAC,25OCT12SEAJAC,0.57,0.98
2025-10-05 22:00:00,0.3,0.3,0.3,JAC,25OCT12SEAJAC,0.57,0.98
2025-10-05 23:00:00,0.3,0.3,0.3,JAC,25OCT12SEAJAC,0.57,0.98
2025-10-06 00:00:00,0.52,0.52,0.52,JAC,25OCT12SEAJAC,0.57,0.98
2025-10-06 01:00:00,0.52,0.52,0.52,JAC,25OCT12SEAJAC,0.56,0.98
2025-10-06 02:00:00,0.52,0.52,0.52,JAC,25OCT12SEAJAC,0.56,0.98
2025-10-06 03:00:00,0.52,0.52,0.52,JAC,25OCT12SEAJAC,0.56,0.98
2025-10-06 04:00:00,0.51,0.52,0.49,JAC,25OCT12SEAJAC,0.56,0.98
2025-10-06 05:00:00,0.49,0.5,0.49,JAC,25OCT12SEAJAC,0.56,0.98
2025-10-06 06:00:00,0.5,0.5,0.46,JAC,25OCT12SEAJAC,0.56,0.98
2025-10-06 07:00:00,0.49,0.49,0.49,JAC,25OCT12SEAJAC,0.56,0.98
2025-10-06 08:00:00,0.49,0.49,0.49,JAC,25OCT12SEAJAC,0.56,0.98
2025-10-06 09:00:00,0.49,0.49,0.49,JAC,25OCT12SEAJAC,0.56,0.98
2025-10-06 10:00:00,0.49,0.49,0.48,JAC,25OCT12SEAJAC,0.47,0.98
2025-10-06 11:00:00,0.49,0.49,0.48,JAC,25OCT12SEAJAC,0.68,0.98
2025-10-06 12:00:00,0.49,0.49,0.49,JAC,25OCT12SEAJAC,0.68,0.98
2025-10-06 13:00:00,0.49,0.49,0.47,JAC,25OCT12SEAJAC,0.68,0.98
2025-10-06 14:00:00,0.48,0.48,0.47,JAC,25OCT12SEAJAC,0.68,0.98
2025-10-06 15:00:00,0.48,0.48,0.48,JAC,25OCT12SEAJAC,0.68,0.98
2025-10-06 16:00:00,0.48,0.48,0.48,JAC,25OCT12SEAJAC,0.68,0.98
2025-10-06 17:00:00,0.47,0.48,0.47,JAC,25OCT12SEAJAC,0.7,0.98
2025-10-06 18:00:00,0.47,0.47,0.47,JAC,25OCT12SEAJAC,0.7,0.98
2025-10-06 19:00:00,0.48,0.48,0.47,JAC,25OCT12SEAJAC,0.7,0.98
2025-10-06 20:00:00,0.48,0.48,0.47,JAC,25OCT12SEAJAC,0.7,0.98
2025-10-06 21:00:00,0.48,0.48,0.48,JAC,25OCT12SEAJAC,0.7,0.98
2025-10-06 22:00:00,0.48,0.48,0.48,JAC,25OCT12SEAJAC,0.7,0.98
2025-10-06 23:00:00,0.48,0.48,0.48,JAC,25OCT12SEAJAC,0.7,0.98
2025-10-07 00:00:00,0.48,0.48,0.48,JAC,25OCT12SEAJAC,0.5,0.98
2025-10-07 01:00:00,0.48,0.48,0.48,JAC,25OCT12SEAJAC,0.5,0.98
2025-10-07 02:00:00,0.48,0.48,0.47,JAC,25OCT12SEAJAC,0.5,0.98
2025-10-07 03:00:00,0.48,0.51,0.48,JAC,25OCT12SEAJAC,0.58,0.11
2025-10-07 04:00:00,0.52,0.52,0.47,JAC,25OCT12SEAJAC,0.47,0.02
2025-10-07 05:00:00,0.49,0.52,0.48,JAC,25OCT12SEAJAC,0.6,0.03
2025-10-07 06:00:00,0.51,0.52,0.49,JAC,25OCT12SEAJAC,0.5,0.03
2025-10-07 07:00:00,0.51,0.51,0.51,JAC,25OCT12SEAJAC,0.54,0.03
2025-10-07 08:00:00,0.49,0.49,0.49,JAC,25OCT12SEAJAC,0.54,0.03
2025-10-07 09:00:00,0.49,0.49,0.49,JAC,25OCT12SEAJAC,0.76,0.03
2025-10-07 10:00:00,0.49,0.49,0.49,JAC,25OCT12SEAJAC,0.76,0.03
2025-10-07 11:00:00,0.49,0.49,0.49,JAC,25OCT12SEAJAC,0.76,0.03
2025-10-07 12:00:00,0.49,0.49,0.49,JAC,25OCT12SEAJAC,0.65,0.03
2025-10-07 13:00:00,0.5,0.51,0.49,JAC,25OCT12SEAJAC,0.7,0.02
2025-10-07 14:00:00,0.51,0.51,0.5,JAC,25OCT12SEAJAC,0.7,0.02
2025-10-07 15:00:00,0.52,0.52,0.5,JAC,25OCT12SEAJAC,0.58,0.02
2025-10-07 16:00:00,0.52,0.52,0.52,JAC,25OCT12SEAJAC,0.55,0.02
2025-10-07 17:00:00,0.52,0.52,0.51,JAC,25OCT12SEAJAC,-0.72,0.02
2025-10-07 18:00:00,0.52,0.52,0.51,JAC,25OCT12SEAJAC,-0.72,0.02
2025-10-07 19:00:00,0.52,0.52,0.52,JAC,25OCT12SEAJAC,-0.72,0.02
2025-10-07 20:00:00,0.53,0.53,0.52,JAC,25OCT12SEAJAC,-0.72,0.02
2025-10-07 21:00:00,0.53,0.53,0.52,JAC,25OCT12SEAJAC,-0.56,0.02
2025-10-07 22:00:00,0.52,0.53,0.52,JAC,25OCT12SEAJAC,-0.56,0.02
2025-10-07 23:00:00,0.53,0.53,0.53,JAC,25OCT12SEAJAC,0.53,0.02
2025-10-08 00:00:00,0.52,0.53,0.52,JAC,25OCT12SEAJAC,0.63,0.03
2025-10-08 01:00:00,0.53,0.53,0.52,JAC,25OCT12SEAJAC,0.63,0.03
2025-10-08 02:00:00,0.53,0.53,0.52,JAC,25OCT12SEAJAC,0.59,0.05
2025-10-08 03:00:00,0.53,0.53,0.52,JAC,25OCT12SEAJAC,0.59,0.05
2025-10-08 04:00:00,0.53,0.53,0.53,JAC,25OCT12SEAJAC,0.59,0.05
2025-10-08 05:00:00,0.53,0.53,0.52,JAC,25OCT12SEAJAC,0.59,0.05
2025-10-08 06:00:00,0.53,0.53,0.53,JAC,25OCT12SEAJAC,0.59,0.05
2025-10-08 07:00:00,0.53,0.53,0.53,JAC,25OCT12SEAJAC,0.59,0.05
2025-10-08 08:00:00,0.53,0.53,0.53,JAC,25OCT12SEAJAC,0.59,0.05
2025-10-08 09:00:00,0.53,0.53,0.53,JAC,25OCT12SEAJAC,0.59,0.05
2025-10-08 10:00:00,0.53,0.53,0.53,JAC,25OCT12SEAJAC,0.59,0.05
2025-10-08 11:00:00,0.53,0.53,0.53,JAC,25OCT12SEAJAC,0.59,0.05
2025-10-08 12:00:00,0.53,0.53,0.53,JAC,25OCT12SEAJAC,0.82,0.05
2025-10-08 13:00:00,0.53,0.53,0.53,JAC,25OCT12SEAJAC,0.82,0.05
2025-10-08 14:00:00,0.53,0.53,0.52,JAC,25OCT12SEAJAC,0.82,0.05
2025-10-08 15:00:00,0.53,0.53,0.53,JAC,25OCT12SEAJAC,0.82,0.05
2025-10-08 16:00:00,0.53,0.53,0.53,JAC,25OCT12SEAJAC,0.82,0.05
2025-10-08 17:00:00,0.53,0.53,0.52,JAC,25OCT12SEAJAC,0.66,0.05
2025-10-08 18:00:00,0.53,0.53,0.53,JAC,25OCT12SEAJAC,0.66,0.05
2025-10-08 19:00:00,0.53,0.53,0.52,JAC,25OCT12SEAJAC,0.66,0.05
2025-10-08 20:00:00,0.52,0.53,0.52,JAC,25OCT12SEAJAC,0.66,0.05
2025-10-08 21:00:00,0.52,0.52,0.52,JAC,25OCT12SEAJAC,0.66,0.05
2025-10-08 22:00:00,0.52,0.52,0.51,JAC,25OCT12SEAJAC,0.66,0.05
2025-10-08 23:00:00,0.52,0.52,0.52,JAC,25OCT12SEAJAC,0.66,0.05
2025-10-09 00:00:00,0.52,0.52,0.52,JAC,25OCT12SEAJAC,0.66,0.05
2025-10-09 01:00:00,0.52,0.52,0.52,JAC,25OCT12SEAJAC,0.66,0.05
2025-10-09 02:00:00,0.51,0.52,0.5,JAC,25OCT12SEAJAC,0.66,0.05
2025-10-09 03:00:00,0.5,0.51,0.49,JAC,25OCT12SEAJAC,0.66,0.05
2025-10-09 04:00:00,0.5,0.5,0.49,JAC,25OCT12SEAJAC,0.66,0.05
2025-10-09 05:00:00,0.5,0.5,0.5,JAC,25OCT12SEAJAC,0.66,0.05
2025-10-09 06:00:00,0.5,0.5,0.5,JAC,25OCT12SEAJAC,0.66,0.05
2025-10-09 07:00:00,0.5,0.5,0.5,JAC,25OCT12SEAJAC,0.66,0.05
2025-10-09 08:00:00,0.5,0.5,0.5,JAC,25OCT12SEAJAC,0.66,0.05
2025-10-09 09:00:00,0.5,0.5,0.5,JAC,25OCT12SEAJAC,-0.6,0.05
2025-10-09 10:00:00,0.5,0.5,0.5,JAC,25OCT12SEAJAC,-0.6,0.05
2025-10-09 11:00:00,0.5,0.5,0.5,JAC,25OCT12SEAJAC,-0.6,0.05
2025-10-09 12:00:00,0.5,0.5,0.5,JAC,25OCT12SEAJAC,-0.6,0.05
2025-10-09 13:00:00,0.5,0.5,0.5,JAC,25OCT12SEAJAC,-0.6,0.05
2025-10-09 14:00:00,0.5,0.5,0.5,JAC,25OCT12SEAJAC,-0.6,0.05
2025-10-09 15:00:00,0.5,0.5,0.49,JAC,25OCT12SEAJAC,-0.6,0.05
2025-10-09 16:00:00,0.5,0.5,0.5,JAC,25OCT12SEAJAC,-0.6,0.05
2025-10-09 17:00:00,0.5,0.5,0.5,JAC,25OCT12SEAJAC,-0.6,0.05
2025-10-09 18:00:00,0.5,0.5,0.5,JAC,25OCT12SEAJAC,-0.6,0.05
2025-10-09 19:00:00,0.5,0.5,0.5,JAC,25OCT12SEAJAC,-0.6,0.05
2025-10-09 20:00:00,0.5,0.5,0.5,JAC,25OCT12SEAJAC,-0.6,0.05
2025-10-09 21:00:00,0.5,0.5,0.49,JAC,25OCT12SEAJAC,-0.6,0.05
2025-10-09 22:00:00,0.5,0.5,0.5,JAC,25OCT12SEAJAC,-0.6,0.05
2025-10-09 23:00:00,0.5,0.5,0.5,JAC,25OCT12SEAJAC,-0.69,0.05
2025-10-10 00:00:00,0.5,0.5,0.49,JAC,25OCT12SEAJAC,-0.69,0.05
2025-10-10 01:00:00,0.5,0.5,0.5,JAC,25OCT12SEAJAC,-0.69,0.05
2025-10-10 02:00:00,0.5,0.5,0.49,JAC,25OCT12SEAJAC,-0.69,0.05
2025-10-10 03:00:00,0.5,0.5,0.5,JAC,25OCT12SEAJAC,-0.69,0.05
2025-10-10 04:00:00,0.5,0.5,0.49,JAC,25OCT12SEAJAC,0.62,0.05
2025-10-10 05:00:00,0.5,0.5,0.49,JAC,25OCT12SEAJAC,0.62,0.05
2025-10-10 06:00:00,0.5,0.5,0.5,JAC,25OCT12SEAJAC,0.62,0.05
2025-10-10 07:00:00,0.5,0.5,0.49,JAC,25OCT12SEAJAC,0.62,0.05
2025-10-10 08:00:00,0.5,0.5,0.5,JAC,25OCT12SEAJAC,0.62,0.05
2025-10-10 09:00:00,0.5,0.5,0.5,JAC,25OCT12SEAJAC,0.62,0.05
2025-10-10 10:00:00,0.5,0.5,0.5,JAC,25OCT12SEAJAC,0.62,0.05
2025-10-10 11:00:00,0.5,0.5,0.5,JAC,25OCT12SEAJAC,0.71,0.05
2025-10-10 12:00:00,0.5,0.5,0.5,JAC,25OCT12SEAJAC,0.71,0.05
2025-10-10 13:00:00,0.5,0.5,0.5,JAC,25OCT12SEAJAC,0.71,0.05
2025-10-10 14:00:00,0.5,0.5,0.49,JAC,25OCT12SEAJAC,0.71,0.05
2025-10-10 15:00:00,0.49,0.5,0.49,JAC,25OCT12SEAJAC,0.71,0.05
2025-10-10 16:00:00,0.5,0.5,0.5,JAC,25OCT12SEAJAC,0.71,0.05
2025-10-10 17:00:00,0.49,0.5,0.49,JAC,25OCT12SEAJAC,0.71,0.05
2025-10-10 18:00:00,0.5,0.5,0.49,JAC,25OCT12SEAJAC,0.71,0.05
2025-10-10 19:00:00,0.5,0.5,0.5,JAC,25OCT12SEAJAC,0.5,0.05
2025-10-10 20:00:00,0.5,0.5,0.49,JAC,25OCT12SEAJAC,0.5,0.05
2025-10-10 21:00:00,0.5,0.5,0.5,JAC,25OCT12SEAJAC,0.5,0.05
2025-10-10 22:00:00,0.5,0.5,0.49,JAC,25OCT12SEAJAC,0.5,0.05
2025-10-10 23:00:00,0.5,0.5,0.49,JAC,25OCT12SEAJAC,0.5,0.05
2025-10-11 00:00:00,0.5,0.5,0.49,JAC,25OCT12SEAJAC,-0.43,0.05
2025-10-11 01:00:00,0.5,0.5,0.5,JAC,25OCT12SEAJAC,-0.43,0.05
2025-10-11 02:00:00,0.5,0.5,0.49,JAC,25OCT12SEAJAC,-0.43,0.05
2025-10-11 03:00:00,0.5,0.5,0.49,JAC,25OCT12SEAJAC,-0.43,0.05
2025-10-11 04:00:00,0.5,0.5,0.5,JAC,25OCT12SEAJAC,-0.43,0.05
2025-10-11 05:00:00,0.5,0.5,0.49,JAC,25OCT12SEAJAC,-0.43,0.05
2025-10-11 06:00:00,0.5,0.5,0.49,JAC,25OCT12SEAJAC,-0.43,0.05
2025-10-11 07:00:00,0.5,0.5,0.5,JAC,25OCT12SEAJAC,-0.43,0.05
2025-10-11 08:00:00,0.5,0.5,0.5,JAC,25OCT12SEAJAC,-0.43,0.05
2025-10-11 09:00:00,0.5,0.5,0.5,JAC,25OCT12SEAJAC,-0.43,0.05
2025-10-11 10:00:00,0.5,0.5,0.5,JAC,25OCT12SEAJAC,-0.43,0.05
2025-10-11 11:00:00,0.5,0.5,0.5,JAC,25OCT12SEAJAC,-0.43,0.05
2025-10-11 12:00:00,0.5,0.5,0.5,JAC,25OCT12SEAJAC,-0.43,0.05
2025-10-11 13:00:00,0.5,0.5,0.5,JAC,25OCT12SEAJAC,-0.43,0.05
2025-10-11 14:00:00,0.5,0.5,0.49,JAC,25OCT12SEAJAC,-0.43,0.05
2025-10-11 15:00:00,0.5,0.5,0.5,JAC,25OCT12SEAJAC,-0.43,0.05
2025-10-11 16:00:00,0.5,0.5,0.5,JAC,25OCT12SEAJAC,-0.65,0.05
2025-10-11 17:00:00,0.5,0.5,0.49,JAC,25OCT12SEAJAC,-0.65,0.05
2025-10-11 18:00:00,0.5,0.5,0.49,JAC,25OCT12SEAJAC,-0.65,0.05
2025-10-11 19:00:00,0.5,0.5,0.49,JAC,25OCT12SEAJAC,0.52,0.05
2025-10-11 20:00:00,0.5,0.5,0.49,JAC,25OCT12SEAJAC,0.52,0.05
2025-10-11 21:00:00,0.5,0.5,0.49,JAC,25OCT12SEAJAC,0.52,0.05
2025-10-11 22:00:00,0.49,0.5,0.49,JAC,25OCT12SEAJAC,0.52,0.05
2025-10-11 23:00:00,0.5,0.5,0.49,JAC,25OCT12SEAJAC,0.52,0.05
2025-10-12 00:00:00,0.5,0.5,0.49,JAC,25OCT12SEAJAC,0.52,0.05
2025-10-12 01:00:00,0.49,0.5,0.49,JAC,25OCT12SEAJAC,0.54,0.05
2025-10-12 02:00:00,0.5,0.5,0.48,JAC,25OCT12SEAJAC,0.54,0.05
2025-10-12 03:00:00,0.5,0.5,0.48,JAC,25OCT12SEAJAC,0.54,0.05
2025-10-12 04:00:00,0.5,0.5,0.48,JAC,25OCT12SEAJAC,0.54,0.05
2025-10-12 05:00:00,0.49,0.5,0.48,JAC,25OCT12SEAJAC,0.54,0.05
2025-10-12 06:00:00,0.5,0.5,0.48,JAC,25OCT12SEAJAC,0.54,0.05
2025-10-12 07:00:00,0.5,0.5,0.48,JAC,25OCT12SEAJAC,0.54,0.05
2025-10-12 08:00:00,0.5,0.5,0.49,JAC,25OCT12SEAJAC,0.54,0.05
2025-10-12 09:00:00,0.49,0.5,0.48,JAC,25OCT12SEAJAC,0.54,0.05
2025-10-12 10:00:00,0.49,0.49,0.48,JAC,25OCT12SEAJAC,0.54,0.05
2025-10-12 11:00:00,0.49,0.49,0.49,JAC,25OCT12SEAJAC,0.54,0.05
2025-10-12 12:00:00,0.5,0.5,0.49,JAC,25OCT12SEAJAC,0.54,0.05
2025-10-12 13:00:00,0.5,0.5,0.48,JAC,25OCT12SEAJAC,0.75,0.05
2025-10-12 14:00:00,0.49,0.5,0.48,JAC,25OCT12SEAJAC,0.75,0.05
2025-10-12 15:00:00,0.49,0.49,0.48,JAC,25OCT12SEAJAC,0.75,0.05
2025-10-12 16:00:00,0.48,0.49,0.47,JAC,25OCT12SEAJAC,0.75,0.05
2025-10-12 17:00:00,0.5,0.5,0.48,JAC,25OCT12SEAJAC,0.75,0.05
2025-10-12 18:00:00,0.36,0.65,0.35,JAC,25OCT12SEAJAC,0.75,0.05
2025-10-12 19:00:00,0.11,0.46,0.09,JAC,25OCT12SEAJAC,0.75,0.05
2025-10-12 20:00:00,0.01,0.3,0.01,JAC,25OCT12SEAJAC,-0.78,0.05
2025-10-05 21:00:00,0.25,0.57,0.25,CLE,25OCT12CLEPIT,-0.01,0.75
2025-10-05 22:00:00,0.25,0.57,0.25,CLE,25OCT12CLEPIT,0.46,0.01
2025-10-05 23:00:00,0.33,0.33,0.33,CLE,25OCT12CLEPIT,0.46,0.01
2025-10-06 00:00:00,0.33,0.34,0.32,CLE,25OCT12CLEPIT,-0.54,0.04
2025-10-06 01:00:00,0.33,0.33,0.29,CLE,25OCT12CLEPIT,0.51,0.54
2025-10-06 02:00:00,0.32,0.32,0.32,CLE,25OCT12CLEPIT,0.35,0.64
2025-10-06 03:00:00,0.32,0.32,0.32,CLE,25OCT12CLEPIT,0.35,0.64
2025-10-06 04:00:00,0.31,0.34,0.31,CLE,25OCT12CLEPIT,0.35,0.64
2025-10-06 05:00:00,0.32,0.33,0.32,CLE,25OCT12CLEPIT,0.35,0.64
2025-10-06 06:00:00,0.32,0.32,0.32,CLE,25OCT12CLEPIT,0.64,0.64
2025-10-06 07:00:00,0.32,0.32,0.32,CLE,25OCT12CLEPIT,0.64,0.64
2025-10-06 08:00:00,0.32,0.32,0.32,CLE,25OCT12CLEPIT,0.64,0.64
2025-10-06 09:00:00,0.32,0.32,0.32,CLE,25OCT12CLEPIT,0.64,0.64
2025-10-06 10:00:00,0.32,0.32,0.32,CLE,25OCT12CLEPIT,0.64,0.64
2025-10-06 11:00:00,0.32,0.32,0.32,CLE,25OCT12CLEPIT,0.18,0.6
2025-10-06 12:00:00,0.32,0.32,0.32,CLE,25OCT12CLEPIT,0.18,0.6
2025-10-06 13:00:00,0.32,0.32,0.31,CLE,25OCT12CLEPIT,0.18,0.6
2025-10-06 14:00:00,0.31,0.32,0.31,CLE,25OCT12CLEPIT,0.18,0.6
2025-10-06 15:00:00,0.33,0.33,0.31,CLE,25OCT12CLEPIT,0.18,0.6
2025-10-06 16:00:00,0.33,0.33,0.32,CLE,25OCT12CLEPIT,0.18,0.6
2025-10-06 17:00:00,0.33,0.33,0.33,CLE,25OCT12CLEPIT,0.18,0.6
2025-10-06 18:00:00,0.33,0.33,0.33,CLE,25OCT12CLEPIT,0.54,0.6
2025-10-06 19:00:00,0.32,0.33,0.32,CLE,25OCT12CLEPIT,0.36,0.61
2025-10-06 20:00:00,0.32,0.32,0.32,CLE,25OCT12CLEPIT,0.36,0.61
2025-10-06 21:00:00,0.32,0.32,0.32,CLE,25OCT12CLEPIT,-0.02,0.84
2025-10-06 22:00:00,0.32,0.32,0.31,CLE,25OCT12CLEPIT,-0.57,0.84
2025-10-06 23:00:00,0.32,0.32,0.32,CLE,25OCT12CLEPIT,-0.64,0.84
2025-10-07 00:00:00,0.32,0.32,0.32,CLE,25OCT12CLEPIT,-0.64,0.84
2025-10-07 01:00:00,0.31,0.32,0.31,CLE,25OCT12CLEPIT,0.59,0.84
2025-10-07 02:00:00,0.32,0.32,0.32,CLE,25OCT12CLEPIT,0.59,0.84
2025-10-07 03:00:00,0.32,0.32,0.31,CLE,25OCT12CLEPIT,0.64,0.35
2025-10-07 04:00:00,0.32,0.32,0.31,CLE,25OCT12CLEPIT,0.64,0.04
2025-10-07 05:00:00,0.32,0.32,0.32,CLE,25OCT12CLEPIT,0.64,0.04
2025-10-07 06:00:00,0.32,0.32,0.31,CLE,25OCT12CLEPIT,0.62,0.04
2025-10-07 07:00:00,0.32,0.32,0.31,CLE,25OCT12CLEPIT,0.62,0.04
2025-10-07 08:00:00,0.32,0.32,0.32,CLE,25OCT12CLEPIT,0.62,0.04
2025-10-07 09:00:00,0.32,0.32,0.32,CLE,25OCT12CLEPIT,0.62,0.04
2025-10-07 10:00:00,0.32,0.32,0.32,CLE,25OCT12CLEPIT,0.62,0.04
2025-10-07 11:00:00,0.32,0.32,0.32,CLE,25OCT12CLEPIT,0.62,0.04
2025-10-07 12:00:00,0.32,0.32,0.32,CLE,25OCT12CLEPIT,0.62,0.04
2025-10-07 13:00:00,0.32,0.32,0.31,CLE,25OCT12CLEPIT,0.62,0.04
2025-10-07 14:00:00,0.32,0.32,0.32,CLE,25OCT12CLEPIT,0.62,0.04
2025-10-07 15:00:00,0.31,0.32,0.3,CLE,25OCT12CLEPIT,-0.59,0.04
2025-10-07 16:00:00,0.3,0.31,0.3,CLE,25OCT12CLEPIT,-0.59,0.04
2025-10-07 17:00:00,0.31,0.31,0.3,CLE,25OCT12CLEPIT,-0.59,0.04
2025-10-07 18:00:00,0.31,0.31,0.31,CLE,25OCT12CLEPIT,-0.01,0.73
2025-10-07 19:00:00,0.31,0.31,0.3,CLE,25OCT12CLEPIT,-0.06,0.74
2025-10-07 20:00:00,0.31,0.31,0.31,CLE,25OCT12CLEPIT,-0.45,0.74
2025-10-07 21:00:00,0.31,0.31,0.31,CLE,25OCT12CLEPIT,-0.45,0.74
2025-10-07 22:00:00,0.31,0.31,0.31,CLE,25OCT12CLEPIT,-0.09,0.91
2025-10-07 23:00:00,0.31,0.31,0.31,CLE,25OCT12CLEPIT,0.72,0.0
2025-10-08 00:00:00,0.3,0.31,0.3,CLE,25OCT12CLEPIT,0.72,0.0
2025-10-08 01:00:00,0.31,0.31,0.31,CLE,25OCT12CLEPIT,0.72,0.0
2025-10-08 02:00:00,0.31,0.31,0.3,CLE,25OCT12CLEPIT,0.72,0.0
2025-10-08 03:00:00,0.3,0.31,0.3,CLE,25OCT12CLEPIT,0.72,0.0
2025-10-08 04:00:00,0.3,0.3,0.3,CLE,25OCT12CLEPIT,-0.72,0.0
2025-10-08 05:00:00,0.3,0.3,0.3,CLE,25OCT12CLEPIT,-0.59,0.07
2025-10-08 06:00:00,0.3,0.3,0.3,CLE,25OCT12CLEPIT,-0.59,0.07
2025-10-08 07:00:00,0.3,0.3,0.3,CLE,25OCT12CLEPIT,-0.59,0.07
2025-10-08 08:00:00,0.3,0.3,0.3,CLE,25OCT12CLEPIT,-0.59,0.07
2025-10-08 09:00:00,0.3,0.3,0.3,CLE,25OCT12CLEPIT,-0.59,0.07
2025-10-08 10:00:00,0.3,0.3,0.3,CLE,25OCT12CLEPIT,-0.59,0.07
2025-10-08 11:00:00,0.3,0.3,0.3,CLE,25OCT12CLEPIT,-0.57,0.07
2025-10-08 12:00:00,0.3,0.3,0.3,CLE,25OCT12CLEPIT,-0.57,0.07
2025-10-08 13:00:00,0.3,0.3,0.3,CLE,25OCT12CLEPIT,-0.57,0.07
2025-10-08 14:00:00,0.3,0.3,0.3,CLE,25OCT12CLEPIT,-0.18,0.63
2025-10-08 15:00:00,0.3,0.3,0.3,CLE,25OCT12CLEPIT,-0.18,0.63
2025-10-08 16:00:00,0.3,0.3,0.3,CLE,25OCT12CLEPIT,-0.18,0.63
2025-10-08 17:00:00,0.3,0.3,0.29,CLE,25OCT12CLEPIT,-0.18,0.63
2025-10-08 18:00:00,0.3,0.3,0.29,CLE,25OCT12CLEPIT,0.47,0.63
2025-10-08 19:00:00,0.3,0.3,0.29,CLE,25OCT12CLEPIT,0.47,0.63
2025-10-08 20:00:00,0.3,0.3,0.3,CLE,25OCT12CLEPIT,0.47,0.63
2025-10-08 21:00:00,0.3,0.3,0.29,CLE,25OCT12CLEPIT,0.47,0.63
2025-10-08 22:00:00,0.3,0.3,0.29,CLE,25OCT12CLEPIT,-0.49,0.63
2025-10-08 23:00:00,0.3,0.3,0.29,CLE,25OCT12CLEPIT,-0.21,0.59
2025-10-09 00:00:00,0.29,0.3,0.29,CLE,25OCT12CLEPIT,-0.52,0.01
2025-10-09 01:00:00,0.3,0.3,0.29,CLE,25OCT12CLEPIT,-0.53,0.01
2025-10-09 02:00:00,0.3,0.3,0.29,CLE,25OCT12CLEPIT,-0.19,0.6
2025-10-09 03:00:00,0.3,0.3,0.3,CLE,25OCT12CLEPIT,-0.19,0.6
2025-10-09 04:00:00,0.3,0.3,0.3,CLE,25OCT12CLEPIT,-0.44,0.6
2025-10-09 05:00:00,0.3,0.3,0.3,CLE,25OCT12CLEPIT,-0.44,0.6
2025-10-09 06:00:00,0.3,0.3,0.29,CLE,25OCT12CLEPIT,-0.44,0.6
2025-10-09 07:00:00,0.3,0.3,0.3,CLE,25OCT12CLEPIT,-0.44,0.6
2025-10-09 08:00:00,0.3,0.3,0.3,CLE,25OCT12CLEPIT,-0.44,0.6
2025-10-09 09:00:00,0.3,0.3,0.3,CLE,25OCT12CLEPIT,-0.53,0.6
2025-10-09 10:00:00,0.3,0.3,0.3,CLE,25OCT12CLEPIT,-0.53,0.6
2025-10-09 11:00:00,0.29,0.29,0.29,CLE,25OCT12CLEPIT,-0.53,0.6
2025-10-09 12:00:00,0.3,0.3,0.3,CLE,25OCT12CLEPIT,-0.53,0.6
2025-10-09 13:00:00,0.3,0.3,0.29,CLE,25OCT12CLEPIT,-0.35,0.6
2025-10-09 14:00:00,0.3,0.3,0.3,CLE,25OCT12CLEPIT,-0.35,0.6
2025-10-09 15:00:00,0.3,0.3,0.3,CLE,25OCT12CLEPIT,-0.35,0.6
2025-10-09 16:00:00,0.3,0.3,0.29,CLE,25OCT12CLEPIT,-0.35,0.6
2025-10-09 17:00:00,0.3,0.3,0.3,CLE,25OCT12CLEPIT,-0.35,0.6
2025-10-09 18:00:00,0.3,0.3,0.3,CLE,25OCT12CLEPIT,-0.47,0.6
2025-10-09 19:00:00,0.3,0.3,0.29,CLE,25OCT12CLEPIT,-0.47,0.6
2025-10-09 20:00:00,0.3,0.3,0.29,CLE,25OCT12CLEPIT,-0.44,0.6
2025-10-09 21:00:00,0.3,0.3,0.29,CLE,25OCT12CLEPIT,-0.44,0.6
2025-10-09 22:00:00,0.3,0.3,0.29,CLE,25OCT12CLEPIT,-0.44,0.6
2025-10-09 23:00:00,0.3,0.3,0.29,CLE,25OCT12CLEPIT,-0.44,0.6
2025-10-10 00:00:00,0.3,0.3,0.3,CLE,25OCT12CLEPIT,-0.44,0.6
2025-10-10 01:00:00,0.3,0.3,0.3,CLE,25OCT12CLEPIT,-0.28,0.7
2025-10-10 02:00:00,0.3,0.3,0.29,CLE,25OCT12CLEPIT,-0.63,0.14
2025-10-10 03:00:00,0.3,0.3,0.3,CLE,25OCT12CLEPIT,-0.47,0.14
2025-10-10 04:00:00,0.3,0.3,0.3,CLE,25OCT12CLEPIT,0.63,0.14
2025-10-10 05:00:00,0.3,0.3,0.29,CLE,25OCT12CLEPIT,0.63,0.14
2025-10-10 06:00:00,0.3,0.3,0.29,CLE,25OCT12CLEPIT,0.63,0.14
2025-10-10 07:00:00,0.29,0.3,0.29,CLE,25OCT12CLEPIT,0.63,0.14
2025-10-10 08:00:00,0.3,0.3,0.3,CLE,25OCT12CLEPIT,0.63,0.14
2025-10-10 09:00:00,0.3,0.3,0.3,CLE,25OCT12CLEPIT,0.63,0.14
2025-10-10 10:00:00,0.3,0.3,0.3,CLE,25OCT12CLEPIT,0.63,0.14
2025-10-10 11:00:00,0.3,0.3,0.3,CLE,25OCT12CLEPIT,0.63,0.14
2025-10-10 12:00:00,0.3,0.3,0.3,CLE,25OCT12CLEPIT,0.63,0.14
2025-10-10 13:00:00,0.3,0.3,0.3,CLE,25OCT12CLEPIT,-0.64,0.14
2025-10-10 14:00:00,0.3,0.3,0.3,CLE,25OCT12CLEPIT,-0.64,0.14
2025-10-10 15:00:00,0.29,0.3,0.28,CLE,25OCT12CLEPIT,0.3,0.69
2025-10-10 16:00:00,0.3,0.3,0.29,CLE,25OCT12CLEPIT,-0.08,0.66
2025-10-10 17:00:00,0.29,0.3,0.28,CLE,25OCT12CLEPIT,-0.69,0.66
2025-10-10 18:00:00,0.3,0.3,0.29,CLE,25OCT12CLEPIT,-0.55,0.07
2025-10-10 19:00:00,0.3,0.3,0.3,CLE,25OCT12CLEPIT,-0.55,0.07
2025-10-10 20:00:00,0.3,0.3,0.29,CLE,25OCT12CLEPIT,-0.55,0.07
2025-10-10 21:00:00,0.3,0.3,0.29,CLE,25OCT12CLEPIT,-0.55,0.07
2025-10-10 22:00:00,0.29,0.29,0.28,CLE,25OCT12CLEPIT,-0.55,0.07
2025-10-10 23:00:00,0.29,0.29,0.29,CLE,25OCT12CLEPIT,-0.59,0.07
2025-10-11 00:00:00,0.3,0.3,0.29,CLE,25OCT12CLEPIT,-0.59,0.07
2025-10-11 01:00:00,0.29,0.3,0.28,CLE,25OCT12CLEPIT,-0.59,0.07
2025-10-11 02:00:00,0.29,0.3,0.29,CLE,25OCT12CLEPIT,-0.59,0.07
2025-10-11 03:00:00,0.29,0.3,0.29,CLE,25OCT12CLEPIT,-0.59,0.07
2025-10-11 04:00:00,0.29,0.3,0.28,CLE,25OCT12CLEPIT,-0.59,0.07
2025-10-11 05:00:00,0.3,0.3,0.29,CLE,25OCT12CLEPIT,-0.59,0.07
2025-10-11 06:00:00,0.29,0.3,0.29,CLE,25OCT12CLEPIT,-0.59,0.07
2025-10-11 07:00:00,0.3,0.3,0.28,CLE,25OCT12CLEPIT,-0.59,0.07
2025-10-11 08:00:00,0.3,0.3,0.3,CLE,25OCT12CLEPIT,-0.59,0.07
2025-10-11 09:00:00,0.3,0.3,0.3,CLE,25OCT12CLEPIT,-0.59,0.07
2025-10-11 10:00:00,0.3,0.3,0.3,CLE,25OCT12CLEPIT,-0.59,0.07
2025-10-11 11:00:00,0.3,0.3,0.3,CLE,25OCT12CLEPIT,-0.59,0.07
2025-10-11 12:00:00,0.3,0.3,0.3,CLE,25OCT12CLEPIT,-0.59,0.07
2025-10-11 13:00:00,0.29,0.29,0.29,CLE,25OCT12CLEPIT,-0.59,0.07
2025-10-11 14:00:00,0.29,0.29,0.28,CLE,25OCT12CLEPIT,-0.59,0.07
2025-10-11 15:00:00,0.28,0.29,0.28,CLE,25OCT12CLEPIT,-0.59,0.07
2025-10-11 16:00:00,0.29,0.29,0.28,CLE,25OCT12CLEPIT,-0.59,0.07
2025-10-11 17:00:00,0.29,0.3,0.29,CLE,25OCT12CLEPIT,0.53,0.07
2025-10-11 18:00:00,0.29,0.29,0.28,CLE,25OCT12CLEPIT,0.53,0.07
2025-10-11 19:00:00,0.29,0.29,0.29,CLE,25OCT12CLEPIT,0.53,0.07
2025-10-11 20:00:00,0.29,0.29,0.28,CLE,25OCT12CLEPIT,0.53,0.07
2025-10-11 21:00:00,0.29,0.29,0.28,CLE,25OCT12CLEPIT,0.53,0.07
2025-10-11 22:00:00,0.29,0.29,0.28,CLE,25OCT12CLEPIT,0.53,0.07
2025-10-11 23:00:00,0.29,0.29,0.28,CLE,25OCT12CLEPIT,0.53,0.07
2025-10-12 00:00:00,0.29,0.29,0.28,CLE,25OCT12CLEPIT,0.53,0.07
2025-10-12 01:00:00,0.29,0.29,0.28,CLE,25OCT12CLEPIT,0.53,0.07
2025-10-12 02:00:00,0.29,0.29,0.29,CLE,25OCT12CLEPIT,0.53,0.07
2025-10-12 03:00:00,0.28,0.29,0.28,CLE,25OCT12CLEPIT,0.53,0.07
2025-10-12 04:00:00,0.29,0.29,0.28,CLE,25OCT12CLEPIT,0.53,0.07
2025-10-12 05:00:00,0.29,0.29,0.28,CLE,25OCT12CLEPIT,0.53,0.07
2025-10-12 06:00:00,0.28,0.29,0.27,CLE,25OCT12CLEPIT,0.53,0.07
2025-10-12 07:00:00,0.28,0.28,0.27,CLE,25OCT12CLEPIT,0.53,0.07
2025-10-12 08:00:00,0.28,0.28,0.27,CLE,25OCT12CLEPIT,0.53,0.07
2025-10-12 09:00:00,0.28,0.28,0.28,CLE,25OCT12CLEPIT,0.53,0.07
2025-10-12 10:00:00,0.28,0.28,0.28,CLE,25OCT12CLEPIT,0.53,0.07
2025-10-12 11:00:00,0.28,0.28,0.28,CLE,25OCT12CLEPIT,0.53,0.07
2025-10-12 12:00:00,0.28,0.28,0.28,CLE,25OCT12CLEPIT,0.44,0.07
2025-10-12 13:00:00,0.28,0.28,0.27,CLE,25OCT12CLEPIT,0.44,0.07
2025-10-12 14:00:00,0.28,0.28,0.27,CLE,25OCT12CLEPIT,0.44,0.07
2025-10-12 15:00:00,0.28,0.28,0.27,CLE,25OCT12CLEPIT,0.44,0.07
2025-10-12 16:00:00,0.28,0.29,0.27,CLE,25OCT12CLEPIT,0.44,0.07
2025-10-12 17:00:00,0.27,0.28,0.26,CLE,25OCT12CLEPIT,0.44,0.07
2025-10-12 18:00:00,0.15,0.35,0.14,CLE,25OCT12CLEPIT,0.44,0.07
2025-10-12 19:00:00,0.09,0.22,0.09,CLE,25OCT12CLEPIT,0.44,0.07
2025-10-12 20:00:00,0.02,0.1,0.01,CLE,25OCT12CLEPIT,-0.88,0.1
2025-10-07 08:00:00,0.78,0.78,0.77,LA,25OCT12LABAL,0.47,0.0
2025-10-07 09:00:00,0.78,0.78,0.77,LA,25OCT12LABAL,0.47,0.0
2025-10-07 10:00:00,0.78,0.78,0.78,LA,25OCT12LABAL,0.47,0.0
2025-10-07 11:00:00,0.78,0.78,0.78,LA,25OCT12LABAL,0.47,0.0
2025-10-07 12:00:00,0.78,0.78,0.78,LA,25OCT12LABAL,0.47,0.0
2025-10-07 13:00:00,0.78,0.79,0.78,LA,25OCT12LABAL,0.55,0.0
2025-10-07 14:00:00,0.79,0.79,0.78,LA,25OCT12LABAL,0.55,0.0
2025-10-07 15:00:00,0.78,0.79,0.77,LA,25OCT12LABAL,0.55,0.0
2025-10-07 16:00:00,0.78,0.78,0.78,LA,25OCT12LABAL,0.55,0.0
2025-10-07 17:00:00,0.78,0.78,0.77,LA,25OCT12LABAL,0.55,0.0
2025-10-07 18:00:00,0.78,0.78,0.77,LA,25OCT12LABAL,0.55,0.0
2025-10-07 19:00:00,0.77,0.78,0.77,LA,25OCT12LABAL,0.55,0.0
2025-10-07 20:00:00,0.77,0.78,0.77,LA,25OCT12LABAL,0.55,0.0
2025-10-07 21:00:00,0.77,0.77,0.76,LA,25OCT12LABAL,0.55,0.0
2025-10-07 22:00:00,0.76,0.77,0.76,LA,25OCT12LABAL,0.55,0.0
2025-10-07 23:00:00,0.77,0.77,0.76,LA,25OCT12LABAL,0.55,0.0
2025-10-08 00:00:00,0.77,0.77,0.77,LA,25OCT12LABAL,0.44,0.0
2025-10-08 01:00:00,0.77,0.77,0.76,LA,25OCT12LABAL,0.44,0.0
2025-10-08 02:00:00,0.77,0.77,0.76,LA,25OCT12LABAL,0.48,0.0
2025-10-08 03:00:00,0.77,0.77,0.77,LA,25OCT12LABAL,0.48,0.0
2025-10-08 04:00:00,0.77,0.77,0.76,LA,25OCT12LABAL,0.48,0.0
2025-10-08 05:00:00,0.77,0.77,0.77,LA,25OCT12LABAL,0.48,0.0
2025-10-08 06:00:00,0.77,0.77,0.77,LA,25OCT12LABAL,0.48,0.0
2025-10-08 07:00:00,0.77,0.77,0.76,LA,25OCT12LABAL,0.48,0.0
2025-10-08 08:00:00,0.77,0.77,0.76,LA,25OCT12LABAL,0.48,0.0
2025-10-08 09:00:00,0.77,0.77,0.76,LA,25OCT12LABAL,0.48,0.0
2025-10-08 10:00:00,0.78,0.78,0.78,LA,25OCT12LABAL,0.48,0.0
2025-10-08 11:00:00,0.78,0.78,0.78,LA,25OCT12LABAL,0.48,0.0
2025-10-08 12:00:00,0.78,0.78,0.78,LA,25OCT12LABAL,0.48,0.0
2025-10-08 13:00:00,0.77,0.78,0.77,LA,25OCT12LABAL,0.48,0.0
2025-10-08 14:00:00,0.78,0.78,0.77,LA,25OCT12LABAL,0.48,0.0
2025-10-08 15:00:00,0.78,0.78,0.78,LA,25OCT12LABAL,0.48,0.0
2025-10-08 16:00:00,0.78,0.78,0.78,LA,25OCT12LABAL,0.48,0.0
2025-10-08 17:00:00,0.78,0.78,0.78,LA,25OCT12LABAL,0.48,0.0
2025-10-08 18:00:00,0.77,0.78,0.77,LA,25OCT12LABAL,-0.01,0.66
2025-10-08 19:00:00,0.77,0.78,0.76,LA,25OCT12LABAL,0.55,0.06
2025-10-08 20:00:00,0.78,0.78,0.77,LA,25OCT12LABAL,-0.61,0.06
2025-10-08 21:00:00,0.77,0.78,0.77,LA,25OCT12LABAL,0.59,0.06
2025-10-08 22:00:00,0.77,0.77,0.76,LA,25OCT12LABAL,-0.48,0.06
2025-10-08 23:00:00,0.77,0.77,0.77,LA,25OCT12LABAL,-0.48,0.06
2025-10-09 00:00:00,0.77,0.78,0.77,LA,25OCT12LABAL,-0.48,0.06
2025-10-09 01:00:00,0.77,0.77,0.76,LA,25OCT12LABAL,0.55,0.06
2025-10-09 02:00:00,0.77,0.77,0.77,LA,25OCT12LABAL,0.55,0.06
2025-10-09 03:00:00,0.77,0.77,0.76,LA,25OCT12LABAL,0.55,0.06
2025-10-09 04:00:00,0.77,0.77,0.77,LA,25OCT12LABAL,0.55,0.06
2025-10-09 05:00:00,0.77,0.77,0.77,LA,25OCT12LABAL,0.55,0.06
2025-10-09 06:00:00,0.77,0.77,0.76,LA,25OCT12LABAL,0.55,0.06
2025-10-09 07:00:00,0.77,0.77,0.77,LA,25OCT12LABAL,0.55,0.06
2025-10-09 08:00:00,0.77,0.77,0.77,LA,25OCT12LABAL,0.55,0.06
2025-10-09 09:00:00,0.77,0.77,0.77,LA,25OCT12LABAL,0.55,0.06
2025-10-09 10:00:00,0.77,0.77,0.77,LA,25OCT12LABAL,0.55,0.06
2025-10-09 11:00:00,0.77,0.77,0.77,LA,25OCT12LABAL,0.55,0.06
2025-10-09 12:00:00,0.77,0.77,0.77,LA,25OCT12LABAL,0.55,0.06
2025-10-09 13:00:00,0.77,0.77,0.77,LA,25OCT12LABAL,0.55,0.06
2025-10-09 14:00:00,0.77,0.77,0.77,LA,25OCT12LABAL,0.49,0.06
2025-10-09 15:00:00,0.77,0.77,0.76,LA,25OCT12LABAL,0.49,0.06
2025-10-09 16:00:00,0.77,0.77,0.77,LA,25OCT12LABAL,0.49,0.06
2025-10-09 17:00:00,0.77,0.77,0.76,LA,25OCT12LABAL,0.49,0.06
2025-10-09 18:00:00,0.77,0.77,0.76,LA,25OCT12LABAL,0.49,0.06
2025-10-09 19:00:00,0.77,0.77,0.76,LA,25OCT12LABAL,0.49,0.06
2025-10-09 20:00:00,0.77,0.77,0.76,LA,25OCT12LABAL,0.49,0.06
2025-10-09 21:00:00,0.77,0.77,0.77,LA,25OCT12LABAL,0.49,0.06
2025-10-09 22:00:00,0.77,0.77,0.76,LA,25OCT12LABAL,0.49,0.06
2025-10-09 23:00:00,0.76,0.77,0.76,LA,25OCT12LABAL,0.49,0.06
2025-10-10 00:00:00,0.78,0.78,0.77,LA,25OCT12LABAL,0.49,0.06
2025-10-10 01:00:00,0.78,0.78,0.76,LA,25OCT12LABAL,0.49,0.06
2025-10-10 02:00:00,0.78,0.78,0.78,LA,25OCT12LABAL,0.57,0.06
2025-10-10 03:00:00,0.79,0.79,0.76,LA,25OCT12LABAL,0.65,0.08
2025-10-10 04:00:00,0.79,0.79,0.76,LA,25OCT12LABAL,0.65,0.08
2025-10-10 05:00:00,0.77,0.79,0.76,LA,25OCT12LABAL,-0.74,0.08
2025-10-10 06:00:00,0.77,0.77,0.76,LA,25OCT12LABAL,-0.58,0.08
2025-10-10 07:00:00,0.76,0.77,0.76,LA,25OCT12LABAL,-0.65,0.08
2025-10-10 08:00:00,0.77,0.77,0.77,LA,25OCT12LABAL,-0.65,0.08
2025-10-10 09:00:00,0.77,0.77,0.77,LA,25OCT12LABAL,-0.65,0.08
2025-10-10 10:00:00,0.77,0.77,0.77,LA,25OCT12LABAL,-0.65,0.08
2025-10-10 11:00:00,0.77,0.77,0.77,LA,25OCT12LABAL,-0.65,0.08
2025-10-10 12:00:00,0.77,0.77,0.77,LA,25OCT12LABAL,-0.65,0.08
2025-10-10 13:00:00,0.77,0.77,0.76,LA,25OCT12LABAL,-0.65,0.08
2025-10-10 14:00:00,0.76,0.77,0.76,LA,25OCT12LABAL,-0.65,0.08
2025-10-10 15:00:00,0.77,0.77,0.76,LA,25OCT12LABAL,-0.65,0.08
2025-10-10 16:00:00,0.77,0.77,0.76,LA,25OCT12LABAL,-0.49,0.08
2025-10-10 17:00:00,0.77,0.77,0.76,LA,25OCT12LABAL,-0.59,0.08
2025-10-10 18:00:00,0.77,0.77,0.76,LA,25OCT12LABAL,-0.59,0.08
2025-10-10 19:00:00,0.78,0.78,0.77,LA,25OCT12LABAL,-0.59,0.08
2025-10-10 20:00:00,0.77,0.78,0.76,LA,25OCT12LABAL,-0.59,0.08
2025-10-10 21:00:00,0.78,0.78,0.77,LA,25OCT12LABAL,0.57,0.08
2025-10-10 22:00:00,0.77,0.78,0.77,LA,25OCT12LABAL,0.57,0.08
2025-10-10 23:00:00,0.78,0.78,0.78,LA,25OCT12LABAL,0.57,0.08
2025-10-11 00:00:00,0.77,0.78,0.77,LA,25OCT12LABAL,0.47,0.08
2025-10-11 01:00:00,0.77,0.77,0.77,LA,25OCT12LABAL,0.47,0.08
2025-10-11 02:00:00,0.77,0.77,0.76,LA,25OCT12LABAL,0.47,0.08
2025-10-11 03:00:00,0.77,0.77,0.76,LA,25OCT12LABAL,0.47,0.08
2025-10-11 04:00:00,0.77,0.77,0.77,LA,25OCT12LABAL,0.47,0.08
2025-10-11 05:00:00,0.78,0.78,0.77,LA,25OCT12LABAL,0.47,0.08
2025-10-11 06:00:00,0.77,0.78,0.77,LA,25OCT12LABAL,0.47,0.08
2025-10-11 07:00:00,0.78,0.78,0.78,LA,25OCT12LABAL,0.47,0.08
2025-10-11 08:00:00,0.77,0.77,0.77,LA,25OCT12LABAL,0.47,0.08
2025-10-11 09:00:00,0.77,0.77,0.77,LA,25OCT12LABAL,0.47,0.08
2025-10-11 10:00:00,0.77,0.77,0.77,LA,25OCT12LABAL,0.47,0.08
2025-10-11 11:00:00,0.77,0.77,0.77,LA,25OCT12LABAL,0.47,0.08
2025-10-11 12:00:00,0.77,0.77,0.77,LA,25OCT12LABAL,0.47,0.08
2025-10-11 13:00:00,0.78,0.78,0.76,LA,25OCT12LABAL,0.47,0.08
2025-10-11 14:00:00,0.77,0.77,0.77,LA,25OCT12LABAL,0.47,0.08
2025-10-11 15:00:00,0.77,0.77,0.77,LA,25OCT12LABAL,0.47,0.08
2025-10-11 16:00:00,0.77,0.77,0.77,LA,25OCT12LABAL,0.47,0.08
2025-10-11 17:00:00,0.77,0.77,0.76,LA,25OCT12LABAL,0.47,0.08
2025-10-11 18:00:00,0.77,0.77,0.77,LA,25OCT12LABAL,0.47,0.08
2025-10-11 19:00:00,0.77,0.78,0.77,LA,25OCT12LABAL,0.47,0.08
2025-10-11 20:00:00,0.77,0.77,0.77,LA,25OCT12LABAL,0.47,0.08
2025-10-11 21:00:00,0.77,0.77,0.76,LA,25OCT12LABAL,0.47,0.08
2025-10-11 22:00:00,0.77,0.77,0.76,LA,25OCT12LABAL,0.47,0.08
2025-10-11 23:00:00,0.76,0.77,0.76,LA,25OCT12LABAL,0.39,0.08
2025-10-12 00:00:00,0.77,0.77,0.76,LA,25OCT12LABAL,0.39,0.08
2025-10-12 01:00:00,0.78,0.78,0.76,LA,25OCT12LABAL,0.39,0.08
2025-10-12 02:00:00,0.77,0.78,0.76,LA,25OCT12LABAL,0.39,0.08
2025-10-12 03:00:00,0.77,0.77,0.76,LA,25OCT12LABAL,0.39,0.08
2025-10-12 04:00:00,0.77,0.78,0.76,LA,25OCT12LABAL,0.39,0.08
2025-10-12 05:00:00,0.78,0.78,0.76,LA,25OCT12LABAL,0.39,0.08
2025-10-12 06:00:00,0.77,0.78,0.76,LA,25OCT12LABAL,0.39,0.08
2025-10-12 07:00:00,0.77,0.78,0.77,LA,25OCT12LABAL,0.41,0.08
2025-10-12 08:00:00,0.77,0.77,0.77,LA,25OCT12LABAL,0.41,0.08
2025-10-12 09:00:00,0.76,0.77,0.76,LA,25OCT12LABAL,0.41,0.08
2025-10-12 10:00:00,0.77,0.77,0.77,LA,25OCT12LABAL,0.41,0.08
2025-10-12 11:00:00,0.77,0.77,0.77,LA,25OCT12LABAL,0.41,0.08
2025-10-12 12:00:00,0.77,0.77,0.77,LA,25OCT12LABAL,0.41,0.08
2025-10-12 13:00:00,0.77,0.77,0.76,LA,25OCT12LABAL,0.41,0.08
2025-10-12 14:00:00,0.77,0.77,0.76,LA,25OCT12LABAL,-0.46,0.08
2025-10-12 15:00:00,0.77,0.77,0.76,LA,25OCT12LABAL,0.45,0.08
2025-10-12 16:00:00,0.76,0.77,0.75,LA,25OCT12LABAL,0.45,0.08
2025-10-12 17:00:00,0.74,0.76,0.72,LA,25OCT12LABAL,-0.49,0.08
2025-10-12 18:00:00,0.67,0.78,0.57,LA,25OCT12LABAL,0.45,0.08
2025-10-12 19:00:00,0.92,0.94,0.52,LA,25OCT12LABAL,0.21,0.59
2025-10-05 20:00:00,0.36,0.36,0.14,BAL,25OCT12LABAL,-0.51,0.04
2025-10-05 21:00:00,0.36,0.36,0.36,BAL,25OCT12LABAL,-0.51,0.04
2025-10-05 22:00:00,0.14,0.36,0.14,BAL,25OCT12LABAL,-0.56,0.04
2025-10-05 23:00:00,0.14,0.36,0.14,BAL,25OCT12LABAL,-0.56,0.04
2025-10-06 00:00:00,0.26,0.26,0.26,BAL,25OCT12LABAL,-0.63,0.49
2025-10-06 01:00:00,0.26,0.26,0.22,BAL,25OCT12LABAL,-0.08,0.77
2025-10-06 02:00:00,0.26,0.26,0.26,BAL,25OCT12LABAL,-0.08,0.77
2025-10-06 03:00:00,0.26,0.26,0.26,BAL,25OCT12LABAL,-0.62,0.77
2025-10-06 04:00:00,0.26,0.26,0.26,BAL,25OCT12LABAL,-0.62,0.77
2025-10-06 05:00:00,0.24,0.26,0.24,BAL,25OCT12LABAL,-0.58,0.77
2025-10-06 06:00:00,0.24,0.24,0.24,BAL,25OCT12LABAL,-0.58,0.77
2025-10-06 07:00:00,0.24,0.24,0.24,BAL,25OCT12LABAL,-0.71,0.77
2025-10-06 08:00:00,0.24,0.24,0.24,BAL,25OCT12LABAL,-0.71,0.77
2025-10-06 09:00:00,0.24,0.24,0.24,BAL,25OCT12LABAL,-0.71,0.77
2025-10-06 10:00:00,0.24,0.24,0.24,BAL,25OCT12LABAL,-0.71,0.77
2025-10-06 11:00:00,0.23,0.24,0.23,BAL,25OCT12LABAL,-0.71,0.77
2025-10-06 12:00:00,0.23,0.24,0.23,BAL,25OCT12LABAL,-0.71,0.77
2025-10-06 13:00:00,0.24,0.24,0.23,BAL,25OCT12LABAL,-0.55,0.08
2025-10-06 14:00:00,0.23,0.24,0.23,BAL,25OCT12LABAL,-0.55,0.08
2025-10-06 15:00:00,0.23,0.23,0.22,BAL,25OCT12LABAL,-0.65,0.08
2025-10-06 16:00:00,0.23,0.23,0.22,BAL,25OCT12LABAL,-0.65,0.08
2025-10-06 17:00:00,0.24,0.24,0.23,BAL,25OCT12LABAL,-0.65,0.08
2025-10-06 18:00:00,0.24,0.24,0.24,BAL,25OCT12LABAL,-0.52,0.15
2025-10-06 19:00:00,0.24,0.24,0.24,BAL,25OCT12LABAL,0.65,0.15
2025-10-06 20:00:00,0.24,0.24,0.24,BAL,25OCT12LABAL,0.56,0.15
2025-10-06 21:00:00,0.23,0.24,0.23,BAL,25OCT12LABAL,0.56,0.15
2025-10-06 22:00:00,0.23,0.23,0.23,BAL,25OCT12LABAL,0.78,0.06
2025-10-06 23:00:00,0.23,0.23,0.23,BAL,25OCT12LABAL,0.78,0.06
2025-10-07 00:00:00,0.23,0.23,0.22,BAL,25OCT12LABAL,0.78,0.06
2025-10-07 01:00:00,0.23,0.23,0.22,BAL,25OCT12LABAL,0.78,0.06
2025-10-07 02:00:00,0.23,0.23,0.23,BAL,25OCT12LABAL,0.78,0.06
2025-10-07 03:00:00,0.23,0.23,0.23,BAL,25OCT12LABAL,0.78,0.06
2025-10-07 04:00:00,0.23,0.23,0.21,BAL,25OCT12LABAL,0.63,0.06
2025-10-07 05:00:00,0.23,0.23,0.23,BAL,25OCT12LABAL,0.63,0.06
2025-10-07 06:00:00,0.24,0.24,0.22,BAL,25OCT12LABAL,0.63,0.06
2025-10-07 07:00:00,0.24,0.27,0.22,BAL,25OCT12LABAL,0.63,0.06
2025-10-07 08:00:00,0.24,0.27,0.22,BAL,25OCT12LABAL,0.63,0.06
2025-10-07 09:00:00,0.24,0.27,0.22,BAL,25OCT12LABAL,-0.67,0.11
2025-10-07 10:00:00,0.24,0.24,0.24,BAL,25OCT12LABAL,0.63,0.11
2025-10-07 11:00:00,0.24,0.24,0.24,BAL,25OCT12LABAL,0.56,0.11
2025-10-07 12:00:00,0.23,0.25,0.23,BAL,25OCT12LABAL,-0.55,0.03
2025-10-07 13:00:00,0.22,0.23,0.21,BAL,25OCT12LABAL,-0.38,0.61
2025-10-07 14:00:00,0.22,0.22,0.21,BAL,25OCT12LABAL,-0.12,0.69
2025-10-07 15:00:00,0.23,0.23,0.22,BAL,25OCT12LABAL,-0.52,0.69
2025-10-07 16:00:00,0.23,0.23,0.22,BAL,25OCT12LABAL,-0.09,0.71
2025-10-07 17:00:00,0.23,0.23,0.22,BAL,25OCT12LABAL,0.61,0.06
2025-10-07 18:00:00,0.23,0.23,0.23,BAL,25OCT12LABAL,0.6,0.03
2025-10-07 19:00:00,0.24,0.24,0.23,BAL,25OCT12LABAL,0.69,0.03
2025-10-07 20:00:00,0.24,0.24,0.23,BAL,25OCT12LABAL,0.26,0.85
2025-10-07 21:00:00,0.24,0.24,0.24,BAL,25OCT12LABAL,-0.81,0.85
2025-10-07 22:00:00,0.24,0.24,0.23,BAL,25OCT12LABAL,-0.81,0.85
2025-10-07 23:00:00,0.24,0.24,0.24,BAL,25OCT12LABAL,-0.46,0.59
2025-10-08 00:00:00,0.23,0.24,0.23,BAL,25OCT12LABAL,-0.36,0.7
2025-10-08 01:00:00,0.23,0.24,0.23,BAL,25OCT12LABAL,-0.59,0.7
2025-10-08 02:00:00,0.24,0.24,0.23,BAL,25OCT12LABAL,-0.12,0.59
2025-10-08 03:00:00,0.24,0.24,0.23,BAL,25OCT12LABAL,-0.12,0.59
2025-10-08 04:00:00,0.24,0.24,0.23,BAL,25OCT12LABAL,0.57,0.59
2025-10-08 05:00:00,0.24,0.24,0.23,BAL,25OCT12LABAL,0.57,0.59
2025-10-08 06:00:00,0.24,0.24,0.23,BAL,25OCT12LABAL,0.57,0.05
2025-10-08 07:00:00,0.24,0.24,0.24,BAL,25OCT12LABAL,0.57,0.05
2025-10-08 08:00:00,0.24,0.24,0.24,BAL,25OCT12LABAL,0.57,0.05
2025-10-08 09:00:00,0.23,0.23,0.23,BAL,25OCT12LABAL,0.57,0.05
2025-10-08 10:00:00,0.23,0.23,0.23,BAL,25OCT12LABAL,0.57,0.05
2025-10-08 11:00:00,0.23,0.23,0.23,BAL,25OCT12LABAL,0.57,0.05
2025-10-08 12:00:00,0.23,0.23,0.23,BAL,25OCT12LABAL,0.6,0.05
2025-10-08 13:00:00,0.24,0.24,0.23,BAL,25OCT12LABAL,-0.47,0.05
2025-10-08 14:00:00,0.23,0.24,0.23,BAL,25OCT12LABAL,0.0,0.74
2025-10-08 15:00:00,0.23,0.23,0.22,BAL,25OCT12LABAL,0.01,0.73
2025-10-08 16:00:00,0.23,0.23,0.22,BAL,25OCT12LABAL,-0.01,0.75
2025-10-08 17:00:00,0.23,0.23,0.22,BAL,25OCT12LABAL,-0.01,0.75
2025-10-08 18:00:00,0.24,0.24,0.22,BAL,25OCT12LABAL,-0.4,0.53
2025-10-08 19:00:00,0.24,0.24,0.23,BAL,25OCT12LABAL,-0.15,0.64
2025-10-08 20:00:00,0.23,0.24,0.23,BAL,25OCT12LABAL,-0.14,0.6
2025-10-08 21:00:00,0.24,0.24,0.22,BAL,25OCT12LABAL,-0.14,0.6
2025-10-08 22:00:00,0.24,0.24,0.23,BAL,25OCT12LABAL,-0.14,0.6
2025-10-08 23:00:00,0.23,0.24,0.23,BAL,25OCT12LABAL,-0.53,0.6
2025-10-09 00:00:00,0.24,0.24,0.23,BAL,25OCT12LABAL,-0.53,0.6
2025-10-09 01:00:00,0.24,0.24,0.24,BAL,25OCT12LABAL,0.51,0.02
2025-10-09 02:00:00,0.24,0.24,0.23,BAL,25OCT12LABAL,0.11,0.79
2025-10-09 03:00:00,0.24,0.24,0.24,BAL,25OCT12LABAL,-0.01,0.95
2025-10-09 04:00:00,0.24,0.24,0.23,BAL,25OCT12LABAL,0.62,0.1
2025-10-09 05:00:00,0.24,0.24,0.24,BAL,25OCT12LABAL,-0.45,0.1
2025-10-09 06:00:00,0.24,0.24,0.24,BAL,25OCT12LABAL,-0.45,0.1
2025-10-09 07:00:00,0.24,0.24,0.24,BAL,25OCT12LABAL,-0.45,0.1
2025-10-09 08:00:00,0.24,0.24,0.24,BAL,25OCT12LABAL,-0.53,0.1
2025-10-09 09:00:00,0.24,0.24,0.24,BAL,25OCT12LABAL,-0.6,0.1
2025-10-09 10:00:00,0.24,0.24,0.23,BAL,25OCT12LABAL,0.75,0.1
2025-10-09 11:00:00,0.24,0.24,0.23,BAL,25OCT12LABAL,0.75,0.1
2025-10-09 12:00:00,0.23,0.23,0.23,BAL,25OCT12LABAL,-0.48,0.08
2025-10-09 13:00:00,0.24,0.24,0.24,BAL,25OCT12LABAL,-0.48,0.08
2025-10-09 14:00:00,0.24,0.24,0.23,BAL,25OCT12LABAL,-0.52,0.08
2025-10-09 15:00:00,0.24,0.24,0.23,BAL,25OCT12LABAL,-0.52,0.08
2025-10-09 16:00:00,0.24,0.24,0.24,BAL,25OCT12LABAL,0.02,0.78
2025-10-09 17:00:00,0.23,0.24,0.23,BAL,25OCT12LABAL,0.02,0.78
2025-10-09 18:00:00,0.24,0.24,0.23,BAL,25OCT12LABAL,-0.62,0.78
2025-10-09 19:00:00,0.24,0.24,0.24,BAL,25OCT12LABAL,-0.01,0.77
2025-10-09 20:00:00,0.24,0.24,0.23,BAL,25OCT12LABAL,0.63,0.77
2025-10-09 21:00:00,0.24,0.24,0.23,BAL,25OCT12LABAL,0.63,0.77
2025-10-09 22:00:00,0.24,0.24,0.23,BAL,25OCT12LABAL,0.05,0.66
2025-10-09 23:00:00,0.24,0.24,0.23,BAL,25OCT12LABAL,-0.48,0.0
2025-10-10 00:00:00,0.24,0.24,0.22,BAL,25OCT12LABAL,0.57,0.0
2025-10-10 01:00:00,0.24,0.24,0.22,BAL,25OCT12LABAL,0.19,0.75
2025-10-10 02:00:00,0.24,0.24,0.22,BAL,25OCT12LABAL,0.34,0.57
2025-10-10 03:00:00,0.24,0.24,0.22,BAL,25OCT12LABAL,-0.24,0.69
2025-10-10 04:00:00,0.24,0.24,0.21,BAL,25OCT12LABAL,-0.65,0.69
2025-10-10 05:00:00,0.22,0.24,0.22,BAL,25OCT12LABAL,-0.65,0.69
2025-10-10 06:00:00,0.24,0.24,0.23,BAL,25OCT12LABAL,-0.65,0.69
2025-10-10 07:00:00,0.24,0.24,0.24,BAL,25OCT12LABAL,-0.65,0.69
2025-10-10 08:00:00,0.24,0.24,0.24,BAL,25OCT12LABAL,-0.65,0.69
2025-10-10 09:00:00,0.24,0.24,0.24,BAL,25OCT12LABAL,0.57,0.69
2025-10-10 10:00:00,0.24,0.24,0.24,BAL,25OCT12LABAL,-0.5,0.09
2025-10-10 11:00:00,0.23,0.24,0.22,BAL,25OCT12LABAL,-0.5,0.09
2025-10-10 12:00:00,0.23,0.23,0.21,BAL,25OCT12LABAL,-0.61,0.09
2025-10-10 13:00:00,0.24,0.24,0.22,BAL,25OCT12LABAL,-0.2,0.56
2025-10-10 14:00:00,0.24,0.24,0.23,BAL,25OCT12LABAL,-0.2,0.56
2025-10-10 15:00:00,0.24,0.24,0.23,BAL,25OCT12LABAL,0.5,0.56
2025-10-10 16:00:00,0.24,0.24,0.23,BAL,25OCT12LABAL,-0.62,0.12
2025-10-10 17:00:00,0.24,0.24,0.23,BAL,25OCT12LABAL,-0.62,0.12
2025-10-10 18:00:00,0.24,0.24,0.24,BAL,25OCT12LABAL,-0.48,0.12
2025-10-10 19:00:00,0.24,0.24,0.23,BAL,25OCT12LABAL,-0.48,0.12
2025-10-10 20:00:00,0.24,0.24,0.23,BAL,25OCT12LABAL,0.55,0.12
2025-10-10 21:00:00,0.23,0.24,0.23,BAL,25OCT12LABAL,0.55,0.12
2025-10-10 22:00:00,0.23,0.24,0.22,BAL,25OCT12LABAL,-0.68,0.06
2025-10-10 23:00:00,0.23,0.23,0.22,BAL,25OCT12LABAL,-0.68,0.06
2025-10-11 00:00:00,0.23,0.24,0.22,BAL,25OCT12LABAL,0.53,0.06
2025-10-11 01:00:00,0.24,0.24,0.23,BAL,25OCT12LABAL,0.53,0.06
2025-10-11 02:00:00,0.23,0.24,0.23,BAL,25OCT12LABAL,0.53,0.06
2025-10-11 03:00:00,0.23,0.24,0.23,BAL,25OCT12LABAL,0.53,0.06
2025-10-11 04:00:00,0.24,0.24,0.23,BAL,25OCT12LABAL,0.53,0.06
2025-10-11 05:00:00,0.23,0.24,0.23,BAL,25OCT12LABAL,-0.44,0.06
2025-10-11 06:00:00,0.23,0.24,0.22,BAL,25OCT12LABAL,-0.44,0.06
2025-10-11 07:00:00,0.23,0.23,0.23,BAL,25OCT12LABAL,-0.44,0.06
2025-10-11 08:00:00,0.24,0.24,0.24,BAL,25OCT12LABAL,-0.44,0.06
2025-10-11 09:00:00,0.24,0.24,0.24,BAL,25OCT12LABAL,-0.44,0.06
2025-10-11 10:00:00,0.24,0.24,0.24,BAL,25OCT12LABAL,-0.44,0.06
2025-10-11 11:00:00,0.24,0.24,0.24,BAL,25OCT12LABAL,-0.44,0.06
2025-10-11 12:00:00,0.24,0.24,0.24,BAL,25OCT12LABAL,-0.47,0.06
2025-10-11 13:00:00,0.23,0.24,0.22,BAL,25OCT12LABAL,-0.47,0.06
2025-10-11 14:00:00,0.24,0.24,0.22,BAL,25OCT12LABAL,-0.47,0.06
2025-10-11 15:00:00,0.24,0.24,0.24,BAL,25OCT12LABAL,-0.47,0.06
2025-10-11 16:00:00,0.24,0.24,0.23,BAL,25OCT12LABAL,-0.47,0.06
2025-10-11 17:00:00,0.24,0.24,0.23,BAL,25OCT12LABAL,-0.47,0.06
2025-10-11 18:00:00,0.24,0.24,0.23,BAL,25OCT12LABAL,-0.47,0.06
2025-10-11 19:00:00,0.24,0.24,0.23,BAL,25OCT12LABAL,-0.47,0.06
2025-10-11 20:00:00,0.24,0.24,0.23,BAL,25OCT12LABAL,-0.47,0.06
2025-10-11 21:00:00,0.24,0.24,0.23,BAL,25OCT12LABAL,-0.47,0.06
2025-10-11 22:00:00,0.23,0.24,0.23,BAL,25OCT12LABAL,-0.47,0.06
2025-10-11 23:00:00,0.24,0.24,0.23,BAL,25OCT12LABAL,-0.47,0.06
2025-10-12 00:00:00,0.24,0.24,0.23,BAL,25OCT12LABAL,-0.47,0.06
2025-10-12 01:00:00,0.24,0.24,0.22,BAL,25OCT12LABAL,-0.47,0.06
2025-10-12 02:00:00,0.24,0.24,0.22,BAL,25OCT12LABAL,-0.47,0.06
2025-10-12 03:00:00,0.24,0.24,0.22,BAL,25OCT12LABAL,-0.47,0.06
2025-10-12 04:00:00,0.25,0.25,0.22,BAL,25OCT12LABAL,-0.47,0.06
2025-10-12 05:00:00,0.24,0.25,0.23,BAL,25OCT12LABAL,-0.47,0.06
2025-10-12 06:00:00,0.24,0.24,0.23,BAL,25OCT12LABAL,-0.47,0.06
2025-10-12 07:00:00,0.24,0.24,0.23,BAL,25OCT12LABAL,-0.47,0.06
2025-10-12 08:00:00,0.24,0.24,0.23,BAL,25OCT12LABAL,-0.47,0.06
2025-10-12 09:00:00,0.25,0.25,0.23,BAL,25OCT12LABAL,-0.47,0.06
2025-10-12 10:00:00,0.25,0.25,0.25,BAL,25OCT12LABAL,-0.47,0.06
2025-10-12 11:00:00,0.25,0.25,0.25,BAL,25OCT12LABAL,-0.47,0.06
2025-10-12 12:00:00,0.25,0.25,0.24,BAL,25OCT12LABAL,-0.47,0.06
2025-10-12 13:00:00,0.24,0.25,0.23,BAL,25OCT12LABAL,-0.36,0.6
2025-10-12 14:00:00,0.24,0.24,0.23,BAL,25OCT12LABAL,-0.25,0.63
2025-10-12 15:00:00,0.25,0.25,0.23,BAL,25OCT12LABAL,-0.25,0.63
2025-10-12 16:00:00,0.25,0.25,0.24,BAL,25OCT12LABAL,-0.25,0.63
2025-10-12 17:00:00,0.28,0.28,0.24,BAL,25OCT12LABAL,-0.25,0.63
2025-10-12 18:00:00,0.33,0.43,0.22,BAL,25OCT12LABAL,-0.25,0.63
2025-10-12 19:00:00,0.08,0.48,0.06,BAL,25OCT12LABAL,-0.44,0.63
2025-10-05 21:00:00,0.25,0.56,0.25,NO,25OCT12NENO,0.73,0.43
2025-10-05 22:00:00,0.54,0.54,0.54,NO,25OCT12NENO,0.73,0.43
2025-10-05 23:00:00,0.39,0.4,0.39,NO,25OCT12NENO,0.73,0.43
2025-10-06 00:00:00,0.42,0.43,0.4,NO,25OCT12NENO,0.73,0.43
2025-10-06 01:00:00,0.53,0.53,0.43,NO,25OCT12NENO,0.73,0.43
2025-10-06 02:00:00,0.3,0.3,0.3,NO,25OCT12NENO,0.73,0.43
2025-10-06 03:00:00,0.37,0.62,0.36,NO,25OCT12NENO,0.73,0.43
2025-10-06 04:00:00,0.37,0.37,0.36,NO,25OCT12NENO,0.73,0.43
2025-10-06 05:00:00,0.38,0.38,0.36,NO,25OCT12NENO,0.73,0.43
2025-10-06 06:00:00,0.37,0.37,0.37,NO,25OCT12NENO,0.73,0.43
2025-10-06 07:00:00,0.37,0.37,0.37,NO,25OCT12NENO,0.73,0.43
2025-10-06 08:00:00,0.37,0.37,0.37,NO,25OCT12NENO,0.73,0.43
2025-10-06 09:00:00,0.37,0.37,0.37,NO,25OCT12NENO,0.73,0.43
2025-10-06 10:00:00,0.37,0.37,0.37,NO,25OCT12NENO,0.73,0.43
2025-10-06 11:00:00,0.37,0.37,0.37,NO,25OCT12NENO,0.73,0.43
2025-10-06 12:00:00,0.37,0.37,0.37,NO,25OCT12NENO,0.73,0.43
2025-10-06 13:00:00,0.37,0.39,0.37,NO,25OCT12NENO,0.73,0.43
2025-10-06 14:00:00,0.37,0.38,0.37,NO,25OCT12NENO,-0.61,0.43
2025-10-06 15:00:00,0.39,0.39,0.38,NO,25OCT12NENO,0.58,0.43
2025-10-06 16:00:00,0.37,0.38,0.37,NO,25OCT12NENO,0.51,0.43
2025-10-06 17:00:00,0.35,0.36,0.34,NO,25OCT12NENO,0.51,0.43
2025-10-06 18:00:00,0.35,0.35,0.35,NO,25OCT12NENO,0.51,0.43
2025-10-06 19:00:00,0.36,0.36,0.34,NO,25OCT12NENO,0.51,0.43
2025-10-06 20:00:00,0.36,0.36,0.36,NO,25OCT12NENO,0.51,0.43
2025-10-06 21:00:00,0.36,0.36,0.36,NO,25OCT12NENO,0.51,0.43
2025-10-06 22:00:00,0.36,0.36,0.36,NO,25OCT12NENO,0.51,0.43
2025-10-06 23:00:00,0.36,0.36,0.36,NO,25OCT12NENO,0.51,0.43
2025-10-07 00:00:00,0.36,0.36,0.34,NO,25OCT12NENO,0.51,0.43
2025-10-07 01:00:00,0.36,0.36,0.36,NO,25OCT12NENO,0.51,0.43
2025-10-07 02:00:00,0.36,0.36,0.36,NO,25OCT12NENO,0.51,0.43
2025-10-07 03:00:00,0.36,0.36,0.35,NO,25OCT12NENO,0.51,0.43
2025-10-07 04:00:00,0.36,0.36,0.36,NO,25OCT12NENO,0.51,0.43
2025-10-07 05:00:00,0.36,0.36,0.36,NO,25OCT12NENO,0.51,0.43
2025-10-07 06:00:00,0.36,0.36,0.36,NO,25OCT12NENO,0.51,0.43
2025-10-07 07:00:00,0.36,0.36,0.36,NO,25OCT12NENO,0.51,0.43
2025-10-07 08:00:00,0.36,0.36,0.36,NO,25OCT12NENO,0.51,0.43
2025-10-07 09:00:00,0.36,0.36,0.36,NO,25OCT12NENO,0.51,0.43
2025-10-07 10:00:00,0.36,0.36,0.36,NO,25OCT12NENO,0.51,0.43
2025-10-07 11:00:00,0.36,0.36,0.36,NO,25OCT12NENO,0.51,0.43
2025-10-07 12:00:00,0.36,0.36,0.36,NO,25OCT12NENO,0.51,0.43
2025-10-07 13:00:00,0.36,0.36,0.36,NO,25OCT12NENO,0.51,0.43
2025-10-07 14:00:00,0.36,0.36,0.35,NO,25OCT12NENO,0.51,0.43
2025-10-07 15:00:00,0.37,0.37,0.36,NO,25OCT12NENO,0.51,0.43
2025-10-07 16:00:00,0.37,0.37,0.36,NO,25OCT12NENO,0.51,0.43
2025-10-07 17:00:00,0.37,0.37,0.37,NO,25OCT12NENO,0.51,0.43
2025-10-07 18:00:00,0.37,0.37,0.37,NO,25OCT12NENO,0.51,0.43
2025-10-07 19:00:00,0.37,0.37,0.37,NO,25OCT12NENO,0.51,0.43
2025-10-07 20:00:00,0.37,0.37,0.37,NO,25OCT12NENO,0.51,0.43
2025-10-07 21:00:00,0.37,0.37,0.36,NO,25OCT12NENO,0.51,0.43
2025-10-07 22:00:00,0.37,0.37,0.37,NO,25OCT12NENO,0.51,0.43
2025-10-07 23:00:00,0.37,0.37,0.37,NO,25OCT12NENO,0.51,0.43
2025-10-08 00:00:00,0.36,0.37,0.36,NO,25OCT12NENO,0.51,0.43
2025-10-08 01:00:00,0.37,0.37,0.37,NO,25OCT12NENO,0.51,0.43
2025-10-08 02:00:00,0.37,0.37,0.36,NO,25OCT12NENO,0.51,0.43
2025-10-08 03:00:00,0.38,0.38,0.37,NO,25OCT12NENO,0.51,0.43
2025-10-08 04:00:00,0.38,0.38,0.37,NO,25OCT12NENO,0.51,0.43
2025-10-08 05:00:00,0.38,0.38,0.38,NO,25OCT12NENO,0.51,0.43
2025-10-08 06:00:00,0.38,0.38,0.38,NO,25OCT12NENO,0.51,0.43
2025-10-08 07:00:00,0.38,0.38,0.38,NO,25OCT12NENO,0.51,0.43
2025-10-08 08:00:00,0.38,0.38,0.38,NO,25OCT12NENO,0.51,0.43
2025-10-08 09:00:00,0.38,0.38,0.38,NO,25OCT12NENO,0.51,0.43
2025-10-08 10:00:00,0.38,0.38,0.38,NO,25OCT12NENO,0.51,0.43
2025-10-08 11:00:00,0.38,0.38,0.38,NO,25OCT12NENO,0.51,0.43
2025-10-08 12:00:00,0.38,0.38,0.38,NO,25OCT12NENO,0.51,0.43
2025-10-08 13:00:00,0.38,0.38,0.38,NO,25OCT12NENO,0.51,0.43
2025-10-08 14:00:00,0.38,0.38,0.38,NO,25OCT12NENO,0.51,0.43
2025-10-08 15:00:00,0.38,0.38,0.37,NO,25OCT12NENO,0.51,0.43
2025-10-08 16:00:00,0.38,0.38,0.38,NO,25OCT12NENO,0.53,0.43
2025-10-08 17:00:00,0.38,0.38,0.38,NO,25OCT12NENO,0.53,0.43
2025-10-08 18:00:00,0.38,0.38,0.37,NO,25OCT12NENO,0.53,0.43
2025-10-08 19:00:00,0.38,0.38,0.38,NO,25OCT12NENO,0.53,0.43
2025-10-08 20:00:00,0.38,0.38,0.37,NO,25OCT12NENO,0.53,0.43
2025-10-08 21:00:00,0.38,0.38,0.37,NO,25OCT12NENO,0.53,0.43
2025-10-08 22:00:00,0.38,0.38,0.37,NO,25OCT12NENO,0.53,0.43
2025-10-08 23:00:00,0.38,0.38,0.37,NO,25OCT12NENO,0.53,0.43
2025-10-09 00:00:00,0.38,0.38,0.38,NO,25OCT12NENO,0.53,0.43
2025-10-09 01:00:00,0.37,0.37,0.36,NO,25OCT12NENO,0.42,0.43
2025-10-09 02:00:00,0.37,0.37,0.37,NO,25OCT12NENO,0.42,0.43
2025-10-09 03:00:00,0.37,0.37,0.36,NO,25OCT12NENO,0.42,0.43
2025-10-09 04:00:00,0.37,0.37,0.37,NO,25OCT12NENO,0.42,0.43
2025-10-09 05:00:00,0.36,0.37,0.36,NO,25OCT12NENO,0.42,0.43
2025-10-09 06:00:00,0.37,0.37,0.37,NO,25OCT12NENO,0.42,0.43
2025-10-09 07:00:00,0.37,0.37,0.37,NO,25OCT12NENO,0.42,0.43
2025-10-09 08:00:00,0.37,0.37,0.37,NO,25OCT12NENO,0.42,0.43
2025-10-09 09:00:00,0.37,0.37,0.37,NO,25OCT12NENO,0.42,0.43
2025-10-09 10:00:00,0.37,0.37,0.37,NO,25OCT12NENO,0.42,0.43
2025-10-09 11:00:00,0.36,0.36,0.36,NO,25OCT12NENO,0.42,0.43
2025-10-09 12:00:00,0.36,0.36,0.36,NO,25OCT12NENO,0.42,0.43
2025-10-09 13:00:00,0.38,0.38,0.38,NO,25OCT12NENO,0.42,0.43
2025-10-09 14:00:00,0.37,0.38,0.37,NO,25OCT12NENO,0.42,0.43
2025-10-09 15:00:00,0.38,0.38,0.37,NO,25OCT12NENO,0.42,0.43
2025-10-09 16:00:00,0.38,0.38,0.37,NO,25OCT12NENO,0.42,0.43
2025-10-09 17:00:00,0.38,0.38,0.38,NO,25OCT12NENO,0.42,0.43
2025-10-09 18:00:00,0.38,0.38,0.37,NO,25OCT12NENO,0.42,0.43
2025-10-09 19:00:00,0.38,0.38,0.38,NO,25OCT12NENO,0.42,0.43
2025-10-09 20:00:00,0.38,0.38,0.37,NO,25OCT12NENO,0.42,0.43
2025-10-09 21:00:00,0.36,0.38,0.36,NO,25OCT12NENO,0.42,0.43
2025-10-09 22:00:00,0.37,0.37,0.36,NO,25OCT12NENO,0.42,0.43
2025-10-09 23:00:00,0.37,0.37,0.36,NO,25OCT12NENO,0.42,0.43
2025-10-10 00:00:00,0.37,0.37,0.37,NO,25OCT12NENO,0.42,0.43
2025-10-10 01:00:00,0.37,0.37,0.37,NO,25OCT12NENO,0.42,0.43
2025-10-10 02:00:00,0.37,0.37,0.37,NO,25OCT12NENO,-0.02,0.77
2025-10-10 03:00:00,0.37,0.37,0.37,NO,25OCT12NENO,-0.02,0.77
2025-10-10 04:00:00,0.37,0.37,0.37,NO,25OCT12NENO,-0.02,0.77
2025-10-10 05:00:00,0.37,0.37,0.37,NO,25OCT12NENO,-0.02,0.77
2025-10-10 06:00:00,0.37,0.37,0.36,NO,25OCT12NENO,-0.02,0.77
2025-10-10 07:00:00,0.37,0.37,0.36,NO,25OCT12NENO,-0.02,0.77
2025-10-10 08:00:00,0.37,0.37,0.37,NO,25OCT12NENO,-0.02,0.77
2025-10-10 09:00:00,0.37,0.37,0.37,NO,25OCT12NENO,-0.02,0.77
2025-10-10 10:00:00,0.37,0.37,0.37,NO,25OCT12NENO,-0.02,0.77
2025-10-10 11:00:00,0.37,0.37,0.37,NO,25OCT12NENO,-0.02,0.77
2025-10-10 12:00:00,0.37,0.37,0.37,NO,25OCT12NENO,-0.59,0.77
2025-10-10 13:00:00,0.37,0.37,0.37,NO,25OCT12NENO,0.55,0.77
2025-10-10 14:00:00,0.37,0.37,0.36,NO,25OCT12NENO,0.55,0.77
2025-10-10 15:00:00,0.37,0.37,0.36,NO,25OCT12NENO,0.55,0.77
2025-10-10 16:00:00,0.37,0.37,0.36,NO,25OCT12NENO,0.55,0.77
2025-10-10 17:00:00,0.37,0.37,0.36,NO,25OCT12NENO,0.55,0.77
2025-10-10 18:00:00,0.37,0.37,0.36,NO,25OCT12NENO,0.55,0.77
2025-10-10 19:00:00,0.37,0.37,0.37,NO,25OCT12NENO,0.55,0.77
2025-10-10 20:00:00,0.37,0.37,0.36,NO,25OCT12NENO,0.55,0.77
2025-10-10 21:00:00,0.37,0.37,0.36,NO,25OCT12NENO,0.55,0.77
2025-10-10 22:00:00,0.37,0.37,0.37,NO,25OCT12NENO,0.55,0.77
2025-10-10 23:00:00,0.37,0.37,0.37,NO,25OCT12NENO,0.55,0.77
2025-10-11 00:00:00,0.37,0.37,0.37,NO,25OCT12NENO,0.55,0.77
2025-10-11 01:00:00,0.37,0.37,0.37,NO,25OCT12NENO,0.55,0.77
2025-10-11 02:00:00,0.37,0.37,0.37,NO,25OCT12NENO,0.55,0.77
2025-10-11 03:00:00,0.37,0.37,0.37,NO,25OCT12NENO,0.55,0.77
2025-10-11 04:00:00,0.37,0.37,0.37,NO,25OCT12NENO,0.55,0.77
2025-10-11 05:00:00,0.37,0.37,0.37,NO,25OCT12NENO,0.55,0.77
2025-10-11 06:00:00,0.37,0.37,0.36,NO,25OCT12NENO,0.55,0.77
2025-10-11 07:00:00,0.37,0.37,0.37,NO,25OCT12NENO,0.55,0.77
2025-10-11 08:00:00,0.37,0.37,0.37,NO,25OCT12NENO,0.55,0.77
2025-10-11 09:00:00,0.37,0.37,0.37,NO,25OCT12NENO,0.55,0.77
2025-10-11 10:00:00,0.37,0.37,0.37,NO,25OCT12NENO,0.55,0.77
2025-10-11 11:00:00,0.37,0.37,0.37,NO,25OCT12NENO,0.55,0.77
2025-10-11 12:00:00,0.37,0.37,0.37,NO,25OCT12NENO,0.55,0.77
2025-10-11 13:00:00,0.37,0.37,0.37,NO,25OCT12NENO,0.55,0.77
2025-10-11 14:00:00,0.37,0.37,0.36,NO,25OCT12NENO,0.55,0.77
2025-10-11 15:00:00,0.37,0.37,0.36,NO,25OCT12NENO,0.51,0.77
2025-10-11 16:00:00,0.37,0.37,0.36,NO,25OCT12NENO,0.51,0.77
2025-10-11 17:00:00,0.37,0.37,0.37,NO,25OCT12NENO,0.63,0.77
2025-10-11 18:00:00,0.37,0.37,0.37,NO,25OCT12NENO,0.63,0.77
2025-10-11 19:00:00,0.37,0.37,0.36,NO,25OCT12NENO,0.63,0.77
2025-10-11 20:00:00,0.36,0.37,0.36,NO,25OCT12NENO,0.63,0.77
2025-10-11 21:00:00,0.36,0.36,0.35,NO,25OCT12NENO,0.63,0.77
2025-10-11 22:00:00,0.36,0.36,0.35,NO,25OCT12NENO,0.63,0.77
2025-10-11 23:00:00,0.36,0.36,0.36,NO,25OCT12NENO,0.63,0.77
2025-10-12 00:00:00,0.36,0.36,0.35,NO,25OCT12NENO,0.63,0.77
2025-10-12 01:00:00,0.36,0.36,0.34,NO,25OCT12NENO,0.63,0.77
2025-10-12 02:00:00,0.36,0.36,0.36,NO,25OCT12NENO,0.63,0.77
2025-10-12 03:00:00,0.36,0.36,0.35,NO,25OCT12NENO,0.63,0.77
2025-10-12 04:00:00,0.36,0.36,0.36,NO,25OCT12NENO,0.63,0.77
2025-10-12 05:00:00,0.36,0.36,0.35,NO,25OCT12NENO,0.63,0.77
2025-10-12 06:00:00,0.36,0.36,0.35,NO,25OCT12NENO,0.63,0.77
2025-10-12 07:00:00,0.36,0.36,0.35,NO,25OCT12NENO,0.63,0.77
2025-10-12 08:00:00,0.36,0.36,0.35,NO,25OCT12NENO,0.63,0.77
2025-10-12 09:00:00,0.36,0.36,0.36,NO,25OCT12NENO,0.63,0.77
2025-10-12 10:00:00,0.36,0.36,0.36,NO,25OCT12NENO,0.63,0.77
2025-10-12 11:00:00,0.36,0.36,0.36,NO,25OCT12NENO,0.63,0.77
2025-10-12 12:00:00,0.36,0.36,0.36,NO,25OCT12NENO,0.63,0.77
2025-10-12 13:00:00,0.36,0.36,0.35,NO,25OCT12NENO,0.63,0.77
2025-10-12 14:00:00,0.36,0.36,0.35,NO,25OCT12NENO,0.63,0.77
2025-10-12 15:00:00,0.36,0.36,0.35,NO,25OCT12NENO,0.55,0.77
2025-10-12 16:00:00,0.37,0.37,0.35,NO,25OCT12NENO,0.55,0.77
2025-10-12 17:00:00,0.37,0.39,0.36,NO,25OCT12NENO,0.55,0.77
2025-10-12 18:00:00,0.31,0.5,0.19,NO,25OCT12NENO,0.57,0.77
2025-10-12 19:00:00,0.19,0.46,0.12,NO,25OCT12NENO,-0.6,0.77
2025-10-12 20:00:00,0.03,0.36,0.01,NO,25OCT12NENO,-0.66,0.77
2025-10-05 23:00:00,0.49,0.49,0.49,ARI,25OCT12ARIIND,-0.54,0.1
2025-10-06 00:00:00,0.32,0.33,0.15,ARI,25OCT12ARIIND,-0.31,0.56
2025-10-06 01:00:00,0.32,0.32,0.31,ARI,25OCT12ARIIND,-0.0,0.76
2025-10-06 02:00:00,0.31,0.32,0.31,ARI,25OCT12ARIIND,0.44,0.76
2025-10-06 03:00:00,0.3,0.31,0.3,ARI,25OCT12ARIIND,-0.56,0.76
2025-10-06 04:00:00,0.31,0.31,0.3,ARI,25OCT12ARIIND,-0.55,0.02
2025-10-06 05:00:00,0.31,0.31,0.31,ARI,25OCT12ARIIND,-0.55,0.02
2025-10-06 06:00:00,0.31,0.31,0.31,ARI,25OCT12ARIIND,-0.55,0.02
2025-10-06 07:00:00,0.31,0.31,0.31,ARI,25OCT12ARIIND,-0.55,0.02
2025-10-06 08:00:00,0.31,0.31,0.31,ARI,25OCT12ARIIND,0.51,0.02
2025-10-06 09:00:00,0.32,0.32,0.32,ARI,25OCT12ARIIND,0.51,0.02
2025-10-06 10:00:00,0.32,0.32,0.32,ARI,25OCT12ARIIND,0.51,0.02
2025-10-06 11:00:00,0.32,0.32,0.32,ARI,25OCT12ARIIND,0.51,0.02
2025-10-06 12:00:00,0.32,0.32,0.32,ARI,25OCT12ARIIND,-0.55,0.14
2025-10-06 13:00:00,0.31,0.31,0.31,ARI,25OCT12ARIIND,-0.53,0.03
2025-10-06 14:00:00,0.3,0.31,0.3,ARI,25OCT12ARIIND,-0.11,0.64
2025-10-06 15:00:00,0.3,0.3,0.3,ARI,25OCT12ARIIND,0.37,0.64
2025-10-06 16:00:00,0.3,0.3,0.29,ARI,25OCT12ARIIND,0.77,0.64
2025-10-06 17:00:00,0.3,0.3,0.29,ARI,25OCT12ARIIND,-0.42,0.65
2025-10-06 18:00:00,0.3,0.3,0.3,ARI,25OCT12ARIIND,-0.38,0.57
2025-10-06 19:00:00,0.3,0.3,0.3,ARI,25OCT12ARIIND,0.16,0.7
2025-10-06 20:00:00,0.3,0.3,0.3,ARI,25OCT12ARIIND,-0.24,0.76
2025-10-06 21:00:00,0.3,0.3,0.3,ARI,25OCT12ARIIND,-0.01,0.94
2025-10-06 22:00:00,0.3,0.3,0.3,ARI,25OCT12ARIIND,-0.49,0.45
2025-10-06 23:00:00,0.29,0.3,0.29,ARI,25OCT12ARIIND,-0.51,0.47
2025-10-07 00:00:00,0.28,0.28,0.28,ARI,25OCT12ARIIND,-0.67,0.47
2025-10-07 01:00:00,0.27,0.28,0.27,ARI,25OCT12ARIIND,-0.57,0.05
2025-10-07 02:00:00,0.26,0.27,0.26,ARI,25OCT12ARIIND,-0.57,0.05
2025-10-07 03:00:00,0.27,0.27,0.27,ARI,25OCT12ARIIND,-0.55,0.05
2025-10-07 04:00:00,0.27,0.27,0.26,ARI,25OCT12ARIIND,-0.63,0.04
2025-10-07 05:00:00,0.27,0.27,0.26,ARI,25OCT12ARIIND,-0.63,0.04
2025-10-07 06:00:00,0.27,0.27,0.26,ARI,25OCT12ARIIND,0.64,0.04
2025-10-07 07:00:00,0.27,0.27,0.26,ARI,25OCT12ARIIND,0.64,0.04
2025-10-07 08:00:00,0.27,0.27,0.27,ARI,25OCT12ARIIND,0.64,0.04
2025-10-07 09:00:00,0.27,0.27,0.27,ARI,25OCT12ARIIND,0.64,0.04
2025-10-07 10:00:00,0.27,0.27,0.27,ARI,25OCT12ARIIND,0.64,0.04
2025-10-07 11:00:00,0.27,0.27,0.27,ARI,25OCT12ARIIND,0.64,0.04
2025-10-07 12:00:00,0.27,0.27,0.26,ARI,25OCT12ARIIND,-0.52,0.04
2025-10-07 13:00:00,0.27,0.28,0.27,ARI,25OCT12ARIIND,-0.59,0.04
2025-10-07 14:00:00,0.28,0.28,0.26,ARI,25OCT12ARIIND,-0.52,0.04
2025-10-07 15:00:00,0.27,0.29,0.26,ARI,25OCT12ARIIND,-0.44,0.04
2025-10-07 16:00:00,0.27,0.27,0.27,ARI,25OCT12ARIIND,-0.44,0.04
2025-10-07 17:00:00,0.27,0.27,0.26,ARI,25OCT12ARIIND,-0.5,0.16
2025-10-07 18:00:00,0.27,0.27,0.26,ARI,25OCT12ARIIND,-0.5,0.16
2025-10-07 19:00:00,0.27,0.27,0.27,ARI,25OCT12ARIIND,-0.5,0.16
2025-10-07 20:00:00,0.27,0.27,0.26,ARI,25OCT12ARIIND,-0.5,0.16
2025-10-07 21:00:00,0.27,0.27,0.27,ARI,25OCT12ARIIND,-0.55,0.16
2025-10-07 22:00:00,0.27,0.27,0.27,ARI,25OCT12ARIIND,-0.61,0.13
2025-10-07 23:00:00,0.26,0.27,0.26,ARI,25OCT12ARIIND,-0.58,0.13
2025-10-08 00:00:00,0.26,0.26,0.26,ARI,25OCT12ARIIND,-0.58,0.13
2025-10-08 01:00:00,0.26,0.26,0.25,ARI,25OCT12ARIIND,0.01,0.78
2025-10-08 02:00:00,0.26,0.26,0.26,ARI,25OCT12ARIIND,0.01,0.78
2025-10-08 03:00:00,0.26,0.26,0.26,ARI,25OCT12ARIIND,-0.5,0.78
2025-10-08 04:00:00,0.26,0.26,0.26,ARI,25OCT12ARIIND,-0.44,0.78
2025-10-08 05:00:00,0.26,0.26,0.25,ARI,25OCT12ARIIND,-0.49,0.78
2025-10-08 06:00:00,0.26,0.26,0.26,ARI,25OCT12ARIIND,-0.49,0.78
2025-10-08 07:00:00,0.26,0.26,0.26,ARI,25OCT12ARIIND,-0.51,0.78
2025-10-08 08:00:00,0.26,0.26,0.26,ARI,25OCT12ARIIND,-0.51,0.78
2025-10-08 09:00:00,0.26,0.26,0.26,ARI,25OCT12ARIIND,-0.51,0.78
2025-10-08 10:00:00,0.26,0.26,0.26,ARI,25OCT12ARIIND,-0.51,0.78
2025-10-08 11:00:00,0.26,0.26,0.26,ARI,25OCT12ARIIND,-0.51,0.78
2025-10-08 12:00:00,0.26,0.26,0.26,ARI,25OCT12ARIIND,-0.51,0.78
2025-10-08 13:00:00,0.26,0.26,0.25,ARI,25OCT12ARIIND,0.67,0.78
2025-10-08 14:00:00,0.26,0.26,0.26,ARI,25OCT12ARIIND,-0.26,0.72
2025-10-08 15:00:00,0.26,0.26,0.26,ARI,25OCT12ARIIND,-0.61,0.04
2025-10-08 16:00:00,0.26,0.26,0.26,ARI,25OCT12ARIIND,-0.61,0.04
2025-10-08 17:00:00,0.26,0.26,0.26,ARI,25OCT12ARIIND,-0.42,0.04
2025-10-08 18:00:00,0.26,0.26,0.25,ARI,25OCT12ARIIND,0.49,0.04
2025-10-08 19:00:00,0.26,0.26,0.25,ARI,25OCT12ARIIND,0.49,0.04
2025-10-08 20:00:00,0.25,0.26,0.25,ARI,25OCT12ARIIND,0.49,0.04
2025-10-08 21:00:00,0.26,0.26,0.26,ARI,25OCT12ARIIND,0.49,0.04
2025-10-08 22:00:00,0.26,0.26,0.26,ARI,25OCT12ARIIND,0.49,0.04
2025-10-08 23:00:00,0.26,0.26,0.26,ARI,25OCT12ARIIND,-0.48,0.04
2025-10-09 00:00:00,0.26,0.26,0.26,ARI,25OCT12ARIIND,-0.48,0.04
2025-10-09 01:00:00,0.26,0.26,0.25,ARI,25OCT12ARIIND,-0.36,0.04
2025-10-09 02:00:00,0.26,0.26,0.25,ARI,25OCT12ARIIND,-0.36,0.04
2025-10-09 03:00:00,0.26,0.26,0.26,ARI,25OCT12ARIIND,-0.36,0.04
2025-10-09 04:00:00,0.26,0.26,0.26,ARI,25OCT12ARIIND,-0.36,0.04
2025-10-09 05:00:00,0.26,0.26,0.26,ARI,25OCT12ARIIND,-0.36,0.04
2025-10-09 06:00:00,0.26,0.26,0.25,ARI,25OCT12ARIIND,-0.36,0.04
2025-10-09 07:00:00,0.26,0.26,0.26,ARI,25OCT12ARIIND,-0.36,0.04
2025-10-09 08:00:00,0.26,0.26,0.26,ARI,25OCT12ARIIND,-0.36,0.04
2025-10-09 09:00:00,0.26,0.26,0.26,ARI,25OCT12ARIIND,-0.36,0.04
2025-10-09 10:00:00,0.26,0.26,0.26,ARI,25OCT12ARIIND,-0.36,0.04
2025-10-09 11:00:00,0.26,0.26,0.26,ARI,25OCT12ARIIND,-0.36,0.04
2025-10-09 12:00:00,0.26,0.26,0.26,ARI,25OCT12ARIIND,-0.36,0.04
2025-10-09 13:00:00,0.26,0.26,0.26,ARI,25OCT12ARIIND,-0.36,0.04
2025-10-09 14:00:00,0.26,0.26,0.25,ARI,25OCT12ARIIND,-0.42,0.04
2025-10-09 15:00:00,0.26,0.26,0.26,ARI,25OCT12ARIIND,-0.42,0.04
2025-10-09 16:00:00,0.26,0.26,0.25,ARI,25OCT12ARIIND,-0.42,0.04
2025-10-09 17:00:00,0.26,0.26,0.25,ARI,25OCT12ARIIND,-0.42,0.04
2025-10-09 18:00:00,0.26,0.26,0.26,ARI,25OCT12ARIIND,-0.42,0.04
2025-10-09 19:00:00,0.26,0.26,0.26,ARI,25OCT12ARIIND,-0.42,0.04
2025-10-09 20:00:00,0.26,0.26,0.25,ARI,25OCT12ARIIND,-0.42,0.04
2025-10-09 21:00:00,0.26,0.26,0.25,ARI,25OCT12ARIIND,-0.42,0.04
2025-10-09 22:00:00,0.26,0.26,0.25,ARI,25OCT12ARIIND,-0.42,0.04
2025-10-09 23:00:00,0.26,0.26,0.26,ARI,25OCT12ARIIND,-0.42,0.04
2025-10-10 00:00:00,0.25,0.26,0.25,ARI,25OCT12ARIIND,-0.42,0.04
2025-10-10 01:00:00,0.26,0.26,0.25,ARI,25OCT12ARIIND,-0.25,0.56
2025-10-10 02:00:00,0.26,0.26,0.26,ARI,25OCT12ARIIND,-0.25,0.6
2025-10-10 03:00:00,0.26,0.26,0.25,ARI,25OCT12ARIIND,-0.54,0.04
2025-10-10 04:00:00,0.26,0.26,0.26,ARI,25OCT12ARIIND,-0.51,0.04
2025-10-10 05:00:00,0.26,0.26,0.25,ARI,25OCT12ARIIND,0.58,0.04
2025-10-10 06:00:00,0.26,0.26,0.25,ARI,25OCT12ARIIND,0.58,0.04
2025-10-10 07:00:00,0.26,0.26,0.25,ARI,25OCT12ARIIND,0.58,0.04
2025-10-10 08:00:00,0.26,0.26,0.26,ARI,25OCT12ARIIND,0.58,0.04
2025-10-10 09:00:00,0.26,0.26,0.26,ARI,25OCT12ARIIND,0.58,0.04
2025-10-10 10:00:00,0.26,0.26,0.26,ARI,25OCT12ARIIND,0.58,0.04
2025-10-10 11:00:00,0.26,0.26,0.26,ARI,25OCT12ARIIND,0.58,0.04
2025-10-10 12:00:00,0.26,0.26,0.26,ARI,25OCT12ARIIND,0.58,0.04
2025-10-10 13:00:00,0.23,0.26,0.23,ARI,25OCT12ARIIND,0.58,0.04
2025-10-10 14:00:00,0.24,0.25,0.23,ARI,25OCT12ARIIND,0.58,0.04
2025-10-10 15:00:00,0.24,0.24,0.23,ARI,25OCT12ARIIND,0.58,0.04
2025-10-10 16:00:00,0.24,0.24,0.23,ARI,25OCT12ARIIND,0.58,0.04
2025-10-10 17:00:00,0.26,0.26,0.23,ARI,25OCT12ARIIND,0.58,0.04
2025-10-10 18:00:00,0.25,0.25,0.25,ARI,25OCT12ARIIND,0.58,0.04
2025-10-10 19:00:00,0.25,0.25,0.25,ARI,25OCT12ARIIND,0.58,0.04
2025-10-10 20:00:00,0.25,0.25,0.24,ARI,25OCT12ARIIND,0.58,0.04
2025-10-10 21:00:00,0.25,0.25,0.24,ARI,25OCT12ARIIND,0.58,0.04
2025-10-10 22:00:00,0.25,0.25,0.24,ARI,25OCT12ARIIND,0.58,0.04
2025-10-10 23:00:00,0.25,0.25,0.24,ARI,25OCT12ARIIND,-0.47,0.04
2025-10-11 00:00:00,0.25,0.25,0.24,ARI,25OCT12ARIIND,-0.47,0.04
2025-10-11 01:00:00,0.25,0.25,0.25,ARI,25OCT12ARIIND,-0.47,0.04
2025-10-11 02:00:00,0.25,0.25,0.24,ARI,25OCT12ARIIND,-0.47,0.04
2025-10-11 03:00:00,0.25,0.25,0.24,ARI,25OCT12ARIIND,-0.47,0.04
2025-10-11 04:00:00,0.25,0.25,0.25,ARI,25OCT12ARIIND,-0.47,0.04
2025-10-11 05:00:00,0.25,0.25,0.25,ARI,25OCT12ARIIND,-0.47,0.04
2025-10-11 06:00:00,0.25,0.25,0.25,ARI,25OCT12ARIIND,-0.47,0.04
2025-10-11 07:00:00,0.25,0.25,0.25,ARI,25OCT12ARIIND,-0.47,0.04
2025-10-11 08:00:00,0.25,0.25,0.25,ARI,25OCT12ARIIND,-0.47,0.04
2025-10-11 09:00:00,0.25,0.25,0.25,ARI,25OCT12ARIIND,-0.47,0.04
2025-10-11 10:00:00,0.25,0.25,0.25,ARI,25OCT12ARIIND,-0.47,0.04
2025-10-11 11:00:00,0.25,0.25,0.25,ARI,25OCT12ARIIND,-0.47,0.04
2025-10-11 12:00:00,0.25,0.25,0.25,ARI,25OCT12ARIIND,-0.47,0.04
2025-10-11 13:00:00,0.25,0.26,0.25,ARI,25OCT12ARIIND,-0.47,0.04
2025-10-11 14:00:00,0.25,0.25,0.25,ARI,25OCT12ARIIND,-0.47,0.04
2025-10-11 15:00:00,0.24,0.25,0.24,ARI,25OCT12ARIIND,-0.47,0.04
2025-10-11 16:00:00,0.25,0.25,0.24,ARI,25OCT12ARIIND,-0.47,0.04
2025-10-11 17:00:00,0.25,0.25,0.24,ARI,25OCT12ARIIND,0.53,0.04
2025-10-11 18:00:00,0.25,0.26,0.24,ARI,25OCT12ARIIND,0.53,0.04
2025-10-11 19:00:00,0.25,0.25,0.25,ARI,25OCT12ARIIND,0.53,0.04
2025-10-11 20:00:00,0.25,0.26,0.25,ARI,25OCT12ARIIND,-0.51,0.04
2025-10-11 21:00:00,0.25,0.26,0.24,ARI,25OCT12ARIIND,-0.51,0.04
2025-10-11 22:00:00,0.25,0.25,0.24,ARI,25OCT12ARIIND,-0.51,0.04
2025-10-11 23:00:00,0.24,0.25,0.24,ARI,25OCT12ARIIND,-0.51,0.04
2025-10-12 00:00:00,0.24,0.24,0.23,ARI,25OCT12ARIIND,-0.51,0.04
2025-10-12 01:00:00,0.23,0.24,0.22,ARI,25OCT12ARIIND,-0.51,0.04
2025-10-12 02:00:00,0.21,0.23,0.2,ARI,25OCT12ARIIND,-0.51,0.04
2025-10-12 03:00:00,0.21,0.21,0.19,ARI,25OCT12ARIIND,-0.51,0.04
2025-10-12 04:00:00,0.21,0.21,0.19,ARI,25OCT12ARIIND,-0.51,0.04
2025-10-12 05:00:00,0.2,0.21,0.19,ARI,25OCT12ARIIND,-0.51,0.04
2025-10-12 06:00:00,0.2,0.2,0.19,ARI,25OCT12ARIIND,-0.51,0.04
2025-10-12 07:00:00,0.2,0.2,0.19,ARI,25OCT12ARIIND,-0.51,0.04
2025-10-12 08:00:00,0.2,0.2,0.19,ARI,25OCT12ARIIND,-0.51,0.04
2025-10-12 09:00:00,0.2,0.2,0.19,ARI,25OCT12ARIIND,-0.51,0.04
2025-10-12 10:00:00,0.2,0.2,0.19,ARI,25OCT12ARIIND,-0.51,0.04
2025-10-12 11:00:00,0.2,0.2,0.2,ARI,25OCT12ARIIND,-0.51,0.04
2025-10-12 12:00:00,0.2,0.2,0.2,ARI,25OCT12ARIIND,-0.51,0.04
2025-10-12 13:00:00,0.19,0.2,0.18,ARI,25OCT12ARIIND,-0.51,0.04
2025-10-12 14:00:00,0.21,0.21,0.18,ARI,25OCT12ARIIND,-0.48,0.04
2025-10-12 15:00:00,0.21,0.21,0.2,ARI,25OCT12ARIIND,-0.43,0.53
2025-10-12 16:00:00,0.2,0.21,0.2,ARI,25OCT12ARIIND,-0.6,0.03
2025-10-12 17:00:00,0.22,0.23,0.21,ARI,25OCT12ARIIND,-0.02,0.77
2025-10-12 18:00:00,0.19,0.4,0.11,ARI,25OCT12ARIIND,-0.58,0.77
2025-10-12 19:00:00,0.27,0.37,0.14,ARI,25OCT12ARIIND,-0.56,0.77
2025-10-12 20:00:00,0.38,0.85,0.19,ARI,25OCT12ARIIND,0.03,0.84
2025-10-05 17:00:00,0.32,0.32,0.3,NYJ,25OCT12DENNYJ,-0.61,0.12
2025-10-05 18:00:00,0.29,0.29,0.29,NYJ,25OCT12DENNYJ,-0.79,0.04
2025-10-05 19:00:00,0.25,0.33,0.25,NYJ,25OCT12DENNYJ,-0.65,0.1
2025-10-05 20:00:00,0.14,0.27,0.14,NYJ,25OCT12DENNYJ,-0.74,0.1
2025-10-05 21:00:00,0.43,0.43,0.43,NYJ,25OCT12DENNYJ,-0.74,0.1
2025-10-05 22:00:00,0.43,0.43,0.43,NYJ,25OCT12DENNYJ,-0.74,0.1
2025-10-05 23:00:00,0.23,0.23,0.23,NYJ,25OCT12DENNYJ,-0.61,0.13
2025-10-06 00:00:00,0.26,0.29,0.26,NYJ,25OCT12DENNYJ,-0.61,0.13
2025-10-06 01:00:00,0.26,0.26,0.25,NYJ,25OCT12DENNYJ,-0.68,0.13
2025-10-06 02:00:00,0.25,0.25,0.25,NYJ,25OCT12DENNYJ,-0.68,0.13
2025-10-06 03:00:00,0.25,0.25,0.25,NYJ,25OCT12DENNYJ,-0.68,0.13
2025-10-06 04:00:00,0.24,0.25,0.24,NYJ,25OCT12DENNYJ,-0.68,0.13
2025-10-06 05:00:00,0.25,0.25,0.24,NYJ,25OCT12DENNYJ,-0.68,0.13
2025-10-06 06:00:00,0.25,0.25,0.25,NYJ,25OCT12DENNYJ,-0.68,0.13
2025-10-06 07:00:00,0.25,0.25,0.25,NYJ,25OCT12DENNYJ,-0.68,0.13
2025-10-06 08:00:00,0.25,0.25,0.23,NYJ,25OCT12DENNYJ,-0.68,0.13
2025-10-06 09:00:00,0.25,0.25,0.23,NYJ,25OCT12DENNYJ,-0.68,0.13
2025-10-06 10:00:00,0.25,0.25,0.23,NYJ,25OCT12DENNYJ,-0.68,0.13
2025-10-06 11:00:00,0.25,0.25,0.23,NYJ,25OCT12DENNYJ,-0.68,0.13
2025-10-06 12:00:00,0.25,0.25,0.25,NYJ,25OCT12DENNYJ,-0.68,0.13
2025-10-06 13:00:00,0.24,0.25,0.23,NYJ,25OCT12DENNYJ,-0.68,0.13
2025-10-06 14:00:00,0.23,0.24,0.23,NYJ,25OCT12DENNYJ,-0.79,0.13
2025-10-06 15:00:00,0.22,0.23,0.22,NYJ,25OCT12DENNYJ,-0.79,0.13
2025-10-06 16:00:00,0.23,0.23,0.22,NYJ,25OCT12DENNYJ,-0.79,0.13
2025-10-06 17:00:00,0.24,0.24,0.22,NYJ,25OCT12DENNYJ,-0.58,0.13
2025-10-06 18:00:00,0.24,0.24,0.24,NYJ,25OCT12DENNYJ,-0.58,0.13
2025-10-06 19:00:00,0.24,0.24,0.24,NYJ,25OCT12DENNYJ,-0.58,0.13
2025-10-06 20:00:00,0.24,0.24,0.23,NYJ,25OCT12DENNYJ,-0.58,0.13
2025-10-06 21:00:00,0.24,0.24,0.24,NYJ,25OCT12DENNYJ,-0.58,0.13
2025-10-06 22:00:00,0.24,0.24,0.23,NYJ,25OCT12DENNYJ,-0.58,0.13
2025-10-06 23:00:00,0.23,0.24,0.23,NYJ,25OCT12DENNYJ,-0.58,0.13
2025-10-07 00:00:00,0.23,0.23,0.23,NYJ,25OCT12DENNYJ,-0.5,0.13
2025-10-07 01:00:00,0.23,0.23,0.22,NYJ,25OCT12DENNYJ,-0.5,0.13
2025-10-07 02:00:00,0.23,0.23,0.23,NYJ,25OCT12DENNYJ,-0.5,0.13
2025-10-07 03:00:00,0.23,0.23,0.23,NYJ,25OCT12DENNYJ,-0.5,0.13
2025-10-07 04:00:00,0.23,0.23,0.22,NYJ,25OCT12DENNYJ,-0.5,0.13
2025-10-07 05:00:00,0.23,0.23,0.22,NYJ,25OCT12DENNYJ,-0.5,0.13
2025-10-07 06:00:00,0.23,0.23,0.22,NYJ,25OCT12DENNYJ,-0.5,0.13
2025-10-07 07:00:00,0.22,0.23,0.22,NYJ,25OCT12DENNYJ,-0.5,0.13
2025-10-07 08:00:00,0.23,0.23,0.23,NYJ,25OCT12DENNYJ,-0.5,0.13
2025-10-07 09:00:00,0.23,0.23,0.23,NYJ,25OCT12DENNYJ,-0.5,0.13
2025-10-07 10:00:00,0.23,0.23,0.23,NYJ,25OCT12DENNYJ,-0.5,0.13
2025-10-07 11:00:00,0.23,0.23,0.23,NYJ,25OCT12DENNYJ,-0.5,0.13
2025-10-07 12:00:00,0.23,0.23,0.23,NYJ,25OCT12DENNYJ,-0.5,0.13
2025-10-07 13:00:00,0.23,0.23,0.22,NYJ,25OCT12DENNYJ,-0.5,0.13
2025-10-07 14:00:00,0.23,0.23,0.22,NYJ,25OCT12DENNYJ,-0.5,0.13
2025-10-07 15:00:00,0.23,0.23,0.22,NYJ,25OCT12DENNYJ,-0.5,0.13
2025-10-07 16:00:00,0.23,0.23,0.22,NYJ,25OCT12DENNYJ,-0.5,0.13
2025-10-07 17:00:00,0.23,0.23,0.22,NYJ,25OCT12DENNYJ,-0.5,0.13
2025-10-07 18:00:00,0.23,0.23,0.23,NYJ,25OCT12DENNYJ,-0.64,0.13
2025-10-07 19:00:00,0.23,0.23,0.23,NYJ,25OCT12DENNYJ,-0.63,0.13
2025-10-07 20:00:00,0.23,0.23,0.22,NYJ,25OCT12DENNYJ,-0.63,0.13
2025-10-07 21:00:00,0.22,0.23,0.22,NYJ,25OCT12DENNYJ,-0.63,0.13
2025-10-07 22:00:00,0.23,0.23,0.23,NYJ,25OCT12DENNYJ,-0.63,0.13
2025-10-07 23:00:00,0.22,0.23,0.22,NYJ,25OCT12DENNYJ,-0.63,0.13
2025-10-08 00:00:00,0.23,0.23,0.22,NYJ,25OCT12DENNYJ,-0.63,0.13
2025-10-08 01:00:00,0.23,0.23,0.23,NYJ,25OCT12DENNYJ,-0.63,0.13
2025-10-08 02:00:00,0.23,0.23,0.23,NYJ,25OCT12DENNYJ,-0.63,0.13
2025-10-08 03:00:00,0.23,0.23,0.22,NYJ,25OCT12DENNYJ,-0.63,0.13
2025-10-08 04:00:00,0.23,0.23,0.23,NYJ,25OCT12DENNYJ,-0.63,0.13
2025-10-08 05:00:00,0.23,0.23,0.23,NYJ,25OCT12DENNYJ,-0.63,0.13
2025-10-08 06:00:00,0.23,0.23,0.22,NYJ,25OCT12DENNYJ,-0.63,0.13
2025-10-08 07:00:00,0.23,0.23,0.23,NYJ,25OCT12DENNYJ,-0.63,0.13
2025-10-08 08:00:00,0.23,0.23,0.23,NYJ,25OCT12DENNYJ,-0.63,0.13
2025-10-08 09:00:00,0.23,0.23,0.23,NYJ,25OCT12DENNYJ,-0.63,0.13
2025-10-08 10:00:00,0.23,0.23,0.23,NYJ,25OCT12DENNYJ,-0.63,0.13
2025-10-08 11:00:00,0.23,0.23,0.23,NYJ,25OCT12DENNYJ,-0.63,0.13
2025-10-08 12:00:00,0.23,0.23,0.23,NYJ,25OCT12DENNYJ,-0.63,0.13
2025-10-08 13:00:00,0.23,0.23,0.23,NYJ,25OCT12DENNYJ,-0.63,0.13
2025-10-08 14:00:00,0.23,0.23,0.22,NYJ,25OCT12DENNYJ,-0.63,0.13
2025-10-08 15:00:00,0.23,0.23,0.22,NYJ,25OCT12DENNYJ,-0.63,0.13
2025-10-08 16:00:00,0.23,0.23,0.22,NYJ,25OCT12DENNYJ,-0.63,0.13
2025-10-08 17:00:00,0.23,0.23,0.23,NYJ,25OCT12DENNYJ,-0.63,0.13
2025-10-08 18:00:00,0.23,0.23,0.22,NYJ,25OCT12DENNYJ,-0.63,0.13
2025-10-08 19:00:00,0.23,0.23,0.23,NYJ,25OCT12DENNYJ,-0.63,0.13
2025-10-08 20:00:00,0.24,0.24,0.22,NYJ,25OCT12DENNYJ,-0.63,0.13
2025-10-08 21:00:00,0.24,0.24,0.23,NYJ,25OCT12DENNYJ,-0.63,0.13
2025-10-08 22:00:00,0.24,0.24,0.23,NYJ,25OCT12DENNYJ,-0.63,0.13
2025-10-08 23:00:00,0.24,0.24,0.23,NYJ,25OCT12DENNYJ,-0.63,0.13
2025-10-09 00:00:00,0.24,0.24,0.23,NYJ,25OCT12DENNYJ,-0.63,0.13
2025-10-09 01:00:00,0.24,0.24,0.23,NYJ,25OCT12DENNYJ,-0.63,0.13
2025-10-09 02:00:00,0.24,0.24,0.24,NYJ,25OCT12DENNYJ,-0.63,0.13
2025-10-09 03:00:00,0.24,0.24,0.24,NYJ,25OCT12DENNYJ,-0.63,0.13
2025-10-09 04:00:00,0.24,0.24,0.24,NYJ,25OCT12DENNYJ,-0.63,0.13
2025-10-09 05:00:00,0.23,0.24,0.23,NYJ,25OCT12DENNYJ,-0.63,0.13
2025-10-09 06:00:00,0.23,0.23,0.23,NYJ,25OCT12DENNYJ,-0.63,0.13
2025-10-09 07:00:00,0.23,0.23,0.23,NYJ,25OCT12DENNYJ,-0.63,0.13
2025-10-09 08:00:00,0.23,0.23,0.23,NYJ,25OCT12DENNYJ,-0.63,0.13
2025-10-09 09:00:00,0.23,0.23,0.23,NYJ,25OCT12DENNYJ,-0.63,0.13
2025-10-09 10:00:00,0.23,0.23,0.23,NYJ,25OCT12DENNYJ,-0.63,0.13
2025-10-09 11:00:00,0.23,0.23,0.23,NYJ,25OCT12DENNYJ,-0.63,0.13
2025-10-09 12:00:00,0.23,0.23,0.23,NYJ,25OCT12DENNYJ,-0.63,0.13
2025-10-09 13:00:00,0.23,0.23,0.23,NYJ,25OCT12DENNYJ,-0.63,0.13
2025-10-09 14:00:00,0.23,0.23,0.22,NYJ,25OCT12DENNYJ,-0.63,0.13
2025-10-09 15:00:00,0.24,0.24,0.22,NYJ,25OCT12DENNYJ,-0.63,0.13
2025-10-09 16:00:00,0.24,0.24,0.23,NYJ,25OCT12DENNYJ,-0.63,0.13
2025-10-09 17:00:00,0.24,0.24,0.23,NYJ,25OCT12DENNYJ,-0.63,0.13
2025-10-09 18:00:00,0.24,0.24,0.23,NYJ,25OCT12DENNYJ,-0.63,0.13
2025-10-09 19:00:00,0.24,0.24,0.24,NYJ,25OCT12DENNYJ,-0.63,0.13
2025-10-09 20:00:00,0.24,0.24,0.22,NYJ,25OCT12DENNYJ,-0.63,0.13
2025-10-09 21:00:00,0.23,0.24,0.23,NYJ,25OCT12DENNYJ,-0.63,0.13
2025-10-09 22:00:00,0.24,0.24,0.23,NYJ,25OCT12DENNYJ,-0.63,0.13
2025-10-09 23:00:00,0.24,0.24,0.23,NYJ,25OCT12DENNYJ,-0.63,0.13
2025-10-10 00:00:00,0.23,0.24,0.23,NYJ,25OCT12DENNYJ,-0.63,0.13
2025-10-10 01:00:00,0.24,0.24,0.22,NYJ,25OCT12DENNYJ,-0.63,0.13
2025-10-10 02:00:00,0.24,0.24,0.22,NYJ,25OCT12DENNYJ,-0.63,0.13
2025-10-10 03:00:00,0.23,0.24,0.22,NYJ,25OCT12DENNYJ,-0.63,0.13
2025-10-10 04:00:00,0.24,0.24,0.23,NYJ,25OCT12DENNYJ,-0.63,0.13
2025-10-10 05:00:00,0.24,0.24,0.23,NYJ,25OCT12DENNYJ,-0.63,0.13
2025-10-10 06:00:00,0.24,0.24,0.23,NYJ,25OCT12DENNYJ,-0.63,0.13
2025-10-10 07:00:00,0.24,0.24,0.22,NYJ,25OCT12DENNYJ,-0.63,0.13
2025-10-10 08:00:00,0.24,0.24,0.24,NYJ,25OCT12DENNYJ,-0.63,0.13
2025-10-10 09:00:00,0.24,0.24,0.24,NYJ,25OCT12DENNYJ,-0.63,0.13
2025-10-10 10:00:00,0.24,0.24,0.24,NYJ,25OCT12DENNYJ,-0.63,0.13
2025-10-10 11:00:00,0.24,0.24,0.24,NYJ,25OCT12DENNYJ,-0.63,0.13
2025-10-10 12:00:00,0.24,0.24,0.24,NYJ,25OCT12DENNYJ,-0.63,0.13
2025-10-10 13:00:00,0.24,0.24,0.22,NYJ,25OCT12DENNYJ,-0.63,0.13
2025-10-10 14:00:00,0.23,0.24,0.22,NYJ,25OCT12DENNYJ,-0.63,0.13
2025-10-10 15:00:00,0.24,0.24,0.23,NYJ,25OCT12DENNYJ,-0.63,0.13
2025-10-10 16:00:00,0.24,0.24,0.23,NYJ,25OCT12DENNYJ,-0.63,0.13
2025-10-10 17:00:00,0.24,0.24,0.22,NYJ,25OCT12DENNYJ,-0.63,0.13
2025-10-10 18:00:00,0.24,0.24,0.23,NYJ,25OCT12DENNYJ,0.6,0.13
2025-10-10 19:00:00,0.24,0.24,0.23,NYJ,25OCT12DENNYJ,0.6,0.13
2025-10-10 20:00:00,0.24,0.24,0.23,NYJ,25OCT12DENNYJ,0.6,0.13
2025-10-10 21:00:00,0.24,0.24,0.23,NYJ,25OCT12DENNYJ,0.6,0.13
2025-10-10 22:00:00,0.23,0.24,0.23,NYJ,25OCT12DENNYJ,0.6,0.13
2025-10-10 23:00:00,0.24,0.25,0.24,NYJ,25OCT12DENNYJ,0.6,0.13
2025-10-11 00:00:00,0.24,0.25,0.23,NYJ,25OCT12DENNYJ,0.6,0.13
2025-10-11 01:00:00,0.25,0.25,0.23,NYJ,25OCT12DENNYJ,0.6,0.13
2025-10-11 02:00:00,0.24,0.25,0.23,NYJ,25OCT12DENNYJ,0.6,0.13
2025-10-11 03:00:00,0.24,0.24,0.23,NYJ,25OCT12DENNYJ,0.6,0.13
2025-10-11 04:00:00,0.24,0.24,0.23,NYJ,25OCT12DENNYJ,0.6,0.13
2025-10-11 05:00:00,0.24,0.24,0.23,NYJ,25OCT12DENNYJ,0.6,0.13
2025-10-11 06:00:00,0.24,0.24,0.23,NYJ,25OCT12DENNYJ,0.6,0.13
2025-10-11 07:00:00,0.24,0.24,0.23,NYJ,25OCT12DENNYJ,0.6,0.13
2025-10-11 08:00:00,0.24,0.24,0.24,NYJ,25OCT12DENNYJ,0.6,0.13
2025-10-11 09:00:00,0.24,0.24,0.24,NYJ,25OCT12DENNYJ,0.6,0.13
2025-10-11 10:00:00,0.24,0.24,0.23,NYJ,25OCT12DENNYJ,0.6,0.13
2025-10-11 11:00:00,0.24,0.24,0.24,NYJ,25OCT12DENNYJ,0.6,0.13
2025-10-11 12:00:00,0.24,0.24,0.23,NYJ,25OCT12DENNYJ,0.6,0.13
2025-10-11 13:00:00,0.24,0.24,0.23,NYJ,25OCT12DENNYJ,0.6,0.13
2025-10-11 14:00:00,0.24,0.24,0.23,NYJ,25OCT12DENNYJ,0.6,0.13
2025-10-11 15:00:00,0.24,0.24,0.23,NYJ,25OCT12DENNYJ,0.6,0.13
2025-10-11 16:00:00,0.24,0.24,0.24,NYJ,25OCT12DENNYJ,0.6,0.13
2025-10-11 17:00:00,0.24,0.24,0.23,NYJ,25OCT12DENNYJ,0.6,0.13
2025-10-11 18:00:00,0.24,0.24,0.23,NYJ,25OCT12DENNYJ,0.6,0.13
2025-10-11 19:00:00,0.23,0.24,0.23,NYJ,25OCT12DENNYJ,0.6,0.13
2025-10-11 20:00:00,0.24,0.24,0.23,NYJ,25OCT12DENNYJ,0.6,0.13
2025-10-11 21:00:00,0.24,0.24,0.23,NYJ,25OCT12DENNYJ,0.6,0.13
2025-10-11 22:00:00,0.24,0.24,0.23,NYJ,25OCT12DENNYJ,0.6,0.13
2025-10-11 23:00:00,0.24,0.24,0.23,NYJ,25OCT12DENNYJ,0.69,0.13
2025-10-12 00:00:00,0.24,0.24,0.23,NYJ,25OCT12DENNYJ,0.69,0.13
2025-10-12 01:00:00,0.24,0.24,0.23,NYJ,25OCT12DENNYJ,0.69,0.13
2025-10-12 02:00:00,0.24,0.24,0.23,NYJ,25OCT12DENNYJ,0.69,0.13
2025-10-12 03:00:00,0.24,0.24,0.23,NYJ,25OCT12DENNYJ,0.69,0.13
2025-10-12 04:00:00,0.24,0.24,0.23,NYJ,25OCT12DENNYJ,0.69,0.13
2025-10-12 05:00:00,0.25,0.25,0.23,NYJ,25OCT12DENNYJ,0.69,0.13
2025-10-12 06:00:00,0.26,0.26,0.24,NYJ,25OCT12DENNYJ,0.69,0.13
2025-10-12 07:00:00,0.25,0.26,0.24,NYJ,25OCT12DENNYJ,0.69,0.13
2025-10-12 08:00:00,0.26,0.26,0.25,NYJ,25OCT12DENNYJ,0.69,0.13
2025-10-12 09:00:00,0.26,0.26,0.25,NYJ,25OCT12DENNYJ,0.69,0.13
2025-10-12 10:00:00,0.26,0.26,0.25,NYJ,25OCT12DENNYJ,0.69,0.13
2025-10-12 11:00:00,0.25,0.26,0.25,NYJ,25OCT12DENNYJ,0.69,0.13
2025-10-12 12:00:00,0.25,0.25,0.24,NYJ,25OCT12DENNYJ,0.69,0.13
2025-10-12 13:00:00,0.25,0.26,0.23,NYJ,25OCT12DENNYJ,0.69,0.13
2025-10-12 14:00:00,0.35,0.4,0.23,NYJ,25OCT12DENNYJ,0.69,0.13
2025-10-12 15:00:00,0.19,0.37,0.07,NYJ,25OCT12DENNYJ,0.69,0.13
2025-10-12 16:00:00,0.42,0.47,0.17,NYJ,25OCT12DENNYJ,-0.58,0.23
2025-09-30 04:00:00,0.66,0.66,0.63,KC,25OCT06KCJAC,0.64,0.13
2025-09-30 05:00:00,0.65,0.66,0.65,KC,25OCT06KCJAC,0.64,0.13
2025-09-30 06:00:00,0.65,0.65,0.63,KC,25OCT06KCJAC,0.66,0.13
2025-09-30 07:00:00,0.65,0.65,0.65,KC,25OCT06KCJAC,0.06,0.75
2025-09-30 08:00:00,0.65,0.65,0.65,KC,25OCT06KCJAC,0.06,0.75
2025-09-30 09:00:00,0.65,0.65,0.65,KC,25OCT06KCJAC,0.06,0.75
2025-09-30 10:00:00,0.65,0.65,0.65,KC,25OCT06KCJAC,0.06,0.75
2025-09-30 11:00:00,0.65,0.65,0.65,KC,25OCT06KCJAC,0.51,0.52
2025-09-30 12:00:00,0.65,0.65,0.65,KC,25OCT06KCJAC,0.64,0.07
2025-09-30 13:00:00,0.65,0.65,0.64,KC,25OCT06KCJAC,0.41,0.44
2025-09-30 14:00:00,0.66,0.66,0.64,KC,25OCT06KCJAC,0.36,0.47
2025-09-30 15:00:00,0.66,0.66,0.66,KC,25OCT06KCJAC,0.59,0.1
2025-09-30 16:00:00,0.66,0.66,0.65,KC,25OCT06KCJAC,0.51,0.08
2025-09-30 17:00:00,0.65,0.66,0.65,KC,25OCT06KCJAC,0.1,0.57
2025-09-30 18:00:00,0.65,0.65,0.64,KC,25OCT06KCJAC,0.24,0.53
2025-09-30 19:00:00,0.65,0.65,0.64,KC,25OCT06KCJAC,0.49,0.04
2025-09-30 20:00:00,0.64,0.65,0.64,KC,25OCT06KCJAC,0.45,0.04
2025-09-30 21:00:00,0.65,0.65,0.64,KC,25OCT06KCJAC,0.44,0.04
2025-09-30 22:00:00,0.65,0.65,0.63,KC,25OCT06KCJAC,0.48,0.04
2025-09-30 23:00:00,0.65,0.65,0.63,KC,25OCT06KCJAC,-0.47,0.04
2025-10-01 00:00:00,0.65,0.65,0.63,KC,25OCT06KCJAC,-0.41,0.04
2025-10-01 01:00:00,0.65,0.65,0.63,KC,25OCT06KCJAC,-0.41,0.04
2025-10-01 02:00:00,0.65,0.65,0.65,KC,25OCT06KCJAC,0.6,0.04
2025-10-01 03:00:00,0.65,0.65,0.63,KC,25OCT06KCJAC,0.6,0.04
2025-10-01 04:00:00,0.65,0.65,0.65,KC,25OCT06KCJAC,0.47,0.05
2025-10-01 05:00:00,0.65,0.65,0.65,KC,25OCT06KCJAC,0.47,0.05
2025-10-01 06:00:00,0.65,0.65,0.64,KC,25OCT06KCJAC,0.47,0.05
2025-10-01 07:00:00,0.65,0.65,0.65,KC,25OCT06KCJAC,0.47,0.05
2025-10-01 08:00:00,0.65,0.65,0.65,KC,25OCT06KCJAC,0.47,0.05
2025-10-01 09:00:00,0.65,0.65,0.65,KC,25OCT06KCJAC,0.47,0.05
2025-10-01 10:00:00,0.65,0.65,0.65,KC,25OCT06KCJAC,0.47,0.05
2025-10-01 11:00:00,0.65,0.65,0.65,KC,25OCT06KCJAC,0.47,0.05
2025-10-01 12:00:00,0.65,0.65,0.65,KC,25OCT06KCJAC,0.47,0.05
2025-10-01 13:00:00,0.65,0.65,0.64,KC,25OCT06KCJAC,0.47,0.05
2025-10-01 14:00:00,0.65,0.65,0.65,KC,25OCT06KCJAC,0.47,0.05
2025-10-01 15:00:00,0.65,0.65,0.65,KC,25OCT06KCJAC,0.6,0.09
2025-10-01 16:00:00,0.65,0.65,0.64,KC,25OCT06KCJAC,0.59,0.25
2025-10-01 17:00:00,0.65,0.65,0.63,KC,25OCT06KCJAC,0.57,0.05
2025-10-01 18:00:00,0.65,0.65,0.64,KC,25OCT06KCJAC,0.56,0.05
2025-10-01 19:00:00,0.65,0.65,0.65,KC,25OCT06KCJAC,0.58,0.05
2025-10-01 20:00:00,0.65,0.65,0.64,KC,25OCT06KCJAC,0.58,0.05
2025-10-01 21:00:00,0.65,0.65,0.63,KC,25OCT06KCJAC,0.54,0.02
2025-10-01 22:00:00,0.65,0.65,0.65,KC,25OCT06KCJAC,0.59,0.08
2025-10-01 23:00:00,0.65,0.65,0.63,KC,25OCT06KCJAC,0.46,0.08
2025-10-02 00:00:00,0.65,0.65,0.65,KC,25OCT06KCJAC,0.44,0.08
2025-10-02 01:00:00,0.64,0.65,0.64,KC,25OCT06KCJAC,0.44,0.08
2025-10-02 02:00:00,0.64,0.64,0.64,KC,25OCT06KCJAC,0.52,0.01
2025-10-02 03:00:00,0.64,0.64,0.64,KC,25OCT06KCJAC,0.5,0.04
2025-10-02 04:00:00,0.64,0.64,0.64,KC,25OCT06KCJAC,0.5,0.04
2025-10-02 05:00:00,0.64,0.64,0.64,KC,25OCT06KCJAC,-0.49,0.04
2025-10-02 06:00:00,0.64,0.64,0.63,KC,25OCT06KCJAC,0.47,0.04
2025-10-02 07:00:00,0.64,0.64,0.64,KC,25OCT06KCJAC,0.47,0.04
2025-10-02 08:00:00,0.64,0.64,0.64,KC,25OCT06KCJAC,0.47,0.04
2025-10-02 09:00:00,0.64,0.64,0.64,KC,25OCT06KCJAC,0.47,0.04
2025-10-02 10:00:00,0.64,0.64,0.64,KC,25OCT06KCJAC,0.47,0.04
2025-10-02 11:00:00,0.64,0.64,0.64,KC,25OCT06KCJAC,0.49,0.04
2025-10-02 12:00:00,0.64,0.64,0.63,KC,25OCT06KCJAC,0.46,0.04
2025-10-02 13:00:00,0.64,0.64,0.64,KC,25OCT06KCJAC,0.46,0.04
2025-10-02 14:00:00,0.64,0.64,0.64,KC,25OCT06KCJAC,0.49,0.04
2025-10-02 15:00:00,0.64,0.64,0.64,KC,25OCT06KCJAC,0.49,0.04
2025-10-02 16:00:00,0.64,0.64,0.64,KC,25OCT06KCJAC,-0.46,0.04
2025-10-02 17:00:00,0.64,0.64,0.63,KC,25OCT06KCJAC,0.68,0.05
2025-10-02 18:00:00,0.64,0.64,0.63,KC,25OCT06KCJAC,0.53,0.06
2025-10-02 19:00:00,0.64,0.64,0.63,KC,25OCT06KCJAC,0.57,0.05
2025-10-02 20:00:00,0.64,0.64,0.64,KC,25OCT06KCJAC,0.63,0.11
2025-10-02 21:00:00,0.64,0.64,0.64,KC,25OCT06KCJAC,0.39,0.42
2025-10-02 22:00:00,0.63,0.64,0.63,KC,25OCT06KCJAC,0.57,0.42
2025-10-02 23:00:00,0.64,0.64,0.63,KC,25OCT06KCJAC,0.42,0.42
2025-10-03 00:00:00,0.64,0.64,0.64,KC,25OCT06KCJAC,0.28,0.46
2025-10-03 01:00:00,0.64,0.64,0.63,KC,25OCT06KCJAC,0.47,0.06
2025-10-03 02:00:00,0.64,0.64,0.64,KC,25OCT06KCJAC,0.46,0.06
2025-10-03 03:00:00,0.64,0.64,0.63,KC,25OCT06KCJAC,-0.42,0.06
2025-10-03 04:00:00,0.64,0.64,0.63,KC,25OCT06KCJAC,0.42,0.0
2025-10-03 05:00:00,0.64,0.64,0.64,KC,25OCT06KCJAC,0.42,0.0
2025-10-03 06:00:00,0.64,0.64,0.63,KC,25OCT06KCJAC,0.42,0.0
2025-10-03 07:00:00,0.64,0.64,0.64,KC,25OCT06KCJAC,0.42,0.0
2025-10-03 08:00:00,0.64,0.64,0.64,KC,25OCT06KCJAC,0.42,0.0
2025-10-03 09:00:00,0.64,0.64,0.64,KC,25OCT06KCJAC,0.42,0.0
2025-10-03 10:00:00,0.64,0.64,0.64,KC,25OCT06KCJAC,0.42,0.0
2025-10-03 11:00:00,0.64,0.64,0.64,KC,25OCT06KCJAC,0.42,0.0
2025-10-03 12:00:00,0.64,0.64,0.64,KC,25OCT06KCJAC,0.42,0.0
2025-10-03 13:00:00,0.64,0.64,0.63,KC,25OCT06KCJAC,0.7,0.05
2025-10-03 14:00:00,0.64,0.64,0.64,KC,25OCT06KCJAC,-0.0,0.77
2025-10-03 15:00:00,0.64,0.64,0.64,KC,25OCT06KCJAC,-0.3,0.54
2025-10-03 16:00:00,0.64,0.64,0.63,KC,25OCT06KCJAC,-0.18,0.63
2025-10-03 17:00:00,0.64,0.64,0.63,KC,25OCT06KCJAC,-0.47,0.51
2025-10-03 18:00:00,0.64,0.64,0.63,KC,25OCT06KCJAC,-0.37,0.5
2025-10-03 19:00:00,0.64,0.64,0.63,KC,25OCT06KCJAC,-0.54,0.5
2025-10-03 20:00:00,0.64,0.64,0.63,KC,25OCT06KCJAC,-0.01,0.69
2025-10-03 21:00:00,0.64,0.64,0.64,KC,25OCT06KCJAC,-0.5,0.06
2025-10-03 22:00:00,0.64,0.64,0.64,KC,25OCT06KCJAC,-0.01,0.86
2025-10-03 23:00:00,0.64,0.64,0.63,KC,25OCT06KCJAC,0.78,0.04
2025-10-04 00:00:00,0.64,0.64,0.64,KC,25OCT06KCJAC,0.7,0.06
2025-10-04 01:00:00,0.64,0.64,0.64,KC,25OCT06KCJAC,0.01,0.94
2025-10-04 02:00:00,0.64,0.64,0.64,KC,25OCT06KCJAC,0.06,0.81
2025-10-04 03:00:00,0.64,0.64,0.64,KC,25OCT06KCJAC,0.07,0.81
2025-10-04 04:00:00,0.64,0.64,0.64,KC,25OCT06KCJAC,0.07,0.81
2025-10-04 05:00:00,0.64,0.64,0.63,KC,25OCT06KCJAC,0.52,0.05
2025-10-04 06:00:00,0.64,0.64,0.64,KC,25OCT06KCJAC,0.67,0.05
2025-10-04 07:00:00,0.63,0.64,0.63,KC,25OCT06KCJAC,0.62,0.05
2025-10-04 08:00:00,0.64,0.64,0.64,KC,25OCT06KCJAC,0.62,0.05
2025-10-04 09:00:00,0.64,0.64,0.64,KC,25OCT06KCJAC,0.62,0.05
2025-10-04 10:00:00,0.64,0.64,0.64,KC,25OCT06KCJAC,0.65,0.05
2025-10-04 11:00:00,0.64,0.64,0.64,KC,25OCT06KCJAC,0.6,0.05
2025-10-04 12:00:00,0.64,0.64,0.64,KC,25OCT06KCJAC,0.6,0.05
2025-10-04 13:00:00,0.64,0.64,0.63,KC,25OCT06KCJAC,0.63,0.05
2025-10-04 14:00:00,0.64,0.64,0.64,KC,25OCT06KCJAC,0.56,0.05
2025-10-04 15:00:00,0.64,0.64,0.64,KC,25OCT06KCJAC,0.44,0.51
2025-10-04 16:00:00,0.64,0.64,0.63,KC,25OCT06KCJAC,0.64,0.05
2025-10-04 17:00:00,0.64,0.64,0.64,KC,25OCT06KCJAC,0.64,0.05
2025-10-04 18:00:00,0.64,0.64,0.64,KC,25OCT06KCJAC,0.64,0.05
2025-10-04 19:00:00,0.64,0.64,0.63,KC,25OCT06KCJAC,0.58,0.01
2025-10-04 20:00:00,0.64,0.64,0.63,KC,25OCT06KCJAC,0.6,0.03
2025-10-04 21:00:00,0.64,0.64,0.63,KC,25OCT06KCJAC,0.59,0.02
2025-10-04 22:00:00,0.64,0.64,0.63,KC,25OCT06KCJAC,0.38,0.5
2025-10-04 23:00:00,0.64,0.64,0.63,KC,25OCT06KCJAC,0.6,0.5
2025-10-05 00:00:00,0.64,0.64,0.63,KC,25OCT06KCJAC,-0.11,0.71
2025-10-05 01:00:00,0.63,0.64,0.63,KC,25OCT06KCJAC,0.56,0.71
2025-10-05 02:00:00,0.64,0.64,0.63,KC,25OCT06KCJAC,0.56,0.71
2025-10-05 03:00:00,0.64,0.64,0.63,KC,25OCT06KCJAC,0.56,0.71
2025-10-05 04:00:00,0.64,0.64,0.63,KC,25OCT06KCJAC,0.38,0.71
2025-10-05 05:00:00,0.64,0.64,0.63,KC,25OCT06KCJAC,0.38,0.71
2025-10-05 06:00:00,0.64,0.64,0.63,KC,25OCT06KCJAC,0.38,0.71
2025-10-05 07:00:00,0.64,0.64,0.63,KC,25OCT06KCJAC,0.38,0.71
2025-10-05 08:00:00,0.64,0.64,0.64,KC,25OCT06KCJAC,0.52,0.71
2025-10-05 09:00:00,0.63,0.64,0.63,KC,25OCT06KCJAC,0.52,0.71
2025-10-05 10:00:00,0.63,0.63,0.63,KC,25OCT06KCJAC,0.52,0.71
2025-10-05 11:00:00,0.64,0.64,0.64,KC,25OCT06KCJAC,0.52,0.71
2025-10-05 12:00:00,0.64,0.64,0.64,KC,25OCT06KCJAC,0.61,0.13
2025-10-05 13:00:00,0.64,0.64,0.63,KC,25OCT06KCJAC,0.66,0.08
2025-10-05 14:00:00,0.64,0.64,0.64,KC,25OCT06KCJAC,0.68,0.08
2025-10-05 15:00:00,0.65,0.65,0.63,KC,25OCT06KCJAC,0.68,0.08
2025-10-05 16:00:00,0.64,0.65,0.63,KC,25OCT06KCJAC,0.68,0.08
2025-10-05 17:00:00,0.64,0.65,0.63,KC,25OCT06KCJAC,0.68,0.08
2025-10-05 18:00:00,0.64,0.64,0.63,KC,25OCT06KCJAC,0.52,0.08
2025-10-05 19:00:00,0.64,0.64,0.63,KC,25OCT06KCJAC,0.31,0.55
2025-10-05 20:00:00,0.63,0.64,0.63,KC,25OCT06KCJAC,-0.07,0.76
2025-10-05 21:00:00,0.64,0.64,0.63,KC,25OCT06KCJAC,-0.23,0.73
2025-10-05 22:00:00,0.65,0.65,0.63,KC,25OCT06KCJAC,-0.63,0.73
2025-10-05 23:00:00,0.65,0.65,0.63,KC,25OCT06KCJAC,-0.04,0.63
2025-10-06 00:00:00,0.65,0.65,0.63,KC,25OCT06KCJAC,-0.25,0.52
2025-10-06 01:00:00,0.65,0.65,0.64,KC,25OCT06KCJAC,-0.04,0.86
2025-10-06 02:00:00,0.65,0.65,0.64,KC,25OCT06KCJAC,-0.54,0.86
2025-10-06 03:00:00,0.65,0.65,0.64,KC,25OCT06KCJAC,0.27,0.65
2025-10-06 04:00:00,0.65,0.65,0.64,KC,25OCT06KCJAC,-0.32,0.6
2025-10-06 05:00:00,0.65,0.65,0.63,KC,25OCT06KCJAC,0.25,0.64
2025-10-06 06:00:00,0.65,0.65,0.64,KC,25OCT06KCJAC,0.62,0.64
2025-10-06 07:00:00,0.65,0.65,0.64,KC,25OCT06KCJAC,0.55,0.64
2025-10-06 08:00:00,0.65,0.65,0.64,KC,25OCT06KCJAC,0.55,0.64
2025-10-06 09:00:00,0.65,0.65,0.64,KC,25OCT06KCJAC,0.55,0.64
2025-10-06 10:00:00,0.65,0.65,0.65,KC,25OCT06KCJAC,0.57,0.64
2025-10-06 11:00:00,0.65,0.65,0.64,KC,25OCT06KCJAC,0.76,0.64
2025-10-06 12:00:00,0.65,0.65,0.64,KC,25OCT06KCJAC,0.66,0.04
2025-10-06 13:00:00,0.65,0.65,0.64,KC,25OCT06KCJAC,0.69,0.04
2025-10-06 14:00:00,0.64,0.65,0.64,KC,25OCT06KCJAC,0.49,0.54
2025-10-06 15:00:00,0.65,0.65,0.64,KC,25OCT06KCJAC,0.53,0.45
2025-10-06 16:00:00,0.65,0.65,0.64,KC,25OCT06KCJAC,-0.04,0.89
2025-10-06 17:00:00,0.64,0.65,0.63,KC,25OCT06KCJAC,0.42,0.4
2025-10-06 18:00:00,0.65,0.65,0.63,KC,25OCT06KCJAC,0.53,0.02
2025-10-06 19:00:00,0.64,0.65,0.64,KC,25OCT06KCJAC,0.53,0.02
2025-10-06 20:00:00,0.65,0.65,0.64,KC,25OCT06KCJAC,0.46,0.02
2025-10-06 21:00:00,0.65,0.65,0.64,KC,25OCT06KCJAC,0.52,0.11
2025-10-06 22:00:00,0.65,0.65,0.64,KC,25OCT06KCJAC,0.42,0.11
2025-10-06 23:00:00,0.64,0.65,0.63,KC,25OCT06KCJAC,0.08,0.5
2025-10-07 00:00:00,0.63,0.64,0.61,KC,25OCT06KCJAC,0.28,0.49
2025-10-07 01:00:00,0.74,0.85,0.6,KC,25OCT06KCJAC,-0.06,0.6
2025-10-07 02:00:00,0.64,0.9,0.6,KC,25OCT06KCJAC,0.3,0.52
2025-10-07 03:00:00,0.64,0.82,0.28,KC,25OCT06KCJAC,0.56,0.59
2025-09-30 16:00:00,0.37,0.37,0.35,JAC,25OCT06KCJAC,0.62,0.0
2025-09-30 17:00:00,0.37,0.37,0.36,JAC,25OCT06KCJAC,0.62,0.0
2025-09-30 18:00:00,0.37,0.37,0.36,JAC,25OCT06KCJAC,0.62,0.0
2025-09-30 19:00:00,0.37,0.37,0.37,JAC,25OCT06KCJAC,0.61,0.0
2025-09-30 20:00:00,0.37,0.37,0.37,JAC,25OCT06KCJAC,0.61,0.0
2025-09-30 21:00:00,0.37,0.37,0.36,JAC,25OCT06KCJAC,0.61,0.0
2025-09-30 22:00:00,0.37,0.37,0.37,JAC,25OCT06KCJAC,-0.59,0.0
2025-09-30 23:00:00,0.37,0.37,0.36,JAC,25OCT06KCJAC,-0.59,0.0
2025-10-01 00:00:00,0.37,0.37,0.36,JAC,25OCT06KCJAC,-0.59,0.0
2025-10-01 01:00:00,0.37,0.37,0.37,JAC,25OCT06KCJAC,-0.59,0.0
2025-10-01 02:00:00,0.37,0.37,0.37,JAC,25OCT06KCJAC,-0.59,0.0
2025-10-01 03:00:00,0.37,0.37,0.36,JAC,25OCT06KCJAC,-0.59,0.0
2025-10-01 04:00:00,0.37,0.37,0.36,JAC,25OCT06KCJAC,-0.59,0.0
2025-10-01 05:00:00,0.37,0.37,0.37,JAC,25OCT06KCJAC,-0.59,0.0
2025-10-01 06:00:00,0.37,0.37,0.37,JAC,25OCT06KCJAC,-0.59,0.0
2025-10-01 07:00:00,0.37,0.37,0.36,JAC,25OCT06KCJAC,-0.59,0.0
2025-10-01 08:00:00,0.36,0.37,0.36,JAC,25OCT06KCJAC,-0.59,0.0
2025-10-01 09:00:00,0.36,0.37,0.36,JAC,25OCT06KCJAC,-0.59,0.0
2025-10-01 10:00:00,0.36,0.37,0.36,JAC,25OCT06KCJAC,-0.59,0.0
2025-10-01 11:00:00,0.36,0.37,0.36,JAC,25OCT06KCJAC,-0.59,0.0
2025-10-01 12:00:00,0.37,0.37,0.37,JAC,25OCT06KCJAC,-0.59,0.0
2025-10-01 13:00:00,0.37,0.37,0.37,JAC,25OCT06KCJAC,-0.59,0.0
2025-10-01 14:00:00,0.37,0.37,0.37,JAC,25OCT06KCJAC,0.62,0.0
2025-10-01 15:00:00,0.37,0.37,0.36,JAC,25OCT06KCJAC,0.62,0.0
2025-10-01 16:00:00,0.37,0.37,0.36,JAC,25OCT06KCJAC,0.72,0.0
2025-10-01 17:00:00,0.37,0.37,0.36,JAC,25OCT06KCJAC,-0.83,0.1
2025-10-01 18:00:00,0.37,0.37,0.37,JAC,25OCT06KCJAC,-0.06,0.95
2025-10-01 19:00:00,0.37,0.37,0.37,JAC,25OCT06KCJAC,0.5,0.95
2025-10-01 20:00:00,0.37,0.37,0.37,JAC,25OCT06KCJAC,-0.06,0.86
2025-10-01 21:00:00,0.37,0.37,0.36,JAC,25OCT06KCJAC,-0.06,0.86
2025-10-01 22:00:00,0.37,0.37,0.37,JAC,25OCT06KCJAC,-0.06,0.86
2025-10-01 23:00:00,0.37,0.37,0.35,JAC,25OCT06KCJAC,0.62,0.86
2025-10-02 00:00:00,0.37,0.37,0.37,JAC,25OCT06KCJAC,0.62,0.86
2025-10-02 01:00:00,0.37,0.37,0.35,JAC,25OCT06KCJAC,-0.71,0.86
2025-10-02 02:00:00,0.37,0.37,0.36,JAC,25OCT06KCJAC,-0.71,0.86
2025-10-02 03:00:00,0.37,0.37,0.36,JAC,25OCT06KCJAC,-0.71,0.86
2025-10-02 04:00:00,0.37,0.37,0.35,JAC,25OCT06KCJAC,-0.71,0.86
2025-10-02 05:00:00,0.37,0.38,0.37,JAC,25OCT06KCJAC,-0.71,0.86
2025-10-02 06:00:00,0.37,0.37,0.37,JAC,25OCT06KCJAC,-0.71,0.86
2025-10-02 07:00:00,0.37,0.37,0.37,JAC,25OCT06KCJAC,-0.71,0.86
2025-10-02 08:00:00,0.37,0.37,0.37,JAC,25OCT06KCJAC,-0.71,0.86
2025-10-02 09:00:00,0.37,0.37,0.37,JAC,25OCT06KCJAC,-0.71,0.86
2025-10-02 10:00:00,0.37,0.37,0.37,JAC,25OCT06KCJAC,-0.71,0.86
2025-10-02 11:00:00,0.37,0.37,0.37,JAC,25OCT06KCJAC,-0.71,0.86
2025-10-02 12:00:00,0.36,0.36,0.36,JAC,25OCT06KCJAC,-0.71,0.86
2025-10-02 13:00:00,0.37,0.37,0.37,JAC,25OCT06KCJAC,-0.71,0.86
2025-10-02 14:00:00,0.37,0.37,0.36,JAC,25OCT06KCJAC,-0.71,0.86
2025-10-02 15:00:00,0.37,0.37,0.35,JAC,25OCT06KCJAC,-0.71,0.86
2025-10-02 16:00:00,0.37,0.37,0.36,JAC,25OCT06KCJAC,0.77,0.86
2025-10-02 17:00:00,0.37,0.37,0.36,JAC,25OCT06KCJAC,0.77,0.86
2025-10-02 18:00:00,0.37,0.37,0.36,JAC,25OCT06KCJAC,0.77,0.86
2025-10-02 19:00:00,0.37,0.37,0.37,JAC,25OCT06KCJAC,0.77,0.86
2025-10-02 20:00:00,0.37,0.37,0.37,JAC,25OCT06KCJAC,0.77,0.86
2025-10-02 21:00:00,0.37,0.37,0.37,JAC,25OCT06KCJAC,0.77,0.86
2025-10-02 22:00:00,0.37,0.37,0.35,JAC,25OCT06KCJAC,0.77,0.86
2025-10-02 23:00:00,0.37,0.37,0.37,JAC,25OCT06KCJAC,0.77,0.86
2025-10-03 00:00:00,0.35,0.37,0.35,JAC,25OCT06KCJAC,0.77,0.86
2025-10-03 01:00:00,0.37,0.37,0.35,JAC,25OCT06KCJAC,0.77,0.86
2025-10-03 02:00:00,0.37,0.37,0.37,JAC,25OCT06KCJAC,0.46,0.86
2025-10-03 03:00:00,0.37,0.37,0.37,JAC,25OCT06KCJAC,0.46,0.86
2025-10-03 04:00:00,0.37,0.37,0.37,JAC,25OCT06KCJAC,0.46,0.86
2025-10-03 05:00:00,0.37,0.37,0.36,JAC,25OCT06KCJAC,0.46,0.86
2025-10-03 06:00:00,0.36,0.37,0.36,JAC,25OCT06KCJAC,0.46,0.86
2025-10-03 07:00:00,0.37,0.37,0.37,JAC,25OCT06KCJAC,0.46,0.86
2025-10-03 08:00:00,0.37,0.37,0.37,JAC,25OCT06KCJAC,0.46,0.86
2025-10-03 09:00:00,0.37,0.37,0.37,JAC,25OCT06KCJAC,0.46,0.86
2025-10-03 10:00:00,0.37,0.37,0.37,JAC,25OCT06KCJAC,0.46,0.86
2025-10-03 11:00:00,0.37,0.37,0.37,JAC,25OCT06KCJAC,0.46,0.86
2025-10-03 12:00:00,0.37,0.37,0.37,JAC,25OCT06KCJAC,0.46,0.86
2025-10-03 13:00:00,0.37,0.37,0.37,JAC,25OCT06KCJAC,0.46,0.86
2025-10-03 14:00:00,0.37,0.37,0.37,JAC,25OCT06KCJAC,0.46,0.86
2025-10-03 15:00:00,0.37,0.37,0.37,JAC,25OCT06KCJAC,-0.67,0.86
2025-10-03 16:00:00,0.37,0.37,0.36,JAC,25OCT06KCJAC,-0.67,0.86
2025-10-03 17:00:00,0.37,0.37,0.36,JAC,25OCT06KCJAC,-0.67,0.86
2025-10-03 18:00:00,0.37,0.37,0.36,JAC,25OCT06KCJAC,-0.67,0.86
2025-10-03 19:00:00,0.37,0.37,0.37,JAC,25OCT06KCJAC,-0.67,0.86
2025-10-03 20:00:00,0.37,0.37,0.37,JAC,25OCT06KCJAC,-0.67,0.86
2025-10-03 21:00:00,0.37,0.37,0.36,JAC,25OCT06KCJAC,-0.67,0.86
2025-10-03 22:00:00,0.37,0.37,0.36,JAC,25OCT06KCJAC,-0.67,0.86
2025-10-03 23:00:00,0.37,0.37,0.36,JAC,25OCT06KCJAC,-0.67,0.86
2025-10-04 00:00:00,0.37,0.37,0.37,JAC,25OCT06KCJAC,0.6,0.86
2025-10-04 01:00:00,0.37,0.37,0.37,JAC,25OCT06KCJAC,0.6,0.86
2025-10-04 02:00:00,0.37,0.37,0.36,JAC,25OCT06KCJAC,0.6,0.86
2025-10-04 03:00:00,0.37,0.37,0.36,JAC,25OCT06KCJAC,0.6,0.86
2025-10-04 04:00:00,0.37,0.37,0.36,JAC,25OCT06KCJAC,0.6,0.86
2025-10-04 05:00:00,0.37,0.37,0.36,JAC,25OCT06KCJAC,0.6,0.86
2025-10-04 06:00:00,0.37,0.37,0.37,JAC,25OCT06KCJAC,0.6,0.86
2025-10-04 07:00:00,0.37,0.37,0.36,JAC,25OCT06KCJAC,0.6,0.86
2025-10-04 08:00:00,0.37,0.37,0.36,JAC,25OCT06KCJAC,0.6,0.86
2025-10-04 09:00:00,0.37,0.37,0.36,JAC,25OCT06KCJAC,0.6,0.86
2025-10-04 10:00:00,0.36,0.36,0.36,JAC,25OCT06KCJAC,0.6,0.86
2025-10-04 11:00:00,0.37,0.37,0.37,JAC,25OCT06KCJAC,0.6,0.86
2025-10-04 12:00:00,0.37,0.37,0.37,JAC,25OCT06KCJAC,0.6,0.86
2025-10-04 13:00:00,0.37,0.37,0.36,JAC,25OCT06KCJAC,0.6,0.86
2025-10-04 14:00:00,0.37,0.37,0.36,JAC,25OCT06KCJAC,0.6,0.86
2025-10-04 15:00:00,0.37,0.37,0.36,JAC,25OCT06KCJAC,0.6,0.86
2025-10-04 16:00:00,0.37,0.37,0.36,JAC,25OCT06KCJAC,0.6,0.86
2025-10-04 17:00:00,0.37,0.37,0.37,JAC,25OCT06KCJAC,-0.03,0.98
2025-10-04 18:00:00,0.37,0.37,0.37,JAC,25OCT06KCJAC,-0.03,0.98
2025-10-04 19:00:00,0.37,0.37,0.36,JAC,25OCT06KCJAC,-0.03,0.98
2025-10-04 20:00:00,0.37,0.37,0.36,JAC,25OCT06KCJAC,-0.03,0.98
2025-10-04 21:00:00,0.37,0.37,0.36,JAC,25OCT06KCJAC,-0.03,0.98
2025-10-04 22:00:00,0.37,0.37,0.36,JAC,25OCT06KCJAC,0.57,0.98
2025-10-04 23:00:00,0.37,0.37,0.36,JAC,25OCT06KCJAC,0.57,0.98
2025-10-05 00:00:00,0.37,0.37,0.36,JAC,25OCT06KCJAC,0.57,0.98
2025-10-05 01:00:00,0.37,0.37,0.36,JAC,25OCT06KCJAC,0.57,0.98
2025-10-05 02:00:00,0.37,0.37,0.37,JAC,25OCT06KCJAC,0.57,0.98
2025-10-05 03:00:00,0.37,0.37,0.36,JAC,25OCT06KCJAC,0.57,0.98
2025-10-05 04:00:00,0.37,0.37,0.37,JAC,25OCT06KCJAC,0.57,0.98
2025-10-05 05:00:00,0.37,0.37,0.36,JAC,25OCT06KCJAC,0.57,0.98
2025-10-05 06:00:00,0.37,0.37,0.36,JAC,25OCT06KCJAC,0.57,0.98
2025-10-05 07:00:00,0.36,0.37,0.36,JAC,25OCT06KCJAC,0.57,0.98
2025-10-05 08:00:00,0.37,0.37,0.36,JAC,25OCT06KCJAC,0.57,0.98
2025-10-05 09:00:00,0.37,0.37,0.37,JAC,25OCT06KCJAC,0.57,0.98
2025-10-05 10:00:00,0.37,0.37,0.37,JAC,25OCT06KCJAC,0.57,0.98
2025-10-05 11:00:00,0.37,0.37,0.37,JAC,25OCT06KCJAC,0.57,0.98
2025-10-05 12:00:00,0.37,0.37,0.37,JAC,25OCT06KCJAC,0.57,0.98
2025-10-05 13:00:00,0.37,0.37,0.36,JAC,25OCT06KCJAC,0.57,0.98
2025-10-05 14:00:00,0.37,0.37,0.36,JAC,25OCT06KCJAC,0.57,0.98
2025-10-05 15:00:00,0.36,0.37,0.35,JAC,25OCT06KCJAC,0.57,0.98
2025-10-05 16:00:00,0.37,0.37,0.36,JAC,25OCT06KCJAC,0.57,0.98
2025-10-05 17:00:00,0.37,0.37,0.36,JAC,25OCT06KCJAC,0.57,0.98
2025-10-05 18:00:00,0.37,0.37,0.36,JAC,25OCT06KCJAC,0.57,0.98
2025-10-05 19:00:00,0.37,0.37,0.36,JAC,25OCT06KCJAC,0.57,0.98
2025-10-05 20:00:00,0.37,0.37,0.36,JAC,25OCT06KCJAC,0.57,0.98
2025-10-05 21:00:00,0.37,0.37,0.36,JAC,25OCT06KCJAC,0.57,0.98
2025-10-05 22:00:00,0.37,0.37,0.36,JAC,25OCT06KCJAC,0.57,0.98
2025-10-05 23:00:00,0.37,0.37,0.36,JAC,25OCT06KCJAC,0.57,0.98
2025-10-06 00:00:00,0.37,0.37,0.36,JAC,25OCT06KCJAC,0.57,0.98
2025-10-06 01:00:00,0.37,0.37,0.36,JAC,25OCT06KCJAC,0.56,0.98
2025-10-06 02:00:00,0.37,0.37,0.36,JAC,25OCT06KCJAC,0.56,0.98
2025-10-06 03:00:00,0.37,0.37,0.36,JAC,25OCT06KCJAC,0.56,0.98
2025-10-06 04:00:00,0.37,0.37,0.36,JAC,25OCT06KCJAC,0.56,0.98
2025-10-06 05:00:00,0.37,0.37,0.36,JAC,25OCT06KCJAC,0.56,0.98
2025-10-06 06:00:00,0.37,0.37,0.36,JAC,25OCT06KCJAC,0.56,0.98
2025-10-06 07:00:00,0.37,0.37,0.36,JAC,25OCT06KCJAC,0.56,0.98
2025-10-06 08:00:00,0.37,0.37,0.36,JAC,25OCT06KCJAC,0.56,0.98
2025-10-06 09:00:00,0.37,0.37,0.36,JAC,25OCT06KCJAC,0.56,0.98
2025-10-06 10:00:00,0.37,0.37,0.36,JAC,25OCT06KCJAC,0.47,0.98
2025-10-06 11:00:00,0.37,0.37,0.36,JAC,25OCT06KCJAC,0.68,0.98
2025-10-06 12:00:00,0.36,0.37,0.36,JAC,25OCT06KCJAC,0.68,0.98
2025-10-06 13:00:00,0.36,0.37,0.36,JAC,25OCT06KCJAC,0.68,0.98
2025-10-06 14:00:00,0.37,0.37,0.36,JAC,25OCT06KCJAC,0.68,0.98
2025-10-06 15:00:00,0.37,0.37,0.36,JAC,25OCT06KCJAC,0.68,0.98
2025-10-06 16:00:00,0.37,0.37,0.36,JAC,25OCT06KCJAC,0.68,0.98
2025-10-06 17:00:00,0.37,0.37,0.36,JAC,25OCT06KCJAC,0.7,0.98
2025-10-06 18:00:00,0.37,0.37,0.36,JAC,25OCT06KCJAC,0.7,0.98
2025-10-06 19:00:00,0.37,0.37,0.35,JAC,25OCT06KCJAC,0.7,0.98
2025-10-06 20:00:00,0.37,0.37,0.35,JAC,25OCT06KCJAC,0.7,0.98
2025-10-06 21:00:00,0.37,0.37,0.35,JAC,25OCT06KCJAC,0.7,0.98
2025-10-06 22:00:00,0.37,0.37,0.35,JAC,25OCT06KCJAC,0.7,0.98
2025-10-06 23:00:00,0.37,0.37,0.35,JAC,25OCT06KCJAC,0.7,0.98
2025-10-07 00:00:00,0.38,0.38,0.36,JAC,25OCT06KCJAC,0.5,0.98
2025-10-07 01:00:00,0.26,0.41,0.2,JAC,25OCT06KCJAC,0.5,0.98
2025-10-07 02:00:00,0.36,0.4,0.1,JAC,25OCT06KCJAC,0.5,0.98
2025-10-07 03:00:00,0.32,0.72,0.18,JAC,25OCT06KCJAC,0.58,0.11
2025-09-29 00:00:00,0.19,0.19,0.18,TEN,25OCT05TENARI,-0.38,0.42
2025-09-29 01:00:00,0.19,0.19,0.19,TEN,25OCT05TENARI,-0.53,0.05
2025-09-29 02:00:00,0.19,0.19,0.18,TEN,25OCT05TENARI,-0.29,0.36
2025-09-29 03:00:00,0.19,0.19,0.19,TEN,25OCT05TENARI,-0.48,0.09
2025-09-29 04:00:00,0.19,0.19,0.19,TEN,25OCT05TENARI,-0.5,0.06
2025-09-29 05:00:00,0.19,0.19,0.19,TEN,25OCT05TENARI,-0.52,0.04
2025-09-29 06:00:00,0.19,0.19,0.19,TEN,25OCT05TENARI,0.39,0.04
2025-09-29 07:00:00,0.19,0.19,0.19,TEN,25OCT05TENARI,-0.47,0.04
2025-09-29 08:00:00,0.19,0.19,0.19,TEN,25OCT05TENARI,-0.47,0.04
2025-09-29 09:00:00,0.19,0.19,0.19,TEN,25OCT05TENARI,-0.42,0.0
2025-09-29 10:00:00,0.19,0.19,0.19,TEN,25OCT05TENARI,-0.42,0.0
2025-09-29 11:00:00,0.19,0.19,0.19,TEN,25OCT05TENARI,0.02,0.64
2025-09-29 12:00:00,0.19,0.19,0.19,TEN,25OCT05TENARI,-0.02,0.73
2025-09-29 13:00:00,0.18,0.19,0.18,TEN,25OCT05TENARI,-0.27,0.58
2025-09-29 14:00:00,0.19,0.19,0.19,TEN,25OCT05TENARI,-0.22,0.5
2025-09-29 15:00:00,0.19,0.19,0.18,TEN,25OCT05TENARI,-0.33,0.5
2025-09-29 16:00:00,0.19,0.19,0.19,TEN,25OCT05TENARI,-0.3,0.54
2025-09-29 17:00:00,0.19,0.19,0.19,TEN,25OCT05TENARI,-0.42,0.4
2025-09-29 18:00:00,0.2,0.2,0.2,TEN,25OCT05TENARI,-0.37,0.49
2025-09-29 19:00:00,0.2,0.2,0.2,TEN,25OCT05TENARI,-0.57,0.05
2025-09-29 20:00:00,0.2,0.2,0.19,TEN,25OCT05TENARI,-0.05,0.7
2025-09-29 21:00:00,0.2,0.2,0.2,TEN,25OCT05TENARI,-0.14,0.65
2025-09-29 22:00:00,0.2,0.2,0.2,TEN,25OCT05TENARI,-0.28,0.52
2025-09-29 23:00:00,0.2,0.2,0.19,TEN,25OCT05TENARI,-0.47,0.52
2025-09-30 00:00:00,0.2,0.2,0.19,TEN,25OCT05TENARI,-0.51,0.07
2025-09-30 01:00:00,0.19,0.2,0.19,TEN,25OCT05TENARI,-0.57,0.03
2025-09-30 02:00:00,0.2,0.2,0.2,TEN,25OCT05TENARI,-0.47,0.06
2025-09-30 03:00:00,0.2,0.2,0.2,TEN,25OCT05TENARI,-0.52,0.04
2025-09-30 04:00:00,0.2,0.2,0.19,TEN,25OCT05TENARI,-0.48,0.07
2025-09-30 05:00:00,0.2,0.2,0.19,TEN,25OCT05TENARI,0.43,0.07
2025-09-30 06:00:00,0.2,0.2,0.19,TEN,25OCT05TENARI,-0.65,0.01
2025-09-30 07:00:00,0.2,0.2,0.2,TEN,25OCT05TENARI,-0.65,0.01
2025-09-30 08:00:00,0.2,0.2,0.2,TEN,25OCT05TENARI,-0.65,0.01
2025-09-30 09:00:00,0.2,0.2,0.2,TEN,25OCT05TENARI,-0.65,0.01
2025-09-30 10:00:00,0.2,0.2,0.2,TEN,25OCT05TENARI,0.03,0.78
2025-09-30 11:00:00,0.2,0.2,0.2,TEN,25OCT05TENARI,0.03,0.78
2025-09-30 12:00:00,0.2,0.2,0.2,TEN,25OCT05TENARI,-0.51,0.78
2025-09-30 13:00:00,0.19,0.2,0.19,TEN,25OCT05TENARI,-0.24,0.41
2025-09-30 14:00:00,0.2,0.2,0.2,TEN,25OCT05TENARI,-0.48,0.03
2025-09-30 15:00:00,0.2,0.2,0.2,TEN,25OCT05TENARI,-0.01,0.72
2025-09-30 16:00:00,0.2,0.2,0.2,TEN,25OCT05TENARI,-0.55,0.29
2025-09-30 17:00:00,0.2,0.2,0.2,TEN,25OCT05TENARI,-0.62,0.08
2025-09-30 18:00:00,0.2,0.2,0.2,TEN,25OCT05TENARI,-0.54,0.04
2025-09-30 19:00:00,0.21,0.21,0.19,TEN,25OCT05TENARI,-0.42,0.07
2025-09-30 20:00:00,0.21,0.21,0.2,TEN,25OCT05TENARI,-0.42,0.07
2025-09-30 21:00:00,0.21,0.21,0.2,TEN,25OCT05TENARI,-0.54,0.08
2025-09-30 22:00:00,0.22,0.22,0.21,TEN,25OCT05TENARI,-0.5,0.04
2025-09-30 23:00:00,0.22,0.22,0.22,TEN,25OCT05TENARI,-0.08,0.72
2025-10-01 00:00:00,0.22,0.22,0.22,TEN,25OCT05TENARI,-0.53,0.02
2025-10-01 01:00:00,0.22,0.22,0.21,TEN,25OCT05TENARI,-0.43,0.07
2025-10-01 02:00:00,0.22,0.22,0.21,TEN,25OCT05TENARI,-0.41,0.07
2025-10-01 03:00:00,0.22,0.22,0.22,TEN,25OCT05TENARI,-0.41,0.07
2025-10-01 04:00:00,0.22,0.22,0.22,TEN,25OCT05TENARI,-0.58,0.07
2025-10-01 05:00:00,0.22,0.22,0.22,TEN,25OCT05TENARI,-0.58,0.07
2025-10-01 06:00:00,0.22,0.22,0.22,TEN,25OCT05TENARI,-0.58,0.07
2025-10-01 07:00:00,0.21,0.22,0.21,TEN,25OCT05TENARI,-0.58,0.07
2025-10-01 08:00:00,0.21,0.22,0.21,TEN,25OCT05TENARI,-0.58,0.07
2025-10-01 09:00:00,0.22,0.22,0.22,TEN,25OCT05TENARI,-0.58,0.07
2025-10-01 10:00:00,0.22,0.22,0.22,TEN,25OCT05TENARI,-0.48,0.07
2025-10-01 11:00:00,0.22,0.22,0.22,TEN,25OCT05TENARI,-0.48,0.07
2025-10-01 12:00:00,0.22,0.22,0.22,TEN,25OCT05TENARI,-0.48,0.07
2025-10-01 13:00:00,0.22,0.22,0.22,TEN,25OCT05TENARI,-0.72,0.07
2025-10-01 14:00:00,0.22,0.22,0.22,TEN,25OCT05TENARI,-0.58,0.06
2025-10-01 15:00:00,0.21,0.22,0.21,TEN,25OCT05TENARI,-0.58,0.06
2025-10-01 16:00:00,0.21,0.21,0.2,TEN,25OCT05TENARI,-0.08,0.6
2025-10-01 17:00:00,0.22,0.22,0.21,TEN,25OCT05TENARI,-0.01,0.77
2025-10-01 18:00:00,0.22,0.22,0.21,TEN,25OCT05TENARI,-0.13,0.57
2025-10-01 19:00:00,0.22,0.22,0.22,TEN,25OCT05TENARI,-0.58,0.39
2025-10-01 20:00:00,0.22,0.22,0.22,TEN,25OCT05TENARI,0.03,0.65
2025-10-01 21:00:00,0.22,0.22,0.22,TEN,25OCT05TENARI,-0.25,0.64
2025-10-01 22:00:00,0.22,0.22,0.22,TEN,25OCT05TENARI,0.33,0.49
2025-10-01 23:00:00,0.22,0.22,0.22,TEN,25OCT05TENARI,0.58,0.06
2025-10-02 00:00:00,0.22,0.22,0.22,TEN,25OCT05TENARI,-0.14,0.6
2025-10-02 01:00:00,0.22,0.22,0.22,TEN,25OCT05TENARI,-0.24,0.57
2025-10-02 02:00:00,0.22,0.22,0.21,TEN,25OCT05TENARI,-0.58,0.08
2025-10-02 03:00:00,0.21,0.22,0.21,TEN,25OCT05TENARI,-0.58,0.08
2025-10-02 04:00:00,0.22,0.22,0.22,TEN,25OCT05TENARI,-0.36,0.08
2025-10-02 05:00:00,0.22,0.22,0.21,TEN,25OCT05TENARI,-0.36,0.08
2025-10-02 06:00:00,0.22,0.22,0.21,TEN,25OCT05TENARI,-0.52,0.08
2025-10-02 07:00:00,0.22,0.22,0.22,TEN,25OCT05TENARI,-0.52,0.08
2025-10-02 08:00:00,0.22,0.22,0.22,TEN,25OCT05TENARI,-0.52,0.08
2025-10-02 09:00:00,0.22,0.22,0.22,TEN,25OCT05TENARI,-0.46,0.08
2025-10-02 10:00:00,0.22,0.22,0.22,TEN,25OCT05TENARI,0.01,0.84
2025-10-02 11:00:00,0.22,0.22,0.22,TEN,25OCT05TENARI,-0.48,0.84
2025-10-02 12:00:00,0.22,0.22,0.22,TEN,25OCT05TENARI,-0.48,0.84
2025-10-02 13:00:00,0.22,0.22,0.21,TEN,25OCT05TENARI,-0.47,0.0
2025-10-02 14:00:00,0.22,0.22,0.22,TEN,25OCT05TENARI,-0.47,0.0
2025-10-02 15:00:00,0.22,0.22,0.22,TEN,25OCT05TENARI,-0.47,0.0
2025-10-02 16:00:00,0.22,0.22,0.21,TEN,25OCT05TENARI,-0.47,0.0
2025-10-02 17:00:00,0.22,0.22,0.22,TEN,25OCT05TENARI,-0.47,0.0
2025-10-02 18:00:00,0.22,0.22,0.21,TEN,25OCT05TENARI,-0.51,0.58
2025-10-02 19:00:00,0.22,0.22,0.22,TEN,25OCT05TENARI,-0.66,0.14
2025-10-02 20:00:00,0.22,0.22,0.22,TEN,25OCT05TENARI,-0.02,0.92
2025-10-02 21:00:00,0.22,0.22,0.22,TEN,25OCT05TENARI,-0.67,0.92
2025-10-02 22:00:00,0.22,0.22,0.22,TEN,25OCT05TENARI,-0.26,0.56
2025-10-02 23:00:00,0.21,0.22,0.21,TEN,25OCT05TENARI,-0.26,0.56
2025-10-03 00:00:00,0.22,0.22,0.22,TEN,25OCT05TENARI,-0.26,0.56
2025-10-03 01:00:00,0.22,0.22,0.21,TEN,25OCT05TENARI,-0.26,0.56
2025-10-03 02:00:00,0.22,0.22,0.21,TEN,25OCT05TENARI,-0.26,0.56
2025-10-03 03:00:00,0.22,0.22,0.22,TEN,25OCT05TENARI,-0.08,0.78
2025-10-03 04:00:00,0.22,0.22,0.22,TEN,25OCT05TENARI,-0.08,0.78
2025-10-03 05:00:00,0.22,0.22,0.21,TEN,25OCT05TENARI,-0.08,0.78
2025-10-03 06:00:00,0.21,0.22,0.21,TEN,25OCT05TENARI,-0.08,0.78
2025-10-03 07:00:00,0.22,0.22,0.22,TEN,25OCT05TENARI,-0.08,0.78
2025-10-03 08:00:00,0.22,0.22,0.22,TEN,25OCT05TENARI,-0.08,0.78
2025-10-03 09:00:00,0.22,0.22,0.22,TEN,25OCT05TENARI,-0.5,0.78
2025-10-03 10:00:00,0.22,0.22,0.22,TEN,25OCT05TENARI,-0.52,0.78
2025-10-03 11:00:00,0.22,0.22,0.22,TEN,25OCT05TENARI,-0.52,0.78
2025-10-03 12:00:00,0.22,0.22,0.22,TEN,25OCT05TENARI,-0.52,0.78
2025-10-03 13:00:00,0.22,0.22,0.21,TEN,25OCT05TENARI,-0.52,0.78
2025-10-03 14:00:00,0.22,0.22,0.22,TEN,25OCT05TENARI,-0.47,0.78
2025-10-03 15:00:00,0.22,0.22,0.21,TEN,25OCT05TENARI,-0.47,0.78
2025-10-03 16:00:00,0.22,0.22,0.21,TEN,25OCT05TENARI,-0.63,0.78
2025-10-03 17:00:00,0.22,0.22,0.21,TEN,25OCT05TENARI,-0.49,0.35
2025-10-03 18:00:00,0.22,0.22,0.22,TEN,25OCT05TENARI,-0.53,0.02
2025-10-03 19:00:00,0.22,0.22,0.21,TEN,25OCT05TENARI,-0.47,0.08
2025-10-03 20:00:00,0.22,0.22,0.22,TEN,25OCT05TENARI,-0.46,0.08
2025-10-03 21:00:00,0.22,0.22,0.21,TEN,25OCT05TENARI,-0.38,0.08
2025-10-03 22:00:00,0.22,0.22,0.21,TEN,25OCT05TENARI,-0.38,0.08
2025-10-03 23:00:00,0.22,0.22,0.21,TEN,25OCT05TENARI,-0.38,0.08
2025-10-04 00:00:00,0.22,0.22,0.22,TEN,25OCT05TENARI,-0.38,0.08
2025-10-04 01:00:00,0.22,0.22,0.22,TEN,25OCT05TENARI,-0.5,0.08
2025-10-04 02:00:00,0.22,0.22,0.22,TEN,25OCT05TENARI,-0.5,0.08
2025-10-04 03:00:00,0.22,0.22,0.22,TEN,25OCT05TENARI,-0.5,0.08
2025-10-04 04:00:00,0.22,0.22,0.21,TEN,25OCT05TENARI,-0.5,0.08
2025-10-04 05:00:00,0.21,0.22,0.21,TEN,25OCT05TENARI,-0.5,0.08
2025-10-04 06:00:00,0.22,0.22,0.22,TEN,25OCT05TENARI,-0.5,0.08
2025-10-04 07:00:00,0.22,0.22,0.22,TEN,25OCT05TENARI,-0.5,0.08
2025-10-04 08:00:00,0.22,0.22,0.22,TEN,25OCT05TENARI,-0.5,0.08
2025-10-04 09:00:00,0.22,0.22,0.22,TEN,25OCT05TENARI,-0.5,0.08
2025-10-04 10:00:00,0.22,0.22,0.22,TEN,25OCT05TENARI,-0.5,0.08
2025-10-04 11:00:00,0.22,0.22,0.22,TEN,25OCT05TENARI,-0.5,0.08
2025-10-04 12:00:00,0.22,0.22,0.22,TEN,25OCT05TENARI,-0.5,0.08
2025-10-04 13:00:00,0.22,0.22,0.21,TEN,25OCT05TENARI,-0.5,0.08
2025-10-04 14:00:00,0.22,0.22,0.22,TEN,25OCT05TENARI,-0.5,0.08
2025-10-04 15:00:00,0.22,0.22,0.22,TEN,25OCT05TENARI,-0.5,0.08
2025-10-04 16:00:00,0.22,0.22,0.22,TEN,25OCT05TENARI,-0.5,0.08
2025-10-04 17:00:00,0.22,0.22,0.22,TEN,25OCT05TENARI,-0.5,0.08
2025-10-04 18:00:00,0.22,0.22,0.22,TEN,25OCT05TENARI,-0.5,0.08
2025-10-04 19:00:00,0.22,0.22,0.21,TEN,25OCT05TENARI,-0.59,0.06
2025-10-04 20:00:00,0.22,0.22,0.22,TEN,25OCT05TENARI,-0.54,0.03
2025-10-04 21:00:00,0.21,0.22,0.21,TEN,25OCT05TENARI,-0.54,0.03
2025-10-04 22:00:00,0.22,0.22,0.22,TEN,25OCT05TENARI,-0.48,0.03
2025-10-04 23:00:00,0.22,0.22,0.22,TEN,25OCT05TENARI,-0.48,0.03
2025-10-05 00:00:00,0.21,0.22,0.21,TEN,25OCT05TENARI,-0.47,0.03
2025-10-05 01:00:00,0.22,0.22,0.21,TEN,25OCT05TENARI,-0.46,0.01
2025-10-05 02:00:00,0.22,0.22,0.21,TEN,25OCT05TENARI,-0.46,0.01
2025-10-05 03:00:00,0.22,0.22,0.21,TEN,25OCT05TENARI,-0.46,0.01
2025-10-05 04:00:00,0.22,0.22,0.21,TEN,25OCT05TENARI,-0.46,0.01
2025-10-05 05:00:00,0.22,0.22,0.21,TEN,25OCT05TENARI,-0.46,0.01
2025-10-05 06:00:00,0.22,0.22,0.21,TEN,25OCT05TENARI,-0.46,0.01
2025-10-05 07:00:00,0.22,0.22,0.21,TEN,25OCT05TENARI,-0.46,0.01
2025-10-05 08:00:00,0.22,0.22,0.21,TEN,25OCT05TENARI,-0.46,0.01
2025-10-05 09:00:00,0.22,0.22,0.22,TEN,25OCT05TENARI,-0.46,0.01
2025-10-05 10:00:00,0.22,0.22,0.22,TEN,25OCT05TENARI,-0.46,0.01
2025-10-05 11:00:00,0.22,0.22,0.22,TEN,25OCT05TENARI,-0.46,0.01
2025-10-05 12:00:00,0.22,0.22,0.22,TEN,25OCT05TENARI,-0.4,0.45
2025-10-05 13:00:00,0.22,0.22,0.21,TEN,25OCT05TENARI,-0.51,0.01
2025-10-05 14:00:00,0.22,0.22,0.21,TEN,25OCT05TENARI,-0.55,0.06
2025-10-05 15:00:00,0.22,0.22,0.21,TEN,25OCT05TENARI,-0.49,0.03
2025-10-05 16:00:00,0.22,0.22,0.21,TEN,25OCT05TENARI,-0.47,0.05
2025-10-05 17:00:00,0.22,0.22,0.21,TEN,25OCT05TENARI,-0.47,0.05
2025-10-05 18:00:00,0.22,0.22,0.21,TEN,25OCT05TENARI,-0.47,0.04
2025-10-05 19:00:00,0.22,0.22,0.21,TEN,25OCT05TENARI,-0.32,0.37
2025-10-05 20:00:00,0.22,0.22,0.21,TEN,25OCT05TENARI,-0.04,0.68
2025-10-05 21:00:00,0.05,0.25,0.03,TEN,25OCT05TENARI,-0.5,0.05
2025-10-05 22:00:00,0.04,0.09,0.02,TEN,25OCT05TENARI,-0.45,0.02
2025-10-05 23:00:00,0.18,0.25,0.01,TEN,25OCT05TENARI,-0.34,0.54
2025-10-05 23:00:00,0.79,0.99,0.77,ARI,25OCT05TENARI,-0.54,0.1
2025-09-29 00:00:00,0.44,0.45,0.42,TB,25OCT05TBSEA,0.11,0.71
2025-09-29 01:00:00,0.44,0.44,0.44,TB,25OCT05TBSEA,0.63,0.02
2025-09-29 02:00:00,0.44,0.44,0.44,TB,25OCT05TBSEA,0.15,0.67
2025-09-29 03:00:00,0.44,0.44,0.44,TB,25OCT05TBSEA,0.56,0.09
2025-09-29 04:00:00,0.44,0.44,0.44,TB,25OCT05TBSEA,0.56,0.09
2025-09-29 05:00:00,0.43,0.44,0.43,TB,25OCT05TBSEA,0.62,0.09
2025-09-29 06:00:00,0.43,0.43,0.43,TB,25OCT05TBSEA,0.62,0.09
2025-09-29 07:00:00,0.43,0.43,0.43,TB,25OCT05TBSEA,0.62,0.09
2025-09-29 08:00:00,0.43,0.43,0.43,TB,25OCT05TBSEA,0.62,0.09
2025-09-29 09:00:00,0.43,0.43,0.43,TB,25OCT05TBSEA,0.62,0.09
2025-09-29 10:00:00,0.43,0.43,0.43,TB,25OCT05TBSEA,0.61,0.09
2025-09-29 11:00:00,0.43,0.43,0.43,TB,25OCT05TBSEA,-0.54,0.09
2025-09-29 12:00:00,0.43,0.43,0.43,TB,25OCT05TBSEA,0.54,0.09
2025-09-29 13:00:00,0.42,0.43,0.42,TB,25OCT05TBSEA,0.07,0.87
2025-09-29 14:00:00,0.42,0.42,0.42,TB,25OCT05TBSEA,0.59,0.87
2025-09-29 15:00:00,0.42,0.42,0.42,TB,25OCT05TBSEA,-0.53,0.87
2025-09-29 16:00:00,0.4,0.4,0.4,TB,25OCT05TBSEA,0.6,0.87
2025-09-29 17:00:00,0.4,0.4,0.4,TB,25OCT05TBSEA,0.6,0.87
2025-09-29 18:00:00,0.39,0.4,0.39,TB,25OCT05TBSEA,0.6,0.87
2025-09-29 19:00:00,0.39,0.39,0.39,TB,25OCT05TBSEA,0.36,0.87
2025-09-29 20:00:00,0.39,0.39,0.38,TB,25OCT05TBSEA,0.45,0.87
2025-09-29 21:00:00,0.39,0.39,0.39,TB,25OCT05TBSEA,0.45,0.87
2025-09-29 22:00:00,0.38,0.39,0.38,TB,25OCT05TBSEA,0.45,0.87
2025-09-29 23:00:00,0.37,0.38,0.37,TB,25OCT05TBSEA,0.54,0.87
2025-09-30 00:00:00,0.38,0.38,0.37,TB,25OCT05TBSEA,0.54,0.87
2025-09-30 01:00:00,0.38,0.38,0.38,TB,25OCT05TBSEA,0.54,0.87
2025-09-30 02:00:00,0.38,0.38,0.37,TB,25OCT05TBSEA,-0.39,0.87
2025-09-30 03:00:00,0.38,0.38,0.38,TB,25OCT05TBSEA,-0.39,0.87
2025-09-30 04:00:00,0.38,0.38,0.38,TB,25OCT05TBSEA,0.45,0.87
2025-09-30 05:00:00,0.38,0.38,0.37,TB,25OCT05TBSEA,0.45,0.87
2025-09-30 06:00:00,0.38,0.38,0.38,TB,25OCT05TBSEA,0.45,0.87
2025-09-30 07:00:00,0.38,0.38,0.38,TB,25OCT05TBSEA,0.45,0.87
2025-09-30 08:00:00,0.38,0.38,0.38,TB,25OCT05TBSEA,0.45,0.87
2025-09-30 09:00:00,0.38,0.38,0.38,TB,25OCT05TBSEA,0.45,0.87
2025-09-30 10:00:00,0.38,0.38,0.38,TB,25OCT05TBSEA,0.03,0.8
2025-09-30 11:00:00,0.38,0.38,0.38,TB,25OCT05TBSEA,0.03,0.8
2025-09-30 12:00:00,0.38,0.38,0.38,TB,25OCT05TBSEA,0.03,0.8
2025-09-30 13:00:00,0.38,0.38,0.37,TB,25OCT05TBSEA,0.03,0.8
2025-09-30 14:00:00,0.38,0.38,0.37,TB,25OCT05TBSEA,0.03,0.8
2025-09-30 15:00:00,0.38,0.38,0.37,TB,25OCT05TBSEA,-0.5,0.8
2025-09-30 16:00:00,0.38,0.38,0.37,TB,25OCT05TBSEA,-0.5,0.8
2025-09-30 17:00:00,0.38,0.38,0.37,TB,25OCT05TBSEA,-0.5,0.8
2025-09-30 18:00:00,0.38,0.38,0.38,TB,25OCT05TBSEA,-0.5,0.8
2025-09-30 19:00:00,0.39,0.39,0.38,TB,25OCT05TBSEA,-0.5,0.8
2025-09-30 20:00:00,0.38,0.39,0.37,TB,25OCT05TBSEA,-0.5,0.8
2025-09-30 21:00:00,0.38,0.38,0.37,TB,25OCT05TBSEA,-0.5,0.8
2025-09-30 22:00:00,0.38,0.38,0.37,TB,25OCT05TBSEA,-0.5,0.8
2025-09-30 23:00:00,0.38,0.38,0.37,TB,25OCT05TBSEA,0.51,0.8
2025-10-01 00:00:00,0.38,0.38,0.37,TB,25OCT05TBSEA,0.46,0.8
2025-10-01 01:00:00,0.38,0.38,0.37,TB,25OCT05TBSEA,0.46,0.8
2025-10-01 02:00:00,0.38,0.38,0.37,TB,25OCT05TBSEA,0.46,0.8
2025-10-01 03:00:00,0.38,0.38,0.37,TB,25OCT05TBSEA,0.46,0.8
2025-10-01 04:00:00,0.38,0.38,0.38,TB,25OCT05TBSEA,0.46,0.8
2025-10-01 05:00:00,0.38,0.38,0.38,TB,25OCT05TBSEA,0.46,0.8
2025-10-01 06:00:00,0.38,0.38,0.37,TB,25OCT05TBSEA,0.46,0.8
2025-10-01 07:00:00,0.38,0.38,0.38,TB,25OCT05TBSEA,0.46,0.8
2025-10-01 08:00:00,0.38,0.38,0.37,TB,25OCT05TBSEA,0.46,0.8
2025-10-01 09:00:00,0.38,0.38,0.38,TB,25OCT05TBSEA,0.46,0.8
2025-10-01 10:00:00,0.38,0.38,0.38,TB,25OCT05TBSEA,0.46,0.8
2025-10-01 11:00:00,0.38,0.38,0.38,TB,25OCT05TBSEA,0.46,0.8
2025-10-01 12:00:00,0.38,0.38,0.38,TB,25OCT05TBSEA,0.46,0.8
2025-10-01 13:00:00,0.38,0.38,0.38,TB,25OCT05TBSEA,0.46,0.8
2025-10-01 14:00:00,0.38,0.38,0.37,TB,25OCT05TBSEA,0.46,0.8
2025-10-01 15:00:00,0.37,0.38,0.37,TB,25OCT05TBSEA,0.46,0.8
2025-10-01 16:00:00,0.37,0.37,0.36,TB,25OCT05TBSEA,0.46,0.8
2025-10-01 17:00:00,0.37,0.37,0.36,TB,25OCT05TBSEA,0.46,0.8
2025-10-01 18:00:00,0.37,0.37,0.36,TB,25OCT05TBSEA,0.46,0.8
2025-10-01 19:00:00,0.37,0.37,0.36,TB,25OCT05TBSEA,0.43,0.8
2025-10-01 20:00:00,0.37,0.37,0.36,TB,25OCT05TBSEA,0.43,0.8
2025-10-01 21:00:00,0.37,0.37,0.36,TB,25OCT05TBSEA,0.43,0.8
2025-10-01 22:00:00,0.37,0.37,0.36,TB,25OCT05TBSEA,0.43,0.8
2025-10-01 23:00:00,0.38,0.38,0.36,TB,25OCT05TBSEA,0.43,0.8
2025-10-02 00:00:00,0.37,0.38,0.37,TB,25OCT05TBSEA,0.43,0.8
2025-10-02 01:00:00,0.37,0.37,0.36,TB,25OCT05TBSEA,0.43,0.8
2025-10-02 02:00:00,0.37,0.37,0.36,TB,25OCT05TBSEA,0.43,0.8
2025-10-02 03:00:00,0.37,0.37,0.36,TB,25OCT05TBSEA,0.43,0.8
2025-10-02 04:00:00,0.37,0.37,0.36,TB,25OCT05TBSEA,0.43,0.8
2025-10-02 05:00:00,0.37,0.37,0.37,TB,25OCT05TBSEA,0.43,0.8
2025-10-02 06:00:00,0.37,0.37,0.36,TB,25OCT05TBSEA,0.43,0.8
2025-10-02 07:00:00,0.37,0.37,0.36,TB,25OCT05TBSEA,0.43,0.8
2025-10-02 08:00:00,0.37,0.37,0.36,TB,25OCT05TBSEA,0.43,0.8
2025-10-02 09:00:00,0.37,0.37,0.36,TB,25OCT05TBSEA,0.43,0.8
2025-10-02 10:00:00,0.37,0.37,0.37,TB,25OCT05TBSEA,0.43,0.8
2025-10-02 11:00:00,0.37,0.37,0.37,TB,25OCT05TBSEA,0.46,0.8
2025-10-02 12:00:00,0.36,0.37,0.36,TB,25OCT05TBSEA,0.46,0.8
2025-10-02 13:00:00,0.36,0.37,0.36,TB,25OCT05TBSEA,-0.46,0.8
2025-10-02 14:00:00,0.37,0.37,0.37,TB,25OCT05TBSEA,-0.46,0.8
2025-10-02 15:00:00,0.37,0.37,0.37,TB,25OCT05TBSEA,-0.46,0.8
2025-10-02 16:00:00,0.37,0.37,0.36,TB,25OCT05TBSEA,-0.09,0.77
2025-10-02 17:00:00,0.37,0.37,0.36,TB,25OCT05TBSEA,-0.46,0.77
2025-10-02 18:00:00,0.37,0.37,0.36,TB,25OCT05TBSEA,0.26,0.66
2025-10-02 19:00:00,0.37,0.37,0.36,TB,25OCT05TBSEA,0.62,0.66
2025-10-02 20:00:00,0.37,0.37,0.37,TB,25OCT05TBSEA,-0.44,0.66
2025-10-02 21:00:00,0.37,0.37,0.36,TB,25OCT05TBSEA,0.19,0.56
2025-10-02 22:00:00,0.37,0.37,0.36,TB,25OCT05TBSEA,-0.54,0.0
2025-10-02 23:00:00,0.37,0.37,0.36,TB,25OCT05TBSEA,-0.54,0.0
2025-10-03 00:00:00,0.37,0.37,0.36,TB,25OCT05TBSEA,-0.45,0.02
2025-10-03 01:00:00,0.37,0.37,0.36,TB,25OCT05TBSEA,-0.4,0.02
2025-10-03 02:00:00,0.37,0.37,0.36,TB,25OCT05TBSEA,-0.4,0.02
2025-10-03 03:00:00,0.37,0.37,0.37,TB,25OCT05TBSEA,-0.49,0.02
2025-10-03 04:00:00,0.37,0.37,0.36,TB,25OCT05TBSEA,0.49,0.02
2025-10-03 05:00:00,0.37,0.37,0.36,TB,25OCT05TBSEA,0.49,0.02
2025-10-03 06:00:00,0.37,0.37,0.36,TB,25OCT05TBSEA,0.49,0.02
2025-10-03 07:00:00,0.37,0.37,0.37,TB,25OCT05TBSEA,0.49,0.02
2025-10-03 08:00:00,0.37,0.37,0.37,TB,25OCT05TBSEA,0.49,0.02
2025-10-03 09:00:00,0.37,0.37,0.37,TB,25OCT05TBSEA,0.49,0.02
2025-10-03 10:00:00,0.37,0.37,0.37,TB,25OCT05TBSEA,0.49,0.02
2025-10-03 11:00:00,0.37,0.37,0.37,TB,25OCT05TBSEA,0.49,0.02
2025-10-03 12:00:00,0.37,0.37,0.37,TB,25OCT05TBSEA,0.49,0.02
2025-10-03 13:00:00,0.37,0.37,0.36,TB,25OCT05TBSEA,-0.25,0.6
2025-10-03 14:00:00,0.37,0.37,0.37,TB,25OCT05TBSEA,0.31,0.54
2025-10-03 15:00:00,0.37,0.37,0.36,TB,25OCT05TBSEA,0.3,0.56
2025-10-03 16:00:00,0.37,0.37,0.36,TB,25OCT05TBSEA,0.16,0.64
2025-10-03 17:00:00,0.37,0.37,0.36,TB,25OCT05TBSEA,0.47,0.43
2025-10-03 18:00:00,0.37,0.37,0.36,TB,25OCT05TBSEA,0.22,0.67
2025-10-03 19:00:00,0.37,0.37,0.36,TB,25OCT05TBSEA,0.05,0.71
2025-10-03 20:00:00,0.37,0.37,0.36,TB,25OCT05TBSEA,0.05,0.71
2025-10-03 21:00:00,0.36,0.37,0.36,TB,25OCT05TBSEA,0.55,0.71
2025-10-03 22:00:00,0.37,0.37,0.36,TB,25OCT05TBSEA,0.55,0.71
2025-10-03 23:00:00,0.37,0.37,0.36,TB,25OCT05TBSEA,0.55,0.71
2025-10-04 00:00:00,0.37,0.37,0.36,TB,25OCT05TBSEA,0.55,0.71
2025-10-04 01:00:00,0.37,0.37,0.36,TB,25OCT05TBSEA,0.48,0.71
2025-10-04 02:00:00,0.37,0.37,0.36,TB,25OCT05TBSEA,0.44,0.71
2025-10-04 03:00:00,0.37,0.37,0.36,TB,25OCT05TBSEA,0.44,0.71
2025-10-04 04:00:00,0.37,0.37,0.37,TB,25OCT05TBSEA,0.44,0.71
2025-10-04 05:00:00,0.37,0.37,0.36,TB,25OCT05TBSEA,0.44,0.71
2025-10-04 06:00:00,0.37,0.37,0.37,TB,25OCT05TBSEA,0.44,0.71
2025-10-04 07:00:00,0.37,0.37,0.36,TB,25OCT05TBSEA,0.44,0.71
2025-10-04 08:00:00,0.37,0.37,0.37,TB,25OCT05TBSEA,0.44,0.71
2025-10-04 09:00:00,0.37,0.37,0.37,TB,25OCT05TBSEA,0.55,0.71
2025-10-04 10:00:00,0.37,0.37,0.36,TB,25OCT05TBSEA,0.55,0.71
2025-10-04 11:00:00,0.37,0.37,0.37,TB,25OCT05TBSEA,0.55,0.71
2025-10-04 12:00:00,0.37,0.37,0.37,TB,25OCT05TBSEA,0.44,0.71
2025-10-04 13:00:00,0.37,0.37,0.37,TB,25OCT05TBSEA,0.44,0.71
2025-10-04 14:00:00,0.37,0.37,0.36,TB,25OCT05TBSEA,0.44,0.71
2025-10-04 15:00:00,0.37,0.37,0.36,TB,25OCT05TBSEA,0.44,0.71
2025-10-04 16:00:00,0.37,0.37,0.36,TB,25OCT05TBSEA,0.43,0.71
2025-10-04 17:00:00,0.37,0.37,0.37,TB,25OCT05TBSEA,0.43,0.71
2025-10-04 18:00:00,0.37,0.37,0.36,TB,25OCT05TBSEA,-0.41,0.03
2025-10-04 19:00:00,0.37,0.37,0.36,TB,25OCT05TBSEA,-0.41,0.03
2025-10-04 20:00:00,0.36,0.37,0.35,TB,25OCT05TBSEA,-0.41,0.03
2025-10-04 21:00:00,0.36,0.36,0.35,TB,25OCT05TBSEA,0.44,0.03
2025-10-04 22:00:00,0.36,0.36,0.35,TB,25OCT05TBSEA,0.44,0.03
2025-10-04 23:00:00,0.36,0.36,0.35,TB,25OCT05TBSEA,0.44,0.03
2025-10-05 00:00:00,0.37,0.37,0.35,TB,25OCT05TBSEA,0.44,0.03
2025-10-05 01:00:00,0.36,0.37,0.36,TB,25OCT05TBSEA,0.44,0.03
2025-10-05 02:00:00,0.36,0.36,0.35,TB,25OCT05TBSEA,0.44,0.03
2025-10-05 03:00:00,0.36,0.36,0.35,TB,25OCT05TBSEA,0.45,0.03
2025-10-05 04:00:00,0.37,0.37,0.35,TB,25OCT05TBSEA,0.45,0.03
2025-10-05 05:00:00,0.37,0.37,0.35,TB,25OCT05TBSEA,0.45,0.03
2025-10-05 06:00:00,0.37,0.37,0.36,TB,25OCT05TBSEA,0.45,0.03
2025-10-05 07:00:00,0.37,0.37,0.35,TB,25OCT05TBSEA,0.45,0.03
2025-10-05 08:00:00,0.37,0.37,0.37,TB,25OCT05TBSEA,0.45,0.03
2025-10-05 09:00:00,0.37,0.37,0.37,TB,25OCT05TBSEA,0.45,0.03
2025-10-05 10:00:00,0.37,0.37,0.37,TB,25OCT05TBSEA,0.45,0.03
2025-10-05 11:00:00,0.37,0.37,0.37,TB,25OCT05TBSEA,0.45,0.03
2025-10-05 12:00:00,0.37,0.37,0.36,TB,25OCT05TBSEA,0.45,0.03
2025-10-05 13:00:00,0.37,0.37,0.36,TB,25OCT05TBSEA,0.45,0.03
2025-10-05 14:00:00,0.37,0.37,0.36,TB,25OCT05TBSEA,0.71,0.03
2025-10-05 15:00:00,0.37,0.37,0.36,TB,25OCT05TBSEA,0.43,0.62
2025-10-05 16:00:00,0.36,0.37,0.35,TB,25OCT05TBSEA,0.72,0.62
2025-10-05 17:00:00,0.37,0.37,0.35,TB,25OCT05TBSEA,0.64,0.62
2025-10-05 18:00:00,0.37,0.37,0.35,TB,25OCT05TBSEA,-0.57,0.62
2025-10-05 19:00:00,0.36,0.37,0.35,TB,25OCT05TBSEA,0.61,0.05
2025-10-05 20:00:00,0.37,0.37,0.35,TB,25OCT05TBSEA,0.31,0.05
2025-10-05 21:00:00,0.56,0.63,0.35,TB,25OCT05TBSEA,0.25,0.45
2025-10-05 22:00:00,0.53,0.73,0.35,TB,25OCT05TBSEA,-0.2,0.62
2025-10-05 23:00:00,0.94,0.98,0.17,TB,25OCT05TBSEA,0.34,0.59
2025-09-28 21:00:00,0.04,0.04,0.04,NO,25OCT05NYGNO,-0.55,0.0
2025-09-28 22:00:00,0.1,0.1,0.1,NO,25OCT05NYGNO,-0.55,0.0
2025-09-28 23:00:00,0.1,0.1,0.1,NO,25OCT05NYGNO,-0.55,0.0
2025-09-29 00:00:00,0.45,0.45,0.42,NO,25OCT05NYGNO,-0.55,0.0
2025-09-29 01:00:00,0.45,0.45,0.44,NO,25OCT05NYGNO,-0.55,0.0
2025-09-29 02:00:00,0.45,0.45,0.44,NO,25OCT05NYGNO,-0.55,0.0
2025-09-29 03:00:00,0.45,0.45,0.45,NO,25OCT05NYGNO,-0.55,0.0
2025-09-29 04:00:00,0.45,0.45,0.45,NO,25OCT05NYGNO,-0.55,0.0
2025-09-29 05:00:00,0.46,0.46,0.45,NO,25OCT05NYGNO,-0.55,0.0
2025-09-29 06:00:00,0.45,0.46,0.45,NO,25OCT05NYGNO,-0.55,0.0
2025-09-29 07:00:00,0.45,0.46,0.45,NO,25OCT05NYGNO,-0.55,0.0
2025-09-29 08:00:00,0.45,0.46,0.45,NO,25OCT05NYGNO,-0.55,0.0
2025-09-29 09:00:00,0.45,0.46,0.45,NO,25OCT05NYGNO,-0.55,0.0
2025-09-29 10:00:00,0.45,0.46,0.45,NO,25OCT05NYGNO,-0.55,0.0
2025-09-29 11:00:00,0.45,0.46,0.45,NO,25OCT05NYGNO,-0.55,0.0
2025-09-29 12:00:00,0.45,0.46,0.45,NO,25OCT05NYGNO,0.58,0.0
2025-09-29 13:00:00,0.46,0.46,0.46,NO,25OCT05NYGNO,0.58,0.0
2025-09-29 14:00:00,0.46,0.46,0.45,NO,25OCT05NYGNO,0.58,0.0
2025-09-29 15:00:00,0.46,0.46,0.46,NO,25OCT05NYGNO,0.58,0.0
2025-09-29 16:00:00,0.47,0.47,0.46,NO,25OCT05NYGNO,0.58,0.0
2025-09-29 17:00:00,0.5,0.5,0.49,NO,25OCT05NYGNO,0.58,0.0
2025-09-29 18:00:00,0.5,0.5,0.5,NO,25OCT05NYGNO,0.58,0.0
2025-09-29 19:00:00,0.5,0.5,0.5,NO,25OCT05NYGNO,0.58,0.0
2025-09-29 20:00:00,0.5,0.5,0.5,NO,25OCT05NYGNO,0.58,0.0
2025-09-29 21:00:00,0.51,0.51,0.51,NO,25OCT05NYGNO,0.56,0.0
2025-09-29 22:00:00,0.51,0.51,0.51,NO,25OCT05NYGNO,0.45,0.0
2025-09-29 23:00:00,0.51,0.51,0.51,NO,25OCT05NYGNO,0.45,0.0
2025-09-30 00:00:00,0.51,0.51,0.5,NO,25OCT05NYGNO,0.45,0.0
2025-09-30 01:00:00,0.51,0.51,0.51,NO,25OCT05NYGNO,0.45,0.0
2025-09-30 02:00:00,0.51,0.51,0.5,NO,25OCT05NYGNO,0.45,0.0
2025-09-30 03:00:00,0.51,0.51,0.5,NO,25OCT05NYGNO,0.45,0.0
2025-09-30 04:00:00,0.51,0.51,0.5,NO,25OCT05NYGNO,0.45,0.0
2025-09-30 05:00:00,0.51,0.51,0.51,NO,25OCT05NYGNO,0.45,0.0
2025-09-30 06:00:00,0.51,0.51,0.5,NO,25OCT05NYGNO,0.45,0.0
2025-09-30 07:00:00,0.51,0.51,0.51,NO,25OCT05NYGNO,0.45,0.0
2025-09-30 08:00:00,0.51,0.51,0.51,NO,25OCT05NYGNO,0.45,0.0
2025-09-30 09:00:00,0.51,0.51,0.51,NO,25OCT05NYGNO,0.45,0.0
2025-09-30 10:00:00,0.51,0.51,0.51,NO,25OCT05NYGNO,0.45,0.0
2025-09-30 11:00:00,0.51,0.51,0.51,NO,25OCT05NYGNO,0.45,0.0
2025-09-30 12:00:00,0.51,0.51,0.51,NO,25OCT05NYGNO,0.45,0.0
2025-09-30 13:00:00,0.51,0.51,0.51,NO,25OCT05NYGNO,0.45,0.0
2025-09-30 14:00:00,0.52,0.52,0.51,NO,25OCT05NYGNO,0.45,0.0
2025-09-30 15:00:00,0.54,0.55,0.51,NO,25OCT05NYGNO,0.45,0.0
2025-09-30 16:00:00,0.55,0.56,0.55,NO,25OCT05NYGNO,0.45,0.0
2025-09-30 17:00:00,0.55,0.56,0.55,NO,25OCT05NYGNO,0.45,0.0
2025-09-30 18:00:00,0.55,0.55,0.55,NO,25OCT05NYGNO,0.45,0.0
2025-09-30 19:00:00,0.54,0.55,0.54,NO,25OCT05NYGNO,0.45,0.0
2025-09-30 20:00:00,0.54,0.55,0.54,NO,25OCT05NYGNO,0.45,0.0
2025-09-30 21:00:00,0.55,0.55,0.55,NO,25OCT05NYGNO,-0.5,0.0
2025-09-30 22:00:00,0.55,0.55,0.55,NO,25OCT05NYGNO,-0.61,0.0
2025-09-30 23:00:00,0.55,0.55,0.55,NO,25OCT05NYGNO,-0.61,0.0
2025-10-01 00:00:00,0.55,0.55,0.55,NO,25OCT05NYGNO,-0.61,0.0
2025-10-01 01:00:00,0.54,0.55,0.54,NO,25OCT05NYGNO,-0.61,0.0
2025-10-01 02:00:00,0.55,0.55,0.55,NO,25OCT05NYGNO,-0.61,0.0
2025-10-01 03:00:00,0.55,0.55,0.54,NO,25OCT05NYGNO,-0.61,0.0
2025-10-01 04:00:00,0.55,0.55,0.54,NO,25OCT05NYGNO,-0.61,0.0
2025-10-01 05:00:00,0.55,0.55,0.55,NO,25OCT05NYGNO,-0.61,0.0
2025-10-01 06:00:00,0.55,0.55,0.55,NO,25OCT05NYGNO,-0.61,0.0
2025-10-01 07:00:00,0.55,0.55,0.55,NO,25OCT05NYGNO,-0.61,0.0
2025-10-01 08:00:00,0.55,0.55,0.55,NO,25OCT05NYGNO,-0.61,0.0
2025-10-01 09:00:00,0.55,0.55,0.55,NO,25OCT05NYGNO,-0.61,0.0
2025-10-01 10:00:00,0.55,0.55,0.55,NO,25OCT05NYGNO,-0.61,0.0
2025-10-01 11:00:00,0.55,0.55,0.55,NO,25OCT05NYGNO,-0.61,0.0
2025-10-01 12:00:00,0.55,0.55,0.55,NO,25OCT05NYGNO,-0.61,0.0
2025-10-01 13:00:00,0.55,0.55,0.55,NO,25OCT05NYGNO,-0.61,0.0
2025-10-01 14:00:00,0.55,0.55,0.54,NO,25OCT05NYGNO,-0.61,0.0
2025-10-01 15:00:00,0.55,0.55,0.55,NO,25OCT05NYGNO,-0.61,0.0
2025-10-01 16:00:00,0.55,0.55,0.54,NO,25OCT05NYGNO,-0.61,0.0
2025-10-01 17:00:00,0.55,0.55,0.54,NO,25OCT05NYGNO,-0.61,0.0
2025-10-01 18:00:00,0.55,0.55,0.54,NO,25OCT05NYGNO,-0.61,0.0
2025-10-01 19:00:00,0.54,0.55,0.53,NO,25OCT05NYGNO,-0.61,0.0
2025-10-01 20:00:00,0.54,0.54,0.54,NO,25OCT05NYGNO,-0.61,0.0
2025-10-01 21:00:00,0.54,0.54,0.54,NO,25OCT05NYGNO,0.55,0.05
2025-10-01 22:00:00,0.54,0.54,0.54,NO,25OCT05NYGNO,0.55,0.05
2025-10-01 23:00:00,0.54,0.54,0.53,NO,25OCT05NYGNO,0.55,0.05
2025-10-02 00:00:00,0.54,0.54,0.53,NO,25OCT05NYGNO,0.55,0.05
2025-10-02 01:00:00,0.54,0.54,0.54,NO,25OCT05NYGNO,0.55,0.05
2025-10-02 02:00:00,0.53,0.54,0.53,NO,25OCT05NYGNO,0.55,0.05
2025-10-02 03:00:00,0.54,0.54,0.54,NO,25OCT05NYGNO,0.55,0.05
2025-10-02 04:00:00,0.54,0.54,0.54,NO,25OCT05NYGNO,0.55,0.05
2025-10-02 05:00:00,0.55,0.55,0.53,NO,25OCT05NYGNO,0.55,0.05
2025-10-02 06:00:00,0.55,0.55,0.55,NO,25OCT05NYGNO,0.55,0.05
2025-10-02 07:00:00,0.55,0.55,0.54,NO,25OCT05NYGNO,0.55,0.05
2025-10-02 08:00:00,0.55,0.55,0.54,NO,25OCT05NYGNO,0.55,0.05
2025-10-02 09:00:00,0.55,0.55,0.54,NO,25OCT05NYGNO,0.55,0.05
2025-10-02 10:00:00,0.55,0.55,0.54,NO,25OCT05NYGNO,0.55,0.05
2025-10-02 11:00:00,0.54,0.54,0.54,NO,25OCT05NYGNO,0.55,0.05
2025-10-02 12:00:00,0.55,0.55,0.55,NO,25OCT05NYGNO,0.55,0.05
2025-10-02 13:00:00,0.55,0.55,0.54,NO,25OCT05NYGNO,0.55,0.05
2025-10-02 14:00:00,0.55,0.55,0.54,NO,25OCT05NYGNO,0.55,0.05
2025-10-02 15:00:00,0.55,0.55,0.54,NO,25OCT05NYGNO,0.55,0.05
2025-10-02 16:00:00,0.54,0.55,0.54,NO,25OCT05NYGNO,0.55,0.05
2025-10-02 17:00:00,0.55,0.55,0.54,NO,25OCT05NYGNO,0.55,0.05
2025-10-02 18:00:00,0.55,0.55,0.55,NO,25OCT05NYGNO,0.55,0.05
2025-10-02 19:00:00,0.54,0.55,0.54,NO,25OCT05NYGNO,0.55,0.05
2025-10-02 20:00:00,0.55,0.55,0.55,NO,25OCT05NYGNO,0.55,0.05
2025-10-02 21:00:00,0.54,0.55,0.54,NO,25OCT05NYGNO,0.55,0.05
2025-10-02 22:00:00,0.54,0.55,0.54,NO,25OCT05NYGNO,0.55,0.05
2025-10-02 23:00:00,0.55,0.55,0.55,NO,25OCT05NYGNO,-0.75,0.05
2025-10-03 00:00:00,0.55,0.55,0.54,NO,25OCT05NYGNO,-0.75,0.05
2025-10-03 01:00:00,0.54,0.55,0.54,NO,25OCT05NYGNO,-0.75,0.05
2025-10-03 02:00:00,0.55,0.55,0.55,NO,25OCT05NYGNO,-0.75,0.05
2025-10-03 03:00:00,0.55,0.55,0.54,NO,25OCT05NYGNO,-0.75,0.05
2025-10-03 04:00:00,0.53,0.55,0.53,NO,25OCT05NYGNO,-0.75,0.05
2025-10-03 05:00:00,0.54,0.54,0.53,NO,25OCT05NYGNO,-0.75,0.05
2025-10-03 06:00:00,0.54,0.54,0.53,NO,25OCT05NYGNO,-0.75,0.05
2025-10-03 07:00:00,0.54,0.54,0.53,NO,25OCT05NYGNO,-0.75,0.05
2025-10-03 08:00:00,0.54,0.54,0.53,NO,25OCT05NYGNO,-0.75,0.05
2025-10-03 09:00:00,0.54,0.54,0.53,NO,25OCT05NYGNO,-0.75,0.05
2025-10-03 10:00:00,0.54,0.54,0.53,NO,25OCT05NYGNO,-0.75,0.05
2025-10-03 11:00:00,0.54,0.54,0.53,NO,25OCT05NYGNO,-0.75,0.05
2025-10-03 12:00:00,0.53,0.53,0.53,NO,25OCT05NYGNO,-0.75,0.05
2025-10-03 13:00:00,0.54,0.54,0.53,NO,25OCT05NYGNO,-0.75,0.05
2025-10-03 14:00:00,0.54,0.54,0.53,NO,25OCT05NYGNO,-0.75,0.05
2025-10-03 15:00:00,0.55,0.55,0.54,NO,25OCT05NYGNO,0.5,0.05
2025-10-03 16:00:00,0.53,0.55,0.53,NO,25OCT05NYGNO,0.5,0.05
2025-10-03 17:00:00,0.53,0.55,0.53,NO,25OCT05NYGNO,-0.49,0.05
2025-10-03 18:00:00,0.53,0.55,0.53,NO,25OCT05NYGNO,0.48,0.05
2025-10-03 19:00:00,0.55,0.55,0.53,NO,25OCT05NYGNO,0.48,0.05
2025-10-03 20:00:00,0.53,0.55,0.53,NO,25OCT05NYGNO,0.48,0.05
2025-10-03 21:00:00,0.54,0.54,0.53,NO,25OCT05NYGNO,0.48,0.05
2025-10-03 22:00:00,0.54,0.55,0.54,NO,25OCT05NYGNO,0.48,0.05
2025-10-03 23:00:00,0.55,0.55,0.54,NO,25OCT05NYGNO,0.48,0.05
2025-10-04 00:00:00,0.55,0.55,0.54,NO,25OCT05NYGNO,0.48,0.05
2025-10-04 01:00:00,0.55,0.55,0.54,NO,25OCT05NYGNO,0.48,0.05
2025-10-04 02:00:00,0.55,0.55,0.54,NO,25OCT05NYGNO,0.48,0.05
2025-10-04 03:00:00,0.55,0.55,0.55,NO,25OCT05NYGNO,0.48,0.05
2025-10-04 04:00:00,0.55,0.55,0.54,NO,25OCT05NYGNO,0.48,0.05
2025-10-04 05:00:00,0.54,0.55,0.54,NO,25OCT05NYGNO,0.48,0.05
2025-10-04 06:00:00,0.55,0.55,0.55,NO,25OCT05NYGNO,0.48,0.05
2025-10-04 07:00:00,0.54,0.55,0.54,NO,25OCT05NYGNO,0.48,0.05
2025-10-04 08:00:00,0.54,0.55,0.54,NO,25OCT05NYGNO,0.48,0.05
2025-10-04 09:00:00,0.55,0.55,0.55,NO,25OCT05NYGNO,0.48,0.05
2025-10-04 10:00:00,0.55,0.55,0.55,NO,25OCT05NYGNO,0.48,0.05
2025-10-04 11:00:00,0.55,0.55,0.55,NO,25OCT05NYGNO,0.48,0.05
2025-10-04 12:00:00,0.55,0.55,0.55,NO,25OCT05NYGNO,0.48,0.05
2025-10-04 13:00:00,0.55,0.55,0.54,NO,25OCT05NYGNO,0.48,0.05
2025-10-04 14:00:00,0.55,0.55,0.55,NO,25OCT05NYGNO,0.48,0.05
2025-10-04 15:00:00,0.55,0.55,0.54,NO,25OCT05NYGNO,0.48,0.05
2025-10-04 16:00:00,0.55,0.55,0.54,NO,25OCT05NYGNO,0.48,0.05
2025-10-04 17:00:00,0.55,0.55,0.54,NO,25OCT05NYGNO,0.48,0.05
2025-10-04 18:00:00,0.55,0.55,0.55,NO,25OCT05NYGNO,0.48,0.05
2025-10-04 19:00:00,0.55,0.55,0.54,NO,25OCT05NYGNO,0.48,0.05
2025-10-04 20:00:00,0.55,0.55,0.55,NO,25OCT05NYGNO,0.56,0.05
2025-10-04 21:00:00,0.55,0.55,0.54,NO,25OCT05NYGNO,0.56,0.05
2025-10-04 22:00:00,0.55,0.55,0.54,NO,25OCT05NYGNO,0.56,0.05
2025-10-04 23:00:00,0.54,0.55,0.54,NO,25OCT05NYGNO,0.56,0.05
2025-10-05 00:00:00,0.55,0.55,0.54,NO,25OCT05NYGNO,0.56,0.05
2025-10-05 01:00:00,0.55,0.55,0.54,NO,25OCT05NYGNO,0.56,0.05
2025-10-05 02:00:00,0.55,0.55,0.54,NO,25OCT05NYGNO,0.56,0.05
2025-10-05 03:00:00,0.55,0.55,0.54,NO,25OCT05NYGNO,0.56,0.05
2025-10-05 04:00:00,0.55,0.55,0.54,NO,25OCT05NYGNO,0.56,0.05
2025-10-05 05:00:00,0.55,0.55,0.54,NO,25OCT05NYGNO,0.56,0.05
2025-10-05 06:00:00,0.54,0.55,0.54,NO,25OCT05NYGNO,0.56,0.05
2025-10-05 07:00:00,0.55,0.55,0.53,NO,25OCT05NYGNO,0.56,0.05
2025-10-05 08:00:00,0.55,0.55,0.54,NO,25OCT05NYGNO,0.56,0.05
2025-10-05 09:00:00,0.55,0.55,0.54,NO,25OCT05NYGNO,0.56,0.05
2025-10-05 10:00:00,0.55,0.55,0.55,NO,25OCT05NYGNO,0.56,0.05
2025-10-05 11:00:00,0.55,0.55,0.55,NO,25OCT05NYGNO,0.56,0.05
2025-10-05 12:00:00,0.55,0.55,0.55,NO,25OCT05NYGNO,0.56,0.05
2025-10-05 13:00:00,0.55,0.55,0.54,NO,25OCT05NYGNO,0.56,0.05
2025-10-05 14:00:00,0.55,0.55,0.54,NO,25OCT05NYGNO,0.56,0.05
2025-10-05 15:00:00,0.54,0.55,0.53,NO,25OCT05NYGNO,0.56,0.05
2025-10-05 16:00:00,0.56,0.56,0.53,NO,25OCT05NYGNO,0.56,0.05
2025-10-05 17:00:00,0.56,0.57,0.55,NO,25OCT05NYGNO,0.56,0.05
2025-10-05 18:00:00,0.23,0.57,0.15,NO,25OCT05NYGNO,-0.22,0.63
2025-10-05 19:00:00,0.6,0.67,0.21,NO,25OCT05NYGNO,0.49,0.1
2025-10-05 20:00:00,0.97,0.99,0.43,NO,25OCT05NYGNO,0.38,0.43
2025-09-29 14:00:00,0.71,0.73,0.71,BAL,25OCT05HOUBAL,-0.23,0.77
2025-09-29 15:00:00,0.71,0.71,0.71,BAL,25OCT05HOUBAL,-0.51,0.1
2025-09-29 16:00:00,0.71,0.71,0.71,BAL,25OCT05HOUBAL,-0.04,0.66
2025-09-29 17:00:00,0.69,0.71,0.69,BAL,25OCT05HOUBAL,-0.54,0.66
2025-09-29 18:00:00,0.69,0.69,0.68,BAL,25OCT05HOUBAL,-0.54,0.66
2025-09-29 19:00:00,0.63,0.68,0.63,BAL,25OCT05HOUBAL,-0.63,0.36
2025-09-29 20:00:00,0.64,0.64,0.63,BAL,25OCT05HOUBAL,-0.63,0.36
2025-09-29 21:00:00,0.63,0.64,0.62,BAL,25OCT05HOUBAL,-0.63,0.36
2025-09-29 22:00:00,0.62,0.63,0.62,BAL,25OCT05HOUBAL,-0.75,0.07
2025-09-29 23:00:00,0.62,0.62,0.62,BAL,25OCT05HOUBAL,-0.64,0.07
2025-09-30 00:00:00,0.63,0.63,0.61,BAL,25OCT05HOUBAL,-0.7,0.07
2025-09-30 01:00:00,0.63,0.63,0.61,BAL,25OCT05HOUBAL,-0.57,0.04
2025-09-30 02:00:00,0.63,0.63,0.61,BAL,25OCT05HOUBAL,-0.66,0.04
2025-09-30 03:00:00,0.63,0.63,0.61,BAL,25OCT05HOUBAL,-0.65,0.04
2025-09-30 04:00:00,0.6,0.63,0.59,BAL,25OCT05HOUBAL,-0.65,0.04
2025-09-30 05:00:00,0.62,0.62,0.59,BAL,25OCT05HOUBAL,-0.65,0.04
2025-09-30 06:00:00,0.62,0.62,0.62,BAL,25OCT05HOUBAL,-0.65,0.04
2025-09-30 07:00:00,0.61,0.62,0.61,BAL,25OCT05HOUBAL,-0.65,0.04
2025-09-30 08:00:00,0.61,0.62,0.61,BAL,25OCT05HOUBAL,-0.65,0.04
2025-09-30 09:00:00,0.61,0.61,0.61,BAL,25OCT05HOUBAL,-0.65,0.04
2025-09-30 10:00:00,0.61,0.61,0.61,BAL,25OCT05HOUBAL,-0.65,0.04
2025-09-30 11:00:00,0.62,0.62,0.61,BAL,25OCT05HOUBAL,-0.65,0.04
2025-09-30 12:00:00,0.6,0.62,0.6,BAL,25OCT05HOUBAL,-0.62,0.04
2025-09-30 13:00:00,0.6,0.6,0.6,BAL,25OCT05HOUBAL,-0.56,0.03
2025-09-30 14:00:00,0.6,0.6,0.6,BAL,25OCT05HOUBAL,-0.53,0.03
2025-09-30 15:00:00,0.6,0.6,0.6,BAL,25OCT05HOUBAL,-0.53,0.03
2025-09-30 16:00:00,0.59,0.6,0.59,BAL,25OCT05HOUBAL,-0.49,0.05
2025-09-30 17:00:00,0.6,0.6,0.59,BAL,25OCT05HOUBAL,-0.49,0.05
2025-09-30 18:00:00,0.45,0.6,0.44,BAL,25OCT05HOUBAL,-0.49,0.05
2025-09-30 19:00:00,0.46,0.46,0.44,BAL,25OCT05HOUBAL,-0.69,0.07
2025-09-30 20:00:00,0.45,0.46,0.44,BAL,25OCT05HOUBAL,-0.59,0.02
2025-09-30 21:00:00,0.45,0.45,0.44,BAL,25OCT05HOUBAL,-0.55,0.02
2025-09-30 22:00:00,0.45,0.45,0.44,BAL,25OCT05HOUBAL,-0.55,0.02
2025-09-30 23:00:00,0.47,0.47,0.44,BAL,25OCT05HOUBAL,-0.55,0.02
2025-10-01 00:00:00,0.47,0.47,0.46,BAL,25OCT05HOUBAL,-0.73,0.09
2025-10-01 01:00:00,0.47,0.47,0.46,BAL,25OCT05HOUBAL,-0.46,0.4
2025-10-01 02:00:00,0.47,0.47,0.46,BAL,25OCT05HOUBAL,-0.58,0.06
2025-10-01 03:00:00,0.47,0.47,0.46,BAL,25OCT05HOUBAL,-0.52,0.06
2025-10-01 04:00:00,0.45,0.47,0.45,BAL,25OCT05HOUBAL,-0.52,0.06
2025-10-01 05:00:00,0.47,0.47,0.45,BAL,25OCT05HOUBAL,-0.52,0.06
2025-10-01 06:00:00,0.46,0.47,0.46,BAL,25OCT05HOUBAL,-0.56,0.06
2025-10-01 07:00:00,0.47,0.47,0.46,BAL,25OCT05HOUBAL,-0.56,0.06
2025-10-01 08:00:00,0.47,0.47,0.47,BAL,25OCT05HOUBAL,-0.56,0.06
2025-10-01 09:00:00,0.47,0.47,0.47,BAL,25OCT05HOUBAL,-0.56,0.06
2025-10-01 10:00:00,0.47,0.47,0.47,BAL,25OCT05HOUBAL,-0.56,0.06
2025-10-01 11:00:00,0.47,0.47,0.47,BAL,25OCT05HOUBAL,-0.58,0.02
2025-10-01 12:00:00,0.47,0.47,0.46,BAL,25OCT05HOUBAL,-0.58,0.02
2025-10-01 13:00:00,0.48,0.48,0.47,BAL,25OCT05HOUBAL,-0.64,0.06
2025-10-01 14:00:00,0.48,0.48,0.46,BAL,25OCT05HOUBAL,-0.7,0.1
2025-10-01 15:00:00,0.47,0.47,0.46,BAL,25OCT05HOUBAL,-0.58,0.05
2025-10-01 16:00:00,0.46,0.47,0.46,BAL,25OCT05HOUBAL,-0.52,0.05
2025-10-01 17:00:00,0.47,0.47,0.46,BAL,25OCT05HOUBAL,-0.58,0.05
2025-10-01 18:00:00,0.47,0.48,0.46,BAL,25OCT05HOUBAL,-0.58,0.05
2025-10-01 19:00:00,0.47,0.47,0.46,BAL,25OCT05HOUBAL,-0.51,0.05
2025-10-01 20:00:00,0.47,0.47,0.46,BAL,25OCT05HOUBAL,-0.38,0.65
2025-10-01 21:00:00,0.47,0.47,0.46,BAL,25OCT05HOUBAL,-0.12,0.68
2025-10-01 22:00:00,0.47,0.47,0.46,BAL,25OCT05HOUBAL,-0.46,0.68
2025-10-01 23:00:00,0.47,0.48,0.47,BAL,25OCT05HOUBAL,-0.05,1.04
2025-10-02 00:00:00,0.47,0.47,0.47,BAL,25OCT05HOUBAL,-0.68,1.04
2025-10-02 01:00:00,0.47,0.47,0.46,BAL,25OCT05HOUBAL,0.59,1.04
2025-10-02 02:00:00,0.46,0.47,0.46,BAL,25OCT05HOUBAL,0.59,1.04
2025-10-02 03:00:00,0.46,0.46,0.45,BAL,25OCT05HOUBAL,-0.14,0.7
2025-10-02 04:00:00,0.46,0.46,0.45,BAL,25OCT05HOUBAL,-0.14,0.7
2025-10-02 05:00:00,0.46,0.46,0.45,BAL,25OCT05HOUBAL,0.49,0.7
2025-10-02 06:00:00,0.46,0.46,0.45,BAL,25OCT05HOUBAL,0.49,0.7
2025-10-02 07:00:00,0.46,0.46,0.45,BAL,25OCT05HOUBAL,0.49,0.7
2025-10-02 08:00:00,0.46,0.46,0.45,BAL,25OCT05HOUBAL,0.49,0.7
2025-10-02 09:00:00,0.46,0.46,0.45,BAL,25OCT05HOUBAL,0.49,0.7
2025-10-02 10:00:00,0.46,0.46,0.46,BAL,25OCT05HOUBAL,0.49,0.7
2025-10-02 11:00:00,0.46,0.46,0.46,BAL,25OCT05HOUBAL,0.49,0.7
2025-10-02 12:00:00,0.46,0.46,0.46,BAL,25OCT05HOUBAL,0.49,0.7
2025-10-02 13:00:00,0.46,0.46,0.45,BAL,25OCT05HOUBAL,0.49,0.7
2025-10-02 14:00:00,0.46,0.46,0.45,BAL,25OCT05HOUBAL,0.49,0.7
2025-10-02 15:00:00,0.46,0.46,0.45,BAL,25OCT05HOUBAL,0.02,0.75
2025-10-02 16:00:00,0.46,0.46,0.45,BAL,25OCT05HOUBAL,0.02,0.75
2025-10-02 17:00:00,0.46,0.46,0.45,BAL,25OCT05HOUBAL,0.02,0.75
2025-10-02 18:00:00,0.46,0.46,0.45,BAL,25OCT05HOUBAL,-0.75,0.04
2025-10-02 19:00:00,0.46,0.46,0.45,BAL,25OCT05HOUBAL,-0.49,0.1
2025-10-02 20:00:00,0.46,0.46,0.45,BAL,25OCT05HOUBAL,-0.02,0.74
2025-10-02 21:00:00,0.45,0.46,0.45,BAL,25OCT05HOUBAL,-0.27,0.66
2025-10-02 22:00:00,0.46,0.46,0.45,BAL,25OCT05HOUBAL,0.39,0.7
2025-10-02 23:00:00,0.47,0.47,0.45,BAL,25OCT05HOUBAL,0.22,0.69
2025-10-03 00:00:00,0.45,0.47,0.45,BAL,25OCT05HOUBAL,0.57,0.69
2025-10-03 01:00:00,0.45,0.46,0.44,BAL,25OCT05HOUBAL,0.57,0.69
2025-10-03 02:00:00,0.45,0.45,0.44,BAL,25OCT05HOUBAL,0.57,0.69
2025-10-03 03:00:00,0.45,0.45,0.44,BAL,25OCT05HOUBAL,0.57,0.69
2025-10-03 04:00:00,0.45,0.45,0.44,BAL,25OCT05HOUBAL,0.57,0.69
2025-10-03 05:00:00,0.45,0.45,0.44,BAL,25OCT05HOUBAL,-0.56,0.69
2025-10-03 06:00:00,0.45,0.45,0.45,BAL,25OCT05HOUBAL,-0.56,0.69
2025-10-03 07:00:00,0.44,0.45,0.44,BAL,25OCT05HOUBAL,-0.56,0.69
2025-10-03 08:00:00,0.45,0.45,0.44,BAL,25OCT05HOUBAL,-0.56,0.69
2025-10-03 09:00:00,0.45,0.45,0.44,BAL,25OCT05HOUBAL,-0.56,0.69
2025-10-03 10:00:00,0.45,0.45,0.45,BAL,25OCT05HOUBAL,-0.56,0.69
2025-10-03 11:00:00,0.45,0.45,0.45,BAL,25OCT05HOUBAL,0.62,0.69
2025-10-03 12:00:00,0.45,0.45,0.45,BAL,25OCT05HOUBAL,0.57,0.0
2025-10-03 13:00:00,0.45,0.45,0.44,BAL,25OCT05HOUBAL,0.57,0.0
2025-10-03 14:00:00,0.46,0.46,0.44,BAL,25OCT05HOUBAL,0.57,0.0
2025-10-03 15:00:00,0.45,0.46,0.44,BAL,25OCT05HOUBAL,0.57,0.0
2025-10-03 16:00:00,0.45,0.45,0.44,BAL,25OCT05HOUBAL,0.57,0.0
2025-10-03 17:00:00,0.45,0.45,0.44,BAL,25OCT05HOUBAL,0.57,0.0
2025-10-03 18:00:00,0.45,0.45,0.45,BAL,25OCT05HOUBAL,0.57,0.0
2025-10-03 19:00:00,0.45,0.46,0.44,BAL,25OCT05HOUBAL,0.57,0.0
2025-10-03 20:00:00,0.48,0.48,0.45,BAL,25OCT05HOUBAL,0.57,0.0
2025-10-03 21:00:00,0.47,0.48,0.45,BAL,25OCT05HOUBAL,0.57,0.0
2025-10-03 22:00:00,0.47,0.47,0.46,BAL,25OCT05HOUBAL,0.57,0.0
2025-10-03 23:00:00,0.47,0.47,0.46,BAL,25OCT05HOUBAL,0.57,0.0
2025-10-04 00:00:00,0.47,0.47,0.46,BAL,25OCT05HOUBAL,0.57,0.0
2025-10-04 01:00:00,0.46,0.47,0.46,BAL,25OCT05HOUBAL,0.57,0.0
2025-10-04 02:00:00,0.47,0.47,0.46,BAL,25OCT05HOUBAL,0.57,0.0
2025-10-04 03:00:00,0.47,0.47,0.46,BAL,25OCT05HOUBAL,0.57,0.0
2025-10-04 04:00:00,0.47,0.47,0.46,BAL,25OCT05HOUBAL,0.57,0.0
2025-10-04 05:00:00,0.47,0.47,0.47,BAL,25OCT05HOUBAL,0.57,0.0
2025-10-04 06:00:00,0.47,0.47,0.46,BAL,25OCT05HOUBAL,0.57,0.0
2025-10-04 07:00:00,0.47,0.47,0.46,BAL,25OCT05HOUBAL,0.57,0.0
2025-10-04 08:00:00,0.47,0.47,0.47,BAL,25OCT05HOUBAL,0.57,0.0
2025-10-04 09:00:00,0.47,0.47,0.47,BAL,25OCT05HOUBAL,0.57,0.0
2025-10-04 10:00:00,0.47,0.47,0.47,BAL,25OCT05HOUBAL,0.57,0.0
2025-10-04 11:00:00,0.47,0.47,0.47,BAL,25OCT05HOUBAL,0.57,0.0
2025-10-04 12:00:00,0.47,0.47,0.47,BAL,25OCT05HOUBAL,0.57,0.0
2025-10-04 13:00:00,0.47,0.47,0.46,BAL,25OCT05HOUBAL,0.57,0.0
2025-10-04 14:00:00,0.47,0.47,0.46,BAL,25OCT05HOUBAL,0.57,0.0
2025-10-04 15:00:00,0.47,0.47,0.46,BAL,25OCT05HOUBAL,0.57,0.0
2025-10-04 16:00:00,0.47,0.47,0.46,BAL,25OCT05HOUBAL,0.57,0.0
2025-10-04 17:00:00,0.47,0.47,0.46,BAL,25OCT05HOUBAL,0.72,0.07
2025-10-04 18:00:00,0.46,0.48,0.46,BAL,25OCT05HOUBAL,0.5,0.0
2025-10-04 19:00:00,0.48,0.48,0.46,BAL,25OCT05HOUBAL,0.5,0.0
2025-10-04 20:00:00,0.48,0.48,0.47,BAL,25OCT05HOUBAL,0.5,0.0
2025-10-04 21:00:00,0.48,0.48,0.47,BAL,25OCT05HOUBAL,0.5,0.0
2025-10-04 22:00:00,0.48,0.48,0.47,BAL,25OCT05HOUBAL,0.5,0.0
2025-10-04 23:00:00,0.48,0.48,0.47,BAL,25OCT05HOUBAL,0.42,0.57
2025-10-05 00:00:00,0.48,0.48,0.47,BAL,25OCT05HOUBAL,-0.04,0.68
2025-10-05 01:00:00,0.48,0.49,0.47,BAL,25OCT05HOUBAL,-0.04,0.68
2025-10-05 02:00:00,0.49,0.49,0.47,BAL,25OCT05HOUBAL,-0.5,0.68
2025-10-05 03:00:00,0.49,0.49,0.48,BAL,25OCT05HOUBAL,-0.5,0.68
2025-10-05 04:00:00,0.49,0.49,0.48,BAL,25OCT05HOUBAL,-0.56,0.04
2025-10-05 05:00:00,0.49,0.49,0.48,BAL,25OCT05HOUBAL,-0.51,0.04
2025-10-05 06:00:00,0.49,0.49,0.48,BAL,25OCT05HOUBAL,-0.51,0.04
2025-10-05 07:00:00,0.49,0.49,0.48,BAL,25OCT05HOUBAL,-0.49,0.04
2025-10-05 08:00:00,0.48,0.49,0.48,BAL,25OCT05HOUBAL,-0.51,0.04
2025-10-05 09:00:00,0.49,0.49,0.48,BAL,25OCT05HOUBAL,-0.51,0.04
2025-10-05 10:00:00,0.49,0.49,0.49,BAL,25OCT05HOUBAL,0.49,0.04
2025-10-05 11:00:00,0.49,0.49,0.49,BAL,25OCT05HOUBAL,0.51,0.04
2025-10-05 12:00:00,0.49,0.49,0.48,BAL,25OCT05HOUBAL,0.51,0.04
2025-10-05 13:00:00,0.49,0.49,0.48,BAL,25OCT05HOUBAL,0.51,0.04
2025-10-05 14:00:00,0.48,0.49,0.47,BAL,25OCT05HOUBAL,0.51,0.04
2025-10-05 15:00:00,0.47,0.49,0.46,BAL,25OCT05HOUBAL,0.51,0.04
2025-10-05 16:00:00,0.45,0.47,0.44,BAL,25OCT05HOUBAL,0.51,0.04
2025-10-05 17:00:00,0.45,0.45,0.42,BAL,25OCT05HOUBAL,0.51,0.04
2025-10-05 18:00:00,0.13,0.54,0.13,BAL,25OCT05HOUBAL,-0.51,0.04
2025-10-05 19:00:00,0.01,0.15,0.01,BAL,25OCT05HOUBAL,-0.51,0.04
2025-09-28 21:00:00,0.49,0.49,0.49,NYJ,25OCT05DALNYJ,-0.79,0.04
2025-09-28 22:00:00,0.45,0.45,0.45,NYJ,25OCT05DALNYJ,-0.79,0.04
2025-09-28 23:00:00,0.47,0.47,0.47,NYJ,25OCT05DALNYJ,-0.79,0.04
2025-09-29 00:00:00,0.47,0.47,0.47,NYJ,25OCT05DALNYJ,-0.79,0.04
2025-09-29 01:00:00,0.47,0.47,0.47,NYJ,25OCT05DALNYJ,-0.79,0.04
2025-09-29 02:00:00,0.32,0.5,0.32,NYJ,25OCT05DALNYJ,-0.79,0.04
2025-09-29 03:00:00,0.5,0.5,0.45,NYJ,25OCT05DALNYJ,-0.79,0.04
2025-09-29 04:00:00,0.36,0.5,0.36,NYJ,25OCT05DALNYJ,-0.79,0.04
2025-09-29 05:00:00,0.55,0.55,0.29,NYJ,25OCT05DALNYJ,-0.79,0.04
2025-09-29 06:00:00,0.45,0.45,0.44,NYJ,25OCT05DALNYJ,-0.79,0.04
2025-09-29 07:00:00,0.45,0.45,0.44,NYJ,25OCT05DALNYJ,-0.79,0.04
2025-09-29 08:00:00,0.45,0.45,0.44,NYJ,25OCT05DALNYJ,-0.79,0.04
2025-09-29 09:00:00,0.45,0.45,0.44,NYJ,25OCT05DALNYJ,-0.79,0.04
2025-09-29 10:00:00,0.45,0.45,0.44,NYJ,25OCT05DALNYJ,-0.79,0.04
2025-09-29 11:00:00,0.45,0.45,0.45,NYJ,25OCT05DALNYJ,-0.79,0.04
2025-09-29 12:00:00,0.45,0.45,0.45,NYJ,25OCT05DALNYJ,-0.79,0.04
2025-09-29 13:00:00,0.45,0.45,0.45,NYJ,25OCT05DALNYJ,-0.79,0.04
2025-09-29 14:00:00,0.45,0.45,0.45,NYJ,25OCT05DALNYJ,-0.79,0.04
2025-09-29 15:00:00,0.45,0.45,0.45,NYJ,25OCT05DALNYJ,-0.79,0.04
2025-09-29 16:00:00,0.45,0.45,0.45,NYJ,25OCT05DALNYJ,-0.79,0.04
2025-09-29 17:00:00,0.45,0.45,0.45,NYJ,25OCT05DALNYJ,-0.79,0.04
2025-09-29 18:00:00,0.45,0.45,0.45,NYJ,25OCT05DALNYJ,-0.79,0.04
2025-09-29 19:00:00,0.45,0.45,0.45,NYJ,25OCT05DALNYJ,-0.79,0.04
2025-09-29 20:00:00,0.45,0.45,0.45,NYJ,25OCT05DALNYJ,-0.79,0.04
2025-09-29 21:00:00,0.45,0.45,0.44,NYJ,25OCT05DALNYJ,-0.79,0.04
2025-09-29 22:00:00,0.45,0.45,0.44,NYJ,25OCT05DALNYJ,0.67,0.04
2025-09-29 23:00:00,0.45,0.45,0.45,NYJ,25OCT05DALNYJ,0.67,0.04
2025-09-30 00:00:00,0.45,0.45,0.44,NYJ,25OCT05DALNYJ,0.67,0.04
2025-09-30 01:00:00,0.45,0.45,0.43,NYJ,25OCT05DALNYJ,0.67,0.04
2025-09-30 02:00:00,0.43,0.44,0.41,NYJ,25OCT05DALNYJ,-0.61,0.12
2025-09-30 03:00:00,0.42,0.43,0.33,NYJ,25OCT05DALNYJ,-0.63,0.12
2025-09-30 04:00:00,0.4,0.42,0.27,NYJ,25OCT05DALNYJ,-0.63,0.12
2025-09-30 05:00:00,0.44,0.44,0.42,NYJ,25OCT05DALNYJ,-0.63,0.12
2025-09-30 06:00:00,0.43,0.44,0.43,NYJ,25OCT05DALNYJ,-0.63,0.12
2025-09-30 07:00:00,0.44,0.44,0.44,NYJ,25OCT05DALNYJ,-0.63,0.12
2025-09-30 08:00:00,0.44,0.44,0.44,NYJ,25OCT05DALNYJ,-0.63,0.12
2025-09-30 09:00:00,0.44,0.44,0.44,NYJ,25OCT05DALNYJ,-0.63,0.12
2025-09-30 10:00:00,0.44,0.44,0.43,NYJ,25OCT05DALNYJ,-0.63,0.12
2025-09-30 11:00:00,0.44,0.44,0.44,NYJ,25OCT05DALNYJ,-0.63,0.12
2025-09-30 12:00:00,0.44,0.44,0.44,NYJ,25OCT05DALNYJ,-0.63,0.12
2025-09-30 13:00:00,0.44,0.44,0.43,NYJ,25OCT05DALNYJ,-0.63,0.12
2025-09-30 14:00:00,0.43,0.44,0.42,NYJ,25OCT05DALNYJ,-0.63,0.12
2025-09-30 15:00:00,0.43,0.44,0.42,NYJ,25OCT05DALNYJ,-0.63,0.12
2025-09-30 16:00:00,0.42,0.43,0.42,NYJ,25OCT05DALNYJ,-0.77,0.12
2025-09-30 17:00:00,0.43,0.43,0.42,NYJ,25OCT05DALNYJ,-0.77,0.12
2025-09-30 18:00:00,0.43,0.43,0.42,NYJ,25OCT05DALNYJ,-0.77,0.12
2025-09-30 19:00:00,0.42,0.43,0.42,NYJ,25OCT05DALNYJ,-0.77,0.12
2025-09-30 20:00:00,0.43,0.43,0.42,NYJ,25OCT05DALNYJ,-0.77,0.12
2025-09-30 21:00:00,0.43,0.43,0.42,NYJ,25OCT05DALNYJ,-0.77,0.12
2025-09-30 22:00:00,0.44,0.44,0.44,NYJ,25OCT05DALNYJ,-0.77,0.12
2025-09-30 23:00:00,0.45,0.45,0.44,NYJ,25OCT05DALNYJ,-0.77,0.12
2025-10-01 00:00:00,0.45,0.45,0.44,NYJ,25OCT05DALNYJ,-0.77,0.12
2025-10-01 01:00:00,0.44,0.45,0.44,NYJ,25OCT05DALNYJ,-0.77,0.12
2025-10-01 02:00:00,0.44,0.44,0.43,NYJ,25OCT05DALNYJ,-0.77,0.12
2025-10-01 03:00:00,0.44,0.44,0.44,NYJ,25OCT05DALNYJ,-0.77,0.12
2025-10-01 04:00:00,0.44,0.44,0.44,NYJ,25OCT05DALNYJ,-0.77,0.12
2025-10-01 05:00:00,0.44,0.44,0.44,NYJ,25OCT05DALNYJ,-0.77,0.12
2025-10-01 06:00:00,0.44,0.44,0.43,NYJ,25OCT05DALNYJ,-0.77,0.12
2025-10-01 07:00:00,0.44,0.44,0.43,NYJ,25OCT05DALNYJ,-0.77,0.12
2025-10-01 08:00:00,0.44,0.44,0.43,NYJ,25OCT05DALNYJ,-0.77,0.12
2025-10-01 09:00:00,0.44,0.44,0.44,NYJ,25OCT05DALNYJ,-0.77,0.12
2025-10-01 10:00:00,0.44,0.44,0.44,NYJ,25OCT05DALNYJ,-0.77,0.12
2025-10-01 11:00:00,0.44,0.44,0.44,NYJ,25OCT05DALNYJ,-0.77,0.12
2025-10-01 12:00:00,0.44,0.44,0.44,NYJ,25OCT05DALNYJ,-0.77,0.12
2025-10-01 13:00:00,0.44,0.44,0.44,NYJ,25OCT05DALNYJ,-0.77,0.12
2025-10-01 14:00:00,0.44,0.44,0.44,NYJ,25OCT05DALNYJ,-0.77,0.12
2025-10-01 15:00:00,0.44,0.44,0.44,NYJ,25OCT05DALNYJ,-0.77,0.12
2025-10-01 16:00:00,0.44,0.44,0.43,NYJ,25OCT05DALNYJ,-0.77,0.12
2025-10-01 17:00:00,0.44,0.44,0.43,NYJ,25OCT05DALNYJ,-0.77,0.12
2025-10-01 18:00:00,0.44,0.45,0.43,NYJ,25OCT05DALNYJ,-0.77,0.12
2025-10-01 19:00:00,0.44,0.44,0.43,NYJ,25OCT05DALNYJ,0.55,0.12
2025-10-01 20:00:00,0.44,0.44,0.43,NYJ,25OCT05DALNYJ,0.55,0.12
2025-10-01 21:00:00,0.44,0.44,0.44,NYJ,25OCT05DALNYJ,0.55,0.12
2025-10-01 22:00:00,0.43,0.44,0.43,NYJ,25OCT05DALNYJ,0.55,0.12
2025-10-01 23:00:00,0.44,0.44,0.44,NYJ,25OCT05DALNYJ,0.55,0.12
2025-10-02 00:00:00,0.44,0.44,0.44,NYJ,25OCT05DALNYJ,0.55,0.12
2025-10-02 01:00:00,0.44,0.44,0.44,NYJ,25OCT05DALNYJ,0.55,0.12
2025-10-02 02:00:00,0.44,0.44,0.43,NYJ,25OCT05DALNYJ,0.55,0.12
2025-10-02 03:00:00,0.44,0.44,0.44,NYJ,25OCT05DALNYJ,0.55,0.12
2025-10-02 04:00:00,0.44,0.44,0.44,NYJ,25OCT05DALNYJ,0.55,0.12
2025-10-02 05:00:00,0.45,0.45,0.43,NYJ,25OCT05DALNYJ,0.55,0.12
2025-10-02 06:00:00,0.45,0.45,0.44,NYJ,25OCT05DALNYJ,0.55,0.12
2025-10-02 07:00:00,0.45,0.45,0.45,NYJ,25OCT05DALNYJ,0.55,0.12
2025-10-02 08:00:00,0.45,0.45,0.45,NYJ,25OCT05DALNYJ,0.55,0.12
2025-10-02 09:00:00,0.45,0.45,0.45,NYJ,25OCT05DALNYJ,0.55,0.12
2025-10-02 10:00:00,0.45,0.45,0.45,NYJ,25OCT05DALNYJ,0.55,0.12
2025-10-02 11:00:00,0.45,0.45,0.45,NYJ,25OCT05DALNYJ,0.55,0.12
2025-10-02 12:00:00,0.45,0.45,0.45,NYJ,25OCT05DALNYJ,0.55,0.12
2025-10-02 13:00:00,0.45,0.45,0.45,NYJ,25OCT05DALNYJ,0.55,0.12
2025-10-02 14:00:00,0.45,0.45,0.44,NYJ,25OCT05DALNYJ,0.55,0.12
2025-10-02 15:00:00,0.45,0.45,0.43,NYJ,25OCT05DALNYJ,0.55,0.12
2025-10-02 16:00:00,0.44,0.45,0.43,NYJ,25OCT05DALNYJ,0.55,0.12
2025-10-02 17:00:00,0.44,0.44,0.43,NYJ,25OCT05DALNYJ,0.55,0.12
2025-10-02 18:00:00,0.44,0.44,0.43,NYJ,25OCT05DALNYJ,-0.61,0.12
2025-10-02 19:00:00,0.44,0.44,0.44,NYJ,25OCT05DALNYJ,-0.61,0.12
2025-10-02 20:00:00,0.44,0.44,0.44,NYJ,25OCT05DALNYJ,-0.61,0.12
2025-10-02 21:00:00,0.44,0.44,0.44,NYJ,25OCT05DALNYJ,-0.61,0.12
2025-10-02 22:00:00,0.43,0.44,0.43,NYJ,25OCT05DALNYJ,-0.61,0.12
2025-10-02 23:00:00,0.44,0.44,0.43,NYJ,25OCT05DALNYJ,-0.61,0.12
2025-10-03 00:00:00,0.43,0.44,0.43,NYJ,25OCT05DALNYJ,-0.61,0.12
2025-10-03 01:00:00,0.44,0.44,0.44,NYJ,25OCT05DALNYJ,-0.61,0.12
2025-10-03 02:00:00,0.44,0.44,0.44,NYJ,25OCT05DALNYJ,-0.61,0.12
2025-10-03 03:00:00,0.43,0.44,0.43,NYJ,25OCT05DALNYJ,-0.61,0.12
2025-10-03 04:00:00,0.44,0.44,0.43,NYJ,25OCT05DALNYJ,-0.61,0.12
2025-10-03 05:00:00,0.44,0.44,0.44,NYJ,25OCT05DALNYJ,-0.61,0.12
2025-10-03 06:00:00,0.43,0.44,0.43,NYJ,25OCT05DALNYJ,-0.61,0.12
2025-10-03 07:00:00,0.44,0.44,0.43,NYJ,25OCT05DALNYJ,-0.61,0.12
2025-10-03 08:00:00,0.44,0.44,0.43,NYJ,25OCT05DALNYJ,-0.61,0.12
2025-10-03 09:00:00,0.44,0.44,0.43,NYJ,25OCT05DALNYJ,-0.61,0.12
2025-10-03 10:00:00,0.44,0.44,0.44,NYJ,25OCT05DALNYJ,-0.61,0.12
2025-10-03 11:00:00,0.44,0.44,0.44,NYJ,25OCT05DALNYJ,-0.61,0.12
2025-10-03 12:00:00,0.44,0.44,0.44,NYJ,25OCT05DALNYJ,-0.61,0.12
2025-10-03 13:00:00,0.44,0.44,0.43,NYJ,25OCT05DALNYJ,-0.61,0.12
2025-10-03 14:00:00,0.43,0.44,0.43,NYJ,25OCT05DALNYJ,-0.61,0.12
2025-10-03 15:00:00,0.45,0.45,0.43,NYJ,25OCT05DALNYJ,-0.61,0.12
2025-10-03 16:00:00,0.45,0.45,0.45,NYJ,25OCT05DALNYJ,-0.61,0.12
2025-10-03 17:00:00,0.44,0.45,0.44,NYJ,25OCT05DALNYJ,-0.61,0.12
2025-10-03 18:00:00,0.45,0.45,0.45,NYJ,25OCT05DALNYJ,-0.61,0.12
2025-10-03 19:00:00,0.45,0.45,0.44,NYJ,25OCT05DALNYJ,-0.61,0.12
2025-10-03 20:00:00,0.45,0.45,0.44,NYJ,25OCT05DALNYJ,-0.6,0.12
2025-10-03 21:00:00,0.45,0.45,0.44,NYJ,25OCT05DALNYJ,-0.6,0.12
2025-10-03 22:00:00,0.46,0.46,0.45,NYJ,25OCT05DALNYJ,-0.6,0.12
2025-10-03 23:00:00,0.46,0.46,0.45,NYJ,25OCT05DALNYJ,-0.6,0.12
2025-10-04 00:00:00,0.46,0.46,0.45,NYJ,25OCT05DALNYJ,-0.65,0.12
2025-10-04 01:00:00,0.46,0.46,0.45,NYJ,25OCT05DALNYJ,-0.65,0.12
2025-10-04 02:00:00,0.46,0.47,0.46,NYJ,25OCT05DALNYJ,-0.65,0.12
2025-10-04 03:00:00,0.45,0.46,0.45,NYJ,25OCT05DALNYJ,-0.65,0.12
2025-10-04 04:00:00,0.46,0.46,0.46,NYJ,25OCT05DALNYJ,-0.65,0.12
2025-10-04 05:00:00,0.46,0.47,0.45,NYJ,25OCT05DALNYJ,-0.65,0.12
2025-10-04 06:00:00,0.46,0.46,0.46,NYJ,25OCT05DALNYJ,-0.65,0.12
2025-10-04 07:00:00,0.46,0.46,0.45,NYJ,25OCT05DALNYJ,-0.65,0.12
2025-10-04 08:00:00,0.46,0.46,0.45,NYJ,25OCT05DALNYJ,-0.65,0.12
2025-10-04 09:00:00,0.46,0.46,0.45,NYJ,25OCT05DALNYJ,-0.65,0.12
2025-10-04 10:00:00,0.46,0.46,0.45,NYJ,25OCT05DALNYJ,-0.65,0.12
2025-10-04 11:00:00,0.46,0.46,0.45,NYJ,25OCT05DALNYJ,-0.65,0.12
2025-10-04 12:00:00,0.46,0.46,0.46,NYJ,25OCT05DALNYJ,-0.65,0.12
2025-10-04 13:00:00,0.46,0.46,0.45,NYJ,25OCT05DALNYJ,-0.65,0.12
2025-10-04 14:00:00,0.46,0.46,0.45,NYJ,25OCT05DALNYJ,-0.65,0.12
2025-10-04 15:00:00,0.46,0.47,0.46,NYJ,25OCT05DALNYJ,-0.65,0.12
2025-10-04 16:00:00,0.47,0.47,0.46,NYJ,25OCT05DALNYJ,-0.65,0.12
2025-10-04 17:00:00,0.48,0.48,0.47,NYJ,25OCT05DALNYJ,-0.7,0.12
2025-10-04 18:00:00,0.48,0.48,0.48,NYJ,25OCT05DALNYJ,-0.7,0.12
2025-10-04 19:00:00,0.48,0.48,0.48,NYJ,25OCT05DALNYJ,-0.7,0.12
2025-10-04 20:00:00,0.48,0.48,0.48,NYJ,25OCT05DALNYJ,-0.65,0.12
2025-10-04 21:00:00,0.48,0.48,0.47,NYJ,25OCT05DALNYJ,-0.63,0.12
2025-10-04 22:00:00,0.48,0.48,0.47,NYJ,25OCT05DALNYJ,-0.63,0.12
2025-10-04 23:00:00,0.48,0.48,0.47,NYJ,25OCT05DALNYJ,-0.63,0.12
2025-10-05 00:00:00,0.48,0.48,0.47,NYJ,25OCT05DALNYJ,-0.63,0.12
2025-10-05 01:00:00,0.48,0.48,0.47,NYJ,25OCT05DALNYJ,-0.63,0.12
2025-10-05 02:00:00,0.49,0.5,0.48,NYJ,25OCT05DALNYJ,-0.63,0.12
2025-10-05 03:00:00,0.48,0.49,0.48,NYJ,25OCT05DALNYJ,-0.63,0.12
2025-10-05 04:00:00,0.49,0.49,0.47,NYJ,25OCT05DALNYJ,-0.63,0.12
2025-10-05 05:00:00,0.49,0.49,0.48,NYJ,25OCT05DALNYJ,-0.63,0.12
2025-10-05 06:00:00,0.49,0.49,0.47,NYJ,25OCT05DALNYJ,-0.63,0.12
2025-10-05 07:00:00,0.47,0.49,0.47,NYJ,25OCT05DALNYJ,-0.63,0.12
2025-10-05 08:00:00,0.48,0.48,0.48,NYJ,25OCT05DALNYJ,-0.63,0.12
2025-10-05 09:00:00,0.49,0.49,0.47,NYJ,25OCT05DALNYJ,-0.63,0.12
2025-10-05 10:00:00,0.49,0.49,0.49,NYJ,25OCT05DALNYJ,-0.63,0.12
2025-10-05 11:00:00,0.49,0.49,0.49,NYJ,25OCT05DALNYJ,-0.63,0.12
2025-10-05 12:00:00,0.49,0.49,0.49,NYJ,25OCT05DALNYJ,-0.63,0.12
2025-10-05 13:00:00,0.48,0.49,0.47,NYJ,25OCT05DALNYJ,-0.63,0.12
2025-10-05 14:00:00,0.48,0.48,0.47,NYJ,25OCT05DALNYJ,-0.63,0.12
2025-10-05 15:00:00,0.49,0.49,0.47,NYJ,25OCT05DALNYJ,-0.63,0.12
2025-10-05 16:00:00,0.51,0.51,0.47,NYJ,25OCT05DALNYJ,-0.63,0.12
2025-10-05 17:00:00,0.54,0.55,0.51,NYJ,25OCT05DALNYJ,-0.61,0.12
2025-10-05 18:00:00,0.31,0.62,0.23,NYJ,25OCT05DALNYJ,-0.79,0.04
2025-10-05 19:00:00,0.03,0.39,0.02,NYJ,25OCT05DALNYJ,-0.65,0.1
2025-10-05 20:00:00,0.01,0.05,0.01,NYJ,25OCT05DALNYJ,-0.74,0.1
2025-09-29 03:00:00,0.59,0.6,0.05,DAL,25OCT05DALNYJ,0.35,0.87
2025-09-29 04:00:00,0.68,0.72,0.37,DAL,25OCT05DALNYJ,0.28,0.77
2025-09-29 05:00:00,0.56,0.74,0.52,DAL,25OCT05DALNYJ,0.7,0.77
2025-09-29 06:00:00,0.56,0.56,0.55,DAL,25OCT05DALNYJ,0.43,0.77
2025-09-29 07:00:00,0.56,0.56,0.56,DAL,25OCT05DALNYJ,0.43,0.77
2025-09-29 08:00:00,0.56,0.56,0.56,DAL,25OCT05DALNYJ,0.43,0.77
2025-09-29 09:00:00,0.56,0.56,0.56,DAL,25OCT05DALNYJ,0.43,0.77
2025-09-29 10:00:00,0.56,0.56,0.56,DAL,25OCT05DALNYJ,0.43,0.77
2025-09-29 11:00:00,0.56,0.56,0.56,DAL,25OCT05DALNYJ,0.43,0.77
2025-09-29 12:00:00,0.56,0.56,0.56,DAL,25OCT05DALNYJ,0.64,0.77
2025-09-29 13:00:00,0.56,0.56,0.56,DAL,25OCT05DALNYJ,-0.52,0.1
2025-09-29 14:00:00,0.56,0.56,0.55,DAL,25OCT05DALNYJ,-0.29,0.49
2025-09-29 15:00:00,0.56,0.56,0.56,DAL,25OCT05DALNYJ,-0.19,0.59
2025-09-29 16:00:00,0.56,0.56,0.56,DAL,25OCT05DALNYJ,-0.55,0.07
2025-09-29 17:00:00,0.56,0.56,0.56,DAL,25OCT05DALNYJ,-0.55,0.07
2025-09-29 18:00:00,0.56,0.56,0.56,DAL,25OCT05DALNYJ,-0.16,0.67
2025-09-29 19:00:00,0.56,0.56,0.56,DAL,25OCT05DALNYJ,0.55,0.67
2025-09-29 20:00:00,0.56,0.56,0.56,DAL,25OCT05DALNYJ,0.55,0.67
2025-09-29 21:00:00,0.56,0.56,0.56,DAL,25OCT05DALNYJ,-0.49,0.67
2025-09-29 22:00:00,0.56,0.56,0.56,DAL,25OCT05DALNYJ,0.1,0.77
2025-09-29 23:00:00,0.56,0.56,0.56,DAL,25OCT05DALNYJ,0.1,0.77
2025-09-30 00:00:00,0.58,0.58,0.56,DAL,25OCT05DALNYJ,0.1,0.77
2025-09-30 01:00:00,0.58,0.58,0.57,DAL,25OCT05DALNYJ,-0.52,0.77
2025-09-30 02:00:00,0.6,0.61,0.57,DAL,25OCT05DALNYJ,-0.52,0.77
2025-09-30 03:00:00,0.72,0.72,0.58,DAL,25OCT05DALNYJ,0.03,0.68
2025-09-30 04:00:00,0.62,0.73,0.61,DAL,25OCT05DALNYJ,0.03,0.68
2025-09-30 05:00:00,0.59,0.61,0.58,DAL,25OCT05DALNYJ,0.03,0.68
2025-09-30 06:00:00,0.59,0.59,0.58,DAL,25OCT05DALNYJ,0.03,0.68
2025-09-30 07:00:00,0.59,0.59,0.59,DAL,25OCT05DALNYJ,0.03,0.68
2025-09-30 08:00:00,0.59,0.59,0.59,DAL,25OCT05DALNYJ,0.03,0.68
2025-09-30 09:00:00,0.59,0.59,0.59,DAL,25OCT05DALNYJ,0.03,0.68
2025-09-30 10:00:00,0.59,0.59,0.59,DAL,25OCT05DALNYJ,0.03,0.68
2025-09-30 11:00:00,0.59,0.59,0.59,DAL,25OCT05DALNYJ,0.03,0.68
2025-09-30 12:00:00,0.59,0.59,0.59,DAL,25OCT05DALNYJ,0.03,0.68
2025-09-30 13:00:00,0.59,0.59,0.59,DAL,25OCT05DALNYJ,0.03,0.68
2025-09-30 14:00:00,0.58,0.59,0.58,DAL,25OCT05DALNYJ,0.55,0.68
2025-09-30 15:00:00,0.58,0.58,0.57,DAL,25OCT05DALNYJ,0.41,0.68
2025-09-30 16:00:00,0.59,0.59,0.57,DAL,25OCT05DALNYJ,0.41,0.68
2025-09-30 17:00:00,0.59,0.59,0.58,DAL,25OCT05DALNYJ,0.41,0.68
2025-09-30 18:00:00,0.59,0.59,0.58,DAL,25OCT05DALNYJ,0.41,0.68
2025-09-30 19:00:00,0.59,0.59,0.59,DAL,25OCT05DALNYJ,0.41,0.68
2025-09-30 20:00:00,0.59,0.59,0.59,DAL,25OCT05DALNYJ,-0.57,0.68
2025-09-30 21:00:00,0.59,0.59,0.59,DAL,25OCT05DALNYJ,-0.57,0.68
2025-09-30 22:00:00,0.57,0.59,0.56,DAL,25OCT05DALNYJ,-0.57,0.68
2025-09-30 23:00:00,0.57,0.57,0.56,DAL,25OCT05DALNYJ,-0.6,0.68
2025-10-01 00:00:00,0.57,0.57,0.57,DAL,25OCT05DALNYJ,-0.6,0.68
2025-10-01 01:00:00,0.57,0.57,0.56,DAL,25OCT05DALNYJ,-0.6,0.68
2025-10-01 02:00:00,0.57,0.57,0.56,DAL,25OCT05DALNYJ,-0.6,0.68
2025-10-01 03:00:00,0.57,0.57,0.56,DAL,25OCT05DALNYJ,-0.6,0.68
2025-10-01 04:00:00,0.57,0.57,0.57,DAL,25OCT05DALNYJ,-0.6,0.68
2025-10-01 05:00:00,0.57,0.57,0.57,DAL,25OCT05DALNYJ,-0.6,0.68
2025-10-01 06:00:00,0.57,0.57,0.57,DAL,25OCT05DALNYJ,-0.6,0.68
2025-10-01 07:00:00,0.57,0.57,0.57,DAL,25OCT05DALNYJ,-0.6,0.68
2025-10-01 08:00:00,0.57,0.57,0.57,DAL,25OCT05DALNYJ,0.35,0.68
2025-10-01 09:00:00,0.57,0.57,0.57,DAL,25OCT05DALNYJ,0.35,0.68
2025-10-01 10:00:00,0.57,0.57,0.57,DAL,25OCT05DALNYJ,0.35,0.68
2025-10-01 11:00:00,0.57,0.57,0.57,DAL,25OCT05DALNYJ,0.35,0.68
2025-10-01 12:00:00,0.57,0.57,0.56,DAL,25OCT05DALNYJ,0.35,0.68
2025-10-01 13:00:00,0.57,0.57,0.56,DAL,25OCT05DALNYJ,0.35,0.68
2025-10-01 14:00:00,0.57,0.57,0.57,DAL,25OCT05DALNYJ,-0.66,0.68
2025-10-01 15:00:00,0.57,0.57,0.57,DAL,25OCT05DALNYJ,-0.66,0.68
2025-10-01 16:00:00,0.57,0.57,0.57,DAL,25OCT05DALNYJ,-0.66,0.68
2025-10-01 17:00:00,0.57,0.57,0.57,DAL,25OCT05DALNYJ,-0.66,0.68
2025-10-01 18:00:00,0.57,0.57,0.57,DAL,25OCT05DALNYJ,-0.49,0.68
2025-10-01 19:00:00,0.56,0.57,0.56,DAL,25OCT05DALNYJ,-0.49,0.68
2025-10-01 20:00:00,0.57,0.57,0.56,DAL,25OCT05DALNYJ,0.51,0.68
2025-10-01 21:00:00,0.57,0.57,0.57,DAL,25OCT05DALNYJ,0.51,0.68
2025-10-01 22:00:00,0.57,0.57,0.56,DAL,25OCT05DALNYJ,0.51,0.68
2025-10-01 23:00:00,0.57,0.57,0.57,DAL,25OCT05DALNYJ,0.51,0.68
2025-10-02 00:00:00,0.57,0.57,0.57,DAL,25OCT05DALNYJ,0.51,0.68
2025-10-02 01:00:00,0.57,0.57,0.57,DAL,25OCT05DALNYJ,0.51,0.68
2025-10-02 02:00:00,0.57,0.57,0.56,DAL,25OCT05DALNYJ,0.51,0.68
2025-10-02 03:00:00,0.57,0.57,0.56,DAL,25OCT05DALNYJ,0.51,0.68
2025-10-02 04:00:00,0.57,0.57,0.56,DAL,25OCT05DALNYJ,0.51,0.68
2025-10-02 05:00:00,0.57,0.57,0.57,DAL,25OCT05DALNYJ,0.51,0.68
2025-10-02 06:00:00,0.57,0.57,0.56,DAL,25OCT05DALNYJ,0.51,0.68
2025-10-02 07:00:00,0.57,0.57,0.57,DAL,25OCT05DALNYJ,0.51,0.68
2025-10-02 08:00:00,0.57,0.57,0.57,DAL,25OCT05DALNYJ,0.51,0.68
2025-10-02 09:00:00,0.57,0.57,0.57,DAL,25OCT05DALNYJ,0.51,0.68
2025-10-02 10:00:00,0.57,0.57,0.57,DAL,25OCT05DALNYJ,0.51,0.68
2025-10-02 11:00:00,0.57,0.57,0.57,DAL,25OCT05DALNYJ,0.51,0.68
2025-10-02 12:00:00,0.57,0.57,0.57,DAL,25OCT05DALNYJ,0.51,0.68
2025-10-02 13:00:00,0.57,0.57,0.57,DAL,25OCT05DALNYJ,0.51,0.68
2025-10-02 14:00:00,0.57,0.57,0.56,DAL,25OCT05DALNYJ,-0.48,0.68
2025-10-02 15:00:00,0.57,0.57,0.56,DAL,25OCT05DALNYJ,-0.48,0.68
2025-10-02 16:00:00,0.57,0.57,0.56,DAL,25OCT05DALNYJ,-0.48,0.68
2025-10-02 17:00:00,0.57,0.57,0.56,DAL,25OCT05DALNYJ,-0.48,0.68
2025-10-02 18:00:00,0.57,0.57,0.56,DAL,25OCT05DALNYJ,-0.48,0.68
2025-10-02 19:00:00,0.57,0.57,0.57,DAL,25OCT05DALNYJ,-0.48,0.68
2025-10-02 20:00:00,0.57,0.57,0.56,DAL,25OCT05DALNYJ,-0.48,0.68
2025-10-02 21:00:00,0.57,0.57,0.56,DAL,25OCT05DALNYJ,-0.48,0.68
2025-10-02 22:00:00,0.57,0.57,0.56,DAL,25OCT05DALNYJ,-0.48,0.68
2025-10-02 23:00:00,0.57,0.57,0.56,DAL,25OCT05DALNYJ,-0.48,0.68
2025-10-03 00:00:00,0.57,0.57,0.56,DAL,25OCT05DALNYJ,-0.48,0.68
2025-10-03 01:00:00,0.56,0.57,0.56,DAL,25OCT05DALNYJ,-0.48,0.68
2025-10-03 02:00:00,0.56,0.57,0.56,DAL,25OCT05DALNYJ,-0.48,0.68
2025-10-03 03:00:00,0.57,0.57,0.56,DAL,25OCT05DALNYJ,-0.48,0.68
2025-10-03 04:00:00,0.57,0.57,0.56,DAL,25OCT05DALNYJ,-0.48,0.68
2025-10-03 05:00:00,0.57,0.57,0.56,DAL,25OCT05DALNYJ,-0.48,0.68
2025-10-03 06:00:00,0.57,0.57,0.57,DAL,25OCT05DALNYJ,-0.48,0.68
2025-10-03 07:00:00,0.57,0.57,0.57,DAL,25OCT05DALNYJ,-0.48,0.68
2025-10-03 08:00:00,0.57,0.57,0.57,DAL,25OCT05DALNYJ,-0.48,0.68
2025-10-03 09:00:00,0.57,0.57,0.57,DAL,25OCT05DALNYJ,-0.48,0.68
2025-10-03 10:00:00,0.57,0.57,0.57,DAL,25OCT05DALNYJ,-0.48,0.68
2025-10-03 11:00:00,0.57,0.57,0.56,DAL,25OCT05DALNYJ,-0.48,0.68
2025-10-03 12:00:00,0.57,0.57,0.57,DAL,25OCT05DALNYJ,-0.48,0.68
2025-10-03 13:00:00,0.57,0.57,0.56,DAL,25OCT05DALNYJ,-0.48,0.68
2025-10-03 14:00:00,0.57,0.57,0.56,DAL,25OCT05DALNYJ,-0.48,0.68
2025-10-03 15:00:00,0.57,0.57,0.56,DAL,25OCT05DALNYJ,-0.48,0.68
2025-10-03 16:00:00,0.57,0.57,0.56,DAL,25OCT05DALNYJ,-0.48,0.68
2025-10-03 17:00:00,0.57,0.57,0.56,DAL,25OCT05DALNYJ,-0.48,0.68
2025-10-03 18:00:00,0.57,0.57,0.56,DAL,25OCT05DALNYJ,-0.48,0.68
2025-10-03 19:00:00,0.56,0.57,0.56,DAL,25OCT05DALNYJ,-0.48,0.68
2025-10-03 20:00:00,0.57,0.57,0.56,DAL,25OCT05DALNYJ,-0.48,0.68
2025-10-03 21:00:00,0.55,0.57,0.55,DAL,25OCT05DALNYJ,-0.48,0.68
2025-10-03 22:00:00,0.55,0.56,0.54,DAL,25OCT05DALNYJ,-0.48,0.68
2025-10-03 23:00:00,0.55,0.55,0.54,DAL,25OCT05DALNYJ,-0.48,0.68
2025-10-04 00:00:00,0.55,0.55,0.54,DAL,25OCT05DALNYJ,-0.48,0.68
2025-10-04 01:00:00,0.55,0.55,0.54,DAL,25OCT05DALNYJ,-0.48,0.68
2025-10-04 02:00:00,0.55,0.55,0.54,DAL,25OCT05DALNYJ,-0.48,0.68
2025-10-04 03:00:00,0.55,0.55,0.54,DAL,25OCT05DALNYJ,-0.48,0.68
2025-10-04 04:00:00,0.54,0.55,0.54,DAL,25OCT05DALNYJ,-0.48,0.68
2025-10-04 05:00:00,0.55,0.55,0.53,DAL,25OCT05DALNYJ,-0.48,0.68
2025-10-04 06:00:00,0.55,0.55,0.54,DAL,25OCT05DALNYJ,-0.48,0.68
2025-10-04 07:00:00,0.55,0.55,0.54,DAL,25OCT05DALNYJ,-0.48,0.68
2025-10-04 08:00:00,0.55,0.55,0.54,DAL,25OCT05DALNYJ,-0.48,0.68
2025-10-04 09:00:00,0.55,0.55,0.54,DAL,25OCT05DALNYJ,-0.48,0.68
2025-10-04 10:00:00,0.54,0.55,0.54,DAL,25OCT05DALNYJ,-0.48,0.68
2025-10-04 11:00:00,0.55,0.55,0.55,DAL,25OCT05DALNYJ,-0.48,0.68
2025-10-04 12:00:00,0.55,0.55,0.55,DAL,25OCT05DALNYJ,-0.48,0.68
2025-10-04 13:00:00,0.54,0.55,0.54,DAL,25OCT05DALNYJ,-0.48,0.68
2025-10-04 14:00:00,0.55,0.55,0.54,DAL,25OCT05DALNYJ,-0.48,0.68
2025-10-04 15:00:00,0.54,0.55,0.53,DAL,25OCT05DALNYJ,-0.48,0.68
2025-10-04 16:00:00,0.54,0.54,0.53,DAL,25OCT05DALNYJ,-0.48,0.68
2025-10-04 17:00:00,0.53,0.54,0.52,DAL,25OCT05DALNYJ,-0.48,0.68
2025-10-04 18:00:00,0.53,0.53,0.52,DAL,25OCT05DALNYJ,-0.48,0.68
2025-10-04 19:00:00,0.53,0.53,0.53,DAL,25OCT05DALNYJ,-0.48,0.68
2025-10-04 20:00:00,0.53,0.53,0.52,DAL,25OCT05DALNYJ,-0.48,0.68
2025-10-04 21:00:00,0.53,0.53,0.52,DAL,25OCT05DALNYJ,-0.48,0.68
2025-10-04 22:00:00,0.53,0.53,0.52,DAL,25OCT05DALNYJ,-0.48,0.68
2025-10-04 23:00:00,0.52,0.53,0.52,DAL,25OCT05DALNYJ,-0.48,0.68
2025-10-05 00:00:00,0.53,0.53,0.52,DAL,25OCT05DALNYJ,-0.48,0.68
2025-10-05 01:00:00,0.53,0.53,0.52,DAL,25OCT05DALNYJ,-0.48,0.68
2025-10-05 02:00:00,0.52,0.53,0.51,DAL,25OCT05DALNYJ,-0.48,0.68
2025-10-05 03:00:00,0.52,0.52,0.52,DAL,25OCT05DALNYJ,-0.47,0.68
2025-10-05 04:00:00,0.52,0.52,0.51,DAL,25OCT05DALNYJ,-0.47,0.68
2025-10-05 05:00:00,0.52,0.52,0.51,DAL,25OCT05DALNYJ,-0.47,0.68
2025-10-05 06:00:00,0.52,0.53,0.51,DAL,25OCT05DALNYJ,-0.47,0.68
2025-10-05 07:00:00,0.53,0.54,0.51,DAL,25OCT05DALNYJ,-0.47,0.68
2025-10-05 08:00:00,0.53,0.53,0.52,DAL,25OCT05DALNYJ,-0.47,0.68
2025-10-05 09:00:00,0.53,0.53,0.52,DAL,25OCT05DALNYJ,-0.47,0.68
2025-10-05 10:00:00,0.53,0.53,0.53,DAL,25OCT05DALNYJ,-0.47,0.68
2025-10-05 11:00:00,0.53,0.53,0.53,DAL,25OCT05DALNYJ,-0.47,0.68
2025-10-05 12:00:00,0.53,0.53,0.52,DAL,25OCT05DALNYJ,-0.47,0.68
2025-10-05 13:00:00,0.53,0.53,0.52,DAL,25OCT05DALNYJ,-0.47,0.68
2025-10-05 14:00:00,0.53,0.53,0.52,DAL,25OCT05DALNYJ,-0.47,0.68
2025-10-05 15:00:00,0.52,0.53,0.51,DAL,25OCT05DALNYJ,-0.47,0.68
2025-10-05 16:00:00,0.5,0.53,0.49,DAL,25OCT05DALNYJ,-0.47,0.68
2025-10-05 17:00:00,0.48,0.5,0.45,DAL,25OCT05DALNYJ,-0.47,0.68
2025-10-05 18:00:00,0.71,0.77,0.38,DAL,25OCT05DALNYJ,0.47,0.13
2025-10-05 19:00:00,0.97,0.97,0.62,DAL,25OCT05DALNYJ,-0.5,0.13
2025-10-05 20:00:00,0.99,0.99,0.95,DAL,25OCT05DALNYJ,-0.5,0.13
2025-09-28 17:00:00,0.42,0.71,0.31,CLE,25OCT05MINCLE,-0.35,0.49
2025-09-28 18:00:00,0.42,0.71,0.31,CLE,25OCT05MINCLE,-0.35,0.49
2025-09-28 19:00:00,0.96,0.96,0.96,CLE,25OCT05MINCLE,-0.56,0.12
2025-09-28 20:00:00,0.96,0.96,0.96,CLE,25OCT05MINCLE,0.06,0.72
2025-09-28 21:00:00,0.04,0.04,0.04,CLE,25OCT05MINCLE,-0.59,0.05
2025-09-28 22:00:00,0.54,0.54,0.54,CLE,25OCT05MINCLE,-0.59,0.05
2025-09-28 23:00:00,0.33,0.55,0.32,CLE,25OCT05MINCLE,-0.59,0.05
2025-09-29 00:00:00,0.35,0.35,0.33,CLE,25OCT05MINCLE,0.6,0.05
2025-09-29 01:00:00,0.35,0.35,0.35,CLE,25OCT05MINCLE,0.6,0.05
2025-09-29 02:00:00,0.35,0.35,0.35,CLE,25OCT05MINCLE,0.6,0.05
2025-09-29 03:00:00,0.35,0.35,0.35,CLE,25OCT05MINCLE,0.6,0.05
2025-09-29 04:00:00,0.35,0.35,0.34,CLE,25OCT05MINCLE,0.6,0.05
2025-09-29 05:00:00,0.37,0.37,0.35,CLE,25OCT05MINCLE,0.6,0.05
2025-09-29 06:00:00,0.37,0.37,0.37,CLE,25OCT05MINCLE,0.6,0.05
2025-09-29 07:00:00,0.34,0.35,0.34,CLE,25OCT05MINCLE,0.6,0.05
2025-09-29 08:00:00,0.34,0.35,0.34,CLE,25OCT05MINCLE,0.6,0.05
2025-09-29 09:00:00,0.35,0.35,0.35,CLE,25OCT05MINCLE,0.6,0.05
2025-09-29 10:00:00,0.35,0.35,0.35,CLE,25OCT05MINCLE,0.6,0.05
2025-09-29 11:00:00,0.35,0.35,0.35,CLE,25OCT05MINCLE,0.6,0.05
2025-09-29 12:00:00,0.35,0.35,0.35,CLE,25OCT05MINCLE,0.6,0.05
2025-09-29 13:00:00,0.37,0.37,0.35,CLE,25OCT05MINCLE,-0.58,0.11
2025-09-29 14:00:00,0.37,0.37,0.37,CLE,25OCT05MINCLE,-0.28,0.54
2025-09-29 15:00:00,0.37,0.37,0.37,CLE,25OCT05MINCLE,0.02,0.68
2025-09-29 16:00:00,0.37,0.37,0.37,CLE,25OCT05MINCLE,0.5,0.68
2025-09-29 17:00:00,0.37,0.37,0.37,CLE,25OCT05MINCLE,0.5,0.0
2025-09-29 18:00:00,0.38,0.38,0.37,CLE,25OCT05MINCLE,0.5,0.0
2025-09-29 19:00:00,0.38,0.38,0.38,CLE,25OCT05MINCLE,0.5,0.0
2025-09-29 20:00:00,0.38,0.38,0.37,CLE,25OCT05MINCLE,-0.13,0.62
2025-09-29 21:00:00,0.38,0.38,0.38,CLE,25OCT05MINCLE,0.0,0.65
2025-09-29 22:00:00,0.38,0.38,0.38,CLE,25OCT05MINCLE,0.48,0.03
2025-09-29 23:00:00,0.38,0.38,0.37,CLE,25OCT05MINCLE,0.48,0.03
2025-09-30 00:00:00,0.38,0.38,0.38,CLE,25OCT05MINCLE,-0.46,0.03
2025-09-30 01:00:00,0.39,0.39,0.38,CLE,25OCT05MINCLE,-0.46,0.03
2025-09-30 02:00:00,0.38,0.39,0.38,CLE,25OCT05MINCLE,0.44,0.03
2025-09-30 03:00:00,0.38,0.38,0.38,CLE,25OCT05MINCLE,0.44,0.03
2025-09-30 04:00:00,0.37,0.38,0.36,CLE,25OCT05MINCLE,0.44,0.03
2025-09-30 05:00:00,0.38,0.38,0.36,CLE,25OCT05MINCLE,0.44,0.03
2025-09-30 06:00:00,0.38,0.38,0.37,CLE,25OCT05MINCLE,0.44,0.03
2025-09-30 07:00:00,0.38,0.38,0.37,CLE,25OCT05MINCLE,0.44,0.03
2025-09-30 08:00:00,0.38,0.38,0.37,CLE,25OCT05MINCLE,0.44,0.03
2025-09-30 09:00:00,0.38,0.38,0.37,CLE,25OCT05MINCLE,0.44,0.03
2025-09-30 10:00:00,0.38,0.38,0.37,CLE,25OCT05MINCLE,0.44,0.03
2025-09-30 11:00:00,0.38,0.38,0.37,CLE,25OCT05MINCLE,0.44,0.03
2025-09-30 12:00:00,0.38,0.38,0.38,CLE,25OCT05MINCLE,0.44,0.03
2025-09-30 13:00:00,0.38,0.38,0.38,CLE,25OCT05MINCLE,-0.13,0.66
2025-09-30 14:00:00,0.37,0.38,0.37,CLE,25OCT05MINCLE,0.18,0.61
2025-09-30 15:00:00,0.37,0.38,0.37,CLE,25OCT05MINCLE,0.36,0.51
2025-09-30 16:00:00,0.37,0.37,0.37,CLE,25OCT05MINCLE,0.27,0.66
2025-09-30 17:00:00,0.37,0.37,0.36,CLE,25OCT05MINCLE,0.01,0.81
2025-09-30 18:00:00,0.38,0.38,0.36,CLE,25OCT05MINCLE,0.01,0.81
2025-09-30 19:00:00,0.38,0.38,0.37,CLE,25OCT05MINCLE,-0.68,0.06
2025-09-30 20:00:00,0.38,0.39,0.37,CLE,25OCT05MINCLE,0.1,0.76
2025-09-30 21:00:00,0.37,0.38,0.36,CLE,25OCT05MINCLE,-0.77,0.76
2025-09-30 22:00:00,0.37,0.37,0.36,CLE,25OCT05MINCLE,-0.06,0.8
2025-09-30 23:00:00,0.37,0.37,0.37,CLE,25OCT05MINCLE,0.56,0.8
2025-10-01 00:00:00,0.37,0.37,0.36,CLE,25OCT05MINCLE,0.64,0.8
2025-10-01 01:00:00,0.36,0.37,0.36,CLE,25OCT05MINCLE,0.64,0.8
2025-10-01 02:00:00,0.36,0.36,0.35,CLE,25OCT05MINCLE,0.64,0.8
2025-10-01 03:00:00,0.36,0.36,0.35,CLE,25OCT05MINCLE,0.64,0.8
2025-10-01 04:00:00,0.37,0.37,0.35,CLE,25OCT05MINCLE,0.64,0.8
2025-10-01 05:00:00,0.37,0.37,0.36,CLE,25OCT05MINCLE,0.64,0.8
2025-10-01 06:00:00,0.37,0.37,0.37,CLE,25OCT05MINCLE,0.64,0.8
2025-10-01 07:00:00,0.37,0.37,0.36,CLE,25OCT05MINCLE,0.41,0.8
2025-10-01 08:00:00,0.37,0.37,0.37,CLE,25OCT05MINCLE,0.41,0.8
2025-10-01 09:00:00,0.37,0.37,0.37,CLE,25OCT05MINCLE,0.41,0.8
2025-10-01 10:00:00,0.37,0.37,0.37,CLE,25OCT05MINCLE,0.41,0.8
2025-10-01 11:00:00,0.37,0.37,0.37,CLE,25OCT05MINCLE,0.41,0.8
2025-10-01 12:00:00,0.37,0.37,0.37,CLE,25OCT05MINCLE,0.56,0.54
2025-10-01 13:00:00,0.37,0.37,0.36,CLE,25OCT05MINCLE,0.53,0.54
2025-10-01 14:00:00,0.37,0.37,0.36,CLE,25OCT05MINCLE,0.31,0.65
2025-10-01 15:00:00,0.37,0.37,0.36,CLE,25OCT05MINCLE,0.26,0.55
2025-10-01 16:00:00,0.37,0.37,0.36,CLE,25OCT05MINCLE,0.48,0.55
2025-10-01 17:00:00,0.36,0.37,0.36,CLE,25OCT05MINCLE,0.74,0.55
2025-10-01 18:00:00,0.37,0.37,0.36,CLE,25OCT05MINCLE,0.72,0.07
2025-10-01 19:00:00,0.36,0.37,0.35,CLE,25OCT05MINCLE,0.62,0.07
2025-10-01 20:00:00,0.36,0.36,0.35,CLE,25OCT05MINCLE,0.64,0.04
2025-10-01 21:00:00,0.36,0.36,0.35,CLE,25OCT05MINCLE,0.32,0.56
2025-10-01 22:00:00,0.36,0.36,0.35,CLE,25OCT05MINCLE,0.32,0.56
2025-10-01 23:00:00,0.36,0.36,0.35,CLE,25OCT05MINCLE,0.56,0.56
2025-10-02 00:00:00,0.36,0.37,0.35,CLE,25OCT05MINCLE,0.56,0.56
2025-10-02 01:00:00,0.37,0.37,0.35,CLE,25OCT05MINCLE,0.51,0.56
2025-10-02 02:00:00,0.37,0.37,0.37,CLE,25OCT05MINCLE,0.51,0.56
2025-10-02 03:00:00,0.37,0.37,0.37,CLE,25OCT05MINCLE,0.51,0.56
2025-10-02 04:00:00,0.37,0.37,0.36,CLE,25OCT05MINCLE,0.51,0.56
2025-10-02 05:00:00,0.37,0.37,0.37,CLE,25OCT05MINCLE,0.51,0.56
2025-10-02 06:00:00,0.37,0.37,0.37,CLE,25OCT05MINCLE,0.51,0.56
2025-10-02 07:00:00,0.37,0.37,0.36,CLE,25OCT05MINCLE,0.51,0.56
2025-10-02 08:00:00,0.37,0.37,0.36,CLE,25OCT05MINCLE,0.51,0.56
2025-10-02 09:00:00,0.37,0.37,0.36,CLE,25OCT05MINCLE,0.51,0.56
2025-10-02 10:00:00,0.37,0.37,0.37,CLE,25OCT05MINCLE,0.57,0.56
2025-10-02 11:00:00,0.37,0.37,0.37,CLE,25OCT05MINCLE,0.57,0.56
2025-10-02 12:00:00,0.36,0.36,0.36,CLE,25OCT05MINCLE,0.39,0.56
2025-10-02 13:00:00,0.35,0.36,0.35,CLE,25OCT05MINCLE,0.39,0.56
2025-10-02 14:00:00,0.37,0.37,0.36,CLE,25OCT05MINCLE,0.39,0.56
2025-10-02 15:00:00,0.37,0.37,0.36,CLE,25OCT05MINCLE,0.39,0.56
2025-10-02 16:00:00,0.37,0.37,0.36,CLE,25OCT05MINCLE,0.39,0.56
2025-10-02 17:00:00,0.37,0.37,0.36,CLE,25OCT05MINCLE,0.39,0.56
2025-10-02 18:00:00,0.37,0.37,0.36,CLE,25OCT05MINCLE,0.39,0.56
2025-10-02 19:00:00,0.37,0.37,0.36,CLE,25OCT05MINCLE,0.39,0.56
2025-10-02 20:00:00,0.37,0.37,0.36,CLE,25OCT05MINCLE,0.39,0.56
2025-10-02 21:00:00,0.37,0.37,0.36,CLE,25OCT05MINCLE,0.39,0.56
2025-10-02 22:00:00,0.37,0.37,0.37,CLE,25OCT05MINCLE,0.39,0.56
2025-10-02 23:00:00,0.37,0.37,0.36,CLE,25OCT05MINCLE,0.48,0.56
2025-10-03 00:00:00,0.37,0.37,0.36,CLE,25OCT05MINCLE,0.48,0.56
2025-10-03 01:00:00,0.37,0.37,0.36,CLE,25OCT05MINCLE,0.48,0.56
2025-10-03 02:00:00,0.37,0.37,0.36,CLE,25OCT05MINCLE,0.48,0.56
2025-10-03 03:00:00,0.37,0.37,0.36,CLE,25OCT05MINCLE,0.48,0.56
2025-10-03 04:00:00,0.37,0.37,0.36,CLE,25OCT05MINCLE,0.48,0.56
2025-10-03 05:00:00,0.37,0.37,0.36,CLE,25OCT05MINCLE,0.48,0.56
2025-10-03 06:00:00,0.37,0.37,0.36,CLE,25OCT05MINCLE,0.48,0.56
2025-10-03 07:00:00,0.37,0.37,0.36,CLE,25OCT05MINCLE,0.48,0.56
2025-10-03 08:00:00,0.37,0.37,0.37,CLE,25OCT05MINCLE,0.48,0.56
2025-10-03 09:00:00,0.37,0.37,0.37,CLE,25OCT05MINCLE,0.48,0.56
2025-10-03 10:00:00,0.37,0.37,0.36,CLE,25OCT05MINCLE,0.48,0.56
2025-10-03 11:00:00,0.37,0.37,0.37,CLE,25OCT05MINCLE,0.48,0.56
2025-10-03 12:00:00,0.37,0.37,0.37,CLE,25OCT05MINCLE,0.48,0.56
2025-10-03 13:00:00,0.37,0.37,0.36,CLE,25OCT05MINCLE,0.48,0.56
2025-10-03 14:00:00,0.37,0.37,0.36,CLE,25OCT05MINCLE,0.51,0.56
2025-10-03 15:00:00,0.37,0.37,0.36,CLE,25OCT05MINCLE,0.51,0.56
2025-10-03 16:00:00,0.37,0.37,0.35,CLE,25OCT05MINCLE,0.7,0.09
2025-10-03 17:00:00,0.37,0.37,0.35,CLE,25OCT05MINCLE,0.59,0.05
2025-10-03 18:00:00,0.37,0.37,0.35,CLE,25OCT05MINCLE,0.59,0.05
2025-10-03 19:00:00,0.37,0.37,0.35,CLE,25OCT05MINCLE,0.54,0.05
2025-10-03 20:00:00,0.36,0.37,0.35,CLE,25OCT05MINCLE,0.54,0.05
2025-10-03 21:00:00,0.36,0.36,0.35,CLE,25OCT05MINCLE,0.59,0.02
2025-10-03 22:00:00,0.36,0.36,0.35,CLE,25OCT05MINCLE,0.54,0.02
2025-10-03 23:00:00,0.36,0.36,0.35,CLE,25OCT05MINCLE,0.54,0.02
2025-10-04 00:00:00,0.36,0.36,0.35,CLE,25OCT05MINCLE,0.48,0.02
2025-10-04 01:00:00,0.36,0.36,0.35,CLE,25OCT05MINCLE,0.3,0.5
2025-10-04 02:00:00,0.36,0.36,0.35,CLE,25OCT05MINCLE,0.3,0.5
2025-10-04 03:00:00,0.36,0.36,0.35,CLE,25OCT05MINCLE,0.3,0.5
2025-10-04 04:00:00,0.36,0.36,0.35,CLE,25OCT05MINCLE,0.3,0.5
2025-10-04 05:00:00,0.35,0.36,0.35,CLE,25OCT05MINCLE,-0.56,0.5
2025-10-04 06:00:00,0.36,0.36,0.35,CLE,25OCT05MINCLE,-0.56,0.5
2025-10-04 07:00:00,0.36,0.36,0.35,CLE,25OCT05MINCLE,-0.56,0.5
2025-10-04 08:00:00,0.36,0.36,0.36,CLE,25OCT05MINCLE,-0.56,0.5
2025-10-04 09:00:00,0.35,0.36,0.35,CLE,25OCT05MINCLE,-0.56,0.5
2025-10-04 10:00:00,0.36,0.36,0.36,CLE,25OCT05MINCLE,-0.56,0.5
2025-10-04 11:00:00,0.36,0.36,0.36,CLE,25OCT05MINCLE,-0.56,0.5
2025-10-04 12:00:00,0.36,0.36,0.36,CLE,25OCT05MINCLE,-0.56,0.5
2025-10-04 13:00:00,0.36,0.36,0.35,CLE,25OCT05MINCLE,-0.56,0.5
2025-10-04 14:00:00,0.36,0.36,0.35,CLE,25OCT05MINCLE,-0.56,0.5
2025-10-04 15:00:00,0.36,0.36,0.35,CLE,25OCT05MINCLE,-0.56,0.5
2025-10-04 16:00:00,0.36,0.36,0.35,CLE,25OCT05MINCLE,-0.56,0.5
2025-10-04 17:00:00,0.37,0.37,0.35,CLE,25OCT05MINCLE,-0.56,0.5
2025-10-04 18:00:00,0.37,0.37,0.36,CLE,25OCT05MINCLE,-0.56,0.5
2025-10-04 19:00:00,0.37,0.37,0.36,CLE,25OCT05MINCLE,-0.56,0.5
2025-10-04 20:00:00,0.37,0.37,0.36,CLE,25OCT05MINCLE,-0.56,0.5
2025-10-04 21:00:00,0.36,0.37,0.36,CLE,25OCT05MINCLE,-0.56,0.5
2025-10-04 22:00:00,0.36,0.37,0.35,CLE,25OCT05MINCLE,-0.56,0.5
2025-10-04 23:00:00,0.36,0.37,0.35,CLE,25OCT05MINCLE,-0.56,0.5
2025-10-05 00:00:00,0.36,0.37,0.35,CLE,25OCT05MINCLE,-0.04,0.63
2025-10-05 01:00:00,0.36,0.37,0.35,CLE,25OCT05MINCLE,-0.48,0.63
2025-10-05 02:00:00,0.36,0.36,0.35,CLE,25OCT05MINCLE,0.47,0.02
2025-10-05 03:00:00,0.36,0.36,0.35,CLE,25OCT05MINCLE,0.47,0.02
2025-10-05 04:00:00,0.37,0.37,0.35,CLE,25OCT05MINCLE,0.47,0.07
2025-10-05 05:00:00,0.37,0.37,0.35,CLE,25OCT05MINCLE,0.47,0.07
2025-10-05 06:00:00,0.38,0.38,0.36,CLE,25OCT05MINCLE,0.47,0.07
2025-10-05 07:00:00,0.38,0.38,0.36,CLE,25OCT05MINCLE,0.47,0.07
2025-10-05 08:00:00,0.38,0.38,0.38,CLE,25OCT05MINCLE,-0.02,0.61
2025-10-05 09:00:00,0.37,0.38,0.37,CLE,25OCT05MINCLE,0.52,0.61
2025-10-05 10:00:00,0.38,0.38,0.37,CLE,25OCT05MINCLE,0.47,0.61
2025-10-05 11:00:00,0.38,0.38,0.37,CLE,25OCT05MINCLE,0.47,0.61
2025-10-05 12:00:00,0.38,0.38,0.37,CLE,25OCT05MINCLE,0.57,0.02
2025-10-05 13:00:00,0.38,0.38,0.36,CLE,25OCT05MINCLE,-0.51,0.08
2025-10-05 14:00:00,0.38,0.63,0.3,CLE,25OCT05MINCLE,-0.51,0.08
2025-10-05 15:00:00,0.57,0.63,0.26,CLE,25OCT05MINCLE,-0.51,0.08
2025-10-05 16:00:00,0.59,0.7,0.3,CLE,25OCT05MINCLE,0.51,0.08
2025-09-27 04:00:00,0.56,0.56,0.56,SF,25OCT02SFLA,0.4,0.64
2025-09-27 05:00:00,0.42,0.42,0.42,SF,25OCT02SFLA,0.4,0.64
2025-09-27 06:00:00,0.42,0.42,0.42,SF,25OCT02SFLA,0.35,0.64
2025-09-27 07:00:00,0.42,0.42,0.42,SF,25OCT02SFLA,0.35,0.64
2025-09-27 08:00:00,0.44,0.44,0.41,SF,25OCT02SFLA,0.35,0.64
2025-09-27 09:00:00,0.44,0.44,0.41,SF,25OCT02SFLA,0.35,0.64
2025-09-27 10:00:00,0.44,0.44,0.41,SF,25OCT02SFLA,0.35,0.64
2025-09-27 11:00:00,0.44,0.44,0.41,SF,25OCT02SFLA,0.35,0.64
2025-09-27 12:00:00,0.44,0.44,0.41,SF,25OCT02SFLA,0.35,0.64
2025-09-27 13:00:00,0.44,0.44,0.41,SF,25OCT02SFLA,0.35,0.64
2025-09-27 14:00:00,0.41,0.41,0.41,SF,25OCT02SFLA,0.35,0.64
2025-09-27 15:00:00,0.41,0.41,0.41,SF,25OCT02SFLA,0.35,0.64
2025-09-27 16:00:00,0.41,0.41,0.41,SF,25OCT02SFLA,0.35,0.64
2025-09-27 17:00:00,0.41,0.41,0.41,SF,25OCT02SFLA,0.35,0.64
2025-09-27 18:00:00,0.41,0.41,0.41,SF,25OCT02SFLA,0.35,0.64
2025-09-27 19:00:00,0.41,0.41,0.41,SF,25OCT02SFLA,0.35,0.64
2025-09-27 20:00:00,0.41,0.41,0.41,SF,25OCT02SFLA,0.35,0.64
2025-09-27 21:00:00,0.41,0.41,0.41,SF,25OCT02SFLA,0.35,0.64
2025-09-27 22:00:00,0.41,0.41,0.41,SF,25OCT02SFLA,0.47,0.64
2025-09-27 23:00:00,0.41,0.41,0.41,SF,25OCT02SFLA,0.47,0.64
2025-09-28 00:00:00,0.41,0.41,0.41,SF,25OCT02SFLA,0.47,0.64
2025-09-28 01:00:00,0.4,0.41,0.4,SF,25OCT02SFLA,0.47,0.64
2025-09-28 02:00:00,0.41,0.41,0.41,SF,25OCT02SFLA,0.47,0.64
2025-09-28 03:00:00,0.41,0.41,0.41,SF,25OCT02SFLA,0.47,0.64
2025-09-28 04:00:00,0.41,0.41,0.41,SF,25OCT02SFLA,0.47,0.64
2025-09-28 05:00:00,0.41,0.41,0.41,SF,25OCT02SFLA,0.47,0.64
2025-09-28 06:00:00,0.41,0.41,0.41,SF,25OCT02SFLA,0.47,0.64
2025-09-28 07:00:00,0.4,0.41,0.4,SF,25OCT02SFLA,0.47,0.64
2025-09-28 08:00:00,0.41,0.41,0.41,SF,25OCT02SFLA,0.47,0.64
2025-09-28 09:00:00,0.41,0.41,0.41,SF,25OCT02SFLA,0.47,0.64
2025-09-28 10:00:00,0.41,0.41,0.41,SF,25OCT02SFLA,0.47,0.64
2025-09-28 11:00:00,0.41,0.41,0.41,SF,25OCT02SFLA,0.47,0.64
2025-09-28 12:00:00,0.41,0.41,0.41,SF,25OCT02SFLA,0.47,0.64
2025-09-28 13:00:00,0.41,0.41,0.41,SF,25OCT02SFLA,0.41,0.64
2025-09-28 14:00:00,0.41,0.41,0.41,SF,25OCT02SFLA,0.39,0.07
2025-09-28 15:00:00,0.42,0.42,0.42,SF,25OCT02SFLA,0.39,0.07
2025-09-28 16:00:00,0.41,0.41,0.41,SF,25OCT02SFLA,0.39,0.07
2025-09-28 17:00:00,0.41,0.41,0.41,SF,25OCT02SFLA,0.41,0.07
2025-09-28 18:00:00,0.4,0.41,0.4,SF,25OCT02SFLA,0.41,0.07
2025-09-28 19:00:00,0.41,0.41,0.4,SF,25OCT02SFLA,0.6,0.34
2025-09-28 20:00:00,0.41,0.41,0.41,SF,25OCT02SFLA,0.86,0.34
2025-09-28 21:00:00,0.41,0.41,0.41,SF,25OCT02SFLA,0.86,0.34
2025-09-28 22:00:00,0.41,0.41,0.4,SF,25OCT02SFLA,0.86,0.34
2025-09-28 23:00:00,0.4,0.42,0.4,SF,25OCT02SFLA,0.24,0.8
2025-09-29 00:00:00,0.38,0.4,0.37,SF,25OCT02SFLA,0.24,0.8
2025-09-29 01:00:00,0.38,0.38,0.37,SF,25OCT02SFLA,0.24,0.8
2025-09-29 02:00:00,0.38,0.38,0.38,SF,25OCT02SFLA,0.24,0.8
2025-09-29 03:00:00,0.38,0.38,0.38,SF,25OCT02SFLA,0.24,0.8
2025-09-29 04:00:00,0.38,0.38,0.38,SF,25OCT02SFLA,0.24,0.8
2025-09-29 05:00:00,0.38,0.38,0.37,SF,25OCT02SFLA,0.24,0.8
2025-09-29 06:00:00,0.38,0.38,0.38,SF,25OCT02SFLA,0.24,0.8
2025-09-29 07:00:00,0.38,0.38,0.38,SF,25OCT02SFLA,0.24,0.8
2025-09-29 08:00:00,0.38,0.38,0.38,SF,25OCT02SFLA,0.24,0.8
2025-09-29 09:00:00,0.38,0.38,0.38,SF,25OCT02SFLA,0.24,0.8
2025-09-29 10:00:00,0.38,0.38,0.38,SF,25OCT02SFLA,0.24,0.8
2025-09-29 11:00:00,0.38,0.38,0.38,SF,25OCT02SFLA,0.24,0.8
2025-09-29 12:00:00,0.38,0.38,0.37,SF,25OCT02SFLA,0.24,0.8
2025-09-29 13:00:00,0.38,0.38,0.37,SF,25OCT02SFLA,0.24,0.8
2025-09-29 14:00:00,0.36,0.38,0.35,SF,25OCT02SFLA,0.02,0.82
2025-09-29 15:00:00,0.36,0.36,0.36,SF,25OCT02SFLA,0.02,0.82
2025-09-29 16:00:00,0.34,0.36,0.34,SF,25OCT02SFLA,0.58,0.82
2025-09-29 17:00:00,0.34,0.35,0.34,SF,25OCT02SFLA,0.56,0.82
2025-09-29 18:00:00,0.32,0.34,0.32,SF,25OCT02SFLA,-0.44,0.05
2025-09-29 19:00:00,0.32,0.32,0.32,SF,25OCT02SFLA,0.03,0.69
2025-09-29 20:00:00,0.32,0.32,0.31,SF,25OCT02SFLA,0.43,0.69
2025-09-29 21:00:00,0.32,0.32,0.31,SF,25OCT02SFLA,0.43,0.69
2025-09-29 22:00:00,0.32,0.32,0.31,SF,25OCT02SFLA,0.43,0.69
2025-09-29 23:00:00,0.32,0.32,0.31,SF,25OCT02SFLA,0.43,0.69
2025-09-30 00:00:00,0.32,0.32,0.31,SF,25OCT02SFLA,0.43,0.69
2025-09-30 01:00:00,0.32,0.32,0.31,SF,25OCT02SFLA,0.43,0.69
2025-09-30 02:00:00,0.32,0.32,0.32,SF,25OCT02SFLA,0.43,0.69
2025-09-30 03:00:00,0.32,0.33,0.31,SF,25OCT02SFLA,0.43,0.69
2025-09-30 04:00:00,0.31,0.33,0.3,SF,25OCT02SFLA,0.43,0.69
2025-09-30 05:00:00,0.3,0.32,0.3,SF,25OCT02SFLA,0.43,0.69
2025-09-30 06:00:00,0.3,0.3,0.29,SF,25OCT02SFLA,0.43,0.69
2025-09-30 07:00:00,0.3,0.3,0.29,SF,25OCT02SFLA,0.43,0.69
2025-09-30 08:00:00,0.3,0.3,0.3,SF,25OCT02SFLA,0.43,0.69
2025-09-30 09:00:00,0.29,0.3,0.29,SF,25OCT02SFLA,0.43,0.69
2025-09-30 10:00:00,0.3,0.3,0.3,SF,25OCT02SFLA,0.43,0.69
2025-09-30 11:00:00,0.3,0.3,0.3,SF,25OCT02SFLA,0.43,0.69
2025-09-30 12:00:00,0.3,0.3,0.3,SF,25OCT02SFLA,0.43,0.69
2025-09-30 13:00:00,0.3,0.3,0.29,SF,25OCT02SFLA,0.43,0.69
2025-09-30 14:00:00,0.3,0.3,0.29,SF,25OCT02SFLA,0.43,0.69
2025-09-30 15:00:00,0.3,0.3,0.3,SF,25OCT02SFLA,-0.55,0.69
2025-09-30 16:00:00,0.3,0.3,0.29,SF,25OCT02SFLA,-0.57,0.69
2025-09-30 17:00:00,0.31,0.31,0.3,SF,25OCT02SFLA,-0.57,0.69
2025-09-30 18:00:00,0.3,0.31,0.29,SF,25OCT02SFLA,-0.51,0.03
2025-09-30 19:00:00,0.27,0.3,0.27,SF,25OCT02SFLA,-0.51,0.03
2025-09-30 20:00:00,0.27,0.29,0.26,SF,25OCT02SFLA,-0.51,0.03
2025-09-30 21:00:00,0.27,0.28,0.26,SF,25OCT02SFLA,-0.51,0.03
2025-09-30 22:00:00,0.27,0.28,0.26,SF,25OCT02SFLA,-0.51,0.03
2025-09-30 23:00:00,0.28,0.28,0.26,SF,25OCT02SFLA,-0.51,0.03
2025-10-01 00:00:00,0.28,0.28,0.27,SF,25OCT02SFLA,-0.51,0.03
2025-10-01 01:00:00,0.28,0.28,0.27,SF,25OCT02SFLA,-0.51,0.03
2025-10-01 02:00:00,0.27,0.28,0.26,SF,25OCT02SFLA,-0.51,0.03
2025-10-01 03:00:00,0.28,0.28,0.26,SF,25OCT02SFLA,-0.51,0.03
2025-10-01 04:00:00,0.27,0.28,0.26,SF,25OCT02SFLA,-0.51,0.03
2025-10-01 05:00:00,0.28,0.28,0.27,SF,25OCT02SFLA,-0.51,0.03
2025-10-01 06:00:00,0.27,0.28,0.26,SF,25OCT02SFLA,-0.51,0.03
2025-10-01 07:00:00,0.27,0.27,0.26,SF,25OCT02SFLA,-0.51,0.03
2025-10-01 08:00:00,0.27,0.27,0.26,SF,25OCT02SFLA,-0.51,0.03
2025-10-01 09:00:00,0.27,0.27,0.27,SF,25OCT02SFLA,-0.51,0.03
2025-10-01 10:00:00,0.27,0.27,0.27,SF,25OCT02SFLA,-0.51,0.03
2025-10-01 11:00:00,0.27,0.27,0.27,SF,25OCT02SFLA,-0.51,0.03
2025-10-01 12:00:00,0.27,0.27,0.26,SF,25OCT02SFLA,-0.51,0.03
2025-10-01 13:00:00,0.28,0.28,0.26,SF,25OCT02SFLA,-0.51,0.03
2025-10-01 14:00:00,0.27,0.28,0.26,SF,25OCT02SFLA,-0.72,0.05
2025-10-01 15:00:00,0.27,0.27,0.26,SF,25OCT02SFLA,-0.61,0.02
2025-10-01 16:00:00,0.25,0.27,0.24,SF,25OCT02SFLA,-0.62,0.02
2025-10-01 17:00:00,0.26,0.26,0.24,SF,25OCT02SFLA,-0.6,0.02
2025-10-01 18:00:00,0.26,0.26,0.24,SF,25OCT02SFLA,-0.6,0.0
2025-10-01 19:00:00,0.26,0.26,0.25,SF,25OCT02SFLA,-0.6,0.0
2025-10-01 20:00:00,0.26,0.26,0.25,SF,25OCT02SFLA,-0.69,0.0
2025-10-01 21:00:00,0.24,0.26,0.23,SF,25OCT02SFLA,-0.6,0.0
2025-10-01 22:00:00,0.24,0.24,0.23,SF,25OCT02SFLA,-0.6,0.0
2025-10-01 23:00:00,0.24,0.24,0.22,SF,25OCT02SFLA,-0.66,0.09
2025-10-02 00:00:00,0.23,0.24,0.22,SF,25OCT02SFLA,-0.66,0.09
2025-10-02 01:00:00,0.21,0.24,0.21,SF,25OCT02SFLA,-0.66,0.09
2025-10-02 02:00:00,0.21,0.22,0.2,SF,25OCT02SFLA,-0.65,0.09
2025-10-02 03:00:00,0.21,0.22,0.2,SF,25OCT02SFLA,-0.65,0.09
2025-10-02 04:00:00,0.22,0.22,0.2,SF,25OCT02SFLA,-0.65,0.09
2025-10-02 05:00:00,0.22,0.22,0.2,SF,25OCT02SFLA,-0.65,0.09
2025-10-02 06:00:00,0.22,0.22,0.2,SF,25OCT02SFLA,-0.65,0.09
2025-10-02 07:00:00,0.22,0.22,0.2,SF,25OCT02SFLA,-0.65,0.09
2025-10-02 08:00:00,0.22,0.22,0.2,SF,25OCT02SFLA,-0.65,0.09
2025-10-02 09:00:00,0.22,0.22,0.2,SF,25OCT02SFLA,-0.65,0.09
2025-10-02 10:00:00,0.22,0.22,0.22,SF,25OCT02SFLA,-0.65,0.09
2025-10-02 11:00:00,0.22,0.22,0.2,SF,25OCT02SFLA,-0.65,0.09
2025-10-02 12:00:00,0.21,0.22,0.2,SF,25OCT02SFLA,-0.65,0.09
2025-10-02 13:00:00,0.21,0.22,0.2,SF,25OCT02SFLA,-0.65,0.09
2025-10-02 14:00:00,0.22,0.22,0.2,SF,25OCT02SFLA,-0.65,0.09
2025-10-02 15:00:00,0.22,0.22,0.2,SF,25OCT02SFLA,-0.71,0.02
2025-10-02 16:00:00,0.21,0.22,0.2,SF,25OCT02SFLA,-0.71,0.02
2025-10-02 17:00:00,0.21,0.22,0.2,SF,25OCT02SFLA,-0.71,0.02
2025-10-02 18:00:00,0.21,0.21,0.2,SF,25OCT02SFLA,-0.71,0.02
2025-10-02 19:00:00,0.21,0.21,0.2,SF,25OCT02SFLA,-0.71,0.02
2025-10-02 20:00:00,0.21,0.21,0.2,SF,25OCT02SFLA,-0.65,0.02
2025-10-02 21:00:00,0.21,0.21,0.2,SF,25OCT02SFLA,-0.67,0.02
2025-10-02 22:00:00,0.21,0.21,0.2,SF,25OCT02SFLA,-0.67,0.02
2025-10-02 23:00:00,0.21,0.21,0.2,SF,25OCT02SFLA,-0.67,0.02
2025-10-03 00:00:00,0.21,0.22,0.2,SF,25OCT02SFLA,-0.67,0.02
2025-10-03 01:00:00,0.67,0.68,0.2,SF,25OCT02SFLA,-0.67,0.02
2025-10-03 02:00:00,0.78,0.82,0.44,SF,25OCT02SFLA,-0.67,0.02
2025-10-03 03:00:00,0.47,0.8,0.22,SF,25OCT02SFLA,0.5,0.11
2025-09-23 03:00:00,0.43,0.43,0.43,NYJ,25SEP29NYJMIA,-0.7,1.0
2025-09-23 04:00:00,0.43,0.43,0.41,NYJ,25SEP29NYJMIA,-0.7,1.0
2025-09-23 05:00:00,0.41,0.43,0.41,NYJ,25SEP29NYJMIA,-0.7,1.0
2025-09-23 06:00:00,0.43,0.43,0.41,NYJ,25SEP29NYJMIA,-0.7,1.0
2025-09-23 07:00:00,0.43,0.43,0.43,NYJ,25SEP29NYJMIA,-0.7,1.0
2025-09-23 08:00:00,0.43,0.43,0.43,NYJ,25SEP29NYJMIA,-0.7,1.0
2025-09-23 09:00:00,0.43,0.43,0.43,NYJ,25SEP29NYJMIA,-0.7,1.0
2025-09-23 10:00:00,0.43,0.43,0.43,NYJ,25SEP29NYJMIA,-0.7,1.0
2025-09-23 11:00:00,0.43,0.43,0.43,NYJ,25SEP29NYJMIA,-0.7,1.0
2025-09-23 12:00:00,0.43,0.43,0.43,NYJ,25SEP29NYJMIA,-0.7,1.0
2025-09-23 13:00:00,0.42,0.43,0.41,NYJ,25SEP29NYJMIA,-0.7,1.0
2025-09-23 14:00:00,0.42,0.42,0.4,NYJ,25SEP29NYJMIA,-0.7,1.0
2025-09-23 15:00:00,0.42,0.42,0.42,NYJ,25SEP29NYJMIA,-0.7,1.0
2025-09-23 16:00:00,0.42,0.42,0.42,NYJ,25SEP29NYJMIA,-0.7,1.0
2025-09-23 17:00:00,0.42,0.42,0.42,NYJ,25SEP29NYJMIA,-0.93,0.04
2025-09-23 18:00:00,0.42,0.42,0.4,NYJ,25SEP29NYJMIA,-0.83,0.04
2025-09-23 19:00:00,0.4,0.42,0.4,NYJ,25SEP29NYJMIA,-0.81,0.04
2025-09-23 20:00:00,0.42,0.42,0.4,NYJ,25SEP29NYJMIA,-0.81,0.04
2025-09-23 21:00:00,0.41,0.41,0.41,NYJ,25SEP29NYJMIA,-0.78,0.04
2025-09-23 22:00:00,0.41,0.41,0.4,NYJ,25SEP29NYJMIA,-0.79,0.04
2025-09-23 23:00:00,0.41,0.41,0.4,NYJ,25SEP29NYJMIA,-0.79,0.04
2025-09-24 00:00:00,0.41,0.41,0.41,NYJ,25SEP29NYJMIA,-0.75,0.04
2025-09-24 01:00:00,0.41,0.41,0.4,NYJ,25SEP29NYJMIA,-0.75,0.04
2025-09-24 02:00:00,0.41,0.41,0.4,NYJ,25SEP29NYJMIA,-0.75,0.04
2025-09-24 03:00:00,0.41,0.41,0.4,NYJ,25SEP29NYJMIA,-0.75,0.04
2025-09-24 04:00:00,0.41,0.41,0.41,NYJ,25SEP29NYJMIA,-0.75,0.04
2025-09-24 05:00:00,0.41,0.41,0.41,NYJ,25SEP29NYJMIA,-0.75,0.04
2025-09-24 06:00:00,0.41,0.41,0.41,NYJ,25SEP29NYJMIA,-0.75,0.04
2025-09-24 07:00:00,0.41,0.41,0.41,NYJ,25SEP29NYJMIA,-0.76,0.04
2025-09-24 08:00:00,0.41,0.41,0.41,NYJ,25SEP29NYJMIA,-0.76,0.04
2025-09-24 09:00:00,0.41,0.41,0.41,NYJ,25SEP29NYJMIA,-0.76,0.04
2025-09-24 10:00:00,0.41,0.41,0.41,NYJ,25SEP29NYJMIA,-0.76,0.04
2025-09-24 11:00:00,0.41,0.41,0.41,NYJ,25SEP29NYJMIA,-0.76,0.04
2025-09-24 12:00:00,0.41,0.41,0.41,NYJ,25SEP29NYJMIA,-0.76,0.04
2025-09-24 13:00:00,0.41,0.41,0.41,NYJ,25SEP29NYJMIA,-0.76,0.04
2025-09-24 14:00:00,0.41,0.41,0.41,NYJ,25SEP29NYJMIA,-0.76,0.04
2025-09-24 15:00:00,0.41,0.41,0.41,NYJ,25SEP29NYJMIA,-0.76,0.04
2025-09-24 16:00:00,0.4,0.41,0.4,NYJ,25SEP29NYJMIA,-0.76,0.04
2025-09-24 17:00:00,0.41,0.41,0.41,NYJ,25SEP29NYJMIA,-0.76,0.04
2025-09-24 18:00:00,0.41,0.41,0.41,NYJ,25SEP29NYJMIA,-0.76,0.04
2025-09-24 19:00:00,0.42,0.42,0.41,NYJ,25SEP29NYJMIA,-0.76,0.04
2025-09-24 20:00:00,0.42,0.42,0.42,NYJ,25SEP29NYJMIA,-0.76,0.04
2025-09-24 21:00:00,0.42,0.42,0.41,NYJ,25SEP29NYJMIA,-0.76,0.04
2025-09-24 22:00:00,0.42,0.42,0.42,NYJ,25SEP29NYJMIA,-0.76,0.04
2025-09-24 23:00:00,0.42,0.42,0.42,NYJ,25SEP29NYJMIA,-0.76,0.04
2025-09-25 00:00:00,0.42,0.42,0.41,NYJ,25SEP29NYJMIA,-0.76,0.04
2025-09-25 01:00:00,0.42,0.42,0.42,NYJ,25SEP29NYJMIA,-0.76,0.04
2025-09-25 02:00:00,0.42,0.42,0.42,NYJ,25SEP29NYJMIA,-0.76,0.04
2025-09-25 03:00:00,0.42,0.42,0.42,NYJ,25SEP29NYJMIA,-0.76,0.04
2025-09-25 04:00:00,0.42,0.42,0.4,NYJ,25SEP29NYJMIA,-0.76,0.04
2025-09-25 05:00:00,0.42,0.42,0.42,NYJ,25SEP29NYJMIA,-0.76,0.04
2025-09-25 06:00:00,0.42,0.42,0.42,NYJ,25SEP29NYJMIA,-0.76,0.04
2025-09-25 07:00:00,0.42,0.42,0.42,NYJ,25SEP29NYJMIA,-0.76,0.04
2025-09-25 08:00:00,0.42,0.42,0.42,NYJ,25SEP29NYJMIA,-0.76,0.04
2025-09-25 09:00:00,0.42,0.42,0.42,NYJ,25SEP29NYJMIA,-0.76,0.04
2025-09-25 10:00:00,0.42,0.42,0.42,NYJ,25SEP29NYJMIA,-0.76,0.04
2025-09-25 11:00:00,0.42,0.42,0.42,NYJ,25SEP29NYJMIA,-0.76,0.04
2025-09-25 12:00:00,0.42,0.42,0.42,NYJ,25SEP29NYJMIA,-0.76,0.04
2025-09-25 13:00:00,0.42,0.42,0.42,NYJ,25SEP29NYJMIA,-0.76,0.04
2025-09-25 14:00:00,0.42,0.42,0.41,NYJ,25SEP29NYJMIA,-0.76,0.04
2025-09-25 15:00:00,0.42,0.42,0.42,NYJ,25SEP29NYJMIA,-0.76,0.04
2025-09-25 16:00:00,0.42,0.42,0.41,NYJ,25SEP29NYJMIA,-0.76,0.04
2025-09-25 17:00:00,0.42,0.42,0.42,NYJ,25SEP29NYJMIA,0.56,0.04
2025-09-25 18:00:00,0.42,0.42,0.42,NYJ,25SEP29NYJMIA,0.56,0.04
2025-09-25 19:00:00,0.42,0.42,0.41,NYJ,25SEP29NYJMIA,0.56,0.04
2025-09-25 20:00:00,0.42,0.42,0.42,NYJ,25SEP29NYJMIA,0.56,0.04
2025-09-25 21:00:00,0.41,0.42,0.41,NYJ,25SEP29NYJMIA,0.56,0.04
2025-09-25 22:00:00,0.42,0.42,0.42,NYJ,25SEP29NYJMIA,0.56,0.04
2025-09-25 23:00:00,0.42,0.42,0.41,NYJ,25SEP29NYJMIA,0.56,0.04
2025-09-26 00:00:00,0.42,0.42,0.41,NYJ,25SEP29NYJMIA,0.56,0.04
2025-09-26 01:00:00,0.42,0.42,0.41,NYJ,25SEP29NYJMIA,0.73,0.04
2025-09-26 02:00:00,0.42,0.42,0.42,NYJ,25SEP29NYJMIA,0.73,0.04
2025-09-26 03:00:00,0.42,0.42,0.42,NYJ,25SEP29NYJMIA,0.73,0.04
2025-09-26 04:00:00,0.42,0.42,0.41,NYJ,25SEP29NYJMIA,0.73,0.04
2025-09-26 05:00:00,0.42,0.42,0.42,NYJ,25SEP29NYJMIA,0.73,0.04
2025-09-26 06:00:00,0.42,0.42,0.42,NYJ,25SEP29NYJMIA,0.73,0.04
2025-09-26 07:00:00,0.42,0.42,0.41,NYJ,25SEP29NYJMIA,0.73,0.04
2025-09-26 08:00:00,0.42,0.42,0.42,NYJ,25SEP29NYJMIA,0.73,0.04
2025-09-26 09:00:00,0.42,0.42,0.42,NYJ,25SEP29NYJMIA,0.73,0.04
2025-09-26 10:00:00,0.42,0.42,0.42,NYJ,25SEP29NYJMIA,0.73,0.04
2025-09-26 11:00:00,0.42,0.42,0.42,NYJ,25SEP29NYJMIA,0.73,0.04
2025-09-26 12:00:00,0.42,0.42,0.42,NYJ,25SEP29NYJMIA,0.73,0.04
2025-09-26 13:00:00,0.42,0.42,0.41,NYJ,25SEP29NYJMIA,0.73,0.04
2025-09-26 14:00:00,0.42,0.43,0.42,NYJ,25SEP29NYJMIA,0.73,0.04
2025-09-26 15:00:00,0.42,0.42,0.42,NYJ,25SEP29NYJMIA,0.73,0.04
2025-09-26 16:00:00,0.42,0.42,0.41,NYJ,25SEP29NYJMIA,0.73,0.04
2025-09-26 17:00:00,0.43,0.43,0.42,NYJ,25SEP29NYJMIA,0.73,0.04
2025-09-26 18:00:00,0.43,0.43,0.42,NYJ,25SEP29NYJMIA,0.73,0.04
2025-09-26 19:00:00,0.42,0.43,0.42,NYJ,25SEP29NYJMIA,0.73,0.04
2025-09-26 20:00:00,0.42,0.42,0.41,NYJ,25SEP29NYJMIA,0.73,0.04
2025-09-26 21:00:00,0.42,0.42,0.41,NYJ,25SEP29NYJMIA,0.73,0.04
2025-09-26 22:00:00,0.42,0.42,0.42,NYJ,25SEP29NYJMIA,0.73,0.04
2025-09-26 23:00:00,0.42,0.42,0.42,NYJ,25SEP29NYJMIA,0.73,0.04
2025-09-27 00:00:00,0.42,0.42,0.42,NYJ,25SEP29NYJMIA,0.73,0.04
2025-09-27 01:00:00,0.42,0.42,0.42,NYJ,25SEP29NYJMIA,0.73,0.04
2025-09-27 02:00:00,0.42,0.42,0.42,NYJ,25SEP29NYJMIA,0.73,0.04
2025-09-27 03:00:00,0.42,0.42,0.42,NYJ,25SEP29NYJMIA,0.73,0.04
2025-09-27 04:00:00,0.42,0.42,0.41,NYJ,25SEP29NYJMIA,0.73,0.04
2025-09-27 05:00:00,0.42,0.42,0.41,NYJ,25SEP29NYJMIA,0.73,0.04
2025-09-27 06:00:00,0.42,0.42,0.41,NYJ,25SEP29NYJMIA,0.73,0.04
2025-09-27 07:00:00,0.42,0.42,0.41,NYJ,25SEP29NYJMIA,0.73,0.04
2025-09-27 08:00:00,0.42,0.42,0.42,NYJ,25SEP29NYJMIA,0.73,0.04
2025-09-27 09:00:00,0.42,0.42,0.42,NYJ,25SEP29NYJMIA,0.73,0.04
2025-09-27 10:00:00,0.42,0.42,0.42,NYJ,25SEP29NYJMIA,0.73,0.04
2025-09-27 11:00:00,0.42,0.42,0.42,NYJ,25SEP29NYJMIA,0.73,0.04
2025-09-27 12:00:00,0.42,0.42,0.42,NYJ,25SEP29NYJMIA,0.73,0.04
2025-09-27 13:00:00,0.42,0.42,0.41,NYJ,25SEP29NYJMIA,-0.68,0.04
2025-09-27 14:00:00,0.42,0.42,0.41,NYJ,25SEP29NYJMIA,-0.68,0.04
2025-09-27 15:00:00,0.42,0.42,0.41,NYJ,25SEP29NYJMIA,-0.68,0.04
2025-09-27 16:00:00,0.42,0.42,0.41,NYJ,25SEP29NYJMIA,-0.68,0.04
2025-09-27 17:00:00,0.42,0.42,0.42,NYJ,25SEP29NYJMIA,-0.68,0.04
2025-09-27 18:00:00,0.42,0.42,0.41,NYJ,25SEP29NYJMIA,-0.68,0.04
2025-09-27 19:00:00,0.42,0.42,0.42,NYJ,25SEP29NYJMIA,-0.68,0.04
2025-09-27 20:00:00,0.42,0.42,0.41,NYJ,25SEP29NYJMIA,-0.68,0.04
2025-09-27 21:00:00,0.42,0.42,0.41,NYJ,25SEP29NYJMIA,-0.68,0.04
2025-09-27 22:00:00,0.42,0.42,0.42,NYJ,25SEP29NYJMIA,-0.68,0.04
2025-09-27 23:00:00,0.42,0.42,0.41,NYJ,25SEP29NYJMIA,-0.68,0.04
2025-09-28 00:00:00,0.42,0.42,0.41,NYJ,25SEP29NYJMIA,-0.68,0.04
2025-09-28 01:00:00,0.43,0.43,0.41,NYJ,25SEP29NYJMIA,0.65,0.04
2025-09-28 02:00:00,0.43,0.43,0.42,NYJ,25SEP29NYJMIA,0.65,0.04
2025-09-28 03:00:00,0.43,0.43,0.42,NYJ,25SEP29NYJMIA,0.65,0.04
2025-09-28 04:00:00,0.43,0.43,0.42,NYJ,25SEP29NYJMIA,0.65,0.04
2025-09-28 05:00:00,0.43,0.43,0.42,NYJ,25SEP29NYJMIA,0.65,0.04
2025-09-28 06:00:00,0.42,0.43,0.42,NYJ,25SEP29NYJMIA,0.65,0.04
2025-09-28 07:00:00,0.42,0.43,0.42,NYJ,25SEP29NYJMIA,0.65,0.04
2025-09-28 08:00:00,0.43,0.43,0.42,NYJ,25SEP29NYJMIA,0.65,0.04
2025-09-28 09:00:00,0.42,0.43,0.42,NYJ,25SEP29NYJMIA,0.65,0.04
2025-09-28 10:00:00,0.42,0.43,0.42,NYJ,25SEP29NYJMIA,0.65,0.04
2025-09-28 11:00:00,0.42,0.43,0.42,NYJ,25SEP29NYJMIA,0.65,0.04
2025-09-28 12:00:00,0.43,0.43,0.42,NYJ,25SEP29NYJMIA,0.65,0.04
2025-09-28 13:00:00,0.43,0.43,0.42,NYJ,25SEP29NYJMIA,0.65,0.04
2025-09-28 14:00:00,0.42,0.43,0.41,NYJ,25SEP29NYJMIA,0.65,0.04
2025-09-28 15:00:00,0.42,0.43,0.41,NYJ,25SEP29NYJMIA,0.65,0.04
2025-09-28 16:00:00,0.42,0.43,0.41,NYJ,25SEP29NYJMIA,0.65,0.04
2025-09-28 17:00:00,0.43,0.43,0.41,NYJ,25SEP29NYJMIA,0.65,0.04
2025-09-28 18:00:00,0.42,0.43,0.42,NYJ,25SEP29NYJMIA,0.65,0.04
2025-09-28 19:00:00,0.41,0.42,0.41,NYJ,25SEP29NYJMIA,0.65,0.04
2025-09-28 20:00:00,0.42,0.42,0.41,NYJ,25SEP29NYJMIA,-0.79,0.04
2025-09-28 21:00:00,0.42,0.42,0.41,NYJ,25SEP29NYJMIA,-0.79,0.04
2025-09-28 22:00:00,0.42,0.42,0.41,NYJ,25SEP29NYJMIA,-0.79,0.04
2025-09-28 23:00:00,0.41,0.42,0.41,NYJ,25SEP29NYJMIA,-0.79,0.04
2025-09-29 00:00:00,0.42,0.42,0.41,NYJ,25SEP29NYJMIA,-0.79,0.04
2025-09-29 01:00:00,0.42,0.43,0.41,NYJ,25SEP29NYJMIA,-0.79,0.04
2025-09-29 02:00:00,0.42,0.42,0.41,NYJ,25SEP29NYJMIA,-0.79,0.04
2025-09-29 03:00:00,0.42,0.42,0.41,NYJ,25SEP29NYJMIA,-0.79,0.04
2025-09-29 04:00:00,0.42,0.42,0.41,NYJ,25SEP29NYJMIA,-0.79,0.04
2025-09-29 05:00:00,0.43,0.43,0.41,NYJ,25SEP29NYJMIA,-0.79,0.04
2025-09-29 06:00:00,0.42,0.43,0.41,NYJ,25SEP29NYJMIA,-0.79,0.04
2025-09-29 07:00:00,0.42,0.42,0.41,NYJ,25SEP29NYJMIA,-0.79,0.04
2025-09-29 08:00:00,0.42,0.42,0.42,NYJ,25SEP29NYJMIA,-0.79,0.04
2025-09-29 09:00:00,0.42,0.42,0.42,NYJ,25SEP29NYJMIA,-0.79,0.04
2025-09-29 10:00:00,0.42,0.42,0.41,NYJ,25SEP29NYJMIA,-0.79,0.04
2025-09-29 11:00:00,0.42,0.42,0.41,NYJ,25SEP29NYJMIA,-0.79,0.04
2025-09-29 12:00:00,0.42,0.42,0.41,NYJ,25SEP29NYJMIA,-0.79,0.04
2025-09-29 13:00:00,0.42,0.42,0.41,NYJ,25SEP29NYJMIA,-0.79,0.04
2025-09-29 14:00:00,0.43,0.43,0.41,NYJ,25SEP29NYJMIA,-0.79,0.04
2025-09-29 15:00:00,0.42,0.43,0.41,NYJ,25SEP29NYJMIA,-0.79,0.04
2025-09-29 16:00:00,0.43,0.43,0.41,NYJ,25SEP29NYJMIA,-0.79,0.04
2025-09-29 17:00:00,0.42,0.43,0.41,NYJ,25SEP29NYJMIA,-0.79,0.04
2025-09-29 18:00:00,0.43,0.43,0.41,NYJ,25SEP29NYJMIA,-0.79,0.04
2025-09-29 19:00:00,0.43,0.43,0.41,NYJ,25SEP29NYJMIA,-0.79,0.04
2025-09-29 20:00:00,0.43,0.43,0.41,NYJ,25SEP29NYJMIA,-0.79,0.04
2025-09-29 21:00:00,0.42,0.43,0.41,NYJ,25SEP29NYJMIA,-0.79,0.04
2025-09-29 22:00:00,0.42,0.43,0.41,NYJ,25SEP29NYJMIA,0.67,0.04
2025-09-29 23:00:00,0.42,0.43,0.41,NYJ,25SEP29NYJMIA,0.67,0.04
2025-09-30 00:00:00,0.27,0.57,0.24,NYJ,25SEP29NYJMIA,0.67,0.04
2025-09-30 01:00:00,0.15,0.4,0.1,NYJ,25SEP29NYJMIA,0.67,0.04
2025-09-30 02:00:00,0.01,0.27,0.01,NYJ,25SEP29NYJMIA,-0.61,0.12
2025-09-24 17:00:00,0.43,0.43,0.43,KC,25SEP28BALKC,0.5,0.0
2025-09-24 18:00:00,0.43,0.43,0.42,KC,25SEP28BALKC,0.5,0.0
2025-09-24 19:00:00,0.43,0.43,0.42,KC,25SEP28BALKC,0.5,0.0
2025-09-24 20:00:00,0.43,0.43,0.42,KC,25SEP28BALKC,0.5,0.0
2025-09-24 21:00:00,0.43,0.43,0.42,KC,25SEP28BALKC,0.49,0.0
2025-09-24 22:00:00,0.43,0.43,0.43,KC,25SEP28BALKC,0.49,0.0
2025-09-24 23:00:00,0.43,0.43,0.43,KC,25SEP28BALKC,0.49,0.0
2025-09-25 00:00:00,0.43,0.43,0.42,KC,25SEP28BALKC,0.49,0.0
2025-09-25 01:00:00,0.43,0.43,0.43,KC,25SEP28BALKC,0.49,0.0
2025-09-25 02:00:00,0.43,0.43,0.42,KC,25SEP28BALKC,0.49,0.0
2025-09-25 03:00:00,0.43,0.43,0.43,KC,25SEP28BALKC,0.49,0.0
2025-09-25 04:00:00,0.43,0.43,0.43,KC,25SEP28BALKC,0.49,0.0
2025-09-25 05:00:00,0.43,0.43,0.43,KC,25SEP28BALKC,0.49,0.0
2025-09-25 06:00:00,0.43,0.43,0.43,KC,25SEP28BALKC,0.49,0.0
2025-09-25 07:00:00,0.43,0.43,0.43,KC,25SEP28BALKC,0.49,0.0
2025-09-25 08:00:00,0.43,0.43,0.43,KC,25SEP28BALKC,0.49,0.0
2025-09-25 09:00:00,0.43,0.43,0.43,KC,25SEP28BALKC,0.49,0.0
2025-09-25 10:00:00,0.43,0.43,0.43,KC,25SEP28BALKC,0.49,0.0
2025-09-25 11:00:00,0.43,0.43,0.43,KC,25SEP28BALKC,0.49,0.0
2025-09-25 12:00:00,0.43,0.43,0.43,KC,25SEP28BALKC,0.49,0.0
2025-09-25 13:00:00,0.43,0.43,0.42,KC,25SEP28BALKC,0.49,0.0
2025-09-25 14:00:00,0.43,0.43,0.42,KC,25SEP28BALKC,0.49,0.0
2025-09-25 15:00:00,0.43,0.43,0.43,KC,25SEP28BALKC,0.49,0.0
2025-09-25 16:00:00,0.43,0.43,0.43,KC,25SEP28BALKC,0.48,0.0
2025-09-25 17:00:00,0.43,0.43,0.42,KC,25SEP28BALKC,0.47,0.0
2025-09-25 18:00:00,0.43,0.43,0.43,KC,25SEP28BALKC,0.47,0.0
2025-09-25 19:00:00,0.43,0.43,0.42,KC,25SEP28BALKC,0.47,0.0
2025-09-25 20:00:00,0.43,0.43,0.42,KC,25SEP28BALKC,0.44,0.0
2025-09-25 21:00:00,0.43,0.43,0.42,KC,25SEP28BALKC,0.44,0.0
2025-09-25 22:00:00,0.43,0.43,0.42,KC,25SEP28BALKC,0.44,0.0
2025-09-25 23:00:00,0.43,0.43,0.43,KC,25SEP28BALKC,0.44,0.0
2025-09-26 00:00:00,0.43,0.43,0.42,KC,25SEP28BALKC,0.44,0.0
2025-09-26 01:00:00,0.43,0.43,0.42,KC,25SEP28BALKC,0.44,0.0
2025-09-26 02:00:00,0.43,0.43,0.43,KC,25SEP28BALKC,0.44,0.0
2025-09-26 03:00:00,0.43,0.43,0.42,KC,25SEP28BALKC,0.44,0.0
2025-09-26 04:00:00,0.43,0.43,0.42,KC,25SEP28BALKC,0.44,0.0
2025-09-26 05:00:00,0.43,0.43,0.43,KC,25SEP28BALKC,0.44,0.0
2025-09-26 06:00:00,0.43,0.43,0.43,KC,25SEP28BALKC,0.44,0.0
2025-09-26 07:00:00,0.43,0.43,0.43,KC,25SEP28BALKC,0.44,0.0
2025-09-26 08:00:00,0.43,0.43,0.43,KC,25SEP28BALKC,0.44,0.0
2025-09-26 09:00:00,0.43,0.43,0.43,KC,25SEP28BALKC,0.44,0.0
2025-09-26 10:00:00,0.43,0.43,0.43,KC,25SEP28BALKC,0.44,0.0
2025-09-26 11:00:00,0.43,0.43,0.43,KC,25SEP28BALKC,0.44,0.0
2025-09-26 12:00:00,0.43,0.43,0.43,KC,25SEP28BALKC,0.44,0.0
2025-09-26 13:00:00,0.42,0.43,0.42,KC,25SEP28BALKC,0.44,0.0
2025-09-26 14:00:00,0.43,0.43,0.43,KC,25SEP28BALKC,-0.53,0.0
2025-09-26 15:00:00,0.43,0.43,0.42,KC,25SEP28BALKC,-0.53,0.0
2025-09-26 16:00:00,0.43,0.43,0.43,KC,25SEP28BALKC,-0.53,0.0
2025-09-26 17:00:00,0.43,0.43,0.42,KC,25SEP28BALKC,0.67,0.1
2025-09-26 18:00:00,0.43,0.43,0.43,KC,25SEP28BALKC,0.59,0.03
2025-09-26 19:00:00,0.42,0.43,0.42,KC,25SEP28BALKC,0.53,0.04
2025-09-26 20:00:00,0.43,0.43,0.42,KC,25SEP28BALKC,-0.54,0.0
2025-09-26 21:00:00,0.44,0.44,0.43,KC,25SEP28BALKC,0.46,0.0
2025-09-26 22:00:00,0.43,0.44,0.43,KC,25SEP28BALKC,0.46,0.0
2025-09-26 23:00:00,0.43,0.44,0.42,KC,25SEP28BALKC,0.46,0.0
2025-09-27 00:00:00,0.44,0.44,0.43,KC,25SEP28BALKC,0.46,0.0
2025-09-27 01:00:00,0.43,0.43,0.42,KC,25SEP28BALKC,0.46,0.0
2025-09-27 02:00:00,0.43,0.43,0.42,KC,25SEP28BALKC,0.46,0.0
2025-09-27 03:00:00,0.43,0.43,0.42,KC,25SEP28BALKC,0.46,0.0
2025-09-27 04:00:00,0.43,0.43,0.42,KC,25SEP28BALKC,0.46,0.0
2025-09-27 05:00:00,0.43,0.43,0.42,KC,25SEP28BALKC,0.46,0.0
2025-09-27 06:00:00,0.43,0.43,0.42,KC,25SEP28BALKC,0.46,0.0
2025-09-27 07:00:00,0.43,0.43,0.42,KC,25SEP28BALKC,-0.47,0.0
2025-09-27 08:00:00,0.43,0.43,0.43,KC,25SEP28BALKC,-0.47,0.0
2025-09-27 09:00:00,0.43,0.43,0.43,KC,25SEP28BALKC,-0.47,0.0
2025-09-27 10:00:00,0.43,0.43,0.43,KC,25SEP28BALKC,-0.47,0.0
2025-09-27 11:00:00,0.43,0.43,0.43,KC,25SEP28BALKC,-0.47,0.0
2025-09-27 12:00:00,0.42,0.42,0.42,KC,25SEP28BALKC,-0.47,0.0
2025-09-27 13:00:00,0.43,0.43,0.42,KC,25SEP28BALKC,-0.61,0.0
2025-09-27 14:00:00,0.44,0.44,0.43,KC,25SEP28BALKC,0.5,0.0
2025-09-27 15:00:00,0.44,0.44,0.43,KC,25SEP28BALKC,0.11,0.69
2025-09-27 16:00:00,0.44,0.44,0.43,KC,25SEP28BALKC,0.57,0.08
2025-09-27 17:00:00,0.43,0.44,0.43,KC,25SEP28BALKC,0.57,0.08
2025-09-27 18:00:00,0.43,0.43,0.42,KC,25SEP28BALKC,0.56,0.08
2025-09-27 19:00:00,0.43,0.43,0.42,KC,25SEP28BALKC,0.56,0.08
2025-09-27 20:00:00,0.44,0.44,0.43,KC,25SEP28BALKC,0.5,0.06
2025-09-27 21:00:00,0.43,0.44,0.42,KC,25SEP28BALKC,-0.1,0.57
2025-09-27 22:00:00,0.43,0.43,0.42,KC,25SEP28BALKC,-0.1,0.57
2025-09-27 23:00:00,0.43,0.43,0.42,KC,25SEP28BALKC,0.01,0.6
2025-09-28 00:00:00,0.42,0.44,0.41,KC,25SEP28BALKC,-0.04,0.66
2025-09-28 01:00:00,0.42,0.43,0.41,KC,25SEP28BALKC,-0.04,0.66
2025-09-28 02:00:00,0.42,0.42,0.41,KC,25SEP28BALKC,0.03,0.65
2025-09-28 03:00:00,0.42,0.42,0.41,KC,25SEP28BALKC,0.03,0.65
2025-09-28 04:00:00,0.42,0.42,0.41,KC,25SEP28BALKC,0.43,0.65
2025-09-28 05:00:00,0.42,0.42,0.41,KC,25SEP28BALKC,0.43,0.65
2025-09-28 06:00:00,0.42,0.42,0.41,KC,25SEP28BALKC,0.4,0.65
2025-09-28 07:00:00,0.42,0.42,0.41,KC,25SEP28BALKC,0.4,0.65
2025-09-28 08:00:00,0.42,0.42,0.42,KC,25SEP28BALKC,0.4,0.65
2025-09-28 09:00:00,0.42,0.42,0.42,KC,25SEP28BALKC,0.4,0.65
2025-09-28 10:00:00,0.42,0.42,0.42,KC,25SEP28BALKC,0.4,0.65
2025-09-28 11:00:00,0.41,0.42,0.41,KC,25SEP28BALKC,0.4,0.65
2025-09-28 12:00:00,0.42,0.42,0.42,KC,25SEP28BALKC,0.5,0.65
2025-09-28 13:00:00,0.43,0.43,0.41,KC,25SEP28BALKC,0.5,0.65
2025-09-28 14:00:00,0.43,0.43,0.42,KC,25SEP28BALKC,0.44,0.65
2025-09-28 15:00:00,0.43,0.43,0.42,KC,25SEP28BALKC,0.44,0.65
2025-09-28 16:00:00,0.43,0.43,0.42,KC,25SEP28BALKC,0.44,0.65
2025-09-28 17:00:00,0.43,0.43,0.42,KC,25SEP28BALKC,0.44,0.65
2025-09-28 18:00:00,0.42,0.43,0.42,KC,25SEP28BALKC,0.44,0.65
2025-09-28 19:00:00,0.43,0.43,0.42,KC,25SEP28BALKC,0.67,0.65
2025-09-28 20:00:00,0.44,0.44,0.42,KC,25SEP28BALKC,-0.23,0.64
2025-09-28 21:00:00,0.44,0.45,0.27,KC,25SEP28BALKC,0.44,0.08
2025-09-28 22:00:00,0.78,0.9,0.39,KC,25SEP28BALKC,0.05,0.63
2025-09-28 23:00:00,0.99,0.99,0.77,KC,25SEP28BALKC,0.41,0.45
2025-09-26 13:00:00,0.63,0.63,0.63,SF,25SEP28JACSF,0.42,0.0
2025-09-26 14:00:00,0.64,0.64,0.62,SF,25SEP28JACSF,0.42,0.0
2025-09-26 15:00:00,0.64,0.64,0.62,SF,25SEP28JACSF,0.42,0.0
2025-09-26 16:00:00,0.63,0.64,0.62,SF,25SEP28JACSF,0.42,0.0
2025-09-26 17:00:00,0.63,0.63,0.62,SF,25SEP28JACSF,0.42,0.0
2025-09-26 18:00:00,0.63,0.63,0.61,SF,25SEP28JACSF,-0.06,0.64
2025-09-26 19:00:00,0.63,0.63,0.61,SF,25SEP28JACSF,-0.06,0.64
2025-09-26 20:00:00,0.63,0.63,0.61,SF,25SEP28JACSF,-0.06,0.64
2025-09-26 21:00:00,0.63,0.63,0.63,SF,25SEP28JACSF,-0.52,0.64
2025-09-26 22:00:00,0.63,0.63,0.63,SF,25SEP28JACSF,-0.52,0.64
2025-09-26 23:00:00,0.63,0.63,0.63,SF,25SEP28JACSF,-0.52,0.64
2025-09-27 00:00:00,0.63,0.63,0.62,SF,25SEP28JACSF,-0.52,0.64
2025-09-27 01:00:00,0.63,0.63,0.62,SF,25SEP28JACSF,-0.52,0.64
2025-09-27 02:00:00,0.63,0.63,0.63,SF,25SEP28JACSF,-0.52,0.64
2025-09-27 03:00:00,0.63,0.63,0.62,SF,25SEP28JACSF,0.4,0.64
2025-09-27 04:00:00,0.63,0.63,0.61,SF,25SEP28JACSF,0.4,0.64
2025-09-27 05:00:00,0.61,0.63,0.61,SF,25SEP28JACSF,0.4,0.64
2025-09-27 06:00:00,0.63,0.63,0.63,SF,25SEP28JACSF,0.35,0.64
2025-09-27 07:00:00,0.63,0.63,0.63,SF,25SEP28JACSF,0.35,0.64
2025-09-27 08:00:00,0.63,0.63,0.63,SF,25SEP28JACSF,0.35,0.64
2025-09-27 09:00:00,0.63,0.63,0.63,SF,25SEP28JACSF,0.35,0.64
2025-09-27 10:00:00,0.63,0.63,0.63,SF,25SEP28JACSF,0.35,0.64
2025-09-27 11:00:00,0.63,0.63,0.63,SF,25SEP28JACSF,0.35,0.64
2025-09-27 12:00:00,0.63,0.63,0.63,SF,25SEP28JACSF,0.35,0.64
2025-09-27 13:00:00,0.63,0.63,0.63,SF,25SEP28JACSF,0.35,0.64
2025-09-27 14:00:00,0.63,0.63,0.63,SF,25SEP28JACSF,0.35,0.64
2025-09-27 15:00:00,0.63,0.63,0.63,SF,25SEP28JACSF,0.35,0.64
2025-09-27 16:00:00,0.63,0.63,0.61,SF,25SEP28JACSF,0.35,0.64
2025-09-27 17:00:00,0.63,0.63,0.63,SF,25SEP28JACSF,0.35,0.64
2025-09-27 18:00:00,0.63,0.63,0.61,SF,25SEP28JACSF,0.35,0.64
2025-09-27 19:00:00,0.63,0.63,0.61,SF,25SEP28JACSF,0.35,0.64
2025-09-27 20:00:00,0.63,0.63,0.61,SF,25SEP28JACSF,0.35,0.64
2025-09-27 21:00:00,0.63,0.63,0.61,SF,25SEP28JACSF,0.35,0.64
2025-09-27 22:00:00,0.63,0.63,0.63,SF,25SEP28JACSF,0.47,0.64
2025-09-27 23:00:00,0.63,0.63,0.61,SF,25SEP28JACSF,0.47,0.64
2025-09-28 00:00:00,0.63,0.63,0.61,SF,25SEP28JACSF,0.47,0.64
2025-09-28 01:00:00,0.63,0.63,0.61,SF,25SEP28JACSF,0.47,0.64
2025-09-28 02:00:00,0.63,0.63,0.62,SF,25SEP28JACSF,0.47,0.64
2025-09-28 03:00:00,0.63,0.63,0.62,SF,25SEP28JACSF,0.47,0.64
2025-09-28 04:00:00,0.63,0.63,0.62,SF,25SEP28JACSF,0.47,0.64
2025-09-28 05:00:00,0.63,0.63,0.62,SF,25SEP28JACSF,0.47,0.64
2025-09-28 06:00:00,0.63,0.63,0.61,SF,25SEP28JACSF,0.47,0.64
2025-09-28 07:00:00,0.63,0.63,0.61,SF,25SEP28JACSF,0.47,0.64
2025-09-28 08:00:00,0.63,0.63,0.63,SF,25SEP28JACSF,0.47,0.64
2025-09-28 09:00:00,0.63,0.63,0.61,SF,25SEP28JACSF,0.47,0.64
2025-09-28 10:00:00,0.63,0.63,0.63,SF,25SEP28JACSF,0.47,0.64
2025-09-28 11:00:00,0.63,0.63,0.63,SF,25SEP28JACSF,0.47,0.64
2025-09-28 12:00:00,0.63,0.63,0.63,SF,25SEP28JACSF,0.47,0.64
2025-09-28 13:00:00,0.63,0.63,0.61,SF,25SEP28JACSF,0.41,0.64
2025-09-28 14:00:00,0.63,0.63,0.63,SF,25SEP28JACSF,0.39,0.07
2025-09-28 15:00:00,0.63,0.63,0.61,SF,25SEP28JACSF,0.39,0.07
2025-09-28 16:00:00,0.62,0.63,0.61,SF,25SEP28JACSF,0.39,0.07
2025-09-28 17:00:00,0.62,0.62,0.61,SF,25SEP28JACSF,0.41,0.07
2025-09-28 18:00:00,0.62,0.62,0.61,SF,25SEP28JACSF,0.41,0.07
2025-09-28 19:00:00,0.63,0.63,0.61,SF,25SEP28JACSF,0.6,0.34
2025-09-28 20:00:00,0.62,0.63,0.61,SF,25SEP28JACSF,0.86,0.34
2025-09-28 21:00:00,0.43,0.74,0.4,SF,25SEP28JACSF,0.86,0.34
2025-09-28 22:00:00,0.35,0.48,0.21,SF,25SEP28JACSF,0.86,0.34
2025-09-28 23:00:00,0.12,0.72,0.08,SF,25SEP28JACSF,0.24,0.8
2025-09-21 21:00:00,0.66,0.66,0.26,TB,25SEP28PHITB,0.65,0.33
2025-09-21 22:00:00,0.64,0.66,0.52,TB,25SEP28PHITB,0.59,0.09
2025-09-21 23:00:00,0.41,0.42,0.41,TB,25SEP28PHITB,0.29,0.5
2025-09-22 00:00:00,0.36,0.41,0.36,TB,25SEP28PHITB,0.37,0.44
2025-09-22 01:00:00,0.39,0.39,0.37,TB,25SEP28PHITB,0.23,0.64
2025-09-22 02:00:00,0.39,0.39,0.38,TB,25SEP28PHITB,0.62,0.09
2025-09-22 03:00:00,0.39,0.39,0.39,TB,25SEP28PHITB,0.62,0.09
2025-09-22 04:00:00,0.39,0.39,0.38,TB,25SEP28PHITB,0.49,0.09
2025-09-22 05:00:00,0.39,0.39,0.39,TB,25SEP28PHITB,0.56,0.09
2025-09-22 06:00:00,0.39,0.39,0.39,TB,25SEP28PHITB,0.56,0.09
2025-09-22 07:00:00,0.38,0.39,0.38,TB,25SEP28PHITB,0.56,0.09
2025-09-22 08:00:00,0.38,0.39,0.38,TB,25SEP28PHITB,0.56,0.09
2025-09-22 09:00:00,0.38,0.39,0.38,TB,25SEP28PHITB,0.58,0.09
2025-09-22 10:00:00,0.39,0.39,0.39,TB,25SEP28PHITB,-0.53,0.09
2025-09-22 11:00:00,0.39,0.39,0.39,TB,25SEP28PHITB,-0.53,0.09
2025-09-22 12:00:00,0.39,0.39,0.39,TB,25SEP28PHITB,0.37,0.42
2025-09-22 13:00:00,0.4,0.4,0.39,TB,25SEP28PHITB,0.29,0.54
2025-09-22 14:00:00,0.4,0.4,0.4,TB,25SEP28PHITB,-0.31,0.53
2025-09-22 15:00:00,0.38,0.4,0.38,TB,25SEP28PHITB,-0.36,0.52
2025-09-22 16:00:00,0.38,0.38,0.37,TB,25SEP28PHITB,0.06,0.63
2025-09-22 17:00:00,0.4,0.4,0.38,TB,25SEP28PHITB,0.16,0.61
2025-09-22 18:00:00,0.4,0.4,0.4,TB,25SEP28PHITB,0.18,0.67
2025-09-22 19:00:00,0.4,0.4,0.4,TB,25SEP28PHITB,-0.16,0.67
2025-09-22 20:00:00,0.4,0.4,0.39,TB,25SEP28PHITB,-0.26,0.58
2025-09-22 21:00:00,0.39,0.4,0.39,TB,25SEP28PHITB,0.44,0.58
2025-09-22 22:00:00,0.38,0.39,0.38,TB,25SEP28PHITB,0.1,0.81
2025-09-22 23:00:00,0.38,0.38,0.37,TB,25SEP28PHITB,0.55,0.15
2025-09-23 00:00:00,0.38,0.38,0.38,TB,25SEP28PHITB,0.4,0.07
2025-09-23 01:00:00,0.37,0.38,0.37,TB,25SEP28PHITB,0.22,0.67
2025-09-23 02:00:00,0.38,0.38,0.38,TB,25SEP28PHITB,0.63,0.08
2025-09-23 03:00:00,0.38,0.38,0.38,TB,25SEP28PHITB,0.33,0.63
2025-09-23 04:00:00,0.38,0.38,0.37,TB,25SEP28PHITB,0.53,0.0
2025-09-23 05:00:00,0.38,0.38,0.38,TB,25SEP28PHITB,0.53,0.0
2025-09-23 06:00:00,0.38,0.38,0.37,TB,25SEP28PHITB,0.53,0.0
2025-09-23 07:00:00,0.38,0.38,0.38,TB,25SEP28PHITB,-0.5,0.07
2025-09-23 08:00:00,0.38,0.38,0.38,TB,25SEP28PHITB,-0.5,0.07
2025-09-23 09:00:00,0.38,0.38,0.38,TB,25SEP28PHITB,-0.5,0.07
2025-09-23 10:00:00,0.38,0.38,0.38,TB,25SEP28PHITB,-0.5,0.07
2025-09-23 11:00:00,0.38,0.38,0.38,TB,25SEP28PHITB,-0.5,0.07
2025-09-23 12:00:00,0.38,0.38,0.38,TB,25SEP28PHITB,0.19,0.68
2025-09-23 13:00:00,0.37,0.38,0.35,TB,25SEP28PHITB,0.53,0.07
2025-09-23 14:00:00,0.37,0.37,0.35,TB,25SEP28PHITB,0.63,0.19
2025-09-23 15:00:00,0.37,0.37,0.37,TB,25SEP28PHITB,0.7,0.09
2025-09-23 16:00:00,0.36,0.37,0.35,TB,25SEP28PHITB,0.09,0.67
2025-09-23 17:00:00,0.36,0.36,0.35,TB,25SEP28PHITB,0.17,0.58
2025-09-23 18:00:00,0.36,0.37,0.36,TB,25SEP28PHITB,0.31,0.58
2025-09-23 19:00:00,0.36,0.36,0.35,TB,25SEP28PHITB,0.41,0.55
2025-09-23 20:00:00,0.36,0.36,0.35,TB,25SEP28PHITB,0.63,0.07
2025-09-23 21:00:00,0.37,0.37,0.36,TB,25SEP28PHITB,-0.01,0.7
2025-09-23 22:00:00,0.37,0.37,0.37,TB,25SEP28PHITB,0.59,0.02
2025-09-23 23:00:00,0.37,0.37,0.35,TB,25SEP28PHITB,0.53,0.06
2025-09-24 00:00:00,0.37,0.37,0.35,TB,25SEP28PHITB,0.57,0.05
2025-09-24 01:00:00,0.37,0.37,0.35,TB,25SEP28PHITB,0.6,0.05
2025-09-24 02:00:00,0.37,0.37,0.35,TB,25SEP28PHITB,0.6,0.05
2025-09-24 03:00:00,0.37,0.37,0.37,TB,25SEP28PHITB,0.48,0.03
2025-09-24 04:00:00,0.37,0.37,0.35,TB,25SEP28PHITB,0.14,0.64
2025-09-24 05:00:00,0.37,0.37,0.35,TB,25SEP28PHITB,0.14,0.64
2025-09-24 06:00:00,0.37,0.37,0.35,TB,25SEP28PHITB,0.14,0.64
2025-09-24 07:00:00,0.37,0.37,0.35,TB,25SEP28PHITB,0.56,0.64
2025-09-24 08:00:00,0.37,0.37,0.35,TB,25SEP28PHITB,0.56,0.64
2025-09-24 09:00:00,0.37,0.37,0.37,TB,25SEP28PHITB,0.56,0.64
2025-09-24 10:00:00,0.37,0.37,0.37,TB,25SEP28PHITB,0.56,0.64
2025-09-24 11:00:00,0.37,0.37,0.37,TB,25SEP28PHITB,0.56,0.64
2025-09-24 12:00:00,0.37,0.37,0.37,TB,25SEP28PHITB,0.56,0.64
2025-09-24 13:00:00,0.37,0.37,0.37,TB,25SEP28PHITB,0.56,0.64
2025-09-24 14:00:00,0.37,0.37,0.36,TB,25SEP28PHITB,0.37,0.46
2025-09-24 15:00:00,0.37,0.37,0.36,TB,25SEP28PHITB,0.3,0.53
2025-09-24 16:00:00,0.37,0.37,0.37,TB,25SEP28PHITB,-0.64,0.05
2025-09-24 17:00:00,0.36,0.37,0.36,TB,25SEP28PHITB,0.07,0.67
2025-09-24 18:00:00,0.37,0.37,0.37,TB,25SEP28PHITB,-0.01,0.7
2025-09-24 19:00:00,0.37,0.37,0.36,TB,25SEP28PHITB,0.2,0.63
2025-09-24 20:00:00,0.37,0.37,0.37,TB,25SEP28PHITB,-0.31,0.51
2025-09-24 21:00:00,0.37,0.37,0.36,TB,25SEP28PHITB,0.56,0.04
2025-09-24 22:00:00,0.37,0.37,0.36,TB,25SEP28PHITB,0.54,0.04
2025-09-24 23:00:00,0.37,0.37,0.37,TB,25SEP28PHITB,0.59,0.09
2025-09-25 00:00:00,0.37,0.37,0.36,TB,25SEP28PHITB,0.27,0.53
2025-09-25 01:00:00,0.37,0.37,0.36,TB,25SEP28PHITB,-0.06,0.74
2025-09-25 02:00:00,0.37,0.37,0.36,TB,25SEP28PHITB,-0.06,0.74
2025-09-25 03:00:00,0.37,0.37,0.36,TB,25SEP28PHITB,-0.06,0.74
2025-09-25 04:00:00,0.37,0.37,0.37,TB,25SEP28PHITB,-0.06,0.74
2025-09-25 05:00:00,0.37,0.37,0.36,TB,25SEP28PHITB,0.62,0.17
2025-09-25 06:00:00,0.37,0.37,0.36,TB,25SEP28PHITB,0.79,0.03
2025-09-25 07:00:00,0.37,0.37,0.37,TB,25SEP28PHITB,0.55,0.03
2025-09-25 08:00:00,0.37,0.37,0.37,TB,25SEP28PHITB,0.55,0.03
2025-09-25 09:00:00,0.37,0.37,0.37,TB,25SEP28PHITB,0.55,0.03
2025-09-25 10:00:00,0.37,0.37,0.37,TB,25SEP28PHITB,0.53,0.03
2025-09-25 11:00:00,0.37,0.37,0.37,TB,25SEP28PHITB,0.7,0.03
2025-09-25 12:00:00,0.37,0.37,0.37,TB,25SEP28PHITB,0.62,0.09
2025-09-25 13:00:00,0.37,0.37,0.35,TB,25SEP28PHITB,-0.08,0.75
2025-09-25 14:00:00,0.36,0.37,0.35,TB,25SEP28PHITB,-0.59,0.75
2025-09-25 15:00:00,0.37,0.37,0.36,TB,25SEP28PHITB,-0.59,0.75
2025-09-25 16:00:00,0.37,0.37,0.37,TB,25SEP28PHITB,-0.59,0.75
2025-09-25 17:00:00,0.37,0.37,0.37,TB,25SEP28PHITB,0.66,0.75
2025-09-25 18:00:00,0.37,0.37,0.35,TB,25SEP28PHITB,0.5,0.01
2025-09-25 19:00:00,0.37,0.37,0.35,TB,25SEP28PHITB,0.5,0.01
2025-09-25 20:00:00,0.37,0.37,0.35,TB,25SEP28PHITB,0.46,0.01
2025-09-25 21:00:00,0.37,0.37,0.37,TB,25SEP28PHITB,0.1,0.62
2025-09-25 22:00:00,0.37,0.37,0.35,TB,25SEP28PHITB,-0.12,0.94
2025-09-25 23:00:00,0.37,0.37,0.35,TB,25SEP28PHITB,0.07,0.77
2025-09-26 00:00:00,0.37,0.37,0.35,TB,25SEP28PHITB,0.64,0.77
2025-09-26 01:00:00,0.37,0.37,0.35,TB,25SEP28PHITB,-0.61,0.77
2025-09-26 02:00:00,0.37,0.37,0.35,TB,25SEP28PHITB,-0.68,0.77
2025-09-26 03:00:00,0.37,0.37,0.35,TB,25SEP28PHITB,-0.58,0.77
2025-09-26 04:00:00,0.37,0.37,0.35,TB,25SEP28PHITB,0.46,0.77
2025-09-26 05:00:00,0.37,0.37,0.35,TB,25SEP28PHITB,0.46,0.77
2025-09-26 06:00:00,0.36,0.37,0.36,TB,25SEP28PHITB,0.46,0.77
2025-09-26 07:00:00,0.37,0.37,0.35,TB,25SEP28PHITB,0.58,0.77
2025-09-26 08:00:00,0.37,0.37,0.37,TB,25SEP28PHITB,0.58,0.77
2025-09-26 09:00:00,0.37,0.37,0.37,TB,25SEP28PHITB,0.58,0.77
2025-09-26 10:00:00,0.37,0.37,0.37,TB,25SEP28PHITB,0.58,0.77
2025-09-26 11:00:00,0.37,0.37,0.37,TB,25SEP28PHITB,0.58,0.77
2025-09-26 12:00:00,0.37,0.37,0.37,TB,25SEP28PHITB,-0.05,0.84
2025-09-26 13:00:00,0.37,0.37,0.35,TB,25SEP28PHITB,-0.66,0.04
2025-09-26 14:00:00,0.37,0.37,0.35,TB,25SEP28PHITB,-0.63,0.05
2025-09-26 15:00:00,0.37,0.37,0.36,TB,25SEP28PHITB,0.33,0.48
2025-09-26 16:00:00,0.37,0.37,0.36,TB,25SEP28PHITB,0.45,0.39
2025-09-26 17:00:00,0.36,0.37,0.35,TB,25SEP28PHITB,0.3,0.63
2025-09-26 18:00:00,0.36,0.36,0.35,TB,25SEP28PHITB,0.3,0.48
2025-09-26 19:00:00,0.36,0.36,0.35,TB,25SEP28PHITB,0.45,0.48
2025-09-26 20:00:00,0.36,0.36,0.35,TB,25SEP28PHITB,-0.52,0.48
2025-09-26 21:00:00,0.36,0.36,0.35,TB,25SEP28PHITB,0.49,0.0
2025-09-26 22:00:00,0.36,0.36,0.35,TB,25SEP28PHITB,0.49,0.0
2025-09-26 23:00:00,0.36,0.36,0.35,TB,25SEP28PHITB,0.49,0.0
2025-09-27 00:00:00,0.36,0.36,0.35,TB,25SEP28PHITB,0.49,0.0
2025-09-27 01:00:00,0.36,0.36,0.35,TB,25SEP28PHITB,0.49,0.0
2025-09-27 02:00:00,0.36,0.36,0.35,TB,25SEP28PHITB,0.49,0.0
2025-09-27 03:00:00,0.36,0.36,0.35,TB,25SEP28PHITB,0.49,0.0
2025-09-27 04:00:00,0.36,0.36,0.35,TB,25SEP28PHITB,0.45,0.0
2025-09-27 05:00:00,0.37,0.37,0.35,TB,25SEP28PHITB,0.45,0.0
2025-09-27 06:00:00,0.37,0.37,0.35,TB,25SEP28PHITB,0.45,0.0
2025-09-27 07:00:00,0.37,0.37,0.37,TB,25SEP28PHITB,0.45,0.0
2025-09-27 08:00:00,0.37,0.37,0.37,TB,25SEP28PHITB,0.45,0.0
2025-09-27 09:00:00,0.35,0.37,0.35,TB,25SEP28PHITB,0.45,0.0
2025-09-27 10:00:00,0.37,0.37,0.37,TB,25SEP28PHITB,0.45,0.0
2025-09-27 11:00:00,0.37,0.37,0.37,TB,25SEP28PHITB,-0.54,0.0
2025-09-27 12:00:00,0.37,0.37,0.37,TB,25SEP28PHITB,-0.02,0.66
2025-09-27 13:00:00,0.37,0.37,0.37,TB,25SEP28PHITB,0.46,0.66
2025-09-27 14:00:00,0.37,0.37,0.35,TB,25SEP28PHITB,0.46,0.66
2025-09-27 15:00:00,0.37,0.37,0.37,TB,25SEP28PHITB,0.47,0.66
2025-09-27 16:00:00,0.37,0.37,0.36,TB,25SEP28PHITB,0.47,0.66
2025-09-27 17:00:00,0.37,0.37,0.36,TB,25SEP28PHITB,0.47,0.66
2025-09-27 18:00:00,0.37,0.37,0.36,TB,25SEP28PHITB,0.52,0.66
2025-09-27 19:00:00,0.37,0.37,0.36,TB,25SEP28PHITB,0.52,0.66
2025-09-27 20:00:00,0.37,0.37,0.36,TB,25SEP28PHITB,0.22,0.67
2025-09-27 21:00:00,0.37,0.37,0.36,TB,25SEP28PHITB,-0.57,0.67
2025-09-27 22:00:00,0.37,0.37,0.36,TB,25SEP28PHITB,-0.57,0.67
2025-09-27 23:00:00,0.37,0.37,0.36,TB,25SEP28PHITB,0.54,0.67
2025-09-28 00:00:00,0.38,0.38,0.36,TB,25SEP28PHITB,0.54,0.67
2025-09-28 01:00:00,0.38,0.38,0.36,TB,25SEP28PHITB,0.54,0.67
2025-09-28 02:00:00,0.37,0.38,0.36,TB,25SEP28PHITB,0.54,0.67
2025-09-28 03:00:00,0.37,0.37,0.36,TB,25SEP28PHITB,0.54,0.67
2025-09-28 04:00:00,0.37,0.38,0.36,TB,25SEP28PHITB,0.54,0.67
2025-09-28 05:00:00,0.37,0.38,0.36,TB,25SEP28PHITB,0.54,0.67
2025-09-28 06:00:00,0.38,0.38,0.36,TB,25SEP28PHITB,0.54,0.67
2025-09-28 07:00:00,0.38,0.38,0.36,TB,25SEP28PHITB,0.54,0.67
2025-09-28 08:00:00,0.37,0.38,0.36,TB,25SEP28PHITB,0.54,0.67
2025-09-28 09:00:00,0.37,0.37,0.36,TB,25SEP28PHITB,0.54,0.67
2025-09-28 10:00:00,0.37,0.37,0.37,TB,25SEP28PHITB,0.54,0.67
2025-09-28 11:00:00,0.37,0.37,0.37,TB,25SEP28PHITB,0.5,0.09
2025-09-28 12:00:00,0.37,0.37,0.36,TB,25SEP28PHITB,0.52,0.02
2025-09-28 13:00:00,0.36,0.37,0.35,TB,25SEP28PHITB,-0.06,0.75
2025-09-28 14:00:00,0.37,0.37,0.35,TB,25SEP28PHITB,0.58,0.75
2025-09-28 15:00:00,0.36,0.37,0.35,TB,25SEP28PHITB,0.61,0.11
2025-09-28 16:00:00,0.36,0.37,0.35,TB,25SEP28PHITB,0.03,0.8
2025-09-28 17:00:00,0.37,0.37,0.35,TB,25SEP28PHITB,0.03,0.8
2025-09-28 18:00:00,0.08,0.44,0.06,TB,25SEP28PHITB,0.55,0.02
2025-09-28 19:00:00,0.04,0.1,0.03,TB,25SEP28PHITB,0.22,0.75
2025-09-28 20:00:00,0.14,0.32,0.02,TB,25SEP28PHITB,0.15,0.8
2025-09-21 21:00:00,0.32,0.38,0.17,CLE,25SEP28CLEDET,0.18,0.61
2025-09-21 22:00:00,0.38,0.38,0.2,CLE,25SEP28CLEDET,0.13,0.44
2025-09-21 23:00:00,0.46,0.47,0.38,CLE,25SEP28CLEDET,-0.22,0.56
2025-09-22 00:00:00,0.2,0.23,0.19,CLE,25SEP28CLEDET,-0.07,0.62
2025-09-22 01:00:00,0.19,0.2,0.19,CLE,25SEP28CLEDET,-0.53,0.01
2025-09-22 02:00:00,0.2,0.2,0.2,CLE,25SEP28CLEDET,-0.53,0.01
2025-09-22 03:00:00,0.21,0.21,0.2,CLE,25SEP28CLEDET,0.54,0.01
2025-09-22 04:00:00,0.21,0.21,0.2,CLE,25SEP28CLEDET,0.09,0.6
2025-09-22 05:00:00,0.21,0.21,0.2,CLE,25SEP28CLEDET,0.54,0.6
2025-09-22 06:00:00,0.2,0.21,0.2,CLE,25SEP28CLEDET,0.61,0.6
2025-09-22 07:00:00,0.21,0.21,0.21,CLE,25SEP28CLEDET,0.61,0.6
2025-09-22 08:00:00,0.21,0.21,0.21,CLE,25SEP28CLEDET,0.61,0.6
2025-09-22 09:00:00,0.21,0.21,0.21,CLE,25SEP28CLEDET,0.61,0.6
2025-09-22 10:00:00,0.21,0.21,0.21,CLE,25SEP28CLEDET,0.59,0.03
2025-09-22 11:00:00,0.21,0.21,0.21,CLE,25SEP28CLEDET,0.55,0.04
2025-09-22 12:00:00,0.2,0.2,0.2,CLE,25SEP28CLEDET,0.03,0.79
2025-09-22 13:00:00,0.21,0.21,0.2,CLE,25SEP28CLEDET,0.42,0.79
2025-09-22 14:00:00,0.21,0.21,0.2,CLE,25SEP28CLEDET,0.02,0.78
2025-09-22 15:00:00,0.21,0.21,0.21,CLE,25SEP28CLEDET,0.66,0.09
2025-09-22 16:00:00,0.2,0.21,0.18,CLE,25SEP28CLEDET,0.48,0.4
2025-09-22 17:00:00,0.2,0.2,0.2,CLE,25SEP28CLEDET,0.62,0.08
2025-09-22 18:00:00,0.2,0.2,0.2,CLE,25SEP28CLEDET,0.46,0.02
2025-09-22 19:00:00,0.2,0.2,0.2,CLE,25SEP28CLEDET,-0.67,0.1
2025-09-22 20:00:00,0.2,0.2,0.2,CLE,25SEP28CLEDET,0.16,0.6
2025-09-22 21:00:00,0.2,0.2,0.2,CLE,25SEP28CLEDET,0.42,0.06
2025-09-22 22:00:00,0.21,0.21,0.21,CLE,25SEP28CLEDET,-0.64,0.08
2025-09-22 23:00:00,0.21,0.21,0.19,CLE,25SEP28CLEDET,0.01,0.61
2025-09-23 00:00:00,0.21,0.21,0.21,CLE,25SEP28CLEDET,0.56,0.07
2025-09-23 01:00:00,0.21,0.21,0.21,CLE,25SEP28CLEDET,0.0,0.76
2025-09-23 02:00:00,0.21,0.21,0.19,CLE,25SEP28CLEDET,0.57,0.0
2025-09-23 03:00:00,0.21,0.21,0.19,CLE,25SEP28CLEDET,0.49,0.0
2025-09-23 04:00:00,0.21,0.21,0.19,CLE,25SEP28CLEDET,0.49,0.0
2025-09-23 05:00:00,0.19,0.21,0.19,CLE,25SEP28CLEDET,0.49,0.0
2025-09-23 06:00:00,0.2,0.21,0.19,CLE,25SEP28CLEDET,0.49,0.0
2025-09-23 07:00:00,0.21,0.21,0.2,CLE,25SEP28CLEDET,0.49,0.0
2025-09-23 08:00:00,0.21,0.21,0.2,CLE,25SEP28CLEDET,0.49,0.0
2025-09-23 09:00:00,0.21,0.21,0.2,CLE,25SEP28CLEDET,0.49,0.0
2025-09-23 10:00:00,0.21,0.21,0.2,CLE,25SEP28CLEDET,0.49,0.0
2025-09-23 11:00:00,0.21,0.21,0.2,CLE,25SEP28CLEDET,0.49,0.0
2025-09-23 12:00:00,0.21,0.21,0.21,CLE,25SEP28CLEDET,0.49,0.0
2025-09-23 13:00:00,0.21,0.21,0.19,CLE,25SEP28CLEDET,0.49,0.0
2025-09-23 14:00:00,0.19,0.21,0.19,CLE,25SEP28CLEDET,0.28,0.54
2025-09-23 15:00:00,0.21,0.21,0.19,CLE,25SEP28CLEDET,0.06,0.56
2025-09-23 16:00:00,0.21,0.21,0.19,CLE,25SEP28CLEDET,-0.5,0.06
2025-09-23 17:00:00,0.19,0.21,0.18,CLE,25SEP28CLEDET,0.41,0.04
2025-09-23 18:00:00,0.2,0.2,0.2,CLE,25SEP28CLEDET,-0.44,0.04
2025-09-23 19:00:00,0.2,0.2,0.2,CLE,25SEP28CLEDET,-0.44,0.04
2025-09-23 20:00:00,0.2,0.2,0.19,CLE,25SEP28CLEDET,-0.12,0.59
2025-09-23 21:00:00,0.2,0.2,0.19,CLE,25SEP28CLEDET,0.47,0.59
2025-09-23 22:00:00,0.19,0.2,0.19,CLE,25SEP28CLEDET,-0.44,0.59
2025-09-23 23:00:00,0.19,0.19,0.18,CLE,25SEP28CLEDET,-0.44,0.59
2025-09-24 00:00:00,0.19,0.19,0.18,CLE,25SEP28CLEDET,-0.44,0.59
2025-09-24 01:00:00,0.19,0.19,0.19,CLE,25SEP28CLEDET,-0.53,0.59
2025-09-24 02:00:00,0.19,0.19,0.18,CLE,25SEP28CLEDET,-0.53,0.59
2025-09-24 03:00:00,0.18,0.19,0.18,CLE,25SEP28CLEDET,-0.53,0.59
2025-09-24 04:00:00,0.19,0.19,0.18,CLE,25SEP28CLEDET,-0.53,0.59
2025-09-24 05:00:00,0.19,0.19,0.18,CLE,25SEP28CLEDET,0.44,0.59
2025-09-24 06:00:00,0.19,0.19,0.19,CLE,25SEP28CLEDET,0.44,0.59
2025-09-24 07:00:00,0.19,0.19,0.19,CLE,25SEP28CLEDET,0.44,0.59
2025-09-24 08:00:00,0.19,0.19,0.19,CLE,25SEP28CLEDET,0.44,0.59
2025-09-24 09:00:00,0.19,0.19,0.19,CLE,25SEP28CLEDET,0.44,0.59
2025-09-24 10:00:00,0.19,0.19,0.19,CLE,25SEP28CLEDET,0.44,0.59
2025-09-24 11:00:00,0.19,0.19,0.19,CLE,25SEP28CLEDET,-0.5,0.59
2025-09-24 12:00:00,0.19,0.19,0.19,CLE,25SEP28CLEDET,-0.43,0.59
2025-09-24 13:00:00,0.19,0.19,0.18,CLE,25SEP28CLEDET,-0.58,0.07
2025-09-24 14:00:00,0.2,0.2,0.18,CLE,25SEP28CLEDET,-0.15,0.59
2025-09-24 15:00:00,0.2,0.2,0.2,CLE,25SEP28CLEDET,-0.15,0.59
2025-09-24 16:00:00,0.2,0.2,0.2,CLE,25SEP28CLEDET,0.43,0.45
2025-09-24 17:00:00,0.19,0.2,0.19,CLE,25SEP28CLEDET,0.55,0.08
2025-09-24 18:00:00,0.19,0.19,0.18,CLE,25SEP28CLEDET,0.55,0.08
2025-09-24 19:00:00,0.19,0.19,0.18,CLE,25SEP28CLEDET,0.5,0.08
2025-09-24 20:00:00,0.19,0.19,0.18,CLE,25SEP28CLEDET,0.5,0.08
2025-09-24 21:00:00,0.19,0.19,0.18,CLE,25SEP28CLEDET,0.47,0.08
2025-09-24 22:00:00,0.19,0.19,0.18,CLE,25SEP28CLEDET,0.47,0.08
2025-09-24 23:00:00,0.19,0.19,0.18,CLE,25SEP28CLEDET,0.47,0.08
2025-09-25 00:00:00,0.19,0.19,0.18,CLE,25SEP28CLEDET,0.47,0.08
2025-09-25 01:00:00,0.19,0.19,0.18,CLE,25SEP28CLEDET,0.47,0.08
2025-09-25 02:00:00,0.18,0.19,0.18,CLE,25SEP28CLEDET,0.47,0.08
2025-09-25 03:00:00,0.19,0.19,0.19,CLE,25SEP28CLEDET,0.47,0.08
2025-09-25 04:00:00,0.19,0.19,0.19,CLE,25SEP28CLEDET,0.47,0.08
2025-09-25 05:00:00,0.19,0.19,0.18,CLE,25SEP28CLEDET,0.47,0.08
2025-09-25 06:00:00,0.19,0.19,0.18,CLE,25SEP28CLEDET,0.47,0.08
2025-09-25 07:00:00,0.19,0.19,0.19,CLE,25SEP28CLEDET,0.47,0.08
2025-09-25 08:00:00,0.19,0.19,0.19,CLE,25SEP28CLEDET,0.47,0.08
2025-09-25 09:00:00,0.19,0.19,0.19,CLE,25SEP28CLEDET,0.47,0.08
2025-09-25 10:00:00,0.19,0.19,0.19,CLE,25SEP28CLEDET,0.47,0.08
2025-09-25 11:00:00,0.19,0.19,0.19,CLE,25SEP28CLEDET,0.33,0.81
2025-09-25 12:00:00,0.19,0.19,0.19,CLE,25SEP28CLEDET,0.21,0.84
2025-09-25 13:00:00,0.19,0.19,0.19,CLE,25SEP28CLEDET,-0.39,0.43
2025-09-25 14:00:00,0.19,0.2,0.18,CLE,25SEP28CLEDET,-0.01,0.59
2025-09-25 15:00:00,0.19,0.19,0.18,CLE,25SEP28CLEDET,0.69,0.59
2025-09-25 16:00:00,0.19,0.19,0.18,CLE,25SEP28CLEDET,0.47,0.59
2025-09-25 17:00:00,0.19,0.19,0.19,CLE,25SEP28CLEDET,-0.01,0.49
2025-09-25 18:00:00,0.18,0.19,0.18,CLE,25SEP28CLEDET,0.47,0.49
2025-09-25 19:00:00,0.19,0.19,0.18,CLE,25SEP28CLEDET,0.47,0.49
2025-09-25 20:00:00,0.19,0.19,0.18,CLE,25SEP28CLEDET,0.47,0.49
2025-09-25 21:00:00,0.19,0.19,0.19,CLE,25SEP28CLEDET,0.47,0.49
2025-09-25 22:00:00,0.19,0.19,0.19,CLE,25SEP28CLEDET,0.47,0.49
2025-09-25 23:00:00,0.19,0.19,0.18,CLE,25SEP28CLEDET,0.47,0.49
2025-09-26 00:00:00,0.18,0.19,0.18,CLE,25SEP28CLEDET,0.47,0.49
2025-09-26 01:00:00,0.19,0.19,0.19,CLE,25SEP28CLEDET,0.47,0.49
2025-09-26 02:00:00,0.19,0.19,0.19,CLE,25SEP28CLEDET,0.47,0.49
2025-09-26 03:00:00,0.18,0.19,0.18,CLE,25SEP28CLEDET,0.47,0.49
2025-09-26 04:00:00,0.18,0.19,0.18,CLE,25SEP28CLEDET,0.47,0.49
2025-09-26 05:00:00,0.18,0.19,0.18,CLE,25SEP28CLEDET,0.47,0.49
2025-09-26 06:00:00,0.17,0.18,0.17,CLE,25SEP28CLEDET,0.47,0.49
2025-09-26 07:00:00,0.18,0.18,0.17,CLE,25SEP28CLEDET,0.45,0.49
2025-09-26 08:00:00,0.18,0.18,0.18,CLE,25SEP28CLEDET,0.45,0.49
2025-09-26 09:00:00,0.18,0.18,0.18,CLE,25SEP28CLEDET,0.45,0.49
2025-09-26 10:00:00,0.17,0.17,0.17,CLE,25SEP28CLEDET,0.45,0.49
2025-09-26 11:00:00,0.18,0.18,0.18,CLE,25SEP28CLEDET,0.45,0.49
2025-09-26 12:00:00,0.18,0.18,0.18,CLE,25SEP28CLEDET,0.45,0.49
2025-09-26 13:00:00,0.18,0.18,0.18,CLE,25SEP28CLEDET,0.45,0.49
2025-09-26 14:00:00,0.18,0.18,0.17,CLE,25SEP28CLEDET,0.45,0.49
2025-09-26 15:00:00,0.18,0.18,0.18,CLE,25SEP28CLEDET,0.49,0.49
2025-09-26 16:00:00,0.17,0.18,0.17,CLE,25SEP28CLEDET,0.49,0.49
2025-09-26 17:00:00,0.18,0.18,0.17,CLE,25SEP28CLEDET,0.47,0.49
2025-09-26 18:00:00,0.18,0.18,0.17,CLE,25SEP28CLEDET,0.47,0.49
2025-09-26 19:00:00,0.18,0.18,0.17,CLE,25SEP28CLEDET,0.47,0.49
2025-09-26 20:00:00,0.18,0.18,0.17,CLE,25SEP28CLEDET,0.47,0.49
2025-09-26 21:00:00,0.18,0.18,0.17,CLE,25SEP28CLEDET,0.47,0.49
2025-09-26 22:00:00,0.18,0.18,0.17,CLE,25SEP28CLEDET,0.47,0.49
2025-09-26 23:00:00,0.18,0.18,0.18,CLE,25SEP28CLEDET,0.47,0.49
2025-09-27 00:00:00,0.18,0.18,0.17,CLE,25SEP28CLEDET,0.47,0.49
2025-09-27 01:00:00,0.18,0.18,0.17,CLE,25SEP28CLEDET,0.47,0.49
2025-09-27 02:00:00,0.18,0.18,0.17,CLE,25SEP28CLEDET,0.47,0.49
2025-09-27 03:00:00,0.18,0.18,0.18,CLE,25SEP28CLEDET,0.47,0.49
2025-09-27 04:00:00,0.18,0.18,0.17,CLE,25SEP28CLEDET,0.47,0.49
2025-09-27 05:00:00,0.18,0.18,0.17,CLE,25SEP28CLEDET,0.47,0.49
2025-09-27 06:00:00,0.18,0.18,0.18,CLE,25SEP28CLEDET,0.47,0.49
2025-09-27 07:00:00,0.17,0.18,0.17,CLE,25SEP28CLEDET,0.47,0.49
2025-09-27 08:00:00,0.17,0.18,0.17,CLE,25SEP28CLEDET,0.47,0.49
2025-09-27 09:00:00,0.18,0.18,0.18,CLE,25SEP28CLEDET,0.47,0.49
2025-09-27 10:00:00,0.18,0.18,0.18,CLE,25SEP28CLEDET,0.47,0.49
2025-09-27 11:00:00,0.18,0.18,0.18,CLE,25SEP28CLEDET,0.47,0.49
2025-09-27 12:00:00,0.18,0.18,0.18,CLE,25SEP28CLEDET,0.47,0.49
2025-09-27 13:00:00,0.18,0.18,0.17,CLE,25SEP28CLEDET,0.47,0.49
2025-09-27 14:00:00,0.18,0.18,0.18,CLE,25SEP28CLEDET,0.47,0.49
2025-09-27 15:00:00,0.18,0.18,0.18,CLE,25SEP28CLEDET,0.47,0.49
2025-09-27 16:00:00,0.18,0.18,0.18,CLE,25SEP28CLEDET,0.47,0.49
2025-09-27 17:00:00,0.18,0.18,0.17,CLE,25SEP28CLEDET,0.47,0.49
2025-09-27 18:00:00,0.18,0.18,0.17,CLE,25SEP28CLEDET,0.47,0.49
2025-09-27 19:00:00,0.18,0.18,0.17,CLE,25SEP28CLEDET,0.47,0.49
2025-09-27 20:00:00,0.18,0.18,0.17,CLE,25SEP28CLEDET,0.47,0.49
2025-09-27 21:00:00,0.18,0.18,0.17,CLE,25SEP28CLEDET,0.47,0.49
2025-09-27 22:00:00,0.18,0.18,0.18,CLE,25SEP28CLEDET,-0.35,0.49
2025-09-27 23:00:00,0.18,0.18,0.17,CLE,25SEP28CLEDET,-0.35,0.49
2025-09-28 00:00:00,0.18,0.18,0.17,CLE,25SEP28CLEDET,-0.35,0.49
2025-09-28 01:00:00,0.18,0.18,0.17,CLE,25SEP28CLEDET,-0.35,0.49
2025-09-28 02:00:00,0.18,0.18,0.17,CLE,25SEP28CLEDET,-0.35,0.49
2025-09-28 03:00:00,0.17,0.18,0.17,CLE,25SEP28CLEDET,-0.35,0.49
2025-09-28 04:00:00,0.18,0.18,0.17,CLE,25SEP28CLEDET,-0.35,0.49
2025-09-28 05:00:00,0.18,0.18,0.17,CLE,25SEP28CLEDET,-0.35,0.49
2025-09-28 06:00:00,0.18,0.18,0.17,CLE,25SEP28CLEDET,-0.35,0.49
2025-09-28 07:00:00,0.18,0.18,0.17,CLE,25SEP28CLEDET,-0.35,0.49
2025-09-28 08:00:00,0.18,0.18,0.17,CLE,25SEP28CLEDET,-0.35,0.49
2025-09-28 09:00:00,0.18,0.18,0.17,CLE,25SEP28CLEDET,-0.35,0.49
2025-09-28 10:00:00,0.18,0.18,0.17,CLE,25SEP28CLEDET,-0.35,0.49
2025-09-28 11:00:00,0.18,0.18,0.18,CLE,25SEP28CLEDET,-0.35,0.49
2025-09-28 12:00:00,0.18,0.18,0.18,CLE,25SEP28CLEDET,-0.35,0.49
2025-09-28 13:00:00,0.18,0.18,0.17,CLE,25SEP28CLEDET,-0.35,0.49
2025-09-28 14:00:00,0.18,0.18,0.17,CLE,25SEP28CLEDET,-0.35,0.49
2025-09-28 15:00:00,0.18,0.18,0.17,CLE,25SEP28CLEDET,-0.35,0.49
2025-09-28 16:00:00,0.18,0.18,0.17,CLE,25SEP28CLEDET,-0.35,0.49
2025-09-28 17:00:00,0.18,0.18,0.17,CLE,25SEP28CLEDET,-0.35,0.49
2025-09-28 18:00:00,0.14,0.33,0.12,CLE,25SEP28CLEDET,-0.35,0.49
2025-09-28 19:00:00,0.08,0.18,0.03,CLE,25SEP28CLEDET,-0.56,0.12
2025-09-28 20:00:00,0.01,0.1,0.01,CLE,25SEP28CLEDET,0.06,0.72
2025-09-22 15:00:00,0.26,0.26,0.26,TEN,25SEP28TENHOU,-0.46,0.0
2025-09-22 16:00:00,0.25,0.26,0.24,TEN,25SEP28TENHOU,-0.46,0.0
2025-09-22 17:00:00,0.25,0.25,0.25,TEN,25SEP28TENHOU,-0.46,0.0
2025-09-22 18:00:00,0.25,0.25,0.24,TEN,25SEP28TENHOU,-0.46,0.0
2025-09-22 19:00:00,0.25,0.25,0.25,TEN,25SEP28TENHOU,-0.46,0.0
2025-09-22 20:00:00,0.25,0.25,0.25,TEN,25SEP28TENHOU,-0.46,0.0
2025-09-22 21:00:00,0.24,0.25,0.24,TEN,25SEP28TENHOU,-0.46,0.0
2025-09-22 22:00:00,0.25,0.25,0.24,TEN,25SEP28TENHOU,-0.46,0.0
2025-09-22 23:00:00,0.25,0.25,0.25,TEN,25SEP28TENHOU,-0.46,0.0
2025-09-23 00:00:00,0.25,0.25,0.25,TEN,25SEP28TENHOU,-0.46,0.0
2025-09-23 01:00:00,0.25,0.25,0.25,TEN,25SEP28TENHOU,-0.46,0.0
2025-09-23 02:00:00,0.25,0.25,0.25,TEN,25SEP28TENHOU,-0.46,0.0
2025-09-23 03:00:00,0.25,0.25,0.25,TEN,25SEP28TENHOU,-0.46,0.0
2025-09-23 04:00:00,0.25,0.25,0.25,TEN,25SEP28TENHOU,-0.46,0.0
2025-09-23 05:00:00,0.25,0.25,0.24,TEN,25SEP28TENHOU,-0.46,0.0
2025-09-23 06:00:00,0.25,0.25,0.25,TEN,25SEP28TENHOU,-0.46,0.0
2025-09-23 07:00:00,0.25,0.25,0.25,TEN,25SEP28TENHOU,-0.46,0.0
2025-09-23 08:00:00,0.25,0.25,0.25,TEN,25SEP28TENHOU,-0.46,0.0
2025-09-23 09:00:00,0.25,0.25,0.25,TEN,25SEP28TENHOU,-0.46,0.0
2025-09-23 10:00:00,0.25,0.25,0.25,TEN,25SEP28TENHOU,-0.46,0.0
2025-09-23 11:00:00,0.25,0.25,0.25,TEN,25SEP28TENHOU,-0.46,0.0
2025-09-23 12:00:00,0.25,0.25,0.25,TEN,25SEP28TENHOU,0.41,0.0
2025-09-23 13:00:00,0.25,0.25,0.24,TEN,25SEP28TENHOU,0.41,0.0
2025-09-23 14:00:00,0.25,0.25,0.24,TEN,25SEP28TENHOU,0.41,0.0
2025-09-23 15:00:00,0.25,0.25,0.25,TEN,25SEP28TENHOU,0.41,0.0
2025-09-23 16:00:00,0.25,0.25,0.24,TEN,25SEP28TENHOU,0.41,0.0
2025-09-23 17:00:00,0.25,0.25,0.25,TEN,25SEP28TENHOU,0.41,0.0
2025-09-23 18:00:00,0.25,0.25,0.24,TEN,25SEP28TENHOU,0.41,0.0
2025-09-23 19:00:00,0.25,0.25,0.24,TEN,25SEP28TENHOU,0.41,0.0
2025-09-23 20:00:00,0.25,0.25,0.24,TEN,25SEP28TENHOU,0.41,0.0
2025-09-23 21:00:00,0.25,0.25,0.25,TEN,25SEP28TENHOU,0.41,0.0
2025-09-23 22:00:00,0.25,0.25,0.25,TEN,25SEP28TENHOU,0.41,0.0
2025-09-23 23:00:00,0.25,0.25,0.24,TEN,25SEP28TENHOU,0.32,0.0
2025-09-24 00:00:00,0.25,0.25,0.24,TEN,25SEP28TENHOU,0.32,0.0
2025-09-24 01:00:00,0.25,0.25,0.25,TEN,25SEP28TENHOU,0.32,0.0
2025-09-24 02:00:00,0.25,0.25,0.25,TEN,25SEP28TENHOU,0.32,0.0
2025-09-24 03:00:00,0.25,0.25,0.24,TEN,25SEP28TENHOU,0.32,0.0
2025-09-24 04:00:00,0.25,0.25,0.24,TEN,25SEP28TENHOU,0.32,0.0
2025-09-24 05:00:00,0.25,0.25,0.25,TEN,25SEP28TENHOU,0.32,0.0
2025-09-24 06:00:00,0.25,0.25,0.25,TEN,25SEP28TENHOU,0.32,0.0
2025-09-24 07:00:00,0.25,0.25,0.25,TEN,25SEP28TENHOU,0.32,0.0
2025-09-24 08:00:00,0.25,0.25,0.25,TEN,25SEP28TENHOU,0.32,0.0
2025-09-24 09:00:00,0.25,0.25,0.25,TEN,25SEP28TENHOU,0.32,0.0
2025-09-24 10:00:00,0.25,0.25,0.25,TEN,25SEP28TENHOU,0.32,0.0
2025-09-24 11:00:00,0.25,0.25,0.25,TEN,25SEP28TENHOU,0.32,0.0
2025-09-24 12:00:00,0.25,0.25,0.25,TEN,25SEP28TENHOU,0.32,0.0
2025-09-24 13:00:00,0.25,0.25,0.25,TEN,25SEP28TENHOU,0.32,0.0
2025-09-24 14:00:00,0.25,0.25,0.25,TEN,25SEP28TENHOU,0.32,0.0
2025-09-24 15:00:00,0.25,0.25,0.24,TEN,25SEP28TENHOU,0.32,0.0
2025-09-24 16:00:00,0.25,0.25,0.24,TEN,25SEP28TENHOU,0.32,0.0
2025-09-24 17:00:00,0.25,0.25,0.24,TEN,25SEP28TENHOU,-0.64,0.14
2025-09-24 18:00:00,0.25,0.25,0.25,TEN,25SEP28TENHOU,-0.51,0.11
2025-09-24 19:00:00,0.25,0.25,0.24,TEN,25SEP28TENHOU,-0.56,0.04
2025-09-24 20:00:00,0.25,0.25,0.25,TEN,25SEP28TENHOU,-0.6,0.07
2025-09-24 21:00:00,0.25,0.25,0.24,TEN,25SEP28TENHOU,-0.47,0.07
2025-09-24 22:00:00,0.25,0.25,0.24,TEN,25SEP28TENHOU,-0.48,0.07
2025-09-24 23:00:00,0.25,0.25,0.25,TEN,25SEP28TENHOU,-0.48,0.07
2025-09-25 00:00:00,0.25,0.25,0.25,TEN,25SEP28TENHOU,-0.48,0.07
2025-09-25 01:00:00,0.25,0.25,0.24,TEN,25SEP28TENHOU,-0.48,0.07
2025-09-25 02:00:00,0.25,0.25,0.24,TEN,25SEP28TENHOU,-0.48,0.07
2025-09-25 03:00:00,0.25,0.25,0.24,TEN,25SEP28TENHOU,-0.4,0.07
2025-09-25 04:00:00,0.25,0.25,0.24,TEN,25SEP28TENHOU,-0.4,0.07
2025-09-25 05:00:00,0.25,0.25,0.24,TEN,25SEP28TENHOU,-0.4,0.07
2025-09-25 06:00:00,0.25,0.25,0.25,TEN,25SEP28TENHOU,-0.4,0.07
2025-09-25 07:00:00,0.25,0.25,0.25,TEN,25SEP28TENHOU,-0.4,0.07
2025-09-25 08:00:00,0.25,0.25,0.25,TEN,25SEP28TENHOU,-0.4,0.07
2025-09-25 09:00:00,0.25,0.25,0.25,TEN,25SEP28TENHOU,-0.42,0.07
2025-09-25 10:00:00,0.25,0.25,0.25,TEN,25SEP28TENHOU,-0.42,0.07
2025-09-25 11:00:00,0.25,0.25,0.25,TEN,25SEP28TENHOU,-0.42,0.07
2025-09-25 12:00:00,0.25,0.25,0.25,TEN,25SEP28TENHOU,-0.42,0.07
2025-09-25 13:00:00,0.25,0.25,0.24,TEN,25SEP28TENHOU,-0.42,0.07
2025-09-25 14:00:00,0.25,0.25,0.25,TEN,25SEP28TENHOU,-0.43,0.07
2025-09-25 15:00:00,0.25,0.25,0.24,TEN,25SEP28TENHOU,-0.43,0.07
2025-09-25 16:00:00,0.25,0.25,0.25,TEN,25SEP28TENHOU,-0.43,0.07
2025-09-25 17:00:00,0.25,0.25,0.24,TEN,25SEP28TENHOU,-0.43,0.07
2025-09-25 18:00:00,0.25,0.25,0.25,TEN,25SEP28TENHOU,-0.43,0.07
2025-09-25 19:00:00,0.25,0.25,0.24,TEN,25SEP28TENHOU,-0.49,0.08
2025-09-25 20:00:00,0.25,0.25,0.25,TEN,25SEP28TENHOU,-0.52,0.05
2025-09-25 21:00:00,0.25,0.25,0.24,TEN,25SEP28TENHOU,-0.54,0.12
2025-09-25 22:00:00,0.25,0.25,0.24,TEN,25SEP28TENHOU,-0.56,0.11
2025-09-25 23:00:00,0.25,0.25,0.25,TEN,25SEP28TENHOU,-0.56,0.11
2025-09-26 00:00:00,0.25,0.25,0.25,TEN,25SEP28TENHOU,-0.56,0.11
2025-09-26 01:00:00,0.25,0.25,0.25,TEN,25SEP28TENHOU,-0.58,0.09
2025-09-26 02:00:00,0.25,0.25,0.24,TEN,25SEP28TENHOU,-0.52,0.01
2025-09-26 03:00:00,0.25,0.25,0.25,TEN,25SEP28TENHOU,-0.52,0.01
2025-09-26 04:00:00,0.25,0.25,0.25,TEN,25SEP28TENHOU,-0.54,0.01
2025-09-26 05:00:00,0.25,0.25,0.24,TEN,25SEP28TENHOU,-0.54,0.01
2025-09-26 06:00:00,0.25,0.25,0.24,TEN,25SEP28TENHOU,-0.54,0.01
2025-09-26 07:00:00,0.25,0.25,0.24,TEN,25SEP28TENHOU,-0.54,0.01
2025-09-26 08:00:00,0.25,0.25,0.25,TEN,25SEP28TENHOU,-0.54,0.01
2025-09-26 09:00:00,0.25,0.25,0.25,TEN,25SEP28TENHOU,-0.54,0.01
2025-09-26 10:00:00,0.25,0.25,0.25,TEN,25SEP28TENHOU,-0.54,0.01
2025-09-26 11:00:00,0.25,0.25,0.25,TEN,25SEP28TENHOU,-0.47,0.01
2025-09-26 12:00:00,0.25,0.25,0.25,TEN,25SEP28TENHOU,-0.47,0.01
2025-09-26 13:00:00,0.25,0.25,0.25,TEN,25SEP28TENHOU,-0.47,0.01
2025-09-26 14:00:00,0.25,0.25,0.25,TEN,25SEP28TENHOU,-0.47,0.01
2025-09-26 15:00:00,0.25,0.25,0.25,TEN,25SEP28TENHOU,-0.43,0.01
2025-09-26 16:00:00,0.25,0.25,0.24,TEN,25SEP28TENHOU,-0.43,0.01
2025-09-26 17:00:00,0.24,0.25,0.24,TEN,25SEP28TENHOU,0.4,0.01
2025-09-26 18:00:00,0.25,0.25,0.25,TEN,25SEP28TENHOU,-0.53,0.01
2025-09-26 19:00:00,0.25,0.25,0.24,TEN,25SEP28TENHOU,-0.4,0.01
2025-09-26 20:00:00,0.25,0.25,0.25,TEN,25SEP28TENHOU,-0.4,0.01
2025-09-26 21:00:00,0.25,0.25,0.25,TEN,25SEP28TENHOU,-0.18,0.69
2025-09-26 22:00:00,0.25,0.25,0.24,TEN,25SEP28TENHOU,-0.01,0.67
2025-09-26 23:00:00,0.25,0.25,0.24,TEN,25SEP28TENHOU,-0.5,0.01
2025-09-27 00:00:00,0.25,0.25,0.25,TEN,25SEP28TENHOU,-0.17,0.54
2025-09-27 01:00:00,0.25,0.25,0.25,TEN,25SEP28TENHOU,-0.12,0.55
2025-09-27 02:00:00,0.25,0.25,0.24,TEN,25SEP28TENHOU,-0.54,0.05
2025-09-27 03:00:00,0.24,0.25,0.24,TEN,25SEP28TENHOU,-0.51,0.06
2025-09-27 04:00:00,0.24,0.25,0.24,TEN,25SEP28TENHOU,-0.46,0.06
2025-09-27 05:00:00,0.25,0.25,0.24,TEN,25SEP28TENHOU,-0.46,0.06
2025-09-27 06:00:00,0.25,0.25,0.24,TEN,25SEP28TENHOU,-0.46,0.06
2025-09-27 07:00:00,0.25,0.25,0.25,TEN,25SEP28TENHOU,-0.46,0.06
2025-09-27 08:00:00,0.25,0.25,0.25,TEN,25SEP28TENHOU,-0.46,0.06
2025-09-27 09:00:00,0.25,0.25,0.25,TEN,25SEP28TENHOU,-0.46,0.06
2025-09-27 10:00:00,0.25,0.25,0.25,TEN,25SEP28TENHOU,-0.4,0.06
2025-09-27 11:00:00,0.25,0.25,0.25,TEN,25SEP28TENHOU,-0.4,0.06
2025-09-27 12:00:00,0.25,0.25,0.25,TEN,25SEP28TENHOU,-0.4,0.06
2025-09-27 13:00:00,0.25,0.25,0.24,TEN,25SEP28TENHOU,-0.4,0.06
2025-09-27 14:00:00,0.25,0.25,0.24,TEN,25SEP28TENHOU,-0.4,0.06
2025-09-27 15:00:00,0.25,0.25,0.25,TEN,25SEP28TENHOU,-0.58,0.09
2025-09-27 16:00:00,0.25,0.25,0.24,TEN,25SEP28TENHOU,-0.58,0.09
2025-09-27 17:00:00,0.25,0.25,0.24,TEN,25SEP28TENHOU,-0.58,0.09
2025-09-27 18:00:00,0.25,0.25,0.24,TEN,25SEP28TENHOU,0.46,0.09
2025-09-27 19:00:00,0.25,0.25,0.24,TEN,25SEP28TENHOU,-0.51,0.0
2025-09-27 20:00:00,0.25,0.25,0.24,TEN,25SEP28TENHOU,-0.51,0.0
2025-09-27 21:00:00,0.25,0.25,0.24,TEN,25SEP28TENHOU,-0.51,0.0
2025-09-27 22:00:00,0.24,0.25,0.24,TEN,25SEP28TENHOU,-0.48,0.0
2025-09-27 23:00:00,0.25,0.25,0.24,TEN,25SEP28TENHOU,-0.36,0.51
2025-09-28 00:00:00,0.24,0.25,0.24,TEN,25SEP28TENHOU,-0.02,0.71
2025-09-28 01:00:00,0.24,0.24,0.23,TEN,25SEP28TENHOU,-0.02,0.71
2025-09-28 02:00:00,0.24,0.24,0.23,TEN,25SEP28TENHOU,-0.02,0.71
2025-09-28 03:00:00,0.23,0.24,0.22,TEN,25SEP28TENHOU,-0.51,0.71
2025-09-28 04:00:00,0.23,0.23,0.22,TEN,25SEP28TENHOU,-0.52,0.0
2025-09-28 05:00:00,0.23,0.23,0.22,TEN,25SEP28TENHOU,-0.52,0.0
2025-09-28 06:00:00,0.23,0.23,0.22,TEN,25SEP28TENHOU,-0.52,0.0
2025-09-28 07:00:00,0.23,0.23,0.23,TEN,25SEP28TENHOU,-0.52,0.0
2025-09-28 08:00:00,0.23,0.23,0.23,TEN,25SEP28TENHOU,-0.52,0.0
2025-09-28 09:00:00,0.23,0.23,0.23,TEN,25SEP28TENHOU,-0.52,0.0
2025-09-28 10:00:00,0.23,0.23,0.23,TEN,25SEP28TENHOU,-0.52,0.0
2025-09-28 11:00:00,0.23,0.23,0.23,TEN,25SEP28TENHOU,-0.52,0.0
2025-09-28 12:00:00,0.23,0.23,0.23,TEN,25SEP28TENHOU,-0.52,0.0
2025-09-28 13:00:00,0.23,0.23,0.22,TEN,25SEP28TENHOU,-0.52,0.0
2025-09-28 14:00:00,0.23,0.23,0.22,TEN,25SEP28TENHOU,-0.52,0.0
2025-09-28 15:00:00,0.23,0.23,0.22,TEN,25SEP28TENHOU,0.07,0.54
2025-09-28 16:00:00,0.23,0.23,0.22,TEN,25SEP28TENHOU,-0.46,0.04
2025-09-28 17:00:00,0.23,0.23,0.22,TEN,25SEP28TENHOU,-0.5,0.02
2025-09-28 18:00:00,0.12,0.28,0.1,TEN,25SEP28TENHOU,0.06,0.6
2025-09-28 19:00:00,0.11,0.23,0.08,TEN,25SEP28TENHOU,0.2,0.59
2025-09-28 20:00:00,0.01,0.35,0.01,NO,25SEP28NOBUF,-0.55,0.0
2025-09-15 08:00:00,0.19,0.19,0.19,CLE,25SEP21GBCLE,-0.53,0.0
2025-09-15 09:00:00,0.19,0.19,0.19,CLE,25SEP21GBCLE,-0.53,0.0
2025-09-15 10:00:00,0.19,0.19,0.19,CLE,25SEP21GBCLE,-0.53,0.0
2025-09-15 11:00:00,0.19,0.19,0.19,CLE,25SEP21GBCLE,-0.53,0.0
2025-09-15 12:00:00,0.19,0.19,0.19,CLE,25SEP21GBCLE,-0.53,0.0
2025-09-15 13:00:00,0.2,0.2,0.19,CLE,25SEP21GBCLE,0.56,0.0
2025-09-15 14:00:00,0.18,0.2,0.18,CLE,25SEP21GBCLE,0.56,0.0
2025-09-15 15:00:00,0.18,0.2,0.18,CLE,25SEP21GBCLE,0.56,0.0
2025-09-15 16:00:00,0.2,0.2,0.18,CLE,25SEP21GBCLE,0.56,0.0
2025-09-15 17:00:00,0.18,0.18,0.18,CLE,25SEP21GBCLE,-0.5,0.0
2025-09-15 18:00:00,0.2,0.2,0.2,CLE,25SEP21GBCLE,-0.5,0.0
2025-09-15 19:00:00,0.2,0.2,0.2,CLE,25SEP21GBCLE,-0.5,0.0
2025-09-15 20:00:00,0.2,0.2,0.2,CLE,25SEP21GBCLE,-0.5,0.0
2025-09-15 21:00:00,0.2,0.2,0.2,CLE,25SEP21GBCLE,-0.5,0.0
2025-09-15 22:00:00,0.2,0.2,0.2,CLE,25SEP21GBCLE,-0.5,0.0
2025-09-15 23:00:00,0.21,0.21,0.19,CLE,25SEP21GBCLE,0.37,0.0
2025-09-16 00:00:00,0.21,0.21,0.19,CLE,25SEP21GBCLE,-0.43,0.0
2025-09-16 01:00:00,0.21,0.21,0.21,CLE,25SEP21GBCLE,0.58,0.0
2025-09-16 02:00:00,0.21,0.21,0.21,CLE,25SEP21GBCLE,0.58,0.0
2025-09-16 03:00:00,0.21,0.21,0.18,CLE,25SEP21GBCLE,0.58,0.0
2025-09-16 04:00:00,0.19,0.21,0.19,CLE,25SEP21GBCLE,0.58,0.0
2025-09-16 05:00:00,0.21,0.21,0.2,CLE,25SEP21GBCLE,0.58,0.0
2025-09-16 06:00:00,0.21,0.21,0.2,CLE,25SEP21GBCLE,0.58,0.0
2025-09-16 07:00:00,0.21,0.21,0.19,CLE,25SEP21GBCLE,0.58,0.0
2025-09-16 08:00:00,0.21,0.21,0.21,CLE,25SEP21GBCLE,0.58,0.0
2025-09-16 09:00:00,0.21,0.21,0.21,CLE,25SEP21GBCLE,0.58,0.0
2025-09-16 10:00:00,0.21,0.21,0.21,CLE,25SEP21GBCLE,0.58,0.0
2025-09-16 11:00:00,0.21,0.21,0.21,CLE,25SEP21GBCLE,0.58,0.0
2025-09-16 12:00:00,0.21,0.21,0.21,CLE,25SEP21GBCLE,0.58,0.0
2025-09-16 13:00:00,0.21,0.21,0.21,CLE,25SEP21GBCLE,0.58,0.0
2025-09-16 14:00:00,0.21,0.21,0.21,CLE,25SEP21GBCLE,0.58,0.0
2025-09-16 15:00:00,0.21,0.21,0.19,CLE,25SEP21GBCLE,0.58,0.0
2025-09-16 16:00:00,0.22,0.22,0.2,CLE,25SEP21GBCLE,0.58,0.0
2025-09-16 17:00:00,0.22,0.22,0.22,CLE,25SEP21GBCLE,0.58,0.0
2025-09-16 18:00:00,0.22,0.22,0.2,CLE,25SEP21GBCLE,0.58,0.0
2025-09-16 19:00:00,0.22,0.22,0.22,CLE,25SEP21GBCLE,0.58,0.0
2025-09-16 20:00:00,0.22,0.22,0.22,CLE,25SEP21GBCLE,-0.09,0.64
2025-09-16 21:00:00,0.22,0.22,0.21,CLE,25SEP21GBCLE,-0.09,0.64
2025-09-16 22:00:00,0.23,0.23,0.22,CLE,25SEP21GBCLE,-0.09,0.64
2025-09-16 23:00:00,0.23,0.23,0.21,CLE,25SEP21GBCLE,-0.09,0.64
2025-09-17 00:00:00,0.23,0.23,0.22,CLE,25SEP21GBCLE,-0.09,0.64
2025-09-17 01:00:00,0.22,0.23,0.21,CLE,25SEP21GBCLE,-0.09,0.64
2025-09-17 02:00:00,0.22,0.22,0.22,CLE,25SEP21GBCLE,-0.09,0.64
2025-09-17 03:00:00,0.22,0.22,0.2,CLE,25SEP21GBCLE,-0.09,0.64
2025-09-17 04:00:00,0.21,0.22,0.21,CLE,25SEP21GBCLE,-0.09,0.64
2025-09-17 05:00:00,0.22,0.22,0.22,CLE,25SEP21GBCLE,-0.09,0.64
2025-09-17 06:00:00,0.22,0.22,0.2,CLE,25SEP21GBCLE,-0.09,0.64
2025-09-17 07:00:00,0.22,0.22,0.22,CLE,25SEP21GBCLE,-0.09,0.64
2025-09-17 08:00:00,0.22,0.22,0.22,CLE,25SEP21GBCLE,-0.09,0.64
2025-09-17 09:00:00,0.22,0.22,0.22,CLE,25SEP21GBCLE,-0.09,0.64
2025-09-17 10:00:00,0.22,0.22,0.22,CLE,25SEP21GBCLE,-0.09,0.64
2025-09-17 11:00:00,0.22,0.22,0.22,CLE,25SEP21GBCLE,0.55,0.64
2025-09-17 12:00:00,0.22,0.22,0.22,CLE,25SEP21GBCLE,0.55,0.64
2025-09-17 13:00:00,0.2,0.22,0.2,CLE,25SEP21GBCLE,0.55,0.64
2025-09-17 14:00:00,0.22,0.22,0.22,CLE,25SEP21GBCLE,0.55,0.64
2025-09-17 15:00:00,0.22,0.22,0.22,CLE,25SEP21GBCLE,0.55,0.64
2025-09-17 16:00:00,0.22,0.22,0.22,CLE,25SEP21GBCLE,0.55,0.64
2025-09-17 17:00:00,0.21,0.22,0.2,CLE,25SEP21GBCLE,0.55,0.64
2025-09-17 18:00:00,0.22,0.22,0.2,CLE,25SEP21GBCLE,0.55,0.64
2025-09-17 19:00:00,0.21,0.22,0.2,CLE,25SEP21GBCLE,0.55,0.64
2025-09-17 20:00:00,0.22,0.22,0.2,CLE,25SEP21GBCLE,0.55,0.64
2025-09-17 21:00:00,0.22,0.22,0.22,CLE,25SEP21GBCLE,0.55,0.64
2025-09-17 22:00:00,0.22,0.22,0.2,CLE,25SEP21GBCLE,0.55,0.64
2025-09-17 23:00:00,0.22,0.22,0.2,CLE,25SEP21GBCLE,0.55,0.64
2025-09-18 00:00:00,0.22,0.22,0.22,CLE,25SEP21GBCLE,0.55,0.64
2025-09-18 01:00:00,0.22,0.22,0.2,CLE,25SEP21GBCLE,0.55,0.64
2025-09-18 02:00:00,0.22,0.22,0.2,CLE,25SEP21GBCLE,0.55,0.64
2025-09-18 03:00:00,0.2,0.22,0.2,CLE,25SEP21GBCLE,0.55,0.64
2025-09-18 04:00:00,0.2,0.22,0.2,CLE,25SEP21GBCLE,0.55,0.64
2025-09-18 05:00:00,0.22,0.22,0.21,CLE,25SEP21GBCLE,-0.65,0.64
2025-09-18 06:00:00,0.22,0.22,0.21,CLE,25SEP21GBCLE,-0.65,0.64
2025-09-18 07:00:00,0.22,0.22,0.22,CLE,25SEP21GBCLE,-0.65,0.64
2025-09-18 08:00:00,0.22,0.22,0.22,CLE,25SEP21GBCLE,-0.65,0.64
2025-09-18 09:00:00,0.22,0.22,0.22,CLE,25SEP21GBCLE,-0.65,0.64
2025-09-18 10:00:00,0.22,0.22,0.22,CLE,25SEP21GBCLE,-0.65,0.64
2025-09-18 11:00:00,0.22,0.22,0.22,CLE,25SEP21GBCLE,-0.65,0.64
2025-09-18 12:00:00,0.22,0.22,0.22,CLE,25SEP21GBCLE,-0.65,0.64
2025-09-18 13:00:00,0.22,0.22,0.21,CLE,25SEP21GBCLE,-0.65,0.64
2025-09-18 14:00:00,0.22,0.22,0.21,CLE,25SEP21GBCLE,-0.65,0.64
2025-09-18 15:00:00,0.22,0.22,0.21,CLE,25SEP21GBCLE,-0.65,0.64
2025-09-18 16:00:00,0.22,0.22,0.21,CLE,25SEP21GBCLE,-0.65,0.64
2025-09-18 17:00:00,0.22,0.22,0.21,CLE,25SEP21GBCLE,0.57,0.04
2025-09-18 18:00:00,0.22,0.22,0.2,CLE,25SEP21GBCLE,0.48,0.04
2025-09-18 19:00:00,0.22,0.22,0.2,CLE,25SEP21GBCLE,0.48,0.04
2025-09-18 20:00:00,0.22,0.22,0.2,CLE,25SEP21GBCLE,0.51,0.04
2025-09-18 21:00:00,0.22,0.22,0.2,CLE,25SEP21GBCLE,0.4,0.04
2025-09-18 22:00:00,0.22,0.22,0.21,CLE,25SEP21GBCLE,0.4,0.04
2025-09-18 23:00:00,0.22,0.22,0.21,CLE,25SEP21GBCLE,-0.01,0.64
2025-09-19 00:00:00,0.22,0.22,0.21,CLE,25SEP21GBCLE,-0.02,0.57
2025-09-19 01:00:00,0.21,0.22,0.21,CLE,25SEP21GBCLE,-0.02,0.73
2025-09-19 02:00:00,0.22,0.22,0.2,CLE,25SEP21GBCLE,-0.44,0.73
2025-09-19 03:00:00,0.22,0.22,0.2,CLE,25SEP21GBCLE,0.22,0.68
2025-09-19 04:00:00,0.2,0.22,0.2,CLE,25SEP21GBCLE,0.65,0.68
2025-09-19 05:00:00,0.22,0.22,0.2,CLE,25SEP21GBCLE,0.65,0.68
2025-09-19 06:00:00,0.2,0.22,0.2,CLE,25SEP21GBCLE,0.65,0.68
2025-09-19 07:00:00,0.2,0.22,0.2,CLE,25SEP21GBCLE,0.6,0.68
2025-09-19 08:00:00,0.22,0.22,0.22,CLE,25SEP21GBCLE,0.6,0.68
2025-09-19 09:00:00,0.22,0.22,0.22,CLE,25SEP21GBCLE,0.6,0.68
2025-09-19 10:00:00,0.2,0.22,0.2,CLE,25SEP21GBCLE,-0.49,0.68
2025-09-19 11:00:00,0.2,0.22,0.2,CLE,25SEP21GBCLE,-0.41,0.68
2025-09-19 12:00:00,0.2,0.22,0.2,CLE,25SEP21GBCLE,-0.49,0.68
2025-09-19 13:00:00,0.22,0.22,0.2,CLE,25SEP21GBCLE,-0.49,0.0
2025-09-19 14:00:00,0.22,0.22,0.2,CLE,25SEP21GBCLE,0.53,0.03
2025-09-19 15:00:00,0.2,0.22,0.2,CLE,25SEP21GBCLE,0.43,0.03
2025-09-19 16:00:00,0.22,0.22,0.2,CLE,25SEP21GBCLE,0.43,0.03
2025-09-19 17:00:00,0.2,0.22,0.2,CLE,25SEP21GBCLE,0.43,0.03
2025-09-19 18:00:00,0.21,0.21,0.2,CLE,25SEP21GBCLE,0.43,0.03
2025-09-19 19:00:00,0.21,0.21,0.2,CLE,25SEP21GBCLE,0.54,0.03
2025-09-19 20:00:00,0.21,0.21,0.2,CLE,25SEP21GBCLE,0.53,0.03
2025-09-19 21:00:00,0.21,0.21,0.2,CLE,25SEP21GBCLE,0.53,0.03
2025-09-19 22:00:00,0.21,0.21,0.2,CLE,25SEP21GBCLE,0.53,0.03
2025-09-19 23:00:00,0.2,0.21,0.2,CLE,25SEP21GBCLE,0.53,0.03
2025-09-20 00:00:00,0.21,0.21,0.2,CLE,25SEP21GBCLE,0.53,0.03
2025-09-20 01:00:00,0.2,0.21,0.2,CLE,25SEP21GBCLE,0.53,0.03
2025-09-20 02:00:00,0.22,0.22,0.2,CLE,25SEP21GBCLE,0.53,0.03
2025-09-20 03:00:00,0.22,0.22,0.2,CLE,25SEP21GBCLE,-0.49,0.03
2025-09-20 04:00:00,0.22,0.22,0.2,CLE,25SEP21GBCLE,-0.49,0.03
2025-09-20 05:00:00,0.22,0.22,0.2,CLE,25SEP21GBCLE,-0.49,0.03
2025-09-20 06:00:00,0.22,0.22,0.2,CLE,25SEP21GBCLE,-0.49,0.03
2025-09-20 07:00:00,0.2,0.22,0.2,CLE,25SEP21GBCLE,-0.49,0.03
2025-09-20 08:00:00,0.2,0.22,0.2,CLE,25SEP21GBCLE,-0.49,0.03
2025-09-20 09:00:00,0.2,0.2,0.2,CLE,25SEP21GBCLE,-0.49,0.03
2025-09-20 10:00:00,0.2,0.22,0.2,CLE,25SEP21GBCLE,-0.49,0.03
2025-09-20 11:00:00,0.2,0.22,0.2,CLE,25SEP21GBCLE,-0.49,0.03
2025-09-20 12:00:00,0.2,0.2,0.2,CLE,25SEP21GBCLE,-0.49,0.03
2025-09-20 13:00:00,0.22,0.22,0.2,CLE,25SEP21GBCLE,-0.49,0.03
2025-09-20 14:00:00,0.2,0.22,0.2,CLE,25SEP21GBCLE,-0.49,0.03
2025-09-20 15:00:00,0.21,0.22,0.2,CLE,25SEP21GBCLE,-0.49,0.03
2025-09-20 16:00:00,0.21,0.21,0.2,CLE,25SEP21GBCLE,-0.49,0.03
2025-09-20 17:00:00,0.22,0.22,0.2,CLE,25SEP21GBCLE,-0.49,0.03
2025-09-20 18:00:00,0.22,0.22,0.2,CLE,25SEP21GBCLE,-0.49,0.03
2025-09-20 19:00:00,0.22,0.22,0.2,CLE,25SEP21GBCLE,-0.49,0.03
2025-09-20 20:00:00,0.22,0.22,0.2,CLE,25SEP21GBCLE,-0.49,0.03
2025-09-20 21:00:00,0.2,0.22,0.2,CLE,25SEP21GBCLE,-0.49,0.03
2025-09-20 22:00:00,0.22,0.22,0.2,CLE,25SEP21GBCLE,-0.49,0.03
2025-09-20 23:00:00,0.22,0.22,0.2,CLE,25SEP21GBCLE,-0.49,0.03
2025-09-21 00:00:00,0.22,0.22,0.2,CLE,25SEP21GBCLE,0.46,0.08
2025-09-21 01:00:00,0.21,0.22,0.2,CLE,25SEP21GBCLE,0.46,0.08
2025-09-21 02:00:00,0.21,0.21,0.2,CLE,25SEP21GBCLE,0.46,0.08
2025-09-21 03:00:00,0.21,0.21,0.2,CLE,25SEP21GBCLE,0.46,0.08
2025-09-21 04:00:00,0.21,0.21,0.2,CLE,25SEP21GBCLE,0.46,0.08
2025-09-21 05:00:00,0.21,0.21,0.2,CLE,25SEP21GBCLE,0.46,0.08
2025-09-21 06:00:00,0.21,0.21,0.2,CLE,25SEP21GBCLE,0.46,0.08
2025-09-21 07:00:00,0.2,0.21,0.2,CLE,25SEP21GBCLE,0.46,0.08
2025-09-21 08:00:00,0.21,0.21,0.2,CLE,25SEP21GBCLE,0.46,0.08
2025-09-21 09:00:00,0.21,0.21,0.21,CLE,25SEP21GBCLE,0.46,0.08
2025-09-21 10:00:00,0.21,0.21,0.21,CLE,25SEP21GBCLE,0.46,0.08
2025-09-21 11:00:00,0.21,0.21,0.21,CLE,25SEP21GBCLE,0.46,0.08
2025-09-21 12:00:00,0.2,0.21,0.2,CLE,25SEP21GBCLE,0.46,0.08
2025-09-21 13:00:00,0.21,0.21,0.2,CLE,25SEP21GBCLE,0.46,0.08
2025-09-21 14:00:00,0.21,0.21,0.2,CLE,25SEP21GBCLE,0.49,0.08
2025-09-21 15:00:00,0.22,0.22,0.2,CLE,25SEP21GBCLE,0.49,0.08
2025-09-21 16:00:00,0.22,0.22,0.21,CLE,25SEP21GBCLE,0.49,0.08
2025-09-21 17:00:00,0.23,0.23,0.2,CLE,25SEP21GBCLE,0.49,0.08
2025-09-21 18:00:00,0.17,0.25,0.1,CLE,25SEP21GBCLE,-0.62,0.09
2025-09-21 19:00:00,0.08,0.27,0.07,CLE,25SEP21GBCLE,-0.62,0.09
2025-09-21 20:00:00,0.11,0.36,0.03,CLE,25SEP21GBCLE,0.26,0.6
2025-09-20 03:00:00,0.74,0.74,0.73,TB,25SEP21NYJTB,0.45,0.0
2025-09-20 04:00:00,0.74,0.74,0.73,TB,25SEP21NYJTB,0.45,0.0
2025-09-20 05:00:00,0.75,0.75,0.74,TB,25SEP21NYJTB,0.49,0.0
2025-09-20 06:00:00,0.75,0.75,0.75,TB,25SEP21NYJTB,0.49,0.0
2025-09-20 07:00:00,0.75,0.75,0.73,TB,25SEP21NYJTB,0.49,0.0
2025-09-20 08:00:00,0.75,0.75,0.75,TB,25SEP21NYJTB,0.49,0.0
2025-09-20 09:00:00,0.75,0.75,0.75,TB,25SEP21NYJTB,0.49,0.0
2025-09-20 10:00:00,0.75,0.75,0.75,TB,25SEP21NYJTB,0.49,0.0
2025-09-20 11:00:00,0.75,0.75,0.75,TB,25SEP21NYJTB,0.49,0.0
2025-09-20 12:00:00,0.75,0.75,0.75,TB,25SEP21NYJTB,0.42,0.0
2025-09-20 13:00:00,0.75,0.75,0.75,TB,25SEP21NYJTB,0.42,0.0
2025-09-20 14:00:00,0.75,0.75,0.74,TB,25SEP21NYJTB,0.42,0.0
2025-09-20 15:00:00,0.74,0.75,0.74,TB,25SEP21NYJTB,0.42,0.0
2025-09-20 16:00:00,0.74,0.74,0.73,TB,25SEP21NYJTB,0.42,0.0
2025-09-20 17:00:00,0.75,0.75,0.73,TB,25SEP21NYJTB,0.42,0.0
2025-09-20 18:00:00,0.74,0.75,0.73,TB,25SEP21NYJTB,0.42,0.0
2025-09-20 19:00:00,0.75,0.75,0.73,TB,25SEP21NYJTB,0.42,0.0
2025-09-20 20:00:00,0.74,0.75,0.73,TB,25SEP21NYJTB,0.42,0.0
2025-09-20 21:00:00,0.74,0.74,0.73,TB,25SEP21NYJTB,0.42,0.0
2025-09-20 22:00:00,0.74,0.74,0.73,TB,25SEP21NYJTB,0.42,0.0
2025-09-20 23:00:00,0.74,0.74,0.73,TB,25SEP21NYJTB,0.42,0.0
2025-09-21 00:00:00,0.74,0.74,0.73,TB,25SEP21NYJTB,0.38,0.0
2025-09-21 01:00:00,0.74,0.74,0.73,TB,25SEP21NYJTB,0.38,0.0
2025-09-21 02:00:00,0.74,0.74,0.73,TB,25SEP21NYJTB,-0.46,0.0
2025-09-21 03:00:00,0.75,0.75,0.73,TB,25SEP21NYJTB,-0.03,0.77
2025-09-21 04:00:00,0.75,0.75,0.73,TB,25SEP21NYJTB,0.5,0.77
2025-09-21 05:00:00,0.75,0.75,0.73,TB,25SEP21NYJTB,0.6,0.77
2025-09-21 06:00:00,0.75,0.75,0.74,TB,25SEP21NYJTB,-0.53,0.58
2025-09-21 07:00:00,0.75,0.75,0.74,TB,25SEP21NYJTB,-0.01,0.98
2025-09-21 08:00:00,0.75,0.75,0.75,TB,25SEP21NYJTB,-0.01,0.98
2025-09-21 09:00:00,0.74,0.75,0.74,TB,25SEP21NYJTB,-0.01,0.98
2025-09-21 10:00:00,0.75,0.75,0.74,TB,25SEP21NYJTB,-0.01,0.98
2025-09-21 11:00:00,0.75,0.75,0.75,TB,25SEP21NYJTB,0.49,0.05
2025-09-21 12:00:00,0.75,0.75,0.75,TB,25SEP21NYJTB,0.55,0.08
2025-09-21 13:00:00,0.75,0.75,0.74,TB,25SEP21NYJTB,0.6,0.06
2025-09-21 14:00:00,0.75,0.75,0.74,TB,25SEP21NYJTB,0.5,0.04
2025-09-21 15:00:00,0.75,0.75,0.73,TB,25SEP21NYJTB,0.48,0.01
2025-09-21 16:00:00,0.75,0.75,0.74,TB,25SEP21NYJTB,0.5,0.01
2025-09-21 17:00:00,0.74,0.75,0.73,TB,25SEP21NYJTB,0.51,0.38
2025-09-21 18:00:00,0.81,0.87,0.5,TB,25SEP21NYJTB,0.57,0.34
2025-09-21 19:00:00,0.98,0.98,0.76,TB,25SEP21NYJTB,0.62,0.08
2025-09-21 20:00:00,0.93,0.99,0.88,TB,25SEP21NYJTB,0.38,0.61
2025-09-14 21:00:00,0.29,0.29,0.29,NYJ,25SEP21NYJTB,0.53,0.02
2025-09-14 22:00:00,0.33,0.33,0.33,NYJ,25SEP21NYJTB,0.53,0.02
2025-09-14 23:00:00,0.28,0.29,0.27,NYJ,25SEP21NYJTB,0.53,0.02
2025-09-15 00:00:00,0.27,0.28,0.27,NYJ,25SEP21NYJTB,0.53,0.02
2025-09-15 01:00:00,0.27,0.27,0.27,NYJ,25SEP21NYJTB,0.53,0.02
2025-09-15 02:00:00,0.27,0.27,0.27,NYJ,25SEP21NYJTB,0.53,0.02
2025-09-15 03:00:00,0.27,0.27,0.24,NYJ,25SEP21NYJTB,0.53,0.02
2025-09-15 04:00:00,0.28,0.28,0.27,NYJ,25SEP21NYJTB,0.53,0.02
2025-09-15 05:00:00,0.28,0.28,0.28,NYJ,25SEP21NYJTB,0.53,0.02
2025-09-15 06:00:00,0.27,0.28,0.27,NYJ,25SEP21NYJTB,0.53,0.02
2025-09-15 07:00:00,0.27,0.27,0.27,NYJ,25SEP21NYJTB,0.53,0.02
2025-09-15 08:00:00,0.27,0.27,0.27,NYJ,25SEP21NYJTB,0.53,0.02
2025-09-15 09:00:00,0.27,0.27,0.27,NYJ,25SEP21NYJTB,0.53,0.02
2025-09-15 10:00:00,0.27,0.27,0.27,NYJ,25SEP21NYJTB,0.53,0.02
2025-09-15 11:00:00,0.27,0.27,0.27,NYJ,25SEP21NYJTB,0.53,0.02
2025-09-15 12:00:00,0.27,0.27,0.27,NYJ,25SEP21NYJTB,0.53,0.02
2025-09-15 13:00:00,0.28,0.28,0.28,NYJ,25SEP21NYJTB,0.53,0.02
2025-09-15 14:00:00,0.27,0.28,0.27,NYJ,25SEP21NYJTB,0.53,0.02
2025-09-15 15:00:00,0.27,0.27,0.27,NYJ,25SEP21NYJTB,0.53,0.02
2025-09-15 16:00:00,0.26,0.27,0.26,NYJ,25SEP21NYJTB,0.53,0.02
2025-09-15 17:00:00,0.23,0.27,0.23,NYJ,25SEP21NYJTB,0.53,0.02
2025-09-15 18:00:00,0.23,0.27,0.23,NYJ,25SEP21NYJTB,0.53,0.02
2025-09-15 19:00:00,0.27,0.27,0.27,NYJ,25SEP21NYJTB,-0.56,0.02
2025-09-15 20:00:00,0.27,0.27,0.27,NYJ,25SEP21NYJTB,-0.56,0.02
2025-09-15 21:00:00,0.25,0.25,0.25,NYJ,25SEP21NYJTB,-0.56,0.02
2025-09-15 22:00:00,0.27,0.27,0.26,NYJ,25SEP21NYJTB,-0.56,0.02
2025-09-15 23:00:00,0.27,0.27,0.27,NYJ,25SEP21NYJTB,-0.56,0.02
2025-09-16 00:00:00,0.27,0.27,0.27,NYJ,25SEP21NYJTB,-0.56,0.02
2025-09-16 01:00:00,0.26,0.27,0.23,NYJ,25SEP21NYJTB,-0.56,0.02
2025-09-16 02:00:00,0.27,0.27,0.24,NYJ,25SEP21NYJTB,-0.56,0.02
2025-09-16 03:00:00,0.27,0.27,0.25,NYJ,25SEP21NYJTB,-0.56,0.02
2025-09-16 04:00:00,0.27,0.27,0.25,NYJ,25SEP21NYJTB,-0.56,0.02
2025-09-16 05:00:00,0.24,0.27,0.24,NYJ,25SEP21NYJTB,-0.56,0.02
2025-09-16 06:00:00,0.27,0.27,0.24,NYJ,25SEP21NYJTB,-0.56,0.02
2025-09-16 07:00:00,0.27,0.27,0.27,NYJ,25SEP21NYJTB,-0.56,0.02
2025-09-16 08:00:00,0.27,0.27,0.27,NYJ,25SEP21NYJTB,-0.56,0.02
2025-09-16 09:00:00,0.27,0.27,0.27,NYJ,25SEP21NYJTB,-0.56,0.02
2025-09-16 10:00:00,0.27,0.27,0.27,NYJ,25SEP21NYJTB,-0.56,0.02
2025-09-16 11:00:00,0.27,0.27,0.27,NYJ,25SEP21NYJTB,-0.56,0.02
2025-09-16 12:00:00,0.27,0.27,0.27,NYJ,25SEP21NYJTB,-0.56,0.02
2025-09-16 13:00:00,0.27,0.27,0.24,NYJ,25SEP21NYJTB,-0.56,0.02
2025-09-16 14:00:00,0.26,0.27,0.24,NYJ,25SEP21NYJTB,-0.56,0.02
2025-09-16 15:00:00,0.26,0.26,0.23,NYJ,25SEP21NYJTB,-0.56,0.02
2025-09-16 16:00:00,0.26,0.26,0.26,NYJ,25SEP21NYJTB,-0.56,0.02
2025-09-16 17:00:00,0.26,0.26,0.25,NYJ,25SEP21NYJTB,-0.56,0.02
2025-09-16 18:00:00,0.26,0.26,0.24,NYJ,25SEP21NYJTB,-0.56,0.02
2025-09-16 19:00:00,0.26,0.26,0.26,NYJ,25SEP21NYJTB,-0.56,0.02
2025-09-16 20:00:00,0.26,0.26,0.25,NYJ,25SEP21NYJTB,-0.56,0.02
2025-09-16 21:00:00,0.26,0.26,0.24,NYJ,25SEP21NYJTB,-0.56,0.02
2025-09-16 22:00:00,0.26,0.26,0.26,NYJ,25SEP21NYJTB,-0.56,0.02
2025-09-16 23:00:00,0.26,0.26,0.25,NYJ,25SEP21NYJTB,-0.56,0.02
2025-09-17 00:00:00,0.26,0.26,0.26,NYJ,25SEP21NYJTB,-0.56,0.02
2025-09-17 01:00:00,0.28,0.28,0.25,NYJ,25SEP21NYJTB,0.57,0.02
2025-09-17 02:00:00,0.28,0.28,0.27,NYJ,25SEP21NYJTB,0.57,0.02
2025-09-17 03:00:00,0.27,0.28,0.27,NYJ,25SEP21NYJTB,0.57,0.02
2025-09-17 04:00:00,0.28,0.28,0.28,NYJ,25SEP21NYJTB,0.57,0.02
2025-09-17 05:00:00,0.28,0.28,0.28,NYJ,25SEP21NYJTB,0.57,0.02
2025-09-17 06:00:00,0.28,0.28,0.27,NYJ,25SEP21NYJTB,0.57,0.02
2025-09-17 07:00:00,0.28,0.28,0.28,NYJ,25SEP21NYJTB,0.57,0.02
2025-09-17 08:00:00,0.27,0.27,0.27,NYJ,25SEP21NYJTB,0.57,0.02
2025-09-17 09:00:00,0.28,0.28,0.26,NYJ,25SEP21NYJTB,0.57,0.02
2025-09-17 10:00:00,0.28,0.28,0.26,NYJ,25SEP21NYJTB,0.57,0.02
2025-09-17 11:00:00,0.28,0.28,0.26,NYJ,25SEP21NYJTB,0.57,0.02
2025-09-17 12:00:00,0.28,0.28,0.26,NYJ,25SEP21NYJTB,0.57,0.02
2025-09-17 13:00:00,0.28,0.28,0.28,NYJ,25SEP21NYJTB,-0.75,0.02
2025-09-17 14:00:00,0.26,0.28,0.26,NYJ,25SEP21NYJTB,-0.75,0.02
2025-09-17 15:00:00,0.28,0.28,0.28,NYJ,25SEP21NYJTB,-0.75,0.02
2025-09-17 16:00:00,0.25,0.28,0.25,NYJ,25SEP21NYJTB,-0.75,0.02
2025-09-17 17:00:00,0.27,0.27,0.25,NYJ,25SEP21NYJTB,-0.75,0.02
2025-09-17 18:00:00,0.25,0.27,0.25,NYJ,25SEP21NYJTB,-0.75,0.02
2025-09-17 19:00:00,0.27,0.27,0.25,NYJ,25SEP21NYJTB,-0.75,0.02
2025-09-17 20:00:00,0.27,0.27,0.27,NYJ,25SEP21NYJTB,-0.75,0.02
2025-09-17 21:00:00,0.27,0.27,0.27,NYJ,25SEP21NYJTB,-0.75,0.02
2025-09-17 22:00:00,0.27,0.27,0.25,NYJ,25SEP21NYJTB,-0.75,0.02
2025-09-17 23:00:00,0.27,0.27,0.25,NYJ,25SEP21NYJTB,-0.75,0.02
2025-09-18 00:00:00,0.27,0.27,0.25,NYJ,25SEP21NYJTB,-0.75,0.02
2025-09-18 01:00:00,0.27,0.27,0.25,NYJ,25SEP21NYJTB,-0.75,0.02
2025-09-18 02:00:00,0.27,0.27,0.25,NYJ,25SEP21NYJTB,-0.75,0.02
2025-09-18 03:00:00,0.27,0.27,0.27,NYJ,25SEP21NYJTB,-0.75,0.02
2025-09-18 04:00:00,0.27,0.27,0.25,NYJ,25SEP21NYJTB,-0.75,0.02
2025-09-18 05:00:00,0.27,0.27,0.27,NYJ,25SEP21NYJTB,-0.75,0.02
2025-09-18 06:00:00,0.27,0.27,0.27,NYJ,25SEP21NYJTB,-0.75,0.02
2025-09-18 07:00:00,0.27,0.27,0.26,NYJ,25SEP21NYJTB,-0.75,0.02
2025-09-18 08:00:00,0.27,0.27,0.26,NYJ,25SEP21NYJTB,-0.75,0.02
2025-09-18 09:00:00,0.27,0.27,0.26,NYJ,25SEP21NYJTB,-0.75,0.02
2025-09-18 10:00:00,0.27,0.27,0.26,NYJ,25SEP21NYJTB,-0.75,0.02
2025-09-18 11:00:00,0.26,0.26,0.26,NYJ,25SEP21NYJTB,-0.75,0.02
2025-09-18 12:00:00,0.26,0.26,0.26,NYJ,25SEP21NYJTB,-0.75,0.02
2025-09-18 13:00:00,0.27,0.27,0.26,NYJ,25SEP21NYJTB,-0.75,0.02
2025-09-18 14:00:00,0.27,0.27,0.26,NYJ,25SEP21NYJTB,-0.75,0.02
2025-09-18 15:00:00,0.27,0.27,0.25,NYJ,25SEP21NYJTB,-0.75,0.02
2025-09-18 16:00:00,0.27,0.27,0.25,NYJ,25SEP21NYJTB,-0.75,0.02
2025-09-18 17:00:00,0.27,0.27,0.26,NYJ,25SEP21NYJTB,0.57,0.02
2025-09-18 18:00:00,0.26,0.27,0.25,NYJ,25SEP21NYJTB,0.57,0.02
2025-09-18 19:00:00,0.27,0.27,0.25,NYJ,25SEP21NYJTB,0.57,0.02
2025-09-18 20:00:00,0.27,0.27,0.26,NYJ,25SEP21NYJTB,0.57,0.02
2025-09-18 21:00:00,0.27,0.27,0.25,NYJ,25SEP21NYJTB,0.57,0.02
2025-09-18 22:00:00,0.27,0.27,0.25,NYJ,25SEP21NYJTB,0.57,0.02
2025-09-18 23:00:00,0.27,0.27,0.25,NYJ,25SEP21NYJTB,0.57,0.02
2025-09-19 00:00:00,0.27,0.27,0.25,NYJ,25SEP21NYJTB,0.57,0.02
2025-09-19 01:00:00,0.27,0.27,0.25,NYJ,25SEP21NYJTB,0.57,0.02
2025-09-19 02:00:00,0.27,0.27,0.25,NYJ,25SEP21NYJTB,0.57,0.02
2025-09-19 03:00:00,0.27,0.27,0.27,NYJ,25SEP21NYJTB,0.57,0.02
2025-09-19 04:00:00,0.27,0.27,0.25,NYJ,25SEP21NYJTB,0.57,0.02
2025-09-19 05:00:00,0.26,0.27,0.26,NYJ,25SEP21NYJTB,0.57,0.02
2025-09-19 06:00:00,0.27,0.27,0.26,NYJ,25SEP21NYJTB,0.57,0.02
2025-09-19 07:00:00,0.27,0.27,0.27,NYJ,25SEP21NYJTB,0.57,0.02
2025-09-19 08:00:00,0.27,0.27,0.27,NYJ,25SEP21NYJTB,0.57,0.02
2025-09-19 09:00:00,0.26,0.26,0.26,NYJ,25SEP21NYJTB,0.57,0.02
2025-09-19 10:00:00,0.26,0.26,0.26,NYJ,25SEP21NYJTB,0.57,0.02
2025-09-19 11:00:00,0.26,0.26,0.26,NYJ,25SEP21NYJTB,0.57,0.02
2025-09-19 12:00:00,0.26,0.26,0.26,NYJ,25SEP21NYJTB,0.57,0.02
2025-09-19 13:00:00,0.27,0.27,0.26,NYJ,25SEP21NYJTB,0.57,0.02
2025-09-19 14:00:00,0.27,0.27,0.26,NYJ,25SEP21NYJTB,0.57,0.02
2025-09-19 15:00:00,0.27,0.27,0.26,NYJ,25SEP21NYJTB,0.57,0.02
2025-09-19 16:00:00,0.27,0.27,0.26,NYJ,25SEP21NYJTB,0.57,0.02
2025-09-19 17:00:00,0.27,0.27,0.26,NYJ,25SEP21NYJTB,0.57,0.02
2025-09-19 18:00:00,0.27,0.27,0.26,NYJ,25SEP21NYJTB,0.57,0.02
2025-09-19 19:00:00,0.27,0.27,0.26,NYJ,25SEP21NYJTB,0.57,0.02
2025-09-19 20:00:00,0.26,0.27,0.26,NYJ,25SEP21NYJTB,0.57,0.02
2025-09-19 21:00:00,0.27,0.27,0.27,NYJ,25SEP21NYJTB,0.57,0.02
2025-09-19 22:00:00,0.27,0.27,0.27,NYJ,25SEP21NYJTB,0.57,0.02
2025-09-19 23:00:00,0.28,0.28,0.26,NYJ,25SEP21NYJTB,0.57,0.02
2025-09-20 00:00:00,0.28,0.28,0.27,NYJ,25SEP21NYJTB,0.57,0.02
2025-09-20 01:00:00,0.28,0.28,0.28,NYJ,25SEP21NYJTB,0.57,0.02
2025-09-20 02:00:00,0.28,0.28,0.26,NYJ,25SEP21NYJTB,0.57,0.02
2025-09-20 03:00:00,0.28,0.28,0.26,NYJ,25SEP21NYJTB,0.57,0.02
2025-09-20 04:00:00,0.28,0.28,0.26,NYJ,25SEP21NYJTB,0.57,0.02
2025-09-20 05:00:00,0.28,0.28,0.26,NYJ,25SEP21NYJTB,0.57,0.02
2025-09-20 06:00:00,0.28,0.28,0.26,NYJ,25SEP21NYJTB,0.57,0.02
2025-09-20 07:00:00,0.28,0.28,0.26,NYJ,25SEP21NYJTB,0.57,0.02
2025-09-20 08:00:00,0.28,0.28,0.26,NYJ,25SEP21NYJTB,0.57,0.02
2025-09-20 09:00:00,0.28,0.28,0.28,NYJ,25SEP21NYJTB,0.57,0.02
2025-09-20 10:00:00,0.28,0.28,0.28,NYJ,25SEP21NYJTB,0.57,0.02
2025-09-20 11:00:00,0.28,0.28,0.28,NYJ,25SEP21NYJTB,0.57,0.02
2025-09-20 12:00:00,0.28,0.28,0.28,NYJ,25SEP21NYJTB,0.57,0.02
2025-09-20 13:00:00,0.28,0.28,0.27,NYJ,25SEP21NYJTB,0.57,0.02
2025-09-20 14:00:00,0.27,0.28,0.26,NYJ,25SEP21NYJTB,0.57,0.02
2025-09-20 15:00:00,0.27,0.27,0.26,NYJ,25SEP21NYJTB,0.57,0.02
2025-09-20 16:00:00,0.27,0.27,0.26,NYJ,25SEP21NYJTB,0.57,0.02
2025-09-20 17:00:00,0.27,0.27,0.26,NYJ,25SEP21NYJTB,0.57,0.02
2025-09-20 18:00:00,0.26,0.27,0.26,NYJ,25SEP21NYJTB,0.57,0.02
2025-09-20 19:00:00,0.27,0.27,0.26,NYJ,25SEP21NYJTB,0.57,0.02
2025-09-20 20:00:00,0.26,0.27,0.26,NYJ,25SEP21NYJTB,0.57,0.02
2025-09-20 21:00:00,0.27,0.27,0.26,NYJ,25SEP21NYJTB,0.57,0.02
2025-09-20 22:00:00,0.27,0.27,0.26,NYJ,25SEP21NYJTB,0.57,0.02
2025-09-20 23:00:00,0.27,0.27,0.26,NYJ,25SEP21NYJTB,0.57,0.02
2025-09-21 00:00:00,0.27,0.27,0.26,NYJ,25SEP21NYJTB,0.57,0.02
2025-09-21 01:00:00,0.27,0.27,0.26,NYJ,25SEP21NYJTB,0.57,0.02
2025-09-21 02:00:00,0.26,0.27,0.26,NYJ,25SEP21NYJTB,0.57,0.02
2025-09-21 03:00:00,0.26,0.26,0.25,NYJ,25SEP21NYJTB,0.57,0.02
2025-09-21 04:00:00,0.27,0.27,0.25,NYJ,25SEP21NYJTB,0.57,0.02
2025-09-21 05:00:00,0.27,0.27,0.26,NYJ,25SEP21NYJTB,0.57,0.02
2025-09-21 06:00:00,0.27,0.27,0.25,NYJ,25SEP21NYJTB,0.57,0.02
2025-09-21 07:00:00,0.27,0.27,0.25,NYJ,25SEP21NYJTB,0.57,0.02
2025-09-21 08:00:00,0.27,0.27,0.27,NYJ,25SEP21NYJTB,0.57,0.02
2025-09-21 09:00:00,0.27,0.27,0.27,NYJ,25SEP21NYJTB,0.57,0.02
2025-09-21 10:00:00,0.27,0.27,0.27,NYJ,25SEP21NYJTB,0.57,0.02
2025-09-21 11:00:00,0.27,0.27,0.27,NYJ,25SEP21NYJTB,0.57,0.02
2025-09-21 12:00:00,0.27,0.27,0.27,NYJ,25SEP21NYJTB,0.57,0.02
2025-09-21 13:00:00,0.27,0.27,0.25,NYJ,25SEP21NYJTB,0.57,0.02
2025-09-21 14:00:00,0.27,0.27,0.25,NYJ,25SEP21NYJTB,0.57,0.02
2025-09-21 15:00:00,0.26,0.27,0.25,NYJ,25SEP21NYJTB,0.57,0.02
2025-09-21 16:00:00,0.26,0.26,0.25,NYJ,25SEP21NYJTB,0.57,0.02
2025-09-21 17:00:00,0.26,0.26,0.25,NYJ,25SEP21NYJTB,0.57,0.02
2025-09-21 18:00:00,0.19,0.38,0.14,NYJ,25SEP21NYJTB,0.57,0.02
2025-09-21 19:00:00,0.03,0.25,0.02,NYJ,25SEP21NYJTB,0.57,0.02
2025-09-21 20:00:00,0.05,0.09,0.01,NYJ,25SEP21NYJTB,0.05,1.0
2025-09-07 21:00:00,0.23,0.23,0.2,NYJ,25SEP14BUFNYJ,0.55,0.72
2025-09-07 22:00:00,0.21,0.23,0.21,NYJ,25SEP14BUFNYJ,-0.71,0.02
2025-09-07 23:00:00,0.22,0.22,0.21,NYJ,25SEP14BUFNYJ,-0.71,0.02
2025-09-08 00:00:00,0.26,0.26,0.25,NYJ,25SEP14BUFNYJ,-0.71,0.02
2025-09-08 01:00:00,0.26,0.26,0.24,NYJ,25SEP14BUFNYJ,-0.71,0.02
2025-09-08 02:00:00,0.26,0.26,0.23,NYJ,25SEP14BUFNYJ,-0.71,0.02
2025-09-08 03:00:00,0.26,0.26,0.23,NYJ,25SEP14BUFNYJ,-0.71,0.02
2025-09-08 04:00:00,0.24,0.24,0.23,NYJ,25SEP14BUFNYJ,-0.71,0.02
2025-09-08 05:00:00,0.25,0.25,0.23,NYJ,25SEP14BUFNYJ,0.61,0.02
2025-09-08 06:00:00,0.23,0.23,0.23,NYJ,25SEP14BUFNYJ,0.61,0.02
2025-09-08 07:00:00,0.25,0.25,0.24,NYJ,25SEP14BUFNYJ,0.61,0.02
2025-09-08 08:00:00,0.25,0.25,0.25,NYJ,25SEP14BUFNYJ,0.61,0.02
2025-09-08 09:00:00,0.25,0.25,0.25,NYJ,25SEP14BUFNYJ,0.61,0.02
2025-09-08 10:00:00,0.25,0.25,0.25,NYJ,25SEP14BUFNYJ,0.61,0.02
2025-09-08 11:00:00,0.25,0.25,0.25,NYJ,25SEP14BUFNYJ,0.61,0.02
2025-09-08 12:00:00,0.25,0.25,0.25,NYJ,25SEP14BUFNYJ,-0.75,0.02
2025-09-08 13:00:00,0.24,0.24,0.24,NYJ,25SEP14BUFNYJ,-0.75,0.02
2025-09-08 14:00:00,0.25,0.25,0.24,NYJ,25SEP14BUFNYJ,-0.75,0.02
2025-09-08 15:00:00,0.24,0.25,0.24,NYJ,25SEP14BUFNYJ,0.63,0.02
2025-09-08 16:00:00,0.26,0.26,0.24,NYJ,25SEP14BUFNYJ,0.63,0.02
2025-09-08 17:00:00,0.26,0.27,0.26,NYJ,25SEP14BUFNYJ,0.63,0.02
2025-09-08 18:00:00,0.26,0.26,0.26,NYJ,25SEP14BUFNYJ,0.63,0.02
2025-09-08 19:00:00,0.26,0.26,0.25,NYJ,25SEP14BUFNYJ,0.63,0.02
2025-09-08 20:00:00,0.26,0.26,0.26,NYJ,25SEP14BUFNYJ,0.63,0.02
2025-09-08 21:00:00,0.27,0.27,0.27,NYJ,25SEP14BUFNYJ,0.63,0.02
2025-09-08 22:00:00,0.27,0.27,0.27,NYJ,25SEP14BUFNYJ,0.63,0.02
2025-09-08 23:00:00,0.26,0.27,0.26,NYJ,25SEP14BUFNYJ,0.67,0.02
2025-09-09 00:00:00,0.27,0.27,0.27,NYJ,25SEP14BUFNYJ,0.67,0.02
2025-09-09 01:00:00,0.25,0.27,0.25,NYJ,25SEP14BUFNYJ,0.67,0.02
2025-09-09 02:00:00,0.27,0.27,0.27,NYJ,25SEP14BUFNYJ,0.67,0.02
2025-09-09 03:00:00,0.27,0.27,0.27,NYJ,25SEP14BUFNYJ,0.67,0.02
2025-09-09 04:00:00,0.27,0.27,0.25,NYJ,25SEP14BUFNYJ,0.67,0.02
2025-09-09 05:00:00,0.27,0.27,0.25,NYJ,25SEP14BUFNYJ,0.67,0.02
2025-09-09 06:00:00,0.27,0.27,0.27,NYJ,25SEP14BUFNYJ,0.67,0.02
2025-09-09 07:00:00,0.27,0.27,0.27,NYJ,25SEP14BUFNYJ,0.67,0.02
2025-09-09 08:00:00,0.25,0.25,0.25,NYJ,25SEP14BUFNYJ,0.67,0.02
2025-09-09 09:00:00,0.25,0.25,0.25,NYJ,25SEP14BUFNYJ,0.67,0.02
2025-09-09 10:00:00,0.25,0.25,0.25,NYJ,25SEP14BUFNYJ,0.67,0.02
2025-09-09 11:00:00,0.27,0.27,0.27,NYJ,25SEP14BUFNYJ,0.67,0.02
2025-09-09 12:00:00,0.27,0.27,0.27,NYJ,25SEP14BUFNYJ,0.67,0.02
2025-09-09 13:00:00,0.27,0.27,0.27,NYJ,25SEP14BUFNYJ,0.67,0.02
2025-09-09 14:00:00,0.27,0.27,0.25,NYJ,25SEP14BUFNYJ,0.67,0.02
2025-09-09 15:00:00,0.27,0.27,0.27,NYJ,25SEP14BUFNYJ,0.67,0.02
2025-09-09 16:00:00,0.27,0.27,0.27,NYJ,25SEP14BUFNYJ,0.67,0.02
2025-09-09 17:00:00,0.27,0.27,0.27,NYJ,25SEP14BUFNYJ,0.67,0.02
2025-09-09 18:00:00,0.27,0.27,0.27,NYJ,25SEP14BUFNYJ,0.67,0.02
2025-09-09 19:00:00,0.27,0.27,0.27,NYJ,25SEP14BUFNYJ,0.67,0.02
2025-09-09 20:00:00,0.27,0.27,0.27,NYJ,25SEP14BUFNYJ,0.67,0.02
2025-09-09 21:00:00,0.26,0.27,0.26,NYJ,25SEP14BUFNYJ,0.67,0.02
2025-09-09 22:00:00,0.26,0.27,0.26,NYJ,25SEP14BUFNYJ,0.67,0.02
2025-09-09 23:00:00,0.27,0.27,0.26,NYJ,25SEP14BUFNYJ,0.61,0.02
2025-09-10 00:00:00,0.27,0.27,0.27,NYJ,25SEP14BUFNYJ,0.61,0.02
2025-09-10 01:00:00,0.27,0.27,0.26,NYJ,25SEP14BUFNYJ,0.61,0.02
2025-09-10 02:00:00,0.27,0.27,0.25,NYJ,25SEP14BUFNYJ,0.61,0.02
2025-09-10 03:00:00,0.27,0.27,0.27,NYJ,25SEP14BUFNYJ,0.61,0.02
2025-09-10 04:00:00,0.27,0.27,0.27,NYJ,25SEP14BUFNYJ,0.61,0.02
2025-09-10 05:00:00,0.27,0.27,0.25,NYJ,25SEP14BUFNYJ,0.61,0.02
2025-09-10 06:00:00,0.27,0.27,0.27,NYJ,25SEP14BUFNYJ,0.61,0.02
2025-09-10 07:00:00,0.27,0.27,0.27,NYJ,25SEP14BUFNYJ,0.61,0.02
2025-09-10 08:00:00,0.27,0.27,0.27,NYJ,25SEP14BUFNYJ,0.61,0.02
2025-09-10 09:00:00,0.27,0.27,0.27,NYJ,25SEP14BUFNYJ,0.61,0.02
2025-09-10 10:00:00,0.27,0.27,0.27,NYJ,25SEP14BUFNYJ,0.61,0.02
2025-09-10 11:00:00,0.27,0.27,0.27,NYJ,25SEP14BUFNYJ,0.61,0.02
2025-09-10 12:00:00,0.27,0.27,0.27,NYJ,25SEP14BUFNYJ,0.61,0.02
2025-09-10 13:00:00,0.27,0.27,0.25,NYJ,25SEP14BUFNYJ,0.61,0.02
2025-09-10 14:00:00,0.27,0.27,0.27,NYJ,25SEP14BUFNYJ,0.61,0.02
2025-09-10 15:00:00,0.27,0.27,0.27,NYJ,25SEP14BUFNYJ,0.61,0.02
2025-09-10 16:00:00,0.27,0.27,0.27,NYJ,25SEP14BUFNYJ,0.61,0.02
2025-09-10 17:00:00,0.26,0.26,0.25,NYJ,25SEP14BUFNYJ,0.52,0.02
2025-09-10 18:00:00,0.27,0.27,0.25,NYJ,25SEP14BUFNYJ,0.52,0.02
2025-09-10 19:00:00,0.27,0.27,0.27,NYJ,25SEP14BUFNYJ,0.52,0.02
2025-09-10 20:00:00,0.26,0.27,0.25,NYJ,25SEP14BUFNYJ,0.52,0.02
2025-09-10 21:00:00,0.27,0.27,0.26,NYJ,25SEP14BUFNYJ,0.52,0.02
2025-09-10 22:00:00,0.27,0.27,0.27,NYJ,25SEP14BUFNYJ,0.52,0.02
2025-09-10 23:00:00,0.27,0.27,0.27,NYJ,25SEP14BUFNYJ,0.52,0.02
2025-09-11 00:00:00,0.27,0.27,0.27,NYJ,25SEP14BUFNYJ,0.52,0.02
2025-09-11 01:00:00,0.27,0.27,0.27,NYJ,25SEP14BUFNYJ,0.52,0.02
2025-09-11 02:00:00,0.27,0.27,0.25,NYJ,25SEP14BUFNYJ,0.52,0.02
2025-09-11 03:00:00,0.27,0.27,0.27,NYJ,25SEP14BUFNYJ,0.52,0.02
2025-09-11 04:00:00,0.27,0.27,0.26,NYJ,25SEP14BUFNYJ,0.52,0.02
2025-09-11 05:00:00,0.27,0.27,0.27,NYJ,25SEP14BUFNYJ,0.52,0.02
2025-09-11 06:00:00,0.27,0.27,0.27,NYJ,25SEP14BUFNYJ,0.52,0.02
2025-09-11 07:00:00,0.27,0.27,0.27,NYJ,25SEP14BUFNYJ,0.52,0.02
2025-09-11 08:00:00,0.27,0.27,0.27,NYJ,25SEP14BUFNYJ,0.52,0.02
2025-09-11 09:00:00,0.27,0.27,0.27,NYJ,25SEP14BUFNYJ,0.52,0.02
2025-09-11 10:00:00,0.27,0.27,0.27,NYJ,25SEP14BUFNYJ,0.52,0.02
2025-09-11 11:00:00,0.27,0.27,0.27,NYJ,25SEP14BUFNYJ,0.52,0.02
2025-09-11 12:00:00,0.27,0.27,0.27,NYJ,25SEP14BUFNYJ,0.52,0.02
2025-09-11 13:00:00,0.27,0.27,0.27,NYJ,25SEP14BUFNYJ,0.52,0.02
2025-09-11 14:00:00,0.26,0.27,0.26,NYJ,25SEP14BUFNYJ,0.52,0.02
2025-09-11 15:00:00,0.27,0.27,0.27,NYJ,25SEP14BUFNYJ,0.52,0.02
2025-09-11 16:00:00,0.27,0.27,0.26,NYJ,25SEP14BUFNYJ,0.52,0.02
2025-09-11 17:00:00,0.27,0.27,0.27,NYJ,25SEP14BUFNYJ,0.52,0.02
2025-09-11 18:00:00,0.28,0.28,0.27,NYJ,25SEP14BUFNYJ,0.52,0.02
2025-09-11 19:00:00,0.28,0.28,0.28,NYJ,25SEP14BUFNYJ,0.52,0.02
2025-09-11 20:00:00,0.27,0.28,0.26,NYJ,25SEP14BUFNYJ,0.52,0.02
2025-09-11 21:00:00,0.28,0.28,0.26,NYJ,25SEP14BUFNYJ,0.52,0.02
2025-09-11 22:00:00,0.28,0.28,0.28,NYJ,25SEP14BUFNYJ,0.52,0.02
2025-09-11 23:00:00,0.28,0.28,0.26,NYJ,25SEP14BUFNYJ,0.56,0.02
2025-09-12 00:00:00,0.28,0.28,0.28,NYJ,25SEP14BUFNYJ,0.56,0.02
2025-09-12 01:00:00,0.28,0.28,0.28,NYJ,25SEP14BUFNYJ,0.56,0.02
2025-09-12 02:00:00,0.26,0.28,0.26,NYJ,25SEP14BUFNYJ,0.56,0.02
2025-09-12 03:00:00,0.28,0.28,0.26,NYJ,25SEP14BUFNYJ,0.56,0.02
2025-09-12 04:00:00,0.28,0.28,0.26,NYJ,25SEP14BUFNYJ,0.56,0.02
2025-09-12 05:00:00,0.28,0.28,0.27,NYJ,25SEP14BUFNYJ,0.56,0.02
2025-09-12 06:00:00,0.28,0.28,0.28,NYJ,25SEP14BUFNYJ,0.56,0.02
2025-09-12 07:00:00,0.28,0.28,0.28,NYJ,25SEP14BUFNYJ,0.56,0.02
2025-09-12 08:00:00,0.28,0.28,0.28,NYJ,25SEP14BUFNYJ,0.56,0.02
2025-09-12 09:00:00,0.28,0.28,0.28,NYJ,25SEP14BUFNYJ,0.56,0.02
2025-09-12 10:00:00,0.28,0.28,0.28,NYJ,25SEP14BUFNYJ,0.56,0.02
2025-09-12 11:00:00,0.28,0.28,0.28,NYJ,25SEP14BUFNYJ,0.56,0.02
2025-09-12 12:00:00,0.28,0.28,0.28,NYJ,25SEP14BUFNYJ,0.56,0.02
2025-09-12 13:00:00,0.27,0.28,0.27,NYJ,25SEP14BUFNYJ,0.56,0.02
2025-09-12 14:00:00,0.28,0.28,0.28,NYJ,25SEP14BUFNYJ,0.56,0.02
2025-09-12 15:00:00,0.28,0.28,0.28,NYJ,25SEP14BUFNYJ,0.56,0.02
2025-09-12 16:00:00,0.27,0.28,0.27,NYJ,25SEP14BUFNYJ,0.56,0.02
2025-09-12 17:00:00,0.27,0.27,0.26,NYJ,25SEP14BUFNYJ,0.56,0.02
2025-09-12 18:00:00,0.28,0.28,0.26,NYJ,25SEP14BUFNYJ,0.56,0.02
2025-09-12 19:00:00,0.28,0.28,0.28,NYJ,25SEP14BUFNYJ,0.56,0.02
2025-09-12 20:00:00,0.28,0.28,0.26,NYJ,25SEP14BUFNYJ,0.56,0.02
2025-09-12 21:00:00,0.28,0.28,0.26,NYJ,25SEP14BUFNYJ,0.56,0.02
2025-09-12 22:00:00,0.28,0.28,0.27,NYJ,25SEP14BUFNYJ,0.56,0.02
2025-09-12 23:00:00,0.28,0.28,0.28,NYJ,25SEP14BUFNYJ,0.56,0.02
2025-09-13 00:00:00,0.28,0.28,0.26,NYJ,25SEP14BUFNYJ,0.56,0.02
2025-09-13 01:00:00,0.28,0.28,0.26,NYJ,25SEP14BUFNYJ,0.56,0.02
2025-09-13 02:00:00,0.28,0.28,0.28,NYJ,25SEP14BUFNYJ,0.56,0.02
2025-09-13 03:00:00,0.28,0.28,0.26,NYJ,25SEP14BUFNYJ,0.56,0.02
2025-09-13 04:00:00,0.27,0.28,0.27,NYJ,25SEP14BUFNYJ,0.56,0.02
2025-09-13 05:00:00,0.27,0.28,0.27,NYJ,25SEP14BUFNYJ,0.56,0.02
2025-09-13 06:00:00,0.28,0.28,0.26,NYJ,25SEP14BUFNYJ,0.56,0.02
2025-09-13 07:00:00,0.28,0.28,0.28,NYJ,25SEP14BUFNYJ,0.56,0.02
2025-09-13 08:00:00,0.28,0.28,0.28,NYJ,25SEP14BUFNYJ,0.56,0.02
2025-09-13 09:00:00,0.26,0.26,0.26,NYJ,25SEP14BUFNYJ,0.56,0.02
2025-09-13 10:00:00,0.28,0.28,0.28,NYJ,25SEP14BUFNYJ,0.56,0.02
2025-09-13 11:00:00,0.28,0.28,0.28,NYJ,25SEP14BUFNYJ,0.56,0.02
2025-09-13 12:00:00,0.28,0.28,0.28,NYJ,25SEP14BUFNYJ,0.56,0.02
2025-09-13 13:00:00,0.28,0.28,0.26,NYJ,25SEP14BUFNYJ,0.56,0.02
2025-09-13 14:00:00,0.28,0.28,0.28,NYJ,25SEP14BUFNYJ,0.56,0.02
2025-09-13 15:00:00,0.28,0.28,0.28,NYJ,25SEP14BUFNYJ,0.56,0.02
2025-09-13 16:00:00,0.28,0.28,0.26,NYJ,25SEP14BUFNYJ,0.56,0.02
2025-09-13 17:00:00,0.28,0.28,0.28,NYJ,25SEP14BUFNYJ,0.56,0.02
2025-09-13 18:00:00,0.28,0.28,0.26,NYJ,25SEP14BUFNYJ,0.56,0.02
2025-09-13 19:00:00,0.28,0.28,0.27,NYJ,25SEP14BUFNYJ,0.56,0.02
2025-09-13 20:00:00,0.28,0.28,0.27,NYJ,25SEP14BUFNYJ,0.56,0.02
2025-09-13 21:00:00,0.26,0.28,0.26,NYJ,25SEP14BUFNYJ,0.56,0.02
2025-09-13 22:00:00,0.28,0.28,0.27,NYJ,25SEP14BUFNYJ,0.56,0.02
2025-09-13 23:00:00,0.28,0.28,0.27,NYJ,25SEP14BUFNYJ,0.56,0.02
2025-09-14 00:00:00,0.28,0.28,0.27,NYJ,25SEP14BUFNYJ,0.56,0.02
2025-09-14 01:00:00,0.28,0.28,0.27,NYJ,25SEP14BUFNYJ,0.56,0.02
2025-09-14 02:00:00,0.28,0.28,0.27,NYJ,25SEP14BUFNYJ,0.56,0.02
2025-09-14 03:00:00,0.29,0.29,0.27,NYJ,25SEP14BUFNYJ,0.56,0.02
2025-09-14 04:00:00,0.29,0.29,0.27,NYJ,25SEP14BUFNYJ,0.56,0.02
2025-09-14 05:00:00,0.29,0.29,0.27,NYJ,25SEP14BUFNYJ,0.56,0.02
2025-09-14 06:00:00,0.28,0.29,0.27,NYJ,25SEP14BUFNYJ,0.56,0.02
2025-09-14 07:00:00,0.29,0.29,0.27,NYJ,25SEP14BUFNYJ,0.56,0.02
2025-09-14 08:00:00,0.29,0.29,0.27,NYJ,25SEP14BUFNYJ,0.56,0.02
2025-09-14 09:00:00,0.29,0.29,0.27,NYJ,25SEP14BUFNYJ,0.56,0.02
2025-09-14 10:00:00,0.29,0.29,0.29,NYJ,25SEP14BUFNYJ,0.56,0.02
2025-09-14 11:00:00,0.29,0.29,0.29,NYJ,25SEP14BUFNYJ,0.56,0.02
2025-09-14 12:00:00,0.29,0.29,0.27,NYJ,25SEP14BUFNYJ,0.56,0.02
2025-09-14 13:00:00,0.29,0.29,0.27,NYJ,25SEP14BUFNYJ,0.56,0.02
2025-09-14 14:00:00,0.29,0.29,0.27,NYJ,25SEP14BUFNYJ,0.53,0.02
2025-09-14 15:00:00,0.29,0.29,0.28,NYJ,25SEP14BUFNYJ,0.53,0.02
2025-09-14 16:00:00,0.29,0.29,0.28,NYJ,25SEP14BUFNYJ,0.53,0.02
2025-09-14 17:00:00,0.3,0.3,0.28,NYJ,25SEP14BUFNYJ,0.53,0.02
2025-09-14 18:00:00,0.03,0.32,0.03,NYJ,25SEP14BUFNYJ,0.53,0.02
2025-09-14 19:00:00,0.01,0.04,0.01,NYJ,25SEP14BUFNYJ,0.53,0.02
2025-09-14 20:00:00,0.01,0.02,0.01,NYJ,25SEP14BUFNYJ,0.53,0.02
2025-08-31 21:00:00,0.42,0.42,0.42,NYJ,25SEP07PITNYJ,-0.66,0.0
2025-08-31 22:00:00,0.43,0.43,0.43,NYJ,25SEP07PITNYJ,-0.66,0.0
2025-08-31 23:00:00,0.43,0.43,0.43,NYJ,25SEP07PITNYJ,-0.66,0.0
2025-09-01 00:00:00,0.43,0.43,0.43,NYJ,25SEP07PITNYJ,-0.66,0.0
2025-09-01 01:00:00,0.43,0.43,0.43,NYJ,25SEP07PITNYJ,-0.66,0.0
2025-09-01 02:00:00,0.43,0.43,0.43,NYJ,25SEP07PITNYJ,-0.66,0.0
2025-09-01 03:00:00,0.43,0.43,0.43,NYJ,25SEP07PITNYJ,-0.66,0.0
2025-09-01 04:00:00,0.42,0.42,0.42,NYJ,25SEP07PITNYJ,-0.66,0.0
2025-09-01 05:00:00,0.42,0.42,0.42,NYJ,25SEP07PITNYJ,-0.66,0.0
2025-09-01 06:00:00,0.42,0.42,0.42,NYJ,25SEP07PITNYJ,-0.66,0.0
2025-09-01 07:00:00,0.42,0.42,0.42,NYJ,25SEP07PITNYJ,-0.66,0.0
2025-09-01 08:00:00,0.42,0.42,0.42,NYJ,25SEP07PITNYJ,-0.66,0.0
2025-09-01 09:00:00,0.42,0.42,0.42,NYJ,25SEP07PITNYJ,-0.66,0.0
2025-09-01 10:00:00,0.42,0.42,0.42,NYJ,25SEP07PITNYJ,-0.66,0.0
2025-09-01 11:00:00,0.42,0.42,0.42,NYJ,25SEP07PITNYJ,-0.66,0.0
2025-09-01 12:00:00,0.42,0.42,0.42,NYJ,25SEP07PITNYJ,-0.66,0.0
2025-09-01 13:00:00,0.42,0.42,0.42,NYJ,25SEP07PITNYJ,-0.66,0.0
2025-09-01 14:00:00,0.42,0.42,0.42,NYJ,25SEP07PITNYJ,-0.66,0.0
2025-09-01 15:00:00,0.42,0.42,0.42,NYJ,25SEP07PITNYJ,-0.66,0.0
2025-09-01 16:00:00,0.42,0.42,0.42,NYJ,25SEP07PITNYJ,-0.66,0.0
2025-09-01 17:00:00,0.42,0.42,0.42,NYJ,25SEP07PITNYJ,-0.66,0.0
2025-09-01 18:00:00,0.42,0.42,0.42,NYJ,25SEP07PITNYJ,-0.66,0.0
2025-09-01 19:00:00,0.42,0.42,0.42,NYJ,25SEP07PITNYJ,-0.66,0.0
2025-09-01 20:00:00,0.42,0.42,0.42,NYJ,25SEP07PITNYJ,-0.66,0.0
2025-09-01 21:00:00,0.42,0.42,0.42,NYJ,25SEP07PITNYJ,-0.66,0.0
2025-09-01 22:00:00,0.42,0.42,0.42,NYJ,25SEP07PITNYJ,-0.66,0.0
2025-09-01 23:00:00,0.42,0.42,0.41,NYJ,25SEP07PITNYJ,-0.66,0.0
2025-09-02 00:00:00,0.4,0.4,0.4,NYJ,25SEP07PITNYJ,-0.66,0.0
2025-09-02 01:00:00,0.42,0.42,0.42,NYJ,25SEP07PITNYJ,-0.66,0.0
2025-09-02 02:00:00,0.42,0.42,0.42,NYJ,25SEP07PITNYJ,-0.66,0.0
2025-09-02 03:00:00,0.42,0.42,0.42,NYJ,25SEP07PITNYJ,-0.66,0.0
2025-09-02 04:00:00,0.41,0.41,0.41,NYJ,25SEP07PITNYJ,-0.66,0.0
2025-09-02 05:00:00,0.42,0.42,0.42,NYJ,25SEP07PITNYJ,-0.66,0.0
2025-09-02 06:00:00,0.42,0.42,0.42,NYJ,25SEP07PITNYJ,-0.66,0.0
2025-09-02 07:00:00,0.42,0.42,0.42,NYJ,25SEP07PITNYJ,-0.66,0.0
2025-09-02 08:00:00,0.42,0.42,0.42,NYJ,25SEP07PITNYJ,-0.66,0.0
2025-09-02 09:00:00,0.42,0.42,0.42,NYJ,25SEP07PITNYJ,-0.66,0.0
2025-09-02 10:00:00,0.42,0.42,0.42,NYJ,25SEP07PITNYJ,-0.66,0.0
2025-09-02 11:00:00,0.42,0.42,0.42,NYJ,25SEP07PITNYJ,-0.66,0.0
2025-09-02 12:00:00,0.42,0.42,0.42,NYJ,25SEP07PITNYJ,-0.66,0.0
2025-09-02 13:00:00,0.42,0.42,0.42,NYJ,25SEP07PITNYJ,-0.66,0.0
2025-09-02 14:00:00,0.42,0.42,0.42,NYJ,25SEP07PITNYJ,-0.66,0.0
2025-09-02 15:00:00,0.42,0.42,0.42,NYJ,25SEP07PITNYJ,-0.66,0.0
2025-09-02 16:00:00,0.42,0.42,0.42,NYJ,25SEP07PITNYJ,-0.66,0.0
2025-09-02 17:00:00,0.42,0.42,0.42,NYJ,25SEP07PITNYJ,-0.66,0.0
2025-09-02 18:00:00,0.42,0.42,0.42,NYJ,25SEP07PITNYJ,-0.66,0.0
2025-09-02 19:00:00,0.42,0.42,0.42,NYJ,25SEP07PITNYJ,-0.66,0.0
2025-09-02 20:00:00,0.42,0.42,0.42,NYJ,25SEP07PITNYJ,-0.66,0.0
2025-09-02 21:00:00,0.42,0.42,0.41,NYJ,25SEP07PITNYJ,-0.66,0.0
2025-09-02 22:00:00,0.43,0.43,0.43,NYJ,25SEP07PITNYJ,-0.66,0.0
2025-09-02 23:00:00,0.43,0.43,0.43,NYJ,25SEP07PITNYJ,-0.66,0.0
2025-09-03 00:00:00,0.43,0.43,0.42,NYJ,25SEP07PITNYJ,-0.66,0.0
2025-09-03 01:00:00,0.43,0.43,0.43,NYJ,25SEP07PITNYJ,-0.66,0.0
2025-09-03 02:00:00,0.43,0.43,0.43,NYJ,25SEP07PITNYJ,-0.66,0.0
2025-09-03 03:00:00,0.43,0.43,0.43,NYJ,25SEP07PITNYJ,-0.66,0.0
2025-09-03 04:00:00,0.43,0.43,0.43,NYJ,25SEP07PITNYJ,-0.66,0.0
2025-09-03 05:00:00,0.43,0.43,0.43,NYJ,25SEP07PITNYJ,-0.66,0.0
2025-09-03 06:00:00,0.43,0.43,0.43,NYJ,25SEP07PITNYJ,-0.66,0.0
2025-09-03 07:00:00,0.42,0.43,0.42,NYJ,25SEP07PITNYJ,-0.66,0.0
2025-09-03 08:00:00,0.42,0.43,0.42,NYJ,25SEP07PITNYJ,-0.66,0.0
2025-09-03 09:00:00,0.42,0.43,0.42,NYJ,25SEP07PITNYJ,-0.66,0.0
2025-09-03 10:00:00,0.42,0.43,0.42,NYJ,25SEP07PITNYJ,-0.66,0.0
2025-09-03 11:00:00,0.43,0.43,0.43,NYJ,25SEP07PITNYJ,-0.66,0.0
2025-09-03 12:00:00,0.43,0.43,0.43,NYJ,25SEP07PITNYJ,-0.66,0.0
2025-09-03 13:00:00,0.43,0.43,0.43,NYJ,25SEP07PITNYJ,-0.71,0.0
2025-09-03 14:00:00,0.43,0.43,0.41,NYJ,25SEP07PITNYJ,-0.71,0.0
2025-09-03 15:00:00,0.43,0.43,0.42,NYJ,25SEP07PITNYJ,-0.71,0.0
2025-09-03 16:00:00,0.43,0.43,0.43,NYJ,25SEP07PITNYJ,-0.71,0.0
2025-09-03 17:00:00,0.43,0.43,0.42,NYJ,25SEP07PITNYJ,-0.2,0.72
2025-09-03 18:00:00,0.43,0.43,0.42,NYJ,25SEP07PITNYJ,-0.2,0.72
2025-09-03 19:00:00,0.43,0.43,0.43,NYJ,25SEP07PITNYJ,-0.2,0.72
2025-09-03 20:00:00,0.42,0.43,0.42,NYJ,25SEP07PITNYJ,-0.2,0.72
2025-09-03 21:00:00,0.42,0.43,0.42,NYJ,25SEP07PITNYJ,-0.2,0.72
2025-09-03 22:00:00,0.43,0.43,0.43,NYJ,25SEP07PITNYJ,-0.2,0.72
2025-09-03 23:00:00,0.42,0.43,0.42,NYJ,25SEP07PITNYJ,-0.2,0.72
2025-09-04 00:00:00,0.43,0.43,0.43,NYJ,25SEP07PITNYJ,-0.2,0.72
2025-09-04 01:00:00,0.43,0.43,0.43,NYJ,25SEP07PITNYJ,-0.2,0.72
2025-09-04 02:00:00,0.43,0.43,0.43,NYJ,25SEP07PITNYJ,-0.2,0.72
2025-09-04 03:00:00,0.43,0.43,0.43,NYJ,25SEP07PITNYJ,-0.2,0.72
2025-09-04 04:00:00,0.42,0.43,0.42,NYJ,25SEP07PITNYJ,-0.2,0.72
2025-09-04 05:00:00,0.43,0.43,0.43,NYJ,25SEP07PITNYJ,-0.2,0.72
2025-09-04 06:00:00,0.43,0.43,0.43,NYJ,25SEP07PITNYJ,-0.2,0.72
2025-09-04 07:00:00,0.43,0.43,0.43,NYJ,25SEP07PITNYJ,-0.2,0.72
2025-09-04 08:00:00,0.43,0.43,0.43,NYJ,25SEP07PITNYJ,-0.2,0.72
2025-09-04 09:00:00,0.43,0.43,0.43,NYJ,25SEP07PITNYJ,-0.2,0.72
2025-09-04 10:00:00,0.43,0.43,0.43,NYJ,25SEP07PITNYJ,-0.2,0.72
2025-09-04 11:00:00,0.43,0.43,0.43,NYJ,25SEP07PITNYJ,-0.2,0.72
2025-09-04 12:00:00,0.44,0.44,0.44,NYJ,25SEP07PITNYJ,-0.2,0.72
2025-09-04 13:00:00,0.44,0.44,0.44,NYJ,25SEP07PITNYJ,-0.2,0.72
2025-09-04 14:00:00,0.44,0.45,0.43,NYJ,25SEP07PITNYJ,-0.2,0.72
2025-09-04 15:00:00,0.43,0.44,0.43,NYJ,25SEP07PITNYJ,-0.66,0.72
2025-09-04 16:00:00,0.43,0.43,0.43,NYJ,25SEP07PITNYJ,-0.66,0.72
2025-09-04 17:00:00,0.43,0.43,0.43,NYJ,25SEP07PITNYJ,-0.66,0.72
2025-09-04 18:00:00,0.43,0.43,0.42,NYJ,25SEP07PITNYJ,-0.66,0.72
2025-09-04 19:00:00,0.43,0.43,0.42,NYJ,25SEP07PITNYJ,-0.66,0.72
2025-09-04 20:00:00,0.42,0.43,0.42,NYJ,25SEP07PITNYJ,-0.66,0.72
2025-09-04 21:00:00,0.42,0.43,0.42,NYJ,25SEP07PITNYJ,-0.66,0.72
2025-09-04 22:00:00,0.42,0.42,0.42,NYJ,25SEP07PITNYJ,-0.66,0.72
2025-09-04 23:00:00,0.42,0.42,0.42,NYJ,25SEP07PITNYJ,-0.66,0.72
2025-09-05 00:00:00,0.42,0.42,0.42,NYJ,25SEP07PITNYJ,-0.66,0.72
2025-09-05 01:00:00,0.42,0.42,0.42,NYJ,25SEP07PITNYJ,-0.66,0.72
2025-09-05 02:00:00,0.42,0.42,0.42,NYJ,25SEP07PITNYJ,-0.66,0.72
2025-09-05 03:00:00,0.42,0.42,0.42,NYJ,25SEP07PITNYJ,-0.66,0.72
2025-09-05 04:00:00,0.42,0.42,0.42,NYJ,25SEP07PITNYJ,-0.66,0.72
2025-09-05 05:00:00,0.42,0.42,0.41,NYJ,25SEP07PITNYJ,-0.66,0.72
2025-09-05 06:00:00,0.42,0.42,0.41,NYJ,25SEP07PITNYJ,-0.66,0.72
2025-09-05 07:00:00,0.42,0.42,0.42,NYJ,25SEP07PITNYJ,-0.66,0.72
2025-09-05 08:00:00,0.42,0.42,0.42,NYJ,25SEP07PITNYJ,-0.66,0.72
2025-09-05 09:00:00,0.42,0.42,0.42,NYJ,25SEP07PITNYJ,-0.66,0.72
2025-09-05 10:00:00,0.42,0.42,0.42,NYJ,25SEP07PITNYJ,-0.66,0.72
2025-09-05 11:00:00,0.42,0.42,0.42,NYJ,25SEP07PITNYJ,-0.66,0.72
2025-09-05 12:00:00,0.42,0.42,0.42,NYJ,25SEP07PITNYJ,-0.66,0.72
2025-09-05 13:00:00,0.42,0.42,0.41,NYJ,25SEP07PITNYJ,-0.66,0.72
2025-09-05 14:00:00,0.42,0.42,0.41,NYJ,25SEP07PITNYJ,-0.66,0.72
2025-09-05 15:00:00,0.42,0.42,0.41,NYJ,25SEP07PITNYJ,-0.66,0.72
2025-09-05 16:00:00,0.43,0.43,0.41,NYJ,25SEP07PITNYJ,-0.66,0.72
2025-09-05 17:00:00,0.43,0.43,0.41,NYJ,25SEP07PITNYJ,-0.66,0.72
2025-09-05 18:00:00,0.43,0.43,0.41,NYJ,25SEP07PITNYJ,-0.66,0.72
2025-09-05 19:00:00,0.43,0.43,0.43,NYJ,25SEP07PITNYJ,-0.66,0.72
2025-09-05 20:00:00,0.42,0.43,0.42,NYJ,25SEP07PITNYJ,-0.66,0.72
2025-09-05 21:00:00,0.42,0.43,0.42,NYJ,25SEP07PITNYJ,-0.66,0.72
2025-09-05 22:00:00,0.42,0.42,0.41,NYJ,25SEP07PITNYJ,-0.66,0.72
2025-09-05 23:00:00,0.42,0.42,0.41,NYJ,25SEP07PITNYJ,-0.66,0.72
2025-09-06 00:00:00,0.42,0.42,0.42,NYJ,25SEP07PITNYJ,-0.66,0.72
2025-09-06 01:00:00,0.42,0.42,0.41,NYJ,25SEP07PITNYJ,-0.66,0.72
2025-09-06 02:00:00,0.42,0.42,0.42,NYJ,25SEP07PITNYJ,-0.66,0.72
2025-09-06 03:00:00,0.42,0.42,0.42,NYJ,25SEP07PITNYJ,-0.66,0.72
2025-09-06 04:00:00,0.42,0.42,0.42,NYJ,25SEP07PITNYJ,-0.66,0.72
2025-09-06 05:00:00,0.42,0.42,0.42,NYJ,25SEP07PITNYJ,-0.66,0.72
2025-09-06 06:00:00,0.42,0.42,0.41,NYJ,25SEP07PITNYJ,-0.66,0.72
2025-09-06 07:00:00,0.42,0.42,0.42,NYJ,25SEP07PITNYJ,-0.66,0.72
2025-09-06 08:00:00,0.42,0.42,0.42,NYJ,25SEP07PITNYJ,-0.66,0.72
2025-09-06 09:00:00,0.42,0.42,0.42,NYJ,25SEP07PITNYJ,-0.66,0.72
2025-09-06 10:00:00,0.42,0.42,0.41,NYJ,25SEP07PITNYJ,-0.66,0.72
2025-09-06 11:00:00,0.42,0.42,0.42,NYJ,25SEP07PITNYJ,-0.66,0.72
2025-09-06 12:00:00,0.42,0.42,0.42,NYJ,25SEP07PITNYJ,-0.66,0.72
2025-09-06 13:00:00,0.42,0.42,0.41,NYJ,25SEP07PITNYJ,-0.66,0.72
2025-09-06 14:00:00,0.42,0.42,0.42,NYJ,25SEP07PITNYJ,-0.66,0.72
2025-09-06 15:00:00,0.42,0.42,0.42,NYJ,25SEP07PITNYJ,-0.66,0.72
2025-09-06 16:00:00,0.42,0.42,0.42,NYJ,25SEP07PITNYJ,-0.66,0.72
2025-09-06 17:00:00,0.42,0.42,0.42,NYJ,25SEP07PITNYJ,-0.66,0.72
2025-09-06 18:00:00,0.42,0.42,0.41,NYJ,25SEP07PITNYJ,-0.66,0.72
2025-09-06 19:00:00,0.42,0.42,0.42,NYJ,25SEP07PITNYJ,-0.66,0.72
2025-09-06 20:00:00,0.42,0.42,0.4,NYJ,25SEP07PITNYJ,-0.66,0.72
2025-09-06 21:00:00,0.42,0.42,0.42,NYJ,25SEP07PITNYJ,-0.66,0.72
2025-09-06 22:00:00,0.42,0.42,0.4,NYJ,25SEP07PITNYJ,-0.66,0.72
2025-09-06 23:00:00,0.42,0.42,0.4,NYJ,25SEP07PITNYJ,-0.66,0.72
2025-09-07 00:00:00,0.42,0.42,0.4,NYJ,25SEP07PITNYJ,-0.66,0.72
2025-09-07 01:00:00,0.42,0.42,0.4,NYJ,25SEP07PITNYJ,-0.66,0.72
2025-09-07 02:00:00,0.42,0.42,0.4,NYJ,25SEP07PITNYJ,-0.66,0.72
2025-09-07 03:00:00,0.42,0.42,0.4,NYJ,25SEP07PITNYJ,-0.66,0.72
2025-09-07 04:00:00,0.41,0.42,0.4,NYJ,25SEP07PITNYJ,-0.66,0.72
2025-09-07 05:00:00,0.42,0.42,0.4,NYJ,25SEP07PITNYJ,-0.66,0.72
2025-09-07 06:00:00,0.41,0.42,0.4,NYJ,25SEP07PITNYJ,-0.66,0.72
2025-09-07 07:00:00,0.41,0.42,0.41,NYJ,25SEP07PITNYJ,-0.66,0.72
2025-09-07 08:00:00,0.41,0.41,0.41,NYJ,25SEP07PITNYJ,-0.66,0.72
2025-09-07 09:00:00,0.41,0.41,0.41,NYJ,25SEP07PITNYJ,-0.66,0.72
2025-09-07 10:00:00,0.41,0.41,0.41,NYJ,25SEP07PITNYJ,-0.66,0.72
2025-09-07 11:00:00,0.41,0.41,0.41,NYJ,25SEP07PITNYJ,-0.66,0.72
2025-09-07 12:00:00,0.41,0.41,0.41,NYJ,25SEP07PITNYJ,-0.65,0.72
2025-09-07 13:00:00,0.4,0.41,0.39,NYJ,25SEP07PITNYJ,0.58,0.72
2025-09-07 14:00:00,0.41,0.41,0.39,NYJ,25SEP07PITNYJ,0.58,0.72
2025-09-07 15:00:00,0.41,0.41,0.39,NYJ,25SEP07PITNYJ,0.58,0.72
2025-09-07 16:00:00,0.4,0.41,0.39,NYJ,25SEP07PITNYJ,0.55,0.72
2025-09-07 17:00:00,0.4,0.41,0.38,NYJ,25SEP07PITNYJ,0.55,0.72
2025-09-07 18:00:00,0.67,0.68,0.27,NYJ,25SEP07PITNYJ,0.55,0.72
2025-09-07 19:00:00,0.58,0.71,0.44,NYJ,25SEP07PITNYJ,0.55,0.72
2025-09-07 20:00:00,0.46,0.84,0.16,NYJ,25SEP07PITNYJ,0.55,0.72
