id,created_utc,score,upvote_ratio,num_comments,link_flair_text,text,populairity,sentiment,vader_neg,vader_neu,vader_pos,vader_compound
1p5486h,1763948395.0,119,0.96,15,,"Win or lose, fun times with friends Title says it all.   Season ticket member for over 20 years.   Made some amazing friends over the years.  Games like these remind me of why we show up, cheer, sob and chant Who Dey!  The Bengals bring us together in a way nothing else has.  We chat during the week, meet up during the off season; attending various events....at the end of the day, it's social and a common bond we share. In a far away city and see someone wearing Bengals gear?  ""WHO DEY!"".  FO, ownership, coaching is what it is and we have no input.  Game day and seasons are what we make it!  Cheer loud, find joy and live life!",1828.0,positive,0.048,0.721,0.231,0.9808
1p53xr8,1763947554.0,135,0.97,22,,"Dismiss Them Both Zac and Duke about to embrace over their third round selection of Mr. Healthy Scratch Jermaine Burton, like they pulled one over on the entire league. I realize draft picks can sometimes be coin flips but this particular moment screams both ineptitude and hubris. ",3012.0,negative,0.056,0.839,0.105,0.1154
1p52ge4,1763943409.0,224,0.97,40,,"Tinsley is WR3 As much as Burton has been a failure, Tinsley has been a pleasant surprise.",8908.0,positive,0.159,0.58,0.261,0.2732
1p52b68,1763943018.0,119,0.86,89,,"Barret Carter unappreciation post. This guy is a fucking bum. How many times did he get beat by a TE on a slant. Then he gives that big pass to Douglas. And is continually getting his ass whooped over and over. Only reason he gets so many tackles is because the guy he’s covering is getting the ball every other play. If he wasn’t so shit, then the game woulda been 20-17 Bengals! ",9211.0,negative,0.108,0.861,0.031,-0.7911
1p51ktd,1763941019.0,137,0.97,55,,"Is this really the defenses fault this time? I don’t think so, that drive where they stopped the pats 9 TIMES was so crazy. ",7442.0,neutral,0.285,0.644,0.071,-0.7186
1p4rfqc,1763916414.0,160,0.99,84,,"Jermaine Burton Inactive With Chase Out Experiment is over, cut him during the offseason and re-sign Tinsley moving forward.",13464.0,negative,0.104,0.896,0.0,-0.2732
1p4r8qe,1763915948.0,112,0.92,7,,Here’s your weekly art piece by yours truly ,824.0,neutral,0.0,0.707,0.293,0.4404
1p4qfen,1763914003.0,480,0.99,26,Rumor,Erasing My Memory So I Can Support This God Forsaken Team \**sigh*\* whatever,12830.0,negative,0.0,0.663,0.337,0.6222
1p4bp38,1763866449.0,108,0.75,53,,Could Sabrina Carpenter save the season? TLDR; Could she save the season (by dating Burrow?)… we would win every game 63-40 ,4374.0,neutral,0.0,0.63,0.37,0.89
1p49n9s,1763860288.0,151,0.98,46,,Tomorrow is going to have the lowest game-day ticket price in years ,6955.0,neutral,0.191,0.809,0.0,-0.3818
1p46gyk,1763851480.0,110,0.98,5,Fandom,I found some better defenders at a price our ownership can afford $16 each at Kroger,647.0,neutral,0.0,0.741,0.259,0.4939
1p460ux,1763850270.0,135,0.98,24,,One of the best paragraphs of summing up playing under center vs. shotgun ,3308.0,neutral,0.0,0.647,0.353,0.7184
1p3wde9,1763826330.0,162,0.94,32,,"We are counting on you elite dragon, just one more time ",5025.0,positive,0.0,1.0,0.0,0.0
1p3v8qj,1763823479.0,724,1.0,62,Football,Holy Defense Not a stat you want to be associated with. #WhoDey,45612.0,negative,0.104,0.768,0.128,0.0716
1p3uv0u,1763822474.0,120,0.98,44,Football,"Burrow to stay on IR this week Bengals QB Joe Burrow, attempting to come back just over two months after surgery to repair Grade 3 turf toe, won’t be moved to the active roster just yet, source said. He’ll remain on IR.

Joe Flacco starts, once again. But Burrow’s time is coming. (Rapoport)",5292.0,neutral,0.0,0.965,0.035,0.2144
1p3kab5,1763786237.0,107,0.92,51,Fandom,"Vontaze Burfict Living in Vegas currently. Tez is a defensive quality coach for UNLV. Had to make it to a game to see one of my favorite Bengals players. It’s great seeing him run up and down the sideline hyping the guys up, smiling ear to ear. Feeling nostalgic about a time when our defense was something to write home about. 

Oh and Ickey Woods is a UNLV alum! Whole lotta Who Dey here! ",5119.0,neutral,0.0,0.812,0.188,0.915
1p3idgp,1763780308.0,200,0.98,12,,"Finally a Cincinnati team will win at Paycor 22,300 people at Paycor in the rain to see Elder versus St Xavier. A Cincinnati team is guaranteed to win. ",2548.0,positive,0.0,0.759,0.241,0.8225
1p3elo8,1763769734.0,529,0.98,10,Drunk,This is perfect 😂 ,5703.0,positive,0.0,0.351,0.649,0.5719
1p2oexx,1763696646.0,234,0.97,65,,I am insanely jealous of the Texans' Defense. ,14981.0,negative,0.316,0.526,0.158,-0.3612
1p2mpyf,1763692067.0,239,0.88,71,Football,"From 2000-2017, 25 NFL players required surgery for turf toe. None of them returned later that season. Not only that, 5 of the 25 never played football again. With these stats in mind, why are many of you so eager for Burrow to return week 12 of a throwaway season? No chance he’s working at 100% even if he “looks healthy”, no need to rush a quarterback who has already lost 3 of his 6 seasons due to health reasons, especially coming off a bad toe injury and a bad O-line.",15143.0,negative,0.192,0.755,0.053,-0.9156
1p2l1kt,1763687402.0,109,0.84,172,Rumor,"Not a fan of Burrow potentially coming back so soon, what are your thoughts? Reports are saying Burrow may be ready potentially this Sunday or the next. I would understand the urgency to put burrow back in if we were in the playoff race, but we’re pretty much guaranteed out at 3-7.",15840.0,negative,0.027,0.862,0.111,0.6777
1p2ftfk,1763674402.0,164,0.97,36,Football,Air Burrow. ,5886.0,neutral,0.0,1.0,0.0,0.0
1p2daiz,1763668635.0,366,0.99,53,,remember at the start of the year when we thought we could run it back with a better defense? ,19566.0,neutral,0.0,0.784,0.216,0.5267
1p2bi0v,1763664619.0,154,0.94,88,,JB9 Running with the 1s Practice just started - he's running the 1s. Insane ,12884.0,positive,0.184,0.816,0.0,-0.4019
1p282z6,1763657103.0,727,0.99,95,,Depressing stat of the day ,69094.0,negative,0.394,0.606,0.0,-0.3818
1p1r3hp,1763604731.0,278,0.96,142,,"I don't know what's worse: Having terrible scouting, or getting grifted by Stewart. Don't get me wrong, I'm very happy with our offensive pics (even O-line pics are beginning to shine) but these defensive picks have been straight awful outside of the very few. End vent.",38164.0,negative,0.147,0.678,0.175,-0.1279
1p1k9lv,1763587310.0,106,0.98,50,,"I just rewatched the failed 2 point conversion and I’m still baffled So, the Bengals line up in a Shotgun formation with one RB.

Presnap, Flacco motions out to a WR position.

Not one Steeler player even looks at him. It was like he was invisible. Every. Single. Pair of eyes. was on the RB. 

The first drive of the Bears game last week seemed to be, “how many gadget plays can the Bears use to make the Bengals defense look stupid, even though they don’t really need gadget plays to make the Bengals defense look stupid?”

  
So I guess this was Zac drawing up a gadget play of his own? That’s fine. What baffles me though, is the circumstances. Why run this play on a 2 pt conversion from the 1 yard line? Why run this type of play with an immobile QB? Why be in Shotgun at all when you’re on the 1 yard line?

  
None of it made any sense when I saw it live, and after a couple rewatches, it makes even less sense. Again, when Flacco went in motion, the Steelers didn’t even look at him. Only at the RB still in the backfield.

  
Someone help me understand. What was the intention for deception here? Was everyone on the Steelers defense supposed to be mind blown distracted because Flacco motioned wide? Did it work in practice against the Bengals defense, so why not?!

  
I’ll bet it did, actually. “Did you see how badly they bit on that, one? I can’t WAIT to use this on Sunday!” ",5298.0,negative,0.056,0.85,0.095,0.6852
1p1k67h,1763587097.0,195,0.98,89,,Joe Burrow was a full participant in practice today ,17199.0,neutral,0.0,1.0,0.0,0.0
1p1h0el,1763579989.0,193,0.98,20,,Met gessicki yesterday very nice guy Sadly the Jersey im wearing is not gessickis its hursts might have to cop a gessicki one now ,3972.0,neutral,0.113,0.773,0.114,0.0076
1p1btp8,1763568728.0,232,0.96,131,,"Steelers installment of scouting staff comparisons Again, don't feel like much needs to be said here. Bengals are a badly run franchise. ",29399.0,negative,0.215,0.785,0.0,-0.6381
1p1ak3f,1763565881.0,255,0.98,25,,This lady tackles better than Geno Stone ,6497.0,neutral,0.0,0.674,0.326,0.4404
1p12s2t,1763543359.0,182,0.97,21,,"a SmAllEr ScOuTiNg dEpArtMeNt iS bEttEr tHaN a bIggEr oNe, gUys!!! ",3884.0,positive,0.0,0.679,0.321,0.5826
1p0qkmy,1763506079.0,192,0.75,167,,IShowSpeed Ruler of the Jungle ,24192.0,neutral,0.0,1.0,0.0,0.0
1p093co,1763463878.0,358,0.79,80,Football,SB LVI Never forget Jamar as a rookie was taking this dude’s lunch money on the biggest stage. #WhoDey,22908.0,positive,0.0,0.911,0.089,0.1695
1p08y5n,1763463383.0,447,0.99,30,Football,"LASIK First the library now this, “sigh” #WhoDey",13718.0,negative,0.0,1.0,0.0,0.0
1p0483m,1763445504.0,203,0.97,64,Football,Bengals last 5 drafts and their NFL-wide positional ranks. Charts VIA @Andrew_Russel7: https://x.com/andrew_russell7/status/1990463744565211403?s=46&t=CUgpvw0Jm2yZ_zig3v0OAw,12799.0,neutral,0.0,1.0,0.0,0.0
1ozydso,1763428248.0,300,0.95,125,,"[Rapoport] Ja'Marr Chase to argue in appeal of 1-game suspension that if he would have spit on Jalen Ramsey, he would have spit in his face instead of on ground or on jersey. (WTH is bro tryna argue😭) We actually have no pr ",35910.0,neutral,0.101,0.899,0.0,-0.5574
1ozyb72,1763428049.0,183,0.91,36,,Fuck every reporter that pressed Zac more on JaMarr’s one poor decision yesterday than this org’s CHRONIC habit of disgraceful leadership from the top down ,6162.0,negative,0.217,0.724,0.059,-0.7003
1ozx7g9,1763425144.0,120,0.9,51,,"The only way things will change.. Don't buy tickets. Don't buy merch. Don't go to the games. If you do go, wear paper bags or masks over your head and/or brings signs of frustration. Don't cheer. Boo as much as you can. 

Fuck Mike Brown. Fuck Zac Taylor. This season is OVER. Let's move on. ",5616.0,negative,0.201,0.799,0.0,-0.9153
1ozvxet,1763421874.0,106,0.89,46,,"If you pay even the cheapest price currently available on Seatgeek for the Pats game (93 dollars) you are insane. No Chase, no Burrow and no desire for the defense to improve. Supporting this game with your dollar should be criminal. St. X-Elder will be definitely the biggest football game this weekend in Cincinnati",4434.0,negative,0.202,0.616,0.182,-0.1027
1ozv0r4,1763419670.0,107,0.84,74,,"Jermaine, you got one last shot, don’t blow it. Redeem yourself ",6741.0,neutral,0.0,1.0,0.0,0.0
1oztf58,1763415927.0,777,0.97,103,Fandom,The passing of the torch... ,78384.0,neutral,0.0,1.0,0.0,0.0
1ozt68a,1763415367.0,613,0.98,276,,Ja’Marr Chase gets suspended for spitting on Jalen Ramsey ,166405.0,negative,0.279,0.721,0.0,-0.4767
1ozrb74,1763411175.0,229,0.99,35,,Worst defensive team ever through 10 weeks! (We’re 3-7 too),8162.0,negative,0.326,0.593,0.082,-0.6476
1ozqdx4,1763409156.0,104,0.95,12,,The only winning move ,1284.0,neutral,0.0,0.469,0.531,0.5267
1ozkacl,1763395757.0,316,0.97,34,Drunk,Here are my 2026 NFL Draft predictions! ,10728.0,neutral,0.0,1.0,0.0,0.0
1oziq47,1763392135.0,1667,1.0,31,,"Cincy Library Roasts the Bengals Edited: They posted this in late Oct actually. But it applies to pretty much every Bengals game. Sigh.  
  
In case you missed this Instagram post from the Cincy Library - both depressing and absolutely brilliant. ([Instagram](https://www.instagram.com/p/DQUXluLE2-c/))",53344.0,neutral,0.119,0.669,0.212,0.7086
1ozi9d4,1763391036.0,282,0.99,120,,[Sports Illustrated] Zac Taylor Notes Steelers Score 'Not Indicative' of Historic 34-12 Blowout Loss ,33781.0,neutral,0.15,0.85,0.0,-0.3182
1ozg5re,1763385810.0,217,0.88,77,Fandom,Monday morning in my feels ,14895.0,negative,0.0,1.0,0.0,0.0
1ozeh7t,1763380995.0,899,0.99,98,Fact,Any other head coach/“gm”would get fired for having these stats ,88111.0,negative,0.286,0.714,0.0,-0.5574
1oz3o5t,1763344051.0,415,0.95,41,,Fire Zac Taylor https://c.org/NMDbvmbD8Z,16558.0,negative,0.444,0.556,0.0,-0.34
1oz2hia,1763340743.0,121,0.94,23,Drunk,So what is everyone’s favorite type of Bengal Tiger? Mine is the Golden Tabby Bengal Tiger ,2730.0,neutral,0.0,0.833,0.167,0.4588
1oz1o6m,1763338534.0,657,0.97,70,Fact,Haven’t seen this yet tonight Fuck off Zac,45248.0,negative,0.333,0.667,0.0,-0.5423
1oz143v,1763337004.0,461,0.93,101,Fact,"Burrow is an absolute moron if he comes back this year There’s zero reason for Burrow to come back this year.  Why risk further injury for a season that’s already over and a defense that can’t beat the Ravens, Bills, Pats or even the lowly Fins.  Rest up.  Get back to 100%.  Hope this team loses out so they can get higher draft picks, including an offensive line.  And come back for minicamps.  ",43730.0,negative,0.186,0.761,0.053,-0.875
1oz0tcd,1763336194.0,228,0.99,4,,Sigh. ,1129.0,neutral,0.0,0.0,1.0,0.0258
1oz0r2u,1763336018.0,254,0.98,35,Fact,This graphic says it all ,8961.0,neutral,0.0,1.0,0.0,0.0
1oz0ihq,1763335376.0,142,0.96,74,Football,LA Rams post-Super Bowl rebuild Watching the Rams/Seahawks game it's really depressing seeing how Los Angeles has already rebuilt their team for another Super Bowl run behind Stafford and we can't field a competent defense or employ competent coaches. Duke and Katie really screwed this up.,10224.0,negative,0.214,0.715,0.071,-0.6985
1oz0dmw,1763335039.0,386,0.94,46,,"We had it all man💔 I miss you Jessie, dj reader, chidobie, Germaine, Logan, Sam, cj, t boyd, Larry, Mike, mixon, vonn. Man we took it for granted",17053.0,negative,0.058,0.87,0.072,0.1027
1oz093k,1763334723.0,432,0.92,339,Fact,"Chase spit at Ramsey before the punch You can see it clearly in this view:
https://www.tiktok.com/t/ZTMKm3HUF/

I obviously hate the Steelers but it looks like Chase had this one coming. Aren’t we already embarrassing ourselves enough? ",135130.0,negative,0.137,0.741,0.122,-0.1655
1oys4ag,1763315348.0,256,0.97,25,,Zac T trying to get the boys hyped to beat the Steelers ,6456.0,neutral,0.0,1.0,0.0,0.0
1oyqsci,1763312243.0,108,0.94,4979,,"Game Thread: Cincinnati Bengals (3-6) at Pittsburgh Steelers (5-4) #Cincinnati Bengals at Pittsburgh Steelers

[ESPN Gamecast](https://www.espn.com/nfl/game/_/gameId/401772774/bengals-steelers)

Acrisure Stadium- Pittsburgh, PA

Network(s): CBS 

***

|Time Clock|
|:--:|
|Final|

**Scoreboard**

||Q1|Q2|Q3|Q4|Total|
|:--:|:--:|:--:|:--:|:--:|:--:|
|CIN|6|0|3|3|12|
|PIT|7|3|10|14|34|


**Scoring Plays**

| Team | Quarter | Type | Description |
|:--|:--|:--|:--|
| PIT | 1 | TD | Kenneth Gainwell 11 Yd pass from Aaron Rodgers (Chris Boswell Kick) |
| CIN | 1 | TD | Tee Higgins 28 Yd pass from Joe Flacco (Two-Point Run Conversion Failed) |
| PIT | 2 | FG | Chris Boswell 25 Yd Field Goal |
| CIN | 3 | FG | Evan McPherson 43 Yd Field Goal |
| PIT | 3 | FG | Chris Boswell 30 Yd Field Goal |
| PIT | 3 | TD | Kyle Dugger 73 Yd Interception Return (Chris Boswell Kick) |
| CIN | 4 | FG | Evan McPherson 48 Yd Field Goal |
| PIT | 4 | TD | Kenneth Gainwell 5 Yd pass from Mason Rudolph (Chris Boswell Kick) |
| PIT | 4 | TD | James Pierre 34 Yd Fumble Recovery (Chris Boswell Kick) |




**Passing Leaders**

|Team|Player|C/ATT|YDS|TD|INT|SACKS|
|:--|:--|--:|--:|--:|--:|--:|
| CIN | Joe Flacco | 23/40 | 199 | 1 | 1 | 1-7 |
| PIT | Mason Rudolph | 12/16 | 127 | 1 | 0 | 0-0 |

**Rushing Leaders**

|Team|Player|CAR|YDS|AVG|TD|LONG|
|:--|:--|--:|--:|--:|--:|--:|
| CIN | Chase Brown | 18 | 99 | 5.5 | 0 | 35 |
| PIT | Jaylen Warren | 10 | 62 | 6.2 | 0 | 35 |

**Receiving Leaders**

|Team|Player|REC|YDS|AVG|TD|LONG|TGTS|
|:--|:--|--:|--:|--:|--:|--:|--:|
| CIN | Tee Higgins | 3 | 63 | 21.0 | 1 | 28 | 8 |
| PIT | Kenneth Gainwell | 7 | 81 | 11.6 | 2 | 28 | 8 |


***

Use [reddit-stream.com](https://reddit-stream.com/comments/auto) to get an autorefreshing version of this page

^This ^was ^created ^by ^a ^bot. ^For ^issues ^or ^suggestions ^please ^message ^nfl_gdt_bot.

^Last ^updated: ^2025-11-16_16:43:29.830733-05:00",505570.0,neutral,0.0,1.0,0.0,0.0
1oyq76r,1763310856.0,138,0.93,83,,Joe Burrow is likely back on field Thanksgiving or the following week. Trey Hendrickson plans to put off potential core muscle surgery to be back for the stretch run. Trey is dealing with sports hernia apparently but is going to put off surgery in order to help the team. He is possibly sacrificing his career to help a team he may not be with next year. We gotta appreciate this man more. Also Ian said there is more possibility burrow will be back by the buffalo game but no matter the record he wants to be back as quick as possible.,10781.0,positive,0.026,0.867,0.108,0.8402
1oynxr4,1763305417.0,145,0.91,27,,Who fucking Dey 🐅 Let’s beat the Squeelers ,3695.0,positive,0.0,1.0,0.0,0.0
1oxvrk1,1763223596.0,287,0.98,266,Fact,"Shemar Stewart is headed to IR due to a knee injury, per Tom Pelissero ",75096.0,neutral,0.189,0.811,0.0,-0.4215
1oxj7kq,1763183502.0,124,0.95,100,,"Bengals' Hendrickson, Stewart out vs. Steelers Well, can’t miss what you haven’t had. ",11898.0,negative,0.109,0.748,0.143,0.128
1ox3pw5,1763143336.0,110,0.95,42,,Burglars who allegedly broke into Joe Burrow's home in plea deal talks ,4494.0,neutral,0.203,0.797,0.0,-0.4215
1owveym,1763123994.0,364,0.91,76,,"Help What is this thing? Hey guys 

I found this black magic/ritual thing or its a something else outside my badminton classes but i got scared even looking at it! Can someone help please",25505.0,neutral,0.097,0.684,0.219,0.5848
1owhqy4,1763079659.0,714,0.97,107,,"My bengal boy, Bambi with his little sphynx buddy, Deet! I adore them so much and I love that they are so different but get along so well ",74799.0,positive,0.0,0.72,0.28,0.8375
1owaz7n,1763063326.0,203,0.91,23,,Off a Bye and into your House! ,4434.0,neutral,0.0,1.0,0.0,0.0
1owa5tj,1763061451.0,109,0.95,3,,Cincinnati Bengals Week 11 Matchup Doodle :) ,414.0,neutral,0.0,0.667,0.333,0.4588
1ow766q,1763054844.0,489,0.99,67,,"Joe Flacco Says Joe Burrow’s Return “Not Part of My Process” https://sportscondensed.com/news/joe-flacco-says-joe-burrow-s-return-not-part-of-my-process 
 -via Sports Condensed",32919.0,neutral,0.0,1.0,0.0,0.0
1ow5xim,1763052077.0,562,0.99,28,Football,FTS That time of the year again. #FTS (Also screw Minkah) One of my least favorite players in the league ,16135.0,negative,0.177,0.823,0.0,-0.4367
1ovymi3,1763033174.0,343,0.98,42,Football,HA If the Defense just had a bit of a pulse. #WhoDey,14454.0,negative,0.0,0.633,0.367,0.5622
1ovujac,1763017522.0,134,0.97,38,,Who is D Jeremiah? And why does he think our D is holding anybody to 10 points? ,5069.0,neutral,0.0,1.0,0.0,0.0
1ovrjl0,1763007410.0,189,0.95,14,,Chad Johnson tries to blindside NFL Hall of Famer Ray Lewis ,2693.0,neutral,0.0,1.0,0.0,0.0
1ovkiel,1762988488.0,769,0.98,39,,Burrow showing up to save the season ,30145.0,positive,0.0,0.652,0.348,0.4939
1ouq6yl,1762906352.0,133,0.81,129,Football,"Can anyone explain to me why we have no big pickups like this? Seriously, the last time I saw something like this was from Eli Apple",14005.0,neutral,0.135,0.698,0.166,0.2323
1ouil2i,1762888544.0,213,0.93,85,,Remember when our tackling was TOO much? We could use some of that juice right now.,17036.0,neutral,0.0,1.0,0.0,0.0
1oue0wr,1762878639.0,293,0.93,53,,Got this guy in last week. ,14714.0,neutral,0.0,1.0,0.0,0.0
1oudx1f,1762878404.0,285,0.99,53,,"[Hoard]: Burrow says this rehab has been easier than his knee and wrist injuries.
“On a scale of difficulty level coming back, this one wasn’t really up there,” he said. “I was back to moving pretty quickly and was able to get into my strength and conditioning routine pretty quick. From Dan Hoard's Twitter/X: 1 of 5 observations from Joe Burrow’s return to practice on a limited basis. ",15236.0,neutral,0.058,0.776,0.166,0.8442
1ou81vf,1762863779.0,394,0.97,123,Football,Hope. They’re reeling me back in. #WhoDey,47390.0,neutral,0.0,0.674,0.326,0.4404
1ou2l4l,1762843664.0,155,0.96,44,Spicy,"Oh look, we're LURKING according to GMFB What are some good lurking activities?",6696.0,neutral,0.224,0.601,0.174,0.0431
1otyjtg,1762830570.0,221,0.97,19,Fandom,"I'm a college Resident Assistant, this is my Hall's Board this month Inspired by the fact that he's practicing?!??? Wtf that man is a psychopath

Anyway, which burrow are you?",4287.0,neutral,0.147,0.759,0.093,-0.4314
1otw7m4,1762824039.0,146,0.82,97,,Burrow should stay put. The season is over. The defense is not getting better. 3-8 if he comes back for Thanksgiving. I DON'T WANT TO LOSE HIM FOR NEXT SEASON!,11733.0,negative,0.124,0.74,0.136,0.1083
1ottood,1762817445.0,146,0.82,87,,"Joey B has the chance to do the funniest thing It’s been so negative in here - I’ve seen takes that say Burrow is washed, we should trade Tee, we should trade Burrow for a chance at Mendoza 😂, I even heard Bill Simmons shout out THIS subreddit as a “grim place” last week. Nice to see Joe back out there, has to be a morale boost when we needed it most. Pleasantly surprised by today’s news. Super Bowl? Meh, who cares. Division? WHO DEY",10535.0,neutral,0.06,0.68,0.259,0.9577
1ots96z,1762814037.0,662,0.99,112,,"Ian Rapoport: “Joe Burrow has been officially designated to return off IR, per the wire.” ",74058.0,neutral,0.0,1.0,0.0,0.0
1otlq8b,1762799390.0,252,0.98,131,,"Per Ari Meirov, Joe Burrow told @JayGlazer he expects to be back by Thanksgiving, which is Week 13 when they play on Thanksgiving Night vs. the Ravens. He’s ahead of his timeline. ",32599.0,positive,0.0,0.928,0.072,0.34
1otkxsn,1762797679.0,459,0.99,111,Official,Bengals QB Joe Burrow will return to practice today in a limited capacity. I ,50894.0,neutral,0.147,0.853,0.0,-0.2263
1oth9oc,1762789691.0,173,0.93,170,,"Response to season ticket members I know one guy shared his experience regarding season tickets, but it is true if you question them on the ~20% price increase in one year, they really do claim it’s for Burrow, Chase, and Higgins. Idk maybe fix the overflowing toilets so I’m not standing in puddles of piss in every bathroom and make the stadium look less like a decorated prison before you hike prices that drastically in one year 🤷. At least I have my season ticket member toboggan and my 5 year streak sticker. *sad tiger noises* ",27512.0,negative,0.087,0.807,0.106,0.2397
1otfgvp,1762785544.0,142,0.86,101,,Start/Bench/Cut What do you guys think? ,12456.0,neutral,0.0,1.0,0.0,0.0
1otfdu8,1762785336.0,785,0.98,52,,"I miss the vibes We were the up and coming team everyone had their eyes on, loaded with promise. We finally found our franchise QB, drafted one of the best wideouts the game’s ever seen, and that Tee Higgins guy is also unreal. 

Our defense wasn’t elite, but they made clutch plays when it counted. The locker room was stacked with real leaders who could back it up on the field. The Titans sacked Burrow nine times, and it didn’t matter. We went into Arrowhead and beat the Chiefs, and it didn’t matter. 

We ran the AFC North. Sigh 😞 ",40773.0,negative,0.013,0.876,0.111,0.7311
1otb69q,1762773605.0,145,0.97,113,Rumor,"Bengals still have ‘little to no trust’ in Jermaine Burton https://bengalswire-eu.usatoday.com/story/sports/nfl/bengals/2025/11/08/bengals-still-little-no-trust-jermaine-burton/87167324007/

*Fryshocked.gif*",16034.0,neutral,0.167,0.833,0.0,-0.296
1ot46vd,1762747939.0,271,0.95,38,,FUCK THE STEELERS! ,10041.0,negative,0.655,0.345,0.0,-0.5848
1ot0dhs,1762736698.0,108,0.89,19,,Ideas for a new head coach:  the Colts look great.  Maybe we could get one of their coordinators… ,1922.0,neutral,0.0,0.796,0.204,0.6249
1osvg4t,1762723980.0,112,0.94,35,,"Oh, there's Sheldon Rankins Nice that he's healthy, I suppose... ",3790.0,neutral,0.0,0.56,0.44,0.6705
1ost6fn,1762718565.0,178,0.97,36,,"Jets Currently have 59 yards in 3rd quarter, Fields with 5 passing yards and a pick We gave up 500. I try to be optimistic about the team but this is ridiculous! How can our D be so bad?",6388.0,negative,0.225,0.737,0.038,-0.8787
1osn3ih,1762704399.0,367,0.96,74,,We miss you Jessie Bates III ,26424.0,neutral,0.242,0.758,0.0,-0.1531
1osgqn8,1762686555.0,378,1.0,30,,GO BACK TO SLEEP THERE'S NO GAME TODEY ,11718.0,neutral,0.239,0.761,0.0,-0.296
1os1u0s,1762639303.0,181,0.96,48,,Treys value is at an all time low. It’s the reason the front office didn’t trade him ,8514.0,neutral,0.108,0.769,0.123,0.0772
1os0d17,1762635557.0,149,0.94,28,,PREDICTION FOR THE BYE. I'm calling it now. Bengals lose to the bye week in the 4th quarter.,4062.0,negative,0.137,0.863,0.0,-0.4019
1orwjsr,1762626190.0,203,0.98,32,,Duke NEEDS to go no scheme can fix this ,6565.0,negative,0.216,0.784,0.0,-0.296
1oqx926,1762528986.0,282,0.97,17,,Ran into this pair last weekend. Love it. ,4924.0,positive,0.0,0.625,0.375,0.6369
1oqoctv,1762501581.0,290,0.95,24,,"Ya know what? I’ve played Madden for nearly 25 years & I have NEVER, EVER EVER EVER played as those dirty ass Steelers. I’m drunk, but I just needed to share that. God bless ya. FTS. ",6888.0,negative,0.136,0.575,0.289,0.7684
1oqigx7,1762482273.0,299,0.97,32,,Let’s all enjoy the bye week.  We’ve earned it. ,9571.0,positive,0.0,0.714,0.286,0.4939
1oqh5md,1762478600.0,321,0.92,145,,"With the 11th Pick, The Cincinnati Bengals Select… I know defensive line is doing to be a huge need in 2026 but if there is a chance to get Caleb Downs outside of the top 5 in the draft, the Bengals have to take him. This guy does it all well and is a team leader on top of it. Effectively disappears a huge part of the field in coverage and can play in the box too. Great open field tackler. Could probably even rush the passer if Ohio State or Alabama had tried to scheme him that way. This is our Ja’Marr Chase building block on the defensive side of the ball. ",43117.0,positive,0.054,0.724,0.223,0.9584
1oqbc11,1762464045.0,210,0.98,46,,Poetry in motion Non depressing post,9673.0,positive,0.342,0.658,0.0,-0.3818
1oq5ieh,1762450928.0,231,0.98,37,,"Go Ahead and Sign Him Now Need to get DJ’s extension this off-season inked before the price tag moves up on him. 

DJ Turner’s progression:

PFF 2023 - OVR 51.5 (NFL 109th), CVG 48.4 (NFL 111th)

PFF 2024 - OVR 67.8 (NFL 65th), CVG 68.4 (NFL 55th)

***NFL 5th in force incompletion rating***
***NFL 10th in QB passer rating when targeted***

PFF 2025 - OVR n/a, CVG 78.1 (NFL 6th)

Stats through today:

2023 - 12 GS, 50 tackles (37 solo), 7 PDs, 0 INTs

2024 - 6 GS, 29 tackles (23 solo), 8 PDs, 0 INTs

2025 - 8 GS, 23 tackles (15 solo), 14 PDs, 2 INTs

",8602.0,positive,0.0,1.0,0.0,0.0
1oq2a3w,1762443750.0,273,0.89,80,,"Let's put the ""Burrow Holds It Too Long"" debate to bed ",19681.0,neutral,0.0,1.0,0.0,0.0
1oq199j,1762441399.0,266,0.71,247,,"Take a Deep Breath, Slow Down The negativity in the sub is getting a little hard to bare so here are some lights at the end of the tunnel for all of you who need it.

Since Mike Brown took over the Bengals in 1991, this was the team’s record through 2001:

48-102 w/ 0 playoff appearances; winning percentage of 32%

Since Katie Blackburn took over as VP of the franchise in 2001, this has been the team’s record through 2019:

179-188-4 w/ 7 playoff appearances; winning percentage of 48.2%, 0-7 in the playoffs w/ a winning percentage of 0%

Since Elizabeth and Caroline Blackburn have gotten involved in the organization in 2020, this had been the team’s record through today:

44-38-1 w/ 2 playoff appearances; winning percentage of 53%, 5-2 in the playoffs w/ a winning percentage of 71.4%

For an organization that has practiced patience to a fault and a fanbase that has had to survive on relentlessly painful optimism for too long, things might be slowly changing for the better, even if it is at glacier speed. If they replace Tobin after this year and get lucky with the right hire or if they use this season as the catalyst to bring a higher budget for the scouting department (think Stewart is raising more eyebrows and could be a last straw), there is reason to believe that the next 5-10 years could be another step in the right direction. 

TR;DR - Big picture, the Bengals are slowly getting the right people into the front office and there are genuine reasons to be optimistic about the future. 

“Hope is like the sun. If you only believe in it when you can see it you'll never make it through the night.”

Who Dey!",46837.0,positive,0.032,0.866,0.101,0.9694
1opomz8,1762400807.0,203,0.89,86,,Part 3 Joe & friends our whole cap room gonna be just 4 players 🤣😭 ,15718.0,neutral,0.0,0.78,0.22,0.4767
1opin9b,1762384642.0,635,0.99,65,,"Logan Wilson on IG - ""Love you Cincy❤️"" ",41491.0,positive,0.0,0.588,0.412,0.6369
1ophgzh,1762381848.0,140,0.98,8,Fact,Joe Flacco currently leads the NFL in pass attempts per game at (41.6) — Tom Brady is the only QB to lead the league at age 40 or older ,1235.0,neutral,0.0,1.0,0.0,0.0
1opacbc,1762366123.0,104,0.99,55,,"Cornerback Separation Prevented & On Ball Grade This is from last week but still found it encouraging that at least we have one true bright spot on the defense.

On another hand can’t wait to see how we let him walk for absolutely nothing next year because this FO doesn’t understand how to build a team.",5766.0,negative,0.0,0.714,0.286,0.9598
1op9tws,1762365061.0,206,0.99,69,Rumor,"The Bengals apparently wanted a 2nd round pick for Trey [From Rapien](https://www.si.com/nfl/bengals/onsi/news/report-cincinnati-bengals-had-asking-price-for-trey-hendrickson-at-trade-deadline-01k9a90fz6ww) who in turn got it [from Fowler](https://www.espn.com/nfl/story/_/id/46836431/nfl-week-10-trade-deadline-buzz-news-updates-fantasy-intel-questions-predictions).

> Teams I spoke to believed Cincinnati wanted a second-rounder for him. Dallas, which pursued Hendrickson, considered that steep.

For context, the rumor was that Trey's agent promised Cincy a first-round pick during the offseason, and there was still a rumor that we wanted a first for him [as of a few days ago](https://reddit.com/r/bengals/comments/1onh1ah/bengals_still_asking_for_firstround_pick_for_trey/).

And for comparison, he's *probably* worth a late 3rd comp pick in '27 if we let him go in free agency and he stays healthy on a new team.

But yeah, it looks like Cincy lowered their standards and there still wasn't enough interest from other teams.",14276.0,neutral,0.041,0.848,0.11,0.7415
1op31tv,1762349782.0,407,0.97,70,,"Geno Stone: read the room dude Lost in the shuffle of the trade deadline might be the most tone deaf quote I've ever seen:

  
“We gotta be perfect. That’s the life we live right now. We make one mistake and the whole world’s going to blow it up... No one’s going to give a fuck about it!” - Geno Stone when asked about the Bengals tackling issues.""

  
Be perfect???? One mistake???? No you moron. We asked you to NOT be the statistical worst defense in the history of the NFL. That's not a big ask. Be 25th not 32. Let there only be TWENTY FOUR DEFENESES better than you. Were probably 6-3 at that point. Just be below average not complete ass, no one asked you to be middle of the road or even good. For sure not PERFECT. They've played more defense on all of the negativity coming from the fans and media in the last 48 hours then they have played on the field all year, CLOWNS. 



end rant.  ",28030.0,negative,0.171,0.733,0.097,-0.9425
1op0zaz,1762344167.0,796,0.99,32,Football,Real. 😂 #WhoDey,26005.0,positive,0.0,1.0,0.0,0.0
1op0ixm,1762342696.0,269,0.99,37,,"Bengals are 1-4 when scoring 38+ points in last 2 years, other 31 teams combined are 62-4-2 ",10120.0,neutral,0.0,1.0,0.0,0.0
1ooqaj6,1762307683.0,860,0.99,45,,I appreciate this man for both his personality and for making this season watchable and freeing us from the shackles of jake browning. You the goat ,39164.0,positive,0.0,0.799,0.201,0.7003
1oopq0d,1762306135.0,211,0.98,5,Fandom,"Burrow starting in 2026 seeing a DE come barreling towards him 
",1241.0,neutral,0.0,1.0,0.0,0.0
1ooncf9,1762299860.0,178,0.92,95,,"Déjà Vu I’ve been watching Bengals football for about 30 years now and I can’t help but feel like history is repeating itself here. Both coaches have found moments of success with our underwhelming franchise but ultimately have fallen short of taking that next step. While I want to be appreciative of what they’d done for the organization and optimistic for the future, this just feels too familiar. 

There are pieces of a championship team currently “in the building”. If you could give Zac Taylor one thing, that Marvin Lewis didn’t have, to give him the best chance for success going forward, what would it be?",15721.0,neutral,0.025,0.697,0.278,0.9876
1oojlz8,1762291159.0,182,0.98,164,Football,No trade for Trey ,29429.0,neutral,0.423,0.577,0.0,-0.296
1oohbu2,1762285827.0,193,0.97,39,,"They won't do anything, go get some air And if I'm wrong we'll be pleasantly surprised",7488.0,neutral,0.147,0.616,0.237,0.2263
1oog1w8,1762282988.0,136,0.88,120,,"Who is going to take accountability for the Shemar Pick? [Edit] - someone won the comment section and took credit for it. 

If you’ve seen the numbers or even more shocking, the film itself it looks like Shemar Stewart pick , 17th in the draft this year is one of the worst busts by most teams in a long time. 

He clearly is struggling with effort and personality issues and doesn’t care about the game. He had like 4 sacks in college and I’m waiting for the college bloopers of him to emerge like his recent footage on the bengals had emerged 

It also appeared they gave him a perfect athletic (RAS) score in the draft despite letting him skip the entire agility section?? And they also didn’t have him do bench either? 
So perfect but no strength or agility display. 

What were the scouts and coaches thinking? They could train a guy who clearly doesn’t care about the game 

TLDR ; it appeared Zack Taylor was pumping his fists when we drafted Shemar, is he responsible for the apparent bust. ",14481.0,negative,0.048,0.782,0.17,0.9701
1ooeegp,1762279458.0,394,0.97,41,Fandom,"Katie take notes Please strive for something like this when you get handed full control. 

Per Underdog NFL on X ",16052.0,neutral,0.0,0.78,0.22,0.5859
1ooctql,1762276026.0,475,0.99,148,,"The difference between the poor rookies and the half-decent ones. As we can see here, most at bye week practice are rookies. But not all rookies are there. Fairchild, Knight, Carter and Rivers have probably been the top 4 out of this draft class for us, and that’s clearly because of the dedication they’ve shown. Whereas for the D-Line rookies and second year players (probably the players who need the most practice of all), numbers are very low. I don’t think it’s just a coincidence of how bad our pass rush is without Trey. ",70067.0,negative,0.097,0.846,0.057,-0.6297
1ooctlu,1762276018.0,499,0.98,46,,Watching from the sideline has turned him into the Joker From Joe’s Instagram,22984.0,neutral,0.0,0.889,0.111,0.128
1ooazek,1762272013.0,131,0.93,46,,Tuesday Trenches: Mike Brown doesn’t care; Neither should you ,5726.0,negative,0.0,0.714,0.286,0.4939
1ooaamv,1762270451.0,368,0.98,272,Rumor,"Mike Florio Reporting ""There is a bubbling of Duke Tobin, the de-facto GM is going to be out.""  Thoughts? ",98455.0,neutral,0.0,1.0,0.0,0.0
1oo96mm,1762267914.0,392,0.96,140,,This is kinda wild considering Flacco's mobility at 40 years old ,53061.0,neutral,0.0,1.0,0.0,0.0
1oo5uty,1762259101.0,153,0.96,139,,"[Rapoport] Trade: The #Bengals are dealing standout LB Logan Wilson to the #Cowboys, sources say, providing immediate defensive help. ",20563.0,neutral,0.0,0.817,0.183,0.4215
1oo1mi2,1762242901.0,161,0.98,31,,SOMEONE MAKE THE PAIN STOP ,5049.0,negative,0.647,0.353,0.0,-0.6705
1oo0q0b,1762239370.0,140,0.81,74,Fact,"I don't know if this is appropriate but Zac Taylor needs to shut the F up This situation with Chase and Jamar is ridiculous. This guy is a true loser and has NEVER had success outside of watching talent save him. He's got a horrendous offensive scheme and we all know it. The entire offensive playbook for 4 years has been 1. Throw a screen pass on 1st down, 2. Try to run it from the shotgun, 3. Throw a screen pass on 3rd and 8, 4. Joe throw it up theres Tee and Jamar out there somewhere. Chase brown is valid in every way in his criticism because not only is this highschool defense actually this bad, but Zac Taylor has spent the last 3-4yrs being one of the worst play callers I have ever seen and it isn't close",8505.0,negative,0.225,0.681,0.095,-0.9793
1onr779,1762211307.0,353,0.99,65,,"[Petraglia] Darrin Simmons said Evan McPherson's short kick on 54-yard attempt came with a QB ball, not a K-ball. And because the field goal unit came on after play clock started, the kicking team had to use the QB ball. I [called this yesterday](https://www.reddit.com/r/bengals/comments/1ommjqt/game_thread_chicago_bears_43_at_cincinnati/nmrnjcn/) in the game day thread. Zac played himself so many times yesterday (including gifting the Bears a TD), and the indecision to not go for it on 4th down resulted in - yet another - mental mistake.",23065.0,negative,0.053,0.887,0.06,0.1531
1onqyia,1762210745.0,101,0.87,12,,You all are salty. Zac Taylor is an innovator. He created milestones. History will remember the very first Reverse Score Challenge You can’t deny it. No one can ever take that away from Zac Taylor! #5yearextension ,1142.0,positive,0.122,0.796,0.082,-0.3802
1onpsxj,1762208023.0,873,0.98,178,Fact,"This front office has lost its damn mind This front office has completely lost its mind.

Last year I shelled out $5,400 for 9 home games. That’s $300 a seat to watch a team that spent the season inventing new ways to blow coverage, miss tackles, and make every backup QB look like a Hall of Famer. The defense is trending toward historically bad — like, “worst in NFL  history” bad — and now they’re coming back with a $6,500 price tag for 8 home games next year?

Let me get this straight — you cut a regular season game, field the worst defense EVER in football, and then think, “Hey, let’s charge fans $1,100 more for the privilege of watching this dumpster fire”? Are you out of your damn minds?

Spare me the “upgraded experience in the club level” nonsense. No one gives a single damn about “enhanced fan zones” or “improved concourse lighting.” We come to watch football, not to admire the stadium handrails all while the defense gives up 40 points to whoever’s throwing the ball that week.

You don’t reward regression with a price hike. You don’t jack up loyalty costs after fielding a product that’s borderline unwatchable on one side of the ball. The audacity is unreal.

$6,500 to watch this defense?
Get serious you clowns.",153142.0,negative,0.159,0.738,0.103,-0.927
1onnide,1762202840.0,1062,0.98,227,,What a load of shit ,237293.0,negative,0.545,0.455,0.0,-0.5574
1onmg4g,1762200477.0,358,0.96,217,,Dehner: Taylor says no changes for Defensive staff ,74922.0,neutral,0.237,0.645,0.118,-0.2732
1onkxkj,1762197141.0,205,0.97,83,,"The Bengals have the three worst PFF graded rookie defenders Not shockingly, they also had bad college production scores. ",16703.0,negative,0.299,0.59,0.111,-0.7771
1onijj4,1762192015.0,244,0.99,64,,Orlando Brown makes 21M next year ,15701.0,neutral,0.0,1.0,0.0,0.0
1onhord,1762190190.0,124,0.89,61,Fandom,The idea going around that Burrow isn’t a top 3 qb because Joe Flacco is playing great is absolutely brain dead I’m a pats fan and have no dog in this fight but I have just witnessed multiple posts of Joe Burrow bashing and claims that “Any QB could put up the numbers he does with those receivers”. 0 IQ take.,6842.0,negative,0.102,0.785,0.112,-0.1
1onhij0,1762189802.0,149,0.88,108,,"So tired of the argument that the defensive woes are due to us paying Burrow, Chase, and Higgins It is such a lazy argument to me to say that the Bengals defensive woes are because we have too much money tied up in our offense. Yet, I am seeing it all over the national pundits and even local ones too.  
  
Yes, Burrow and company make up a bigger percentage of the salary than most teams. But I still don't know what is the expectation here. Is the argument that if we had let Tee walk then we'd have all the money in the world to fix our defense? Because correct me if I am wrong, but I recall this past offseason of defensive free agents was pretty underwhelming in terms of difference makers. The only big defensive move I can recall was Parsons going to GB, but that involved multiple picks and players which is a different, and valid, argument you can have about our team and front office.

I think the ""money tied up in the offense"" argument would be valid if we performed like we are defensively and let Trey walk. But we have him signed and still suck ass. In hindsight, letting Bates walk years ago was a bad move, but that was before making the signings on the offensive side of the ball. It's a stretch, but it can be argued that we let him go to gear up for the plans to sign the offensive guys. But I'd lean towards the right move at the time was to let him walk, despite what we know now in hindsight.

Yes, if you sink majority of your money into one side of the ball, the strategy is to have to draft young and cheap on the other side. Also, there is a lack of defensive difference makers on the market to even sink cap space in. So I do believe we are employing the right strategy here. But, this comes down to drafting and Duke Tobin. You simply cannot have this many misses on players, especially in the first and second rounds. Stewart, Hill, Burnt Toast (CTB), Battle, Knight Jr, Murphy, and all the other depth pieces that were supposed to be the answers to our holes.   


That's what majority of the focus and argument should be on. What players did we pass on in the last few drafts to draft these ""projects""? It's just lazy to blame it on the 3 big contracts we have offensively as the reason why our defense is historically bad. ",14292.0,negative,0.173,0.773,0.054,-0.9959
1ong4ys,1762186807.0,115,0.98,46,Fact,The Bengals have three players in the top five for missed tackles. ,5297.0,neutral,0.157,0.714,0.129,-0.1027
1onfys0,1762186434.0,170,0.9,47,,"Dear Young Bengals fans It’s not going to get better. Al is not the issue. Lou was not the issue. Even Zac, as much as i’d love to see him gone, is not the issue. We have one of the worst ownership groups in the NFL, and by far the worst currently employed GM. THAT ISNT CHANGING!!!! So enjoy the misery. ",7344.0,negative,0.203,0.676,0.121,-0.8165
1onf96t,1762184866.0,188,0.94,194,,Stewart ,34460.0,neutral,0.0,1.0,0.0,0.0
1onf1c2,1762184370.0,134,0.97,32,Football,"Meanwhile, the Bengals have the best offense in the NFL by EPA/play since Flacco arrived This raises so many additional questions. Why is the offense so much better with Flacco vs what we saw with Burrow? What would our record be if we even had a below average defense? Is it even hyperbolic to say Flacco is playing at an MVP level- what if we waste an MVP season from Joe fucking Flacco? Does this mean the heat shouldn’t be as much on Zac because the offense is still elite? ",4289.0,neutral,0.087,0.799,0.115,0.5911
1one5q2,1762182361.0,137,0.97,33,,If no one gets fired today then we deserve to keep losing the way we are ,4518.0,negative,0.393,0.607,0.0,-0.8126
1onds6r,1762181511.0,253,0.99,40,,It’s time for Duke Tobin to get in front of the podium and answer some tough questions… same for this entire front office. ,10269.0,negative,0.064,0.936,0.0,-0.128
1onbwov,1762176912.0,2581,0.99,165,Football,Unbelievable. Yesterday* but Goodness. #WhoDey,424162.0,neutral,0.0,0.357,0.643,0.6597
1onbtcx,1762176682.0,150,0.99,23,,"Bengals defensive woes reveal years of drafting, leadership failure Maybe with damning articles like this, there could be some changes.  Not likely",3564.0,negative,0.295,0.582,0.123,-0.7184
1ona9de,1762172459.0,235,0.95,66,,"It’s 7:20am on Monday, and no one has been fired yet? Something has to change. ",14958.0,negative,0.309,0.691,0.0,-0.7003
1on50wm,1762152965.0,114,0.98,13,,Unfn' believable!! ,1564.0,negative,0.0,1.0,0.0,0.0
1on3bur,1762146752.0,466,0.96,126,,"Shemar Stewart As someone who was furious when we drafted him in round 1 this year, I felt instant vindication when he held out and showed he didn't love football. Since then, he has looked completely lost, has 0 agility, already missed time, and has had literally three tackles all season. Today, not only was he absolutely worthless and couldn't even \*contain\* correctly, he then laughed and refused to speak to the media after the game. He is an absolute bust of a pick. I'm sorry, anyone who doesn't see this is out of their mind.",56815.0,negative,0.176,0.796,0.028,-0.9267
1on12q7,1762139544.0,112,0.91,20,,"Stop giving them money. This is systemic and enough is enough. Yes, don’t buy tickets etc. but this is bigger than that.  They’re already going to take a share from the NFL. We need to deprive them of any other income. Connie Pillich and the prosecutors office negotiate the deals that give the Brown family a good chunk of their money. Vote her out, put someone in that will put the screws to them. Additionally, businesses need to start pulling advertising. Paycor, 5/3, P&G, etc. should walk. They need to feel the pain in their wallets, and ticket sales isn’t going to cut it. It’s been decades. It doesn’t ever get better otherwise.",2140.0,negative,0.118,0.775,0.108,-0.3182
1on0n5m,1762138270.0,207,0.95,72,Football,"What do we think Joe’s thinking Joe Burrow was seen leaving the stadium right after the game. What do you think that says about where his head is at right now? Does it change how you feel about his leadership, his future with the team, or the way he’s handling the injury and the performance today? Curious how everyone reads the situation",14355.0,neutral,0.048,0.917,0.035,-0.2168
1on0n1p,1762138262.0,414,0.99,46,,Guess what happens on this play ,19263.0,neutral,0.0,0.645,0.355,0.4118
1omz68h,1762134055.0,220,1.0,26,Fact,Joe Flacco's 470 passing yards are the most by a 40+ year old QB in a regular season game ,5940.0,neutral,0.0,1.0,0.0,0.0
1omz3i1,1762133838.0,198,0.96,56,,FIRE AL GOLDEN… FIRE DUKE TOBIN This defense is a fucking joke… it’s literally the worst defense I’ve ever seen. I feel so bad for the offense knowing it doesn’t matter how many points you score because the sorry ass defense will allow more. It’s pathetic and fans need to stop buying tickets to go to the games because the only way to get to Mike brown is to hit his pockets. ,10835.0,negative,0.305,0.613,0.082,-0.973
1omympg,1762132510.0,235,1.0,3,,Watching this defense has me like ,940.0,neutral,0.0,0.5,0.5,0.4588
1omygkw,1762132031.0,256,0.99,56,,"The real people to blame for another wasted season of Burrow, Jamarr and Tee ",14446.0,neutral,0.318,0.682,0.0,-0.6808
1omy919,1762131451.0,356,0.97,190,Football,"Stewart, Battle and Slayton all laughing, saying “see you on Monday” in the locker room after the game ",65956.0,negative,0.119,0.734,0.147,0.1531
1omxy9q,1762130635.0,1038,0.99,88,Football,"“One F***ing Stop” - Ja’Marr Chase extremely mad heading to the locker room Source: Yanni Tragellis (on X)

I doubt that Ja’Marr, Tee, Joe Burrow and Chase Brown are going to stay a lot longer than (maybe) another season with the Bengals. This franchise is so dysfunctional. Al Golden should be fired pronto (and likely won’t be fired), Zac Taylor is here for another year and Duke Tobin will never get fired. Truly abysmal. ",91458.0,negative,0.191,0.809,0.0,-0.9393
1omxt38,1762130224.0,491,1.0,22,,Historically bad ,11293.0,negative,0.778,0.222,0.0,-0.5423
1omxp0d,1762129905.0,1300,0.99,151,,[Highlight] RB Chase Brown rips the Bengals defense: “What the f*ck... Finish the f*cking game.” ,195624.0,negative,0.0,0.903,0.097,0.128
1omx9uq,1762128750.0,687,0.99,107,,"Fire the entire defense. Let the practice squad start, it can’t be any worse. ",73454.0,negative,0.306,0.611,0.083,-0.6124
1omtp0x,1762119477.0,138,0.95,1179,,"Post Game Thread: Chicago Bears at Cincinnati Bengals #Chicago Bears at Cincinnati Bengals

[ESPN Gamecast](https://www.espn.com/nfl/game/_/gameId/401772765/bears-bengals)

Paycor Stadium- Cincinnati, OH

Network(s): CBS 

***

|Time Clock|
|:--:|
|Final|

**Scoreboard**

||Q1|Q2|Q3|Q4|Total|
|:--:|:--:|:--:|:--:|:--:|:--:|
|CHI|7|10|14|16|47|
|CIN|10|10|7|15|42|


**Scoring Plays**

| Team | Quarter | Type | Description |
|:--|:--|:--|:--|
| CIN | 1 | TD | Charlie Jones 98 Yd Kickoff Return (Evan McPherson Kick) |
| CHI | 1 | TD | Caleb Williams 2 Yd pass from DJ Moore (Cairo Santos Kick) |
| CIN | 1 | FG | Evan McPherson 41 Yd Field Goal |
| CHI | 2 | TD | Olamide Zaccheaus 15 Yd pass from Caleb Williams (Cairo Santos Kick) |
| CIN | 2 | FG | Evan McPherson 33 Yd Field Goal |
| CHI | 2 | FG | Cairo Santos 24 Yd Field Goal |
| CIN | 2 | TD | Tee Higgins 44 Yd pass from Joe Flacco (Evan McPherson Kick) |
| CHI | 3 | TD | Colston Loveland 5 Yd pass from Caleb Williams (Cairo Santos Kick) |
| CIN | 3 | TD | Tee Higgins 2 Yd pass from Joe Flacco (Evan McPherson Kick) |
| CHI | 3 | TD | Brittain Brown 22 Yd Rush (Cairo Santos Kick) |
| CHI | 4 | FG | Cairo Santos 36 Yd Field Goal |
| CHI | 4 | TD | DJ Moore 17 Yd Rush (Cairo Santos Kick) |
| CIN | 4 | TD | Noah Fant 23 Yd pass from Joe Flacco (Joe Flacco Pass to Tee Higgins for Two-Point Conversion) |
| CIN | 4 | TD | Andrei Iosivas 9 Yd pass from Joe Flacco (Evan McPherson Kick) |
| CHI | 4 | TD | Colston Loveland 58 Yd pass from Caleb Williams (Two-Point Pass Conversion Failed) |




**Passing Leaders**

|Team|Player|C/ATT|YDS|TD|INT|SACKS|
|:--|:--|--:|--:|--:|--:|--:|
| CHI | Caleb Williams | 20/34 | 280 | 3 | 0 | 2-9 |
| CIN | Joe Flacco | 31/47 | 470 | 4 | 2 | 3-21 |

**Rushing Leaders**

|Team|Player|CAR|YDS|AVG|TD|LONG|
|:--|:--|--:|--:|--:|--:|--:|
| CHI | Kyle Monangai | 26 | 176 | 6.8 | 0 | 39 |
| CIN | Chase Brown | 11 | 37 | 3.4 | 0 | 12 |

**Receiving Leaders**

|Team|Player|REC|YDS|AVG|TD|LONG|TGTS|
|:--|:--|--:|--:|--:|--:|--:|--:|
| CHI | Colston Loveland | 6 | 118 | 19.7 | 2 | 58 | 7 |
| CIN | Tee Higgins | 7 | 121 | 17.3 | 2 | 44 | 9 |


***

Use [reddit-stream.com](https://reddit-stream.com/comments/auto) to get an autorefreshing version of this page

^This ^was ^created ^by ^a ^bot. ^For ^issues ^or ^suggestions ^please ^message ^nfl_gdt_bot.

^Last ^updated: ^2025-11-02_17:08:18.252092-05:00",154698.0,neutral,0.0,1.0,0.0,0.0
1omoa13,1762106735.0,631,0.98,42,,[Highlight] Charlie Jones returns opening kickoff 99 yards for touchdown ,26590.0,positive,0.0,1.0,0.0,0.0
1ommjqt,1762102735.0,110,0.96,7103,,"Game Thread: Chicago Bears (4-3) at Cincinnati Bengals (3-5) #Chicago Bears at Cincinnati Bengals

[ESPN Gamecast](https://www.espn.com/nfl/game/_/gameId/401772765/bears-bengals)

Paycor Stadium- Cincinnati, OH

Network(s): CBS 

***

|Time Clock|
|:--:|
|Final|

**Scoreboard**

||Q1|Q2|Q3|Q4|Total|
|:--:|:--:|:--:|:--:|:--:|:--:|
|CHI|7|10|14|16|47|
|CIN|10|10|7|15|42|


**Scoring Plays**

| Team | Quarter | Type | Description |
|:--|:--|:--|:--|
| CIN | 1 | TD | Charlie Jones 98 Yd Kickoff Return (Evan McPherson Kick) |
| CHI | 1 | TD | Caleb Williams 2 Yd pass from DJ Moore (Cairo Santos Kick) |
| CIN | 1 | FG | Evan McPherson 41 Yd Field Goal |
| CHI | 2 | TD | Olamide Zaccheaus 15 Yd pass from Caleb Williams (Cairo Santos Kick) |
| CIN | 2 | FG | Evan McPherson 33 Yd Field Goal |
| CHI | 2 | FG | Cairo Santos 24 Yd Field Goal |
| CIN | 2 | TD | Tee Higgins 44 Yd pass from Joe Flacco (Evan McPherson Kick) |
| CHI | 3 | TD | Colston Loveland 5 Yd pass from Caleb Williams (Cairo Santos Kick) |
| CIN | 3 | TD | Tee Higgins 2 Yd pass from Joe Flacco (Evan McPherson Kick) |
| CHI | 3 | TD | Brittain Brown 22 Yd Rush (Cairo Santos Kick) |
| CHI | 4 | FG | Cairo Santos 36 Yd Field Goal |
| CHI | 4 | TD | DJ Moore 17 Yd Rush (Cairo Santos Kick) |
| CIN | 4 | TD | Noah Fant 23 Yd pass from Joe Flacco (Joe Flacco Pass to Tee Higgins for Two-Point Conversion) |
| CIN | 4 | TD | Andrei Iosivas 9 Yd pass from Joe Flacco (Evan McPherson Kick) |
| CHI | 4 | TD | Colston Loveland 58 Yd pass from Caleb Williams (Two-Point Pass Conversion Failed) |




**Passing Leaders**

|Team|Player|C/ATT|YDS|TD|INT|SACKS|
|:--|:--|--:|--:|--:|--:|--:|
| CHI | Caleb Williams | 20/34 | 280 | 3 | 0 | 2-9 |
| CIN | Joe Flacco | 31/47 | 470 | 4 | 2 | 3-21 |

**Rushing Leaders**

|Team|Player|CAR|YDS|AVG|TD|LONG|
|:--|:--|--:|--:|--:|--:|--:|
| CHI | Kyle Monangai | 26 | 176 | 6.8 | 0 | 39 |
| CIN | Chase Brown | 11 | 37 | 3.4 | 0 | 12 |

**Receiving Leaders**

|Team|Player|REC|YDS|AVG|TD|LONG|TGTS|
|:--|:--|--:|--:|--:|--:|--:|--:|
| CHI | Colston Loveland | 6 | 118 | 19.7 | 2 | 58 | 7 |
| CIN | Tee Higgins | 7 | 121 | 17.3 | 2 | 44 | 9 |


***

Use [reddit-stream.com](https://reddit-stream.com/comments/auto) to get an autorefreshing version of this page

^This ^was ^created ^by ^a ^bot. ^For ^issues ^or ^suggestions ^please ^message ^nfl_gdt_bot.

^Last ^updated: ^2025-11-02_17:08:18.252092-05:00",750182.0,neutral,0.0,1.0,0.0,0.0
1omkppx,1762098504.0,101,0.92,87,,"Bengals have told teams they don't intend to trade Trey Hendrickson. But if the Bengals lose today to the Bears and drop to 3-6, there are some sources who have wondered if that might be enough to change Cincinnati's stance. Per Adam Schefter",8177.0,neutral,0.131,0.869,0.0,-0.7351
1omkmk9,1762098303.0,111,0.96,10,,Nothing has changed since Monday. Remember the definition of crazy today boys. That being said... ,1172.0,neutral,0.146,0.854,0.0,-0.34
1omj9mf,1762095123.0,427,0.97,40,Fandom,I believe in Flacco ,16982.0,positive,0.0,1.0,0.0,0.0
1olw6lz,1762024122.0,874,0.99,60,,The first sign it was going to be a rough year. Please let Zac go! He's best suited to being mocked at the high school coaching level.,52781.0,negative,0.072,0.717,0.212,0.6696
1olt4y3,1762016846.0,142,0.96,89,Rumor,[Russini] Bengals Receiving Calls From Several Teams About Three Players ,12269.0,neutral,0.0,1.0,0.0,0.0
1ols8ov,1762014707.0,143,0.99,33,,"QB Joe Flacco is planning to start on Sunday, sources say, barring something unforeseen with his AC joint sprain in his right shoulder.

There was optimism after Thursday’s practice and that continued this weekend. No one knows how it’ll react. But he’s giving it a shot. Per Ian rapoport",4813.0,neutral,0.031,0.866,0.103,0.5789
1olqhlr,1762010475.0,213,0.94,78,Fact,"Zac Taylor is the 71st Highest Paid Football Coach in America I’ve seen a lot of posts about a potential coaching search and just wanted to mention this fact to help guide some realism. 

Zac Taylor makes $4.5M per season. He is the 18th highest paid NFL head coach. There are 54 NCAA head coaches that make more than $4.5M per season. 

For NCAA coaches comparison, Zac Taylor makes the same amount of money as Willie Fritz who is the head coach of the Houston Cougars. 

We don’t need to be wondering if Ryan Day, Marcus Freeman or Dan Lanning would be interested in the Bengals coaching job. ",15817.0,neutral,0.0,0.927,0.073,0.7964
1oldnox,1761966521.0,520,0.96,102,Fact,Just stating facts ,51418.0,neutral,0.0,1.0,0.0,0.0
1ol4tdo,1761941131.0,119,0.98,27,Fandom,"Custom made wedge Thought you guys would appreciate this. Made custom nfl wedges for my groomsmen, and had to make myself a Bengals one. 

#whoDEY",3265.0,positive,0.0,0.895,0.105,0.4019
1ol3zvw,1761939147.0,204,0.99,49,Fact,"Our Defense isn’t just bad, it’s the WORST. I knew we were terrible, I didn’t know we were the worst!",10098.0,negative,0.522,0.429,0.049,-0.9462
1okybmo,1761926061.0,210,0.99,17,Fact,Front offices making decisions. Maybe one day…,3742.0,neutral,0.0,1.0,0.0,0.0
1oky5jg,1761925675.0,271,0.89,51,,"Shame on the NFL for not giving us a home game tonight with Halloween blackout jerseys, come on Rodger, Friday Night Fright in the Jungle! ",12542.0,neutral,0.277,0.723,0.0,-0.7922
1okl9hf,1761884592.0,133,0.95,27,,Did we cook with the linemen in this draft for once possibly? ,3538.0,neutral,0.0,1.0,0.0,0.0
1okh5tg,1761872428.0,214,0.96,9,Rumor,"I hear this guy is good to go at QB1, only contract demands are extra cheese Little Nero's Pizza, just leave 'em at the door ya filthy animal. ",2054.0,neutral,0.041,0.859,0.1,0.4019
1okgq0w,1761871224.0,121,0.89,94,,"Geez man. What was this draft. Specifically that horrible third round. I beg we get at least a fifth outta mick Only mims, newton and lee have looked good.",10231.0,negative,0.111,0.796,0.092,-0.1531
1okg26s,1761869391.0,339,0.99,260,,McKinnley Jackson wants out ,87594.0,neutral,0.0,1.0,0.0,0.0
1okfz5l,1761869163.0,480,0.98,62,Fandom,That post is making it’s rounds ,29635.0,neutral,0.0,1.0,0.0,0.0
1okfu0t,1761868802.0,161,0.91,24,,Spot on analogy for the Bengals from a Critical Role fan I replied to ,3663.0,neutral,0.158,0.685,0.158,0.0
1okbz7t,1761859004.0,523,0.99,94,,"Aw hell nah, we can’t be serious ",49188.0,negative,0.646,0.354,0.0,-0.743
1ok34v6,1761838930.0,193,0.99,43,,Jesus ,8407.0,neutral,0.0,1.0,0.0,0.0
1ok2z2p,1761838560.0,608,0.98,91,Fandom,Bengals subreddit made it to Bleacher Report ,54817.0,neutral,0.0,1.0,0.0,0.0
1ok2dgb,1761837176.0,137,0.94,123,,"Jake Browning Scares me if he starts Sunday Joe Flacco didn't practice yesterday because of his shoulder.  There's a chance that he doesn't start on Sunday, if that does happen, I'm worried about Jake Browning just from what I could see live.  I went into the film and here's a few plays of specifically why Jake scares me and I hope that Joe can play Sunday Vs the Bears.

[https://youtu.be/4SO2aVVqdl0](https://youtu.be/4SO2aVVqdl0)",15969.0,neutral,0.094,0.781,0.125,0.3182
1ojmsnf,1761787681.0,109,0.95,35,Fact,"Please, Mike Brown, Katie Blackburn, and co….Prove me Wrong. DJ Turner is having an all pro season. He showed flashes his rookie year (think back to the MNF game against the Jags in 2023). He balled out last year until he got hurt. He is now arguably the best Corner in the entire NFL at this moment or is at the very worst top 5. He plays with heart, and dear god is this kid fast. Oh, and a name like JuanDrago Turner II is just badass.

If he keeps up the production, a competent team like the Eagles would sign him THIS offseason or even earlier. Pay the man and reap the rewards as he continuously outplays his contract (see PS2 with Denver). 

Snap back to reality. It’s the end of 2026. Turner has played at a pro-bowl, if not all-pro, level the last 2 years and knows how much he’s gonna command. The Bengals will nickel and dime him, whether it’s because we can’t afford the guarantees, don’t know how to manipulate the cap, are just incompetent, or all of the above. He walks in free agency and balls out with another team that knows you pay you’re freaking guys. A stellar defensive player we could’ve had cheaper a year ago walks and we lose a bright spot on an otherwise abysmal defense. 

Please. I beg you. Duke Tobin, Zac Taylor, Katie Blackburn, and Mike Brown…be competent. Do your jobs. Pay the guys that WORK and don’t let DJ Turner II become the next Jessie Bates…",3728.0,positive,0.094,0.763,0.143,0.9039
1ojgiyb,1761771724.0,293,0.98,84,,Pop Warner drills for a Pop Warner defense ,24407.0,neutral,0.0,0.8,0.2,0.128
1oj6puq,1761749714.0,232,0.99,154,,"[Rapoport] #Bengals QB Joe Flacco is dealing with an AC joint sprain in his throwing shoulder & his status is up in the air for Sunday vs the #Bears, sources say. ",35600.0,neutral,0.0,1.0,0.0,0.0
1oj36lj,1761740935.0,191,0.91,80,Fact,"Mike Pennel could not get out of Cincinnati fast enough after KC’s Chris Jones’ request to get him back on the Chiefs Chris Jones calls him a *heck of a locker room guy* in the article. I know that isn’t our biggest need, nor was he making a difference here, but I feel like a player requesting to be released because a former teammate wanted him back screams volumes about the Bengals experience.",14079.0,neutral,0.04,0.914,0.046,0.1154
1oitnbg,1761706872.0,104,0.94,19,,"Lol remember this, absolute fleece, but could we do it again? Side Note: I've just realized that a lot of our sucess in 2021 came from free agency and trades.

Trey signing

Bj Trade

Awuzi signing

Mike signing

Vonn bell signing

Larry ogunjobie signing

Eli apple signing

Jamaar chase Drafted

Evan mcpherson drafted

Ossai drafted

Overall was such a goof offseason looking back on it",1955.0,negative,0.0,0.906,0.094,0.7469
1oir86u,1761699992.0,171,0.98,30,,"For Bengals' season ticket holders, the cost of faith has become too high | Letter ",5195.0,neutral,0.0,0.823,0.177,0.4215
1oiqqjc,1761698650.0,333,0.98,56,,"So many ZT clown memes, let's point the finger to an even bigger issue If he was actually called a GM, he'd be the longest tenured in the NFL outside of Jerry Jones if you count that. What a disgrace. ",18601.0,negative,0.08,0.92,0.0,-0.4939
1oiqcsq,1761697607.0,1438,0.99,43,,Pope Flacco blessed my Son I was in that earlier photo posted from Delwood. Flacco was super cool and such a nice guy. Sat and chatted about kids and life for a bit before he left. Was incredible nice to my family and my wife asked if he could take a pick with our 2 month old. ,62639.0,positive,0.0,0.75,0.25,0.9403
1oimjrd,1761688083.0,1158,0.99,37,,Flacco spotting per my dad ,43564.0,neutral,0.0,1.0,0.0,0.0
1oijz7m,1761682153.0,771,0.97,316,,"If you canceled your season tickets how'd it go? I called today to cancel my Bengals season tickets for next year and the whole conversation felt super guilt-trippy and argumentative. I was asked if I only wanted to be a season ticket holder when we go to the playoffs and am I just being emotional for losing to the Jets.

They asked why I was unhappy so I said that I’m frustrated with the front office — mainly the lack of a real scouting department, bad drafts, and how the prices keep going up steeply every year since I joined. Instead of just taking the feedback, they got defensive and said things like this is the front office who drafted Joe Burrow and Tee Higgins. The last thing being asked to me was if I wanted cheap tickets or to pay Jamar Chase and Tee Higgins.",237075.0,negative,0.134,0.806,0.06,-0.886
1oib8wg,1761662564.0,104,0.89,48,,"Why is Tee only getting 1 target basically?  (that 2nd target vs Jets was basically a throwaway) Why does Tee not have scripted plays on the weekly.  Also, why is Ja'Marr used differently during PrimeTime games vs regular 1pm games",4535.0,neutral,0.045,0.955,0.0,-0.1877
1ohuk5j,1761609006.0,123,0.93,32,Fandom,Oh how attitudes on this sub change in just 7 days ,3775.0,neutral,0.0,1.0,0.0,0.0
1ohtpno,1761606828.0,198,0.98,3,Fandom,Meanwhile Mike Brown can’t read ,776.0,negative,0.0,1.0,0.0,0.0
1ohs3ig,1761602820.0,122,0.8,57,,Bengals went to the superbowl when they lost to the jets in week 8 back in 2021 #Super Bowl bound👀👀👀👀👀#noticing ,5661.0,positive,0.113,0.887,0.0,-0.3182
1ohqnt3,1761599425.0,466,0.94,75,Fact,isn’t that the head coaches job…? credit: ig. ,33291.0,neutral,0.0,0.729,0.271,0.3818
1ohqay0,1761598575.0,187,0.97,131,,Bengals defensive players just got out of a players only defensive meeting. Via Joe Danneman,23943.0,neutral,0.0,0.845,0.155,0.0516
1ohpekb,1761596531.0,695,0.94,186,,"Is it time to admit Palmer had a point. “I thought I was the difference-maker. I thought, ‘The organization doesn’t matter. The players on the field are what matters.’ And I was 100 percent wrong. All that matters is the organization. Because great organizations get the right players.”

How do yall feel about this quote from Palmer with where we are at with this team?",122167.0,neutral,0.046,0.833,0.121,0.4588
1ohmgdn,1761589936.0,742,0.98,42,,This statistic alone should be his fucking job! ,31268.0,negative,0.247,0.753,0.0,-0.3164
1ohjq1x,1761583889.0,564,0.99,110,,Even worse with analysis How does anyone keep their jobs after watching this?,61978.0,negative,0.205,0.795,0.0,-0.4767
1ohhfh5,1761578785.0,184,0.97,3,Fact,Zac Taylor going for a swim in the Ohio ,714.0,negative,0.0,1.0,0.0,0.0
1ohf8uy,1761573760.0,442,0.97,144,,"It is 10 AM Monday morning, no one has been fired, cut, or traded, nothing is changing boys. PAIN.",62167.0,negative,0.443,0.557,0.0,-0.8986
1ohf32v,1761573378.0,197,0.99,104,Football,"Since 2022, The Bengals have spent 10 Top 100 picks on defense, tied for the most in the NFL over that span (Eagles, Cardinals).

They currently rank dead last in yards allowed/game and tied for last in defensive EPA/play allowed.

This is the direct result of draft decisions. ",20478.0,neutral,0.082,0.835,0.083,-0.4404
1ohddr4,1761569039.0,388,0.99,41,,Should’ve been over!!smh ,16133.0,negative,0.0,1.0,0.0,0.0
1oh61k0,1761541946.0,408,0.96,70,,"If Bengals do not fire Zac Taylor after losing to a winless team who stayed that way for SEVEN WHOLE WEEKS then I don't know what will at this point. I could be writing a whole novel of an essay right now of why he needs to go, but I can't be fucking bothered. I'm speechless at this point.",27809.0,negative,0.031,0.866,0.103,0.483
1oh2k9w,1761530682.0,255,0.99,49,,They let the worst team in the NFL score 39 points Actions prove louder than words. Nothing else needs to be said ,12622.0,negative,0.163,0.837,0.0,-0.6249
1oh27qr,1761529686.0,357,0.98,20,Drunk,"I know Zac Taylor was at those rigged poker games, just can’t prove it yet ",7347.0,negative,0.161,0.839,0.0,-0.3612
1oh24v0,1761529451.0,217,0.91,42,,"What to feed a bengal kitten of 4 months? Hello everyone,

We have a 4-month-old Bengal kitten, and Im always feeding him the same thing. I always keep a bowl of kibble (Edgard & Cooper) out and refill it when it’s empty. During the day, he usually eats 2–3 cans of wet food, but we’ve run out of those for a few days, so I’ve been feeding him eggs instead.

Right now, he’s mainly eating eggs and some kibble. I recently saw a post saying that kittens should only eat kibble for their first year, so I’m a bit confused. My sister is usually the one taking care of him, but she’s out of the country for a few weeks. It’s also our first cat, so I don’t think she’s entirely sure either.

I have two questions:
	1.	For people who have Bengal cats — what kind of food did you feed your Bengal when they were kittens?
	2.	Is it normal that he doesn’t eat much variety? Or is that just a “cat thing”? (Sometimes I feel bad that he only gets the same 2–3 options!)

Thanks in advance for any advice!
",8491.0,neutral,0.049,0.883,0.068,0.6796
1oh1rms,1761528386.0,154,0.9,66,,Where's the Zac defenders now? ,9286.0,negative,0.0,0.755,0.245,0.0772
1oh1hua,1761527578.0,425,0.99,117,,"Is this bad? Just reposting, all credit to Jake Liscow ",49648.0,neutral,0.248,0.567,0.184,-0.2263
1oh0nyg,1761525227.0,206,0.99,31,Football,Joe Burrow throwing the ball to Noah Fant on the sideline It’s honestly depressing to see Joe Burrow in this situation. ,6526.0,negative,0.106,0.772,0.122,0.1027
1oh041c,1761523656.0,490,0.84,176,Fact,Yeet this man in the Ohio River. ,72853.0,negative,0.0,1.0,0.0,0.0
1ogzqze,1761522639.0,630,0.98,212,Fandom,"Bengals' Taylor calls out defense after giving up 39 points to Jets “I just want to see someone step up and lead the defense”

THAT SOUNDS LIKE YOUR JOB ZACHARY",131506.0,negative,0.0,0.755,0.245,0.7531
1ogyrv6,1761519979.0,1057,0.98,134,Spicy,"Jamarr Chase on the blown leads- ""Idk that's a Zach question. Ask Zach that"" Per Ben Baby on Instagram Reels ",139841.0,negative,0.072,0.928,0.0,-0.1027
1ogykv4,1761519483.0,136,0.94,17,,"the only good de this team has drafted in the past ten years I miss you, you weren't good last year but I still miss you. I miss you in every way Sam",2301.0,neutral,0.15,0.735,0.115,-0.0516
1ogy9pu,1761518643.0,200,0.98,10,Drunk,Wasn’t planning on drinking that much today ,2156.0,neutral,0.0,1.0,0.0,0.0
1ogy9jt,1761518629.0,423,0.94,50,Drunk,Please Save of from the bad man That is all,20279.0,neutral,0.219,0.438,0.344,0.25
1ogy5if,1761518333.0,891,0.97,206,Fandom,"Zac Taylor, for lack of a better word, is a loser I'm not even mad about today's loss. It was inevitable. I'm done being mad about Zac Taylor led teams. We cannot expect to win with this guy. He's a loser, plain and simple. 

His career record is under .500. A career which has had Joe Burrow for 6 years and Ja'Marr Chase for 5 years. Before Joe Burrow saved his ass he was 6-25-1 through his first 2 seasons. He constantly loses in September. He constantly has his teams playing down to inferior opponents. 

Think back to 2021-2022 and both playoff runs.  We had 1 good game (against Buffalo). The others wins were grinds where the other team made a mistake.  The Super Bowl final drive was a spotlight on his ineptitude when he had 2nd and 1 and threw deep when extending the game was all that mattered.  Same as today when you're up by 6 with time becoming an issue and he throws 3 times while his run game is cooking.  

He is completely unaware of game dynamics. He doesn't seem prepared and he never evolves. Loser mentality.  

Aaron Glenn made every wrong decision today and Zac somehow bailed him out.  That team we lost to today is one of the worst of the decade and they didn't have two of their best players. Swap rosters with Mike Vrabel (or any other decent coach) and the records are the same.  

We will never be in the playoffs with this guy again. The league has his number. Thanks for not crashing the car for those two years but we've been in wreck after wreck since and it will not get better. ",178904.0,negative,0.112,0.793,0.095,-0.6597
1oguiuh,1761509256.0,127,0.95,1316,,"Post Game Thread: New York Jets at Cincinnati Bengals #New York Jets at Cincinnati Bengals

[ESPN Gamecast](https://www.espn.com/nfl/game/_/gameId/401772758/jets-bengals)

Paycor Stadium- Cincinnati, OH

Network(s): CBS 

***

|Time Clock|
|:--:|
|Final|

**Scoreboard**

||Q1|Q2|Q3|Q4|Total|
|:--:|:--:|:--:|:--:|:--:|:--:|
|NYJ|0|13|3|23|39|
|CIN|10|14|7|7|38|


**Scoring Plays**

| Team | Quarter | Type | Description |
|:--|:--|:--|:--|
| CIN | 1 | FG | Evan McPherson 26 Yd Field Goal |
| CIN | 1 | TD | Joe Flacco 1 Yd Rush (Evan McPherson Kick) |
| NYJ | 2 | FG | Nick Folk 46 Yd Field Goal |
| CIN | 2 | TD | Tee Higgins 44 Yd pass from Joe Flacco (Evan McPherson Kick) |
| NYJ | 2 | TD | Tyler Johnson 15 Yd pass from Justin Fields (Nick Folk Kick) |
| CIN | 2 | TD | Chase Brown 19 Yd pass from Joe Flacco (Evan McPherson Kick) |
| NYJ | 2 | FG | Nick Folk 25 Yd Field Goal  |
| NYJ | 3 | FG | Nick Folk 24 Yd Field Goal |
| CIN | 3 | TD | Samaje Perine 32 Yd Rush (Evan McPherson Kick) |
| NYJ | 4 | TD | Breece Hall 5 Yd Rush (Justin Fields Run for Two-Point Conversion) |
| CIN | 4 | TD | Chase Brown 1 Yd Rush (Evan McPherson Kick) |
| NYJ | 4 | TD | Breece Hall 27 Yd Rush (Justin Fields Pass to Isaiah Davis for Two-Point Conversion) |
| NYJ | 4 | TD | Mason Taylor 4 Yd pass from Breece Hall (Nick Folk Kick) |




**Passing Leaders**

|Team|Player|C/ATT|YDS|TD|INT|SACKS|
|:--|:--|--:|--:|--:|--:|--:|
| NYJ | Justin Fields | 21/32 | 244 | 1 | 0 | 0-0 |
| CIN | Joe Flacco | 21/34 | 223 | 2 | 0 | 1-6 |

**Rushing Leaders**

|Team|Player|CAR|YDS|AVG|TD|LONG|
|:--|:--|--:|--:|--:|--:|--:|
| NYJ | Breece Hall | 18 | 133 | 7.4 | 2 | 35 |
| CIN | Samaje Perine | 9 | 94 | 10.4 | 1 | 32 |

**Receiving Leaders**

|Team|Player|REC|YDS|AVG|TD|LONG|TGTS|
|:--|:--|--:|--:|--:|--:|--:|--:|
| NYJ | Tyler Johnson | 3 | 64 | 21.3 | 1 | 34 | 5 |
| CIN | Ja'Marr Chase | 12 | 91 | 7.6 | 0 | 17 | 19 |


***

Use [reddit-stream.com](https://reddit-stream.com/comments/auto) to get an autorefreshing version of this page

^This ^was ^created ^by ^a ^bot. ^For ^issues ^or ^suggestions ^please ^message ^nfl_gdt_bot.

^Last ^updated: ^2025-10-26_16:37:56.964084-04:00",158896.0,negative,0.0,1.0,0.0,0.0
1ogrv3u,1761502925.0,103,0.98,3,,[Highlight] Chase Brown runs through defenders for touchdown on catch and run ,404.0,positive,0.0,0.894,0.106,0.0772
1ogrint,1761502120.0,222,0.98,12,,"[Highlight] Chase Brown makes a heads up play to abort flea flicker, keeps it for first down run ",2828.0,positive,0.0,0.87,0.13,0.34
1ogr173,1761500990.0,486,0.99,44,,[Highlight] Joe Flacco 44-yard deep touchdown to Tee Higgins ,21651.0,positive,0.0,1.0,0.0,0.0
1ogo7g7,1761494268.0,153,0.98,4900,,"Game Thread: New York Jets (0-7) at Cincinnati Bengals (3-4) #New York Jets at Cincinnati Bengals

[ESPN Gamecast](https://www.espn.com/nfl/game/_/gameId/401772758/jets-bengals)

Paycor Stadium- Cincinnati, OH

Network(s): CBS 

***

|Time Clock|
|:--:|
|Final|

**Scoreboard**

||Q1|Q2|Q3|Q4|Total|
|:--:|:--:|:--:|:--:|:--:|:--:|
|NYJ|0|13|3|23|39|
|CIN|10|14|7|7|38|


**Scoring Plays**

| Team | Quarter | Type | Description |
|:--|:--|:--|:--|
| CIN | 1 | FG | Evan McPherson 26 Yd Field Goal |
| CIN | 1 | TD | Joe Flacco 1 Yd Rush (Evan McPherson Kick) |
| NYJ | 2 | FG | Nick Folk 46 Yd Field Goal |
| CIN | 2 | TD | Tee Higgins 44 Yd pass from Joe Flacco (Evan McPherson Kick) |
| NYJ | 2 | TD | Tyler Johnson 15 Yd pass from Justin Fields (Nick Folk Kick) |
| CIN | 2 | TD | Chase Brown 19 Yd pass from Joe Flacco (Evan McPherson Kick) |
| NYJ | 2 | FG | Nick Folk 25 Yd Field Goal  |
| NYJ | 3 | FG | Nick Folk 24 Yd Field Goal |
| CIN | 3 | TD | Samaje Perine 32 Yd Rush (Evan McPherson Kick) |
| NYJ | 4 | TD | Breece Hall 5 Yd Rush (Justin Fields Run for Two-Point Conversion) |
| CIN | 4 | TD | Chase Brown 1 Yd Rush (Evan McPherson Kick) |
| NYJ | 4 | TD | Breece Hall 27 Yd Rush (Justin Fields Pass to Isaiah Davis for Two-Point Conversion) |
| NYJ | 4 | TD | Mason Taylor 4 Yd pass from Breece Hall (Nick Folk Kick) |




**Passing Leaders**

|Team|Player|C/ATT|YDS|TD|INT|SACKS|
|:--|:--|--:|--:|--:|--:|--:|
| NYJ | Justin Fields | 21/32 | 244 | 1 | 0 | 0-0 |
| CIN | Joe Flacco | 21/34 | 223 | 2 | 0 | 1-6 |

**Rushing Leaders**

|Team|Player|CAR|YDS|AVG|TD|LONG|
|:--|:--|--:|--:|--:|--:|--:|
| NYJ | Breece Hall | 18 | 133 | 7.4 | 2 | 35 |
| CIN | Samaje Perine | 9 | 94 | 10.4 | 1 | 32 |

**Receiving Leaders**

|Team|Player|REC|YDS|AVG|TD|LONG|TGTS|
|:--|:--|--:|--:|--:|--:|--:|--:|
| NYJ | Tyler Johnson | 3 | 64 | 21.3 | 1 | 34 | 5 |
| CIN | Ja'Marr Chase | 12 | 91 | 7.6 | 0 | 17 | 19 |


***

Use [reddit-stream.com](https://reddit-stream.com/comments/auto) to get an autorefreshing version of this page

^This ^was ^created ^by ^a ^bot. ^For ^issues ^or ^suggestions ^please ^message ^nfl_gdt_bot.

^Last ^updated: ^2025-10-26_16:37:56.964084-04:00",734856.0,neutral,0.0,1.0,0.0,0.0
1ogm1bh,1761488963.0,129,0.97,7,Fandom,🤞Hopefully Mr. Burrow will be present at today’s game too ,1001.0,neutral,0.0,1.0,0.0,0.0
1og8fup,1761442786.0,208,0.97,22,,Tis the season ,4640.0,neutral,0.0,1.0,0.0,0.0
1og77jz,1761438983.0,105,0.98,46,Football,"Week 8 -- TV Broadcast Coverage Courtesy: 506Sports. Map is as of this post date, and coverage is subject to change on Gameday.",4836.0,neutral,0.0,0.894,0.106,0.3612
1og4u6g,1761432158.0,299,0.93,156,,Corey Dillon Rips Organization for Ring of Honor Treatment: ‘F*** the Bengals’ ,43657.0,negative,0.0,0.775,0.225,0.4939
1ofxdeh,1761413329.0,413,0.94,55,Drunk,Joe Flacco and Jamar Chase did 9/11? ,21740.0,neutral,0.0,1.0,0.0,0.0
1ofwit2,1761411312.0,136,0.98,21,,Tyrod Taylor has been ruled out for Week 8. Justin Fields will get the start. ,2932.0,neutral,0.0,1.0,0.0,0.0
1ofu4r6,1761405471.0,202,1.0,25,,Trey expected to play! ,5252.0,neutral,0.0,0.527,0.473,0.4003
1ofqhf0,1761395905.0,552,0.97,62,,"The Bengal Boys - ""Joe Flacco, Man"" Hope life is treating you well, and hope you enjoy. Who Dey!",33733.0,positive,0.0,0.551,0.449,0.8858
1ofig30,1761366424.0,183,0.92,82,,Bengals are 0-9-1 coming off a Thursday night game in last 10 years. How is that possible?,13974.0,negative,0.0,1.0,0.0,0.0
1offizr,1761356989.0,274,0.98,29,,"Found in a New Zealand Thrift shop. Does anyone know the age of it? I’m pretty sure I’m the only native born New Zealand Bengals fan. So I couldn’t believe my luck when my wife found this in a thrift store at Mount Maunganui. Kids size, little big for my oldest 3 year son so will be worn on game days for a few seasons yet!

Can anyone give me an idea on how old it is? ChatGPT seems to think 1990 - 1994 but I’m never sure when to trust that. ",8056.0,neutral,0.018,0.821,0.161,0.9139
1ofds8a,1761351742.0,312,0.99,20,,BINGO BENGO ,6486.0,neutral,0.0,1.0,0.0,0.0
1of9e71,1761339830.0,501,0.99,43,,We finally got ourselves a cb1🥹 ,21824.0,positive,0.0,1.0,0.0,0.0
1of4wbs,1761329116.0,103,0.96,6,Fandom,Cincinnati Bengals Week 8 Matchup Doodle :) ,692.0,neutral,0.0,0.625,0.375,0.4588
1of40fm,1761327088.0,242,0.98,69,,"[Rapoport] “#Jets coach Aaron Glenn tells reporters that CB Sauce Gardner and WR Garrett Wilson are out, while Tyrod Taylor (knee) is questionable but trending in the right direction.” Jets 2 best players are out of the game. If the bengals somehow drop this… zero reason to discuss playoffs. 

Link to tweet: https://x.com/rapsheet/status/1981744508015386629?s=46&t=CUgpvw0Jm2yZ_zig3v0OAw",16601.0,neutral,0.072,0.83,0.098,0.5499
1oefpaj,1761254755.0,418,0.98,204,,Logan Wilson has requested a trade per espn ,83976.0,neutral,0.0,1.0,0.0,0.0
1oe883q,1761237601.0,111,0.98,6,,Happy Birthday 49! ,761.0,neutral,0.0,0.334,0.666,0.6114
1oe4lt0,1761229361.0,600,0.99,20,,When 40 yr old Flacco realizes he has elite WRs ,12474.0,positive,0.0,1.0,0.0,0.0
1oe3lt3,1761226948.0,197,0.99,22,Fandom,F-L-A-C-C-O We ridin’ with Flacco baby 🐅 Who-Dey!! ,4486.0,positive,0.0,1.0,0.0,0.0
1odt5lj,1761190946.0,374,0.97,53,Drunk,"You, a diehard Bengals fan, wakeup from a 15-year coma today and someone immediately shows you this picture. What do you think is happening? [THOUGHT EXERCISE] ",19590.0,neutral,0.0,0.909,0.091,0.3182
1odnhze,1761174571.0,328,0.97,56,Spicy,"""so what, no fuckin Zac Taylor memes this week?"" ",18135.0,neutral,0.237,0.763,0.0,-0.3566
1odllhz,1761169685.0,112,0.91,127,,"According to Jordan Schultz, the bengals could be buyers at the deadline👀. What Duke cooking? ",13046.0,neutral,0.0,1.0,0.0,0.0
1odg7bx,1761157367.0,318,0.99,5,,[Bengals] 1 in every sense. ,1889.0,neutral,0.0,1.0,0.0,0.0
1oddsn0,1761152111.0,181,0.93,20,,Every time I see the ball get thrown to Iosivas ,3535.0,neutral,0.0,1.0,0.0,0.0
1odcwjo,1761150165.0,187,0.99,8,,unc bowl was one for the ages ,1666.0,neutral,0.0,1.0,0.0,0.0
1odcqky,1761149794.0,172,0.99,69,,"[Schefter] Jets QB Tyrod Taylor, who had a chance to start Sunday vs. the Bengals, is now considered day-to-day with a knee injury. ",11920.0,neutral,0.118,0.798,0.084,-0.2023
1odafps,1761144727.0,279,0.99,81,,Bengals OC Dan Pitcher says Joe Flacco is an asset for Joe Burrow Glad to see it. Maybe Burrow will finally play more under center.,22649.0,neutral,0.0,0.736,0.264,0.7845
1oda8px,1761144289.0,486,0.99,74,,What is this ,36086.0,neutral,0.0,1.0,0.0,0.0
1od9d7z,1761142285.0,320,0.98,23,,This Man Brings an Aura with him ,7526.0,positive,0.0,1.0,0.0,0.0
1od6tvv,1761135952.0,117,0.93,11,Spicy,Might possibly the best possible morning when there’s no Bengals football to look forward to! ,1306.0,neutral,0.112,0.66,0.228,0.5093
1ocx707,1761102493.0,527,0.97,69,,COPE Would typically say “enjoy your permanent obscurity” except in this case would revise that to “fuck the Steelers” and especially for this sexual predator 😂 “get your loser ass name out my feed dawg + gfy”,35783.0,negative,0.173,0.827,0.0,-0.7845
1ocvvrz,1761098628.0,1186,0.99,55,,Flacco on throwing to Chase & Tee ,65752.0,neutral,0.0,1.0,0.0,0.0
1ocvj2o,1761097619.0,189,0.99,17,,TEEEEEEE! ,3368.0,positive,0.0,1.0,0.0,0.0
1ocq2g8,1761083121.0,107,0.94,115,,"Huh? Interesting, moving Shemar to starter and benching Dalton for Dylan. Interesting(also damn cam🥲) ",11667.0,neutral,0.155,0.69,0.155,0.0
1ocnvwz,1761078074.0,576,0.96,53,,"EVERY. SINGLE. DAY. Wow! You guys are hysterical!!

Quite obviously I thought I was posting to r/bengalcats. It's that last little bit ""cats"" that makes a difference.

This is Andy, our 8 month old Bengal CAT. Not WR LOL

And you can bet that r/steelers is going to get smelting GIFS now!",29860.0,neutral,0.095,0.834,0.07,0.4577
1oclhw9,1761072781.0,255,0.96,110,Rumor,"Joe Burrow could realistically return for last three games of the season, per Ian Rapoport ",27173.0,neutral,0.0,1.0,0.0,0.0
1ockz8q,1761071637.0,177,0.98,13,,⚫️🟠⚫️ ,2428.0,neutral,0.0,1.0,0.0,0.0
1ock0yl,1761069548.0,137,0.99,16,,Bengals responsible for both the biggest jump and fall on this week's power rankings. Who Dey!,2306.0,neutral,0.0,0.853,0.147,0.3802
1ocjib5,1761068395.0,187,0.98,53,,Tyrod Taylor named starter ,9896.0,neutral,0.0,1.0,0.0,0.0
1och5u4,1761063091.0,121,0.87,63,,"Can Joe Burrow still power a Bengals Super Bowl run? Joe Burrow has been through a lot early in his career. ACL surgery wrist surgery now a toe procedure before 28. But the way he bounced back in 2021 and led the Bengals to a Super Bowl says everything about his toughness. This writeup on his[ ](https://sportsorca.com/nfl/joe-burrow-injury-risk-bengals-dynasty/?utm_source=chatgpt.com)journey shows how much he still has in the tank.  
If Cincinnati can keep him upright and adjust their approach there is still real championship potential here. With the right protection and playcalling can Burrow lead them all the way again? 

Source: [https://sportsorca.com/nfl/joe-burrow-injury-risk-bengals-dynasty/](https://sportsorca.com/nfl/joe-burrow-injury-risk-bengals-dynasty/)",6737.0,neutral,0.012,0.871,0.117,0.9168
1ocg52y,1761060775.0,204,0.96,165,,Top 10 Bengals Players of all time (according to FanDuel) Andy Dalton above Chad Johnson is an odd one. And where in the world is Corey Dillon?,32509.0,neutral,0.079,0.859,0.062,-0.128
1obu3tv,1760995025.0,185,0.85,7,,"Look at that, just Look at it ",1258.0,neutral,0.0,1.0,0.0,0.0
1obtw2o,1760994524.0,330,0.99,19,Football,DJ Turner ll is Stepping Up this Year ,6534.0,positive,0.0,1.0,0.0,0.0
1obrx0l,1760990149.0,309,0.99,100,,Browns Let Joe Flacco Have Final Say in Bengals Trade After Being Benched for Gabriel ,30897.0,neutral,0.0,1.0,0.0,0.0
1obl9zt,1760972867.0,109,0.96,26,Fact,Cameron Heyward punches Joe Flacco. ,2825.0,negative,0.0,1.0,0.0,0.0
1ob3go4,1760913755.0,147,0.91,65,,"The AFC is wide open With the inevitable losses with the Broncos and Chargers, not only are we in play for the AFC North, but we are thick in the mix for the Wildcard race as well.

We need to go into our bye week with a win streak. In Flacco we trust. WHO DEY!


EDIT: Giants are a bunch of idiots for blowing the lead like that.",8829.0,positive,0.023,0.756,0.221,0.9493
1oay1r1,1760900658.0,118,0.91,67,,"Fields benched… Why does this always seem to happen right as teams are about to play us? Tyrod Taylor’s gonna go off next weekend, I can just feel it.

EDIT: I wrote this before he started throwing the ball.",7302.0,negative,0.0,0.938,0.062,0.34
1oadbs2,1760837841.0,127,0.95,41,,"I hope we keep Flacco on the roster moving forward I think he could be a good mentor to burrow since he’s never really had a veteran quarterback that could help him. I think burrow could learn a lot from Flacco, like how to throw the ball away and live to see another down or to take the easy throw over trying to always extend plays when the pocket collapses and stop trying to play hero ball all the time. There’s a reason Flacco is still playing at 40. Just a thought. ",5067.0,positive,0.043,0.707,0.25,0.9584
1oaaryw,1760830342.0,423,0.99,50,,"I believe we can win at least one of our games against the Ravens this year Before anyone says ""the Ravens don't have Lamar Jackson,"" let me say that the Ravens were bad even before Jackson went down, and inconsistent at best. And yes, Lamar will have been back by that time for a while and playing in order to make up for lost time, but we definitely can knock one off of them, especially if Burrow is back for the Thanksgiving game. That would make the playoff race easier for us.",21357.0,positive,0.038,0.809,0.153,0.891
1oa7ud4,1760822649.0,823,0.99,25,Fandom,jOreo ,21184.0,neutral,0.0,1.0,0.0,0.0
1oa2gd3,1760810115.0,137,0.97,91,,"Bengals All-Pro pass rusher Trey Hendrickson is drawing trade interest around the league.

Cincinnati isn’t shopping him, and after the Bengals’ Thursday night win, most do not expect him to get moved, sources say.

https://nytimes.com/athletic/6727307/2025/10/18/nfl-trade-rumors-news-baker-mayfield ",12226.0,neutral,0.0,0.829,0.171,0.7783
1oa0adb,1760804936.0,1595,0.99,43,,Wild stat. ,69478.0,neutral,0.0,1.0,0.0,0.0
1o9zb6c,1760802560.0,183,0.99,3,,I thought you guys might enjoy this. ,725.0,positive,0.0,0.61,0.39,0.4939
1o9yo5a,1760801032.0,494,1.0,10,Fact,Instant classic ,5434.0,positive,0.0,1.0,0.0,0.0
1o9nqpe,1760766181.0,111,0.94,6,,Re: Money Mac Game Winner: ,730.0,neutral,0.0,0.513,0.487,0.5859
1o9ikn0,1760749582.0,121,0.92,57,,Coaching? ,6457.0,neutral,0.0,1.0,0.0,0.0
1o99zg5,1760727583.0,211,0.97,29,Fact,Darth Burrow 2026 incoming??? ,6140.0,positive,0.0,1.0,0.0,0.0
1o99fns,1760726291.0,512,0.88,58,,"From a Steelers fan, thank you for an amazing game last night Don’t know if this is the right place or has been posted yet, but I wanted to thank your fan base for a truly wonderful time at the game. My girlfriend knows I’m a huge Steelers fan, and she managed to get tickets when Jake Browning was still the starter, so last night was a dream come true getting to see a vintage Flacco performance. The fans all around and throughout the night were nothing short of pleasant and fellow fun football people. All the banter was in good spirits and everyone had a good time. We all got to see an amazing game and go home safe and I couldn’t ask for more (besides a win 😅). Wish you all luck throughout the season because even though the hate is strong, gotta keep the division strong. Look forward to the next game ",26583.0,neutral,0.041,0.592,0.367,0.9968
1o98074,1760723024.0,205,1.0,26,,"Ja’Marr Chase Leads NFL in Receptions After 16-Catch Game vs. Steelers Yall think he’ll beat Michael Thomas’ record of 149? I mean if Flacco keeps performing like this and this guy continues to be a maverick, is it a tough ask? ",5535.0,positive,0.037,0.892,0.071,0.3313
1o97uzq,1760722692.0,280,0.99,27,,This was glorious… ,7762.0,positive,0.0,1.0,0.0,0.0
1o96ve2,1760720471.0,147,0.8,88,,"Unpopular opinion: Bengals are a better team due to presence of a veteran. Just tossing this out possibility: The across the board improvement by the team in the past six quarters of play is a response to having a veteran QB. Flacco has the talent but also is exuding a leadership quality that is beyond Joe Burrow’s years and demeanor. JB’s star power is so bright and reliance on him is so singular that it diminishes the team as a whole. Under JF, each part of the team elevates. Just a thought, not even sure I buy this. But Let the attack begin now.",10466.0,neutral,0.061,0.822,0.117,0.621
1o96cix,1760719275.0,534,0.99,22,Spicy,⚡⚡⚡ UNC LIGHTNING ⚡⚡⚡ T\_T ,12159.0,neutral,0.0,1.0,0.0,0.0
1o956bi,1760716618.0,1043,1.0,22,Fandom,I love our social media team ,23989.0,positive,0.0,0.488,0.512,0.6369
1o94foz,1760714937.0,322,0.98,4,,Ja’Marr lookin at Flacco every time Ramsey lined up on him BBQ Chicken Alert lol,1578.0,neutral,0.0,0.722,0.278,0.6124
1o93yvn,1760713879.0,396,0.97,76,Spicy,ESPN blows Bengals w,29577.0,negative,0.0,1.0,0.0,0.0
1o93jxq,1760712980.0,147,0.95,3,Fandom,Remember annoyed pajama kid? This is him now. Feel old yet? ,559.0,neutral,0.228,0.772,0.0,-0.4515
1o930u3,1760711763.0,1374,0.99,105,,Oh man are they salty. ,144188.0,negative,0.0,1.0,0.0,0.0
1o92qgh,1760711101.0,542,1.0,11,Spicy,Joe Calm ,6504.0,neutral,0.0,0.303,0.697,0.3182
1o92b6z,1760710089.0,230,1.0,5,,The Joe's and Chase Brown last night seeing our OL block... ,1380.0,neutral,0.0,1.0,0.0,0.0
1o91ouo,1760708590.0,101,0.98,0,,Tolkien would have loved a battle this dramatic ,99.0,neutral,0.226,0.435,0.339,0.3182
1o91nie,1760708497.0,114,0.97,40,Spicy,I think Zac has a man crush on Joe Flacco… Dude is gushing over how ELITE Flacco was last night. ,4534.0,positive,0.086,0.914,0.0,-0.1531
1o91ktv,1760708305.0,2088,1.0,65,,My reaction when the clock hit zero and we actually won a game ,137808.0,positive,0.0,0.748,0.252,0.5719
1o91cqi,1760707748.0,221,0.99,4,Fandom,"For the first time in a long time, I woke up this morning as a happy Bengals fan. Beating Shittsburgh always hits different. Us fans deserved that win last night.",1094.0,positive,0.084,0.642,0.274,0.7783
1o916xt,1760707340.0,546,0.99,69,,[Athletic] Joe Flacco in the nine days he's been with the Cincinnati Bengals: ◽️559 Passing yards ◽️5 TD passes ◽️0 INTs ◽️1 Masterful game-winning drive .. ,37838.0,positive,0.0,1.0,0.0,0.0
1o914g4,1760707161.0,377,0.98,104,,"Let’s give some love to our Offensive Line Gave Flacco time to throw some dimes, and the run game was there to keep the defense honest",38793.0,positive,0.088,0.647,0.265,0.7184
1o90dz2,1760705319.0,352,0.95,136,,"Bengals should strongly consider signing Flacco as QB2 next year I know it’s only been 2 games, but I feel like Burrow has really been missing a veteran QB on the bench.  Since starting, Burrow has never had a veteran to learn from or lean on when he is down, I think Flacco on the bench could help improve Burrow. ",45813.0,positive,0.05,0.761,0.189,0.8394
1o8yyqo,1760701190.0,182,0.98,14,,It's not Joever til it's Joever ,2675.0,positive,0.0,1.0,0.0,0.0
1o8yncb,1760700196.0,111,0.99,6,,We are so back ,769.0,positive,0.0,1.0,0.0,0.0
1o8u6vl,1760683487.0,122,0.98,5,,Fear the name ,717.0,neutral,0.615,0.385,0.0,-0.4939
1o8trve,1760681901.0,234,0.98,10,,"Bengaljuice, Bengaljuice, Bengaljuice! We're soooooo back!!!",2523.0,positive,0.0,1.0,0.0,0.0
1o8t6ps,1760679736.0,416,1.0,14,Drunk,Who called it? I'm drunk and lazy to scroll. ,6240.0,neutral,0.412,0.588,0.0,-0.5994
1o8ssnw,1760678367.0,504,0.99,63,,Flacco is refreshing Just watched his post game interview and it's refreshing seeing someone on the Bengals show any amount of emotion answering questions. That is all.,31933.0,positive,0.0,1.0,0.0,0.0
1o8shzc,1760677336.0,165,1.0,6,,Move over Ryan Finley new backup to beat the Steelers ,1155.0,positive,0.0,1.0,0.0,0.0
1o8sa6h,1760676614.0,1103,0.97,37,,Uno go brrrrr ,40657.0,neutral,0.0,1.0,0.0,0.0
1o8s047,1760675683.0,761,0.99,34,,Flaccmagic! Joe 2 is fun to watch. That read option that he ran (which was a busted play he ad libbed btw) was amazing. His ability to make quick decisions and accurate throws means this team is actually back in contention again.,26369.0,positive,0.0,0.749,0.251,0.902
1o8ruyy,1760675223.0,209,0.99,33,,"Gosh Darn It; I Have Faith Again Look at what you did, Joe Flacco. You beautiful blue-eyed bastard.",7035.0,positive,0.145,0.579,0.277,0.4939
1o8rudw,1760675167.0,877,0.93,42,,3 - 5 ,35071.0,neutral,0.0,0.0,0.0,0.0
1o8qrsh,1760671799.0,288,0.97,706,,"Post Game Thread: Pittsburgh Steelers at Cincinnati Bengals #Pittsburgh Steelers at Cincinnati Bengals

[ESPN Gamecast](https://www.espn.com/nfl/game/_/gameId/401772941/steelers-bengals)

Paycor Stadium- Cincinnati, OH

Network(s): Prime Video [(All prime games are also streamed on twitch for free)](https://www.twitch.tv/primevideo) 

***

|Time Clock|
|:--:|
|Final|

**Scoreboard**

||Q1|Q2|Q3|Q4|Total|
|:--:|:--:|:--:|:--:|:--:|:--:|
|PIT|7|3|7|14|31|
|CIN|0|17|3|13|33|


**Scoring Plays**

| Team | Quarter | Type | Description |
|:--|:--|:--|:--|
| PIT | 1 | TD | Jonnu Smith 10 Yd pass from Aaron Rodgers (Chris Boswell Kick) |
| PIT | 2 | FG | Chris Boswell 41 Yd Field Goal |
| CIN | 2 | TD | Ja'Marr Chase 8 Yd pass from Joe Flacco (Evan McPherson Kick) |
| CIN | 2 | TD | Tee Higgins 29 Yd pass from Joe Flacco (Evan McPherson Kick) |
| CIN | 2 | FG | Evan McPherson 49 Yd Field Goal |
| CIN | 3 | FG | Evan McPherson 23 Yd Field Goal |
| PIT | 3 | TD | Pat Freiermuth 19 Yd pass from Aaron Rodgers (Chris Boswell Kick) |
| CIN | 4 | TD | Noah Fant 5 Yd pass from Joe Flacco (Evan McPherson Kick) |
| PIT | 4 | TD | Darnell Washington 2 Yd pass from Aaron Rodgers (Chris Boswell Kick) |
| CIN | 4 | FG | Evan McPherson 45 Yd Field Goal  |
| PIT | 4 | TD | Pat Freiermuth 68 Yd pass from Aaron Rodgers (Chris Boswell Kick) |
| CIN | 4 | FG | Evan McPherson 36 Yd Field Goal |




**Passing Leaders**

|Team|Player|C/ATT|YDS|TD|INT|SACKS|
|:--|:--|--:|--:|--:|--:|--:|
| PIT | Aaron Rodgers | 23/34 | 249 | 4 | 2 | 0-0 |
| CIN | Joe Flacco | 31/47 | 342 | 3 | 0 | 2-14 |

**Rushing Leaders**

|Team|Player|CAR|YDS|AVG|TD|LONG|
|:--|:--|--:|--:|--:|--:|--:|
| PIT | Jaylen Warren | 16 | 127 | 7.9 | 0 | 37 |
| CIN | Chase Brown | 11 | 108 | 9.8 | 0 | 37 |

**Receiving Leaders**

|Team|Player|REC|YDS|AVG|TD|LONG|TGTS|
|:--|:--|--:|--:|--:|--:|--:|--:|
| PIT | Pat Freiermuth | 5 | 111 | 22.2 | 2 | 68 | 6 |
| CIN | Ja'Marr Chase | 16 | 161 | 10.1 | 1 | 18 | 23 |


***

Use [reddit-stream.com](https://reddit-stream.com/comments/auto) to get an autorefreshing version of this page

^This ^was ^created ^by ^a ^bot. ^For ^issues ^or ^suggestions ^please ^message ^nfl_gdt_bot.

^Last ^updated: ^2025-10-17_00:00:20.377219-04:00",197508.0,neutral,0.0,1.0,0.0,0.0
1o8m7gf,1760658680.0,473,0.98,120,,"Per Ian Rapoport, Bengals QB Joe Burrow is on track to return in mid-December ",56088.0,neutral,0.0,1.0,0.0,0.0
1o8letl,1760656575.0,110,0.95,8344,,"Game Thread: Pittsburgh Steelers (4-1) at Cincinnati Bengals (2-4) #Pittsburgh Steelers at Cincinnati Bengals

[ESPN Gamecast](https://www.espn.com/nfl/game/_/gameId/401772941/steelers-bengals)

Paycor Stadium- Cincinnati, OH

Network(s): Prime Video [(All prime games are also streamed on twitch for free)](https://www.twitch.tv/primevideo) 

***

|Time Clock|
|:--:|
|Final|

**Scoreboard**

||Q1|Q2|Q3|Q4|Total|
|:--:|:--:|:--:|:--:|:--:|:--:|
|PIT|7|3|7|14|31|
|CIN|0|17|3|13|33|


**Scoring Plays**

| Team | Quarter | Type | Description |
|:--|:--|:--|:--|
| PIT | 1 | TD | Jonnu Smith 10 Yd pass from Aaron Rodgers (Chris Boswell Kick) |
| PIT | 2 | FG | Chris Boswell 41 Yd Field Goal |
| CIN | 2 | TD | Ja'Marr Chase 8 Yd pass from Joe Flacco (Evan McPherson Kick) |
| CIN | 2 | TD | Tee Higgins 29 Yd pass from Joe Flacco (Evan McPherson Kick) |
| CIN | 2 | FG | Evan McPherson 49 Yd Field Goal |
| CIN | 3 | FG | Evan McPherson 23 Yd Field Goal |
| PIT | 3 | TD | Pat Freiermuth 19 Yd pass from Aaron Rodgers (Chris Boswell Kick) |
| CIN | 4 | TD | Noah Fant 5 Yd pass from Joe Flacco (Evan McPherson Kick) |
| PIT | 4 | TD | Darnell Washington 2 Yd pass from Aaron Rodgers (Chris Boswell Kick) |
| CIN | 4 | FG | Evan McPherson 45 Yd Field Goal  |
| PIT | 4 | TD | Pat Freiermuth 68 Yd pass from Aaron Rodgers (Chris Boswell Kick) |
| CIN | 4 | FG | Evan McPherson 36 Yd Field Goal |




**Passing Leaders**

|Team|Player|C/ATT|YDS|TD|INT|SACKS|
|:--|:--|--:|--:|--:|--:|--:|
| PIT | Aaron Rodgers | 23/34 | 249 | 4 | 2 | 0-0 |
| CIN | Joe Flacco | 31/47 | 342 | 3 | 0 | 2-14 |

**Rushing Leaders**

|Team|Player|CAR|YDS|AVG|TD|LONG|
|:--|:--|--:|--:|--:|--:|--:|
| PIT | Jaylen Warren | 16 | 127 | 7.9 | 0 | 37 |
| CIN | Chase Brown | 11 | 108 | 9.8 | 0 | 37 |

**Receiving Leaders**

|Team|Player|REC|YDS|AVG|TD|LONG|TGTS|
|:--|:--|--:|--:|--:|--:|--:|--:|
| PIT | Pat Freiermuth | 5 | 111 | 22.2 | 2 | 68 | 6 |
| CIN | Ja'Marr Chase | 16 | 161 | 10.1 | 1 | 18 | 23 |


***

Use [reddit-stream.com](https://reddit-stream.com/comments/auto) to get an autorefreshing version of this page

^This ^was ^created ^by ^a ^bot. ^For ^issues ^or ^suggestions ^please ^message ^nfl_gdt_bot.

^Last ^updated: ^2025-10-17_00:00:20.377219-04:00",872052.0,neutral,0.0,1.0,0.0,0.0
1o8kyzj,1760655406.0,146,0.99,88,,Bengals' Cam Taylor-Britt: Healthy scratch ,12864.0,neutral,0.0,0.597,0.403,0.4019
1o8k9ft,1760653600.0,234,0.99,32,Fandom,Came in just in time ,7645.0,positive,0.0,1.0,0.0,0.0
1o8ib40,1760648821.0,224,0.97,29,,I know who I am rooting for tonight ,6518.0,neutral,0.0,1.0,0.0,0.0
1o8gvvi,1760645501.0,125,0.94,34,,Shemar Stewart to “fill Trey’s hole” tonight The Channel 5 sports anchor just said Shemar Stewart will replace Trey Hendrickson in tonight’s game and will “feel a lot of pressure to fill Trey’s hole”. 🤣🤣🤣🏈,4112.0,neutral,0.064,0.936,0.0,-0.296
1o8ez5o,1760641193.0,465,0.99,112,Lies,So that’s an automatic win for us right? Or does that only work,52020.0,neutral,0.0,0.759,0.241,0.5859
1o8dyg8,1760638912.0,119,0.98,63,,Trey Hendrickson OUT for tonight's game Let's just hope Stewart plays and proves his 1st round worth.,7464.0,neutral,0.0,0.673,0.327,0.7003
1o89ubi,1760629895.0,117,0.8,140,,"Steelers fan coming to the game tonight with 12 year old Is there any sort of safety concern? My son has never been to an NFL game, he's off school tomorrow so I was thinking about bringing him down to the game tonight. I know every large crowd has the occasional jerk, but is there anything to be worried about with the area or the fans in general overall? NFL games can sometimes get pretty roudy. It's been over 10 years since I've been to that area. Thanks!

Edit: Thanks for the responses everyone! I really thought it would be fine, but some people ruin it for everyone. Good luck tonight (or maybe not at this point if the season is lost at least you'll get a better draft pick?) 

Double edit: We had a great time despite the loss (can't be -2 in the turnover margin and expect to win).",13198.0,neutral,0.069,0.719,0.211,0.9796
1o88elp,1760626653.0,393,0.99,15,Fandom,Made this in my engineering class WHO DEY! It's a manufacturing methods class and we used a waterjet and plexiglass and got to paint them,6225.0,positive,0.0,1.0,0.0,0.0
1o8776z,1760623859.0,146,0.99,1,,FTS! It’s Game Dey baby! ,289.0,positive,0.0,1.0,0.0,0.0
1o84z97,1760618183.0,115,0.95,69,,"Logan Wilson benched, rookie Barrett Carters to start. I didn’t think Logan was playing that poorly, he’s not great in coverage but still thought he played solid overall. Thoughts?",7648.0,neutral,0.066,0.737,0.197,0.5028
1o84dl1,1760616461.0,984,0.98,57,Lies,Anyone else excited to watch our dynamic offense in prime time tonight? ,55931.0,positive,0.125,0.562,0.312,0.4588
1o82ae3,1760609579.0,223,0.97,31,Fandom,WAKE TF UP ITS GAME DEY! Bengals by a million!,6922.0,positive,0.0,1.0,0.0,0.0
1o7u8cr,1760580706.0,140,0.93,9,,This after a screen pass 3 yards behind the line of scrimmage and a HB dive. ,1302.0,neutral,0.0,1.0,0.0,0.0
1o7sp3w,1760576361.0,665,0.99,16,,Mood ,11192.0,neutral,0.0,1.0,0.0,0.0
1o7s6t7,1760574896.0,286,0.98,8,,CBS is calling tomorrow night the Icy Hot bowl because of the two oldest QBs thing. ,2523.0,neutral,0.0,1.0,0.0,0.0
1o7mvin,1760561576.0,141,0.99,10,Fact,"Ja'Marr Chase is 83 receiving yards away from passing Darnay Scott for the 8th most in franchise history Games played with the Bengals: 

* Darnay Scott (109)
* Ja'Marr Chase (68)",1535.0,neutral,0.0,0.921,0.079,0.34
1o7gv5q,1760548106.0,551,0.97,45,,How about another run up the middle? ,24586.0,neutral,0.0,1.0,0.0,0.0
1o7awqj,1760534652.0,209,0.91,38,,One Dropped the cake and the other got burnt by the candles ,7417.0,neutral,0.0,1.0,0.0,0.0
1o6vl28,1760485297.0,327,0.99,48,,[Highlight] Best Jeff Blake moonball deep throws ,15863.0,positive,0.0,0.588,0.412,0.6369
1o6mz33,1760465176.0,155,0.99,27,,Film Breakdown: DJ Turner Has Taken Major Leap ,4297.0,neutral,0.0,1.0,0.0,0.0
1o6mlq2,1760464393.0,130,0.98,7,,The Conversation | Andrew Whitworth Rules Jungle For Another Steelers' Drama: 'I Will Always Be a Bengal at Heart' ,1019.0,neutral,0.0,1.0,0.0,0.0
1o6kfqs,1760459686.0,682,0.99,121,,This is abysmal. ,82372.0,negative,0.0,1.0,0.0,0.0
1o6j8dz,1760457045.0,224,0.96,128,,Boomer Esiason Says He’s Would Trade Trey Hendrickson ,27740.0,neutral,0.0,1.0,0.0,0.0
1o6iyul,1760456458.0,260,0.98,15,,Ja’Marr Chase is putting up all-time numbers ,4077.0,positive,0.0,1.0,0.0,0.0
1o66hmn,1760417691.0,153,0.96,38,,Just our luck that the AFC sucks at the same time we completely meltdown. Doesn’t seem like anyone is good this year and we are here once again wasting a season. This actually could have been our year yet we wasted another opportunity by just missing on every aspect of our offseason and our refusal to change up leadership. ,5728.0,negative,0.148,0.696,0.156,0.1531
1o62vpn,1760406773.0,110,0.93,30,,Derek Carr Reportedly Contacted by Bengals Amid Retirement Before Joe Flacco Trade ,3171.0,neutral,0.0,1.0,0.0,0.0
1o5ztaa,1760398276.0,248,0.94,60,,Pat McAfee gets it ,14220.0,positive,0.0,1.0,0.0,0.0
1o5r11a,1760378236.0,296,0.98,91,,Titans fired Brian Callahan That was short lived 🤐,26687.0,neutral,0.34,0.66,0.0,-0.5574
1o5nwfx,1760371571.0,292,0.96,34,,2 - 3 ,9811.0,neutral,0.0,0.0,0.0,0.0
1o5krwd,1760364664.0,633,0.99,59,,Zac Taylor walking into work this morning after beating the 14 point spread ,37600.0,positive,0.2,0.8,0.0,-0.4588
1o5kq2e,1760364545.0,789,0.99,35,Fact,2-3 weeks to dial it in and it's ELITE DRAGON FLACCEAUX time ,28120.0,positive,0.0,1.0,0.0,0.0
1o5gvom,1760354141.0,248,0.99,68,,I was encouraged with what I saw out of Flacco in the second half. Hopefully we can carry that momentum into Thursday night ,16941.0,positive,0.0,0.785,0.215,0.6369
1o59sig,1760328444.0,153,0.98,24,Rumor,“We know the Steelers are gonna try to come in and raw dog us” - Ja’Marr Chase ,3748.0,neutral,0.0,1.0,0.0,0.0
1o58zfz,1760325999.0,241,0.99,46,Official,Ja'Marr caught his 50th touchdown of his career today. ,11214.0,positive,0.0,1.0,0.0,0.0
1o57y4i,1760322903.0,142,0.99,98,,Logan Wilson Benched in 2nd Half Sounds like Barrett Carter may be taking over moving forward.,13917.0,neutral,0.0,0.857,0.143,0.3612
1o55nyv,1760316189.0,850,0.98,77,,"DJ Turner today 
5 Pass Deflections 
7 Yards Allowed
1 TFL 
91.8 PFF Grade
Put some respect on his name. ",64974.0,positive,0.0,0.838,0.162,0.4767
1o53x7d,1760311209.0,656,0.94,160,,"Ay man we did lose, but we looked way better than when we had jake at least. Season isnt over yet ",99279.0,positive,0.075,0.769,0.156,0.4588
1o4yecv,1760297645.0,170,0.95,7,,"C'mon, Joe, you beat them before, you can do it again. And if you don't, I will drink until I die.",1292.0,positive,0.178,0.822,0.0,-0.5994
1o4y40j,1760296976.0,103,0.93,5153,,"Game Thread: Cincinnati Bengals (2-3) at Green Bay Packers (2-1-1) #Cincinnati Bengals at Green Bay Packers

[ESPN Gamecast](https://www.espn.com/nfl/game/_/gameId/401772752/bengals-packers)

Lambeau Field- Green Bay, WI

Network(s): CBS 

***

|Time Clock|
|:--:|
|Final|

**Scoreboard**

||Q1|Q2|Q3|Q4|Total|
|:--:|:--:|:--:|:--:|:--:|:--:|
|CIN|0|0|7|11|18|
|GB|0|10|0|17|27|


**Scoring Plays**

| Team | Quarter | Type | Description |
|:--|:--|:--|:--|
| GB | 2 | FG | Lucas Havrisik 43 Yd Field Goal |
| GB | 2 | TD | Josh Jacobs 3 Yd Rush (Lucas Havrisik Kick) |
| CIN | 3 | TD | Tanner Hudson 2 Yd pass from Joe Flacco (Evan McPherson Kick) |
| GB | 4 | TD | Josh Jacobs 14 Yd Rush (Lucas Havrisik Kick) |
| CIN | 4 | FG | Evan McPherson 45 Yd Field Goal |
| GB | 4 | TD | Tucker Kraft 19 Yd pass from Jordan Love (Lucas Havrisik Kick) |
| CIN | 4 | TD | Ja'Marr Chase 19 Yd pass from Joe Flacco (Joe Flacco Pass to Chase Brown for Two-Point Conversion) |
| GB | 4 | FG | Lucas Havrisik 39 Yd Field Goal |




**Passing Leaders**

|Team|Player|C/ATT|YDS|TD|INT|SACKS|
|:--|:--|--:|--:|--:|--:|--:|
| CIN | Joe Flacco | 29/45 | 219 | 2 | 0 | 1-6 |
| GB | Jordan Love | 19/26 | 259 | 1 | 1 | 1-3 |

**Rushing Leaders**

|Team|Player|CAR|YDS|AVG|TD|LONG|
|:--|:--|--:|--:|--:|--:|--:|
| CIN | Chase Brown | 9 | 42 | 4.7 | 0 | 13 |
| GB | Josh Jacobs | 18 | 93 | 5.2 | 2 | 16 |

**Receiving Leaders**

|Team|Player|REC|YDS|AVG|TD|LONG|TGTS|
|:--|:--|--:|--:|--:|--:|--:|--:|
| CIN | Ja'Marr Chase | 10 | 94 | 9.4 | 1 | 19 | 12 |
| GB | Matthew Golden | 3 | 86 | 28.7 | 0 | 35 | 5 |


***

Use [reddit-stream.com](https://reddit-stream.com/comments/auto) to get an autorefreshing version of this page

^This ^was ^created ^by ^a ^bot. ^For ^issues ^or ^suggestions ^please ^message ^nfl_gdt_bot.

^Last ^updated: ^2025-10-12_19:48:04.018571-04:00",493702.0,neutral,0.012,0.949,0.039,0.7783
1o4utld,1760289410.0,849,0.99,29,,Packers fan ran into flacco before the game lmao ,25215.0,neutral,0.0,0.53,0.47,0.7351
1o4td4j,1760286084.0,114,0.88,14,,Joe Flacco Today ,1505.0,neutral,0.0,1.0,0.0,0.0
1o4sk7z,1760284220.0,206,0.99,13,,Ja'Marr will play today. ,2855.0,neutral,0.0,0.556,0.444,0.34
1o4d03l,1760234119.0,676,0.97,48,Football,Basically ,32130.0,neutral,0.0,1.0,0.0,0.0
1o4ah1w,1760226569.0,374,0.98,14,,That was quick! Official jersey arrived just in time. I’m ready for Lambeau! ,5498.0,positive,0.0,0.796,0.204,0.4738
1o4592b,1760212871.0,225,0.87,127,Rumor,"Trey Hendrickson Linked to 49ers Trade by NFL Insider After Nick Bosa's Knee Injury The trade deadline is on November 4. If our season is over by then, the FO is going to trade Hendrickson to SF or another team (allegedly).",25056.0,neutral,0.065,0.935,0.0,-0.4215
1o3lgsr,1760154044.0,194,0.95,40,,Jamaar please bro I need this ,7556.0,neutral,0.0,0.635,0.365,0.3182
1o3fzbq,1760137745.0,337,0.97,57,,Mims gonna own Micah again🤫👀 ,18960.0,positive,0.0,1.0,0.0,0.0
1o3as8i,1760125205.0,196,0.98,11,Fandom,Cincinnati Bengals Week 6 Matchup Doodle :) ,2305.0,neutral,0.0,0.625,0.375,0.4588
1p4qfen,1763914417.0,22080,0.99,26,Rumor,"Erasing My Memory So I Can Support This God Forsaken Team \**sigh*\* whatever the diehards hanging onto that 0.87% wildcard slot chance

https://preview.redd.it/w1qcwyk6713g1.jpeg?width=1080&format=pjpg&auto=webp&s=01688145c70c4ca47f8a31e7dbb49f10a8fccb3f",590198.0,negative,0.0,0.729,0.271,0.7251
1p4qfen,1763915967.0,10080,0.99,26,Rumor,"Erasing My Memory So I Can Support This God Forsaken Team \**sigh*\* whatever Bengals football is a Sunday ritual in my home(if it’s a Sunday game). Not watching throws off my whole vibe for the week win or lose. I’m down a little that the season is a wash, but I gotta put on that orange and black. Today we WHO DEY!!!",269438.0,neutral,0.03,0.857,0.112,0.6079
1p4qfen,1763914208.0,10080,0.99,26,Rumor,Erasing My Memory So I Can Support This God Forsaken Team \**sigh*\* whatever Put on my Jersey to get ready to go to the game and I honestly sighed and asked myself why I keep doing this to myself.,269438.0,negative,0.0,0.752,0.248,0.8617
1p4qfen,1763916651.0,2880,0.99,26,Rumor,Erasing My Memory So I Can Support This God Forsaken Team \**sigh*\* whatever The Browns and Blackburns thank you,76982.0,neutral,0.0,0.664,0.336,0.7635
1p4qfen,1763916880.0,1920,0.99,26,Rumor,"Erasing My Memory So I Can Support This God Forsaken Team \**sigh*\* whatever My trick is short term memory loss due to excessive alcohol consumption. I’m blacked out by the half, so each week is like a new season!!",51322.0,negative,0.08,0.733,0.187,0.6871
1p4qfen,1763917830.0,1440,0.99,26,Rumor,"Erasing My Memory So I Can Support This God Forsaken Team \**sigh*\* whatever I live in St. Louis and grew up as a St. Louis Rams fan. Adopted this team after they left and I can tell you that it feels the exact same. Cheap ownership, bits and pieces of positivity, swallowed by despair. Great fans, too.",38491.0,negative,0.036,0.733,0.231,0.9096
1p4qfen,1763917884.0,960,0.99,26,Rumor,Erasing My Memory So I Can Support This God Forsaken Team \**sigh*\* whatever It's week by week for me Hate the today and tomorrow thenclean the slate for the next week until the season is over then I can be pissed and then hope for better depending on how it goes,25661.0,negative,0.128,0.696,0.176,0.2449
1p4qfen,1763918472.0,960,0.99,26,Rumor,Erasing My Memory So I Can Support This God Forsaken Team \**sigh*\* whatever Flash me too camp,25661.0,neutral,0.0,0.734,0.266,0.6222
1p4qfen,1763916686.0,480,0.99,26,Rumor,"Erasing My Memory So I Can Support This God Forsaken Team \**sigh*\* whatever If you could forget you supported this team forever, why on earth would you come back?",12830.0,neutral,0.057,0.721,0.222,0.6682
1p4qfen,1763916919.0,480,0.99,26,Rumor,Erasing My Memory So I Can Support This God Forsaken Team \**sigh*\* whatever Quarterly,12830.0,neutral,0.0,0.684,0.316,0.6222
1p4qfen,1763920105.0,480,0.99,26,Rumor,"Erasing My Memory So I Can Support This God Forsaken Team \**sigh*\* whatever So a joke says that once a stingy man bought 3 apples. He found that the first one is rotten, and the second one is rotten. He closed his eyes and ate the third.",12830.0,neutral,0.171,0.688,0.141,-0.3876
1p4qfen,1763920445.0,480,0.99,26,Rumor,Erasing My Memory So I Can Support This God Forsaken Team \**sigh*\* whatever Just enjoy it for the comedy it is.  Something you have never seen in a game could happen today…a new way to collapse.,12830.0,neutral,0.074,0.675,0.251,0.7635
1p4qfen,1763925428.0,480,0.99,26,Rumor,Erasing My Memory So I Can Support This God Forsaken Team \**sigh*\* whatever Man is Carter bad in pass coverage…,12830.0,negative,0.142,0.651,0.207,0.1477
1p4qfen,1763926445.0,480,0.99,26,Rumor,Erasing My Memory So I Can Support This God Forsaken Team \**sigh*\* whatever At least they are consistent.,12830.0,neutral,0.0,0.747,0.253,0.6222
1p4qfen,1763926629.0,480,0.99,26,Rumor,Erasing My Memory So I Can Support This God Forsaken Team \**sigh*\* whatever Just appreciating football while we have it,12830.0,positive,0.0,0.667,0.333,0.7893
1p4qfen,1763934743.0,480,0.99,26,Rumor,Erasing My Memory So I Can Support This God Forsaken Team \**sigh*\* whatever Just put your energy into supporting the Buckeyes!,12830.0,neutral,0.0,0.607,0.393,0.8545
1p4qfen,1763935212.0,480,0.99,26,Rumor,Erasing My Memory So I Can Support This God Forsaken Team \**sigh*\* whatever Another game I put my jersey on and pretend to have hope.,12830.0,neutral,0.049,0.67,0.281,0.7635
1p4qfen,1763943388.0,480,0.99,26,Rumor,"Erasing My Memory So I Can Support This God Forsaken Team \**sigh*\* whatever After you done with it, can you let us FCC fans borrow too! We also need it for us Reds fans too.",12830.0,neutral,0.0,0.856,0.144,0.6565
1p4qfen,1763943935.0,480,0.99,26,Rumor,"Erasing My Memory So I Can Support This God Forsaken Team \**sigh*\* whatever We should pretend that the season is over. 

Apathy sends the most powerful message.",12830.0,negative,0.11,0.641,0.249,0.6779
1p4qfen,1763964275.0,480,0.99,26,Rumor,"Erasing My Memory So I Can Support This God Forsaken Team \**sigh*\* whatever https://preview.redd.it/m4zwyesab53g1.png?width=644&format=png&auto=webp&s=86436db4a8b7355614885654d7d9154038ce0303

Keeping out the cope.",12830.0,negative,0.0,0.747,0.253,0.6222
1p46gyk,1763855677.0,330,0.98,5,Fandom,I found some better defenders at a price our ownership can afford $16 each at Kroger Nutcrackers cause they break your balls every weekend,1940.0,neutral,0.0,0.826,0.174,0.4939
1p46gyk,1763913765.0,220,0.98,5,Fandom,I found some better defenders at a price our ownership can afford $16 each at Kroger Can they play defense?,1294.0,neutral,0.0,0.633,0.367,0.7269
1p46gyk,1763939040.0,110,0.98,5,Fandom,I found some better defenders at a price our ownership can afford $16 each at Kroger Are any of them slightly damaged and being sold at a discount? Mike and Katie want to know.,647.0,neutral,0.074,0.769,0.157,0.2247
1p46gyk,1763950109.0,110,0.98,5,Fandom,"I found some better defenders at a price our ownership can afford $16 each at Kroger Yea, so where are these? Regardless of our record, I want one.",647.0,neutral,0.0,0.8,0.2,0.5423
1p46gyk,1763956780.0,110,0.98,5,Fandom,I found some better defenders at a price our ownership can afford $16 each at Kroger Would be an improvement as there is at least a nonzero probability that a tight end or WR on a crossing route would trip over one of them,647.0,neutral,0.0,0.833,0.167,0.7351
1p3v8qj,1763823681.0,99188,1.0,62,Football,Holy Defense Not a stat you want to be associated with. #WhoDey So was Lou the problem?,6248844.0,neutral,0.213,0.706,0.081,-0.3447
1p3v8qj,1763823814.0,28960,1.0,62,Football,"Holy Defense Not a stat you want to be associated with. #WhoDey To absolute no one suprise, you put 40 points and you still lose the game ofc it should be considered the worst defense",1824480.0,neutral,0.248,0.679,0.073,-0.8032
1p3v8qj,1763824556.0,12308,1.0,62,Football,Holy Defense Not a stat you want to be associated with. #WhoDey ![gif](giphy|FOUArYBVQCvmI8EHxp|downsized),775404.0,neutral,0.094,0.768,0.138,0.1456
1p3v8qj,1763824941.0,15204,1.0,62,Football,Holy Defense Not a stat you want to be associated with. #WhoDey But now that Burrow might play our defense is going to improve and we’re going to win out and make the playoffs.,957852.0,positive,0.026,0.624,0.35,0.933
1p3v8qj,1763829291.0,10860,1.0,62,Football,"Holy Defense Not a stat you want to be associated with. #WhoDey Not only is it the worst defense, but the gap between it and Number 2 is greater than the gap between Number 2 and Number 10.",684180.0,negative,0.09,0.662,0.248,0.5329
1p3v8qj,1763824056.0,17376,1.0,62,Football,"Holy Defense Not a stat you want to be associated with. #WhoDey I mean it's not really news. We have the worst defense in modern history and will probably just keep "" breaking"" new records as you go back further. Can't wait to be worse than Toledo steamers or whatever their team was called.",1094688.0,negative,0.147,0.801,0.052,-0.7523
1p3v8qj,1763831129.0,4344,1.0,62,Football,Holy Defense Not a stat you want to be associated with. #WhoDey I blame the fat B logo,273672.0,negative,0.212,0.701,0.088,-0.2783
1p3v8qj,1763825137.0,6516,1.0,62,Football,"Holy Defense Not a stat you want to be associated with. #WhoDey The coaches are at fault.  But at the end of the day it’s the brown family.  They do not know how to run a business.  Why?  Because they inherited one.  Do some research on league meetings where Mike brown and the last owner of the bills would fuck over the league because they needed to make sure they get the most when financial voting happens at these meetings.  They are terrible people.  Players and coaches talk around the league.  If you have a winning mentality,  you won’t sign here.",410508.0,negative,0.106,0.815,0.079,-0.4698
1p3v8qj,1763824203.0,2896,1.0,62,Football,Holy Defense Not a stat you want to be associated with. #WhoDey ![gif](giphy|GuP6ayJOF01524WqcM|downsized),182448.0,negative,0.094,0.768,0.138,0.1456
1p3v8qj,1763825144.0,2172,1.0,62,Football,Holy Defense Not a stat you want to be associated with. #WhoDey definitely not the head coach’s fault. No way!,136836.0,negative,0.261,0.569,0.171,-0.2991
1p3v8qj,1763825847.0,2172,1.0,62,Football,"Holy Defense Not a stat you want to be associated with. #WhoDey They cannot get a stop to save their lives, this defense is unwatchable but they’re, at least, breaking records.",136836.0,negative,0.036,0.769,0.196,0.458
1p3v8qj,1763827683.0,2172,1.0,62,Football,Holy Defense Not a stat you want to be associated with. #WhoDey Passing the eye test,136836.0,neutral,0.078,0.827,0.095,0.0716
1p3v8qj,1763853678.0,2172,1.0,62,Football,Holy Defense Not a stat you want to be associated with. #WhoDey Imagine having the worst defense of all time and yet nobody loses their job over it?  Accountability doesn’t exist with this joke of an organization,136836.0,negative,0.177,0.696,0.128,-0.4805
1p3v8qj,1763825476.0,3620,1.0,62,Football,Holy Defense Not a stat you want to be associated with. #WhoDey Which is exactly why Burrow is a dumbass for putting his body and future on the line for this dogshit team when the season is already over.  ,228060.0,negative,0.12,0.843,0.037,-0.5142
1p3v8qj,1763825608.0,3620,1.0,62,Football,Holy Defense Not a stat you want to be associated with. #WhoDey Didn’t think it could get worse than last year…,228060.0,neutral,0.189,0.745,0.066,-0.4257
1p3v8qj,1763824940.0,1448,1.0,62,Football,Holy Defense Not a stat you want to be associated with. #WhoDey ![gif](giphy|a3HwA77QREoo),91224.0,neutral,0.094,0.768,0.138,0.1456
1p3v8qj,1763861038.0,1448,1.0,62,Football,Holy Defense Not a stat you want to be associated with. #WhoDey https://preview.redd.it/tx07y4ngsw2g1.jpeg?width=640&format=pjpg&auto=webp&s=6ba96ce224ff7285bdefd8430268a516bb58a59e,91224.0,neutral,0.096,0.786,0.118,0.0716
1p3v8qj,1763827288.0,724,1.0,62,Football,Holy Defense Not a stat you want to be associated with. #WhoDey But does have two top 5 wr talent and top 3 qb talent..,45612.0,neutral,0.04,0.619,0.34,0.8041
1p3v8qj,1763829332.0,724,1.0,62,Football,Holy Defense Not a stat you want to be associated with. #WhoDey When the offense stacks five linemen on the right side and Golden calls a shift to the left????,45612.0,neutral,0.136,0.815,0.049,-0.3983
1p3v8qj,1763831976.0,724,1.0,62,Football,Holy Defense Not a stat you want to be associated with. #WhoDey This is why I am wondering if 10TV in Columbus are sadists.,45612.0,negative,0.054,0.88,0.066,0.0716
1p3uv0u,1763823111.0,11880,0.98,44,Football,"Burrow to stay on IR this week Bengals QB Joe Burrow, attempting to come back just over two months after surgery to repair Grade 3 turf toe, won’t be moved to the active roster just yet, source said. He’ll remain on IR.

Joe Flacco starts, once again. But Burrow’s time is coming. (Rapoport) https://preview.redd.it/rmg14tynnt2g1.jpeg?width=1100&format=pjpg&auto=webp&s=e6e36c3236d1b3cdae8e480fafead0c26e44c796",523908.0,neutral,0.0,0.966,0.034,0.2144
1p3uv0u,1763824360.0,5040,0.98,44,Football,"Burrow to stay on IR this week Bengals QB Joe Burrow, attempting to come back just over two months after surgery to repair Grade 3 turf toe, won’t be moved to the active roster just yet, source said. He’ll remain on IR.

Joe Flacco starts, once again. But Burrow’s time is coming. (Rapoport) After watching Taylor’s press conference yesterday, it was pretty obvious Burrow wasn’t playing Sunday. Taylor said he has the final call and sometimes you have to protect a player from themselves. Didn’t sound like he was going to let Burrow play.",222264.0,neutral,0.0,0.826,0.174,0.9524
1p3uv0u,1763822724.0,6240,0.98,44,Football,"Burrow to stay on IR this week Bengals QB Joe Burrow, attempting to come back just over two months after surgery to repair Grade 3 turf toe, won’t be moved to the active roster just yet, source said. He’ll remain on IR.

Joe Flacco starts, once again. But Burrow’s time is coming. (Rapoport) Good, no need to risk further injury when the season is long gone. If we lose tomorrow, I don’t get why they would bring him back at all. 

Let’s get a top 10 pick and attempt to rebuild this historically bad defense.",275184.0,negative,0.158,0.754,0.088,-0.8689
1p3uv0u,1763822958.0,360,0.98,44,Football,"Burrow to stay on IR this week Bengals QB Joe Burrow, attempting to come back just over two months after surgery to repair Grade 3 turf toe, won’t be moved to the active roster just yet, source said. He’ll remain on IR.

Joe Flacco starts, once again. But Burrow’s time is coming. (Rapoport) Source? Can’t find it anywhere",15876.0,neutral,0.0,0.968,0.032,0.2144
1p3uv0u,1763828151.0,360,0.98,44,Football,"Burrow to stay on IR this week Bengals QB Joe Burrow, attempting to come back just over two months after surgery to repair Grade 3 turf toe, won’t be moved to the active roster just yet, source said. He’ll remain on IR.

Joe Flacco starts, once again. But Burrow’s time is coming. (Rapoport) Makes sense for him to wait til Thanksgiving. If he played this Sunday, he’d be on a short week. That seems riskier than just waiting a few more days. Pius it may give us an advantage as the Ravens D will be on a short week and they won’t have any new film with Burrow at QB.",15876.0,neutral,0.028,0.905,0.067,0.5187
1p3uv0u,1763827696.0,240,0.98,44,Football,"Burrow to stay on IR this week Bengals QB Joe Burrow, attempting to come back just over two months after surgery to repair Grade 3 turf toe, won’t be moved to the active roster just yet, source said. He’ll remain on IR.

Joe Flacco starts, once again. But Burrow’s time is coming. (Rapoport) We just like to be the in press I think.",10584.0,neutral,0.0,0.92,0.08,0.6249
1p3uv0u,1763903310.0,240,0.98,44,Football,"Burrow to stay on IR this week Bengals QB Joe Burrow, attempting to come back just over two months after surgery to repair Grade 3 turf toe, won’t be moved to the active roster just yet, source said. He’ll remain on IR.

Joe Flacco starts, once again. But Burrow’s time is coming. (Rapoport) Yes 👍🏽 ??????🤨🤨🤨🤨🤨 Burrow Thursday 27",10584.0,neutral,0.0,0.898,0.102,0.7476
1p3uv0u,1763903329.0,240,0.98,44,Football,"Burrow to stay on IR this week Bengals QB Joe Burrow, attempting to come back just over two months after surgery to repair Grade 3 turf toe, won’t be moved to the active roster just yet, source said. He’ll remain on IR.

Joe Flacco starts, once again. But Burrow’s time is coming. (Rapoport) ???🤨🤨🤨🤨",10584.0,neutral,0.0,0.956,0.044,0.3378
1p3uv0u,1763822871.0,360,0.98,44,Football,"Burrow to stay on IR this week Bengals QB Joe Burrow, attempting to come back just over two months after surgery to repair Grade 3 turf toe, won’t be moved to the active roster just yet, source said. He’ll remain on IR.

Joe Flacco starts, once again. But Burrow’s time is coming. (Rapoport) It's over.",15876.0,negative,0.0,0.966,0.034,0.2144
1p3uv0u,1763823619.0,360,0.98,44,Football,"Burrow to stay on IR this week Bengals QB Joe Burrow, attempting to come back just over two months after surgery to repair Grade 3 turf toe, won’t be moved to the active roster just yet, source said. He’ll remain on IR.

Joe Flacco starts, once again. But Burrow’s time is coming. (Rapoport) Tank is still on ",15876.0,neutral,0.0,0.967,0.033,0.2144
1p3uv0u,1763837106.0,240,0.98,44,Football,"Burrow to stay on IR this week Bengals QB Joe Burrow, attempting to come back just over two months after surgery to repair Grade 3 turf toe, won’t be moved to the active roster just yet, source said. He’ll remain on IR.

Joe Flacco starts, once again. But Burrow’s time is coming. (Rapoport) Stupid decision shpuld play this week if you lose this week no point playing the rest if the season if we lose this week were eliminated",10584.0,negative,0.157,0.766,0.077,-0.8537
1p3kab5,1763786510.0,3745,0.92,51,Fandom,"Vontaze Burfict Living in Vegas currently. Tez is a defensive quality coach for UNLV. Had to make it to a game to see one of my favorite Bengals players. It’s great seeing him run up and down the sideline hyping the guys up, smiling ear to ear. Feeling nostalgic about a time when our defense was something to write home about. 

Oh and Ickey Woods is a UNLV alum! Whole lotta Who Dey here!  Did you say hi?  Im literally at the rancho santa margarita high school game where Carson is the coach and housh is the wide receiver coach.  I wore my housh jersey under my jacket and walked right by me.  I stood up, smiled, shook his hand and asked him to sign his jersey and at first he looked at me like...yeah right you don't have my jersey until i unbuttoned my jacket.  Lol.   Very nice guy.   Carson was too busy coaching he didnt even come to the sideline once until the game started.   And I got here like 2 hours early.",179161.0,neutral,0.008,0.831,0.161,0.9787
1p3kab5,1763793085.0,963,0.92,51,Fandom,"Vontaze Burfict Living in Vegas currently. Tez is a defensive quality coach for UNLV. Had to make it to a game to see one of my favorite Bengals players. It’s great seeing him run up and down the sideline hyping the guys up, smiling ear to ear. Feeling nostalgic about a time when our defense was something to write home about. 

Oh and Ickey Woods is a UNLV alum! Whole lotta Who Dey here!  How has no one mentioned that legendary Bengals DC Paul Guenther is the interim UNLV DC?",46070.0,positive,0.023,0.823,0.154,0.8906
1p3kab5,1763821950.0,963,0.92,51,Fandom,"Vontaze Burfict Living in Vegas currently. Tez is a defensive quality coach for UNLV. Had to make it to a game to see one of my favorite Bengals players. It’s great seeing him run up and down the sideline hyping the guys up, smiling ear to ear. Feeling nostalgic about a time when our defense was something to write home about. 

Oh and Ickey Woods is a UNLV alum! Whole lotta Who Dey here!  Burfict is still in his 30's. Can he play on Sunday?",46070.0,positive,0.0,0.812,0.188,0.9347
1p3kab5,1763787101.0,1926,0.92,51,Fandom,"Vontaze Burfict Living in Vegas currently. Tez is a defensive quality coach for UNLV. Had to make it to a game to see one of my favorite Bengals players. It’s great seeing him run up and down the sideline hyping the guys up, smiling ear to ear. Feeling nostalgic about a time when our defense was something to write home about. 

Oh and Ickey Woods is a UNLV alum! Whole lotta Who Dey here!  Best Bengals linebacker in my lifetime. Loved watching him play. Definitely miss the intensity on the defense nowadays.",92140.0,negative,0.015,0.71,0.275,0.9773
1p3kab5,1763786568.0,1605,0.92,51,Fandom,"Vontaze Burfict Living in Vegas currently. Tez is a defensive quality coach for UNLV. Had to make it to a game to see one of my favorite Bengals players. It’s great seeing him run up and down the sideline hyping the guys up, smiling ear to ear. Feeling nostalgic about a time when our defense was something to write home about. 

Oh and Ickey Woods is a UNLV alum! Whole lotta Who Dey here!  The things I’d do to have him at his best for like 8 years…",76783.0,positive,0.0,0.777,0.223,0.9611
1p3kab5,1763792514.0,963,0.92,51,Fandom,"Vontaze Burfict Living in Vegas currently. Tez is a defensive quality coach for UNLV. Had to make it to a game to see one of my favorite Bengals players. It’s great seeing him run up and down the sideline hyping the guys up, smiling ear to ear. Feeling nostalgic about a time when our defense was something to write home about. 

Oh and Ickey Woods is a UNLV alum! Whole lotta Who Dey here!  I don’t give a fuck. Why doesn’t he have a statue at Fountain Square",46070.0,positive,0.038,0.802,0.16,0.8513
1p3kab5,1763822367.0,642,0.92,51,Fandom,"Vontaze Burfict Living in Vegas currently. Tez is a defensive quality coach for UNLV. Had to make it to a game to see one of my favorite Bengals players. It’s great seeing him run up and down the sideline hyping the guys up, smiling ear to ear. Feeling nostalgic about a time when our defense was something to write home about. 

Oh and Ickey Woods is a UNLV alum! Whole lotta Who Dey here!  Retire his jersey in the Stadium. Give him the Ring of Honor. Let him Rule the Jungle. Love this man always and forever.",30713.0,positive,0.0,0.793,0.207,0.9647
1p3kab5,1763830085.0,535,0.92,51,Fandom,"Vontaze Burfict Living in Vegas currently. Tez is a defensive quality coach for UNLV. Had to make it to a game to see one of my favorite Bengals players. It’s great seeing him run up and down the sideline hyping the guys up, smiling ear to ear. Feeling nostalgic about a time when our defense was something to write home about. 

Oh and Ickey Woods is a UNLV alum! Whole lotta Who Dey here!  Always loved Tez on Marvin Lewis's defense. If he played in the 80s he would be in the Hall of fame.",25594.0,positive,0.0,0.761,0.239,0.9701
1p3kab5,1763819691.0,321,0.92,51,Fandom,"Vontaze Burfict Living in Vegas currently. Tez is a defensive quality coach for UNLV. Had to make it to a game to see one of my favorite Bengals players. It’s great seeing him run up and down the sideline hyping the guys up, smiling ear to ear. Feeling nostalgic about a time when our defense was something to write home about. 

Oh and Ickey Woods is a UNLV alum! Whole lotta Who Dey here!  Probably the only time the Steelers feared the Bengals defense was when he played.",15357.0,positive,0.033,0.774,0.193,0.9097
1p3kab5,1763791097.0,535,0.92,51,Fandom,"Vontaze Burfict Living in Vegas currently. Tez is a defensive quality coach for UNLV. Had to make it to a game to see one of my favorite Bengals players. It’s great seeing him run up and down the sideline hyping the guys up, smiling ear to ear. Feeling nostalgic about a time when our defense was something to write home about. 

Oh and Ickey Woods is a UNLV alum! Whole lotta Who Dey here!  That’s back when football was a contact sport instead of a bunch of overpaid princesses that can’t take a hit! Sure he crossed the line a few times, but i  loved the fact he’d take your head off if you came across the middle.",25594.0,neutral,0.0,0.849,0.151,0.9322
1p3kab5,1763885877.0,214,0.92,51,Fandom,"Vontaze Burfict Living in Vegas currently. Tez is a defensive quality coach for UNLV. Had to make it to a game to see one of my favorite Bengals players. It’s great seeing him run up and down the sideline hyping the guys up, smiling ear to ear. Feeling nostalgic about a time when our defense was something to write home about. 

Oh and Ickey Woods is a UNLV alum! Whole lotta Who Dey here!  I really enjoyed the video of him talking to Jon Gruden about wanting to get into coaching.  It came across that he has tremendous football knowledge and instincts, he just needs to develop as a coach.

 [https://www.youtube.com/watch?v=LHNPh0WEa5w](https://www.youtube.com/watch?v=LHNPh0WEa5w)",10238.0,positive,0.0,0.839,0.161,0.9496
1p3kab5,1763786388.0,214,0.92,51,Fandom,"Vontaze Burfict Living in Vegas currently. Tez is a defensive quality coach for UNLV. Had to make it to a game to see one of my favorite Bengals players. It’s great seeing him run up and down the sideline hyping the guys up, smiling ear to ear. Feeling nostalgic about a time when our defense was something to write home about. 

Oh and Ickey Woods is a UNLV alum! Whole lotta Who Dey here!  Is it just me or does it seem like there’s a good amount of Bengals fans in Las Vegas?",10238.0,negative,0.0,0.799,0.201,0.953
1p3kab5,1763828393.0,107,0.92,51,Fandom,"Vontaze Burfict Living in Vegas currently. Tez is a defensive quality coach for UNLV. Had to make it to a game to see one of my favorite Bengals players. It’s great seeing him run up and down the sideline hyping the guys up, smiling ear to ear. Feeling nostalgic about a time when our defense was something to write home about. 

Oh and Ickey Woods is a UNLV alum! Whole lotta Who Dey here!  I remember something like when he was on on the field the other teams managed like 4 or 7 yards less per play then when he was off the field. He was really something.",5119.0,positive,0.0,0.808,0.192,0.9578
1p3kab5,1763846535.0,107,0.92,51,Fandom,"Vontaze Burfict Living in Vegas currently. Tez is a defensive quality coach for UNLV. Had to make it to a game to see one of my favorite Bengals players. It’s great seeing him run up and down the sideline hyping the guys up, smiling ear to ear. Feeling nostalgic about a time when our defense was something to write home about. 

Oh and Ickey Woods is a UNLV alum! Whole lotta Who Dey here!  fuck em go redhawks",5119.0,positive,0.041,0.786,0.173,0.8513
1p3kab5,1763858245.0,107,0.92,51,Fandom,"Vontaze Burfict Living in Vegas currently. Tez is a defensive quality coach for UNLV. Had to make it to a game to see one of my favorite Bengals players. It’s great seeing him run up and down the sideline hyping the guys up, smiling ear to ear. Feeling nostalgic about a time when our defense was something to write home about. 

Oh and Ickey Woods is a UNLV alum! Whole lotta Who Dey here!  Ok 👀👀🫵🏽🙏🏾🙏🏾🙏🏾💪🏽💪🏽💪🏽",5119.0,negative,0.0,0.793,0.207,0.9323
1p3kab5,1763844710.0,107,0.92,51,Fandom,"Vontaze Burfict Living in Vegas currently. Tez is a defensive quality coach for UNLV. Had to make it to a game to see one of my favorite Bengals players. It’s great seeing him run up and down the sideline hyping the guys up, smiling ear to ear. Feeling nostalgic about a time when our defense was something to write home about. 

Oh and Ickey Woods is a UNLV alum! Whole lotta Who Dey here!  From Cincinnati living in Las Vegas near campus I need to get to a game I loved Burfict it felt like he was always giving 100%",5119.0,positive,0.0,0.781,0.219,0.9665
1p3kab5,1763860956.0,107,0.92,51,Fandom,"Vontaze Burfict Living in Vegas currently. Tez is a defensive quality coach for UNLV. Had to make it to a game to see one of my favorite Bengals players. It’s great seeing him run up and down the sideline hyping the guys up, smiling ear to ear. Feeling nostalgic about a time when our defense was something to write home about. 

Oh and Ickey Woods is a UNLV alum! Whole lotta Who Dey here!  



When we talk great linebackers of the 2010s: we mention Chandler Jones, Luke Kuechly, Novorro Bowman, Patrick Willis, Khalil Mack, Clay Matthew, Von Miller, T Sizzle, Bobby Wagner. D Ware, Ray Lewis..


When we think of great defenses of the 2010s:

No fly zone Denver, Legion Of Boom, Pittsburgh, Baltimore, Sacksonville, Double Doink Chicago ...

Burfict was apart of the meltdown against San Diego in the playoffs... if he struck any fear ... woulda been a great time to show it. Instead he was invisible. he also was apart of the worst meltdown against Pittsburgh after he makes the game saving INT, he canceled it out by making the game giving Penalty. 
He had two good seasons.

But, I can promise you Burfict wasnt feared from a baller standpoint. He was feared as a dirty player standpoint. And he didnt know when to not do it. Other dirty players figure it out like Suh, Romanowski, Incognito, Tatum.... not burfict.

4 million in fees. And that will never be touched because they'd be kicked out.
From what I've heard hes a great guy
 And im happy for his endeavors in life but good riddance.",5119.0,positive,0.059,0.77,0.171,0.9842
1p3elo8,1763770037.0,20631,0.98,10,Drunk,This is perfect 😂  The o line will pop the bubbles,222402.0,neutral,0.0,0.684,0.316,0.5719
1p3elo8,1763770130.0,6348,0.98,10,Drunk,This is perfect 😂  I know this was made as a joke but he may be onto something here…,68431.0,neutral,0.0,0.78,0.22,0.4497
1p3elo8,1763770670.0,1058,0.98,10,Drunk,This is perfect 😂  This is so funny! But also not at the same time,11405.0,neutral,0.0,0.705,0.295,0.614
1p3elo8,1763832288.0,1058,0.98,10,Drunk,This is perfect 😂  In a perfect world 🤣🤣,11405.0,neutral,0.0,0.403,0.597,0.8126
1p3elo8,1763769902.0,529,0.98,10,Drunk,This is perfect 😂  Fr.,5703.0,neutral,0.0,0.448,0.552,0.5719
1p3elo8,1763882608.0,529,0.98,10,Drunk,This is perfect 😂  Where is his inflatable bubble? Why is he out there without the inflatable bubble?,5703.0,neutral,0.0,0.798,0.202,0.6199
1p2mpyf,1763692226.0,40152,0.88,71,Football,"From 2000-2017, 25 NFL players required surgery for turf toe. None of them returned later that season. Not only that, 5 of the 25 never played football again. With these stats in mind, why are many of you so eager for Burrow to return week 12 of a throwaway season? No chance he’s working at 100% even if he “looks healthy”, no need to rush a quarterback who has already lost 3 of his 6 seasons due to health reasons, especially coming off a bad toe injury and a bad O-line. What about the last 8 years?  Weird sample",2544031.0,neutral,0.197,0.754,0.049,-0.931
1p2mpyf,1763693206.0,22466,0.88,71,Football,"From 2000-2017, 25 NFL players required surgery for turf toe. None of them returned later that season. Not only that, 5 of the 25 never played football again. With these stats in mind, why are many of you so eager for Burrow to return week 12 of a throwaway season? No chance he’s working at 100% even if he “looks healthy”, no need to rush a quarterback who has already lost 3 of his 6 seasons due to health reasons, especially coming off a bad toe injury and a bad O-line. It’s just as stupid to proclaim he isn’t healthy as it is for some to say he is. 


Only Joe Burrow and his doctor should be making decisions about him playing.",1423446.0,neutral,0.166,0.762,0.072,-0.9139
1p2mpyf,1763693415.0,7887,0.88,71,Football,"From 2000-2017, 25 NFL players required surgery for turf toe. None of them returned later that season. Not only that, 5 of the 25 never played football again. With these stats in mind, why are many of you so eager for Burrow to return week 12 of a throwaway season? No chance he’s working at 100% even if he “looks healthy”, no need to rush a quarterback who has already lost 3 of his 6 seasons due to health reasons, especially coming off a bad toe injury and a bad O-line. Our o-line was 13th in pass protection last week. 

Ships are safest in the harbor, but that’s not what they’re built for. 

It’s Burrow’s career. I trust him and his doctors to know what he’s capable of, and not.",499720.0,negative,0.096,0.807,0.098,0.5088
1p2mpyf,1763693892.0,2390,0.88,71,Football,"From 2000-2017, 25 NFL players required surgery for turf toe. None of them returned later that season. Not only that, 5 of the 25 never played football again. With these stats in mind, why are many of you so eager for Burrow to return week 12 of a throwaway season? No chance he’s working at 100% even if he “looks healthy”, no need to rush a quarterback who has already lost 3 of his 6 seasons due to health reasons, especially coming off a bad toe injury and a bad O-line. This keeps being posted but to me this is a flawed comparison. Context matters greatly for an injury like this. How many of those players that never played again were fringe guys, where any major injury would be the nail in the coffin for their career? Or were already in the twilight of their careers, and turf toe was just the final sign that it’s time?

Also, different positions will have different levels of physical stress placed on the ligament. I’m sure a quarterback can play his position effectively putting less stress on the ligament, while a wide receiver can’t really get away with trying to play while avoiding putting stress on that ligament. 

Now, I think the cons of Joe returning this year far outweigh the pros. But I hate seeing this study cited without discussing the limitations of the comparison as  well.",151430.0,negative,0.161,0.75,0.089,-0.959
1p2mpyf,1763699562.0,717,0.88,71,Football,"From 2000-2017, 25 NFL players required surgery for turf toe. None of them returned later that season. Not only that, 5 of the 25 never played football again. With these stats in mind, why are many of you so eager for Burrow to return week 12 of a throwaway season? No chance he’s working at 100% even if he “looks healthy”, no need to rush a quarterback who has already lost 3 of his 6 seasons due to health reasons, especially coming off a bad toe injury and a bad O-line. Because I’m not a doctor and if the doctors say he can play football then I’m fine with him playing football.",45429.0,neutral,0.156,0.752,0.092,-0.8326
1p2mpyf,1763712717.0,478,0.88,71,Football,"From 2000-2017, 25 NFL players required surgery for turf toe. None of them returned later that season. Not only that, 5 of the 25 never played football again. With these stats in mind, why are many of you so eager for Burrow to return week 12 of a throwaway season? No chance he’s working at 100% even if he “looks healthy”, no need to rush a quarterback who has already lost 3 of his 6 seasons due to health reasons, especially coming off a bad toe injury and a bad O-line. Mike Brown is a dick",30286.0,negative,0.212,0.739,0.05,-0.9444
1p2mpyf,1763733246.0,478,0.88,71,Football,"From 2000-2017, 25 NFL players required surgery for turf toe. None of them returned later that season. Not only that, 5 of the 25 never played football again. With these stats in mind, why are many of you so eager for Burrow to return week 12 of a throwaway season? No chance he’s working at 100% even if he “looks healthy”, no need to rush a quarterback who has already lost 3 of his 6 seasons due to health reasons, especially coming off a bad toe injury and a bad O-line. How many of those happened in the second game of the season?",30286.0,neutral,0.174,0.779,0.047,-0.9214
1p2mpyf,1763736889.0,478,0.88,71,Football,"From 2000-2017, 25 NFL players required surgery for turf toe. None of them returned later that season. Not only that, 5 of the 25 never played football again. With these stats in mind, why are many of you so eager for Burrow to return week 12 of a throwaway season? No chance he’s working at 100% even if he “looks healthy”, no need to rush a quarterback who has already lost 3 of his 6 seasons due to health reasons, especially coming off a bad toe injury and a bad O-line. Medical science has also progressed 8-25 years in that span. Many injuries and surgeries require less and less recovery time and players often come back just as strong or healthy as before. This post feels pretty irrelevant for any conclusion one may draw.",30286.0,neutral,0.128,0.774,0.097,-0.5606
1p2mpyf,1763737214.0,478,0.88,71,Football,"From 2000-2017, 25 NFL players required surgery for turf toe. None of them returned later that season. Not only that, 5 of the 25 never played football again. With these stats in mind, why are many of you so eager for Burrow to return week 12 of a throwaway season? No chance he’s working at 100% even if he “looks healthy”, no need to rush a quarterback who has already lost 3 of his 6 seasons due to health reasons, especially coming off a bad toe injury and a bad O-line. Nothing says ""Bengals"" more than a bad offensive line and throwing an immobile injury prone QB who just had surgery back on to the field.",30286.0,neutral,0.222,0.738,0.04,-0.9707
1p2mpyf,1763693552.0,478,0.88,71,Football,"From 2000-2017, 25 NFL players required surgery for turf toe. None of them returned later that season. Not only that, 5 of the 25 never played football again. With these stats in mind, why are many of you so eager for Burrow to return week 12 of a throwaway season? No chance he’s working at 100% even if he “looks healthy”, no need to rush a quarterback who has already lost 3 of his 6 seasons due to health reasons, especially coming off a bad toe injury and a bad O-line. Let alone him being back early without chase on the field like what’re we setting ourselves up for",30286.0,negative,0.176,0.76,0.065,-0.9066
1p2mpyf,1763696568.0,478,0.88,71,Football,"From 2000-2017, 25 NFL players required surgery for turf toe. None of them returned later that season. Not only that, 5 of the 25 never played football again. With these stats in mind, why are many of you so eager for Burrow to return week 12 of a throwaway season? No chance he’s working at 100% even if he “looks healthy”, no need to rush a quarterback who has already lost 3 of his 6 seasons due to health reasons, especially coming off a bad toe injury and a bad O-line. Joe Burrow doesn't need a babysitter. Everyone can calm down and let him make his own decisions. He's a professional football player and knows much better than you do what the health aspects of that are.",30286.0,neutral,0.14,0.784,0.076,-0.8235
1p2mpyf,1763694121.0,478,0.88,71,Football,"From 2000-2017, 25 NFL players required surgery for turf toe. None of them returned later that season. Not only that, 5 of the 25 never played football again. With these stats in mind, why are many of you so eager for Burrow to return week 12 of a throwaway season? No chance he’s working at 100% even if he “looks healthy”, no need to rush a quarterback who has already lost 3 of his 6 seasons due to health reasons, especially coming off a bad toe injury and a bad O-line. He’s not 100%. Plan and simple. Burrow is maniacal and wants to play, Zac Taylor wants him to play to save his job, and Mike brown wants him to play to sell tickets. 

This is a perfect storm for getting him hurt again and damaging his 2026 season before it even starts.",30286.0,neutral,0.165,0.718,0.118,-0.7732
1p2mpyf,1763695760.0,239,0.88,71,Football,"From 2000-2017, 25 NFL players required surgery for turf toe. None of them returned later that season. Not only that, 5 of the 25 never played football again. With these stats in mind, why are many of you so eager for Burrow to return week 12 of a throwaway season? No chance he’s working at 100% even if he “looks healthy”, no need to rush a quarterback who has already lost 3 of his 6 seasons due to health reasons, especially coming off a bad toe injury and a bad O-line. How many of those happened in game 2?",15143.0,negative,0.18,0.771,0.049,-0.9214
1p2mpyf,1763707088.0,239,0.88,71,Football,"From 2000-2017, 25 NFL players required surgery for turf toe. None of them returned later that season. Not only that, 5 of the 25 never played football again. With these stats in mind, why are many of you so eager for Burrow to return week 12 of a throwaway season? No chance he’s working at 100% even if he “looks healthy”, no need to rush a quarterback who has already lost 3 of his 6 seasons due to health reasons, especially coming off a bad toe injury and a bad O-line. Has anyone confirmed if it was actually a grade 3? Was the tendon split in half or just popped off the bone? 

I popped my LCL off the bone in high school, had it stapled back, and was back on the field with some pain (refused to wear a brace) within 4 months. I’d guess it’s more severe than turf toe but idk… I also didn’t have the best training staff compared to what Burrow has access to",15143.0,neutral,0.103,0.843,0.055,-0.5019
1p2mpyf,1763719687.0,239,0.88,71,Football,"From 2000-2017, 25 NFL players required surgery for turf toe. None of them returned later that season. Not only that, 5 of the 25 never played football again. With these stats in mind, why are many of you so eager for Burrow to return week 12 of a throwaway season? No chance he’s working at 100% even if he “looks healthy”, no need to rush a quarterback who has already lost 3 of his 6 seasons due to health reasons, especially coming off a bad toe injury and a bad O-line. https://preview.redd.it/0mhsf6754l2g1.jpeg?width=605&format=pjpg&auto=webp&s=3ba99a95ddf252b4539000335f5024c28d5422b7",15143.0,negative,0.193,0.755,0.052,-0.9214
1p2mpyf,1763722938.0,239,0.88,71,Football,"From 2000-2017, 25 NFL players required surgery for turf toe. None of them returned later that season. Not only that, 5 of the 25 never played football again. With these stats in mind, why are many of you so eager for Burrow to return week 12 of a throwaway season? No chance he’s working at 100% even if he “looks healthy”, no need to rush a quarterback who has already lost 3 of his 6 seasons due to health reasons, especially coming off a bad toe injury and a bad O-line. They’re gonna permanently fuck up his foot; and Joe is apparently too young and too “yes man” to know they’re using him.

This is quickly moving into abusive exploitation by the ownership of they don’t slow his ass down in a lost season. If the team wasn’t being pressed to sell or fire Tobin we wouldn’t be hearing this shit at all.",15143.0,negative,0.225,0.745,0.03,-0.9861
1p2mpyf,1763728606.0,239,0.88,71,Football,"From 2000-2017, 25 NFL players required surgery for turf toe. None of them returned later that season. Not only that, 5 of the 25 never played football again. With these stats in mind, why are many of you so eager for Burrow to return week 12 of a throwaway season? No chance he’s working at 100% even if he “looks healthy”, no need to rush a quarterback who has already lost 3 of his 6 seasons due to health reasons, especially coming off a bad toe injury and a bad O-line. None of the players that had surgery were quarterbacks. We dealt with this study two months ago when it happened.",15143.0,neutral,0.16,0.796,0.044,-0.9156
1p2mpyf,1763728873.0,239,0.88,71,Football,"From 2000-2017, 25 NFL players required surgery for turf toe. None of them returned later that season. Not only that, 5 of the 25 never played football again. With these stats in mind, why are many of you so eager for Burrow to return week 12 of a throwaway season? No chance he’s working at 100% even if he “looks healthy”, no need to rush a quarterback who has already lost 3 of his 6 seasons due to health reasons, especially coming off a bad toe injury and a bad O-line. Its crazy to me that many of us think we know whats best decision to play him or not but in reality only he and his doctors know if hes ready or not. Does it look like hes rushing to get back there? 100% but if you were in his position you would aswell want to get back on the field as soon as possible.",15143.0,negative,0.089,0.812,0.098,0.5422
1p2mpyf,1763729890.0,239,0.88,71,Football,"From 2000-2017, 25 NFL players required surgery for turf toe. None of them returned later that season. Not only that, 5 of the 25 never played football again. With these stats in mind, why are many of you so eager for Burrow to return week 12 of a throwaway season? No chance he’s working at 100% even if he “looks healthy”, no need to rush a quarterback who has already lost 3 of his 6 seasons due to health reasons, especially coming off a bad toe injury and a bad O-line. Bad combination of a highly competitive qb who wants to play regardless of circumstance and a coach who is willing to disregard the health of his qb in an attempt to save his job. 
Fuck Zac Taylor.",15143.0,negative,0.194,0.717,0.089,-0.9363
1p2mpyf,1763733198.0,239,0.88,71,Football,"From 2000-2017, 25 NFL players required surgery for turf toe. None of them returned later that season. Not only that, 5 of the 25 never played football again. With these stats in mind, why are many of you so eager for Burrow to return week 12 of a throwaway season? No chance he’s working at 100% even if he “looks healthy”, no need to rush a quarterback who has already lost 3 of his 6 seasons due to health reasons, especially coming off a bad toe injury and a bad O-line. It’s not up to any of us to decide if he’s ready or not. 

If he says he is ready, if the team medical staff thinks he is ready, he’s gonna ball. 

The FO isn’t going to let their quarter billion dollar investment trot out there and jeopardize next season. They might be stubborn, but they don’t take risk with their money. That’s been obvious. 

I will support our QB, cross my fingers, pray to God, etc. Whatever it takes. At the end of the day, we can only watch and cheer. Our opinions do not matter.",15143.0,neutral,0.092,0.797,0.111,0.78
1p2l1kt,1763688111.0,15042,0.84,172,Rumor,"Not a fan of Burrow potentially coming back so soon, what are your thoughts? Reports are saying Burrow may be ready potentially this Sunday or the next. I would understand the urgency to put burrow back in if we were in the playoff race, but we’re pretty much guaranteed out at 3-7. If he’s healthy and wants play, let him play.   Flacco has a bum shoulder and Jake Browning is just a bum.",2185903.0,neutral,0.018,0.785,0.197,0.9362
1p2l1kt,1763690854.0,2180,0.84,172,Rumor,"Not a fan of Burrow potentially coming back so soon, what are your thoughts? Reports are saying Burrow may be ready potentially this Sunday or the next. I would understand the urgency to put burrow back in if we were in the playoff race, but we’re pretty much guaranteed out at 3-7. If he’s nearly 100% healthy and the doctors say he’s good he should play. The reality is players and coaches have too much at stake to tank. Everyone is in self preservation mode so their job doesn’t get taken by someone else. I think this time is important for the future to get the younger guys reps in with Burrow playing. The defense is going to continue to be bad there are no easy fixes in sight. Based off last week Myles Murphy deserves to keep starting and I’d grab someone out of the stands right now to play over Geno Stone. He’s not in this team’s future and shouldn’t be playing the rest of the season after his lack of effort last week.",316798.0,positive,0.059,0.783,0.158,0.9576
1p2l1kt,1763689404.0,2725,0.84,172,Rumor,"Not a fan of Burrow potentially coming back so soon, what are your thoughts? Reports are saying Burrow may be ready potentially this Sunday or the next. I would understand the urgency to put burrow back in if we were in the playoff race, but we’re pretty much guaranteed out at 3-7. If he's healthy, he should play.",395997.0,neutral,0.023,0.782,0.195,0.9046
1p2l1kt,1763688195.0,4033,0.84,172,Rumor,"Not a fan of Burrow potentially coming back so soon, what are your thoughts? Reports are saying Burrow may be ready potentially this Sunday or the next. I would understand the urgency to put burrow back in if we were in the playoff race, but we’re pretty much guaranteed out at 3-7. The fans can’t control what he wants to do- only he can do that. With, that said – I think it would be unwise from a health standpoint for him to return. 

I know we’re not mathematically eliminated from the playoffs yet and sure it could be “fun“ to watch him play…this seems like a high risk-low reward outcome. 

What if he gets hurt again?",586076.0,negative,0.048,0.813,0.139,0.9114
1p2l1kt,1763689249.0,1853,0.84,172,Rumor,"Not a fan of Burrow potentially coming back so soon, what are your thoughts? Reports are saying Burrow may be ready potentially this Sunday or the next. I would understand the urgency to put burrow back in if we were in the playoff race, but we’re pretty much guaranteed out at 3-7. If you had to take a leave of absence due to injury from your dream job - a job you’ve spent your whole life dreaming of having, and a job that you know you’ll only be able to do for a small percentage of your life - would you not go back to it as soon as you recovered because “meh we probably won’t win the Super Bowl this year so what’s the point?” 

People who think like this are completely absurd to me. It’s like you guys have no concept of the fact that football players play because they enjoy it.",269278.0,neutral,0.053,0.757,0.19,0.98
1p2l1kt,1763688141.0,2616,0.84,172,Rumor,"Not a fan of Burrow potentially coming back so soon, what are your thoughts? Reports are saying Burrow may be ready potentially this Sunday or the next. I would understand the urgency to put burrow back in if we were in the playoff race, but we’re pretty much guaranteed out at 3-7. Why does everyone think they know better than the man’s doctor?  Joe isn’t dumb. He will play when he’s ready, if that’s this Sunday, he’s ready.",380157.0,neutral,0.063,0.725,0.212,0.9316
1p2l1kt,1763688763.0,545,0.84,172,Rumor,"Not a fan of Burrow potentially coming back so soon, what are your thoughts? Reports are saying Burrow may be ready potentially this Sunday or the next. I would understand the urgency to put burrow back in if we were in the playoff race, but we’re pretty much guaranteed out at 3-7. Would you favor benching him if he was healthy all year and we had the same record?",79199.0,neutral,0.019,0.805,0.175,0.919
1p2l1kt,1763687520.0,2289,0.84,172,Rumor,"Not a fan of Burrow potentially coming back so soon, what are your thoughts? Reports are saying Burrow may be ready potentially this Sunday or the next. I would understand the urgency to put burrow back in if we were in the playoff race, but we’re pretty much guaranteed out at 3-7. I’m a fan of burrow",332637.0,positive,0.065,0.834,0.101,0.4812
1p2l1kt,1763688266.0,981,0.84,172,Rumor,"Not a fan of Burrow potentially coming back so soon, what are your thoughts? Reports are saying Burrow may be ready potentially this Sunday or the next. I would understand the urgency to put burrow back in if we were in the playoff race, but we’re pretty much guaranteed out at 3-7. Let the man do whats he's being paid a lot of money to do. If he's healthy enough, is it fairness fans going toothed games not to play him?",142559.0,neutral,0.046,0.839,0.114,0.7861
1p2l1kt,1763689354.0,763,0.84,172,Rumor,"Not a fan of Burrow potentially coming back so soon, what are your thoughts? Reports are saying Burrow may be ready potentially this Sunday or the next. I would understand the urgency to put burrow back in if we were in the playoff race, but we’re pretty much guaranteed out at 3-7. I’ve never seen a fanbase be so upset their star QB is back too early lol. Says a lot about our collective psychosis haha.",110879.0,positive,0.07,0.769,0.16,0.828
1p2l1kt,1763689028.0,327,0.84,172,Rumor,"Not a fan of Burrow potentially coming back so soon, what are your thoughts? Reports are saying Burrow may be ready potentially this Sunday or the next. I would understand the urgency to put burrow back in if we were in the playoff race, but we’re pretty much guaranteed out at 3-7. Doesn’t make much difference so I just hope he has fun",47520.0,positive,0.021,0.772,0.207,0.9359
1p2l1kt,1763689784.0,327,0.84,172,Rumor,"Not a fan of Burrow potentially coming back so soon, what are your thoughts? Reports are saying Burrow may be ready potentially this Sunday or the next. I would understand the urgency to put burrow back in if we were in the playoff race, but we’re pretty much guaranteed out at 3-7. I can’t think of a single qb in the history of qbs that could take this 3-7 team/practice squad of a defense and win 6/7 to  maybe make the wild card spot. He’s a grown man he can play if he wants but 2 losses and the season is over. At least we’ll know soon with the pats, ravens x2, and the bills in the next 4 weeks. The real question is does he sit out if bengals are eliminated from the playoffs?",47520.0,negative,0.036,0.848,0.116,0.9087
1p2l1kt,1763690816.0,327,0.84,172,Rumor,"Not a fan of Burrow potentially coming back so soon, what are your thoughts? Reports are saying Burrow may be ready potentially this Sunday or the next. I would understand the urgency to put burrow back in if we were in the playoff race, but we’re pretty much guaranteed out at 3-7. Wake me in September.",47520.0,neutral,0.025,0.871,0.103,0.6777
1p2l1kt,1763690828.0,327,0.84,172,Rumor,"Not a fan of Burrow potentially coming back so soon, what are your thoughts? Reports are saying Burrow may be ready potentially this Sunday or the next. I would understand the urgency to put burrow back in if we were in the playoff race, but we’re pretty much guaranteed out at 3-7. I mean if the doctor says he’s ready, then Joe will play. That man eats, sleeps, and shits football. There’s no way Joe will ever be content with siting for the rest of the year no matter if it’s the smart thing to do for his health.

I love this guy though so any time we get to see him healthy is a blessing considering how often he’s been injured historically.",47520.0,positive,0.099,0.696,0.206,0.9514
1p2l1kt,1763690984.0,327,0.84,172,Rumor,"Not a fan of Burrow potentially coming back so soon, what are your thoughts? Reports are saying Burrow may be ready potentially this Sunday or the next. I would understand the urgency to put burrow back in if we were in the playoff race, but we’re pretty much guaranteed out at 3-7. I think people are giving Joe’s agency here way too much credit. He’s hitting recovery benchmarks set by his medical staff and will only be allowed to play if he’s cleared. It’s not as if he’s ignoring instruction and deciding to play of his own accord.",47520.0,negative,0.045,0.772,0.183,0.9362
1p2l1kt,1763688695.0,545,0.84,172,Rumor,"Not a fan of Burrow potentially coming back so soon, what are your thoughts? Reports are saying Burrow may be ready potentially this Sunday or the next. I would understand the urgency to put burrow back in if we were in the playoff race, but we’re pretty much guaranteed out at 3-7. Incoming 7 game winning streak if he does",79199.0,positive,0.023,0.814,0.164,0.8798
1p2l1kt,1763687543.0,1090,0.84,172,Rumor,"Not a fan of Burrow potentially coming back so soon, what are your thoughts? Reports are saying Burrow may be ready potentially this Sunday or the next. I would understand the urgency to put burrow back in if we were in the playoff race, but we’re pretty much guaranteed out at 3-7. It doesn’t matter what we think, he’s gonna play. So might as well buckle up and enjoy seeing one of the best quarterbacks to play the game… while also simultaneously holding your breath every time he snaps the ball 😅",158399.0,neutral,0.014,0.741,0.246,0.9778
1p2l1kt,1763688128.0,436,0.84,172,Rumor,"Not a fan of Burrow potentially coming back so soon, what are your thoughts? Reports are saying Burrow may be ready potentially this Sunday or the next. I would understand the urgency to put burrow back in if we were in the playoff race, but we’re pretty much guaranteed out at 3-7. The coaching staff should protect him from himself",63360.0,negative,0.023,0.832,0.146,0.8389
1p2l1kt,1763687644.0,654,0.84,172,Rumor,"Not a fan of Burrow potentially coming back so soon, what are your thoughts? Reports are saying Burrow may be ready potentially this Sunday or the next. I would understand the urgency to put burrow back in if we were in the playoff race, but we’re pretty much guaranteed out at 3-7. We can't make him sit out so we might as well just enjoy the show",95039.0,positive,0.02,0.806,0.175,0.9103
1p2l1kt,1763688669.0,218,0.84,172,Rumor,"Not a fan of Burrow potentially coming back so soon, what are your thoughts? Reports are saying Burrow may be ready potentially this Sunday or the next. I would understand the urgency to put burrow back in if we were in the playoff race, but we’re pretty much guaranteed out at 3-7. Our defense isn’t getting better any time soon even over the next few years, so might as well enjoy him if he’s healthy enough to play.",31680.0,neutral,0.016,0.712,0.272,0.9755
1p2ftfk,1763675334.0,15252,0.97,36,Football,Air Burrow.  This mfer really doing everything he can to not win Comeback Player of the Year a 3rd time,547394.0,negative,0.146,0.854,0.0,-0.4717
1p2ftfk,1763674985.0,4592,0.97,36,Football,Air Burrow.  Ready to see him slinging at Paycor Sunday.,164807.0,negative,0.0,0.783,0.217,0.3612
1p2ftfk,1763679103.0,1312,0.97,36,Football,Air Burrow.  With no chase,47088.0,negative,0.355,0.645,0.0,-0.296
1p2ftfk,1763679854.0,5412,0.97,36,Football,Air Burrow.  Nothing like risking the health of a top tier QB to help get a middle round pick instead of a top round pick. #timetotank,194237.0,negative,0.074,0.634,0.291,0.6312
1p2ftfk,1763676202.0,328,0.97,36,Football,"Air Burrow.  When his toe not on the ground, he slingin' that thing

Who dey man",11772.0,negative,0.0,1.0,0.0,0.0
1p2ftfk,1763757891.0,328,0.97,36,Football,Air Burrow.  Let's hope he doesn't screw up his delivery trying to keep pressure off his bad toe.,11772.0,neutral,0.239,0.586,0.176,-0.362
1p093co,1763464505.0,215516,0.79,80,Football,SB LVI Never forget Jamar as a rookie was taking this dude’s lunch money on the biggest stage. #WhoDey Never forget we fucking lost and the team that beat us has completed a full rebuild while we've withered into nothing,13790869.0,neutral,0.063,0.855,0.081,-0.0672
1p093co,1763476840.0,15036,0.79,80,Football,"SB LVI Never forget Jamar as a rookie was taking this dude’s lunch money on the biggest stage. #WhoDey I remember going to bed that night hurt, but mostly encouraged. I thought \[believed\] that the organization was truly turning a corner - that with Burrow, Chase, and Higgins we'd be the No. 1 landing spot for all free agents - even Duke would have a hard time fucking up free agency now. We could finally build *upon* a winning roster, instead of scratching and clawing to build an average one.

Little did I know that Burrow would indeed be injured every other year and Duke would never figure out how to build another Super Bowl roster.",962154.0,negative,0.077,0.717,0.206,0.9644
1p093co,1763473942.0,52626,0.79,80,Football,SB LVI Never forget Jamar as a rookie was taking this dude’s lunch money on the biggest stage. #WhoDey Bro. We’re 3-7 with a chance to be bad enough to have a top 5-10 pick. The rams are one of the best teams in the league AND they won that SB. Ramsey personally will likely be in the playoffs this year while Chase watches from the couch. This isn’t the flex you think it is.,3367538.0,negative,0.042,0.796,0.161,0.8345
1p093co,1763464133.0,35084,0.79,80,Football,SB LVI Never forget Jamar as a rookie was taking this dude’s lunch money on the biggest stage. #WhoDey No one wants to see anything related to that Superbowl,2245025.0,negative,0.074,0.871,0.056,-0.1366
1p093co,1763481618.0,3938,0.79,80,Football,"SB LVI Never forget Jamar as a rookie was taking this dude’s lunch money on the biggest stage. #WhoDey It’s crazy if the bengals had won that game, none of the ongoing issues would matter as much probably to many fans, people would just take solace in the fact that they got a Super Bowl in the 2020’s. Sports is cruel",251993.0,negative,0.089,0.762,0.149,0.4881
1p093co,1763471703.0,13604,0.79,80,Football,"SB LVI Never forget Jamar as a rookie was taking this dude’s lunch money on the biggest stage. #WhoDey Read the room, buddy.",870520.0,negative,0.0,0.926,0.074,0.1695
1p093co,1763478667.0,1790,0.79,80,Football,SB LVI Never forget Jamar as a rookie was taking this dude’s lunch money on the biggest stage. #WhoDey Not now,114542.0,neutral,0.0,0.919,0.081,0.1695
1p093co,1763475742.0,8950,0.79,80,Football,"SB LVI Never forget Jamar as a rookie was taking this dude’s lunch money on the biggest stage. #WhoDey Jalen Ramsey is trash, but what Jamar did was not only unacceptable. It was disgraceful.",572710.0,negative,0.0,0.872,0.128,0.5504
1p093co,1763481019.0,1790,0.79,80,Football,SB LVI Never forget Jamar as a rookie was taking this dude’s lunch money on the biggest stage. #WhoDey I’ll forever blame Zac Taylor ass for going for it on the 50 on our first drive smh didn’t do that once the whole playoffs but tried to get cute,114542.0,neutral,0.104,0.797,0.099,0.186
1p093co,1763482551.0,1790,0.79,80,Football,SB LVI Never forget Jamar as a rookie was taking this dude’s lunch money on the biggest stage. #WhoDey I will forever hold an intense burning hatred for Eli Apple for what he did on the Rams’ final TD play,114542.0,negative,0.096,0.78,0.123,-0.2105
1p093co,1763483820.0,2148,0.79,80,Football,"SB LVI Never forget Jamar as a rookie was taking this dude’s lunch money on the biggest stage. #WhoDey i think the guy on the ground is a superbowl champ, cool catch tho",137451.0,negative,0.0,0.793,0.207,0.7241
1p093co,1763486407.0,1790,0.79,80,Football,"SB LVI Never forget Jamar as a rookie was taking this dude’s lunch money on the biggest stage. #WhoDey lol bengals made it to the superbowl and said ""that’s good enough""",114542.0,negative,0.0,0.786,0.214,0.7481
1p093co,1763486767.0,1432,0.79,80,Football,"SB LVI Never forget Jamar as a rookie was taking this dude’s lunch money on the biggest stage. #WhoDey I'm a 30+ years Bengals fan, and this is some really sad cope. Unfortunately we know how that game ended and the rams barely skipped a beat, considering the gambit they played.",91634.0,neutral,0.109,0.776,0.115,-0.1756
1p093co,1763498908.0,1790,0.79,80,Football,"SB LVI Never forget Jamar as a rookie was taking this dude’s lunch money on the biggest stage. #WhoDey Wow, the super bowl we lost 4 years ago! Nice!",114542.0,neutral,0.062,0.594,0.344,0.8873
1p093co,1763476667.0,5012,0.79,80,Football,"SB LVI Never forget Jamar as a rookie was taking this dude’s lunch money on the biggest stage. #WhoDey Fuck out of here, what a loser mentality. ""Look at how good one player was in the biggest loss of our lifetimes "" 

Being a bengals fan breaks everyone",320718.0,negative,0.17,0.703,0.127,-0.5162
1p093co,1763485123.0,1432,0.79,80,Football,"SB LVI Never forget Jamar as a rookie was taking this dude’s lunch money on the biggest stage. #WhoDey As someone who lives in the area and isn’t a Bengals fan, y’all really love to brag about a game you didn’t even win.",91634.0,neutral,0.0,0.746,0.254,0.9054
1p093co,1763497823.0,1790,0.79,80,Football,SB LVI Never forget Jamar as a rookie was taking this dude’s lunch money on the biggest stage. #WhoDey Is that the guy who spits on people?,114542.0,neutral,0.0,0.938,0.062,0.1695
1p093co,1763480666.0,2506,0.79,80,Football,SB LVI Never forget Jamar as a rookie was taking this dude’s lunch money on the biggest stage. #WhoDey what a dumbass post,160359.0,neutral,0.148,0.783,0.069,-0.4468
1p093co,1763494037.0,1074,0.79,80,Football,SB LVI Never forget Jamar as a rookie was taking this dude’s lunch money on the biggest stage. #WhoDey We should look back on those 5 playoff victories fondly.  It might be another 30 years before it happens again ,68725.0,neutral,0.0,0.885,0.115,0.5523
1p093co,1763496538.0,1074,0.79,80,Football,SB LVI Never forget Jamar as a rookie was taking this dude’s lunch money on the biggest stage. #WhoDey Never forget you threw a fucking parade for losing a game lol,68725.0,neutral,0.087,0.727,0.186,0.3112
1p08y5n,1763463707.0,56769,0.99,30,Football,"LASIK First the library now this, “sigh” #WhoDey We’ve reached 90s level incompetence",1742241.0,neutral,0.21,0.701,0.089,-0.4404
1p08y5n,1763473774.0,6258,0.99,30,Football,"LASIK First the library now this, “sigh” #WhoDey I just have no idea what Golden is doing, I really thought he could whip the defense into shape. Not sure if it’s his coaching, or if theres just no way to make this chicken shit into chicken salad.",192058.0,neutral,0.194,0.777,0.029,-0.8157
1p08y5n,1763463934.0,8940,0.99,30,Football,"LASIK First the library now this, “sigh” #WhoDey It's funny because it's true.",274369.0,neutral,0.0,0.659,0.341,0.6908
1p08y5n,1763474495.0,4470,0.99,30,Football,"LASIK First the library now this, “sigh” #WhoDey LASIK is more invested into the team winning than the owners, the FO or coaches combined.",137184.0,negative,0.0,0.871,0.129,0.5267
1p08y5n,1763492208.0,3576,0.99,30,Football,"LASIK First the library now this, “sigh” #WhoDey Alright so we have Lasik and the library talking shit to the Bengals. Who is next? Maybe a retirement home or something can pop off and make this really humiliating. Maybe something along the lines of ""holy shit half our residents could tackle better than this defense"".",109747.0,neutral,0.152,0.771,0.077,-0.6997
1p08y5n,1763466984.0,3576,0.99,30,Football,"LASIK First the library now this, “sigh” #WhoDey Cap, it didn’t help Jameis Winston stop throwing interceptions after he went 30/30 in 2019",109747.0,negative,0.085,0.811,0.104,0.128
1p08y5n,1763471771.0,1341,0.99,30,Football,"LASIK First the library now this, “sigh” #WhoDey Maybe they should offer the refs some help in spotting tush pushes",41155.0,negative,0.0,0.876,0.124,0.4019
1p08y5n,1763492205.0,894,0.99,30,Football,"LASIK First the library now this, “sigh” #WhoDey It's not an eyesight issue. Some rookies have made mistakes which is forgivable, and guys like Stone making business decisions and refusing to run through their targets.",27437.0,negative,0.126,0.749,0.126,0.0
1p08y5n,1763466430.0,447,0.99,30,Football,"LASIK First the library now this, “sigh” #WhoDey PRK because getting hit too hard will dislodge the LASIK flap",13718.0,negative,0.072,0.928,0.0,-0.1027
1p08y5n,1763473109.0,447,0.99,30,Football,"LASIK First the library now this, “sigh” #WhoDey Touché to you LASIK,  Tou fucking ché.",13718.0,negative,0.0,1.0,0.0,0.0
1p08y5n,1763477597.0,447,0.99,30,Football,"LASIK First the library now this, “sigh” #WhoDey Couldn't hurt at this point.",13718.0,negative,0.0,0.812,0.188,0.4168
1p08y5n,1763481106.0,447,0.99,30,Football,"LASIK First the library now this, “sigh” #WhoDey Lasik account has been talking Bengals all year. Seems like they comment on every post.",13718.0,negative,0.0,0.898,0.102,0.3612
1p08y5n,1763502640.0,447,0.99,30,Football,"LASIK First the library now this, “sigh” #WhoDey I work at a facility that offers LASIK. We can give the Brown's and Blackburn's the family discount. I'm sure they'll ask for it",13718.0,negative,0.0,0.927,0.073,0.3182
1p08y5n,1763717048.0,447,0.99,30,Football,"LASIK First the library now this, “sigh” #WhoDey Grab his leg he will fall down when he has only one leg to run on. It’s called tackling.",13718.0,negative,0.0,1.0,0.0,0.0
1p08y5n,1763774620.0,447,0.99,30,Football,"LASIK First the library now this, “sigh” #WhoDey ![gif](giphy|I4wGMXoi2kMDe|downsized)",13718.0,negative,0.0,1.0,0.0,0.0
1p0483m,1763449289.0,11368,0.97,64,Football,Bengals last 5 drafts and their NFL-wide positional ranks. Charts VIA @Andrew_Russel7: https://x.com/andrew_russell7/status/1990463744565211403?s=46&t=CUgpvw0Jm2yZ_zig3v0OAw Taking Jackson carman over Creed Humphries doubly fucked us for 5 years.,716752.0,negative,0.167,0.833,0.0,-0.6597
1p0483m,1763445617.0,16443,0.97,64,Football,"Bengals last 5 drafts and their NFL-wide positional ranks. Charts VIA @Andrew_Russel7: https://x.com/andrew_russell7/status/1990463744565211403?s=46&t=CUgpvw0Jm2yZ_zig3v0OAw OP on X mentioned the pool was limited to players with 100 or more snaps this season.

PFF ratings, so take that for what you will. Seems fair for most of what we’ve seen from these players. some I think may even been over valued by PFF

Also, while the colors are pretty, don’t miss the “—“
 Players as well. Either not enough snaps or IR for those fellas. Essentially half of our draft picks in the last 5 years don’t play or have been injured.

2023 was a decent draft. 2022 bad.

2024, mims is fine, I think he’ll be fine, but garbage round 2, complete ass double dip in round 3, bad rounds 4+.

2025: Absolute 5 alarm disaster of a draft this year. Each player essentially the worst in the NFL at their positions. Tough to come in as a rookie… but plenty of rookies make even a slight impact year 1.

Tobin and the boys really missed during some pivotal rebuilding years.",1036731.0,neutral,0.18,0.761,0.059,-0.9817
1p0483m,1763447512.0,7308,0.97,64,Football,"Bengals last 5 drafts and their NFL-wide positional ranks. Charts VIA @Andrew_Russel7: https://x.com/andrew_russell7/status/1990463744565211403?s=46&t=CUgpvw0Jm2yZ_zig3v0OAw 2021 and 2022 were obviously bad (except Chase, but there was no way to mess this pick up). Those really set them back the last years.

2023 looks better than expected. Not great, but with Turner and Chase Brown at least we got something. 2024 was the one I actually liked at the time and you could say it is fine. Mims should be solid and Eric All was a big deal for this offense before he got injured. But then of course you have whatever is going on with Burton and Jackson.

And 2025 was just bad process. The had just 6 picks and massively reached for positions of need, when they really needed talent everywhere. Even if they turn out fine in the long run, its just not great. And Carter and Rivers just never should have been starters in their first season.",460769.0,negative,0.152,0.744,0.105,-0.8954
1p0483m,1763464550.0,2842,0.97,64,Football,"Bengals last 5 drafts and their NFL-wide positional ranks. Charts VIA @Andrew_Russel7: https://x.com/andrew_russell7/status/1990463744565211403?s=46&t=CUgpvw0Jm2yZ_zig3v0OAw Fire Duke Tobin.

Not wait for his contract to expire. Not come to an amenable separation. Not let him finish out the season.

Call him in. Tell him he's the fucking worst at his position, just like our defense, and have security immediately escort him off the premises.",179188.0,negative,0.1,0.807,0.094,-0.3384
1p0483m,1763466439.0,1827,0.97,64,Football,Bengals last 5 drafts and their NFL-wide positional ranks. Charts VIA @Andrew_Russel7: https://x.com/andrew_russell7/status/1990463744565211403?s=46&t=CUgpvw0Jm2yZ_zig3v0OAw This last draft was soooooo so bad and we all knew it in the moment too. Duke is clueless,115192.0,neutral,0.194,0.806,0.0,-0.79
1p0483m,1763448306.0,3248,0.97,64,Football,Bengals last 5 drafts and their NFL-wide positional ranks. Charts VIA @Andrew_Russel7: https://x.com/andrew_russell7/status/1990463744565211403?s=46&t=CUgpvw0Jm2yZ_zig3v0OAw Imagine if you were this bad at your job,204786.0,negative,0.171,0.829,0.0,-0.628
1p0483m,1763451535.0,1624,0.97,64,Football,Bengals last 5 drafts and their NFL-wide positional ranks. Charts VIA @Andrew_Russel7: https://x.com/andrew_russell7/status/1990463744565211403?s=46&t=CUgpvw0Jm2yZ_zig3v0OAw It's a travesty to see how bad we drafted. Our draft decisiona singlehandedly made our defense the worst.,102393.0,negative,0.299,0.661,0.04,-0.8957
1p0483m,1763464216.0,1218,0.97,64,Football,Bengals last 5 drafts and their NFL-wide positional ranks. Charts VIA @Andrew_Russel7: https://x.com/andrew_russell7/status/1990463744565211403?s=46&t=CUgpvw0Jm2yZ_zig3v0OAw Wow the 2025 draft may go down as the worst in history. Truly amazing work,76795.0,negative,0.109,0.612,0.279,0.7506
1p0483m,1763446006.0,2842,0.97,64,Football,"Bengals last 5 drafts and their NFL-wide positional ranks. Charts VIA @Andrew_Russel7: https://x.com/andrew_russell7/status/1990463744565211403?s=46&t=CUgpvw0Jm2yZ_zig3v0OAw It’s so insanely over for the Burrow era, isn’t it?",179188.0,negative,0.0,1.0,0.0,0.0
1p0483m,1763447393.0,2639,0.97,64,Football,"Bengals last 5 drafts and their NFL-wide positional ranks. Charts VIA @Andrew_Russel7: https://x.com/andrew_russell7/status/1990463744565211403?s=46&t=CUgpvw0Jm2yZ_zig3v0OAw Pff grades are absolutely trash now. They had Aaron Rodgers rated as the worst QB in the NFL, behind Jake Browning. 

The graders have absolutely no clue what they're looking at.",166389.0,neutral,0.139,0.861,0.0,-0.7645
1p0483m,1763466730.0,406,0.97,64,Football,"Bengals last 5 drafts and their NFL-wide positional ranks. Charts VIA @Andrew_Russel7: https://x.com/andrew_russell7/status/1990463744565211403?s=46&t=CUgpvw0Jm2yZ_zig3v0OAw Blow it all up. The whole coaching staff and everyone in on-field football operations needs to go. Go find a blue chip GM (I know, I know) and pay them to rebuild from the ground up. Show you’re serious. Otherwise, it’ll be just the same cycle again and again.",25598.0,negative,0.045,0.955,0.0,-0.1779
1p0483m,1763468106.0,406,0.97,64,Football,Bengals last 5 drafts and their NFL-wide positional ranks. Charts VIA @Andrew_Russel7: https://x.com/andrew_russell7/status/1990463744565211403?s=46&t=CUgpvw0Jm2yZ_zig3v0OAw How much of it boils down to development and the coaching staff?  I wonder how some of these guys would be if Belichick or McVay was the head coach?,25598.0,negative,0.0,1.0,0.0,0.0
1p0483m,1763468751.0,406,0.97,64,Football,Bengals last 5 drafts and their NFL-wide positional ranks. Charts VIA @Andrew_Russel7: https://x.com/andrew_russell7/status/1990463744565211403?s=46&t=CUgpvw0Jm2yZ_zig3v0OAw The last two seasons are on the front office. They are drafting horribly. They are stuck with playing the bad players they drafted. This can’t continue. Their approach needs to be more similar to the 2020-2021 season where they bring in good vets from free agency.,25598.0,negative,0.129,0.755,0.116,-0.2263
1p0483m,1763469071.0,406,0.97,64,Football,"Bengals last 5 drafts and their NFL-wide positional ranks. Charts VIA @Andrew_Russel7: https://x.com/andrew_russell7/status/1990463744565211403?s=46&t=CUgpvw0Jm2yZ_zig3v0OAw These kinds of drafts consistently are why the Bengals have such meager young talent out there. A Lotta picks on defense and none very good. Turner is decent this season,  so at least there's ONE guy to be mildly enthusiastic about over the past 5 drafts lol",25598.0,neutral,0.04,0.801,0.159,0.7702
1p0483m,1763473504.0,406,0.97,64,Football,Bengals last 5 drafts and their NFL-wide positional ranks. Charts VIA @Andrew_Russel7: https://x.com/andrew_russell7/status/1990463744565211403?s=46&t=CUgpvw0Jm2yZ_zig3v0OAw ![gif](giphy|AQdTJQv4zy75Mjq8SQ|downsized),25598.0,negative,0.0,1.0,0.0,0.0
1p0483m,1763473723.0,406,0.97,64,Football,Bengals last 5 drafts and their NFL-wide positional ranks. Charts VIA @Andrew_Russel7: https://x.com/andrew_russell7/status/1990463744565211403?s=46&t=CUgpvw0Jm2yZ_zig3v0OAw This is almost comical. We went into this season hoping the defense would be transformed. We just wanted to see a below average defense instead of an absolute disaster of a unit so the Bengals went out and drafted the worst players at their respective transitions.,25598.0,negative,0.123,0.749,0.129,-0.3818
1p0483m,1763478279.0,406,0.97,64,Football,Bengals last 5 drafts and their NFL-wide positional ranks. Charts VIA @Andrew_Russel7: https://x.com/andrew_russell7/status/1990463744565211403?s=46&t=CUgpvw0Jm2yZ_zig3v0OAw I’m also taking away that they had stocked up on a lot of picks in 21 and 24 but still somehow whiffed on almost all of them… even a blind squirrel finds a nut sometimes but geez Duke you are not good at your job.,25598.0,neutral,0.114,0.886,0.0,-0.769
1p0483m,1763480666.0,406,0.97,64,Football,"Bengals last 5 drafts and their NFL-wide positional ranks. Charts VIA @Andrew_Russel7: https://x.com/andrew_russell7/status/1990463744565211403?s=46&t=CUgpvw0Jm2yZ_zig3v0OAw I’m pretty sure if Tobin just bought a draft magazine and used that, we’d have better success",25598.0,neutral,0.0,0.665,0.335,0.9022
1p0483m,1763482372.0,406,0.97,64,Football,Bengals last 5 drafts and their NFL-wide positional ranks. Charts VIA @Andrew_Russel7: https://x.com/andrew_russell7/status/1990463744565211403?s=46&t=CUgpvw0Jm2yZ_zig3v0OAw They need to fire Duke Tobin and get a real GM with about 10 more extra scouts. We all know this. The problem is the FO doesn’t know this.,25598.0,negative,0.118,0.882,0.0,-0.6249
1p0483m,1763472509.0,203,0.97,64,Football,"Bengals last 5 drafts and their NFL-wide positional ranks. Charts VIA @Andrew_Russel7: https://x.com/andrew_russell7/status/1990463744565211403?s=46&t=CUgpvw0Jm2yZ_zig3v0OAw Really wonder what Tycen would look like if we used him. As much as everyone has liked Yoshi in the past, it is laughable that he is still WR3. Have a feeling 2024 class will be really good once everyone gets healthy. 2025 is brutal but hopefully a year of starting will help next year? Definitely need to hit on multiple picks this year.",12799.0,negative,0.029,0.731,0.239,0.9372
1oztf58,1763416354.0,94794,0.97,103,Fandom,"The passing of the torch...  Wait did AJ Green get suspended for this too? I forget

Not trying to make excuses for what chase did yesterday because there is none, but Jalen Ramsey is still kinda a dick",9562819.0,neutral,0.185,0.815,0.0,-0.7587
1oztf58,1763420568.0,75369,0.97,103,Fandom,The passing of the torch...  Ramsey is an ass clown. Still doesn’t excuse spitting on someone.,7603225.0,negative,0.186,0.745,0.069,-0.4939
1oztf58,1763429457.0,10101,0.97,103,Fandom,"The passing of the torch...  Ramsey has been on 4 teams in 7 years, this guy is an assclown everywhere he goes and eventually people get fed up",1018989.0,neutral,0.0,1.0,0.0,0.0
1oztf58,1763416894.0,57498,0.97,103,Fandom,"The passing of the torch...  I'd have more of a problem with it if Ramsey wasn't putting his hands on Chase the play before that. 

At that point Ramsey was wanting to fight so I do not care if he got spit on.",5800398.0,negative,0.177,0.773,0.05,-0.7244
1oztf58,1763438180.0,3108,0.97,103,Fandom,The passing of the torch...  Never a reason for an adult to spit on another adult in their workplace.,313535.0,neutral,0.0,1.0,0.0,0.0
1oztf58,1763421065.0,18648,0.97,103,Fandom,"The passing of the torch...  Ramsey is a bitch button ⬇️ 

Yup, spitting is gross and childish and I wish Chase was bigger than that, but Ramsey is still a lil bitch and I don’t feel even the slightest bit sorry for him. He deserves it and much worse for how he acts, the stuff he says, and how he plays. Hope he tasted a lil karma.",1881210.0,negative,0.216,0.679,0.105,-0.8248
1oztf58,1763416457.0,43512,0.97,103,Fandom,"The passing of the torch...  Zac Taylor's inept offense likely led to this frustration. I'm not supporting what Chase did, but if Zac didn't actively try to have a piss poor offense and included Chase a bit more, maybe, just maybe, he'd not of done this.",4389491.0,negative,0.329,0.671,0.0,-0.9447
1oztf58,1763436993.0,6216,0.97,103,Fandom,"The passing of the torch...  I don't even fucking care.

Sure its a trash move, but its Jalen Ramsey, its the Steelers, the game is cooked, the season is cooked, the team is cooked.

#TeamChase",627070.0,neutral,0.055,0.893,0.052,-0.0344
1oztf58,1763419532.0,8547,0.97,103,Fandom,The passing of the torch...  Fuck all those dirty vile motherfuckin' Pittsburgh Steelers....burn em in hell.,862221.0,neutral,0.557,0.443,0.0,-0.9442
1oztf58,1763431547.0,4662,0.97,103,Fandom,"The passing of the torch...  No,  spitting is fucked",470303.0,neutral,0.485,0.515,0.0,-0.765
1oztf58,1763425326.0,1554,0.97,103,Fandom,The passing of the torch...  ![gif](giphy|mmDEN3gammnx6Sh5hx),156768.0,neutral,0.0,1.0,0.0,0.0
1oztf58,1763417454.0,777,0.97,103,Fandom,The passing of the torch...  Passing the torch of being great but ultimately never winning shit. I’m so sick of the Bengals,78384.0,neutral,0.259,0.546,0.195,-0.4797
1oztf58,1763430016.0,777,0.97,103,Fandom,The passing of the torch...  [ Removed by Reddit ],78384.0,neutral,0.0,1.0,0.0,0.0
1oztf58,1763477961.0,777,0.97,103,Fandom,"The passing of the torch...  AJ was a dog, Chase did a bitch move",78384.0,neutral,0.257,0.743,0.0,-0.5859
1oztf58,1763494922.0,777,0.97,103,Fandom,"The passing of the torch...  Are we sure it was chase and not the man on the hill holding the umbrella?

![gif](giphy|AaB7ZnSPZksscucJHO)",78384.0,neutral,0.0,0.89,0.11,0.3802
1oztf58,1763515238.0,777,0.97,103,Fandom,"The passing of the torch...  Dickhead Ramsey was ordered to do this. They knew exactly what they were doing. Tomlin knew before the game and ordered this on the menu: ""Get inside Chase's head. Play dirty. Talk your shit. I'll pay your fines."" Sure enough...that's exactly what happened. Tomlin only knows how to play dirty. He has no regard for player safety or mental. He's a football Hitler. He'll resort to whatever to win.",78384.0,neutral,0.184,0.668,0.148,-0.5267
1oztf58,1763555327.0,777,0.97,103,Fandom,"The passing of the torch...  Hell yeah, body slammed his bitch ass. Ramsey had it coming.",78384.0,neutral,0.456,0.46,0.084,-0.8934
1oztf58,1763598170.0,777,0.97,103,Fandom,The passing of the torch...  Always little brother of the division,78384.0,neutral,0.0,1.0,0.0,0.0
1ozkacl,1763396291.0,28124,0.97,34,Drunk,"Here are my 2026 NFL Draft predictions!  Somehow ‘starter, but merely by default’ hit me the hardest out of all of these.",954810.0,neutral,0.0,1.0,0.0,0.0
1ozkacl,1763396524.0,21488,0.97,34,Drunk,Here are my 2026 NFL Draft predictions!  Y’all are really still sleeping on Penis Hands McGee. If he ever puts it together he’s going to be a serviceable WR4!,729518.0,positive,0.0,1.0,0.0,0.0
1ozkacl,1763395960.0,16748,0.97,34,Drunk,"Here are my 2026 NFL Draft predictions!  You’re totally overlooking, “guy with serious red flags and character issues that no other team would touch until the fifth round that we take in the second.”",568595.0,neutral,0.106,0.894,0.0,-0.4199
1ozkacl,1763397763.0,2528,0.97,34,Drunk,"Here are my 2026 NFL Draft predictions!  Also, fell in the draft because of injury could easily hold a place in the first round.",85826.0,neutral,0.117,0.793,0.091,-0.1759
1ozkacl,1763400318.0,1896,0.97,34,Drunk,Here are my 2026 NFL Draft predictions!  It’s insane. The best drafts basically every year are teams that just take best available from top college programs. A few years of that and you have a proper rebuild.,64369.0,neutral,0.061,0.701,0.237,0.8313
1ozkacl,1763396809.0,2528,0.97,34,Drunk,"Here are my 2026 NFL Draft predictions!  Have Local Boy too low, they don't drop past the 5th",85826.0,neutral,0.118,0.792,0.09,-0.1476
1ozkacl,1763396031.0,948,0.97,34,Drunk,Here are my 2026 NFL Draft predictions!  That pretty much covers it.,32185.0,neutral,0.0,0.759,0.241,0.5411
1ozkacl,1763397621.0,948,0.97,34,Drunk,Here are my 2026 NFL Draft predictions!  You may be on to something here.,32185.0,neutral,0.0,1.0,0.0,0.0
1ozkacl,1763430499.0,948,0.97,34,Drunk,"Here are my 2026 NFL Draft predictions!  Don’t know where he goes, but don’t forget “great character but horrible athlete”",32185.0,neutral,0.291,0.709,0.0,-0.8122
1ozkacl,1763397873.0,632,0.97,34,Drunk,"Here are my 2026 NFL Draft predictions!  Penises for hands? Hell yeah, sign that guy up.",21456.0,negative,0.232,0.664,0.104,-0.5707
1ozkacl,1763398776.0,632,0.97,34,Drunk,"Here are my 2026 NFL Draft predictions!  Just need to get penis hands excited, that's some natural stickum!",21456.0,negative,0.0,0.745,0.255,0.6688
1ozkacl,1763416732.0,632,0.97,34,Drunk,Here are my 2026 NFL Draft predictions!  I like the idea of replacing Iosivas with Dickhands.,21456.0,positive,0.0,0.834,0.166,0.4199
1ozkacl,1763402414.0,316,0.97,34,Drunk,Here are my 2026 NFL Draft predictions!  Incredible,10728.0,negative,0.0,1.0,0.0,0.0
1ozkacl,1763408733.0,316,0.97,34,Drunk,Here are my 2026 NFL Draft predictions!  https://preview.redd.it/ghs7yeoifv1g1.jpeg?width=334&format=pjpg&auto=webp&s=95fcc520e49c12c8ff0de610a460b5ca712dbe0b,10728.0,negative,0.0,1.0,0.0,0.0
1ozkacl,1763417978.0,316,0.97,34,Drunk,Here are my 2026 NFL Draft predictions!  Why is this so accurate?,10728.0,positive,0.0,1.0,0.0,0.0
1ozkacl,1763488817.0,316,0.97,34,Drunk,"Here are my 2026 NFL Draft predictions!  Penises for HANDS!? Bwhahahaha 

![gif](giphy|wWue0rCDOphOE)",10728.0,negative,0.0,1.0,0.0,0.0
1ozg5re,1763386176.0,13454,0.88,77,Fandom,Monday morning in my feels  We need a no BS hard nosed coach,923483.0,negative,0.265,0.735,0.0,-0.3818
1ozg5re,1763387165.0,12369,0.88,77,Fandom,"Monday morning in my feels  Also, this is always a gem...

""Fans of the Baltimore Ravens, Cleveland Browns, and Pittsburgh Steelers all agree that Vontaze Burfict is the dirtiest player to have ever played for the Cincinnati Bengals.  

Fans of the Cincinnati Bengals, Cleveland Browns, and Pittsburgh Steelers all agree that Ray Lewis is the dirtiest player to have ever played for the Baltimore Ravens.  

Fans of the Baltimore Ravens, Cincinnati Bengals, and Cleveland Browns all agree that James Harrison, Hines Ward, Joe Greene, Joey Porter, Ryan Shazier, Mel Blount, Ryan Clark, David DeCastro, Glen Edwards, James Farrior, Keith Gary, Kevin Greene, L.C. Greenwood, Ernie Holmes, Jack Lambert, Greg Lloyd, Ryan Mundy, Troy Polamalu, Donnie Shell, and Kimo von Oelhoffen are among the dirtiest players to have ever played for the Pittsburgh Steelers.""",849008.0,neutral,0.069,0.832,0.099,0.3612
1ozg5re,1763386820.0,3689,0.88,77,Fandom,Monday morning in my feels  Nobody's Burfict,253213.0,neutral,0.0,1.0,0.0,0.0
1ozg5re,1763386605.0,8463,0.88,77,Fandom,"Monday morning in my feels  Yeah, I miss Burfict as well, but haters will never forgive him for the Steelers playoff loss, even though he lifted that whole damn defense.

When 55 was on the field teams played differently, some called some of his tackles dirty... Which some of them were. 

But when it came to playing the ALWAYS dirty Steelers, it was nice to strike fear in their hearts.

I met him off the field semi-regularly because of my job, he was definitely one of the nicest guys you'll ever meet.",580900.0,negative,0.202,0.617,0.181,-0.5379
1ozg5re,1763386282.0,4991,0.88,77,Fandom,Monday morning in my feels  We got a triple crown winning team captain spitting on dudes and this guy wants burfict back... Lol,342582.0,negative,0.0,0.763,0.237,0.7351
1ozg5re,1763386200.0,2821,0.88,77,Fandom,"Monday morning in my feels  With the game on the line there was never anybody better than burfict to throw it away with an unnecessary roughness call, man that team was so frustrating.",193633.0,neutral,0.165,0.835,0.0,-0.7309
1ozg5re,1763388957.0,651,0.88,77,Fandom,Monday morning in my feels  Absolute dawg.,44685.0,negative,0.0,1.0,0.0,0.0
1ozg5re,1763387417.0,1085,0.88,77,Fandom,"Monday morning in my feels  Absolutely right. Burfict was the dude.

To all you folk bitching and crying about Burfict being dirty. The guy was a force. He made plays. He set a tone. He had attitude and followed it up. When folk played dirty- he hit them in the mouth (or temple) and teams knew who he was.  (That Von Bell hit on SchusterTok is that attitude; Burfict made those plays weekly)

OP wants that attitude back on the Bengals defense. Yeah, personal fouls happened, but we hit hard, we tackled, we got sacks, we were physical. We were accountable. OP wants that character back. He wants the defense to have that spirit.  We're fucking SOFT at the moment. Soft as Zac Taylor.",74474.0,negative,0.07,0.843,0.087,0.0644
1ozg5re,1763389297.0,434,0.88,77,Fandom,Monday morning in my feels  I watched the whole game yesterday and the thing that really still stings is that the Steelers are terrible this year. And they friggin destroyed us. How bad are we?,29790.0,negative,0.246,0.754,0.0,-0.8777
1ozg5re,1763393913.0,434,0.88,77,Fandom,Monday morning in my feels  Tez! My fav!,29790.0,negative,0.0,0.661,0.339,0.555
1ozg5re,1763416271.0,434,0.88,77,Fandom,"Monday morning in my feels  Fuck that bloated botch. Yall wanna suck him off for an interception. Fine. It gets balanced out when he takes a penalty for a team with no timeouts 20 seconds left and needs 35 yards for a field goal

It didn't have but one good season and pissed it all away. When we talk about great defenses of the 2010s. This franchise is never mentioned. 

They mention Denver no fly zone, 49ers defense, Baltimore, legion of boom. Because they take care of business... not some dirty overweight sack of shit who cant keep his wits about him with a playoff game on the line.",29790.0,neutral,0.157,0.661,0.182,0.5383
1ozg5re,1763433215.0,434,0.88,77,Fandom,"Monday morning in my feels  I miss the lewis teams, they actually gave a fuck at least on defense.",29790.0,positive,0.248,0.68,0.073,-0.5574
1ozg5re,1763417105.0,434,0.88,77,Fandom,Monday morning in my feels  he was a dirty p.o.s. i’m glad he’s gone,29790.0,negative,0.172,0.651,0.178,0.0258
1ozg5re,1763386183.0,217,0.88,77,Fandom,Monday morning in my feels  I drew chases fight to make fun of the Steelers before I knew he spit on him. I have since deleted that drawing so imagine how I feel.,14895.0,neutral,0.079,0.821,0.1,0.1779
1ozg5re,1763397426.0,217,0.88,77,Fandom,"Monday morning in my feels  I pissed off some Steelers fans at the game yesterday. 
In the first half, Chase got hit hard after dropping the ball. The crowd went wild.
It reminded me of the hit Burfict put on Antonio Brown.
So, I screamed ""Burfict would have gotten arrested for that hit!""",14895.0,negative,0.198,0.802,0.0,-0.8906
1ozg5re,1763405969.0,217,0.88,77,Fandom,Monday morning in my feels  This defense is the softest defense ever fielded in the AFC North ever. There is no fire. No aggressive play no pride there is nothing it's a soulless walk through the motion bend until it breaks defense. I feel bad for the players knowing they are looked at as terrible,14895.0,positive,0.255,0.607,0.138,-0.836
1ozg5re,1763410788.0,217,0.88,77,Fandom,Monday morning in my feels  Soft coach developes soft team. 27+ points allowed over each of the last 9 games. New record!,14895.0,negative,0.0,1.0,0.0,0.0
1ozg5re,1763489964.0,217,0.88,77,Fandom,Monday morning in my feels  I miss when people thought the team was TOO physical. ,14895.0,negative,0.11,0.89,0.0,-0.1531
1ozeh7t,1763381887.0,165416,0.99,98,Fact,Any other head coach/“gm”would get fired for having these stats  https://preview.redd.it/0w4h5eyo7t1g1.jpeg?width=536&format=pjpg&auto=webp&s=52ec4d13a465399b39cc18a74a7b773304681712,16212422.0,negative,0.265,0.735,0.0,-0.5574
1ozeh7t,1763381382.0,139345,0.99,98,Fact,Any other head coach/“gm”would get fired for having these stats  Remember when fans turned on Lou?,13657203.0,negative,0.194,0.806,0.0,-0.5574
1ozeh7t,1763382787.0,64728,0.99,98,Fact,Any other head coach/“gm”would get fired for having these stats  What the fuck did I get myself in for when I picked the Bengals on a whim to support a few years ago (from England).,6343991.0,negative,0.188,0.741,0.071,-0.6597
1ozeh7t,1763381296.0,59334,0.99,98,Fact,Any other head coach/“gm”would get fired for having these stats  https://preview.redd.it/t3c1qvqx5t1g1.jpeg?width=896&format=pjpg&auto=webp&s=1866632c01b3f445da23a8420adddcfb22e52d3b,5815325.0,negative,0.265,0.735,0.0,-0.5574
1ozeh7t,1763381652.0,75516,0.99,98,Fact,Any other head coach/“gm”would get fired for having these stats  Who's ready to see it for a 10th straight game!,7401323.0,negative,0.148,0.659,0.193,-0.126
1ozeh7t,1763382073.0,27869,0.99,98,Fact,Any other head coach/“gm”would get fired for having these stats  Breaking Records 💪💪💪,2731441.0,negative,0.231,0.769,0.0,-0.5574
1ozeh7t,1763381994.0,17081,0.99,98,Fact,Any other head coach/“gm”would get fired for having these stats  Mike Brown will never have a coach he had to pay not on his staff.,1674109.0,negative,0.185,0.815,0.0,-0.6124
1ozeh7t,1763383166.0,15283,0.99,98,Fact,Any other head coach/“gm”would get fired for having these stats  350 yards+ of offense in those games too.,1497887.0,neutral,0.259,0.741,0.0,-0.6808
1ozeh7t,1763383615.0,13485,0.99,98,Fact,Any other head coach/“gm”would get fired for having these stats  https://preview.redd.it/eposusxtct1g1.jpeg?width=300&format=pjpg&auto=webp&s=c0fc1f511c21a111bee1f4c46d9367e6859a3f90,1321665.0,neutral,0.265,0.735,0.0,-0.5574
1ozeh7t,1763382379.0,9889,0.99,98,Fact,"Any other head coach/“gm”would get fired for having these stats  ![gif](giphy|3otPoS81loriI9sO8o|downsized)

We got record guys!!!",969221.0,negative,0.254,0.746,0.0,-0.6973
1ozeh7t,1763386062.0,4495,0.99,98,Fact,Any other head coach/“gm”would get fired for having these stats  Don’t give up guys. Still got worst defense in NFL history to aim for. The team has the coaching and mindset to make it happen.,440555.0,positive,0.187,0.777,0.036,-0.802
1ozeh7t,1763381859.0,12586,0.99,98,Fact,Any other head coach/“gm”would get fired for having these stats  Fire Zac. Better be done this morning,1233554.0,neutral,0.262,0.611,0.127,-0.4767
1ozeh7t,1763392318.0,3596,0.99,98,Fact,Any other head coach/“gm”would get fired for having these stats  I won't go out of my way to watch any game or spend a nickel on anything Bengals related until Duke Tobin is fired or replaced. 75% of our defense should probably not be in the league. We are doing absolutely nothing to improve this defense and that's completely unacceptable when lateral moves could be made. This isn't about money. The problem is the Bengals aren't being smart with their money. Fire Tobin and hire 2 ivy league college kids with degrees in mathematics and statistics and let them go at it. Why aren't the Bengals  meeting with young analytics guys in baseball and applying it to football? This is not about money- the Bengals aren't serious.,352444.0,neutral,0.148,0.822,0.03,-0.9538
1ozeh7t,1763403225.0,3596,0.99,98,Fact,Any other head coach/“gm”would get fired for having these stats  So the worst defense in the HISTORY of the NFL.,352444.0,neutral,0.298,0.636,0.066,-0.8028
1ozeh7t,1763382819.0,2697,0.99,98,Fact,Any other head coach/“gm”would get fired for having these stats  All they have to do is not be brain dead morons for one game. Then the mediocrity can end.,264333.0,positive,0.202,0.701,0.097,-0.4133
1ozeh7t,1763394590.0,2697,0.99,98,Fact,"Any other head coach/“gm”would get fired for having these stats  They should tell Joe to keep his ass at home and tank for Downs, but Bengals being Bengals, Joe will return to win a few meaningless games to get a lower pick and miss out on top talent 🤦🏻‍♂️",264333.0,neutral,0.207,0.617,0.176,0.0
1ozeh7t,1763395893.0,2697,0.99,98,Fact,"Any other head coach/“gm”would get fired for having these stats  Somehow they thought trading for Flacco would fix that problem. I don't think this franchise understands how this game is played or what each position on the field actually does. 

If you go back to the week or 2 after the trade was made, I don't think some fans understand either.",264333.0,neutral,0.099,0.863,0.038,-0.5994
1ozeh7t,1763381482.0,6293,0.99,98,Fact,"Any other head coach/“gm”would get fired for having these stats  Unfortunately our offense is solid and we are still the 10th worst record in the league…

Edit: meant worst record",616777.0,neutral,0.388,0.574,0.038,-0.9393
1ozeh7t,1763383533.0,1798,0.99,98,Fact,Any other head coach/“gm”would get fired for having these stats  We’re number 1,176222.0,neutral,0.242,0.671,0.087,-0.5106
1ozeh7t,1763389850.0,1798,0.99,98,Fact,Any other head coach/“gm”would get fired for having these stats  When you have dogshit talent you are going to get dogshit results.,176222.0,neutral,0.136,0.758,0.106,-0.2023
1oz2hia,1763341216.0,3025,0.94,23,Drunk,"So what is everyone’s favorite type of Bengal Tiger? Mine is the Golden Tabby Bengal Tiger  Tony.  He is someone I can root for.

![gif](giphy|dVdIu1HNxeKyqzkgPA)",68244.0,neutral,0.0,0.875,0.125,0.5093
1oz2hia,1763345155.0,4961,0.94,23,Drunk,So what is everyone’s favorite type of Bengal Tiger? Mine is the Golden Tabby Bengal Tiger  https://preview.redd.it/atem5gxg6q1g1.jpeg?width=258&format=pjpg&auto=webp&s=1e05fe695021bf997ad9f5ec9b5ff821293cb71f,111920.0,neutral,0.0,0.826,0.174,0.5204
1oz2hia,1763348041.0,2299,0.94,23,Drunk,"So what is everyone’s favorite type of Bengal Tiger? Mine is the Golden Tabby Bengal Tiger  https://preview.redd.it/6jx957mneq1g1.jpeg?width=828&format=pjpg&auto=webp&s=075156b2b2baf5e736e5efa9b9ffac7ab41576d2

North American House Bengal. Great mouser, terrible defense.",51865.0,positive,0.094,0.635,0.271,0.7059
1oz2hia,1763341005.0,1331,0.94,23,Drunk,So what is everyone’s favorite type of Bengal Tiger? Mine is the Golden Tabby Bengal Tiger  I like the kind of tiger that can make a difference,30027.0,neutral,0.0,0.807,0.193,0.6705
1oz2hia,1763374454.0,1210,0.94,23,Drunk,So what is everyone’s favorite type of Bengal Tiger? Mine is the Golden Tabby Bengal Tiger  Yup... I'm on board for this until next season. Can we get more misplaced people in this sub posting their cats?,27298.0,negative,0.0,0.915,0.085,0.5204
1oz2hia,1763342338.0,968,0.94,23,Drunk,So what is everyone’s favorite type of Bengal Tiger? Mine is the Golden Tabby Bengal Tiger  ![gif](giphy|bgDIgfQsgcXLi),21838.0,negative,0.0,0.829,0.171,0.5093
1oz2hia,1763347609.0,726,0.94,23,Drunk,So what is everyone’s favorite type of Bengal Tiger? Mine is the Golden Tabby Bengal Tiger  ![gif](giphy|119i1S64KnIhyM),16379.0,negative,0.0,0.829,0.171,0.5093
1oz2hia,1763343115.0,363,0.94,23,Drunk,So what is everyone’s favorite type of Bengal Tiger? Mine is the Golden Tabby Bengal Tiger  one that can take us to the superbowl,8189.0,positive,0.0,0.885,0.115,0.4588
1oz2hia,1763348235.0,363,0.94,23,Drunk,So what is everyone’s favorite type of Bengal Tiger? Mine is the Golden Tabby Bengal Tiger  My default is just the Sunda Sibspecies of Bengal Tiger they have beautiful manes.,8189.0,negative,0.0,0.802,0.198,0.7845
1oz2hia,1763350568.0,363,0.94,23,Drunk,So what is everyone’s favorite type of Bengal Tiger? Mine is the Golden Tabby Bengal Tiger  Ngl that's a cool looking cat,8189.0,negative,0.0,0.782,0.218,0.6486
1oz2hia,1763353189.0,363,0.94,23,Drunk,"So what is everyone’s favorite type of Bengal Tiger? Mine is the Golden Tabby Bengal Tiger  ![gif](giphy|l1J9DLr6R3iLKGP28|downsized)

Infinity Bengal....🐅",8189.0,neutral,0.0,0.845,0.155,0.5093
1oz2hia,1763371753.0,363,0.94,23,Drunk,"So what is everyone’s favorite type of Bengal Tiger? Mine is the Golden Tabby Bengal Tiger  https://preview.redd.it/45s6b2jdds1g1.jpeg?width=3213&format=pjpg&auto=webp&s=b0ada14c6a4036fa494c780baa1c46e79e7fc12a

This smug guy",8189.0,neutral,0.0,0.777,0.223,0.6322
1oz2hia,1763340920.0,726,0.94,23,Drunk,So what is everyone’s favorite type of Bengal Tiger? Mine is the Golden Tabby Bengal Tiger  I like the toaster a lot,16379.0,neutral,0.0,0.766,0.234,0.6705
1oz2hia,1763395901.0,242,0.94,23,Drunk,So what is everyone’s favorite type of Bengal Tiger? Mine is the Golden Tabby Bengal Tiger  ![gif](giphy|WTXkzwOcrRDaXRkYF9|downsized),5460.0,neutral,0.0,0.829,0.171,0.5093
1oz2hia,1763431445.0,121,0.94,23,Drunk,So what is everyone’s favorite type of Bengal Tiger? Mine is the Golden Tabby Bengal Tiger  Anotha one,2730.0,negative,0.0,0.85,0.15,0.4588
1oz2hia,1763495283.0,121,0.94,23,Drunk,So what is everyone’s favorite type of Bengal Tiger? Mine is the Golden Tabby Bengal Tiger  That’s a fine ass tiger ,2730.0,negative,0.138,0.672,0.19,0.0772
1oz2hia,1763575758.0,121,0.94,23,Drunk,So what is everyone’s favorite type of Bengal Tiger? Mine is the Golden Tabby Bengal Tiger  Kevin Kaesviharn,2730.0,neutral,0.0,0.85,0.15,0.4588
1oz1o6m,1763339422.0,90666,0.97,70,Fact,Haven’t seen this yet tonight Fuck off Zac https://preview.redd.it/nd2e519fpp1g1.jpeg?width=400&format=pjpg&auto=webp&s=2586230540448ef9456ba081e62840bec70ea9fd,6244167.0,positive,0.304,0.696,0.0,-0.5423
1oz1o6m,1763340009.0,25623,0.97,70,Fact,Haven’t seen this yet tonight Fuck off Zac watching the denver broncos ownership makes me hate cincy even more,1764656.0,negative,0.298,0.702,0.0,-0.802
1oz1o6m,1763340420.0,16425,0.97,70,Fact,Haven’t seen this yet tonight Fuck off Zac I would take an ACTUAL clown at this point.,1131190.0,neutral,0.189,0.811,0.0,-0.5423
1oz1o6m,1763340764.0,22338,0.97,70,Fact,"Haven’t seen this yet tonight Fuck off Zac “I don’t think the final score is indicative of how well we played… I like how we looked and how we practiced… left a few points on the field… just didn’t execute… gotta put our noses to the grindstone and have another great week of practice… love this group of guys, we can’t change anything now… just gotta stay the course and show we still believe in each other.”",1538418.0,negative,0.041,0.81,0.149,0.8555
1oz1o6m,1763338758.0,55845,0.97,70,Fact,"Haven’t seen this yet tonight Fuck off Zac We've just scored a touchdown, it's the start of the game, Go for 2 points 🤡

Clown level of play called 8/10.         🤡 🤡 🤡 🤡 🤡 🤡 🤡 🤡",3846045.0,negative,0.113,0.809,0.078,-0.2732
1oz1o6m,1763339324.0,23652,0.97,70,Fact,Haven’t seen this yet tonight Fuck off Zac https://preview.redd.it/qgghcsz4pp1g1.jpeg?width=400&format=pjpg&auto=webp&s=f84b7e19c581a4f956876b7bf990da82e00fe56a,1628913.0,negative,0.304,0.696,0.0,-0.5423
1oz1o6m,1763340676.0,4599,0.97,70,Fact,Haven’t seen this yet tonight Fuck off Zac Can someone do a version of this with Mike Brown's face?,316733.0,negative,0.171,0.829,0.0,-0.5423
1oz1o6m,1763370621.0,3285,0.97,70,Fact,Haven’t seen this yet tonight Fuck off Zac Can we just make this the sub’s icon rest of season lol,226238.0,negative,0.144,0.741,0.115,-0.1779
1oz1o6m,1763339800.0,10512,0.97,70,Fact,Haven’t seen this yet tonight Fuck off Zac https://preview.redd.it/lnaybsrjqp1g1.jpeg?width=1170&format=pjpg&auto=webp&s=d736b78f39b2409dc3f2908c3fae0e0709b79478,723961.0,negative,0.304,0.696,0.0,-0.5423
1oz1o6m,1763350170.0,1314,0.97,70,Fact,Haven’t seen this yet tonight Fuck off Zac Why would you insult a clown like this?,90495.0,negative,0.319,0.563,0.117,-0.6486
1oz1o6m,1763379385.0,1314,0.97,70,Fact,"Haven’t seen this yet tonight Fuck off Zac The moment they failed to convert the 2 on that joke of a trick play, i knew the game was over",90495.0,negative,0.238,0.625,0.137,-0.5267
1oz1o6m,1763341229.0,1971,0.97,70,Fact,Haven’t seen this yet tonight Fuck off Zac Such a ZT offense kind of game we've seen 100 times.  Come out and look good with scripted plays on the first drive. Then the offense looks clueless the rest of the game.,135743.0,negative,0.204,0.695,0.1,-0.6249
1oz1o6m,1763353897.0,657,0.97,70,Fact,Haven’t seen this yet tonight Fuck off Zac I saw it this afternoon.,45248.0,negative,0.241,0.759,0.0,-0.5423
1oz1o6m,1763525453.0,657,0.97,70,Fact,Haven’t seen this yet tonight Fuck off Zac About right!  👌,45248.0,negative,0.296,0.704,0.0,-0.5848
1oz1o6m,1763583086.0,657,0.97,70,Fact,"Haven’t seen this yet tonight Fuck off Zac Lmao fake af,  low IQ, poser, wannabe fans.",45248.0,negative,0.354,0.488,0.159,-0.5859
1oz1o6m,1763597122.0,657,0.97,70,Fact,Haven’t seen this yet tonight Fuck off Zac Did yall like Marvin better than him?,45248.0,negative,0.167,0.574,0.258,0.2263
1oz1o6m,1763341157.0,657,0.97,70,Fact,Haven’t seen this yet tonight Fuck off Zac Jaw dropped watching us go for two on our first (and only) touchdown,45248.0,negative,0.149,0.851,0.0,-0.5423
1oz1o6m,1763350385.0,657,0.97,70,Fact,Haven’t seen this yet tonight Fuck off Zac ZT is unhinged,45248.0,neutral,0.259,0.741,0.0,-0.5423
1oz143v,1763337149.0,99576,0.93,101,Fact,"Burrow is an absolute moron if he comes back this year There’s zero reason for Burrow to come back this year.  Why risk further injury for a season that’s already over and a defense that can’t beat the Ravens, Bills, Pats or even the lowly Fins.  Rest up.  Get back to 100%.  Hope this team loses out so they can get higher draft picks, including an offensive line.  And come back for minicamps.   If we're already eliminated from the playoff, he should sit the rest of the year. Just keep losing and get a high draft pick.",9445779.0,neutral,0.168,0.791,0.041,-0.9118
1oz143v,1763337639.0,39646,0.93,101,Fact,"Burrow is an absolute moron if he comes back this year There’s zero reason for Burrow to come back this year.  Why risk further injury for a season that’s already over and a defense that can’t beat the Ravens, Bills, Pats or even the lowly Fins.  Rest up.  Get back to 100%.  Hope this team loses out so they can get higher draft picks, including an offensive line.  And come back for minicamps.   If he is healthy, he'll play.   He's not sitting just because",3760820.0,neutral,0.159,0.743,0.098,-0.7096
1oz143v,1763337217.0,18901,0.93,101,Fact,"Burrow is an absolute moron if he comes back this year There’s zero reason for Burrow to come back this year.  Why risk further injury for a season that’s already over and a defense that can’t beat the Ravens, Bills, Pats or even the lowly Fins.  Rest up.  Get back to 100%.  Hope this team loses out so they can get higher draft picks, including an offensive line.  And come back for minicamps.   Tanking is the best option, best chance to get a true playmaker on defense and get rid of Taylor and Tobin",1792949.0,neutral,0.137,0.693,0.17,0.5719
1oz143v,1763337476.0,13830,0.93,101,Fact,"Burrow is an absolute moron if he comes back this year There’s zero reason for Burrow to come back this year.  Why risk further injury for a season that’s already over and a defense that can’t beat the Ravens, Bills, Pats or even the lowly Fins.  Rest up.  Get back to 100%.  Hope this team loses out so they can get higher draft picks, including an offensive line.  And come back for minicamps.   Watch us somehow get to 9-8 and not make it to the playoffs or get a high draft pick like typical Bengals fashion.",1311914.0,neutral,0.145,0.79,0.065,-0.8176
1oz143v,1763337296.0,11064,0.93,101,Fact,"Burrow is an absolute moron if he comes back this year There’s zero reason for Burrow to come back this year.  Why risk further injury for a season that’s already over and a defense that can’t beat the Ravens, Bills, Pats or even the lowly Fins.  Rest up.  Get back to 100%.  Hope this team loses out so they can get higher draft picks, including an offensive line.  And come back for minicamps.   I respect him for wanting to come back. But why even bother. The defense is giving up 33+ points a game. I’m not confident we can win another game. Why risk another injury? Call it what it is, pack it up and move on. The bengals organization knew the defense was bad last year and was going to be bad again. They didn’t do anything to address that and now we have a **historically** bad defense because of it. Oh right, we hired Al Golden.

“Maybe next year” is the unofficial mantra of this football team",1049531.0,neutral,0.19,0.716,0.094,-0.964
1oz143v,1763337421.0,4149,0.93,101,Fact,"Burrow is an absolute moron if he comes back this year There’s zero reason for Burrow to come back this year.  Why risk further injury for a season that’s already over and a defense that can’t beat the Ravens, Bills, Pats or even the lowly Fins.  Rest up.  Get back to 100%.  Hope this team loses out so they can get higher draft picks, including an offensive line.  And come back for minicamps.   I think he should still get a little run in December to get some reps before the offseason. Don't really want him playing next year not throwing a pass in a game in 11 months",393574.0,positive,0.146,0.798,0.056,-0.8546
1oz143v,1763337279.0,3688,0.93,101,Fact,"Burrow is an absolute moron if he comes back this year There’s zero reason for Burrow to come back this year.  Why risk further injury for a season that’s already over and a defense that can’t beat the Ravens, Bills, Pats or even the lowly Fins.  Rest up.  Get back to 100%.  Hope this team loses out so they can get higher draft picks, including an offensive line.  And come back for minicamps.   No point now.  They needed to win today to even have a Lloyd Christmas chance.

![gif](giphy|cT9tZDsVQL1II)",349844.0,neutral,0.174,0.728,0.099,-0.7712
1oz143v,1763337289.0,2766,0.93,101,Fact,"Burrow is an absolute moron if he comes back this year There’s zero reason for Burrow to come back this year.  Why risk further injury for a season that’s already over and a defense that can’t beat the Ravens, Bills, Pats or even the lowly Fins.  Rest up.  Get back to 100%.  Hope this team loses out so they can get higher draft picks, including an offensive line.  And come back for minicamps.   Unless he wins out, but that ain't happening.  At best he'd be rusty a couple of games.",262383.0,negative,0.156,0.787,0.057,-0.8272
1oz143v,1763337424.0,5532,0.93,101,Fact,"Burrow is an absolute moron if he comes back this year There’s zero reason for Burrow to come back this year.  Why risk further injury for a season that’s already over and a defense that can’t beat the Ravens, Bills, Pats or even the lowly Fins.  Rest up.  Get back to 100%.  Hope this team loses out so they can get higher draft picks, including an offensive line.  And come back for minicamps.   In a highly functioning organization no coach or front office would even let him have a say.  However, we are the Bengals.",524766.0,negative,0.171,0.786,0.042,-0.9093
1oz143v,1763337342.0,2305,0.93,101,Fact,"Burrow is an absolute moron if he comes back this year There’s zero reason for Burrow to come back this year.  Why risk further injury for a season that’s already over and a defense that can’t beat the Ravens, Bills, Pats or even the lowly Fins.  Rest up.  Get back to 100%.  Hope this team loses out so they can get higher draft picks, including an offensive line.  And come back for minicamps.   If Burrow is healthy, there's no way in hell they're keeping him off the field. He will want to be out there and whether any of us agree with it, the organization wouldn't have enough backbone to tell him no even if they think that's the right move.",218652.0,negative,0.174,0.748,0.078,-0.926
1oz143v,1763338193.0,3227,0.93,101,Fact,"Burrow is an absolute moron if he comes back this year There’s zero reason for Burrow to come back this year.  Why risk further injury for a season that’s already over and a defense that can’t beat the Ravens, Bills, Pats or even the lowly Fins.  Rest up.  Get back to 100%.  Hope this team loses out so they can get higher draft picks, including an offensive line.  And come back for minicamps.   Burrow is an absolute moron if he sticks around here in general.",306113.0,negative,0.192,0.763,0.045,-0.9217
1oz143v,1763342648.0,1383,0.93,101,Fact,"Burrow is an absolute moron if he comes back this year There’s zero reason for Burrow to come back this year.  Why risk further injury for a season that’s already over and a defense that can’t beat the Ravens, Bills, Pats or even the lowly Fins.  Rest up.  Get back to 100%.  Hope this team loses out so they can get higher draft picks, including an offensive line.  And come back for minicamps.   I haven’t been this hopeless about the Bengals since Carson Palmer got hurt that one time.",131191.0,negative,0.217,0.74,0.043,-0.9509
1oz143v,1763339757.0,922,0.93,101,Fact,"Burrow is an absolute moron if he comes back this year There’s zero reason for Burrow to come back this year.  Why risk further injury for a season that’s already over and a defense that can’t beat the Ravens, Bills, Pats or even the lowly Fins.  Rest up.  Get back to 100%.  Hope this team loses out so they can get higher draft picks, including an offensive line.  And come back for minicamps.   If Burrow can play, they’ll play him just for the revenue increase.…but a player needs to play, he needs snaps and game time.",87461.0,neutral,0.141,0.752,0.106,-0.5859
1oz143v,1763345039.0,922,0.93,101,Fact,"Burrow is an absolute moron if he comes back this year There’s zero reason for Burrow to come back this year.  Why risk further injury for a season that’s already over and a defense that can’t beat the Ravens, Bills, Pats or even the lowly Fins.  Rest up.  Get back to 100%.  Hope this team loses out so they can get higher draft picks, including an offensive line.  And come back for minicamps.   I’m a moron if I watch this team again this year",87461.0,neutral,0.198,0.755,0.047,-0.9217
1oz143v,1763350649.0,922,0.93,101,Fact,"Burrow is an absolute moron if he comes back this year There’s zero reason for Burrow to come back this year.  Why risk further injury for a season that’s already over and a defense that can’t beat the Ravens, Bills, Pats or even the lowly Fins.  Rest up.  Get back to 100%.  Hope this team loses out so they can get higher draft picks, including an offensive line.  And come back for minicamps.   As a bengals fan, We will all be here when Burrow requests a trade and the rams trade for him with Stafford getting old, the rams becoming a dynasty. I see the rams giving the bengals 2 first round picks and the bengals wasting those picks",87461.0,negative,0.141,0.788,0.071,-0.8402
1oz143v,1763345481.0,1383,0.93,101,Fact,"Burrow is an absolute moron if he comes back this year There’s zero reason for Burrow to come back this year.  Why risk further injury for a season that’s already over and a defense that can’t beat the Ravens, Bills, Pats or even the lowly Fins.  Rest up.  Get back to 100%.  Hope this team loses out so they can get higher draft picks, including an offensive line.  And come back for minicamps.   You do understand that he signed a contract for $53 MILLION per year?  Season ticket holders, vendors, tax payers and those that support the team pay him to be on the field when physically able.

I get the entire argument regarding jeopardizing his career, but that’s not how it’s supposed to work.  Under that silly philosophy, the entire team, to include the rosters of ten other teams should just sit at home on game days.

Any and every professional (hence GETTING PAID) should play whenever physically capable.  It’s a “team game” based on individual contracts.  You cash the checks, you strap on the helmet.",131191.0,negative,0.074,0.857,0.069,0.2617
1oz143v,1763337326.0,1383,0.93,101,Fact,"Burrow is an absolute moron if he comes back this year There’s zero reason for Burrow to come back this year.  Why risk further injury for a season that’s already over and a defense that can’t beat the Ravens, Bills, Pats or even the lowly Fins.  Rest up.  Get back to 100%.  Hope this team loses out so they can get higher draft picks, including an offensive line.  And come back for minicamps.   but you're not considering my fantasy team",131191.0,neutral,0.128,0.834,0.038,-0.6705
1oz143v,1763339295.0,922,0.93,101,Fact,"Burrow is an absolute moron if he comes back this year There’s zero reason for Burrow to come back this year.  Why risk further injury for a season that’s already over and a defense that can’t beat the Ravens, Bills, Pats or even the lowly Fins.  Rest up.  Get back to 100%.  Hope this team loses out so they can get higher draft picks, including an offensive line.  And come back for minicamps.   https://preview.redd.it/33y6bgo1pp1g1.jpeg?width=406&format=pjpg&auto=webp&s=9228cfa1092bb79092886a6ac70f23ab09f3bebf",87461.0,negative,0.184,0.764,0.053,-0.875
1oz143v,1763339714.0,922,0.93,101,Fact,"Burrow is an absolute moron if he comes back this year There’s zero reason for Burrow to come back this year.  Why risk further injury for a season that’s already over and a defense that can’t beat the Ravens, Bills, Pats or even the lowly Fins.  Rest up.  Get back to 100%.  Hope this team loses out so they can get higher draft picks, including an offensive line.  And come back for minicamps.   I don’t want Burrow to get hurt again but as long as he is 100% healthy he should come back.   I think people underestimate what ‘sitting out’ can do to a player.  Even for someone as great as Burrow missing almost an entire season can get you out of rhythm.   I would rather he comes back and plays a couple of games looks good and carries some Momentum into next year.  It’s not like we are going to win all the games he plays and screw up a draft pick, our defense still sucks.",87461.0,negative,0.135,0.712,0.153,0.8092
1oz143v,1763340356.0,461,0.93,101,Fact,"Burrow is an absolute moron if he comes back this year There’s zero reason for Burrow to come back this year.  Why risk further injury for a season that’s already over and a defense that can’t beat the Ravens, Bills, Pats or even the lowly Fins.  Rest up.  Get back to 100%.  Hope this team loses out so they can get higher draft picks, including an offensive line.  And come back for minicamps.   Burrow is a competitor at the highest level. He ain't sittin'",43730.0,neutral,0.166,0.787,0.047,-0.875
1oz0r2u,1763337161.0,14478,0.98,35,Fact,This graphic says it all  https://preview.redd.it/nfafezqoip1g1.jpeg?width=320&format=pjpg&auto=webp&s=ca28b465b46ac143e996f9e5d7f16dc3cc5d2a2e,510784.0,negative,0.0,1.0,0.0,0.0
1oz0r2u,1763339394.0,5842,0.98,35,Fact,"This graphic says it all  That first stat hits hard when you realize like 1500 total seasons have been played since 1966, and in that stat we're at the absolute bottom.",206106.0,negative,0.041,0.816,0.143,0.5423
1oz0r2u,1763336785.0,13462,0.98,35,Fact,"This graphic says it all  I’m not really big on criticizing individual players

But at this point I am not sure what Geno Stone is still doing being on an NFL roster. Today was the worst game I’ve ever seen from a professional athlete and it was from him",474939.0,negative,0.185,0.815,0.0,-0.8743
1oz0r2u,1763337218.0,3048,0.98,35,Fact,This graphic says it all  Genuinely I think the local beer league flag football team would be able to sustain a drive against this defense.,107533.0,negative,0.0,0.931,0.069,0.1593
1oz0r2u,1763347565.0,1778,0.98,35,Fact,"This graphic says it all  I just don’t understand how it got worse. It was so bad, but FO found a way to make it worse.",62728.0,negative,0.299,0.701,0.0,-0.8379
1oz0r2u,1763348950.0,1270,0.98,35,Fact,"This graphic says it all  These feel like they were stats last year as well; they just scored a shit load of points so it felt better.

Crazy we act all shocked and shaken when the defense performs exactly as it was predicted to.  They made no upgrades, and now the offense can't overcome it.",44806.0,negative,0.206,0.656,0.138,-0.5478
1oz0r2u,1763343434.0,1016,0.98,35,Fact,This graphic says it all  That last stat.,35844.0,negative,0.0,1.0,0.0,0.0
1oz0r2u,1763404412.0,762,0.98,35,Fact,"This graphic says it all  https://preview.redd.it/9m1j6nzn2v1g1.jpeg?width=4080&format=pjpg&auto=webp&s=3f38826a8755fa2c844b83f5a2ac8fd77585f6de

LOL

I took exactly the same picture yesterday...",26883.0,negative,0.0,0.773,0.227,0.5473
1oz0r2u,1763355525.0,508,0.98,35,Fact,"This graphic says it all  The defense sucks, but they gave up 20 points in this game so thinking that's the whole problem will just end in tears.",17922.0,negative,0.233,0.729,0.038,-0.7506
1oz0r2u,1763430046.0,508,0.98,35,Fact,This graphic says it all  Just a terrible defense,17922.0,neutral,0.292,0.566,0.142,-0.3818
1oz0r2u,1763487244.0,508,0.98,35,Fact,"This graphic says it all  At my first quick glance I thought the first stat read, 33rd in points allowed per game which kinda would've been accurate",17922.0,negative,0.0,1.0,0.0,0.0
1oz0r2u,1763574958.0,508,0.98,35,Fact,"This graphic says it all  ESPN went through some plays by the Jets and Bears showing just how out coached and terrible the Bengals defense is.  Al Golden had no idea what he is doing. He had the luxury of the best players in college, and that is it.",17922.0,negative,0.093,0.772,0.135,0.34
1oz0r2u,1763360723.0,254,0.98,35,Fact,"This graphic says it all  At this point... ""Marvin Lewis was the best thing to happen to The Cincinnati Bengals"" should start to trend???!!!   smh",8961.0,negative,0.074,0.744,0.182,0.6504
1oz0r2u,1763430026.0,254,0.98,35,Fact,This graphic says it all  ![gif](giphy|Jq7WUBf71Gju1vTe2A),8961.0,negative,0.0,1.0,0.0,0.0
1oz0ihq,1763336203.0,12070,0.96,74,Football,"LA Rams post-Super Bowl rebuild Watching the Rams/Seahawks game it's really depressing seeing how Los Angeles has already rebuilt their team for another Super Bowl run behind Stafford and we can't field a competent defense or employ competent coaches. Duke and Katie really screwed this up. I think Joe Burrow could win despite a bad head coach but he cannot overcome both a bad head coach and an incompetent front office, it's just too much",869040.0,negative,0.149,0.726,0.126,0.0155
1oz0ihq,1763335589.0,14058,0.96,74,Football,"LA Rams post-Super Bowl rebuild Watching the Rams/Seahawks game it's really depressing seeing how Los Angeles has already rebuilt their team for another Super Bowl run behind Stafford and we can't field a competent defense or employ competent coaches. Duke and Katie really screwed this up. difference of ownership who wants to win and doesn't get involved in gm duties and an ownership who doesn't want to win, but is involved in gm duties",1012176.0,negative,0.117,0.793,0.09,0.202
1oz0ihq,1763335682.0,6390,0.96,74,Football,LA Rams post-Super Bowl rebuild Watching the Rams/Seahawks game it's really depressing seeing how Los Angeles has already rebuilt their team for another Super Bowl run behind Stafford and we can't field a competent defense or employ competent coaches. Duke and Katie really screwed this up. If we had a coach like McVay and a competent front office like they do then we’d be a dynasty and Joe Burrow would be eclipsing Mahomes status,460080.0,negative,0.163,0.73,0.107,-0.4102
1oz0ihq,1763335554.0,9372,0.96,74,Football,LA Rams post-Super Bowl rebuild Watching the Rams/Seahawks game it's really depressing seeing how Los Angeles has already rebuilt their team for another Super Bowl run behind Stafford and we can't field a competent defense or employ competent coaches. Duke and Katie really screwed this up. First start of their rebuild was getting rid of the quarterback coach… 3 years in advance,674784.0,negative,0.168,0.776,0.056,-0.6985
1oz0ihq,1763337102.0,3266,0.96,74,Football,"LA Rams post-Super Bowl rebuild Watching the Rams/Seahawks game it's really depressing seeing how Los Angeles has already rebuilt their team for another Super Bowl run behind Stafford and we can't field a competent defense or employ competent coaches. Duke and Katie really screwed this up. It's funny because they were supposed to be the team that sold their future, and we were supposed to be playing with house money. With competent ownership at least one of those things would be true.",235152.0,negative,0.142,0.739,0.119,-0.0624
1oz0ihq,1763336671.0,1704,0.96,74,Football,LA Rams post-Super Bowl rebuild Watching the Rams/Seahawks game it's really depressing seeing how Los Angeles has already rebuilt their team for another Super Bowl run behind Stafford and we can't field a competent defense or employ competent coaches. Duke and Katie really screwed this up. The Rams know how to draft well and build a team that performs well in the trenches. The Bengals pretty much set their draft picks on fire within the same time frame.,122688.0,negative,0.154,0.722,0.124,-0.1974
1oz0ihq,1763335697.0,4118,0.96,74,Football,LA Rams post-Super Bowl rebuild Watching the Rams/Seahawks game it's really depressing seeing how Los Angeles has already rebuilt their team for another Super Bowl run behind Stafford and we can't field a competent defense or employ competent coaches. Duke and Katie really screwed this up. Boycott the team. Hurt their bottom dollar. Send a message,296496.0,negative,0.258,0.684,0.058,-0.888
1oz0ihq,1763336744.0,1704,0.96,74,Football,"LA Rams post-Super Bowl rebuild Watching the Rams/Seahawks game it's really depressing seeing how Los Angeles has already rebuilt their team for another Super Bowl run behind Stafford and we can't field a competent defense or employ competent coaches. Duke and Katie really screwed this up. You're comparing a rich owner who does everything to win vs a nepobaby who thinks being cheap is a virtue, is never serious about winning, has never won it all, and has no clue how to run a team besides how his dad used to do it in the 60s

*like the rams have no fans, LA barely cares but it doesn't matter for Kroenke he at least does it for himself and he did everything he could to get his SB in LA",122688.0,negative,0.12,0.792,0.087,-0.1339
1oz0ihq,1763336650.0,1704,0.96,74,Football,LA Rams post-Super Bowl rebuild Watching the Rams/Seahawks game it's really depressing seeing how Los Angeles has already rebuilt their team for another Super Bowl run behind Stafford and we can't field a competent defense or employ competent coaches. Duke and Katie really screwed this up. They hit their picks.  Bengals missed on all their picks.  Simple as that,122688.0,negative,0.202,0.741,0.057,-0.7894
1oz0ihq,1763338150.0,1420,0.96,74,Football,"LA Rams post-Super Bowl rebuild Watching the Rams/Seahawks game it's really depressing seeing how Los Angeles has already rebuilt their team for another Super Bowl run behind Stafford and we can't field a competent defense or employ competent coaches. Duke and Katie really screwed this up. Full on rebuild too. No more Kupp, Donald, Ramsey, OBJ. Literally 1 starter on defense on the team now, and only 3 offensive starters (Stafford, Higbee, 1 offensive lineman.)",102240.0,negative,0.247,0.708,0.045,-0.9239
1oz0ihq,1763338079.0,852,0.96,74,Football,"LA Rams post-Super Bowl rebuild Watching the Rams/Seahawks game it's really depressing seeing how Los Angeles has already rebuilt their team for another Super Bowl run behind Stafford and we can't field a competent defense or employ competent coaches. Duke and Katie really screwed this up. You also look at the Bills and Chiefs, we were part of the big three including them a couple years ago, how far we’ve fallen from both teams would’ve seemed impossible back then",61344.0,negative,0.161,0.795,0.044,-0.8063
1oz0ihq,1763351587.0,994,0.96,74,Football,"LA Rams post-Super Bowl rebuild Watching the Rams/Seahawks game it's really depressing seeing how Los Angeles has already rebuilt their team for another Super Bowl run behind Stafford and we can't field a competent defense or employ competent coaches. Duke and Katie really screwed this up. They mortgaged their future, won the Super Bowl, are top competitors in the NFC this year and have a higher pick in the draft than us right now.

Such a huge difference in front office’s ",71568.0,negative,0.163,0.679,0.158,0.1248
1oz0ihq,1763340441.0,1136,0.96,74,Football,"LA Rams post-Super Bowl rebuild Watching the Rams/Seahawks game it's really depressing seeing how Los Angeles has already rebuilt their team for another Super Bowl run behind Stafford and we can't field a competent defense or employ competent coaches. Duke and Katie really screwed this up. Rams are hitting homeruns with alot of their draft picks. Im jealous of their system. 
The entire D line is made up of draft picks on rookie deals!! verse, young, turner and fiske. 
Throw in kinchens at s and curl plus a ton of others and wtf 
Nacua a 5th rounder?! Lol.",81792.0,negative,0.176,0.763,0.061,-0.8923
1oz0ihq,1763336716.0,852,0.96,74,Football,"LA Rams post-Super Bowl rebuild Watching the Rams/Seahawks game it's really depressing seeing how Los Angeles has already rebuilt their team for another Super Bowl run behind Stafford and we can't field a competent defense or employ competent coaches. Duke and Katie really screwed this up. The remaining games at Paycor need to be 50%+ empty, or majority the opposing teams fans if people really want to send a message",61344.0,negative,0.171,0.76,0.07,-0.7173
1oz0ihq,1763344950.0,852,0.96,74,Football,"LA Rams post-Super Bowl rebuild Watching the Rams/Seahawks game it's really depressing seeing how Los Angeles has already rebuilt their team for another Super Bowl run behind Stafford and we can't field a competent defense or employ competent coaches. Duke and Katie really screwed this up. Another team that really impresses is the Denver broncos. After the Russell mess and all the lost draft picks, money, good will, I assumed it would take years to recover.  WOW",61344.0,negative,0.173,0.672,0.155,0.3063
1oz0ihq,1763336385.0,710,0.96,74,Football,LA Rams post-Super Bowl rebuild Watching the Rams/Seahawks game it's really depressing seeing how Los Angeles has already rebuilt their team for another Super Bowl run behind Stafford and we can't field a competent defense or employ competent coaches. Duke and Katie really screwed this up. We really should be in dynasty mode,51120.0,negative,0.19,0.747,0.063,-0.6985
1oz0ihq,1763353594.0,568,0.96,74,Football,"LA Rams post-Super Bowl rebuild Watching the Rams/Seahawks game it's really depressing seeing how Los Angeles has already rebuilt their team for another Super Bowl run behind Stafford and we can't field a competent defense or employ competent coaches. Duke and Katie really screwed this up. We do not have football people, we don't even have smart people, we don't even have basic competencies.

It's depressing but were basically fucked, Burrow was the test case if extreme talent could get us over the hump.

I think with a good coach, maybe, but Taylor plus the Browns doomed it.",40896.0,negative,0.204,0.711,0.086,-0.896
1oz0ihq,1763376522.0,568,0.96,74,Football,"LA Rams post-Super Bowl rebuild Watching the Rams/Seahawks game it's really depressing seeing how Los Angeles has already rebuilt their team for another Super Bowl run behind Stafford and we can't field a competent defense or employ competent coaches. Duke and Katie really screwed this up. Rebuild? According to Zac Taylor, everything was fine after the loss",40896.0,negative,0.207,0.709,0.084,-0.7415
1oz0ihq,1763350978.0,426,0.96,74,Football,"LA Rams post-Super Bowl rebuild Watching the Rams/Seahawks game it's really depressing seeing how Los Angeles has already rebuilt their team for another Super Bowl run behind Stafford and we can't field a competent defense or employ competent coaches. Duke and Katie really screwed this up. I'm an outsider here and I just wanted to say I'm sorry about having to root for this team. I've been stuck rooting for shitty teams a lot. I know a lot of homers defend anything Bengals related here, but I give the organization zero slack. Ownership, coaching, FO....all shit.

I would say at least you have an elite QB and arguably the best WR in the game as it's awful to not have a shred of hope...but I'm sure most here would argue having that hope and getting your soul crushed every year is worse",30672.0,negative,0.216,0.694,0.09,-0.9431
1oz0ihq,1763356142.0,426,0.96,74,Football,"LA Rams post-Super Bowl rebuild Watching the Rams/Seahawks game it's really depressing seeing how Los Angeles has already rebuilt their team for another Super Bowl run behind Stafford and we can't field a competent defense or employ competent coaches. Duke and Katie really screwed this up. As a rams fan I think the funniest thing is that this is probably at least 75% because the media bullied Mcvay relentlessly for ""not wanting to oversee a rebuild after destroying the team"" and ended up creating a monster lol. I'm convinced he probably ends up pulling a vermeil and briefly retiring the summer after that 22 season if guys like florio weren't constantly calling him a quiter. Like the rams were good drafting in the later rounds his entire tenure but since 23 him and snead have been batting almost .1000",30672.0,negative,0.09,0.792,0.117,0.4606
1oz093k,1763334865.0,197856,0.92,339,Fact,"Chase spit at Ramsey before the punch You can see it clearly in this view:
https://www.tiktok.com/t/ZTMKm3HUF/

I obviously hate the Steelers but it looks like Chase had this one coming. Aren’t we already embarrassing ourselves enough?  Well that's not a good look for chase",61889357.0,negative,0.168,0.684,0.147,-0.2753
1oz093k,1763337529.0,35424,0.92,339,Fact,"Chase spit at Ramsey before the punch You can see it clearly in this view:
https://www.tiktok.com/t/ZTMKm3HUF/

I obviously hate the Steelers but it looks like Chase had this one coming. Aren’t we already embarrassing ourselves enough?  Don’t forget that Ja’Maar Chase is the reason Steelers fans were just calling Ramsey washed in week 7…..",11080627.0,negative,0.132,0.784,0.083,-0.4588
1oz093k,1763334956.0,56160,0.92,339,Fact,"Chase spit at Ramsey before the punch You can see it clearly in this view:
https://www.tiktok.com/t/ZTMKm3HUF/

I obviously hate the Steelers but it looks like Chase had this one coming. Aren’t we already embarrassing ourselves enough?  Season is already over so at least it won’t matter when he gets suspended. Still, it’s a pretty damn stupid thing to do",17566848.0,negative,0.236,0.627,0.138,-0.8591
1oz093k,1763337798.0,37152,0.92,339,Fact,"Chase spit at Ramsey before the punch You can see it clearly in this view:
https://www.tiktok.com/t/ZTMKm3HUF/

I obviously hate the Steelers but it looks like Chase had this one coming. Aren’t we already embarrassing ourselves enough?  Zac done lost the locker room. Duke is hoping for the draft. Katie is just hoping you guys still buy tickets and merch.",11621146.0,negative,0.12,0.706,0.173,0.5859
1oz093k,1763334840.0,62640,0.92,339,Fact,"Chase spit at Ramsey before the punch You can see it clearly in this view:
https://www.tiktok.com/t/ZTMKm3HUF/

I obviously hate the Steelers but it looks like Chase had this one coming. Aren’t we already embarrassing ourselves enough?  I assume he'll be suspended.",19593792.0,negative,0.202,0.694,0.104,-0.7003
1oz093k,1763334887.0,119664,0.92,339,Fact,"Chase spit at Ramsey before the punch You can see it clearly in this view:
https://www.tiktok.com/t/ZTMKm3HUF/

I obviously hate the Steelers but it looks like Chase had this one coming. Aren’t we already embarrassing ourselves enough?  I mean he said “I ain’t spit on nobody.” Ramsey is a nobody 🤷",37430899.0,negative,0.109,0.795,0.096,-0.1655
1oz093k,1763345323.0,8208,0.92,339,Fact,"Chase spit at Ramsey before the punch You can see it clearly in this view:
https://www.tiktok.com/t/ZTMKm3HUF/

I obviously hate the Steelers but it looks like Chase had this one coming. Aren’t we already embarrassing ourselves enough?  To do it and straight up lie after the game when there are cameras everywhere is high level stupidity.",2567462.0,negative,0.148,0.738,0.115,-0.4854
1oz093k,1763335567.0,15552,0.92,339,Fact,"Chase spit at Ramsey before the punch You can see it clearly in this view:
https://www.tiktok.com/t/ZTMKm3HUF/

I obviously hate the Steelers but it looks like Chase had this one coming. Aren’t we already embarrassing ourselves enough?  Man this season has just been one big nightmare.",4864666.0,negative,0.113,0.787,0.1,-0.1655
1oz093k,1763334876.0,47520,0.92,339,Fact,"Chase spit at Ramsey before the punch You can see it clearly in this view:
https://www.tiktok.com/t/ZTMKm3HUF/

I obviously hate the Steelers but it looks like Chase had this one coming. Aren’t we already embarrassing ourselves enough?  So disappointed in him",14864256.0,negative,0.209,0.688,0.103,-0.7383
1oz093k,1763346298.0,4752,0.92,339,Fact,"Chase spit at Ramsey before the punch You can see it clearly in this view:
https://www.tiktok.com/t/ZTMKm3HUF/

I obviously hate the Steelers but it looks like Chase had this one coming. Aren’t we already embarrassing ourselves enough?  I straight up do not care.",1486426.0,negative,0.182,0.671,0.147,-0.4102
1oz093k,1763356411.0,4320,0.92,339,Fact,"Chase spit at Ramsey before the punch You can see it clearly in this view:
https://www.tiktok.com/t/ZTMKm3HUF/

I obviously hate the Steelers but it looks like Chase had this one coming. Aren’t we already embarrassing ourselves enough?  Dumb thing to do but Ramsey also has an entire highlight reel of making dudes do out of character things to him so forgive me if I don’t clutch my pearls",1351296.0,negative,0.127,0.725,0.148,0.156
1oz093k,1763347532.0,2160,0.92,339,Fact,"Chase spit at Ramsey before the punch You can see it clearly in this view:
https://www.tiktok.com/t/ZTMKm3HUF/

I obviously hate the Steelers but it looks like Chase had this one coming. Aren’t we already embarrassing ourselves enough?  ZT lost the locker room in all forms. Ladies and gents, our team captain.",675648.0,negative,0.151,0.761,0.088,-0.5574
1oz093k,1763335390.0,42768,0.92,339,Fact,"Chase spit at Ramsey before the punch You can see it clearly in this view:
https://www.tiktok.com/t/ZTMKm3HUF/

I obviously hate the Steelers but it looks like Chase had this one coming. Aren’t we already embarrassing ourselves enough?  Who cares? Ramsey is a bitch. FTS.",13377830.0,negative,0.204,0.632,0.164,-0.4956
1oz093k,1763335401.0,6912,0.92,339,Fact,"Chase spit at Ramsey before the punch You can see it clearly in this view:
https://www.tiktok.com/t/ZTMKm3HUF/

I obviously hate the Steelers but it looks like Chase had this one coming. Aren’t we already embarrassing ourselves enough?  First and foremost fuck Jalen Ramsey however Chase also had no reason to do that",2162074.0,negative,0.213,0.705,0.082,-0.8481
1oz093k,1763337038.0,7344,0.92,339,Fact,"Chase spit at Ramsey before the punch You can see it clearly in this view:
https://www.tiktok.com/t/ZTMKm3HUF/

I obviously hate the Steelers but it looks like Chase had this one coming. Aren’t we already embarrassing ourselves enough?  My take on that is pretty simple. You shouldn’t spit on people. That’s not a cool thing to do. 

Everyone in the world has beef with Jalen Ramsey. I think Chase did something dumb to someone who tries his best to get these kind of reactions from people. Bad look doesn’t change my opinion of him if it’s an isolated incident. 

If he gets suspended a game at least it’s when we are 3-7",2297203.0,negative,0.182,0.705,0.113,-0.8516
1oz093k,1763339264.0,6912,0.92,339,Fact,"Chase spit at Ramsey before the punch You can see it clearly in this view:
https://www.tiktok.com/t/ZTMKm3HUF/

I obviously hate the Steelers but it looks like Chase had this one coming. Aren’t we already embarrassing ourselves enough?  If there’s one negative in Ja’Marrs game it that when teams are able to shut him down he starts to act like a bitch",2162074.0,negative,0.212,0.677,0.111,-0.8641
1oz093k,1763337074.0,6048,0.92,339,Fact,"Chase spit at Ramsey before the punch You can see it clearly in this view:
https://www.tiktok.com/t/ZTMKm3HUF/

I obviously hate the Steelers but it looks like Chase had this one coming. Aren’t we already embarrassing ourselves enough?  Just immature and a perfect example of us collapsing in on ourselves.",1891814.0,negative,0.146,0.681,0.173,0.3818
1oz093k,1763342040.0,1728,0.92,339,Fact,"Chase spit at Ramsey before the punch You can see it clearly in this view:
https://www.tiktok.com/t/ZTMKm3HUF/

I obviously hate the Steelers but it looks like Chase had this one coming. Aren’t we already embarrassing ourselves enough?  I’m sure Ja’Marr will be hearing from the league office and if true, he deserves what he gets …. Roger Goddell will land in him like a ton of Bibles….",540518.0,negative,0.074,0.733,0.193,0.85
1oz093k,1763335232.0,6480,0.92,339,Fact,"Chase spit at Ramsey before the punch You can see it clearly in this view:
https://www.tiktok.com/t/ZTMKm3HUF/

I obviously hate the Steelers but it looks like Chase had this one coming. Aren’t we already embarrassing ourselves enough?  This team, amongst many items, is so severely lacking leadership it’s crazy. Next head coach will have to be an iron clad hard-ass",2026944.0,negative,0.199,0.73,0.072,-0.8764
1oxvrk1,1763224159.0,47355,0.98,266,Fact,"Shemar Stewart is headed to IR due to a knee injury, per Tom Pelissero  He will be buried on a depth chart,  on a team like the Jaguars, in 2 years",12390909.0,negative,0.092,0.825,0.083,-0.0772
1oxvrk1,1763225622.0,38171,0.98,266,Fact,"Shemar Stewart is headed to IR due to a knee injury, per Tom Pelissero  Why does Duke Tobin still have a job? Half of this sub could out draft Tobin at this point",9987824.0,negative,0.085,0.915,0.0,-0.4215
1oxvrk1,1763223628.0,148379,0.98,266,Fact,"Shemar Stewart is headed to IR due to a knee injury, per Tom Pelissero  This guy will 100% be a bust lmao",38824849.0,neutral,0.113,0.729,0.158,0.2732
1oxvrk1,1763223657.0,41041,0.98,266,Fact,"Shemar Stewart is headed to IR due to a knee injury, per Tom Pelissero  What a great great great use of a first round pick. Certainly no concerns on production coming out of college. Also great start with the team! No contract disputes as a rookie with no leverage!! 

What a disaster",10738788.0,neutral,0.219,0.505,0.276,0.795
1oxvrk1,1763225485.0,12628,0.98,266,Fact,"Shemar Stewart is headed to IR due to a knee injury, per Tom Pelissero  Can we start drafting the best player available instead of these “potential reaches”",3304242.0,negative,0.09,0.774,0.135,0.34
1oxvrk1,1763223779.0,19229,0.98,266,Fact,"Shemar Stewart is headed to IR due to a knee injury, per Tom Pelissero  Really wish we hadn't used a first round pick on this guy",5031460.0,negative,0.101,0.792,0.108,0.0498
1oxvrk1,1763223735.0,24108,0.98,266,Fact,"Shemar Stewart is headed to IR due to a knee injury, per Tom Pelissero  Bro better be a monster next year like holy shit our drafts have been dick weiner shit balls the last couple years",6308099.0,negative,0.285,0.6,0.116,-0.836
1oxvrk1,1763224406.0,4305,0.98,266,Fact,"Shemar Stewart is headed to IR due to a knee injury, per Tom Pelissero  Whatever. He wasn't doing shit anyway. Give Ced more reps, and those other guys they were working with.",1126446.0,negative,0.081,0.835,0.084,0.032
1oxvrk1,1763224635.0,2870,0.98,266,Fact,"Shemar Stewart is headed to IR due to a knee injury, per Tom Pelissero  Masterclass disaster by Duke and co",750964.0,negative,0.289,0.711,0.0,-0.7845
1oxvrk1,1763223710.0,7749,0.98,266,Fact,"Shemar Stewart is headed to IR due to a knee injury, per Tom Pelissero  Certified bum",2027603.0,negative,0.167,0.833,0.0,-0.4215
1oxvrk1,1763223747.0,8610,0.98,266,Fact,"Shemar Stewart is headed to IR due to a knee injury, per Tom Pelissero  This dude sucks",2252893.0,negative,0.275,0.725,0.0,-0.6486
1oxvrk1,1763224181.0,1722,0.98,266,Fact,"Shemar Stewart is headed to IR due to a knee injury, per Tom Pelissero  Save me cedric please bro",450579.0,negative,0.12,0.644,0.236,0.4019
1oxvrk1,1763224703.0,2009,0.98,266,Fact,"Shemar Stewart is headed to IR due to a knee injury, per Tom Pelissero  This will go down as one of the least impactful first round picks ever.",525675.0,negative,0.097,0.903,0.0,-0.4215
1oxvrk1,1763223811.0,3157,0.98,266,Fact,"Shemar Stewart is headed to IR due to a knee injury, per Tom Pelissero  More birthdays than sacks",826061.0,negative,0.149,0.851,0.0,-0.4215
1oxvrk1,1763223912.0,7749,0.98,266,Fact,"Shemar Stewart is headed to IR due to a knee injury, per Tom Pelissero  all first round busts since ja’marr. one good 2nd rounder since tee. don’t even ask about the third round. that’s why they are where they are.",2027603.0,negative,0.066,0.867,0.068,0.0258
1oxvrk1,1763228289.0,1148,0.98,266,Fact,"Shemar Stewart is headed to IR due to a knee injury, per Tom Pelissero  Bwahahahahahahahahahahahahaha.

Not laughing at the player, wishing him a speedy recovery. 


Laughing my ass off at the Bengals.",300386.0,negative,0.229,0.641,0.131,-0.5897
1oxvrk1,1763228122.0,1435,0.98,266,Fact,"Shemar Stewart is headed to IR due to a knee injury, per Tom Pelissero  we need to create a draft day post where we list the top guys available and whoever has the most upvote each rounds is the choice and then we can compare to tobin",375482.0,negative,0.057,0.862,0.08,0.0258
1oxvrk1,1763257788.0,1435,0.98,266,Fact,"Shemar Stewart is headed to IR due to a knee injury, per Tom Pelissero  https://preview.redd.it/4tcjp4foyi1g1.jpeg?width=640&format=pjpg&auto=webp&s=1dbdd621cf2f982994f17fde1ed9977b6eaa0dca",375482.0,negative,0.177,0.823,0.0,-0.4215
1oxvrk1,1763224351.0,1435,0.98,266,Fact,"Shemar Stewart is headed to IR due to a knee injury, per Tom Pelissero  It's impressive how 1st round defensive picks haven't worked out here",375482.0,negative,0.099,0.745,0.156,0.1531
1oxvrk1,1763225343.0,1435,0.98,266,Fact,"Shemar Stewart is headed to IR due to a knee injury, per Tom Pelissero  What a fucking waste. And some of our fans had the nerve to say the FO knows better than us fans lol we ain’t smart but we’re smarter than them",375482.0,negative,0.079,0.725,0.195,0.6959
1ow5xim,1763054339.0,23604,0.99,28,Football,"FTS That time of the year again. #FTS (Also screw Minkah) One of my least favorite players in the league  https://preview.redd.it/7n0pugek521g1.jpeg?width=1428&format=pjpg&auto=webp&s=ff0bd3764107bfef22637e72bab9659b85d30308

The Ja’marr picture, and this one of AG in the middle of a dozen Pirates players are the 2 most iconic Cincy sports pictures of my lifetime IMO.

And they both carry the same message, fuck Pittsburgh.",677671.0,negative,0.122,0.878,0.0,-0.7491
1ow5xim,1763052690.0,16860,0.99,28,Football,FTS That time of the year again. #FTS (Also screw Minkah) One of my least favorite players in the league  Need Chase to break off 200 yards and a few TDs this weekend,484051.0,negative,0.115,0.885,0.0,-0.4367
1ow5xim,1763052990.0,7868,0.99,28,Football,FTS That time of the year again. #FTS (Also screw Minkah) One of my least favorite players in the league  FTS,225890.0,negative,0.17,0.83,0.0,-0.4367
1ow5xim,1763054314.0,5058,0.99,28,Football,"FTS That time of the year again. #FTS (Also screw Minkah) One of my least favorite players in the league  FTS, the chargers made them look like shit and their Oline is terrible too. Hopefully we can find a way to get some more Flacco magic against these bums!",145215.0,negative,0.187,0.723,0.09,-0.688
1ow5xim,1763054562.0,2810,0.99,28,Football,"FTS That time of the year again. #FTS (Also screw Minkah) One of my least favorite players in the league  Always and no matter what, FTS!",80675.0,negative,0.216,0.746,0.037,-0.6454
1ow5xim,1763054660.0,1686,0.99,28,Football,"FTS That time of the year again. #FTS (Also screw Minkah) One of my least favorite players in the league  I have a co-worker that is a Steelers fan, so when he came back from the government shutdown today, this picture is the first thing he saw when he got in his office",48405.0,positive,0.073,0.884,0.043,-0.1481
1ow5xim,1763062904.0,1124,0.99,28,Football,FTS That time of the year again. #FTS (Also screw Minkah) One of my least favorite players in the league  Always,32270.0,neutral,0.17,0.83,0.0,-0.4367
1ow5xim,1763073705.0,1124,0.99,28,Football,FTS That time of the year again. #FTS (Also screw Minkah) One of my least favorite players in the league  I just ask for one game where we punch a team in their mouth this season. And pray it's either the Steelers or Ravens.,32270.0,negative,0.086,0.863,0.051,-0.1481
1ow5xim,1763077190.0,1124,0.99,28,Football,FTS That time of the year again. #FTS (Also screw Minkah) One of my least favorite players in the league  Anyone know where I could get a good print of this for my wall,32270.0,negative,0.108,0.811,0.081,0.0052
1ow5xim,1763085098.0,1124,0.99,28,Football,FTS That time of the year again. #FTS (Also screw Minkah) One of my least favorite players in the league  I will never not love this picture... Or the Reds Puig one,32270.0,negative,0.112,0.808,0.079,-0.0329
1ow5xim,1763056240.0,562,0.99,28,Football,FTS That time of the year again. #FTS (Also screw Minkah) One of my least favorite players in the league  Finally…a post I can get down with,16135.0,negative,0.139,0.861,0.0,-0.4367
1ow5xim,1763093280.0,562,0.99,28,Football,"FTS That time of the year again. #FTS (Also screw Minkah) One of my least favorite players in the league  I reached out to this photographer for the high res file to purchase. Willing to spend a lot. No answer 😣

I’ve wanted it framed in my home since I saw it",16135.0,negative,0.118,0.855,0.027,-0.569
1ovymi3,1763038615.0,20580,0.98,42,Football,HA If the Defense just had a bit of a pulse. #WhoDey Now do the same for the QBs playing against the bengals,867241.0,negative,0.0,0.737,0.263,0.6633
1ovymi3,1763036610.0,20923,0.98,42,Football,"HA If the Defense just had a bit of a pulse. #WhoDey This is in part because of the same issue we had last year, constantly playing from behind or in close games, which is causing there to be more pass attempts since they don't have the luxury of trying to control the clock with the run game. Right now our offense is about 67% pass, 32% rush. Last year was 65-35. When we won the division in '22 it was a 62-38 split.",881695.0,negative,0.023,0.862,0.115,0.7983
1ovymi3,1763033716.0,19208,0.98,42,Football,"HA If the Defense just had a bit of a pulse. #WhoDey Burrow was like “uh, I’m gonna rush back.”",809425.0,positive,0.0,0.678,0.322,0.7297
1ovymi3,1763048056.0,3087,0.98,42,Football,HA If the Defense just had a bit of a pulse. #WhoDey And we'd still be 5-12 thanks to our defense,130086.0,neutral,0.0,0.624,0.376,0.7925
1ovymi3,1763040989.0,4116,0.98,42,Football,HA If the Defense just had a bit of a pulse. #WhoDey So if the browns ever wonder what it would be like to have Joe Burroe on their team...,173448.0,negative,0.0,0.778,0.222,0.7297
1ovymi3,1763039102.0,686,0.98,42,Football,HA If the Defense just had a bit of a pulse. #WhoDey Averaging 313 yards per game,28908.0,negative,0.0,0.737,0.263,0.5622
1ovymi3,1763041946.0,686,0.98,42,Football,"HA If the Defense just had a bit of a pulse. #WhoDey Joe Burrow is merely a system QB then 
/s",28908.0,negative,0.0,0.775,0.225,0.5622
1ovymi3,1763042745.0,686,0.98,42,Football,HA If the Defense just had a bit of a pulse. #WhoDey Elite.,28908.0,negative,0.0,0.66,0.34,0.5622
1ovymi3,1763047487.0,686,0.98,42,Football,HA If the Defense just had a bit of a pulse. #WhoDey Peyton Manning's NFL record season was 5477 YDs and 55 TDs 17 INTs for comparison.,28908.0,negative,0.0,0.832,0.168,0.5622
1ovymi3,1763053924.0,686,0.98,42,Football,HA If the Defense just had a bit of a pulse. #WhoDey Can’t play the Bears D every week unfortunately (said as a Bears fan),28908.0,neutral,0.091,0.643,0.266,0.5622
1ovymi3,1763128795.0,686,0.98,42,Football,HA If the Defense just had a bit of a pulse. #WhoDey Very skewed numbers. He's playing with the worst defense in history. Easy to put up monster stats when you have the ball back every 19 seconds.,28908.0,negative,0.091,0.668,0.241,0.5766
1ovymi3,1763041153.0,1372,0.98,42,Football,HA If the Defense just had a bit of a pulse. #WhoDey What happens when Burrow comes back and the offense looks worse. .,57816.0,negative,0.191,0.636,0.173,-0.1197
1ovymi3,1763040221.0,1372,0.98,42,Football,"HA If the Defense just had a bit of a pulse. #WhoDey Need to add: 2 Wins. 

Joe is too good for what this team is doing to him. Yeah, the other one too.",57816.0,neutral,0.0,0.659,0.341,0.9087
1ovymi3,1763035127.0,1372,0.98,42,Football,HA If the Defense just had a bit of a pulse. #WhoDey If only it worked that way.  Love Flacco but no way he holds up physically (and productively) for even half of a season.,57816.0,negative,0.076,0.763,0.161,0.277
1ovymi3,1763044033.0,343,0.98,42,Football,"HA If the Defense just had a bit of a pulse. #WhoDey Good thing Burrow is coming back to sway those numbers a little back into the Flock’s favor… holy fuck, Joe Wacco!!! 💜🤍",14454.0,neutral,0.09,0.694,0.216,0.6006
1ovymi3,1763088672.0,343,0.98,42,Football,HA If the Defense just had a bit of a pulse. #WhoDey They look like very familiar stats to the starting qb from last season haha,14454.0,negative,0.0,0.664,0.336,0.8455
1ovymi3,1763089414.0,343,0.98,42,Football,HA If the Defense just had a bit of a pulse. #WhoDey And Flacco costs $4m a year,14454.0,negative,0.0,0.737,0.263,0.5622
1ouq6yl,1762907708.0,42427,0.81,129,Football,"Can anyone explain to me why we have no big pickups like this? Seriously, the last time I saw something like this was from Eli Apple Asante Samuel is coming off a spinal fusion and he got signed to their practice squad. I’m as frustrated as anyone but calling this a “big signing” is funny",4467563.0,neutral,0.089,0.785,0.125,0.4788
1ouq6yl,1762908171.0,11039,0.81,129,Football,"Can anyone explain to me why we have no big pickups like this? Seriously, the last time I saw something like this was from Eli Apple Picking up flacco was big",1162407.0,negative,0.116,0.741,0.143,0.2323
1ouq6yl,1762907710.0,3724,0.81,129,Football,"Can anyone explain to me why we have no big pickups like this? Seriously, the last time I saw something like this was from Eli Apple Didn't he have his spine fused?",392137.0,neutral,0.112,0.741,0.147,0.3149
1ouq6yl,1762907271.0,1862,0.81,129,Football,"Can anyone explain to me why we have no big pickups like this? Seriously, the last time I saw something like this was from Eli Apple Because he sucks and injured",196069.0,negative,0.242,0.627,0.131,-0.5065
1ouq6yl,1762907878.0,2793,0.81,129,Football,"Can anyone explain to me why we have no big pickups like this? Seriously, the last time I saw something like this was from Eli Apple A practice squad signing is considered a big pickup???",294103.0,negative,0.107,0.736,0.157,0.4376
1ouq6yl,1762907238.0,1197,0.81,129,Football,"Can anyone explain to me why we have no big pickups like this? Seriously, the last time I saw something like this was from Eli Apple Asante had a pretty serious injury, there’s a reason why he was unsigned this season. Probably just a name at this point.",126044.0,negative,0.153,0.693,0.154,0.2558
1ouq6yl,1762908280.0,1330,0.81,129,Football,"Can anyone explain to me why we have no big pickups like this? Seriously, the last time I saw something like this was from Eli Apple Signing a free agent to your practice squad in November isn’t a “Big pickup”",140049.0,neutral,0.092,0.721,0.187,0.6399
1ouq6yl,1762906429.0,11305,0.81,129,Football,"Can anyone explain to me why we have no big pickups like this? Seriously, the last time I saw something like this was from Eli Apple Player cost money. Mike brown no spend money",1190417.0,neutral,0.16,0.713,0.127,-0.0708
1ouq6yl,1762906862.0,1729,0.81,129,Football,"Can anyone explain to me why we have no big pickups like this? Seriously, the last time I saw something like this was from Eli Apple https://preview.redd.it/qsgkk367zp0g1.jpeg?width=1179&format=pjpg&auto=webp&s=2d0d7e0386f34f2b9731861384523e84e9cb1d26",182064.0,neutral,0.13,0.7,0.171,0.3149
1ouq6yl,1762908587.0,532,0.81,129,Football,"Can anyone explain to me why we have no big pickups like this? Seriously, the last time I saw something like this was from Eli Apple Big pick ups 🤣🤣🤣🤣🤣",56020.0,negative,0.12,0.734,0.147,0.2323
1ouq6yl,1762908034.0,532,0.81,129,Football,"Can anyone explain to me why we have no big pickups like this? Seriously, the last time I saw something like this was from Eli Apple Big signing to the end of the bench that’s past the end of bench.",56020.0,negative,0.092,0.794,0.113,0.2323
1ouq6yl,1762910462.0,399,0.81,129,Football,"Can anyone explain to me why we have no big pickups like this? Seriously, the last time I saw something like this was from Eli Apple These are great headlines but don’t often amount to much. CGJ aside.",42015.0,negative,0.074,0.779,0.147,0.4611
1ouq6yl,1762906895.0,399,0.81,129,Football,"Can anyone explain to me why we have no big pickups like this? Seriously, the last time I saw something like this was from Eli Apple He’s been on the sideline for half the season.  Apparently no one wanted him until now.",42015.0,neutral,0.133,0.762,0.106,-0.0708
1ouq6yl,1762907091.0,399,0.81,129,Football,"Can anyone explain to me why we have no big pickups like this? Seriously, the last time I saw something like this was from Eli Apple Signing a dinosaur (especially to practice squad) is definitely a bengals move.  They need to make moves like the one they did to pick up Hendrickson originally. But that’s like winning the Powerball- usually only happens once because you got very lucky!",42015.0,negative,0.039,0.714,0.247,0.9464
1ouq6yl,1762908203.0,266,0.81,129,Football,"Can anyone explain to me why we have no big pickups like this? Seriously, the last time I saw something like this was from Eli Apple We used to shop the Damaged Goods bin during the season- they picked up Cedric Benson and got heat for it, since he had a checkered past. 

Not sure id be in a hurry to sign a guy who’s spinal cord is fused together, though.",28010.0,negative,0.119,0.814,0.067,-0.4473
1ouq6yl,1762909900.0,266,0.81,129,Football,"Can anyone explain to me why we have no big pickups like this? Seriously, the last time I saw something like this was from Eli Apple Get out of here. This dudes washed.",28010.0,negative,0.11,0.755,0.135,0.2323
1ouq6yl,1762910147.0,266,0.81,129,Football,"Can anyone explain to me why we have no big pickups like this? Seriously, the last time I saw something like this was from Eli Apple Joe Flacco still exists.",28010.0,negative,0.12,0.734,0.147,0.2323
1ouq6yl,1762910922.0,266,0.81,129,Football,"Can anyone explain to me why we have no big pickups like this? Seriously, the last time I saw something like this was from Eli Apple To be fair there’s not another corner out on market like him, but he could be a different player and I’m sure he’s asking more than others. Not a fan of the GM tho. I don’t belong here I’ll leave",28010.0,negative,0.097,0.761,0.141,0.4713
1ouq6yl,1762912327.0,266,0.81,129,Football,"Can anyone explain to me why we have no big pickups like this? Seriously, the last time I saw something like this was from Eli Apple You could have had CJGJ tbf",28010.0,neutral,0.113,0.748,0.139,0.2323
1ouq6yl,1762912980.0,266,0.81,129,Football,"Can anyone explain to me why we have no big pickups like this? Seriously, the last time I saw something like this was from Eli Apple while i think you guys are much better with FA than drafting, do you trust your coaching to do anything with what you have?  i was told last year that Lou was the problem, and somehow you got worse on D. you guys have a Ownership, FO, HC problem. that are much higher on the list than a CB.",28010.0,negative,0.136,0.746,0.118,-0.1864
1ou81vf,1762865008.0,78800,0.97,123,Football,Hope. They’re reeling me back in. #WhoDey Priming up for another 9-8 finish and missing the playoffs as the 8th team in the AFC,9478064.0,neutral,0.081,0.812,0.107,0.1779
1ou81vf,1762864069.0,52402,0.97,123,Football,"Hope. They’re reeling me back in. #WhoDey Joe, love ya man, but have you seen your team’s defense — or lack thereof?",6302913.0,negative,0.112,0.648,0.24,0.3291
1ou81vf,1762864440.0,7486,0.97,123,Football,Hope. They’re reeling me back in. #WhoDey A Joederella story,900416.0,neutral,0.0,0.734,0.266,0.4404
1ou81vf,1762866053.0,12608,0.97,123,Football,Hope. They’re reeling me back in. #WhoDey Drug test him,1516490.0,positive,0.0,0.756,0.244,0.4404
1ou81vf,1762865432.0,6698,0.97,123,Football,Hope. They’re reeling me back in. #WhoDey https://preview.redd.it/s63zm0b0km0g1.jpeg?width=602&format=pjpg&auto=webp&s=7532d18cdda608e46dc3faaa194abdd4beba2c3f,805635.0,negative,0.0,0.707,0.293,0.4404
1ou81vf,1762865765.0,9456,0.97,123,Football,"Hope. They’re reeling me back in. #WhoDey Yes our defensive line has provided wide open lanes 
Thats bout it Joe.  I say let unc Flacco cook rest of way. He’s been fun to watch.",1137368.0,negative,0.0,0.744,0.256,0.8402
1ou81vf,1762865591.0,8668,0.97,123,Football,Hope. They’re reeling me back in. #WhoDey Naw I played this game last year. Stay at home and recover. Fuck this team right now.,1042587.0,negative,0.122,0.694,0.184,0.2023
1ou81vf,1762864112.0,7880,0.97,123,Football,Hope. They’re reeling me back in. #WhoDey This is obviously horse shit but you know he’s gotta say it,947806.0,neutral,0.108,0.8,0.092,-0.09
1ou81vf,1762870555.0,1182,0.97,123,Football,"Hope. They’re reeling me back in. #WhoDey So shall it be written, so shall it be done",142171.0,negative,0.0,0.847,0.153,0.4404
1ou81vf,1762870595.0,1182,0.97,123,Football,"Hope. They’re reeling me back in. #WhoDey If we had even a like 20th ranked defense I might agree with him, the offense has been impressive even in his absence. But when you could put up 50 and still be concerned you're going to lose every week, it's a lost cause.",142171.0,neutral,0.141,0.704,0.156,-0.2846
1ou81vf,1762904500.0,1182,0.97,123,Football,"Hope. They’re reeling me back in. #WhoDey But why, flacco is already playing at an MVP level. 


Burrow isn't going to do anything flacco isn't doing except get sacked and injured again while the defense gives up 5 TDs to a backup QB.",142171.0,neutral,0.076,0.797,0.127,0.09
1ou81vf,1762867754.0,1970,0.97,123,Football,Hope. They’re reeling me back in. #WhoDey Not unless you rustle up a defense from some magical place.,236952.0,neutral,0.0,0.773,0.227,0.5267
1ou81vf,1762868401.0,1970,0.97,123,Football,Hope. They’re reeling me back in. #WhoDey Delulu,236952.0,negative,0.0,0.707,0.293,0.4404
1ou81vf,1762874803.0,788,0.97,123,Football,"Hope. They’re reeling me back in. #WhoDey If Flacco wasnt lighting it up right now and the defense was keeping us in games, this would be hope.. instead this is just cope",94781.0,neutral,0.0,0.872,0.128,0.5267
1ou81vf,1762910076.0,788,0.97,123,Football,Hope. They’re reeling me back in. #WhoDey https://preview.redd.it/h3v8py9r8q0g1.png?width=1024&format=png&auto=webp&s=30c14164bbdc3ec574771906aab8e3094d40f489,94781.0,negative,0.0,0.707,0.293,0.4404
1ou81vf,1762970469.0,788,0.97,123,Football,Hope. They’re reeling me back in. #WhoDey Not when the players on defense have no personal pride or accountability and play like scared babies.,94781.0,negative,0.151,0.503,0.346,0.6808
1ou81vf,1762864194.0,1576,0.97,123,Football,Hope. They’re reeling me back in. #WhoDey Maybe this will motivate the defense…,189561.0,negative,0.0,0.667,0.333,0.6705
1ou81vf,1762865538.0,788,0.97,123,Football,"Hope. They’re reeling me back in. #WhoDey Hope and being a bengals fan, this doesn’t track.",94781.0,positive,0.0,0.597,0.403,0.7964
1ou81vf,1762867242.0,1182,0.97,123,Football,Hope. They’re reeling me back in. #WhoDey Lmao,142171.0,neutral,0.0,0.469,0.531,0.7783
1ou81vf,1762869842.0,788,0.97,123,Football,Hope. They’re reeling me back in. #WhoDey Hahahha! Funniest shit I've read all morning.,94781.0,negative,0.168,0.514,0.318,0.4926
1ou2l4l,1762843887.0,22630,0.96,44,Spicy,"Oh look, we're LURKING according to GMFB What are some good lurking activities? NFL playoffs looking WILD right now. It's a real shame we couldn't put even an average defense out there cause we'd be owning the league right now. Oh well!",977616.0,neutral,0.147,0.72,0.134,-0.1593
1ou2l4l,1762846425.0,9610,0.96,44,Spicy,"Oh look, we're LURKING according to GMFB What are some good lurking activities? Losing these last 2 games gets more painful every time I open reddit",415152.0,neutral,0.303,0.605,0.092,-0.6834
1ou2l4l,1762854139.0,5890,0.96,44,Spicy,"Oh look, we're LURKING according to GMFB What are some good lurking activities? Kills me knowing this is one of the weakest the AFC North has been in so many seasons, and the damn defense screwed the pooch. -\_-",254448.0,neutral,0.317,0.598,0.085,-0.9008
1ou2l4l,1762852587.0,2790,0.96,44,Spicy,"Oh look, we're LURKING according to GMFB What are some good lurking activities? I'm sorry, what year is it? Why does it look like Luck, Manning, Brady, and Roethlisberger are still playing?",120528.0,neutral,0.123,0.613,0.263,0.7722
1ou2l4l,1762859806.0,1550,0.96,44,Spicy,"Oh look, we're LURKING according to GMFB What are some good lurking activities? We literally would be first place in the north today had we not gave away two games we were in position to win",66960.0,neutral,0.088,0.754,0.158,0.6081
1ou2l4l,1762844355.0,930,0.96,44,Spicy,"Oh look, we're LURKING according to GMFB What are some good lurking activities? ![gif](giphy|xfhQJVdsI5a00)",40176.0,neutral,0.225,0.614,0.162,0.1177
1ou2l4l,1762859686.0,620,0.96,44,Spicy,"Oh look, we're LURKING according to GMFB What are some good lurking activities? You can’t say they’re out of it only two games back of the division and wild card.",26784.0,neutral,0.111,0.803,0.086,0.0431
1ou2l4l,1762862073.0,465,0.96,44,Spicy,"Oh look, we're LURKING according to GMFB What are some good lurking activities? Every year about this time we start to see insane images like this where we are deemed to be in the hunt. And this is the most insane one so far lmao",20088.0,neutral,0.161,0.67,0.169,0.3496
1ou2l4l,1762866029.0,620,0.96,44,Spicy,"Oh look, we're LURKING according to GMFB What are some good lurking activities? This is what we get for finally winning the first 2 games of the season.",26784.0,neutral,0.113,0.696,0.191,0.5525
1ou2l4l,1762870782.0,465,0.96,44,Spicy,"Oh look, we're LURKING according to GMFB What are some good lurking activities? Cant believe thr Chiefs, Ravens are in the lurking category this time of the year, while NE sitting comfortably at 8-2.",20088.0,neutral,0.131,0.726,0.143,0.3542
1ou2l4l,1762862037.0,310,0.96,44,Spicy,"Oh look, we're LURKING according to GMFB What are some good lurking activities? The whole division is ass right now.",13392.0,neutral,0.277,0.612,0.111,-0.516
1ou2l4l,1762869684.0,310,0.96,44,Spicy,"Oh look, we're LURKING according to GMFB What are some good lurking activities? Joe Burrow is at practice throwing like nothing even happened, the Steelers are collapsing (doesn’t mean I think we’ll win on Sunday) Lamar Lamar Jackson, and the ravens are somehow finding the luckiest ways to win football games.",13392.0,neutral,0.092,0.648,0.261,0.918
1ou2l4l,1762873457.0,310,0.96,44,Spicy,"Oh look, we're LURKING according to GMFB What are some good lurking activities? Gosh, those last two games are looming LAAAAAARGEEEE right now...",13392.0,neutral,0.193,0.7,0.107,-0.0857
1ou2l4l,1762877860.0,310,0.96,44,Spicy,"Oh look, we're LURKING according to GMFB What are some good lurking activities? Man I’m just glad there’s a variety this season",13392.0,neutral,0.14,0.638,0.222,0.4883
1ou2l4l,1762882979.0,310,0.96,44,Spicy,"Oh look, we're LURKING according to GMFB What are some good lurking activities? Mathematically they'll probably be in it until the last few weeks given how this year is looking in the AFC.",13392.0,neutral,0.102,0.819,0.079,0.0431
1ou2l4l,1762883661.0,310,0.96,44,Spicy,"Oh look, we're LURKING according to GMFB What are some good lurking activities? I can't believe that if our defense was just shitty instead of embarrassingly atrocious then we'd be 5-4 right now lol",13392.0,neutral,0.232,0.601,0.167,-0.4278
1ou2l4l,1762884739.0,310,0.96,44,Spicy,"Oh look, we're LURKING according to GMFB What are some good lurking activities? 10-7 might just do it. Would be better if we were 4-5.",13392.0,negative,0.122,0.688,0.19,0.4708
1ou2l4l,1762898775.0,310,0.96,44,Spicy,"Oh look, we're LURKING according to GMFB What are some good lurking activities? Beats jerking.",13392.0,neutral,0.2,0.644,0.156,0.0431
1ou2l4l,1762999378.0,310,0.96,44,Spicy,"Oh look, we're LURKING according to GMFB What are some good lurking activities? Prowling 🐅",13392.0,neutral,0.212,0.624,0.164,0.0431
1ou2l4l,1762865205.0,155,0.96,44,Spicy,"Oh look, we're LURKING according to GMFB What are some good lurking activities? That’s generous of them.",6696.0,negative,0.163,0.567,0.27,0.5372
1otyjtg,1762833424.0,9945,0.97,19,Fandom,"I'm a college Resident Assistant, this is my Hall's Board this month Inspired by the fact that he's practicing?!??? Wtf that man is a psychopath

Anyway, which burrow are you? https://preview.redd.it/yc285iytwj0g1.jpeg?width=1080&format=pjpg&auto=webp&s=f6256a16130c15c0d4d0fe1caa1d2054e8df101b",192933.0,negative,0.143,0.766,0.091,-0.4314
1otyjtg,1762832374.0,5967,0.97,19,Fandom,"I'm a college Resident Assistant, this is my Hall's Board this month Inspired by the fact that he's practicing?!??? Wtf that man is a psychopath

Anyway, which burrow are you? https://preview.redd.it/mvlmrcdotj0g1.jpeg?width=819&format=pjpg&auto=webp&s=39d9b3083c7dfcad684fd6a7ee1a9b1f4a1092e3",115760.0,negative,0.143,0.766,0.091,-0.4314
1otyjtg,1762873920.0,4862,0.97,19,Fandom,"I'm a college Resident Assistant, this is my Hall's Board this month Inspired by the fact that he's practicing?!??? Wtf that man is a psychopath

Anyway, which burrow are you? How are they missing the GOAT?

https://preview.redd.it/uikqzsi89n0g1.jpeg?width=828&format=pjpg&auto=webp&s=64a4eb7ba48eada9e21ee665435f1b300efb30a9",94323.0,neutral,0.171,0.754,0.075,-0.6189
1otyjtg,1762874016.0,2210,0.97,19,Fandom,"I'm a college Resident Assistant, this is my Hall's Board this month Inspired by the fact that he's practicing?!??? Wtf that man is a psychopath

Anyway, which burrow are you? https://preview.redd.it/f7heybbj9n0g1.jpeg?width=828&format=pjpg&auto=webp&s=8529d0d4becc11b624f0051b81f27f62d5376eb9",42874.0,neutral,0.143,0.766,0.091,-0.4314
1otyjtg,1762881814.0,1547,0.97,19,Fandom,"I'm a college Resident Assistant, this is my Hall's Board this month Inspired by the fact that he's practicing?!??? Wtf that man is a psychopath

Anyway, which burrow are you? Really need to add Burrow smoking a victory cigar 

https://preview.redd.it/mrshenxpwn0g1.jpeg?width=735&format=pjpg&auto=webp&s=adbd91469db5ef52063ebeaa8e152e9fd2320680",30012.0,positive,0.117,0.809,0.074,-0.4314
1otyjtg,1762843481.0,2210,0.97,19,Fandom,"I'm a college Resident Assistant, this is my Hall's Board this month Inspired by the fact that he's practicing?!??? Wtf that man is a psychopath

Anyway, which burrow are you? Bless you OP. Being a RA is not an easy job.",42874.0,positive,0.157,0.716,0.126,-0.3523
1otyjtg,1762888640.0,884,0.97,19,Fandom,"I'm a college Resident Assistant, this is my Hall's Board this month Inspired by the fact that he's practicing?!??? Wtf that man is a psychopath

Anyway, which burrow are you? Should have included the Macauley Culkin Halloween Burrow.",17150.0,neutral,0.12,0.805,0.076,-0.4314
1otyjtg,1762998996.0,663,0.97,19,Fandom,"I'm a college Resident Assistant, this is my Hall's Board this month Inspired by the fact that he's practicing?!??? Wtf that man is a psychopath

Anyway, which burrow are you? https://preview.redd.it/2z8nujv5lx0g1.jpeg?width=406&format=pjpg&auto=webp&s=25815323eda83cc5fc338bc86259cbcbb56026b0",12862.0,negative,0.143,0.766,0.091,-0.4314
1otyjtg,1762833834.0,1105,0.97,19,Fandom,"I'm a college Resident Assistant, this is my Hall's Board this month Inspired by the fact that he's practicing?!??? Wtf that man is a psychopath

Anyway, which burrow are you? Add this

https://preview.redd.it/v350o702yj0g1.jpeg?width=763&format=pjpg&auto=webp&s=a2091f77a4a6d3995d747bb6123dda75dd7f33bf",21437.0,neutral,0.136,0.778,0.086,-0.4314
1otyjtg,1762831055.0,442,0.97,19,Fandom,"I'm a college Resident Assistant, this is my Hall's Board this month Inspired by the fact that he's practicing?!??? Wtf that man is a psychopath

Anyway, which burrow are you? On the subject of Burrow returning on Thanksgiving? About a 7 (orange clip).",8575.0,negative,0.112,0.818,0.071,-0.4314
1otyjtg,1762846180.0,221,0.97,19,Fandom,"I'm a college Resident Assistant, this is my Hall's Board this month Inspired by the fact that he's practicing?!??? Wtf that man is a psychopath

Anyway, which burrow are you? Pic 2 is basically always me lol",4287.0,negative,0.09,0.737,0.172,0.5349
1otyjtg,1762986109.0,221,0.97,19,Fandom,"I'm a college Resident Assistant, this is my Hall's Board this month Inspired by the fact that he's practicing?!??? Wtf that man is a psychopath

Anyway, which burrow are you? I'm surprised that no one posted the picture of him posing with Our King.:)",4287.0,neutral,0.144,0.755,0.101,-0.4857
1otkxsn,1762797755.0,142749,0.99,111,Official,Bengals QB Joe Burrow will return to practice today in a limited capacity. I  If only we had a below average defense,15828009.0,negative,0.093,0.833,0.074,-0.1027
1otkxsn,1762797786.0,33966,0.99,111,Official,Bengals QB Joe Burrow will return to practice today in a limited capacity. I  ![gif](giphy|ukGm72ZLZvYfS),3766150.0,neutral,0.154,0.846,0.0,-0.2942
1otkxsn,1762797747.0,106947,0.99,111,Official,Bengals QB Joe Burrow will return to practice today in a limited capacity. I  Please don’t ruin his future,11858283.0,negative,0.259,0.636,0.105,-0.5267
1otkxsn,1762798307.0,28458,0.99,111,Official,"Bengals QB Joe Burrow will return to practice today in a limited capacity. I  He won’t come back after we lose the next 3. It’s so disappointing because if we just beat the jets and bears like we should have, we probably are at 6-6 or 7-5 getting Joe back.",3155423.0,negative,0.158,0.797,0.045,-0.7365
1otkxsn,1762797846.0,91800,0.99,111,Official,Bengals QB Joe Burrow will return to practice today in a limited capacity. I  There is absolutely no point in bringing him back this season,10178784.0,negative,0.173,0.827,0.0,-0.5256
1otkxsn,1762797840.0,32589,0.99,111,Official,"Bengals QB Joe Burrow will return to practice today in a limited capacity. I  Look at how slow Brock Purdy has been to come back with a much less severe turf toe injury. I don't want to see Burrow on the field at all for the rest of the year, especially at 3-6.",3613468.0,negative,0.155,0.845,0.0,-0.7375
1otkxsn,1762798279.0,12393,0.99,111,Official,Bengals QB Joe Burrow will return to practice today in a limited capacity. I  Everyone asking why are acting as if Joe himself doesn’t have a say in if he comes back or not this season. He’s not being forced to return to practice if he wanted to sit out the season.,1374136.0,negative,0.037,0.915,0.048,0.1481
1otkxsn,1762798988.0,5508,0.99,111,Official,Bengals QB Joe Burrow will return to practice today in a limited capacity. I  A dude like Burrow isn't gonna sit if he can play. That's why he's Burrow.,610727.0,negative,0.064,0.772,0.164,0.4588
1otkxsn,1762798071.0,4131,0.99,111,Official,Bengals QB Joe Burrow will return to practice today in a limited capacity. I  Gotta get those bad reads out early so he can help lead the team to the promised land of a 50 point a game season,458045.0,negative,0.129,0.74,0.131,0.0164
1otkxsn,1762797878.0,2754,0.99,111,Official,Bengals QB Joe Burrow will return to practice today in a limited capacity. I  This is the addition the defense needs!,305364.0,negative,0.106,0.822,0.072,-0.1759
1otkxsn,1762798053.0,2754,0.99,111,Official,Bengals QB Joe Burrow will return to practice today in a limited capacity. I  Why?,305364.0,negative,0.137,0.863,0.0,-0.2263
1otkxsn,1762798305.0,2295,0.99,111,Official,Bengals QB Joe Burrow will return to practice today in a limited capacity. I  Somehow this seems worse for bengals,254470.0,negative,0.238,0.762,0.0,-0.6124
1otkxsn,1762797853.0,3672,0.99,111,Official,Bengals QB Joe Burrow will return to practice today in a limited capacity. I  Why????,407151.0,negative,0.192,0.808,0.0,-0.4329
1otkxsn,1762798586.0,3213,0.99,111,Official,"Bengals QB Joe Burrow will return to practice today in a limited capacity. I  Plan:

* Joe returns with little change to make playoffs.
* Joe get hurt again. 
* Fans look forward to 2027",356257.0,negative,0.159,0.841,0.0,-0.6486
1otkxsn,1762801327.0,1377,0.99,111,Official,Bengals QB Joe Burrow will return to practice today in a limited capacity. I  every fucking time I emotional divest from this team they pull you right back in. We all know they are just going to crush us again. It's such an abusive cycle,152682.0,negative,0.162,0.799,0.039,-0.7024
1otkxsn,1762798494.0,1377,0.99,111,Official,Bengals QB Joe Burrow will return to practice today in a limited capacity. I  Can he play safety?,152682.0,neutral,0.095,0.647,0.259,0.5106
1otkxsn,1762799857.0,1377,0.99,111,Official,"Bengals QB Joe Burrow will return to practice today in a limited capacity. I  just in time to get us to 8 wins, miss the playoffs, save Zac and Tobin's jobs and miss all the best players in the draft",152682.0,neutral,0.108,0.657,0.235,0.8402
1otkxsn,1762798306.0,2295,0.99,111,Official,Bengals QB Joe Burrow will return to practice today in a limited capacity. I  Free Joe Burrow,254470.0,neutral,0.104,0.714,0.181,0.34
1otkxsn,1762798269.0,3672,0.99,111,Official,Bengals QB Joe Burrow will return to practice today in a limited capacity. I  Sit him out for the season. This is pointless. ,407151.0,neutral,0.087,0.913,0.0,-0.2263
1otb69q,1762773777.0,37265,0.97,113,Rumor,"Bengals still have ‘little to no trust’ in Jermaine Burton https://bengalswire-eu.usatoday.com/story/sports/nfl/bengals/2025/11/08/bengals-still-little-no-trust-jermaine-burton/87167324007/

*Fryshocked.gif* At this point I don’t even consider him part of the team or roster. I’m never expecting him to contribute",4120764.0,negative,0.068,0.932,0.0,-0.296
1otb69q,1762774379.0,29290,0.97,113,Rumor,"Bengals still have ‘little to no trust’ in Jermaine Burton https://bengalswire-eu.usatoday.com/story/sports/nfl/bengals/2025/11/08/bengals-still-little-no-trust-jermaine-burton/87167324007/

*Fryshocked.gif* Another wasted, speculative draft choice",3238888.0,neutral,0.26,0.673,0.067,-0.6124
1otb69q,1762775121.0,23925,0.97,113,Rumor,"Bengals still have ‘little to no trust’ in Jermaine Burton https://bengalswire-eu.usatoday.com/story/sports/nfl/bengals/2025/11/08/bengals-still-little-no-trust-jermaine-burton/87167324007/

*Fryshocked.gif* Stop drafting guys with character issues and/or who underachieved in college! The Bengals track record for this type of guy is not good.",2645626.0,neutral,0.182,0.818,0.0,-0.7268
1otb69q,1762775015.0,15080,0.97,113,Rumor,"Bengals still have ‘little to no trust’ in Jermaine Burton https://bengalswire-eu.usatoday.com/story/sports/nfl/bengals/2025/11/08/bengals-still-little-no-trust-jermaine-burton/87167324007/

*Fryshocked.gif* Another Duke Tobin special",1667546.0,neutral,0.116,0.741,0.143,0.128
1otb69q,1762777700.0,5510,0.97,113,Rumor,"Bengals still have ‘little to no trust’ in Jermaine Burton https://bengalswire-eu.usatoday.com/story/sports/nfl/bengals/2025/11/08/bengals-still-little-no-trust-jermaine-burton/87167324007/

*Fryshocked.gif* Imagine wasting 2 top 100 picks on players that you have no interest in playing in the same damn draft.",609296.0,neutral,0.243,0.594,0.163,-0.4939
1otb69q,1762774138.0,6235,0.97,113,Rumor,"Bengals still have ‘little to no trust’ in Jermaine Burton https://bengalswire-eu.usatoday.com/story/sports/nfl/bengals/2025/11/08/bengals-still-little-no-trust-jermaine-burton/87167324007/

*Fryshocked.gif* Just cut him loose at this point",689466.0,neutral,0.292,0.708,0.0,-0.6808
1otb69q,1762777281.0,3045,0.97,113,Rumor,"Bengals still have ‘little to no trust’ in Jermaine Burton https://bengalswire-eu.usatoday.com/story/sports/nfl/bengals/2025/11/08/bengals-still-little-no-trust-jermaine-burton/87167324007/

*Fryshocked.gif* It scares me what his life looks like when he gets inevitably cut",336716.0,neutral,0.222,0.695,0.083,-0.4939
1otb69q,1762777613.0,1450,0.97,113,Rumor,"Bengals still have ‘little to no trust’ in Jermaine Burton https://bengalswire-eu.usatoday.com/story/sports/nfl/bengals/2025/11/08/bengals-still-little-no-trust-jermaine-burton/87167324007/

*Fryshocked.gif* Me as a bengals fan have little or no trust in the Bengals organization…",160341.0,neutral,0.143,0.683,0.174,0.235
1otb69q,1762785445.0,1305,0.97,113,Rumor,"Bengals still have ‘little to no trust’ in Jermaine Burton https://bengalswire-eu.usatoday.com/story/sports/nfl/bengals/2025/11/08/bengals-still-little-no-trust-jermaine-burton/87167324007/

*Fryshocked.gif* Interesting. I have little to no trust in the Bengals organization.",144307.0,neutral,0.156,0.64,0.204,0.3262
1otb69q,1762785380.0,725,0.97,113,Rumor,"Bengals still have ‘little to no trust’ in Jermaine Burton https://bengalswire-eu.usatoday.com/story/sports/nfl/bengals/2025/11/08/bengals-still-little-no-trust-jermaine-burton/87167324007/

*Fryshocked.gif* Are we the worst team at drafting?

I mean look at the fucking Rams. They went all in, won the Superbowl over us, and in less than 5 years are right back in at it, while we have done nothing but spiral down. I mean can this team fucking spend some damn money on getting the latest and greatest talent evaluators because whatever the fuck they're currently doing is hamstringing this team. No head coach in this league can fix a cheap, nepotistic FO.",80170.0,neutral,0.14,0.753,0.106,-0.4206
1otb69q,1762780262.0,580,0.97,113,Rumor,"Bengals still have ‘little to no trust’ in Jermaine Burton https://bengalswire-eu.usatoday.com/story/sports/nfl/bengals/2025/11/08/bengals-still-little-no-trust-jermaine-burton/87167324007/

*Fryshocked.gif* Amazing how he went from tables being pounded in delight over drafting him to persona non grata in less than a year.",64136.0,neutral,0.055,0.752,0.193,0.7579
1otb69q,1762785814.0,725,0.97,113,Rumor,"Bengals still have ‘little to no trust’ in Jermaine Burton https://bengalswire-eu.usatoday.com/story/sports/nfl/bengals/2025/11/08/bengals-still-little-no-trust-jermaine-burton/87167324007/

*Fryshocked.gif* Most teams would have released him by now if they trust him this little",80170.0,neutral,0.075,0.814,0.112,0.2732
1otb69q,1762781060.0,1305,0.97,113,Rumor,"Bengals still have ‘little to no trust’ in Jermaine Burton https://bengalswire-eu.usatoday.com/story/sports/nfl/bengals/2025/11/08/bengals-still-little-no-trust-jermaine-burton/87167324007/

*Fryshocked.gif* I know people are shitting on the coaching and scouting staff for this one, but a late third round pick used on a WR with arguably first round potential when there was questions if Tee was leaving was a very worthwhile selection. 

Obviously it hasn’t worked out and looks unlikely to, but the team has supported Burton and given him tons of chances. These are the kinds of risks I want them to take. Guys who if they hit have the upside to be elite players. And in the third round not taking such big risks on guys like Shemar Stewart in the first round",144307.0,neutral,0.089,0.805,0.106,0.4748
1otb69q,1762781556.0,290,0.97,113,Rumor,"Bengals still have ‘little to no trust’ in Jermaine Burton https://bengalswire-eu.usatoday.com/story/sports/nfl/bengals/2025/11/08/bengals-still-little-no-trust-jermaine-burton/87167324007/

*Fryshocked.gif* So why are they still paying him?",32068.0,negative,0.109,0.891,0.0,-0.296
1otb69q,1762781752.0,290,0.97,113,Rumor,"Bengals still have ‘little to no trust’ in Jermaine Burton https://bengalswire-eu.usatoday.com/story/sports/nfl/bengals/2025/11/08/bengals-still-little-no-trust-jermaine-burton/87167324007/

*Fryshocked.gif* ![gif](giphy|xUPGcC0R9QjyxkPnS8)",32068.0,neutral,0.172,0.828,0.0,-0.3595
1otb69q,1762782618.0,290,0.97,113,Rumor,"Bengals still have ‘little to no trust’ in Jermaine Burton https://bengalswire-eu.usatoday.com/story/sports/nfl/bengals/2025/11/08/bengals-still-little-no-trust-jermaine-burton/87167324007/

*Fryshocked.gif* Third round pick, but hey, at least we had another third round pick that year ",32068.0,negative,0.058,0.942,0.0,-0.1531
1otb69q,1762784384.0,435,0.97,113,Rumor,"Bengals still have ‘little to no trust’ in Jermaine Burton https://bengalswire-eu.usatoday.com/story/sports/nfl/bengals/2025/11/08/bengals-still-little-no-trust-jermaine-burton/87167324007/

*Fryshocked.gif* Bengals drafted him.

If I see a parent that can’t control their kid, the blame starts with the parent, not the child.

Duke Tobin should be sent on a rocket to mars.

Everyone should be PRAYING that the wheels fall off and they lose the next 6 games, which I think can absolutely happen, because that’s what it may take to have change occur.",48102.0,negative,0.094,0.864,0.042,-0.4708
1otb69q,1762784663.0,290,0.97,113,Rumor,"Bengals still have ‘little to no trust’ in Jermaine Burton https://bengalswire-eu.usatoday.com/story/sports/nfl/bengals/2025/11/08/bengals-still-little-no-trust-jermaine-burton/87167324007/

*Fryshocked.gif* But Zac Taylor was pounding the table and was over the moon hyped when they picked a 6th rounder in the 3rd",32068.0,negative,0.048,0.952,0.0,-0.1531
1otb69q,1762777014.0,145,0.97,113,Rumor,"Bengals still have ‘little to no trust’ in Jermaine Burton https://bengalswire-eu.usatoday.com/story/sports/nfl/bengals/2025/11/08/bengals-still-little-no-trust-jermaine-burton/87167324007/

*Fryshocked.gif* Does he still get paid??",16034.0,negative,0.138,0.862,0.0,-0.3736
1ophgzh,1762382167.0,6020,0.98,8,Fact,Joe Flacco currently leads the NFL in pass attempts per game at (41.6) — Tom Brady is the only QB to lead the league at age 40 or older  Yes our offense is really good at passing the ball and that’s why we paid 2 WR1’s but Zac needs to learn how to have a more balanced attack.,53096.0,negative,0.099,0.836,0.065,-0.4803
1ophgzh,1762391425.0,280,0.98,8,Fact,Joe Flacco currently leads the NFL in pass attempts per game at (41.6) — Tom Brady is the only QB to lead the league at age 40 or older  Probably because he HAS to pass that many times per game.,2470.0,negative,0.0,1.0,0.0,0.0
1op9tws,1762365557.0,46762,0.99,69,Rumor,"The Bengals apparently wanted a 2nd round pick for Trey [From Rapien](https://www.si.com/nfl/bengals/onsi/news/report-cincinnati-bengals-had-asking-price-for-trey-hendrickson-at-trade-deadline-01k9a90fz6ww) who in turn got it [from Fowler](https://www.espn.com/nfl/story/_/id/46836431/nfl-week-10-trade-deadline-buzz-news-updates-fantasy-intel-questions-predictions).

> Teams I spoke to believed Cincinnati wanted a second-rounder for him. Dallas, which pursued Hendrickson, considered that steep.

For context, the rumor was that Trey's agent promised Cincy a first-round pick during the offseason, and there was still a rumor that we wanted a first for him [as of a few days ago](https://reddit.com/r/bengals/comments/1onh1ah/bengals_still_asking_for_firstround_pick_for_trey/).

And for comparison, he's *probably* worth a late 3rd comp pick in '27 if we let him go in free agency and he stays healthy on a new team.

But yeah, it looks like Cincy lowered their standards and there still wasn't enough interest from other teams. You can’t blame the FO on this then I wouldn’t trade him for less than a 2nd either when I can get a 3rd round comp pick for letting him walk anyway",3240607.0,negative,0.054,0.858,0.088,0.4905
1op9tws,1762365316.0,21630,0.99,69,Rumor,"The Bengals apparently wanted a 2nd round pick for Trey [From Rapien](https://www.si.com/nfl/bengals/onsi/news/report-cincinnati-bengals-had-asking-price-for-trey-hendrickson-at-trade-deadline-01k9a90fz6ww) who in turn got it [from Fowler](https://www.espn.com/nfl/story/_/id/46836431/nfl-week-10-trade-deadline-buzz-news-updates-fantasy-intel-questions-predictions).

> Teams I spoke to believed Cincinnati wanted a second-rounder for him. Dallas, which pursued Hendrickson, considered that steep.

For context, the rumor was that Trey's agent promised Cincy a first-round pick during the offseason, and there was still a rumor that we wanted a first for him [as of a few days ago](https://reddit.com/r/bengals/comments/1onh1ah/bengals_still_asking_for_firstround_pick_for_trey/).

And for comparison, he's *probably* worth a late 3rd comp pick in '27 if we let him go in free agency and he stays healthy on a new team.

But yeah, it looks like Cincy lowered their standards and there still wasn't enough interest from other teams. He’s on a downward slope and getting injured didn’t help his value, so that’s not surprising.",1498959.0,negative,0.077,0.785,0.138,0.7759
1op9tws,1762365333.0,11948,0.99,69,Rumor,"The Bengals apparently wanted a 2nd round pick for Trey [From Rapien](https://www.si.com/nfl/bengals/onsi/news/report-cincinnati-bengals-had-asking-price-for-trey-hendrickson-at-trade-deadline-01k9a90fz6ww) who in turn got it [from Fowler](https://www.espn.com/nfl/story/_/id/46836431/nfl-week-10-trade-deadline-buzz-news-updates-fantasy-intel-questions-predictions).

> Teams I spoke to believed Cincinnati wanted a second-rounder for him. Dallas, which pursued Hendrickson, considered that steep.

For context, the rumor was that Trey's agent promised Cincy a first-round pick during the offseason, and there was still a rumor that we wanted a first for him [as of a few days ago](https://reddit.com/r/bengals/comments/1onh1ah/bengals_still_asking_for_firstround_pick_for_trey/).

And for comparison, he's *probably* worth a late 3rd comp pick in '27 if we let him go in free agency and he stays healthy on a new team.

But yeah, it looks like Cincy lowered their standards and there still wasn't enough interest from other teams. Its difficult to get a 1st or 2nd round pick for an aging player who isn't even healthy enough to play at the time of the deadline. If he had played against Chicago and looked good, I'd bet someone pays a 2. If he had been healthy and playing great all year, we definitely get a 2 with a small chance at a 1 (unlikely, but possible).

Part of the risk you run. As it is, Trey is here the rest of the year and I am 99% sure they plan on tagging him.",827996.0,negative,0.046,0.752,0.202,0.9876
1op9tws,1762366183.0,2266,0.99,69,Rumor,"The Bengals apparently wanted a 2nd round pick for Trey [From Rapien](https://www.si.com/nfl/bengals/onsi/news/report-cincinnati-bengals-had-asking-price-for-trey-hendrickson-at-trade-deadline-01k9a90fz6ww) who in turn got it [from Fowler](https://www.espn.com/nfl/story/_/id/46836431/nfl-week-10-trade-deadline-buzz-news-updates-fantasy-intel-questions-predictions).

> Teams I spoke to believed Cincinnati wanted a second-rounder for him. Dallas, which pursued Hendrickson, considered that steep.

For context, the rumor was that Trey's agent promised Cincy a first-round pick during the offseason, and there was still a rumor that we wanted a first for him [as of a few days ago](https://reddit.com/r/bengals/comments/1onh1ah/bengals_still_asking_for_firstround_pick_for_trey/).

And for comparison, he's *probably* worth a late 3rd comp pick in '27 if we let him go in free agency and he stays healthy on a new team.

But yeah, it looks like Cincy lowered their standards and there still wasn't enough interest from other teams. We should get a 3rd round comp pick for letting him walk and presumably any team trading for him expects to make the playoffs so we be giving him up for a modest move up in round 3. The value of thay in terms of draft capital is a later 4th or early 5th and I think the half season + outside chance of retaining him next year is worth more than that",157034.0,negative,0.025,0.848,0.126,0.9495
1op9tws,1762365276.0,2678,0.99,69,Rumor,"The Bengals apparently wanted a 2nd round pick for Trey [From Rapien](https://www.si.com/nfl/bengals/onsi/news/report-cincinnati-bengals-had-asking-price-for-trey-hendrickson-at-trade-deadline-01k9a90fz6ww) who in turn got it [from Fowler](https://www.espn.com/nfl/story/_/id/46836431/nfl-week-10-trade-deadline-buzz-news-updates-fantasy-intel-questions-predictions).

> Teams I spoke to believed Cincinnati wanted a second-rounder for him. Dallas, which pursued Hendrickson, considered that steep.

For context, the rumor was that Trey's agent promised Cincy a first-round pick during the offseason, and there was still a rumor that we wanted a first for him [as of a few days ago](https://reddit.com/r/bengals/comments/1onh1ah/bengals_still_asking_for_firstround_pick_for_trey/).

And for comparison, he's *probably* worth a late 3rd comp pick in '27 if we let him go in free agency and he stays healthy on a new team.

But yeah, it looks like Cincy lowered their standards and there still wasn't enough interest from other teams. 2nd for a broken rental is steep",185585.0,negative,0.07,0.827,0.102,0.2801
1op9tws,1762365454.0,2060,0.99,69,Rumor,"The Bengals apparently wanted a 2nd round pick for Trey [From Rapien](https://www.si.com/nfl/bengals/onsi/news/report-cincinnati-bengals-had-asking-price-for-trey-hendrickson-at-trade-deadline-01k9a90fz6ww) who in turn got it [from Fowler](https://www.espn.com/nfl/story/_/id/46836431/nfl-week-10-trade-deadline-buzz-news-updates-fantasy-intel-questions-predictions).

> Teams I spoke to believed Cincinnati wanted a second-rounder for him. Dallas, which pursued Hendrickson, considered that steep.

For context, the rumor was that Trey's agent promised Cincy a first-round pick during the offseason, and there was still a rumor that we wanted a first for him [as of a few days ago](https://reddit.com/r/bengals/comments/1onh1ah/bengals_still_asking_for_firstround_pick_for_trey/).

And for comparison, he's *probably* worth a late 3rd comp pick in '27 if we let him go in free agency and he stays healthy on a new team.

But yeah, it looks like Cincy lowered their standards and there still wasn't enough interest from other teams. Ah yes a 2nd round pick…I’m sure that pick will be used well /sarcasm off.",142758.0,neutral,0.035,0.805,0.16,0.9375
1op9tws,1762372589.0,412,0.99,69,Rumor,"The Bengals apparently wanted a 2nd round pick for Trey [From Rapien](https://www.si.com/nfl/bengals/onsi/news/report-cincinnati-bengals-had-asking-price-for-trey-hendrickson-at-trade-deadline-01k9a90fz6ww) who in turn got it [from Fowler](https://www.espn.com/nfl/story/_/id/46836431/nfl-week-10-trade-deadline-buzz-news-updates-fantasy-intel-questions-predictions).

> Teams I spoke to believed Cincinnati wanted a second-rounder for him. Dallas, which pursued Hendrickson, considered that steep.

For context, the rumor was that Trey's agent promised Cincy a first-round pick during the offseason, and there was still a rumor that we wanted a first for him [as of a few days ago](https://reddit.com/r/bengals/comments/1onh1ah/bengals_still_asking_for_firstround_pick_for_trey/).

And for comparison, he's *probably* worth a late 3rd comp pick in '27 if we let him go in free agency and he stays healthy on a new team.

But yeah, it looks like Cincy lowered their standards and there still wasn't enough interest from other teams. That is why it made little sense to trade him anyway. Tag him for next year and have a hope for 2026",28552.0,neutral,0.034,0.847,0.119,0.8787
1op9tws,1762382578.0,412,0.99,69,Rumor,"The Bengals apparently wanted a 2nd round pick for Trey [From Rapien](https://www.si.com/nfl/bengals/onsi/news/report-cincinnati-bengals-had-asking-price-for-trey-hendrickson-at-trade-deadline-01k9a90fz6ww) who in turn got it [from Fowler](https://www.espn.com/nfl/story/_/id/46836431/nfl-week-10-trade-deadline-buzz-news-updates-fantasy-intel-questions-predictions).

> Teams I spoke to believed Cincinnati wanted a second-rounder for him. Dallas, which pursued Hendrickson, considered that steep.

For context, the rumor was that Trey's agent promised Cincy a first-round pick during the offseason, and there was still a rumor that we wanted a first for him [as of a few days ago](https://reddit.com/r/bengals/comments/1onh1ah/bengals_still_asking_for_firstround_pick_for_trey/).

And for comparison, he's *probably* worth a late 3rd comp pick in '27 if we let him go in free agency and he stays healthy on a new team.

But yeah, it looks like Cincy lowered their standards and there still wasn't enough interest from other teams. The annoying part of this is they obviously don't believe they're competing, or why bother with a 7th for a team captain. If you really believe you're competing, he's more valuable as a backup than anything you'll get in a trade. 

Ok so, if we're not competing, why keep Trey in the last year of his deal for any price? Even a pick swap moving up a single pick puts you in a better position in 2026 than not doing it. 

The logic is baffling. Take the fucking third and move on.",28552.0,neutral,0.053,0.834,0.112,0.8972
1op9tws,1762367241.0,412,0.99,69,Rumor,"The Bengals apparently wanted a 2nd round pick for Trey [From Rapien](https://www.si.com/nfl/bengals/onsi/news/report-cincinnati-bengals-had-asking-price-for-trey-hendrickson-at-trade-deadline-01k9a90fz6ww) who in turn got it [from Fowler](https://www.espn.com/nfl/story/_/id/46836431/nfl-week-10-trade-deadline-buzz-news-updates-fantasy-intel-questions-predictions).

> Teams I spoke to believed Cincinnati wanted a second-rounder for him. Dallas, which pursued Hendrickson, considered that steep.

For context, the rumor was that Trey's agent promised Cincy a first-round pick during the offseason, and there was still a rumor that we wanted a first for him [as of a few days ago](https://reddit.com/r/bengals/comments/1onh1ah/bengals_still_asking_for_firstround_pick_for_trey/).

And for comparison, he's *probably* worth a late 3rd comp pick in '27 if we let him go in free agency and he stays healthy on a new team.

But yeah, it looks like Cincy lowered their standards and there still wasn't enough interest from other teams. After all that drama this summer he's just not been good this year. If he was making the same impact he was talking about  that he brings to a team, then someone would've snapped him up quick. But he's regressed just like everyone was worried about",28552.0,neutral,0.063,0.84,0.096,0.5605
1op9tws,1762374317.0,206,0.99,69,Rumor,"The Bengals apparently wanted a 2nd round pick for Trey [From Rapien](https://www.si.com/nfl/bengals/onsi/news/report-cincinnati-bengals-had-asking-price-for-trey-hendrickson-at-trade-deadline-01k9a90fz6ww) who in turn got it [from Fowler](https://www.espn.com/nfl/story/_/id/46836431/nfl-week-10-trade-deadline-buzz-news-updates-fantasy-intel-questions-predictions).

> Teams I spoke to believed Cincinnati wanted a second-rounder for him. Dallas, which pursued Hendrickson, considered that steep.

For context, the rumor was that Trey's agent promised Cincy a first-round pick during the offseason, and there was still a rumor that we wanted a first for him [as of a few days ago](https://reddit.com/r/bengals/comments/1onh1ah/bengals_still_asking_for_firstround_pick_for_trey/).

And for comparison, he's *probably* worth a late 3rd comp pick in '27 if we let him go in free agency and he stays healthy on a new team.

But yeah, it looks like Cincy lowered their standards and there still wasn't enough interest from other teams. The second round pick is fair",14276.0,negative,0.039,0.835,0.126,0.8493
1op9tws,1762374845.0,206,0.99,69,Rumor,"The Bengals apparently wanted a 2nd round pick for Trey [From Rapien](https://www.si.com/nfl/bengals/onsi/news/report-cincinnati-bengals-had-asking-price-for-trey-hendrickson-at-trade-deadline-01k9a90fz6ww) who in turn got it [from Fowler](https://www.espn.com/nfl/story/_/id/46836431/nfl-week-10-trade-deadline-buzz-news-updates-fantasy-intel-questions-predictions).

> Teams I spoke to believed Cincinnati wanted a second-rounder for him. Dallas, which pursued Hendrickson, considered that steep.

For context, the rumor was that Trey's agent promised Cincy a first-round pick during the offseason, and there was still a rumor that we wanted a first for him [as of a few days ago](https://reddit.com/r/bengals/comments/1onh1ah/bengals_still_asking_for_firstround_pick_for_trey/).

And for comparison, he's *probably* worth a late 3rd comp pick in '27 if we let him go in free agency and he stays healthy on a new team.

But yeah, it looks like Cincy lowered their standards and there still wasn't enough interest from other teams. Maybe could have gotten that this past offseason when they were asking for a first. Unreal.",14276.0,negative,0.037,0.865,0.098,0.7415
1op9tws,1762381697.0,206,0.99,69,Rumor,"The Bengals apparently wanted a 2nd round pick for Trey [From Rapien](https://www.si.com/nfl/bengals/onsi/news/report-cincinnati-bengals-had-asking-price-for-trey-hendrickson-at-trade-deadline-01k9a90fz6ww) who in turn got it [from Fowler](https://www.espn.com/nfl/story/_/id/46836431/nfl-week-10-trade-deadline-buzz-news-updates-fantasy-intel-questions-predictions).

> Teams I spoke to believed Cincinnati wanted a second-rounder for him. Dallas, which pursued Hendrickson, considered that steep.

For context, the rumor was that Trey's agent promised Cincy a first-round pick during the offseason, and there was still a rumor that we wanted a first for him [as of a few days ago](https://reddit.com/r/bengals/comments/1onh1ah/bengals_still_asking_for_firstround_pick_for_trey/).

And for comparison, he's *probably* worth a late 3rd comp pick in '27 if we let him go in free agency and he stays healthy on a new team.

But yeah, it looks like Cincy lowered their standards and there still wasn't enough interest from other teams. When I was chatting with my buddy about this, I suggested a third round pick for Trey. 

I think I would have been happy with that but I understand why they didn't bother",14276.0,neutral,0.033,0.831,0.136,0.9311
1op9tws,1762386547.0,206,0.99,69,Rumor,"The Bengals apparently wanted a 2nd round pick for Trey [From Rapien](https://www.si.com/nfl/bengals/onsi/news/report-cincinnati-bengals-had-asking-price-for-trey-hendrickson-at-trade-deadline-01k9a90fz6ww) who in turn got it [from Fowler](https://www.espn.com/nfl/story/_/id/46836431/nfl-week-10-trade-deadline-buzz-news-updates-fantasy-intel-questions-predictions).

> Teams I spoke to believed Cincinnati wanted a second-rounder for him. Dallas, which pursued Hendrickson, considered that steep.

For context, the rumor was that Trey's agent promised Cincy a first-round pick during the offseason, and there was still a rumor that we wanted a first for him [as of a few days ago](https://reddit.com/r/bengals/comments/1onh1ah/bengals_still_asking_for_firstround_pick_for_trey/).

And for comparison, he's *probably* worth a late 3rd comp pick in '27 if we let him go in free agency and he stays healthy on a new team.

But yeah, it looks like Cincy lowered their standards and there still wasn't enough interest from other teams. Poor Trey. He's gunna be franchised next year.",14276.0,negative,0.069,0.83,0.101,0.2801
1op9tws,1762406713.0,206,0.99,69,Rumor,"The Bengals apparently wanted a 2nd round pick for Trey [From Rapien](https://www.si.com/nfl/bengals/onsi/news/report-cincinnati-bengals-had-asking-price-for-trey-hendrickson-at-trade-deadline-01k9a90fz6ww) who in turn got it [from Fowler](https://www.espn.com/nfl/story/_/id/46836431/nfl-week-10-trade-deadline-buzz-news-updates-fantasy-intel-questions-predictions).

> Teams I spoke to believed Cincinnati wanted a second-rounder for him. Dallas, which pursued Hendrickson, considered that steep.

For context, the rumor was that Trey's agent promised Cincy a first-round pick during the offseason, and there was still a rumor that we wanted a first for him [as of a few days ago](https://reddit.com/r/bengals/comments/1onh1ah/bengals_still_asking_for_firstround_pick_for_trey/).

And for comparison, he's *probably* worth a late 3rd comp pick in '27 if we let him go in free agency and he stays healthy on a new team.

But yeah, it looks like Cincy lowered their standards and there still wasn't enough interest from other teams. He's hurt on an expiring contract. Yea thats fucking steep. I can't with these people anymore.",14276.0,neutral,0.069,0.836,0.095,0.1729
1op9tws,1762412292.0,206,0.99,69,Rumor,"The Bengals apparently wanted a 2nd round pick for Trey [From Rapien](https://www.si.com/nfl/bengals/onsi/news/report-cincinnati-bengals-had-asking-price-for-trey-hendrickson-at-trade-deadline-01k9a90fz6ww) who in turn got it [from Fowler](https://www.espn.com/nfl/story/_/id/46836431/nfl-week-10-trade-deadline-buzz-news-updates-fantasy-intel-questions-predictions).

> Teams I spoke to believed Cincinnati wanted a second-rounder for him. Dallas, which pursued Hendrickson, considered that steep.

For context, the rumor was that Trey's agent promised Cincy a first-round pick during the offseason, and there was still a rumor that we wanted a first for him [as of a few days ago](https://reddit.com/r/bengals/comments/1onh1ah/bengals_still_asking_for_firstround_pick_for_trey/).

And for comparison, he's *probably* worth a late 3rd comp pick in '27 if we let him go in free agency and he stays healthy on a new team.

But yeah, it looks like Cincy lowered their standards and there still wasn't enough interest from other teams. Just so they can draft another defensive bust with horrible college production",14276.0,positive,0.071,0.823,0.106,0.1729
1op9tws,1762366119.0,206,0.99,69,Rumor,"The Bengals apparently wanted a 2nd round pick for Trey [From Rapien](https://www.si.com/nfl/bengals/onsi/news/report-cincinnati-bengals-had-asking-price-for-trey-hendrickson-at-trade-deadline-01k9a90fz6ww) who in turn got it [from Fowler](https://www.espn.com/nfl/story/_/id/46836431/nfl-week-10-trade-deadline-buzz-news-updates-fantasy-intel-questions-predictions).

> Teams I spoke to believed Cincinnati wanted a second-rounder for him. Dallas, which pursued Hendrickson, considered that steep.

For context, the rumor was that Trey's agent promised Cincy a first-round pick during the offseason, and there was still a rumor that we wanted a first for him [as of a few days ago](https://reddit.com/r/bengals/comments/1onh1ah/bengals_still_asking_for_firstround_pick_for_trey/).

And for comparison, he's *probably* worth a late 3rd comp pick in '27 if we let him go in free agency and he stays healthy on a new team.

But yeah, it looks like Cincy lowered their standards and there still wasn't enough interest from other teams. Could have got on easily 6 months ago plus more.",14276.0,negative,0.038,0.838,0.125,0.8548
1op9tws,1762367628.0,206,0.99,69,Rumor,"The Bengals apparently wanted a 2nd round pick for Trey [From Rapien](https://www.si.com/nfl/bengals/onsi/news/report-cincinnati-bengals-had-asking-price-for-trey-hendrickson-at-trade-deadline-01k9a90fz6ww) who in turn got it [from Fowler](https://www.espn.com/nfl/story/_/id/46836431/nfl-week-10-trade-deadline-buzz-news-updates-fantasy-intel-questions-predictions).

> Teams I spoke to believed Cincinnati wanted a second-rounder for him. Dallas, which pursued Hendrickson, considered that steep.

For context, the rumor was that Trey's agent promised Cincy a first-round pick during the offseason, and there was still a rumor that we wanted a first for him [as of a few days ago](https://reddit.com/r/bengals/comments/1onh1ah/bengals_still_asking_for_firstround_pick_for_trey/).

And for comparison, he's *probably* worth a late 3rd comp pick in '27 if we let him go in free agency and he stays healthy on a new team.

But yeah, it looks like Cincy lowered their standards and there still wasn't enough interest from other teams. For the life of me I will never understand how trade valuation works. 

Like I get downvoted for saying would've been nice to get better than a 7th for Wilson.   But to me being worth a 7th round pick says ""you're only barely good enough to play on a practice squad in the NFL"" but if that's the case then why would the team want him in the first place? If you genuinely think he's serviceable enough to fill the gap your team has then isn't that worth at least a 6th?",14276.0,neutral,0.022,0.811,0.167,0.9819
1op9tws,1762369860.0,206,0.99,69,Rumor,"The Bengals apparently wanted a 2nd round pick for Trey [From Rapien](https://www.si.com/nfl/bengals/onsi/news/report-cincinnati-bengals-had-asking-price-for-trey-hendrickson-at-trade-deadline-01k9a90fz6ww) who in turn got it [from Fowler](https://www.espn.com/nfl/story/_/id/46836431/nfl-week-10-trade-deadline-buzz-news-updates-fantasy-intel-questions-predictions).

> Teams I spoke to believed Cincinnati wanted a second-rounder for him. Dallas, which pursued Hendrickson, considered that steep.

For context, the rumor was that Trey's agent promised Cincy a first-round pick during the offseason, and there was still a rumor that we wanted a first for him [as of a few days ago](https://reddit.com/r/bengals/comments/1onh1ah/bengals_still_asking_for_firstround_pick_for_trey/).

And for comparison, he's *probably* worth a late 3rd comp pick in '27 if we let him go in free agency and he stays healthy on a new team.

But yeah, it looks like Cincy lowered their standards and there still wasn't enough interest from other teams. The issue is you also have to pay him. Giving a guy over 30 a long term contract is risky business. So it’s not just the pick, it’s a monster contract that has to be weighed against a team’s upcoming expenditures.",14276.0,negative,0.054,0.844,0.101,0.7636
1op0zaz,1762344537.0,240392,0.99,32,Football,"Real. 😂 #WhoDey Final score 1:39 later… 
Cowboys 142     Bengals 141",7853607.0,neutral,0.0,1.0,0.0,0.0
1op0zaz,1762345163.0,63680,0.99,32,Football,Real. 😂 #WhoDey Up 14 with 1 39. So there's a chance we lose still,2080426.0,positive,0.18,0.668,0.152,-0.1082
1op0zaz,1762348237.0,14328,0.99,32,Football,Real. 😂 #WhoDey Yeah that’s a perfect score for us to lose that game nice touch,468096.0,neutral,0.126,0.467,0.407,0.7184
1op0zaz,1762344603.0,13532,0.99,32,Football,Real. 😂 #WhoDey Logan Wilson giving them all our secrets!,442090.0,neutral,0.0,0.748,0.252,0.4003
1op0zaz,1762348158.0,4776,0.99,32,Football,Real. 😂 #WhoDey Lets be honest with ourselves at least Jerry went out and got some defensive players at the deadline. It remains ti be seen if they make a difference but at least they are trying to improve,156032.0,neutral,0.0,0.828,0.172,0.7227
1op0zaz,1762345008.0,3980,0.99,32,Football,"Real. 😂 #WhoDey Inaccurate, this would be in the first half",130027.0,neutral,0.0,1.0,0.0,0.0
1op0zaz,1762346854.0,4776,0.99,32,Football,Real. 😂 #WhoDey I would think they would end up tied.,156032.0,negative,0.0,1.0,0.0,0.0
1op0zaz,1762346674.0,2388,0.99,32,Football,"Real. 😂 #WhoDey Maybe this would be the game to make Jerry Jones’ head pop like a zit.  
 
Because Tom Landry’s ghost deserves that.",78016.0,negative,0.093,0.806,0.101,0.0516
1op0zaz,1762348762.0,2388,0.99,32,Football,Real. 😂 #WhoDey Now they have Logan. He knows how to stop our offense,78016.0,neutral,0.276,0.724,0.0,-0.4939
1op0zaz,1762358958.0,1592,0.99,32,Football,Real. 😂 #WhoDey a win is a win,52011.0,neutral,0.0,0.283,0.717,0.8225
1op0zaz,1762359762.0,796,0.99,32,Football,Real. 😂 #WhoDey Might want to reverse those scores. No way the Bengals defense holds them under 100 if they score 88.,26005.0,positive,0.096,0.783,0.122,-0.1027
1op0zaz,1762360628.0,796,0.99,32,Football,Real. 😂 #WhoDey Why are the bengals leading?,26005.0,neutral,0.0,1.0,0.0,0.0
1op0zaz,1762364377.0,796,0.99,32,Football,Real. 😂 #WhoDey Logan Wilson would sack Flacco and return the fumble for the game winning TD,26005.0,positive,0.0,0.815,0.185,0.5267
1op0zaz,1762370010.0,796,0.99,32,Football,Real. 😂 #WhoDey Just enough time for us to still lose too,26005.0,neutral,0.213,0.787,0.0,-0.4019
1op0zaz,1762380415.0,796,0.99,32,Football,"Real. 😂 #WhoDey I hate bad defense, way more than bad offense, but I’ve always kinda wanted to see an NFL game score that resembles a low scoring NBA game.",26005.0,positive,0.333,0.629,0.037,-0.8352
1op0zaz,1762387930.0,796,0.99,32,Football,Real. 😂 #WhoDey Every drive is a score,26005.0,negative,0.0,1.0,0.0,0.0
1op0zaz,1762389766.0,796,0.99,32,Football,Real. 😂 #WhoDey And the Bengals would STILL find a way to lose.,26005.0,negative,0.213,0.787,0.0,-0.4019
1op0zaz,1762404995.0,796,0.99,32,Football,Real. 😂 #WhoDey Reverse the score.,26005.0,negative,0.0,1.0,0.0,0.0
1op0zaz,1762439813.0,796,0.99,32,Football,Real. 😂 #WhoDey At least Chase will be cooking for my fantasy team,26005.0,negative,0.0,1.0,0.0,0.0
1op0zaz,1762564690.0,796,0.99,32,Football,Real. 😂 #WhoDey Probably flip the scoreboard lol,26005.0,neutral,0.0,0.682,0.318,0.4215
1oopq0d,1762306157.0,1899,0.98,5,Fandom,"Burrow starting in 2026 seeing a DE come barreling towards him 
 [Context](https://www.instagram.com/p/DQpGPYPgPhl/?igsh=MTVzNm0wbzBwemVjOQ==)",11166.0,neutral,0.0,1.0,0.0,0.0
1oojlz8,1762292039.0,29302,0.98,164,Football,No trade for Trey  I've watched this team for 4 decades. They will tag Trey Hendrickson next year and both Trey and the front office already know that,4738133.0,negative,0.078,0.922,0.0,-0.296
1oojlz8,1762291568.0,16744,0.98,164,Football,"No trade for Trey  Maybe no team offered more than a third round pick.  He *is* injured, and on the wrong side of 30.",2707505.0,negative,0.349,0.651,0.0,-0.8481
1oojlz8,1762291430.0,12740,0.98,164,Football,No trade for Trey  Should’ve traded this guy in the offseason tbf,2060058.0,negative,0.167,0.833,0.0,-0.296
1oojlz8,1762291570.0,7280,0.98,164,Football,No trade for Trey  I hate Mike and Katie so much.,1177176.0,negative,0.424,0.576,0.0,-0.7096
1oojlz8,1762291352.0,910,0.98,164,Football,"No trade for Trey  Thank god, at least we aren’t tanking for next season too",147147.0,neutral,0.117,0.638,0.245,0.34
1oojlz8,1762293025.0,1092,0.98,164,Football,No trade for Trey  Good. They'll tag him next year.,176576.0,neutral,0.168,0.611,0.221,0.1779
1oojlz8,1762294951.0,910,0.98,164,Football,No trade for Trey  Smart move by the Bengals they tag him in 2026 and still actually have a decent pass rush next year,147147.0,negative,0.085,0.811,0.104,0.128
1oojlz8,1762291342.0,2184,0.98,164,Football,No trade for Trey  Can anyone explain what the point of keeping him for the rest of this season is? ,353153.0,positive,0.104,0.896,0.0,-0.296
1oojlz8,1762297427.0,728,0.98,164,Football,"No trade for Trey  After more thought I’m happy about this. We can’t keep letting stars walk on defense and expect things to get better. He (and Logan/Hilton/Bell/Reader/etc) is a guy these rookies look up to. Hard worker. Respectful. Mid/low end prospect that turned into the Sack King and got paid for it. Shining example. 

Stop. Pissing. Off. Our. Star. Players. Especially on defense.",117718.0,neutral,0.111,0.692,0.197,0.7624
1oojlz8,1762291420.0,1274,0.98,164,Football,"No trade for Trey  Not to give anyone the benefit of the doubt but I suspect that large cap number was unmanageable for most ""buyers"" at this time.",206006.0,positive,0.195,0.696,0.109,-0.4019
1oojlz8,1762291609.0,1274,0.98,164,Football,"No trade for Trey  Genuinely, I’m glad we kept him. We can tag him next year if we want, and if he hasn’t fallen off we tag him again. 

He gets another year or two of guaranteed money, and we keep him for (likely) the last productive years of his career, without being locked into a long term deal.",206006.0,neutral,0.075,0.857,0.068,-0.1027
1oojlz8,1762295144.0,546,0.98,164,Football,"No trade for Trey  All the ""we gotta sign Trey or else"" folks flip-flopping like fish out of water.  Sorry, there's just no reason to trade him for less than a good deal when that's going to be bailing on the season.  

I get that the last two defensive performances give little cause for hope, but they weren't this bad early in the season.  This is a young defense that can be better if they get Trey back and get their feet under them.   I said better, not good.  But better gives us hope the way the offense is playing.  We still have most of the division slate ahead.  Anything can happen.

I hate people who want their team to quit.",88288.0,negative,0.082,0.678,0.24,0.9676
1oojlz8,1762291487.0,1638,0.98,164,Football,No trade for Trey  Absolute joke. Someone should be fired for eating assets like this.,264865.0,negative,0.261,0.45,0.288,-0.1027
1oojlz8,1762291815.0,1456,0.98,164,Football,No trade for Trey  I hate this team,235435.0,neutral,0.541,0.459,0.0,-0.7096
1oojlz8,1762292030.0,728,0.98,164,Football,"No trade for Trey  I wasn't wanting them to trade Trey. I wanted them to go get some veterans on D. Other teams did. We didn't.

I guess they ""like who they have in the building"".

Unfortunately most of them look garbage on the field.....",117718.0,negative,0.147,0.853,0.0,-0.6917
1oojlz8,1762291289.0,1638,0.98,164,Football,No trade for Trey  I'm sure people will ridicule the Bengals asking price but if the Colts were willing to spend 2 firsts on Sauce then 1 late first on Trey isn't entirely inconceivable,264865.0,negative,0.105,0.847,0.048,-0.2382
1oojlz8,1762291968.0,364,0.98,164,Football,"No trade for Trey  If the rumors are true and Duke is getting let go, I'd be surprised if they gave him the authority to make any trades.",58859.0,neutral,0.068,0.745,0.186,0.4215
1oojlz8,1762294113.0,364,0.98,164,Football,"No trade for Trey  The bigger issue is holding onto Ossai, CTB, and Geno Stone - 3 guys from a defense that should be blown up and completely rebuilt that are not under contract next year. None of them should be back next year and the Bengals will be emptier-handed.",58859.0,neutral,0.045,0.924,0.031,-0.1779
1oojlz8,1762291557.0,910,0.98,164,Football,"No trade for Trey  Hahah!  This team is a fucking joke.   Burrow, Jamar, and Tee should all demand trades.  Why should they squander the rest of their careers here, when nothing will ever get better.  ",147147.0,neutral,0.094,0.762,0.144,0.4561
1oojlz8,1762294586.0,182,0.98,164,Football,"No trade for Trey  I dont understand this sub’s fascination with getting a pick in the draft for Trey.

Literally look at their draft history in the past 5 years. They have not had a solid hit on defense and the only hits have been Burrow, Jamarr, and Tee. Thats literally it.

They cant do shit with draft picks.",29429.0,neutral,0.059,0.816,0.124,0.6098
1ooeegp,1762280939.0,39006,0.97,41,Fandom,"Katie take notes Please strive for something like this when you get handed full control. 

Per Underdog NFL on X  With the piss poor track record of us drafting quality players, trading them for someone who is actually good isn't a bad idea.",1589104.0,neutral,0.113,0.682,0.205,0.5789
1ooeegp,1762282914.0,30338,0.97,41,Fandom,"Katie take notes Please strive for something like this when you get handed full control. 

Per Underdog NFL on X  Katie doesn’t have an ounce of fight in her.  The Irsays loved to win.  The Browns don’t give a fuck about winning, just taking your hard earned money because you’re willing to give it to them despite decades of substandard performances.  ",1235970.0,negative,0.101,0.685,0.214,0.8555
1ooeegp,1762283827.0,6304,0.97,41,Fandom,"Katie take notes Please strive for something like this when you get handed full control. 

Per Underdog NFL on X  They'll need to borrow some half-empty used notepads after the school year ends, to actually take notes. The Bengals Way.",256825.0,negative,0.0,0.885,0.115,0.5859
1ooeegp,1762281165.0,11820,0.97,41,Fandom,"Katie take notes Please strive for something like this when you get handed full control. 

Per Underdog NFL on X  She will not",481547.0,negative,0.0,0.806,0.194,0.5859
1ooeegp,1762285459.0,3940,0.97,41,Fandom,"Katie take notes Please strive for something like this when you get handed full control. 

Per Underdog NFL on X  Bottom line is this family only looks at how this team will employ them.  That’s it.  But hey,  let’s talk about how Shamar is in a slump and he will improve.  Stop watching remember the titans or other football movies and pay attention to reality",160516.0,neutral,0.063,0.833,0.104,0.431
1ooeegp,1762304503.0,3152,0.97,41,Fandom,"Katie take notes Please strive for something like this when you get handed full control. 

Per Underdog NFL on X  I’ve worked with Katie personally and she can’t even string a sentence together properly much less run an organization like the Bengals. The Brown family has and always will only care about putting money in their own pockets, and they genuinely don’t give a single fuck about their fan base.",128412.0,negative,0.045,0.773,0.182,0.8225
1ooeegp,1762282199.0,6304,0.97,41,Fandom,"Katie take notes Please strive for something like this when you get handed full control. 

Per Underdog NFL on X  Bro, she’s gonna be worse than her dad",256825.0,negative,0.097,0.752,0.15,0.1779
1ooeegp,1762287415.0,3940,0.97,41,Fandom,"Katie take notes Please strive for something like this when you get handed full control. 

Per Underdog NFL on X  She's a true leader already. She would gut this team all the way down.",160516.0,negative,0.0,0.792,0.208,0.765
1ooeegp,1762296634.0,3546,0.97,41,Fandom,"Katie take notes Please strive for something like this when you get handed full control. 

Per Underdog NFL on X  Carlie is popping off. On the sidelines in a headset every game. Get it girl. We aren't doing shit, no one has any room to say a damn thing about how she's operating.

I like her.",144464.0,negative,0.044,0.756,0.199,0.8132
1ooeegp,1762290689.0,1182,0.97,41,Fandom,"Katie take notes Please strive for something like this when you get handed full control. 

Per Underdog NFL on X  She learned from her dad, who actually knew how to run a team…..

Kate on the other hand……",48155.0,negative,0.0,0.876,0.124,0.5859
1ooeegp,1762306247.0,394,0.97,41,Fandom,"Katie take notes Please strive for something like this when you get handed full control. 

Per Underdog NFL on X  Just not even worth comparing. Her father was a hyper competitive man that wanted everything in life, just the complete opposite of the conservative nature of the Brown family.",16052.0,neutral,0.033,0.84,0.127,0.5905
1ooeegp,1762347847.0,394,0.97,41,Fandom,"Katie take notes Please strive for something like this when you get handed full control. 

Per Underdog NFL on X  Take notes to sell the team",16052.0,negative,0.0,0.827,0.173,0.5859
1ooaamv,1762270576.0,171488,0.98,272,Rumor,"Mike Florio Reporting ""There is a bubbling of Duke Tobin, the de-facto GM is going to be out.""  Thoughts?  ![gif](giphy|Qy2VKY3xlI1QyR6Ix5)",45879900.0,negative,0.0,1.0,0.0,0.0
1ooaamv,1762270759.0,130272,0.98,272,Rumor,"Mike Florio Reporting ""There is a bubbling of Duke Tobin, the de-facto GM is going to be out.""  Thoughts?  Knowing this front office, they'll fire him and just roll his job into Katie's responsibilities to save some money.",34852971.0,negative,0.059,0.862,0.079,0.2023
1ooaamv,1762270807.0,56672,0.98,272,Rumor,"Mike Florio Reporting ""There is a bubbling of Duke Tobin, the de-facto GM is going to be out.""  Thoughts?  We're down so bad we're clinging to Florio throwing shit at the wall as our hope.",15162027.0,negative,0.193,0.738,0.069,-0.7344
1ooaamv,1762270651.0,32384,0.98,272,Rumor,"Mike Florio Reporting ""There is a bubbling of Duke Tobin, the de-facto GM is going to be out.""  Thoughts?  Please god… Mike Florio is about as credible as I am on this stuff, but please…",8664015.0,negative,0.0,0.951,0.049,0.1655
1ooaamv,1762270770.0,8096,0.98,272,Rumor,"Mike Florio Reporting ""There is a bubbling of Duke Tobin, the de-facto GM is going to be out.""  Thoughts?  ![gif](giphy|pTQUOfSmjo2hG)",2166004.0,negative,0.0,1.0,0.0,0.0
1ooaamv,1762270815.0,7360,0.98,272,Rumor,"Mike Florio Reporting ""There is a bubbling of Duke Tobin, the de-facto GM is going to be out.""  Thoughts?  Don’t threaten me with a good time",1969094.0,negative,0.095,0.8,0.105,0.0772
1ooaamv,1762270640.0,13984,0.98,272,Rumor,"Mike Florio Reporting ""There is a bubbling of Duke Tobin, the de-facto GM is going to be out.""  Thoughts?  ![gif](giphy|g0mzdiXspEFYdH0ojf)",3741279.0,negative,0.0,1.0,0.0,0.0
1ooaamv,1762271053.0,5152,0.98,272,Rumor,"Mike Florio Reporting ""There is a bubbling of Duke Tobin, the de-facto GM is going to be out.""  Thoughts?  https://preview.redd.it/xwwifbylg9zf1.jpeg?width=654&format=pjpg&auto=webp&s=ea6eb249e744704e2b93f3ac502aad6beb334621",1378366.0,negative,0.0,1.0,0.0,0.0
1ooaamv,1762270893.0,11776,0.98,272,Rumor,"Mike Florio Reporting ""There is a bubbling of Duke Tobin, the de-facto GM is going to be out.""  Thoughts?  At my company they are eliminating roles and then handing the leftover responsibilities to “AI” - I’d take ChatGPT over Duke tobin right now…let’s see if Mike gets creative here",3150551.0,negative,0.0,0.941,0.059,0.4404
1ooaamv,1762270879.0,3680,0.98,272,Rumor,"Mike Florio Reporting ""There is a bubbling of Duke Tobin, the de-facto GM is going to be out.""  Thoughts?  Life imitates art. They are going to get my hopes up just like Sunday with 54 seconds left just to inevitably let me down.",984547.0,negative,0.0,0.883,0.117,0.6486
1ooaamv,1762271006.0,3680,0.98,272,Rumor,"Mike Florio Reporting ""There is a bubbling of Duke Tobin, the de-facto GM is going to be out.""  Thoughts?  I call bullshit",984547.0,negative,0.167,0.833,0.0,-0.5859
1ooaamv,1762271079.0,2576,0.98,272,Rumor,"Mike Florio Reporting ""There is a bubbling of Duke Tobin, the de-facto GM is going to be out.""  Thoughts?  If this happens, the real question is whether or not they want to join the late 20th century and bring in an actual front office. I doubt they'd join the 21st under any circumstances.",689183.0,negative,0.068,0.853,0.08,0.1724
1ooaamv,1762271269.0,2208,0.98,272,Rumor,"Mike Florio Reporting ""There is a bubbling of Duke Tobin, the de-facto GM is going to be out.""  Thoughts?  I’ve never wanted Mike Florio to be so right for once in my entire life",590728.0,negative,0.0,1.0,0.0,0.0
1ooaamv,1762278666.0,2944,0.98,272,Rumor,"Mike Florio Reporting ""There is a bubbling of Duke Tobin, the de-facto GM is going to be out.""  Thoughts?  It's amazing that Zac reprimands Chase Brown while the dude is out there doing fucking flips over defenders trying to make plays. Get real, Zac. What the hell. 

Meanwhile you've got the D out there picking their noses and playing grabass and all he has to say about it is ""we just need that one play, we just need someone to step up"". This guy has absolutely zero ability to command and be firm.",787638.0,negative,0.045,0.818,0.138,0.7609
1ooaamv,1762271410.0,1840,0.98,272,Rumor,"Mike Florio Reporting ""There is a bubbling of Duke Tobin, the de-facto GM is going to be out.""  Thoughts?  ""Duke Tobin will be stepping down from his position of Director of Personnel......... And will be promoted to Supreme Executive Commander of Roster Construction. Hail Tobin.""",492274.0,negative,0.0,0.842,0.158,0.7717
1ooaamv,1762271768.0,1840,0.98,272,Rumor,"Mike Florio Reporting ""There is a bubbling of Duke Tobin, the de-facto GM is going to be out.""  Thoughts?  Fire him into the fucking Sun.",492274.0,negative,0.094,0.906,0.0,-0.34
1ooaamv,1762277209.0,1840,0.98,272,Rumor,"Mike Florio Reporting ""There is a bubbling of Duke Tobin, the de-facto GM is going to be out.""  Thoughts?  Zac saying Chase Brown didn’t do everything he could is wildly insulting. That guy leaves everything on the field every game. Zac can fuck off",492274.0,negative,0.14,0.86,0.0,-0.7717
1ooaamv,1762270851.0,4784,0.98,272,Rumor,"Mike Florio Reporting ""There is a bubbling of Duke Tobin, the de-facto GM is going to be out.""  Thoughts?  The scary thing is what would happen after Duke. Is a real GM going to want to join such a constrained organisation? ",1279911.0,negative,0.117,0.801,0.082,-0.3527
1ooaamv,1762270932.0,1104,0.98,272,Rumor,"Mike Florio Reporting ""There is a bubbling of Duke Tobin, the de-facto GM is going to be out.""  Thoughts?  ![gif](giphy|QVP7DawXZitKYg3AX5)",295364.0,negative,0.0,1.0,0.0,0.0
1ooaamv,1762272964.0,1104,0.98,272,Rumor,"Mike Florio Reporting ""There is a bubbling of Duke Tobin, the de-facto GM is going to be out.""  Thoughts?  As much as Duke needs to move on, Katie and Troy need to remove themselves from contract negotiations. They aren't good at them and royally fuck the team with their structures. It's never happening but a man can dream.",295364.0,negative,0.066,0.891,0.042,-0.1162
1oo0q0b,1762244854.0,7700,0.81,74,Fact,"I don't know if this is appropriate but Zac Taylor needs to shut the F up This situation with Chase and Jamar is ridiculous. This guy is a true loser and has NEVER had success outside of watching talent save him. He's got a horrendous offensive scheme and we all know it. The entire offensive playbook for 4 years has been 1. Throw a screen pass on 1st down, 2. Try to run it from the shotgun, 3. Throw a screen pass on 3rd and 8, 4. Joe throw it up theres Tee and Jamar out there somewhere. Chase brown is valid in every way in his criticism because not only is this highschool defense actually this bad, but Zac Taylor has spent the last 3-4yrs being one of the worst play callers I have ever seen and it isn't close The actual play in the playbook is called ""Surprise Zac Attack 3 yard special.""",467775.0,negative,0.223,0.662,0.115,-0.978
1oo0q0b,1762261817.0,10080,0.81,74,Fact,"I don't know if this is appropriate but Zac Taylor needs to shut the F up This situation with Chase and Jamar is ridiculous. This guy is a true loser and has NEVER had success outside of watching talent save him. He's got a horrendous offensive scheme and we all know it. The entire offensive playbook for 4 years has been 1. Throw a screen pass on 1st down, 2. Try to run it from the shotgun, 3. Throw a screen pass on 3rd and 8, 4. Joe throw it up theres Tee and Jamar out there somewhere. Chase brown is valid in every way in his criticism because not only is this highschool defense actually this bad, but Zac Taylor has spent the last 3-4yrs being one of the worst play callers I have ever seen and it isn't close There are huge issues on this team but you want to complain about offensive play calling when they've literally scored over 100 points over the previous 3 weeks is ridiculous!",612360.0,negative,0.232,0.657,0.111,-0.9849
1oo0q0b,1762254923.0,9520,0.81,74,Fact,"I don't know if this is appropriate but Zac Taylor needs to shut the F up This situation with Chase and Jamar is ridiculous. This guy is a true loser and has NEVER had success outside of watching talent save him. He's got a horrendous offensive scheme and we all know it. The entire offensive playbook for 4 years has been 1. Throw a screen pass on 1st down, 2. Try to run it from the shotgun, 3. Throw a screen pass on 3rd and 8, 4. Joe throw it up theres Tee and Jamar out there somewhere. Chase brown is valid in every way in his criticism because not only is this highschool defense actually this bad, but Zac Taylor has spent the last 3-4yrs being one of the worst play callers I have ever seen and it isn't close I get the players frustration but ZTs doing his job. Infighting in the locker room won’t help anything. But the fact that 99% of your rant is about ZTs offense is wild. For the second straight season our offense could compete with anybody and the defense would lose to ncaa teams. But you want to talk about offense. Not the historically bad defense! Offense?",578340.0,negative,0.249,0.646,0.105,-0.9922
1oo0q0b,1762264173.0,1820,0.81,74,Fact,"I don't know if this is appropriate but Zac Taylor needs to shut the F up This situation with Chase and Jamar is ridiculous. This guy is a true loser and has NEVER had success outside of watching talent save him. He's got a horrendous offensive scheme and we all know it. The entire offensive playbook for 4 years has been 1. Throw a screen pass on 1st down, 2. Try to run it from the shotgun, 3. Throw a screen pass on 3rd and 8, 4. Joe throw it up theres Tee and Jamar out there somewhere. Chase brown is valid in every way in his criticism because not only is this highschool defense actually this bad, but Zac Taylor has spent the last 3-4yrs being one of the worst play callers I have ever seen and it isn't close Are you aware that we are the highest scoring offense since that flacco trade? We literally put up over 80 points and your saying something is wrong? Your a moron dude.

The defense is atrocious but very clearly the offense works",110565.0,negative,0.233,0.67,0.098,-0.988
1oo0q0b,1762266382.0,840,0.81,74,Fact,"I don't know if this is appropriate but Zac Taylor needs to shut the F up This situation with Chase and Jamar is ridiculous. This guy is a true loser and has NEVER had success outside of watching talent save him. He's got a horrendous offensive scheme and we all know it. The entire offensive playbook for 4 years has been 1. Throw a screen pass on 1st down, 2. Try to run it from the shotgun, 3. Throw a screen pass on 3rd and 8, 4. Joe throw it up theres Tee and Jamar out there somewhere. Chase brown is valid in every way in his criticism because not only is this highschool defense actually this bad, but Zac Taylor has spent the last 3-4yrs being one of the worst play callers I have ever seen and it isn't close With a historically inept defense costing them basically every game, you pick *now* to rail on the fact that offensive talent is bailing Zac out on poor scheming and playcalling? 

“You’re not wrong, Walter, you’re just an asshole.”",51030.0,negative,0.212,0.675,0.113,-0.9801
1oo0q0b,1762267370.0,700,0.81,74,Fact,"I don't know if this is appropriate but Zac Taylor needs to shut the F up This situation with Chase and Jamar is ridiculous. This guy is a true loser and has NEVER had success outside of watching talent save him. He's got a horrendous offensive scheme and we all know it. The entire offensive playbook for 4 years has been 1. Throw a screen pass on 1st down, 2. Try to run it from the shotgun, 3. Throw a screen pass on 3rd and 8, 4. Joe throw it up theres Tee and Jamar out there somewhere. Chase brown is valid in every way in his criticism because not only is this highschool defense actually this bad, but Zac Taylor has spent the last 3-4yrs being one of the worst play callers I have ever seen and it isn't close That locker room is toast. You’ve got your worst defensive players with starting jobs laughing at the media saying “see you Monday” bench that ass",42525.0,negative,0.235,0.661,0.104,-0.9869
1oo0q0b,1762273721.0,700,0.81,74,Fact,"I don't know if this is appropriate but Zac Taylor needs to shut the F up This situation with Chase and Jamar is ridiculous. This guy is a true loser and has NEVER had success outside of watching talent save him. He's got a horrendous offensive scheme and we all know it. The entire offensive playbook for 4 years has been 1. Throw a screen pass on 1st down, 2. Try to run it from the shotgun, 3. Throw a screen pass on 3rd and 8, 4. Joe throw it up theres Tee and Jamar out there somewhere. Chase brown is valid in every way in his criticism because not only is this highschool defense actually this bad, but Zac Taylor has spent the last 3-4yrs being one of the worst play callers I have ever seen and it isn't close You can't win football games with half a team. You can have the mightiest offense that ever existed but if your defense can't stop a team that hasn't won a game the whole season, and gives up a game, and then essentially repeats the same error the following week, both games at home in front of a large crowd; both games which must be won (and seen by both the fans, the columnists, and the team as utterly demoralizing) then the absolute ineptness of the defense falls onto the shoulders of the HC. He's the boss, it's his team, the other coaches report to him. 


This lack of care/morale destroyer is one hundred percent the fault of the HC. He's lost the locker room when the offense starts calling out the defense to the media. It underscores a leadership/open door policy problem with the locker room. The players aren't taking the game seriously any longer (""see you Monday!""), because they know nothing will happen. You can't solve a problem like this with trades, threats, or emotional speeches. The issue is lack of production. Sure, blame Golden because it's as much his fault as Taylor, but they're both to blame, and any team in this league they'd have been on the hot seat after the Jets loss, and fired the next week after the Bears loss. 


The Bengals front office is too concerned with contracts and money to do the right thing here and cut ties with the issues. Would things change immediately? No, no they would not. Short term the team would limp through the remainder of the season (which most say is already lost). But it would do a hell of a lot of good to reinvigorate the naysayers and fans. It'd give confidence in the team that they're working to give us quality product on the field, not pulling the wool over our eyes for merchandise and ticket sales. 


So in conclusion: The Offense? Firing on all cylinders. Defense? Truly dismal. Couldn't stop anything. Coaching? The culture needs to change in order to be effective again. Oh and get rid of Tobin while we're at it, too.",42525.0,negative,0.227,0.686,0.087,-0.9983
1oo0q0b,1762260829.0,840,0.81,74,Fact,"I don't know if this is appropriate but Zac Taylor needs to shut the F up This situation with Chase and Jamar is ridiculous. This guy is a true loser and has NEVER had success outside of watching talent save him. He's got a horrendous offensive scheme and we all know it. The entire offensive playbook for 4 years has been 1. Throw a screen pass on 1st down, 2. Try to run it from the shotgun, 3. Throw a screen pass on 3rd and 8, 4. Joe throw it up theres Tee and Jamar out there somewhere. Chase brown is valid in every way in his criticism because not only is this highschool defense actually this bad, but Zac Taylor has spent the last 3-4yrs being one of the worst play callers I have ever seen and it isn't close Run it up the middle with 8 to 11 in the box.  

SMASHMOUFFFFFFF!!!! Not quite smash mouth as our line lacks teeth.",51030.0,negative,0.205,0.711,0.084,-0.9816
1oo0q0b,1762269071.0,280,0.81,74,Fact,"I don't know if this is appropriate but Zac Taylor needs to shut the F up This situation with Chase and Jamar is ridiculous. This guy is a true loser and has NEVER had success outside of watching talent save him. He's got a horrendous offensive scheme and we all know it. The entire offensive playbook for 4 years has been 1. Throw a screen pass on 1st down, 2. Try to run it from the shotgun, 3. Throw a screen pass on 3rd and 8, 4. Joe throw it up theres Tee and Jamar out there somewhere. Chase brown is valid in every way in his criticism because not only is this highschool defense actually this bad, but Zac Taylor has spent the last 3-4yrs being one of the worst play callers I have ever seen and it isn't close Zack is in the right to say whatever the fuck he wants to say. The GM and the ownership are the dumb fucks for keeping a guy who has never won shit and allowing him to run his stupid mouth about whatever the fuck he wants. Fire Zack for fucks sake but this one ain't on him.",17010.0,negative,0.282,0.639,0.079,-0.9957
1oo0q0b,1762275466.0,280,0.81,74,Fact,"I don't know if this is appropriate but Zac Taylor needs to shut the F up This situation with Chase and Jamar is ridiculous. This guy is a true loser and has NEVER had success outside of watching talent save him. He's got a horrendous offensive scheme and we all know it. The entire offensive playbook for 4 years has been 1. Throw a screen pass on 1st down, 2. Try to run it from the shotgun, 3. Throw a screen pass on 3rd and 8, 4. Joe throw it up theres Tee and Jamar out there somewhere. Chase brown is valid in every way in his criticism because not only is this highschool defense actually this bad, but Zac Taylor has spent the last 3-4yrs being one of the worst play callers I have ever seen and it isn't close You are complaining about the offense?",17010.0,negative,0.24,0.67,0.09,-0.9841
1oo0q0b,1762285543.0,280,0.81,74,Fact,"I don't know if this is appropriate but Zac Taylor needs to shut the F up This situation with Chase and Jamar is ridiculous. This guy is a true loser and has NEVER had success outside of watching talent save him. He's got a horrendous offensive scheme and we all know it. The entire offensive playbook for 4 years has been 1. Throw a screen pass on 1st down, 2. Try to run it from the shotgun, 3. Throw a screen pass on 3rd and 8, 4. Joe throw it up theres Tee and Jamar out there somewhere. Chase brown is valid in every way in his criticism because not only is this highschool defense actually this bad, but Zac Taylor has spent the last 3-4yrs being one of the worst play callers I have ever seen and it isn't close It’s hard to criticize play calling on offense when we have been putting up 40+ points. Not saying he makes great play calling decisions, but easy defense is “we score a shit ton”.

Defense allowing the other team to score a shit ton + 1 is the problem.",17010.0,negative,0.237,0.612,0.151,-0.9806
1oo0q0b,1762250929.0,980,0.81,74,Fact,"I don't know if this is appropriate but Zac Taylor needs to shut the F up This situation with Chase and Jamar is ridiculous. This guy is a true loser and has NEVER had success outside of watching talent save him. He's got a horrendous offensive scheme and we all know it. The entire offensive playbook for 4 years has been 1. Throw a screen pass on 1st down, 2. Try to run it from the shotgun, 3. Throw a screen pass on 3rd and 8, 4. Joe throw it up theres Tee and Jamar out there somewhere. Chase brown is valid in every way in his criticism because not only is this highschool defense actually this bad, but Zac Taylor has spent the last 3-4yrs being one of the worst play callers I have ever seen and it isn't close Go back to sleep bro",59535.0,negative,0.219,0.689,0.092,-0.9793
1oo0q0b,1762240588.0,1260,0.81,74,Fact,"I don't know if this is appropriate but Zac Taylor needs to shut the F up This situation with Chase and Jamar is ridiculous. This guy is a true loser and has NEVER had success outside of watching talent save him. He's got a horrendous offensive scheme and we all know it. The entire offensive playbook for 4 years has been 1. Throw a screen pass on 1st down, 2. Try to run it from the shotgun, 3. Throw a screen pass on 3rd and 8, 4. Joe throw it up theres Tee and Jamar out there somewhere. Chase brown is valid in every way in his criticism because not only is this highschool defense actually this bad, but Zac Taylor has spent the last 3-4yrs being one of the worst play callers I have ever seen and it isn't close Any other original takes?",76545.0,negative,0.217,0.675,0.108,-0.9744
1oo0q0b,1762267416.0,140,0.81,74,Fact,"I don't know if this is appropriate but Zac Taylor needs to shut the F up This situation with Chase and Jamar is ridiculous. This guy is a true loser and has NEVER had success outside of watching talent save him. He's got a horrendous offensive scheme and we all know it. The entire offensive playbook for 4 years has been 1. Throw a screen pass on 1st down, 2. Try to run it from the shotgun, 3. Throw a screen pass on 3rd and 8, 4. Joe throw it up theres Tee and Jamar out there somewhere. Chase brown is valid in every way in his criticism because not only is this highschool defense actually this bad, but Zac Taylor has spent the last 3-4yrs being one of the worst play callers I have ever seen and it isn't close Al Golden still has a job? Laughing out loud.",8505.0,negative,0.211,0.677,0.112,-0.97
1oo0q0b,1762292218.0,140,0.81,74,Fact,"I don't know if this is appropriate but Zac Taylor needs to shut the F up This situation with Chase and Jamar is ridiculous. This guy is a true loser and has NEVER had success outside of watching talent save him. He's got a horrendous offensive scheme and we all know it. The entire offensive playbook for 4 years has been 1. Throw a screen pass on 1st down, 2. Try to run it from the shotgun, 3. Throw a screen pass on 3rd and 8, 4. Joe throw it up theres Tee and Jamar out there somewhere. Chase brown is valid in every way in his criticism because not only is this highschool defense actually this bad, but Zac Taylor has spent the last 3-4yrs being one of the worst play callers I have ever seen and it isn't close I see a lot of people saying how many points we’ve put up being a sign of how awesome we are when really it’s because the other team scores so quickly and often that we get the ball right back instead of halting them after a slow grind and burning the clock. The offense is great, no doubt, but the high scores are probably 30% less with a defense that actually puts up a fight woth the clock. that being said the offense isn’t the problem, proud of our boys for continuing to show why they deserve another Super Bowl. Also that being said I stopped watching after the jets game and just tune into highlights lol",8505.0,negative,0.187,0.678,0.134,-0.9505
1oo0q0b,1762307382.0,140,0.81,74,Fact,"I don't know if this is appropriate but Zac Taylor needs to shut the F up This situation with Chase and Jamar is ridiculous. This guy is a true loser and has NEVER had success outside of watching talent save him. He's got a horrendous offensive scheme and we all know it. The entire offensive playbook for 4 years has been 1. Throw a screen pass on 1st down, 2. Try to run it from the shotgun, 3. Throw a screen pass on 3rd and 8, 4. Joe throw it up theres Tee and Jamar out there somewhere. Chase brown is valid in every way in his criticism because not only is this highschool defense actually this bad, but Zac Taylor has spent the last 3-4yrs being one of the worst play callers I have ever seen and it isn't close It’s just strange with the Chase Brown thing because it was a respectful honest response. Do we not want these guys to be bummed out for being embarrassed? I read that Zac was mad and expected this terrible interview with Brown, but he was articulate and complimentary at times and honest. Zac is basically saying lie to the media and don’t have competitive fire.",8505.0,negative,0.221,0.645,0.134,-0.9778
1oo0q0b,1762434956.0,140,0.81,74,Fact,"I don't know if this is appropriate but Zac Taylor needs to shut the F up This situation with Chase and Jamar is ridiculous. This guy is a true loser and has NEVER had success outside of watching talent save him. He's got a horrendous offensive scheme and we all know it. The entire offensive playbook for 4 years has been 1. Throw a screen pass on 1st down, 2. Try to run it from the shotgun, 3. Throw a screen pass on 3rd and 8, 4. Joe throw it up theres Tee and Jamar out there somewhere. Chase brown is valid in every way in his criticism because not only is this highschool defense actually this bad, but Zac Taylor has spent the last 3-4yrs being one of the worst play callers I have ever seen and it isn't close Anyone taking up bets on who our new d coordinator will be next year. Im betting on Matt Patricia.",8505.0,negative,0.204,0.71,0.086,-0.9793
1oo0q0b,1762435811.0,140,0.81,74,Fact,"I don't know if this is appropriate but Zac Taylor needs to shut the F up This situation with Chase and Jamar is ridiculous. This guy is a true loser and has NEVER had success outside of watching talent save him. He's got a horrendous offensive scheme and we all know it. The entire offensive playbook for 4 years has been 1. Throw a screen pass on 1st down, 2. Try to run it from the shotgun, 3. Throw a screen pass on 3rd and 8, 4. Joe throw it up theres Tee and Jamar out there somewhere. Chase brown is valid in every way in his criticism because not only is this highschool defense actually this bad, but Zac Taylor has spent the last 3-4yrs being one of the worst play callers I have ever seen and it isn't close You need to watch more football besides the Bengals if this is the first play calling you’ve ever seen. ",8505.0,negative,0.201,0.699,0.1,-0.974
1oo0q0b,1762548691.0,140,0.81,74,Fact,"I don't know if this is appropriate but Zac Taylor needs to shut the F up This situation with Chase and Jamar is ridiculous. This guy is a true loser and has NEVER had success outside of watching talent save him. He's got a horrendous offensive scheme and we all know it. The entire offensive playbook for 4 years has been 1. Throw a screen pass on 1st down, 2. Try to run it from the shotgun, 3. Throw a screen pass on 3rd and 8, 4. Joe throw it up theres Tee and Jamar out there somewhere. Chase brown is valid in every way in his criticism because not only is this highschool defense actually this bad, but Zac Taylor has spent the last 3-4yrs being one of the worst play callers I have ever seen and it isn't close I think you misspelled chase brown. If you ain't perfect you ain't got no room to talk. Chase can just as easily be blamed. He's been horrible most of the year.",8505.0,negative,0.239,0.66,0.101,-0.9884
1onpsxj,1762208386.0,400707,0.98,178,Fact,"This front office has lost its damn mind This front office has completely lost its mind.

Last year I shelled out $5,400 for 9 home games. That’s $300 a seat to watch a team that spent the season inventing new ways to blow coverage, miss tackles, and make every backup QB look like a Hall of Famer. The defense is trending toward historically bad — like, “worst in NFL  history” bad — and now they’re coming back with a $6,500 price tag for 8 home games next year?

Let me get this straight — you cut a regular season game, field the worst defense EVER in football, and then think, “Hey, let’s charge fans $1,100 more for the privilege of watching this dumpster fire”? Are you out of your damn minds?

Spare me the “upgraded experience in the club level” nonsense. No one gives a single damn about “enhanced fan zones” or “improved concourse lighting.” We come to watch football, not to admire the stadium handrails all while the defense gives up 40 points to whoever’s throwing the ball that week.

You don’t reward regression with a price hike. You don’t jack up loyalty costs after fielding a product that’s borderline unwatchable on one side of the ball. The audacity is unreal.

$6,500 to watch this defense?
Get serious you clowns. ""additional funding from the NFL"" = higher ticket prices lmao",70292022.0,negative,0.151,0.735,0.114,-0.865
1onpsxj,1762208464.0,276741,0.98,178,Fact,"This front office has lost its damn mind This front office has completely lost its mind.

Last year I shelled out $5,400 for 9 home games. That’s $300 a seat to watch a team that spent the season inventing new ways to blow coverage, miss tackles, and make every backup QB look like a Hall of Famer. The defense is trending toward historically bad — like, “worst in NFL  history” bad — and now they’re coming back with a $6,500 price tag for 8 home games next year?

Let me get this straight — you cut a regular season game, field the worst defense EVER in football, and then think, “Hey, let’s charge fans $1,100 more for the privilege of watching this dumpster fire”? Are you out of your damn minds?

Spare me the “upgraded experience in the club level” nonsense. No one gives a single damn about “enhanced fan zones” or “improved concourse lighting.” We come to watch football, not to admire the stadium handrails all while the defense gives up 40 points to whoever’s throwing the ball that week.

You don’t reward regression with a price hike. You don’t jack up loyalty costs after fielding a product that’s borderline unwatchable on one side of the ball. The audacity is unreal.

$6,500 to watch this defense?
Get serious you clowns. The worst part is they want you to pay extra for upgrades that Hamilton county is funding, so they want you to pay for it doubly while they put an embarrassing product on the field. Fuck this ownership.",48545906.0,neutral,0.178,0.726,0.096,-0.9749
1onpsxj,1762209161.0,183330,0.98,178,Fact,"This front office has lost its damn mind This front office has completely lost its mind.

Last year I shelled out $5,400 for 9 home games. That’s $300 a seat to watch a team that spent the season inventing new ways to blow coverage, miss tackles, and make every backup QB look like a Hall of Famer. The defense is trending toward historically bad — like, “worst in NFL  history” bad — and now they’re coming back with a $6,500 price tag for 8 home games next year?

Let me get this straight — you cut a regular season game, field the worst defense EVER in football, and then think, “Hey, let’s charge fans $1,100 more for the privilege of watching this dumpster fire”? Are you out of your damn minds?

Spare me the “upgraded experience in the club level” nonsense. No one gives a single damn about “enhanced fan zones” or “improved concourse lighting.” We come to watch football, not to admire the stadium handrails all while the defense gives up 40 points to whoever’s throwing the ball that week.

You don’t reward regression with a price hike. You don’t jack up loyalty costs after fielding a product that’s borderline unwatchable on one side of the ball. The audacity is unreal.

$6,500 to watch this defense?
Get serious you clowns. I canceled my season tickets today.",32159749.0,neutral,0.156,0.743,0.101,-0.927
1onpsxj,1762208689.0,98649,0.98,178,Fact,"This front office has lost its damn mind This front office has completely lost its mind.

Last year I shelled out $5,400 for 9 home games. That’s $300 a seat to watch a team that spent the season inventing new ways to blow coverage, miss tackles, and make every backup QB look like a Hall of Famer. The defense is trending toward historically bad — like, “worst in NFL  history” bad — and now they’re coming back with a $6,500 price tag for 8 home games next year?

Let me get this straight — you cut a regular season game, field the worst defense EVER in football, and then think, “Hey, let’s charge fans $1,100 more for the privilege of watching this dumpster fire”? Are you out of your damn minds?

Spare me the “upgraded experience in the club level” nonsense. No one gives a single damn about “enhanced fan zones” or “improved concourse lighting.” We come to watch football, not to admire the stadium handrails all while the defense gives up 40 points to whoever’s throwing the ball that week.

You don’t reward regression with a price hike. You don’t jack up loyalty costs after fielding a product that’s borderline unwatchable on one side of the ball. The audacity is unreal.

$6,500 to watch this defense?
Get serious you clowns. FYI: The additional funding from the NFL for the stadium is essentially an interest-free loan from the NFL to the team to offset the Bengals' cost in the stadium renovations as part of the ""G5"" loan program. The Bengals pay back the NFL for a decrease in the shared revenue over a certain number of years.",17305008.0,neutral,0.133,0.756,0.111,-0.8245
1onpsxj,1762209487.0,52380,0.98,178,Fact,"This front office has lost its damn mind This front office has completely lost its mind.

Last year I shelled out $5,400 for 9 home games. That’s $300 a seat to watch a team that spent the season inventing new ways to blow coverage, miss tackles, and make every backup QB look like a Hall of Famer. The defense is trending toward historically bad — like, “worst in NFL  history” bad — and now they’re coming back with a $6,500 price tag for 8 home games next year?

Let me get this straight — you cut a regular season game, field the worst defense EVER in football, and then think, “Hey, let’s charge fans $1,100 more for the privilege of watching this dumpster fire”? Are you out of your damn minds?

Spare me the “upgraded experience in the club level” nonsense. No one gives a single damn about “enhanced fan zones” or “improved concourse lighting.” We come to watch football, not to admire the stadium handrails all while the defense gives up 40 points to whoever’s throwing the ball that week.

You don’t reward regression with a price hike. You don’t jack up loyalty costs after fielding a product that’s borderline unwatchable on one side of the ball. The audacity is unreal.

$6,500 to watch this defense?
Get serious you clowns. Yup the Brown family makes it easy to cancel",9188500.0,neutral,0.159,0.731,0.11,-0.9131
1onpsxj,1762209841.0,44523,0.98,178,Fact,"This front office has lost its damn mind This front office has completely lost its mind.

Last year I shelled out $5,400 for 9 home games. That’s $300 a seat to watch a team that spent the season inventing new ways to blow coverage, miss tackles, and make every backup QB look like a Hall of Famer. The defense is trending toward historically bad — like, “worst in NFL  history” bad — and now they’re coming back with a $6,500 price tag for 8 home games next year?

Let me get this straight — you cut a regular season game, field the worst defense EVER in football, and then think, “Hey, let’s charge fans $1,100 more for the privilege of watching this dumpster fire”? Are you out of your damn minds?

Spare me the “upgraded experience in the club level” nonsense. No one gives a single damn about “enhanced fan zones” or “improved concourse lighting.” We come to watch football, not to admire the stadium handrails all while the defense gives up 40 points to whoever’s throwing the ball that week.

You don’t reward regression with a price hike. You don’t jack up loyalty costs after fielding a product that’s borderline unwatchable on one side of the ball. The audacity is unreal.

$6,500 to watch this defense?
Get serious you clowns. Id rather give the money to panhandlers",7810225.0,neutral,0.154,0.745,0.101,-0.927
1onpsxj,1762210618.0,34047,0.98,178,Fact,"This front office has lost its damn mind This front office has completely lost its mind.

Last year I shelled out $5,400 for 9 home games. That’s $300 a seat to watch a team that spent the season inventing new ways to blow coverage, miss tackles, and make every backup QB look like a Hall of Famer. The defense is trending toward historically bad — like, “worst in NFL  history” bad — and now they’re coming back with a $6,500 price tag for 8 home games next year?

Let me get this straight — you cut a regular season game, field the worst defense EVER in football, and then think, “Hey, let’s charge fans $1,100 more for the privilege of watching this dumpster fire”? Are you out of your damn minds?

Spare me the “upgraded experience in the club level” nonsense. No one gives a single damn about “enhanced fan zones” or “improved concourse lighting.” We come to watch football, not to admire the stadium handrails all while the defense gives up 40 points to whoever’s throwing the ball that week.

You don’t reward regression with a price hike. You don’t jack up loyalty costs after fielding a product that’s borderline unwatchable on one side of the ball. The audacity is unreal.

$6,500 to watch this defense?
Get serious you clowns. $6500!? I could literally save my house with that money",5972525.0,neutral,0.153,0.736,0.111,-0.8926
1onpsxj,1762211162.0,31428,0.98,178,Fact,"This front office has lost its damn mind This front office has completely lost its mind.

Last year I shelled out $5,400 for 9 home games. That’s $300 a seat to watch a team that spent the season inventing new ways to blow coverage, miss tackles, and make every backup QB look like a Hall of Famer. The defense is trending toward historically bad — like, “worst in NFL  history” bad — and now they’re coming back with a $6,500 price tag for 8 home games next year?

Let me get this straight — you cut a regular season game, field the worst defense EVER in football, and then think, “Hey, let’s charge fans $1,100 more for the privilege of watching this dumpster fire”? Are you out of your damn minds?

Spare me the “upgraded experience in the club level” nonsense. No one gives a single damn about “enhanced fan zones” or “improved concourse lighting.” We come to watch football, not to admire the stadium handrails all while the defense gives up 40 points to whoever’s throwing the ball that week.

You don’t reward regression with a price hike. You don’t jack up loyalty costs after fielding a product that’s borderline unwatchable on one side of the ball. The audacity is unreal.

$6,500 to watch this defense?
Get serious you clowns. It's time for a fucking boycott. These rich assholes are laughing all the way to the bank on your dime!",5513100.0,neutral,0.167,0.715,0.118,-0.9216
1onpsxj,1762210769.0,41904,0.98,178,Fact,"This front office has lost its damn mind This front office has completely lost its mind.

Last year I shelled out $5,400 for 9 home games. That’s $300 a seat to watch a team that spent the season inventing new ways to blow coverage, miss tackles, and make every backup QB look like a Hall of Famer. The defense is trending toward historically bad — like, “worst in NFL  history” bad — and now they’re coming back with a $6,500 price tag for 8 home games next year?

Let me get this straight — you cut a regular season game, field the worst defense EVER in football, and then think, “Hey, let’s charge fans $1,100 more for the privilege of watching this dumpster fire”? Are you out of your damn minds?

Spare me the “upgraded experience in the club level” nonsense. No one gives a single damn about “enhanced fan zones” or “improved concourse lighting.” We come to watch football, not to admire the stadium handrails all while the defense gives up 40 points to whoever’s throwing the ball that week.

You don’t reward regression with a price hike. You don’t jack up loyalty costs after fielding a product that’s borderline unwatchable on one side of the ball. The audacity is unreal.

$6,500 to watch this defense?
Get serious you clowns. This is so gross. Even the Miami Dolphins are not that greedy, as bad as they are, they’ve announced that they’re not hiking the ticket prices for next season, some ticket prices are even decreasing and they gave a $250 food and beverage credit to club seat season-ticket holders.",7350800.0,neutral,0.154,0.747,0.099,-0.9552
1onpsxj,1762210887.0,34047,0.98,178,Fact,"This front office has lost its damn mind This front office has completely lost its mind.

Last year I shelled out $5,400 for 9 home games. That’s $300 a seat to watch a team that spent the season inventing new ways to blow coverage, miss tackles, and make every backup QB look like a Hall of Famer. The defense is trending toward historically bad — like, “worst in NFL  history” bad — and now they’re coming back with a $6,500 price tag for 8 home games next year?

Let me get this straight — you cut a regular season game, field the worst defense EVER in football, and then think, “Hey, let’s charge fans $1,100 more for the privilege of watching this dumpster fire”? Are you out of your damn minds?

Spare me the “upgraded experience in the club level” nonsense. No one gives a single damn about “enhanced fan zones” or “improved concourse lighting.” We come to watch football, not to admire the stadium handrails all while the defense gives up 40 points to whoever’s throwing the ball that week.

You don’t reward regression with a price hike. You don’t jack up loyalty costs after fielding a product that’s borderline unwatchable on one side of the ball. The audacity is unreal.

$6,500 to watch this defense?
Get serious you clowns. Folks, when you go to a restaurant and get a terrible steak you stop going to that restaurant until you find out they replaced the chef and the food has improved. Not sure why fans treat sports any differently. Don’t worry, some fool will be glad to buy the season tickets you no longer want.",5972525.0,neutral,0.173,0.714,0.113,-0.9567
1onpsxj,1762215978.0,11349,0.98,178,Fact,"This front office has lost its damn mind This front office has completely lost its mind.

Last year I shelled out $5,400 for 9 home games. That’s $300 a seat to watch a team that spent the season inventing new ways to blow coverage, miss tackles, and make every backup QB look like a Hall of Famer. The defense is trending toward historically bad — like, “worst in NFL  history” bad — and now they’re coming back with a $6,500 price tag for 8 home games next year?

Let me get this straight — you cut a regular season game, field the worst defense EVER in football, and then think, “Hey, let’s charge fans $1,100 more for the privilege of watching this dumpster fire”? Are you out of your damn minds?

Spare me the “upgraded experience in the club level” nonsense. No one gives a single damn about “enhanced fan zones” or “improved concourse lighting.” We come to watch football, not to admire the stadium handrails all while the defense gives up 40 points to whoever’s throwing the ball that week.

You don’t reward regression with a price hike. You don’t jack up loyalty costs after fielding a product that’s borderline unwatchable on one side of the ball. The audacity is unreal.

$6,500 to watch this defense?
Get serious you clowns. This sums it up perfectly. You’re not alone. 

https://www.cincinnati.com/story/opinion/letters/2025/11/02/i-canceled-my-bengals-season-tickets-and-my-denial/87060012007/",1990842.0,neutral,0.151,0.728,0.121,-0.8241
1onpsxj,1762209379.0,72459,0.98,178,Fact,"This front office has lost its damn mind This front office has completely lost its mind.

Last year I shelled out $5,400 for 9 home games. That’s $300 a seat to watch a team that spent the season inventing new ways to blow coverage, miss tackles, and make every backup QB look like a Hall of Famer. The defense is trending toward historically bad — like, “worst in NFL  history” bad — and now they’re coming back with a $6,500 price tag for 8 home games next year?

Let me get this straight — you cut a regular season game, field the worst defense EVER in football, and then think, “Hey, let’s charge fans $1,100 more for the privilege of watching this dumpster fire”? Are you out of your damn minds?

Spare me the “upgraded experience in the club level” nonsense. No one gives a single damn about “enhanced fan zones” or “improved concourse lighting.” We come to watch football, not to admire the stadium handrails all while the defense gives up 40 points to whoever’s throwing the ball that week.

You don’t reward regression with a price hike. You don’t jack up loyalty costs after fielding a product that’s borderline unwatchable on one side of the ball. The audacity is unreal.

$6,500 to watch this defense?
Get serious you clowns. For those that keep buying Bengals tickets….you’re part of the problem.  I had season tickets from 1970 until the current stadium opened. The decade of the 90’s was very similar to what’s going on now.  I was no longer gonna contribute to that organization.",12710758.0,neutral,0.151,0.761,0.087,-0.955
1onpsxj,1762210791.0,7857,0.98,178,Fact,"This front office has lost its damn mind This front office has completely lost its mind.

Last year I shelled out $5,400 for 9 home games. That’s $300 a seat to watch a team that spent the season inventing new ways to blow coverage, miss tackles, and make every backup QB look like a Hall of Famer. The defense is trending toward historically bad — like, “worst in NFL  history” bad — and now they’re coming back with a $6,500 price tag for 8 home games next year?

Let me get this straight — you cut a regular season game, field the worst defense EVER in football, and then think, “Hey, let’s charge fans $1,100 more for the privilege of watching this dumpster fire”? Are you out of your damn minds?

Spare me the “upgraded experience in the club level” nonsense. No one gives a single damn about “enhanced fan zones” or “improved concourse lighting.” We come to watch football, not to admire the stadium handrails all while the defense gives up 40 points to whoever’s throwing the ball that week.

You don’t reward regression with a price hike. You don’t jack up loyalty costs after fielding a product that’s borderline unwatchable on one side of the ball. The audacity is unreal.

$6,500 to watch this defense?
Get serious you clowns. I think you lost them when you said “defensive experiment”",1378275.0,neutral,0.161,0.739,0.099,-0.942
1onpsxj,1762208974.0,10476,0.98,178,Fact,"This front office has lost its damn mind This front office has completely lost its mind.

Last year I shelled out $5,400 for 9 home games. That’s $300 a seat to watch a team that spent the season inventing new ways to blow coverage, miss tackles, and make every backup QB look like a Hall of Famer. The defense is trending toward historically bad — like, “worst in NFL  history” bad — and now they’re coming back with a $6,500 price tag for 8 home games next year?

Let me get this straight — you cut a regular season game, field the worst defense EVER in football, and then think, “Hey, let’s charge fans $1,100 more for the privilege of watching this dumpster fire”? Are you out of your damn minds?

Spare me the “upgraded experience in the club level” nonsense. No one gives a single damn about “enhanced fan zones” or “improved concourse lighting.” We come to watch football, not to admire the stadium handrails all while the defense gives up 40 points to whoever’s throwing the ball that week.

You don’t reward regression with a price hike. You don’t jack up loyalty costs after fielding a product that’s borderline unwatchable on one side of the ball. The audacity is unreal.

$6,500 to watch this defense?
Get serious you clowns. More money from the NFL? And here I thought that my high school Econ class taught me usually prices are able to be lowered due to subsidies",1837700.0,neutral,0.149,0.758,0.093,-0.9334
1onpsxj,1762211535.0,10476,0.98,178,Fact,"This front office has lost its damn mind This front office has completely lost its mind.

Last year I shelled out $5,400 for 9 home games. That’s $300 a seat to watch a team that spent the season inventing new ways to blow coverage, miss tackles, and make every backup QB look like a Hall of Famer. The defense is trending toward historically bad — like, “worst in NFL  history” bad — and now they’re coming back with a $6,500 price tag for 8 home games next year?

Let me get this straight — you cut a regular season game, field the worst defense EVER in football, and then think, “Hey, let’s charge fans $1,100 more for the privilege of watching this dumpster fire”? Are you out of your damn minds?

Spare me the “upgraded experience in the club level” nonsense. No one gives a single damn about “enhanced fan zones” or “improved concourse lighting.” We come to watch football, not to admire the stadium handrails all while the defense gives up 40 points to whoever’s throwing the ball that week.

You don’t reward regression with a price hike. You don’t jack up loyalty costs after fielding a product that’s borderline unwatchable on one side of the ball. The audacity is unreal.

$6,500 to watch this defense?
Get serious you clowns. As someone who has lived here his 31 years alive. Yall let this happen. They BEEN taking advantage of yall",1837700.0,neutral,0.145,0.743,0.112,-0.8743
1onpsxj,1762221187.0,9603,0.98,178,Fact,"This front office has lost its damn mind This front office has completely lost its mind.

Last year I shelled out $5,400 for 9 home games. That’s $300 a seat to watch a team that spent the season inventing new ways to blow coverage, miss tackles, and make every backup QB look like a Hall of Famer. The defense is trending toward historically bad — like, “worst in NFL  history” bad — and now they’re coming back with a $6,500 price tag for 8 home games next year?

Let me get this straight — you cut a regular season game, field the worst defense EVER in football, and then think, “Hey, let’s charge fans $1,100 more for the privilege of watching this dumpster fire”? Are you out of your damn minds?

Spare me the “upgraded experience in the club level” nonsense. No one gives a single damn about “enhanced fan zones” or “improved concourse lighting.” We come to watch football, not to admire the stadium handrails all while the defense gives up 40 points to whoever’s throwing the ball that week.

You don’t reward regression with a price hike. You don’t jack up loyalty costs after fielding a product that’s borderline unwatchable on one side of the ball. The audacity is unreal.

$6,500 to watch this defense?
Get serious you clowns. 6500 dollars pays for an absolutely awesome family vacation. Why on Earth would anyone pay that to see a garbage product being sold by people that don't respect their customers? 

6500 dollars to watch a team that will not be changed or altered in any significant fashion during the course of the season? 

Think of it this way. Someone sells you a very expensive reoccurring product at a certain level of expected quality and each time it's sent to you the quality gets worse. You complain to the company that there is no longer value unless something is done and they tell you to get bent, enjoy the garbage product. Nothing's changing. Who is keeping that subscription? Almost no one. How is this any different?

I simply do not understand how the Brown family after ALL these years do not understand that the attitude about the team would be completely different if there were ATTEMPTS to improve the roster during the season. Making trades, trying different guys out from the practice squad, it's not that expensive to do this. Sometimes it's almost lateral salary moves.

We have 4 guys right now on the team who are attracting attention from other clubs. These moves should 100% be explored and some guys simply have to go. Why are we waiting? The season is over.",1684558.0,neutral,0.11,0.796,0.094,-0.7675
1onpsxj,1762220787.0,4365,0.98,178,Fact,"This front office has lost its damn mind This front office has completely lost its mind.

Last year I shelled out $5,400 for 9 home games. That’s $300 a seat to watch a team that spent the season inventing new ways to blow coverage, miss tackles, and make every backup QB look like a Hall of Famer. The defense is trending toward historically bad — like, “worst in NFL  history” bad — and now they’re coming back with a $6,500 price tag for 8 home games next year?

Let me get this straight — you cut a regular season game, field the worst defense EVER in football, and then think, “Hey, let’s charge fans $1,100 more for the privilege of watching this dumpster fire”? Are you out of your damn minds?

Spare me the “upgraded experience in the club level” nonsense. No one gives a single damn about “enhanced fan zones” or “improved concourse lighting.” We come to watch football, not to admire the stadium handrails all while the defense gives up 40 points to whoever’s throwing the ball that week.

You don’t reward regression with a price hike. You don’t jack up loyalty costs after fielding a product that’s borderline unwatchable on one side of the ball. The audacity is unreal.

$6,500 to watch this defense?
Get serious you clowns. but you made zac, duke, katie millionaires, doesnt that count for something? thats an enhanced experience for them.",765708.0,neutral,0.112,0.813,0.074,-0.8057
1onpsxj,1762230230.0,5238,0.98,178,Fact,"This front office has lost its damn mind This front office has completely lost its mind.

Last year I shelled out $5,400 for 9 home games. That’s $300 a seat to watch a team that spent the season inventing new ways to blow coverage, miss tackles, and make every backup QB look like a Hall of Famer. The defense is trending toward historically bad — like, “worst in NFL  history” bad — and now they’re coming back with a $6,500 price tag for 8 home games next year?

Let me get this straight — you cut a regular season game, field the worst defense EVER in football, and then think, “Hey, let’s charge fans $1,100 more for the privilege of watching this dumpster fire”? Are you out of your damn minds?

Spare me the “upgraded experience in the club level” nonsense. No one gives a single damn about “enhanced fan zones” or “improved concourse lighting.” We come to watch football, not to admire the stadium handrails all while the defense gives up 40 points to whoever’s throwing the ball that week.

You don’t reward regression with a price hike. You don’t jack up loyalty costs after fielding a product that’s borderline unwatchable on one side of the ball. The audacity is unreal.

$6,500 to watch this defense?
Get serious you clowns. I just came to post that I am glad you are standing up!

The Nashville Predators pulled this same shit on fans. They went to the Stanley Cup and just jacked up tickets year over year for a few years. Went on a downslide and guess what… tickets didn’t drop. Finally fans have started to cancel after last year and they are running out every deal to get people in the stadium (and I expect some changes coming soon). The only way to speak to these teams is to stop buying tickets. Otherwise, they are happy with the money machine.",918850.0,neutral,0.14,0.769,0.091,-0.9439
1onpsxj,1762214003.0,3492,0.98,178,Fact,"This front office has lost its damn mind This front office has completely lost its mind.

Last year I shelled out $5,400 for 9 home games. That’s $300 a seat to watch a team that spent the season inventing new ways to blow coverage, miss tackles, and make every backup QB look like a Hall of Famer. The defense is trending toward historically bad — like, “worst in NFL  history” bad — and now they’re coming back with a $6,500 price tag for 8 home games next year?

Let me get this straight — you cut a regular season game, field the worst defense EVER in football, and then think, “Hey, let’s charge fans $1,100 more for the privilege of watching this dumpster fire”? Are you out of your damn minds?

Spare me the “upgraded experience in the club level” nonsense. No one gives a single damn about “enhanced fan zones” or “improved concourse lighting.” We come to watch football, not to admire the stadium handrails all while the defense gives up 40 points to whoever’s throwing the ball that week.

You don’t reward regression with a price hike. You don’t jack up loyalty costs after fielding a product that’s borderline unwatchable on one side of the ball. The audacity is unreal.

$6,500 to watch this defense?
Get serious you clowns. This just shows how delusional and clueless they are. Mike Brown is the most stubborn sob there is. His family is stubborn and completely inept at running a football franchise. They need to be forced to sell immediately. 
We already know they won’t turn football ops over to a legit GM, so everything is futile till some at the top changes",612567.0,neutral,0.177,0.737,0.086,-0.9812
1onpsxj,1762223291.0,3492,0.98,178,Fact,"This front office has lost its damn mind This front office has completely lost its mind.

Last year I shelled out $5,400 for 9 home games. That’s $300 a seat to watch a team that spent the season inventing new ways to blow coverage, miss tackles, and make every backup QB look like a Hall of Famer. The defense is trending toward historically bad — like, “worst in NFL  history” bad — and now they’re coming back with a $6,500 price tag for 8 home games next year?

Let me get this straight — you cut a regular season game, field the worst defense EVER in football, and then think, “Hey, let’s charge fans $1,100 more for the privilege of watching this dumpster fire”? Are you out of your damn minds?

Spare me the “upgraded experience in the club level” nonsense. No one gives a single damn about “enhanced fan zones” or “improved concourse lighting.” We come to watch football, not to admire the stadium handrails all while the defense gives up 40 points to whoever’s throwing the ball that week.

You don’t reward regression with a price hike. You don’t jack up loyalty costs after fielding a product that’s borderline unwatchable on one side of the ball. The audacity is unreal.

$6,500 to watch this defense?
Get serious you clowns. I got an email from the Bengals Pro Shop last night about some jersey sale and I lit their ass up",612567.0,neutral,0.159,0.746,0.095,-0.9522
1onhord,1762190343.0,6572,0.89,61,Fandom,The idea going around that Burrow isn’t a top 3 qb because Joe Flacco is playing great is absolutely brain dead I’m a pats fan and have no dog in this fight but I have just witnessed multiple posts of Joe Burrow bashing and claims that “Any QB could put up the numbers he does with those receivers”. 0 IQ take. That's the least of our concerns right now,362643.0,neutral,0.091,0.81,0.099,-0.1
1onhord,1762191280.0,6696,0.89,61,Fandom,"The idea going around that Burrow isn’t a top 3 qb because Joe Flacco is playing great is absolutely brain dead I’m a pats fan and have no dog in this fight but I have just witnessed multiple posts of Joe Burrow bashing and claims that “Any QB could put up the numbers he does with those receivers”. 0 IQ take. it’s impossibly stupid and short sighted but we’re talking about football fans so what else is new.

Flaccos handling of the offense speaks to taylor’s obvious skill as an offensive coach(should still probably go), and reinforces how amazing chase and tee are, but mostly it’s a reminder of how the most valuable trait at qb BY FAR is experience. ",369485.0,neutral,0.128,0.748,0.123,-0.1778
1onhord,1762204271.0,1240,0.89,61,Fandom,The idea going around that Burrow isn’t a top 3 qb because Joe Flacco is playing great is absolutely brain dead I’m a pats fan and have no dog in this fight but I have just witnessed multiple posts of Joe Burrow bashing and claims that “Any QB could put up the numbers he does with those receivers”. 0 IQ take. These people didn't have to suffer Jake Browning,68423.0,neutral,0.087,0.765,0.147,0.5245
1onhord,1762190973.0,744,0.89,61,Fandom,The idea going around that Burrow isn’t a top 3 qb because Joe Flacco is playing great is absolutely brain dead I’m a pats fan and have no dog in this fight but I have just witnessed multiple posts of Joe Burrow bashing and claims that “Any QB could put up the numbers he does with those receivers”. 0 IQ take. People will say the damndest things. Sometimes you have to tune out the noise.,41054.0,neutral,0.084,0.825,0.092,-0.1
1onhord,1762194519.0,744,0.89,61,Fandom,"The idea going around that Burrow isn’t a top 3 qb because Joe Flacco is playing great is absolutely brain dead I’m a pats fan and have no dog in this fight but I have just witnessed multiple posts of Joe Burrow bashing and claims that “Any QB could put up the numbers he does with those receivers”. 0 IQ take. Welcome to Reddit. 

AFCmemewar is not indicative of rational fans.   
And I honestly believe Ravens fans are the most delusional fan base. And that illiteracy bot is correct. 

""Joe Burrow is a borderline bust."" - Ravens fan in 2023  
""Josh Allen is overrated."" - Ravens fan last year",41054.0,neutral,0.085,0.718,0.197,0.912
1onhord,1762190441.0,2108,0.89,61,Fandom,The idea going around that Burrow isn’t a top 3 qb because Joe Flacco is playing great is absolutely brain dead I’m a pats fan and have no dog in this fight but I have just witnessed multiple posts of Joe Burrow bashing and claims that “Any QB could put up the numbers he does with those receivers”. 0 IQ take. I think their main argument is that we can loose like we are currently with a QB not making a fraction of what Burrow does and that money could have been used for defensive players. Its a stupid take but you can see where they are coming from.,116319.0,neutral,0.147,0.755,0.098,-0.8312
1onhord,1762191499.0,1116,0.89,61,Fandom,"The idea going around that Burrow isn’t a top 3 qb because Joe Flacco is playing great is absolutely brain dead I’m a pats fan and have no dog in this fight but I have just witnessed multiple posts of Joe Burrow bashing and claims that “Any QB could put up the numbers he does with those receivers”. 0 IQ take. Flacco being good doesn’t diminish Burrow also been good. Most of what I’ve seen is ragebait though. 

Burrow has issues with holding the ball and being injury prone, but his stats speak for themselves when he’s healthy. If anything it just shows Flacco has a lot of gas in the tank",61581.0,neutral,0.082,0.77,0.148,0.7998
1onhord,1762196752.0,372,0.89,61,Fandom,The idea going around that Burrow isn’t a top 3 qb because Joe Flacco is playing great is absolutely brain dead I’m a pats fan and have no dog in this fight but I have just witnessed multiple posts of Joe Burrow bashing and claims that “Any QB could put up the numbers he does with those receivers”. 0 IQ take. Doesn’t the 3 games with Browning starting literally prove this wrong?,20527.0,neutral,0.148,0.76,0.092,-0.7451
1onhord,1762202486.0,496,0.89,61,Fandom,"The idea going around that Burrow isn’t a top 3 qb because Joe Flacco is playing great is absolutely brain dead I’m a pats fan and have no dog in this fight but I have just witnessed multiple posts of Joe Burrow bashing and claims that “Any QB could put up the numbers he does with those receivers”. 0 IQ take. Brother, if you're tired of 0 IQ takes, this isn't the subreddit for you.",27369.0,neutral,0.131,0.78,0.089,-0.6415
1onhord,1762198342.0,372,0.89,61,Fandom,"The idea going around that Burrow isn’t a top 3 qb because Joe Flacco is playing great is absolutely brain dead I’m a pats fan and have no dog in this fight but I have just witnessed multiple posts of Joe Burrow bashing and claims that “Any QB could put up the numbers he does with those receivers”. 0 IQ take. Agreed, but….It does show that a great offense does not have to have a top 3 quarterback to score enough that they should win. What is being proved is no matter how good the QB you have to have a good defense to win in this league.",20527.0,neutral,0.089,0.617,0.293,0.9795
1onhord,1762312790.0,372,0.89,61,Fandom,The idea going around that Burrow isn’t a top 3 qb because Joe Flacco is playing great is absolutely brain dead I’m a pats fan and have no dog in this fight but I have just witnessed multiple posts of Joe Burrow bashing and claims that “Any QB could put up the numbers he does with those receivers”. 0 IQ take. i think what flacco is proving is that the FO made the right decision to draft and sign/extend Chase and Tee. you have the best wr duo in the leage by a wide margin.,20527.0,neutral,0.064,0.807,0.129,0.7514
1onhord,1762195029.0,620,0.89,61,Fandom,"The idea going around that Burrow isn’t a top 3 qb because Joe Flacco is playing great is absolutely brain dead I’m a pats fan and have no dog in this fight but I have just witnessed multiple posts of Joe Burrow bashing and claims that “Any QB could put up the numbers he does with those receivers”. 0 IQ take. This isn’t a new argument, and I’m guessing many in this sub have used some variation of the comparison argument. 

My favorite team beat team x and team x best team y, therefore my team is better than team y. Same argument, equally useless. 

Burrow is one of the absolute best ever. Flacco has been good for a few games. They are not equals. ",34212.0,neutral,0.132,0.666,0.202,0.9093
1onhord,1762191378.0,372,0.89,61,Fandom,The idea going around that Burrow isn’t a top 3 qb because Joe Flacco is playing great is absolutely brain dead I’m a pats fan and have no dog in this fight but I have just witnessed multiple posts of Joe Burrow bashing and claims that “Any QB could put up the numbers he does with those receivers”. 0 IQ take. Not enough talk of both just being flat out elite. Painfully obvious.,20527.0,neutral,0.141,0.769,0.09,-0.7175
1onhord,1762197975.0,248,0.89,61,Fandom,The idea going around that Burrow isn’t a top 3 qb because Joe Flacco is playing great is absolutely brain dead I’m a pats fan and have no dog in this fight but I have just witnessed multiple posts of Joe Burrow bashing and claims that “Any QB could put up the numbers he does with those receivers”. 0 IQ take. Most nfl fans are absolute Neanderthals,13685.0,neutral,0.093,0.804,0.102,-0.1
1onhord,1762208173.0,248,0.89,61,Fandom,"The idea going around that Burrow isn’t a top 3 qb because Joe Flacco is playing great is absolutely brain dead I’m a pats fan and have no dog in this fight but I have just witnessed multiple posts of Joe Burrow bashing and claims that “Any QB could put up the numbers he does with those receivers”. 0 IQ take. Burrow is never healthy, he’s no longer considered top 10 in my book",13685.0,neutral,0.15,0.735,0.115,-0.5962
1onhord,1762216323.0,248,0.89,61,Fandom,"The idea going around that Burrow isn’t a top 3 qb because Joe Flacco is playing great is absolutely brain dead I’m a pats fan and have no dog in this fight but I have just witnessed multiple posts of Joe Burrow bashing and claims that “Any QB could put up the numbers he does with those receivers”. 0 IQ take. Through my convos on other posts about this topic I’ve talked to Chargers, KC, and Bills fans. All fans who historically have an interest in saying Burrow isn’t elite.",13685.0,neutral,0.068,0.816,0.117,0.559
1onhord,1762263791.0,248,0.89,61,Fandom,The idea going around that Burrow isn’t a top 3 qb because Joe Flacco is playing great is absolutely brain dead I’m a pats fan and have no dog in this fight but I have just witnessed multiple posts of Joe Burrow bashing and claims that “Any QB could put up the numbers he does with those receivers”. 0 IQ take. If anyone could do it why did we need Flacco in the first place?,13685.0,neutral,0.084,0.825,0.092,-0.1
1onhord,1762303159.0,248,0.89,61,Fandom,The idea going around that Burrow isn’t a top 3 qb because Joe Flacco is playing great is absolutely brain dead I’m a pats fan and have no dog in this fight but I have just witnessed multiple posts of Joe Burrow bashing and claims that “Any QB could put up the numbers he does with those receivers”. 0 IQ take. You haven’t refuted it at all,13685.0,negative,0.093,0.804,0.102,-0.1
1onhord,1762380827.0,248,0.89,61,Fandom,The idea going around that Burrow isn’t a top 3 qb because Joe Flacco is playing great is absolutely brain dead I’m a pats fan and have no dog in this fight but I have just witnessed multiple posts of Joe Burrow bashing and claims that “Any QB could put up the numbers he does with those receivers”. 0 IQ take. It’s easy to get delusional when the starting quarterback cannot stay healthy. The Bengals are fortunate because Flacco is still better than half of the league at 40 years old in terms of mechanics and release. There’s something about Flacco,13685.0,negative,0.082,0.753,0.164,0.8509
1onhord,1762191428.0,372,0.89,61,Fandom,"The idea going around that Burrow isn’t a top 3 qb because Joe Flacco is playing great is absolutely brain dead I’m a pats fan and have no dog in this fight but I have just witnessed multiple posts of Joe Burrow bashing and claims that “Any QB could put up the numbers he does with those receivers”. 0 IQ take. There's probably some truth to it. The only problem is that Flacco is pretty damn good -- he's not just ""anybody"". People were saying ""system QB"" about Burrow when Jake Browning won a few games two seasons ago. We all saw how that went with just a little bit bigger sample size lol

But situation is a real thing.

People rarely do the same thing with Offensive Lines. What quarterback has been dinged because they have a great line? But that shit matters.

Would Mahomes be THE MAN if he had been drafted by the Browns this whole time, instead of inheriting an already good team with Andy Reid at the helm? Maybe. Maybe not. I doubt it. But it's impossible to know yet fun to think about. (He's the second best QB to play the game -- so don't come at me ... it's just a thought exercise)

What could Burrow do on, say, the 49ers? What would Purdy look like on the Bengals?",20527.0,neutral,0.083,0.705,0.213,0.9885
1ong4ys,1762187358.0,8050,0.98,46,Fact,"The Bengals have three players in the top five for missed tackles.  I kinda feel bad for DJ Turner. He’s having a breakout year and it’s being completely overshadowed by the rest of the defense being so bad. This may not be the best thread to post this, but I was just thinking about it.",370783.0,neutral,0.141,0.812,0.047,-0.6548
1ong4ys,1762188072.0,2070,0.98,46,Fact,The Bengals have three players in the top five for missed tackles.  The good thing is our 2 last line of defense starters are on this,95344.0,neutral,0.075,0.714,0.211,0.4588
1ong4ys,1762187048.0,2645,0.98,46,Fact,The Bengals have three players in the top five for missed tackles.  The 25 year old rookie is 🗑️,121829.0,neutral,0.105,0.81,0.086,-0.1027
1ong4ys,1762187615.0,690,0.98,46,Fact,The Bengals have three players in the top five for missed tackles.  Knight is trending towards being a bust. Doesn't do anything particularly well and does what you need a linebacker to do well particularly bad. Battle and Stone shouldn't be on the team period.,31781.0,negative,0.169,0.705,0.126,-0.5082
1ong4ys,1762188117.0,690,0.98,46,Fact,The Bengals have three players in the top five for missed tackles.  The lack of talent/fundamentals makes Golden impossible to evaluate. There's no scheme that will work if your players are missing ~10 tackles/game. An NFL defensive coordinator shouldn't have to teach tackling.,31781.0,neutral,0.182,0.758,0.059,-0.7184
1ong4ys,1762188331.0,460,0.98,46,Fact,The Bengals have three players in the top five for missed tackles.  Play Anderson!  He can't be any worse at safety.,21188.0,neutral,0.078,0.57,0.351,0.7681
1ong4ys,1762188065.0,460,0.98,46,Fact,"The Bengals have three players in the top five for missed tackles.  I feel like there should be a metric for taking themselves out of the play… Shelton, Stewart and Carter would challenge each other for the league leader",21188.0,neutral,0.054,0.809,0.137,0.34
1ong4ys,1762187134.0,345,0.98,46,Fact,The Bengals have three players in the top five for missed tackles.  Pretty impressive when you think about it...,15891.0,neutral,0.086,0.588,0.325,0.7269
1ong4ys,1762187369.0,345,0.98,46,Fact,The Bengals have three players in the top five for missed tackles.  What site is this?,15891.0,neutral,0.122,0.778,0.1,-0.1027
1ong4ys,1762187904.0,230,0.98,46,Fact,The Bengals have three players in the top five for missed tackles.  Is Justin Simmons still available?? Asking for a friend that has 2 safetys that can't tackle,10594.0,neutral,0.072,0.753,0.175,0.4871
1ong4ys,1762188543.0,230,0.98,46,Fact,The Bengals have three players in the top five for missed tackles.  Christian Rozeboom Bengals free agent acquisition in  2026 confirmed.,10594.0,neutral,0.087,0.711,0.202,0.4404
1ong4ys,1762189023.0,230,0.98,46,Fact,The Bengals have three players in the top five for missed tackles.  those players have more individual tackles than shemar has had his entire college to pro career,10594.0,neutral,0.073,0.867,0.06,-0.1027
1ong4ys,1762190171.0,230,0.98,46,Fact,The Bengals have three players in the top five for missed tackles.  Any Bengals fan could’ve guessed Stone and Battle would be here. Absolutely terrible safeties.,10594.0,neutral,0.234,0.57,0.196,-0.3214
1ong4ys,1762193862.0,230,0.98,46,Fact,The Bengals have three players in the top five for missed tackles.  Geno Stone’s pathetic attempts at shoving people out of bounds or completely misreading angles are so painful to watch,10594.0,neutral,0.251,0.702,0.047,-0.8334
1ong4ys,1762194315.0,230,0.98,46,Fact,The Bengals have three players in the top five for missed tackles.  https://preview.redd.it/shdzo3nf43zf1.jpeg?width=694&format=pjpg&auto=webp&s=8747793b526425ce2f8ef80105f5d405ebc22d10,10594.0,neutral,0.147,0.733,0.12,-0.1027
1ong4ys,1762196805.0,230,0.98,46,Fact,"The Bengals have three players in the top five for missed tackles.  What an injustice!!    

This doesn't even include Josh Newton who is leading the league in Missed Tackle % at 35%.  It's also missing Ossai at 15.4% and Myles Murphy at 12%!  

It's also missing Logan Wilson and CTB who are 8th and 13th worst in the league this season in Quarterback rating.     

Oh and Barrett Carter who has been targeted 26 times and given up 24 receptions - highest completion % in the league among anyone with that many targets.  Knight and Wilson are also in the top 15 worst with anyone with that many targets against them. 
  
I coach middle school ball and we're working on tackling drills this afternoon at practice.  Does anyone have a good point of contact for the Bengals?  I'll happily share the film, assuming our drills aren't too complicated for them.",10594.0,neutral,0.13,0.796,0.074,-0.8827
1ong4ys,1762188929.0,230,0.98,46,Fact,"The Bengals have three players in the top five for missed tackles.  easy to miss tackles when you're the only ones going to the ball.

the front is getting completely bullied and the graphic doesn't show that",10594.0,neutral,0.183,0.713,0.105,-0.5413
1ong4ys,1762187516.0,115,0.98,46,Fact,The Bengals have three players in the top five for missed tackles.  look on the brightside not no1 baybeee lets gooooo,5297.0,neutral,0.096,0.826,0.078,-0.1027
1ong4ys,1762189216.0,115,0.98,46,Fact,The Bengals have three players in the top five for missed tackles.  I’m shocked Battle is only at 12,5297.0,neutral,0.297,0.628,0.075,-0.6486
1ong4ys,1762189775.0,115,0.98,46,Fact,"The Bengals have three players in the top five for missed tackles.  Demetrius Knight is a shock to me given how he was billed as a hard-nosed tough guy that can really come downhill and tackle. This is a reputation I was told to believe by people outside of the Bengals org (primarily looking at Bootleg Football, which does fantastic film study work).",5297.0,neutral,0.096,0.822,0.082,0.0258
1onf1c2,1762185123.0,8308,0.97,32,Football,"Meanwhile, the Bengals have the best offense in the NFL by EPA/play since Flacco arrived This raises so many additional questions. Why is the offense so much better with Flacco vs what we saw with Burrow? What would our record be if we even had a below average defense? Is it even hyperbolic to say Flacco is playing at an MVP level- what if we waste an MVP season from Joe fucking Flacco? Does this mean the heat shouldn’t be as much on Zac because the offense is still elite?  I can't believe our defense is wasting the elite talent of Joe (fill in the blank)

Every fucking year lmao",265939.0,neutral,0.09,0.752,0.158,0.863
1onf1c2,1762184799.0,6298,0.97,32,Football,"Meanwhile, the Bengals have the best offense in the NFL by EPA/play since Flacco arrived This raises so many additional questions. Why is the offense so much better with Flacco vs what we saw with Burrow? What would our record be if we even had a below average defense? Is it even hyperbolic to say Flacco is playing at an MVP level- what if we waste an MVP season from Joe fucking Flacco? Does this mean the heat shouldn’t be as much on Zac because the offense is still elite?  We've seen in the past that Zac's scheme has the most success with a healthy dosage of under center formations. Flacco is doing and is comfortable with a lot of that. Joe LOVES being in the gun, so we don't go under center as often with him.

On a related note holy shit is this defense an all-time level of bad",201599.0,neutral,0.103,0.74,0.157,0.8892
1onf1c2,1762186318.0,2680,0.97,32,Football,"Meanwhile, the Bengals have the best offense in the NFL by EPA/play since Flacco arrived This raises so many additional questions. Why is the offense so much better with Flacco vs what we saw with Burrow? What would our record be if we even had a below average defense? Is it even hyperbolic to say Flacco is playing at an MVP level- what if we waste an MVP season from Joe fucking Flacco? Does this mean the heat shouldn’t be as much on Zac because the offense is still elite?  The Bengals had the highest EPA/play and Success Rate in the league last year when Burrow, Chase, and Higgins were on the field, while also dealing with an offensive line where OBJ was constantly injured, Mims was a rookie, and Cappa and Volson formed the worst G duo in the league. I’m not sure why everyone immediately forgot that when Browning had to start, and then again after the Steelers game. ",85787.0,neutral,0.119,0.802,0.079,-0.7306
1onf1c2,1762184902.0,4422,0.97,32,Football,"Meanwhile, the Bengals have the best offense in the NFL by EPA/play since Flacco arrived This raises so many additional questions. Why is the offense so much better with Flacco vs what we saw with Burrow? What would our record be if we even had a below average defense? Is it even hyperbolic to say Flacco is playing at an MVP level- what if we waste an MVP season from Joe fucking Flacco? Does this mean the heat shouldn’t be as much on Zac because the offense is still elite?  To me the last three years (and going way further back than that) the heat should be on ownership and Duke. It's unlikely anything will change there, but they are the ones by far most at fault.

When they just had a decent all around roster (still with big holes, but at least some leaders and real talent in places on both sides) in 2021 and 2022, Zac and his staff were 3 points away from back to back SB appearances. 

As they let the roster slide on the defensive side over the last three years and Burrow has been hurt, they barely missed the playoffs the last two years with some historically bad defenses. I think Lou and Al are good coaches who have had jack shit to work with since 2022 season. 

All that said, I'm sure little will change and the FO is happy to see fans mad at the coaches so they have an easy scapegoat.",141548.0,neutral,0.124,0.773,0.103,-0.8338
1onf1c2,1762195650.0,1206,0.97,32,Football,"Meanwhile, the Bengals have the best offense in the NFL by EPA/play since Flacco arrived This raises so many additional questions. Why is the offense so much better with Flacco vs what we saw with Burrow? What would our record be if we even had a below average defense? Is it even hyperbolic to say Flacco is playing at an MVP level- what if we waste an MVP season from Joe fucking Flacco? Does this mean the heat shouldn’t be as much on Zac because the offense is still elite?  Honestly, having Flacco might be one of the better things for Burrow. He gets to sit (while injured obviously) and learn from Flacco, sees what he does and doesn't do. Maybe it'll help fix the slow starts to the season, maybe not. The offensive stats with Flacco don't lie, Burrow will have learned a thing or two hopefully.",38604.0,neutral,0.068,0.78,0.152,0.9348
1onf1c2,1762188839.0,938,0.97,32,Football,"Meanwhile, the Bengals have the best offense in the NFL by EPA/play since Flacco arrived This raises so many additional questions. Why is the offense so much better with Flacco vs what we saw with Burrow? What would our record be if we even had a below average defense? Is it even hyperbolic to say Flacco is playing at an MVP level- what if we waste an MVP season from Joe fucking Flacco? Does this mean the heat shouldn’t be as much on Zac because the offense is still elite?  I’m curious how much of Chicago’s placement is just from playing our defense",30025.0,neutral,0.075,0.778,0.147,0.8146
1onf1c2,1762189537.0,1206,0.97,32,Football,"Meanwhile, the Bengals have the best offense in the NFL by EPA/play since Flacco arrived This raises so many additional questions. Why is the offense so much better with Flacco vs what we saw with Burrow? What would our record be if we even had a below average defense? Is it even hyperbolic to say Flacco is playing at an MVP level- what if we waste an MVP season from Joe fucking Flacco? Does this mean the heat shouldn’t be as much on Zac because the offense is still elite?  I love Burrow

he holds the ball too long

he keeps trying to force the ball into coverage

he needs to play like he's a fucking old man

he's not as fucking mobile as he thinks he is

he's smart in the fucking pocket

but not as smart as joe flacco at 40 years old

joe flacco has been cooking because he actually plays like he's 40 years old

he's out here throwing it like he's got nine lives

joe, please play like you're 40 years old, your knees can't take it

I can't wait to watch Joe.",38604.0,neutral,0.031,0.788,0.182,0.9829
1onf1c2,1762193078.0,268,0.97,32,Football,"Meanwhile, the Bengals have the best offense in the NFL by EPA/play since Flacco arrived This raises so many additional questions. Why is the offense so much better with Flacco vs what we saw with Burrow? What would our record be if we even had a below average defense? Is it even hyperbolic to say Flacco is playing at an MVP level- what if we waste an MVP season from Joe fucking Flacco? Does this mean the heat shouldn’t be as much on Zac because the offense is still elite?  https://preview.redd.it/4egqxqnm03zf1.jpeg?width=680&format=pjpg&auto=webp&s=12904adc0a8286c02a63ff0ace79afdd48337a75

ahh yess our glorious team… just switch the channel whenever possession changes",8579.0,neutral,0.075,0.791,0.135,0.8417
1onf1c2,1762198746.0,268,0.97,32,Football,"Meanwhile, the Bengals have the best offense in the NFL by EPA/play since Flacco arrived This raises so many additional questions. Why is the offense so much better with Flacco vs what we saw with Burrow? What would our record be if we even had a below average defense? Is it even hyperbolic to say Flacco is playing at an MVP level- what if we waste an MVP season from Joe fucking Flacco? Does this mean the heat shouldn’t be as much on Zac because the offense is still elite?  Let's not do the Flacco vs. Burrow thing. 


It is awesome that Flacco has this group playing at a league-leading level. But it can only be a short term fix. 


There are likely things that Burrow can pick up from a SB champion vet who is still ripping it, but that doesn't mean we need to make this adversarial. ",8579.0,neutral,0.064,0.827,0.109,0.8119
1onf1c2,1762191056.0,670,0.97,32,Football,"Meanwhile, the Bengals have the best offense in the NFL by EPA/play since Flacco arrived This raises so many additional questions. Why is the offense so much better with Flacco vs what we saw with Burrow? What would our record be if we even had a below average defense? Is it even hyperbolic to say Flacco is playing at an MVP level- what if we waste an MVP season from Joe fucking Flacco? Does this mean the heat shouldn’t be as much on Zac because the offense is still elite?  I say this every week, but Zac is a much better offensive mind than people give him credit for. I will probably get downvoted for this, as I do every time it’s mentioned, but at this point I don’t know how you could think differently. We’ve been through multiple OCs and QBs while having one of the lowest payed offensive lines in the league and the offense is fairly consistently top 5 in the league. 

It’s absolutely fair to question how much Zac is affecting the defense and if he has a ton of input in the draft decisions he deserves flak. But the people who week in and week out complain that his scheme is horrible and all he does is run of the middle are in for a rude awakening if we abandon him for a defensive HC that can’t get the offense right. I think it’s a serious consideration that needs to be made before we move on from him. If we can somehow find a way to get just an average defense we will have one of the best teams in the NFL.",21447.0,neutral,0.132,0.767,0.1,-0.9004
1onf1c2,1762184856.0,268,0.97,32,Football,"Meanwhile, the Bengals have the best offense in the NFL by EPA/play since Flacco arrived This raises so many additional questions. Why is the offense so much better with Flacco vs what we saw with Burrow? What would our record be if we even had a below average defense? Is it even hyperbolic to say Flacco is playing at an MVP level- what if we waste an MVP season from Joe fucking Flacco? Does this mean the heat shouldn’t be as much on Zac because the offense is still elite?  I think the offense being better is a factor of Joe B just not being good in the first weeks of the season ever. For some reason he takes like 4 weeks to actually start playing like Joe Brrr but it is also a factor that Joe never being under center and preferring spread out almost always kinda limited the offense and especially o-line",8579.0,neutral,0.085,0.82,0.095,0.396
1onf1c2,1762193365.0,134,0.97,32,Football,"Meanwhile, the Bengals have the best offense in the NFL by EPA/play since Flacco arrived This raises so many additional questions. Why is the offense so much better with Flacco vs what we saw with Burrow? What would our record be if we even had a below average defense? Is it even hyperbolic to say Flacco is playing at an MVP level- what if we waste an MVP season from Joe fucking Flacco? Does this mean the heat shouldn’t be as much on Zac because the offense is still elite?  Something familiar about this",4289.0,neutral,0.083,0.806,0.11,0.5911
1onf1c2,1762196156.0,134,0.97,32,Football,"Meanwhile, the Bengals have the best offense in the NFL by EPA/play since Flacco arrived This raises so many additional questions. Why is the offense so much better with Flacco vs what we saw with Burrow? What would our record be if we even had a below average defense? Is it even hyperbolic to say Flacco is playing at an MVP level- what if we waste an MVP season from Joe fucking Flacco? Does this mean the heat shouldn’t be as much on Zac because the offense is still elite?  Surely we have a winning record since then, right?",4289.0,neutral,0.077,0.765,0.158,0.879
1onf1c2,1762196641.0,134,0.97,32,Football,"Meanwhile, the Bengals have the best offense in the NFL by EPA/play since Flacco arrived This raises so many additional questions. Why is the offense so much better with Flacco vs what we saw with Burrow? What would our record be if we even had a below average defense? Is it even hyperbolic to say Flacco is playing at an MVP level- what if we waste an MVP season from Joe fucking Flacco? Does this mean the heat shouldn’t be as much on Zac because the offense is still elite?  I'm reliving the 2021 Blue Jays through the Bengals the last couple years. Championship calibre offense, a wet paper bag for defense/bullpen.",4289.0,neutral,0.086,0.798,0.116,0.6945
1onf1c2,1762199352.0,134,0.97,32,Football,"Meanwhile, the Bengals have the best offense in the NFL by EPA/play since Flacco arrived This raises so many additional questions. Why is the offense so much better with Flacco vs what we saw with Burrow? What would our record be if we even had a below average defense? Is it even hyperbolic to say Flacco is playing at an MVP level- what if we waste an MVP season from Joe fucking Flacco? Does this mean the heat shouldn’t be as much on Zac because the offense is still elite?  The offense is clearly not the problem. Now is it the defense or the coaching? My answer is yes 😆",4289.0,neutral,0.085,0.75,0.164,0.8749
1onf1c2,1762199366.0,134,0.97,32,Football,"Meanwhile, the Bengals have the best offense in the NFL by EPA/play since Flacco arrived This raises so many additional questions. Why is the offense so much better with Flacco vs what we saw with Burrow? What would our record be if we even had a below average defense? Is it even hyperbolic to say Flacco is playing at an MVP level- what if we waste an MVP season from Joe fucking Flacco? Does this mean the heat shouldn’t be as much on Zac because the offense is still elite?  The cool thing is that this probably definitely means Flacco gets starter money next year for some team with at least 1 competent WR",4289.0,neutral,0.068,0.785,0.147,0.879
1onf1c2,1762199863.0,134,0.97,32,Football,"Meanwhile, the Bengals have the best offense in the NFL by EPA/play since Flacco arrived This raises so many additional questions. Why is the offense so much better with Flacco vs what we saw with Burrow? What would our record be if we even had a below average defense? Is it even hyperbolic to say Flacco is playing at an MVP level- what if we waste an MVP season from Joe fucking Flacco? Does this mean the heat shouldn’t be as much on Zac because the offense is still elite?  18, 33, 38, and 42 points since Flacco arrived.  It's not Zac's offensive playcalling.  That is working just fine. I realize the buck stops with him, but they just don't have the players on the defense, which isn't his fault entirely.",4289.0,neutral,0.055,0.83,0.115,0.8114
1onf1c2,1762188187.0,134,0.97,32,Football,"Meanwhile, the Bengals have the best offense in the NFL by EPA/play since Flacco arrived This raises so many additional questions. Why is the offense so much better with Flacco vs what we saw with Burrow? What would our record be if we even had a below average defense? Is it even hyperbolic to say Flacco is playing at an MVP level- what if we waste an MVP season from Joe fucking Flacco? Does this mean the heat shouldn’t be as much on Zac because the offense is still elite?  This isn't zacs fault",4289.0,neutral,0.082,0.787,0.13,0.7266
1onf1c2,1762187975.0,134,0.97,32,Football,"Meanwhile, the Bengals have the best offense in the NFL by EPA/play since Flacco arrived This raises so many additional questions. Why is the offense so much better with Flacco vs what we saw with Burrow? What would our record be if we even had a below average defense? Is it even hyperbolic to say Flacco is playing at an MVP level- what if we waste an MVP season from Joe fucking Flacco? Does this mean the heat shouldn’t be as much on Zac because the offense is still elite?  Then I guess we have confirmation of that old adage -- defense wins.",4289.0,negative,0.075,0.78,0.144,0.8417
1onbwov,1762177437.0,637507,0.99,165,Football,"Unbelievable. Yesterday* but Goodness. #WhoDey Oh my God, it was already painful enough before reading those stats. What are we going to do?",104767900.0,negative,0.125,0.615,0.261,0.4939
1onbwov,1762179482.0,320044,0.99,165,Football,Unbelievable. Yesterday* but Goodness. #WhoDey The defense is historically bad.,52596031.0,neutral,0.265,0.335,0.399,0.1027
1onbwov,1762177411.0,307139,0.99,165,Football,"Unbelievable. Yesterday* but Goodness. #WhoDey 470 yards with Flaco as he watched the defense...

![gif](giphy|XfKH177bIXDnQalzGc)",50475223.0,negative,0.0,0.695,0.305,0.69
1onbwov,1762179700.0,221966,0.99,165,Football,Unbelievable. Yesterday* but Goodness. #WhoDey And a 40-year-old QB playing hurt.,36477892.0,negative,0.253,0.33,0.418,0.25
1onbwov,1762177873.0,134212,0.99,165,Football,Unbelievable. Yesterday* but Goodness. #WhoDey I’m going to go ahead and say it. Gutless defensive effort.,22056400.0,negative,0.0,0.665,0.335,0.6757
1onbwov,1762179156.0,46458,0.99,165,Football,Unbelievable. Yesterday* but Goodness. #WhoDey ![gif](giphy|xUA7b17osqXImEFJKM),7634908.0,negative,0.0,0.413,0.587,0.69
1onbwov,1762179885.0,41296,0.99,165,Football,Unbelievable. Yesterday* but Goodness. #WhoDey I just got a comparison of the defense to actual trash. It's not wrong.,6786585.0,positive,0.0,0.554,0.446,0.8584
1onbwov,1762180321.0,41296,0.99,165,Football,Unbelievable. Yesterday* but Goodness. #WhoDey We’d have a better chance if we just didn’t field a defense. Absolute bums,6786585.0,negative,0.0,0.471,0.529,0.91
1onbwov,1762180961.0,33553,0.99,165,Football,"Unbelievable. Yesterday* but Goodness. #WhoDey All we needed was a competent defense. No one is expecting a 2000 Ravens defense, just *make your goddamn tackles* ffs",5514100.0,positive,0.304,0.4,0.296,-0.5106
1onbwov,1762181626.0,67106,0.99,165,Football,"Unbelievable. Yesterday* but Goodness. #WhoDey This was the craziest sporting event i've ever been to in person. I'm a bears fan,  but do enjoy cheering for the bengals too.  When the score was 42-41 in 4Q i was already accepting a bears loss at that point . Absolute roller coaster of a game",11028200.0,negative,0.156,0.553,0.291,0.8591
1onbwov,1762182219.0,64525,0.99,165,Football,Unbelievable. Yesterday* but Goodness. #WhoDey The stat failed to mention the Bengals also have the worst defense in the history of the NFL. That one factor erases everything else.,10604038.0,neutral,0.245,0.582,0.173,-0.714
1onbwov,1762183007.0,25810,0.99,165,Football,Unbelievable. Yesterday* but Goodness. #WhoDey Can we trade the entire defense? Is that an option?,4241615.0,neutral,0.0,0.615,0.385,0.7587
1onbwov,1762183849.0,23229,0.99,165,Football,Unbelievable. Yesterday* but Goodness. #WhoDey Bengals fans don't find this unbelievable that we lost.,3817454.0,neutral,0.141,0.48,0.379,0.6059
1onbwov,1762182180.0,23229,0.99,165,Football,"Unbelievable. Yesterday* but Goodness. #WhoDey Woo

https://preview.redd.it/agizl3sc42zf1.png?width=296&format=png&auto=webp&s=a09b1e72521d180a41cfe61fd0918a04b139c304",3817454.0,negative,0.0,0.295,0.705,0.8608
1onbwov,1762184264.0,12905,0.99,165,Football,"Unbelievable. Yesterday* but Goodness. #WhoDey If I'm Al, I'm having the entire defense just run at practice. Watch film, then back to running. They need to be afraid of something. The apathy is unacceptable",2120808.0,neutral,0.158,0.675,0.166,-0.1655
1onbwov,1762193179.0,10324,0.99,165,Football,Unbelievable. Yesterday* but Goodness. #WhoDey And Joe Flacco looked cool as a cucumber the whole time.,1696646.0,negative,0.0,0.59,0.41,0.81
1onbwov,1762179472.0,7743,0.99,165,Football,Unbelievable. Yesterday* but Goodness. #WhoDey ![gif](giphy|UbLnLnbbYQTDc2bmbJ),1272485.0,positive,0.0,0.413,0.587,0.69
1onbwov,1762181225.0,10324,0.99,165,Football,Unbelievable. Yesterday* but Goodness. #WhoDey Al can't get his defense to play man. They won't play for him. This is legitimately hard to watch.,1696646.0,neutral,0.096,0.55,0.354,0.8571
1onbwov,1762185060.0,7743,0.99,165,Football,"Unbelievable. Yesterday* but Goodness. #WhoDey If you want to what ""give up"" looks like..


Watch that play where the Bears TE broke tgat tackle and scored from 30 yards out... that Bears TE out ran the Bengals safeties and corners..


Explain that to me.... nope... they have zero talent or fire",1272485.0,neutral,0.102,0.645,0.253,0.8442
1onbwov,1762188363.0,7743,0.99,165,Football,Unbelievable. Yesterday* but Goodness. #WhoDey I feel for Al Golden honestly. He could be a really good defensive coach and have good schemes but we don’t have the players.  They don’t care and it’s not going to change until we have a head coach that will take the position seriously or a GM that will actually hire the people to scout properly or an owner that will actually say enough is enough,1272485.0,negative,0.024,0.699,0.278,0.9712
1on0n5m,1762138493.0,39330,0.95,72,Football,"What do we think Joe’s thinking Joe Burrow was seen leaving the stadium right after the game. What do you think that says about where his head is at right now? Does it change how you feel about his leadership, his future with the team, or the way he’s handling the injury and the performance today? Curious how everyone reads the situation No. He's hurt. Other leaders need to step up. He's also probably mad bc he won't play again this season.",2727536.0,neutral,0.152,0.823,0.025,-0.8933
1on0n5m,1762139987.0,23391,0.95,72,Football,"What do we think Joe’s thinking Joe Burrow was seen leaving the stadium right after the game. What do you think that says about where his head is at right now? Does it change how you feel about his leadership, his future with the team, or the way he’s handling the injury and the performance today? Curious how everyone reads the situation Probably relieved. Flacco just played an unreal game and we still lost, Joe thinning nothing else I could have done differently.",1622166.0,positive,0.057,0.858,0.085,0.3736
1on0n5m,1762139114.0,10143,0.95,72,Football,"What do we think Joe’s thinking Joe Burrow was seen leaving the stadium right after the game. What do you think that says about where his head is at right now? Does it change how you feel about his leadership, his future with the team, or the way he’s handling the injury and the performance today? Curious how everyone reads the situation I honestly feel like he’s upset but at the same time pensive.

If he was still starting and not injured, I don’t think we would be in any different position than we were last year. Last season the offense was putting up double digit scores only for the defense to not hold up their end- this season’s arguably worse.

I do think he needs to have a talk with ownership… he could come back next year healthier than ever, throwing multiple touchdowns a game, but would all be for not if the defense continues to give up double digit scores. If you look at qbs like Brady, Mahomes, Manning- qbs who want to win- I’m certain they’d have words with their organizations if they were in the same scenario.",703417.0,negative,0.061,0.813,0.125,0.8833
1on0n5m,1762138700.0,5796,0.95,72,Football,"What do we think Joe’s thinking Joe Burrow was seen leaving the stadium right after the game. What do you think that says about where his head is at right now? Does it change how you feel about his leadership, his future with the team, or the way he’s handling the injury and the performance today? Curious how everyone reads the situation How can I get outta here w/o everyone hating me ( and how many more years of this shit does that even matter to him) ..",401953.0,positive,0.113,0.852,0.036,-0.8523
1on0n5m,1762143292.0,5796,0.95,72,Football,"What do we think Joe’s thinking Joe Burrow was seen leaving the stadium right after the game. What do you think that says about where his head is at right now? Does it change how you feel about his leadership, his future with the team, or the way he’s handling the injury and the performance today? Curious how everyone reads the situation Honestly it's hard to lead when you're injured. He's not going to give a speech to get people to rally around another qb. He probably feels bad for Flacco, since he knows exactly how Flacco feels. You can't put up enough points.

Hard to stay positive when you're defense has gotten progressively worse each of the last 3 years. Scoring defense over the last 4 years went from 6th to 21st to 25th to 32nd. Hard to stay positive when you know the organization is letting you down. Leaving right after the game when the locker room probably felt like a funeral seems pretty rational for an injured player.",401953.0,negative,0.113,0.777,0.11,0.264
1on0n5m,1762138441.0,10143,0.95,72,Football,"What do we think Joe’s thinking Joe Burrow was seen leaving the stadium right after the game. What do you think that says about where his head is at right now? Does it change how you feel about his leadership, his future with the team, or the way he’s handling the injury and the performance today? Curious how everyone reads the situation Hes gonna stay, but he may come up to mike about his opinion on the team",703417.0,positive,0.028,0.951,0.021,-0.1556
1on0n5m,1762139357.0,13455,0.95,72,Football,"What do we think Joe’s thinking Joe Burrow was seen leaving the stadium right after the game. What do you think that says about where his head is at right now? Does it change how you feel about his leadership, his future with the team, or the way he’s handling the injury and the performance today? Curious how everyone reads the situation “Why’d I sign an extension with this f’ing team?”",933104.0,neutral,0.045,0.923,0.031,-0.2593
1on0n5m,1762140475.0,2277,0.95,72,Football,"What do we think Joe’s thinking Joe Burrow was seen leaving the stadium right after the game. What do you think that says about where his head is at right now? Does it change how you feel about his leadership, his future with the team, or the way he’s handling the injury and the performance today? Curious how everyone reads the situation The same thing a hemi v8 thinks when it’s stuck inside a rusted out piece of crap?",157910.0,neutral,0.095,0.877,0.028,-0.6848
1on0n5m,1762143674.0,1242,0.95,72,Football,"What do we think Joe’s thinking Joe Burrow was seen leaving the stadium right after the game. What do you think that says about where his head is at right now? Does it change how you feel about his leadership, his future with the team, or the way he’s handling the injury and the performance today? Curious how everyone reads the situation He's thinking they need to hire people to find a decent defense.",86133.0,neutral,0.036,0.91,0.054,0.0
1on0n5m,1762144064.0,828,0.95,72,Football,"What do we think Joe’s thinking Joe Burrow was seen leaving the stadium right after the game. What do you think that says about where his head is at right now? Does it change how you feel about his leadership, his future with the team, or the way he’s handling the injury and the performance today? Curious how everyone reads the situation ""damn i hope they fix this defense for next season""",57422.0,neutral,0.07,0.839,0.091,0.1742
1on0n5m,1762139094.0,1863,0.95,72,Football,"What do we think Joe’s thinking Joe Burrow was seen leaving the stadium right after the game. What do you think that says about where his head is at right now? Does it change how you feel about his leadership, his future with the team, or the way he’s handling the injury and the performance today? Curious how everyone reads the situation Next year I’ll be MVP. The year after that I’ll be standing on sidelines",129199.0,negative,0.04,0.931,0.029,-0.2168
1on0n5m,1762139204.0,2484,0.95,72,Football,"What do we think Joe’s thinking Joe Burrow was seen leaving the stadium right after the game. What do you think that says about where his head is at right now? Does it change how you feel about his leadership, his future with the team, or the way he’s handling the injury and the performance today? Curious how everyone reads the situation Probably pissed but in his head is saying ""not my fucking problem""",172265.0,negative,0.056,0.878,0.066,0.1833
1on0n5m,1762167169.0,621,0.95,72,Football,"What do we think Joe’s thinking Joe Burrow was seen leaving the stadium right after the game. What do you think that says about where his head is at right now? Does it change how you feel about his leadership, his future with the team, or the way he’s handling the injury and the performance today? Curious how everyone reads the situation He is thinking any Joe can score a million points with this offense and I'm glad I signed the big contract instead of Flacco",43066.0,neutral,0.056,0.882,0.062,0.1556
1on0n5m,1762168729.0,621,0.95,72,Football,"What do we think Joe’s thinking Joe Burrow was seen leaving the stadium right after the game. What do you think that says about where his head is at right now? Does it change how you feel about his leadership, his future with the team, or the way he’s handling the injury and the performance today? Curious how everyone reads the situation ""i should be the one putting up 40 pts and somehow losing. this is so unfair.""",43066.0,neutral,0.069,0.903,0.028,-0.5362
1on0n5m,1762173080.0,621,0.95,72,Football,"What do we think Joe’s thinking Joe Burrow was seen leaving the stadium right after the game. What do you think that says about where his head is at right now? Does it change how you feel about his leadership, his future with the team, or the way he’s handling the injury and the performance today? Curious how everyone reads the situation Look at Jamar Chase's reaction to the end of that game. That is what Joe Burrow is thinking.",43066.0,negative,0.038,0.935,0.028,-0.2168
1on0n5m,1762138522.0,2898,0.95,72,Football,"What do we think Joe’s thinking Joe Burrow was seen leaving the stadium right after the game. What do you think that says about where his head is at right now? Does it change how you feel about his leadership, his future with the team, or the way he’s handling the injury and the performance today? Curious how everyone reads the situation I don't think there's all that much to it. The guys do media for 20 mins, shower, and go home. He wasn't playing so didn't have to do interviews so just left. They don't sit in the lockers and do film reviews immediately after the game or anything.

Dude has played sports his whole life, he was probably thinking about what to eat for dinner.",200976.0,negative,0.033,0.928,0.038,0.17
1on0n5m,1762139110.0,1035,0.95,72,Football,"What do we think Joe’s thinking Joe Burrow was seen leaving the stadium right after the game. What do you think that says about where his head is at right now? Does it change how you feel about his leadership, his future with the team, or the way he’s handling the injury and the performance today? Curious how everyone reads the situation This is a big nothing burger. I mean if he pressures the front office to get their fingers out of their asses I’m all for it.",71777.0,negative,0.06,0.914,0.025,-0.4871
1on0n5m,1762151707.0,414,0.95,72,Football,"What do we think Joe’s thinking Joe Burrow was seen leaving the stadium right after the game. What do you think that says about where his head is at right now? Does it change how you feel about his leadership, his future with the team, or the way he’s handling the injury and the performance today? Curious how everyone reads the situation He's thinking a blast of white noise, dude is weird and not wired to constructively criticize the team",28711.0,negative,0.088,0.885,0.027,-0.6322
1on0n5m,1762166374.0,414,0.95,72,Football,"What do we think Joe’s thinking Joe Burrow was seen leaving the stadium right after the game. What do you think that says about where his head is at right now? Does it change how you feel about his leadership, his future with the team, or the way he’s handling the injury and the performance today? Curious how everyone reads the situation He’s gonna go home to sleep on his mountain of riches.",28711.0,negative,0.036,0.888,0.077,0.504
1on0n5m,1762175656.0,414,0.95,72,Football,"What do we think Joe’s thinking Joe Burrow was seen leaving the stadium right after the game. What do you think that says about where his head is at right now? Does it change how you feel about his leadership, his future with the team, or the way he’s handling the injury and the performance today? Curious how everyone reads the situation Joe’s a competitor. I’m guessing he’s pissed he can’t be out there. He’s a team player so I’m betting he’s pissed and embarrassed by the team’s performance.",28711.0,negative,0.143,0.834,0.023,-0.9146
1omz68h,1762134192.0,24640,1.0,26,Fact,"Joe Flacco's 470 passing yards are the most by a 40+ year old QB in a regular season game  It’s going to get lost in the mess, but Joe Flacco played an incredible game, especially for being injured. Really happy for him",665280.0,neutral,0.144,0.687,0.169,0.5013
1omz68h,1762134206.0,3960,1.0,26,Fact,Joe Flacco's 470 passing yards are the most by a 40+ year old QB in a regular season game  Reason for the regular season qualifier is 40-year-old Tom Brady threw for 505 yards in Super Bowl LII back in 2018: [https://www.pro-football-reference.com/boxscores/201802040nwe.htm](https://www.pro-football-reference.com/boxscores/201802040nwe.htm),106920.0,negative,0.0,0.907,0.093,0.5994
1omz68h,1762134242.0,7040,1.0,26,Fact,Joe Flacco's 470 passing yards are the most by a 40+ year old QB in a regular season game  https://preview.redd.it/2pgj4hls5yyf1.jpeg?width=959&format=pjpg&auto=webp&s=69220433a80ecac1ba91f02d954b8141f8b75d8c,190080.0,negative,0.0,1.0,0.0,0.0
1omz68h,1762134498.0,3300,1.0,26,Fact,Joe Flacco's 470 passing yards are the most by a 40+ year old QB in a regular season game  All wasted by the defense and DC.,89100.0,negative,0.12,0.824,0.056,-0.4019
1omz68h,1762135968.0,2420,1.0,26,Fact,Joe Flacco's 470 passing yards are the most by a 40+ year old QB in a regular season game  ![gif](giphy|G1vplGMypxBcp7kx32|downsized),65340.0,negative,0.0,1.0,0.0,0.0
1omz68h,1762134880.0,1540,1.0,26,Fact,Joe Flacco's 470 passing yards are the most by a 40+ year old QB in a regular season game  Flacco better than Brady confirmed,41580.0,negative,0.0,0.879,0.121,0.4404
1omz68h,1762138952.0,880,1.0,26,Fact,"Joe Flacco's 470 passing yards are the most by a 40+ year old QB in a regular season game  He deserves better than this trash team. Well, half trash team. Offense looks great.",23760.0,negative,0.052,0.709,0.239,0.7964
1omz68h,1762142210.0,1320,1.0,26,Fact,"Joe Flacco's 470 passing yards are the most by a 40+ year old QB in a regular season game  Wow that’s awesome. They must have won, right?",35640.0,negative,0.0,0.655,0.345,0.9118
1omz68h,1762151095.0,660,1.0,26,Fact,"Joe Flacco's 470 passing yards are the most by a 40+ year old QB in a regular season game  This team is a mess, but at least he’s made this season a lot more fun. Those Browning weeks were excruciating.",17820.0,negative,0.169,0.724,0.107,-0.4235
1omz68h,1762137108.0,440,1.0,26,Fact,Joe Flacco's 470 passing yards are the most by a 40+ year old QB in a regular season game  Dang. Flacco just knocked Brady off the top 10 list.,11880.0,negative,0.0,0.935,0.065,0.2023
1omz68h,1762145850.0,440,1.0,26,Fact,Joe Flacco's 470 passing yards are the most by a 40+ year old QB in a regular season game  Im gonna assume those 9 other games were wins,11880.0,negative,0.0,0.866,0.134,0.5719
1omz68h,1762158292.0,440,1.0,26,Fact,"Joe Flacco's 470 passing yards are the most by a 40+ year old QB in a regular season game  These numbers really put Burrow’s 2024 season into context. 

No wonder he threw so many yards and TDs with such a bad defense and amazing receiving corps. 

Through 3 games as a Bengal, Flacco has thrown for 1,035 yards, 9 TDs and 2 INTs. In a 17 game season that would be on pace for 5,865 yards, 51 TDs and 11 INTs. 

The receiving corps of this team really elevates QBs who can limit mistakes.",11880.0,negative,0.087,0.857,0.056,-0.4404
1omz68h,1762136382.0,220,1.0,26,Fact,"Joe Flacco's 470 passing yards are the most by a 40+ year old QB in a regular season game  Just beat the Ravens once and the Steelers one more time, then they win the division.",5940.0,negative,0.0,0.894,0.106,0.5859
1omz68h,1762138177.0,220,1.0,26,Fact,"Joe Flacco's 470 passing yards are the most by a 40+ year old QB in a regular season game  I mean Ican explain what happened to him in Denver and a few of his other stops. I just remember how efficient he always was as a rat bird, and he did have the super bowl record for awhile for his QB rating/performance. 


Is he a hall of famer, probably not, but hes tier below for sure! ",5940.0,negative,0.018,0.88,0.103,0.7424
1omz68h,1762138371.0,220,1.0,26,Fact,Joe Flacco's 470 passing yards are the most by a 40+ year old QB in a regular season game  L BC WE SUCK,5940.0,neutral,0.161,0.839,0.0,-0.5622
1omz68h,1762181848.0,220,1.0,26,Fact,Joe Flacco's 470 passing yards are the most by a 40+ year old QB in a regular season game  ... and the only one to lose the game,5940.0,negative,0.097,0.903,0.0,-0.4019
1omz68h,1762195067.0,220,1.0,26,Fact,Joe Flacco's 470 passing yards are the most by a 40+ year old QB in a regular season game  He'll be on the list a few more times this year out of necessity,5940.0,negative,0.0,1.0,0.0,0.0
1omz68h,1762223139.0,220,1.0,26,Fact,Joe Flacco's 470 passing yards are the most by a 40+ year old QB in a regular season game  HOW?! how???,5940.0,negative,0.0,1.0,0.0,0.0
1omz68h,1762252861.0,220,1.0,26,Fact,Joe Flacco's 470 passing yards are the most by a 40+ year old QB in a regular season game  Such wonderful record setting era of Bengals football.,5940.0,negative,0.0,0.866,0.134,0.5719
1omy919,1762131827.0,84016,0.97,190,Football,"Stewart, Battle and Slayton all laughing, saying “see you on Monday” in the locker room after the game  Yeah bro I'm genuinely tired of seeing TJ Slaton celebrate every play. Bears run for a first down. Doesn't matter, TJ got the tackle after a 6 yard run and needs to celebrate.",15565644.0,negative,0.106,0.648,0.246,0.8633
1omy919,1762131807.0,122464,0.97,190,Football,"Stewart, Battle and Slayton all laughing, saying “see you on Monday” in the locker room after the game  Besides laughing after the loss, not facing the media is straight up cowardly. Jamarr who clearly has his heart ripped out answers questions, so does Chase Brown ",22688905.0,negative,0.133,0.673,0.195,0.5423
1omy919,1762132091.0,87932,0.97,190,Football,"Stewart, Battle and Slayton all laughing, saying “see you on Monday” in the locker room after the game  Coaches have lost the locker room and some of these guys are both talentless and locker room cancers. 

Duke, Zac, and Al shouldn’t be employed tomorrow",16291162.0,negative,0.148,0.789,0.063,-0.5106
1omy919,1762132660.0,50552,0.97,190,Football,"Stewart, Battle and Slayton all laughing, saying “see you on Monday” in the locker room after the game  Battle, Stewart, Slaton, Jenkins, and Murphy. 

What a bunch of fucking losers. Go look at their PFF grades for this game. Bottom of the barrel turds.",9365769.0,neutral,0.174,0.763,0.063,-0.6901
1omy919,1762132063.0,24564,0.97,190,Football,"Stewart, Battle and Slayton all laughing, saying “see you on Monday” in the locker room after the game  Five useless players. Can’t believe a couple of them are first round picks. Done with Duke!",4550972.0,neutral,0.146,0.771,0.082,-0.3595
1omy919,1762131639.0,28836,0.97,190,Football,"Stewart, Battle and Slayton all laughing, saying “see you on Monday” in the locker room after the game  The bottom of that screenshot, bro. LOL.",5342446.0,negative,0.083,0.702,0.215,0.6289
1omy919,1762131614.0,30260,0.97,190,Football,"Stewart, Battle and Slayton all laughing, saying “see you on Monday” in the locker room after the game  Tobin has to be canned and burrow has to demand it. This clown has failed nearly every draft and then he drafts absolute clowns like Stewart. Sick of this shit",5606270.0,negative,0.234,0.672,0.093,-0.8225
1omy919,1762132499.0,29192,0.97,190,Football,"Stewart, Battle and Slayton all laughing, saying “see you on Monday” in the locker room after the game  Shemar was such a bad pick. Painfully bad. So bad that heads need to roll. In an endless list of horrible picks by this clueless org he’s front and center. ",5408402.0,neutral,0.352,0.599,0.049,-0.9622
1omy919,1762132479.0,10680,0.97,190,Football,"Stewart, Battle and Slayton all laughing, saying “see you on Monday” in the locker room after the game  Been saying it forever guys, the FO and ownership are failing this team. The scouting department is a joke and it’s mostly due to the owners being cheap.",1978684.0,negative,0.113,0.784,0.103,-0.128
1omy919,1762132493.0,9968,0.97,190,Football,"Stewart, Battle and Slayton all laughing, saying “see you on Monday” in the locker room after the game  This is absolutely unacceptable. Declining is in bad taste but not totally immature. But the laughing? The comments? No properly managed, coached, or disciplined player acts like that. Insane",1846771.0,negative,0.21,0.634,0.157,-0.3086
1omy919,1762134146.0,7832,0.97,190,Football,"Stewart, Battle and Slayton all laughing, saying “see you on Monday” in the locker room after the game  I would say let Shemar Stewart ride the bench for four seasons but seeing as how he is one of the most unproductive rookies i've ever seen I think he is headed that way anyways. I would cut Slaton and Battle.",1451035.0,neutral,0.127,0.839,0.034,-0.6956
1omy919,1762135304.0,8544,0.97,190,Football,"Stewart, Battle and Slayton all laughing, saying “see you on Monday” in the locker room after the game  If Zac Taylor has a spine he’ll bench them all.

Giving up 85 points over the last 2 weeks and you’re laughing about it.",1582947.0,negative,0.055,0.759,0.186,0.7351
1omy919,1762132774.0,23140,0.97,190,Football,"Stewart, Battle and Slayton all laughing, saying “see you on Monday” in the locker room after the game  I don't think I've ever disliked a Bengal as much as Shemar Stewart",4287148.0,positive,0.154,0.754,0.093,-0.2732
1omy919,1762135637.0,6052,0.97,190,Football,"Stewart, Battle and Slayton all laughing, saying “see you on Monday” in the locker room after the game  Stop buying tickets, stop buying merchandise, stop watching the games, stop engaging with the teams fucking twitter. Stop giving them your time and money.",1121254.0,neutral,0.248,0.601,0.151,-0.5165
1omy919,1762132335.0,14240,0.97,190,Football,"Stewart, Battle and Slayton all laughing, saying “see you on Monday” in the locker room after the game  Funny how much attitude we were getting for Shemar by not signing him, and now he acts like this. 

If only the people who manage these players hold them accountable…",2638245.0,positive,0.047,0.797,0.156,0.7184
1omy919,1762132391.0,14240,0.97,190,Football,"Stewart, Battle and Slayton all laughing, saying “see you on Monday” in the locker room after the game  There is not a single player on defense that I would care about if they were let go tomorrow. The issue in the locker room is them.",2638245.0,positive,0.053,0.788,0.16,0.6486
1omy919,1762133011.0,9968,0.97,190,Football,"Stewart, Battle and Slayton all laughing, saying “see you on Monday” in the locker room after the game  The contract stuff with Stewart looks even worse now, in hindsight.",1846771.0,positive,0.163,0.745,0.092,-0.3612
1omy919,1762133162.0,10680,0.97,190,Football,"Stewart, Battle and Slayton all laughing, saying “see you on Monday” in the locker room after the game  Boy Stewart seems like a real catch, more concerned about some arcane detail in his contract and holding out over it then playing winning football.  Great look for a rookie",1978684.0,positive,0.045,0.694,0.26,0.9081
1omy919,1762134668.0,4984,0.97,190,Football,"Stewart, Battle and Slayton all laughing, saying “see you on Monday” in the locker room after the game  Myles Murphy wasn’t even fucking trying out there. He’d run in the vicinity of a play and not even attempt to tackle. What a joke.",923386.0,neutral,0.055,0.781,0.165,0.6369
1omy919,1762131713.0,4272,0.97,190,Football,"Stewart, Battle and Slayton all laughing, saying “see you on Monday” in the locker room after the game  Kam is absolutely right.",791473.0,neutral,0.101,0.775,0.124,0.1531
1omxy9q,1762131541.0,339426,0.99,88,Football,"“One F***ing Stop” - Ja’Marr Chase extremely mad heading to the locker room Source: Yanni Tragellis (on X)

I doubt that Ja’Marr, Tee, Joe Burrow and Chase Brown are going to stay a lot longer than (maybe) another season with the Bengals. This franchise is so dysfunctional. Al Golden should be fired pronto (and likely won’t be fired), Zac Taylor is here for another year and Duke Tobin will never get fired. Truly abysmal.  I am happy to see a few players give a shit at least",29906825.0,neutral,0.198,0.764,0.038,-0.9382
1omxy9q,1762134728.0,74736,0.99,88,Football,"“One F***ing Stop” - Ja’Marr Chase extremely mad heading to the locker room Source: Yanni Tragellis (on X)

I doubt that Ja’Marr, Tee, Joe Burrow and Chase Brown are going to stay a lot longer than (maybe) another season with the Bengals. This franchise is so dysfunctional. Al Golden should be fired pronto (and likely won’t be fired), Zac Taylor is here for another year and Duke Tobin will never get fired. Truly abysmal.  Oh yeah, sure. The team is just going to trade away three players that have hundreds of millions of dollars quarenteed to them. Who doesn't love paying a guy to not be on your team.",6584989.0,positive,0.157,0.805,0.037,-0.9379
1omxy9q,1762131006.0,195144,0.99,88,Football,"“One F***ing Stop” - Ja’Marr Chase extremely mad heading to the locker room Source: Yanni Tragellis (on X)

I doubt that Ja’Marr, Tee, Joe Burrow and Chase Brown are going to stay a lot longer than (maybe) another season with the Bengals. This franchise is so dysfunctional. Al Golden should be fired pronto (and likely won’t be fired), Zac Taylor is here for another year and Duke Tobin will never get fired. Truly abysmal.  ""I doubt that Ja’Marr, Tee, Joe Burrow and Chase Brown are going to stay a lot longer than (maybe) another season with the Bengals. This""

Joe Burrow is locked up through 2029, right? I almost feel sorry for him, but a quarter-billion dollars is a lot of money...",17194138.0,negative,0.108,0.892,0.0,-0.8426
1omxy9q,1762147571.0,15570,0.99,88,Football,"“One F***ing Stop” - Ja’Marr Chase extremely mad heading to the locker room Source: Yanni Tragellis (on X)

I doubt that Ja’Marr, Tee, Joe Burrow and Chase Brown are going to stay a lot longer than (maybe) another season with the Bengals. This franchise is so dysfunctional. Al Golden should be fired pronto (and likely won’t be fired), Zac Taylor is here for another year and Duke Tobin will never get fired. Truly abysmal.  The Brown family has to go! The only answer. Everyone knows it.",1371873.0,positive,0.169,0.831,0.0,-0.9422
1omxy9q,1762155533.0,15570,0.99,88,Football,"“One F***ing Stop” - Ja’Marr Chase extremely mad heading to the locker room Source: Yanni Tragellis (on X)

I doubt that Ja’Marr, Tee, Joe Burrow and Chase Brown are going to stay a lot longer than (maybe) another season with the Bengals. This franchise is so dysfunctional. Al Golden should be fired pronto (and likely won’t be fired), Zac Taylor is here for another year and Duke Tobin will never get fired. Truly abysmal.  I don't blame his for being this pissed. 40+ points and the defense could not get the fucking job done. How are we this bad?",1371873.0,positive,0.216,0.753,0.031,-0.9726
1omxy9q,1762141797.0,24912,0.99,88,Football,"“One F***ing Stop” - Ja’Marr Chase extremely mad heading to the locker room Source: Yanni Tragellis (on X)

I doubt that Ja’Marr, Tee, Joe Burrow and Chase Brown are going to stay a lot longer than (maybe) another season with the Bengals. This franchise is so dysfunctional. Al Golden should be fired pronto (and likely won’t be fired), Zac Taylor is here for another year and Duke Tobin will never get fired. Truly abysmal.  ""extremely mad""

Okay no need to be bombastic. 

He calmly said ""one fucking stop"" and sighed.",2194996.0,negative,0.228,0.73,0.042,-0.9616
1omxy9q,1762143811.0,7266,0.99,88,Football,"“One F***ing Stop” - Ja’Marr Chase extremely mad heading to the locker room Source: Yanni Tragellis (on X)

I doubt that Ja’Marr, Tee, Joe Burrow and Chase Brown are going to stay a lot longer than (maybe) another season with the Bengals. This franchise is so dysfunctional. Al Golden should be fired pronto (and likely won’t be fired), Zac Taylor is here for another year and Duke Tobin will never get fired. Truly abysmal.  This defense doesn't know the meaning of getting a stop",640207.0,negative,0.193,0.791,0.016,-0.946
1omxy9q,1762149628.0,6228,0.99,88,Football,"“One F***ing Stop” - Ja’Marr Chase extremely mad heading to the locker room Source: Yanni Tragellis (on X)

I doubt that Ja’Marr, Tee, Joe Burrow and Chase Brown are going to stay a lot longer than (maybe) another season with the Bengals. This franchise is so dysfunctional. Al Golden should be fired pronto (and likely won’t be fired), Zac Taylor is here for another year and Duke Tobin will never get fired. Truly abysmal.  Don't be so hard on the defense, they did get a stop. Two stops in fact. The whole game they made the Bears punt 2 times. Thats a major achievement for this defense. I mean, realistically, how much more can you expect for this defense? 3 stops... in one game? Preposterous.",548749.0,neutral,0.164,0.802,0.034,-0.9526
1omxy9q,1762167304.0,3114,0.99,88,Football,"“One F***ing Stop” - Ja’Marr Chase extremely mad heading to the locker room Source: Yanni Tragellis (on X)

I doubt that Ja’Marr, Tee, Joe Burrow and Chase Brown are going to stay a lot longer than (maybe) another season with the Bengals. This franchise is so dysfunctional. Al Golden should be fired pronto (and likely won’t be fired), Zac Taylor is here for another year and Duke Tobin will never get fired. Truly abysmal.  They all recently signed their deals. They aren't going anywhere anytime soon.",274375.0,neutral,0.167,0.833,0.0,-0.9393
1omxy9q,1762154026.0,4152,0.99,88,Football,"“One F***ing Stop” - Ja’Marr Chase extremely mad heading to the locker room Source: Yanni Tragellis (on X)

I doubt that Ja’Marr, Tee, Joe Burrow and Chase Brown are going to stay a lot longer than (maybe) another season with the Bengals. This franchise is so dysfunctional. Al Golden should be fired pronto (and likely won’t be fired), Zac Taylor is here for another year and Duke Tobin will never get fired. Truly abysmal.  I’m so sick of losing season after season after season.",365833.0,positive,0.235,0.765,0.0,-0.9709
1omxy9q,1762184430.0,2076,0.99,88,Football,"“One F***ing Stop” - Ja’Marr Chase extremely mad heading to the locker room Source: Yanni Tragellis (on X)

I doubt that Ja’Marr, Tee, Joe Burrow and Chase Brown are going to stay a lot longer than (maybe) another season with the Bengals. This franchise is so dysfunctional. Al Golden should be fired pronto (and likely won’t be fired), Zac Taylor is here for another year and Duke Tobin will never get fired. Truly abysmal.  The Bengals were doing tackling drills at practice last week.   If you have players on an NFL team that need to do tackle drills,  you don't have NFL players.   This is a personnel issue.  Marvin had more influence in drafting defense and would at least hit on a pick now and then.  Nobody in the org apparently can evaluate NFL talent on the defensive side.   That's on the FO.",182916.0,neutral,0.103,0.861,0.036,-0.9042
1omxy9q,1762213875.0,2076,0.99,88,Football,"“One F***ing Stop” - Ja’Marr Chase extremely mad heading to the locker room Source: Yanni Tragellis (on X)

I doubt that Ja’Marr, Tee, Joe Burrow and Chase Brown are going to stay a lot longer than (maybe) another season with the Bengals. This franchise is so dysfunctional. Al Golden should be fired pronto (and likely won’t be fired), Zac Taylor is here for another year and Duke Tobin will never get fired. Truly abysmal.  He has every right to be angry.",182916.0,neutral,0.208,0.792,0.0,-0.9578
1omxy9q,1762217019.0,2076,0.99,88,Football,"“One F***ing Stop” - Ja’Marr Chase extremely mad heading to the locker room Source: Yanni Tragellis (on X)

I doubt that Ja’Marr, Tee, Joe Burrow and Chase Brown are going to stay a lot longer than (maybe) another season with the Bengals. This franchise is so dysfunctional. Al Golden should be fired pronto (and likely won’t be fired), Zac Taylor is here for another year and Duke Tobin will never get fired. Truly abysmal.  As he should be! Being this elite of player with this defense is a tragedy!",182916.0,neutral,0.205,0.778,0.016,-0.9636
1omxy9q,1762138500.0,6228,0.99,88,Football,"“One F***ing Stop” - Ja’Marr Chase extremely mad heading to the locker room Source: Yanni Tragellis (on X)

I doubt that Ja’Marr, Tee, Joe Burrow and Chase Brown are going to stay a lot longer than (maybe) another season with the Bengals. This franchise is so dysfunctional. Al Golden should be fired pronto (and likely won’t be fired), Zac Taylor is here for another year and Duke Tobin will never get fired. Truly abysmal.  I can’t wait for Joe Burrow to leave this organization so that I have justification to root for another team.",548749.0,neutral,0.168,0.832,0.0,-0.9413
1omxy9q,1762164883.0,1038,0.99,88,Football,"“One F***ing Stop” - Ja’Marr Chase extremely mad heading to the locker room Source: Yanni Tragellis (on X)

I doubt that Ja’Marr, Tee, Joe Burrow and Chase Brown are going to stay a lot longer than (maybe) another season with the Bengals. This franchise is so dysfunctional. Al Golden should be fired pronto (and likely won’t be fired), Zac Taylor is here for another year and Duke Tobin will never get fired. Truly abysmal.  Who is the giant walking next to him?",91458.0,negative,0.174,0.826,0.0,-0.9393
1omxy9q,1762204327.0,1038,0.99,88,Football,"“One F***ing Stop” - Ja’Marr Chase extremely mad heading to the locker room Source: Yanni Tragellis (on X)

I doubt that Ja’Marr, Tee, Joe Burrow and Chase Brown are going to stay a lot longer than (maybe) another season with the Bengals. This franchise is so dysfunctional. Al Golden should be fired pronto (and likely won’t be fired), Zac Taylor is here for another year and Duke Tobin will never get fired. Truly abysmal.  Might soon come to blows in that locker room. What a shit show.",91458.0,neutral,0.2,0.8,0.0,-0.9595
1omj9mf,1762095891.0,24339,0.97,40,Fandom,I believe in Flacco  I believe in Flacco… not the defense.,967962.0,neutral,0.146,0.854,0.0,-0.0951
1omj9mf,1762095237.0,14091,0.97,40,Fandom,I believe in Flacco  https://preview.redd.it/kv39aeltxuyf1.jpeg?width=1024&format=pjpg&auto=webp&s=f48566ace3a1174011255635dd1a815d59293e69,560399.0,neutral,0.0,1.0,0.0,0.0
1omj9mf,1762096444.0,3416,0.97,40,Fandom,I believe in Flacco  We scored 38 points last week. Flacco ain't the problem.,135854.0,neutral,0.0,0.842,0.158,0.3089
1omj9mf,1762097711.0,4697,0.97,40,Fandom,I believe in Flacco  Say his name and he appears,186800.0,neutral,0.0,1.0,0.0,0.0
1omj9mf,1762096477.0,2562,0.97,40,Fandom,I believe in Flacco  Flacco definitely not the problem here. He’s doing his job well.,101891.0,neutral,0.0,0.609,0.391,0.7234
1omj9mf,1762121325.0,2135,0.97,40,Fandom,I believe in Flacco  Zac Taylor should have been fired after losing to the 0-7 Jets. This week was just reaping what we sow.,84909.0,neutral,0.228,0.772,0.0,-0.7351
1omj9mf,1762096910.0,854,0.97,40,Fandom,I believe in Flacco  Can't wait for the conservative play calling till the 4th quarter 😃,33964.0,neutral,0.0,0.844,0.156,0.34
1omj9mf,1762120077.0,1281,0.97,40,Fandom,I believe in Flacco  He did exactly that,50945.0,neutral,0.0,1.0,0.0,0.0
1omj9mf,1762095439.0,2135,0.97,40,Fandom,"I believe in Flacco  Please Flacco

![gif](giphy|CT5Ye7uVJLFtu)",84909.0,neutral,0.0,0.659,0.341,0.3802
1omj9mf,1762100248.0,854,0.97,40,Fandom,"I believe in Flacco  i genuinely believe we win this week… will probably barely win or barely lose but this offense, the play calling has been fantastic.  if we could scout talent properly, people would only be bitching about Taylor as HC because his slow starts and it’s obviously never Burrows fault!  or if he does dumb shit on a final drive to cost us a game after a mastervlass",33964.0,neutral,0.18,0.601,0.219,0.5386
1omj9mf,1762123967.0,854,0.97,40,Fandom,I believe in Flacco  Stunt he did. It wasn’t good enough. ,33964.0,neutral,0.0,0.756,0.244,0.4404
1omj9mf,1762096067.0,1281,0.97,40,Fandom,I believe in Flacco  In Flacco we trust,50945.0,neutral,0.0,0.645,0.355,0.5106
1omj9mf,1762096450.0,1708,0.97,40,Fandom,I believe in Flacco  I believe in Flacco- Taylor…..not so much,67927.0,neutral,0.0,1.0,0.0,0.0
1omj9mf,1762127118.0,427,0.97,40,Fandom,I believe in Flacco  You can believe in Flacco all you want. The problem is that we also have Zack,16982.0,neutral,0.129,0.81,0.062,-0.34
1omj9mf,1762129985.0,427,0.97,40,Fandom,I believe in Flacco  Its not flacco you need to believe in.,16982.0,neutral,0.0,1.0,0.0,0.0
1omj9mf,1762130471.0,427,0.97,40,Fandom,I believe in Flacco  Al Golden has entered the chat.,16982.0,neutral,0.0,1.0,0.0,0.0
1omj9mf,1762197113.0,427,0.97,40,Fandom,I believe in Flacco  He can stunt on whoever he wants. Defense still giving up 50 a game.,16982.0,neutral,0.0,0.782,0.218,0.4404
1omj9mf,1762096388.0,427,0.97,40,Fandom,I believe in Flacco  Fantasy dude here.  We love you Mr elite. Jamaar and chase brown to the moon 🌕,16982.0,neutral,0.0,0.802,0.198,0.6369
1olt4y3,1762016981.0,54102,0.96,89,Rumor,"[Russini] Bengals Receiving Calls From Several Teams About Three Players  Varying calls from 9ers, Colts, Eagles, Lions, and Rams regarding the following:

Logan Wilson, CTB, and Trey

Saved you a click",4674413.0,neutral,0.0,0.912,0.088,0.4215
1olt4y3,1762017061.0,10224,0.96,89,Rumor,[Russini] Bengals Receiving Calls From Several Teams About Three Players  Manifesting a CTB trade,883354.0,neutral,0.0,1.0,0.0,0.0
1olt4y3,1762017354.0,7810,0.96,89,Rumor,"[Russini] Bengals Receiving Calls From Several Teams About Three Players  Just remember that the Bengals want to win the trades by a longshot, so don't be surprised if they decide to pass on a fair compensation",674784.0,neutral,0.049,0.763,0.188,0.6673
1olt4y3,1762017340.0,6532,0.96,89,Rumor,"[Russini] Bengals Receiving Calls From Several Teams About Three Players  At this point in the season, shop em. Get value back, start a complete rebuild of the defense. 

Trey either has the best years behind him or needs a developed edge on the other side to be effective. CTB can be good but he’s not good enough to build around. Logan, as much as I love him, isn’t good in coverage and is easily swallowed by run blocking",564365.0,neutral,0.036,0.687,0.277,0.9672
1olt4y3,1762020074.0,1136,0.96,89,Rumor,[Russini] Bengals Receiving Calls From Several Teams About Three Players  Trade all three,98150.0,neutral,0.0,1.0,0.0,0.0
1olt4y3,1762017469.0,4544,0.96,89,Rumor,"[Russini] Bengals Receiving Calls From Several Teams About Three Players  The Bengals should trade anything and everything they can on the defensive side of the ball. There’s absolutely no argument to hang onto any “core” here - it’s the clear cut worst defense in the NFL and has been since the start of the prior season.

The only sensible thing to do is to blow it up. They tried to move pieces around between mostly new coaching on that side of the ball, moving on from a few pieces (Pratt, Hubbard, Bell, Hilton), and holding onto key players like Trey. But it’s still awful. 

Trade everyone they can beside DJ Turner, accumulate as many draft picks as possible and turn those into packages for proven talents and sign proven talent in FA. They’ve shown they can’t evaluate talent, draft, or develop at all, so they need to acquire actual pieces externally.",392602.0,neutral,0.071,0.825,0.104,0.672
1olt4y3,1762024362.0,426,0.96,89,Rumor,"[Russini] Bengals Receiving Calls From Several Teams About Three Players  It’s the smart thing to do, so of course they won’t do it.",36806.0,neutral,0.0,0.891,0.109,0.4019
1olt4y3,1762017196.0,2130,0.96,89,Rumor,[Russini] Bengals Receiving Calls From Several Teams About Three Players  Not in the business of making other teams better 😤,184032.0,neutral,0.0,0.861,0.139,0.4404
1olt4y3,1762018946.0,568,0.96,89,Rumor,[Russini] Bengals Receiving Calls From Several Teams About Three Players  Take anything above a 6th rounder for CTB and Wilson. Take a 2nd rounder+ for Hendrickson.,49075.0,neutral,0.0,1.0,0.0,0.0
1olt4y3,1762019123.0,1136,0.96,89,Rumor,[Russini] Bengals Receiving Calls From Several Teams About Three Players  I can’t wait for CTB to go to the eagles and be a stud. He’s so bad on our team but I’m certain everyone who leaves will be so much better wherever they land. Just an absolute cesspool of mediocraty in Cincinnati. I don’t know why people get here and just stagnate and disappoint,98150.0,neutral,0.09,0.812,0.099,0.1585
1olt4y3,1762020849.0,284,0.96,89,Rumor,[Russini] Bengals Receiving Calls From Several Teams About Three Players  It's pretty hilarious that our defense is this bad yet other teams are interested in three of our players,24538.0,neutral,0.093,0.638,0.269,0.6808
1olt4y3,1762037898.0,284,0.96,89,Rumor,[Russini] Bengals Receiving Calls From Several Teams About Three Players  No reason we shouldn’t unload CTB and Wilson,24538.0,neutral,0.115,0.885,0.0,-0.296
1olt4y3,1762021321.0,142,0.96,89,Rumor,"[Russini] Bengals Receiving Calls From Several Teams About Three Players  Two 1st rounders plus CTB for a 7th rounder

Pull it off Duke! You da man!!!!",12269.0,neutral,0.0,1.0,0.0,0.0
1olt4y3,1762023959.0,142,0.96,89,Rumor,[Russini] Bengals Receiving Calls From Several Teams About Three Players  Hard to be a good CB when there’s no pass rush 🤣,12269.0,neutral,0.153,0.723,0.123,0.0772
1olt4y3,1762024516.0,142,0.96,89,Rumor,"[Russini] Bengals Receiving Calls From Several Teams About Three Players  I sometimes think there should be another metric that rates players that factors in based on help they get from complimentary positions like o line and  performance of running backs, cbs and d line play. Etc.",12269.0,neutral,0.024,0.765,0.211,0.8519
1olt4y3,1762024880.0,142,0.96,89,Rumor,[Russini] Bengals Receiving Calls From Several Teams About Three Players  Keep Trey if we win tomorrow. Trade the others for whatever you can get.,12269.0,neutral,0.0,0.858,0.142,0.5859
1olt4y3,1762025750.0,142,0.96,89,Rumor,[Russini] Bengals Receiving Calls From Several Teams About Three Players  For CTB - two ping pong tables and they buy the staff lunch on day 2 of the draft.,12269.0,neutral,0.0,1.0,0.0,0.0
1olt4y3,1762029063.0,142,0.96,89,Rumor,"[Russini] Bengals Receiving Calls From Several Teams About Three Players  CTB is awful, if we could twist an arm and get a 5 somehow that would be amazing.

Wilson, we are clearly wanting to move on. But he's playing shit, so we would at best be looking at a 7. Or 6 for 7 swap.

Trey we could still get value for, but we won't, because we are the Bengals.

Hell, the wider point, no matter what we get, we'll waste on ""toolsy"" or ""trait"" players. We are helpless.",12269.0,neutral,0.212,0.641,0.147,-0.8834
1olt4y3,1762029725.0,142,0.96,89,Rumor,[Russini] Bengals Receiving Calls From Several Teams About Three Players  I’m going to dismiss the rumor that anyone wants CTB,12269.0,neutral,0.0,1.0,0.0,0.0
1olt4y3,1762034384.0,142,0.96,89,Rumor,"[Russini] Bengals Receiving Calls From Several Teams About Three Players  Sell sell sell!

We got a few seasons to rebuild!",12269.0,neutral,0.0,1.0,0.0,0.0
1olqhlr,1762010829.0,21300,0.94,78,Fact,"Zac Taylor is the 71st Highest Paid Football Coach in America I’ve seen a lot of posts about a potential coaching search and just wanted to mention this fact to help guide some realism. 

Zac Taylor makes $4.5M per season. He is the 18th highest paid NFL head coach. There are 54 NCAA head coaches that make more than $4.5M per season. 

For NCAA coaches comparison, Zac Taylor makes the same amount of money as Willie Fritz who is the head coach of the Houston Cougars. 

We don’t need to be wondering if Ryan Day, Marcus Freeman or Dan Lanning would be interested in the Bengals coaching job.  He’s essentially an offensive coordinator because he certainly has no idea what is going on with the defense. So he is actually a well paid OC",1581738.0,neutral,0.037,0.864,0.099,0.7845
1olqhlr,1762010537.0,24282,0.94,78,Fact,"Zac Taylor is the 71st Highest Paid Football Coach in America I’ve seen a lot of posts about a potential coaching search and just wanted to mention this fact to help guide some realism. 

Zac Taylor makes $4.5M per season. He is the 18th highest paid NFL head coach. There are 54 NCAA head coaches that make more than $4.5M per season. 

For NCAA coaches comparison, Zac Taylor makes the same amount of money as Willie Fritz who is the head coach of the Houston Cougars. 

We don’t need to be wondering if Ryan Day, Marcus Freeman or Dan Lanning would be interested in the Bengals coaching job.  Paid way too much.",1803181.0,neutral,0.0,0.93,0.07,0.7964
1olqhlr,1762011324.0,2343,0.94,78,Fact,"Zac Taylor is the 71st Highest Paid Football Coach in America I’ve seen a lot of posts about a potential coaching search and just wanted to mention this fact to help guide some realism. 

Zac Taylor makes $4.5M per season. He is the 18th highest paid NFL head coach. There are 54 NCAA head coaches that make more than $4.5M per season. 

For NCAA coaches comparison, Zac Taylor makes the same amount of money as Willie Fritz who is the head coach of the Houston Cougars. 

We don’t need to be wondering if Ryan Day, Marcus Freeman or Dan Lanning would be interested in the Bengals coaching job.  Is he the 18th best coach in the NFL?",173991.0,neutral,0.0,0.9,0.1,0.9062
1olqhlr,1762010548.0,4473,0.94,78,Fact,"Zac Taylor is the 71st Highest Paid Football Coach in America I’ve seen a lot of posts about a potential coaching search and just wanted to mention this fact to help guide some realism. 

Zac Taylor makes $4.5M per season. He is the 18th highest paid NFL head coach. There are 54 NCAA head coaches that make more than $4.5M per season. 

For NCAA coaches comparison, Zac Taylor makes the same amount of money as Willie Fritz who is the head coach of the Houston Cougars. 

We don’t need to be wondering if Ryan Day, Marcus Freeman or Dan Lanning would be interested in the Bengals coaching job.  He deserves less",332165.0,neutral,0.0,0.929,0.071,0.7964
1olqhlr,1762012154.0,639,0.94,78,Fact,"Zac Taylor is the 71st Highest Paid Football Coach in America I’ve seen a lot of posts about a potential coaching search and just wanted to mention this fact to help guide some realism. 

Zac Taylor makes $4.5M per season. He is the 18th highest paid NFL head coach. There are 54 NCAA head coaches that make more than $4.5M per season. 

For NCAA coaches comparison, Zac Taylor makes the same amount of money as Willie Fritz who is the head coach of the Houston Cougars. 

We don’t need to be wondering if Ryan Day, Marcus Freeman or Dan Lanning would be interested in the Bengals coaching job.  People actually believe that Joe Brady or Ryan Day will come. The more realistic outcome points toward the Colts’ assistant quarterbacks coach, assuming there is a new coach at all.",47452.0,neutral,0.0,0.942,0.058,0.7964
1olqhlr,1762023124.0,639,0.94,78,Fact,"Zac Taylor is the 71st Highest Paid Football Coach in America I’ve seen a lot of posts about a potential coaching search and just wanted to mention this fact to help guide some realism. 

Zac Taylor makes $4.5M per season. He is the 18th highest paid NFL head coach. There are 54 NCAA head coaches that make more than $4.5M per season. 

For NCAA coaches comparison, Zac Taylor makes the same amount of money as Willie Fritz who is the head coach of the Houston Cougars. 

We don’t need to be wondering if Ryan Day, Marcus Freeman or Dan Lanning would be interested in the Bengals coaching job.  College football coaching money makes absolutely 0 sense",47452.0,neutral,0.0,0.931,0.069,0.7964
1olqhlr,1762015664.0,639,0.94,78,Fact,"Zac Taylor is the 71st Highest Paid Football Coach in America I’ve seen a lot of posts about a potential coaching search and just wanted to mention this fact to help guide some realism. 

Zac Taylor makes $4.5M per season. He is the 18th highest paid NFL head coach. There are 54 NCAA head coaches that make more than $4.5M per season. 

For NCAA coaches comparison, Zac Taylor makes the same amount of money as Willie Fritz who is the head coach of the Houston Cougars. 

We don’t need to be wondering if Ryan Day, Marcus Freeman or Dan Lanning would be interested in the Bengals coaching job.  This is the thing for me: even if we move on from Taylor (we won’t) Mike brown is gonna hire someone he can get away with paying middle of the pack money. That’s likely going to be someone with no head coach or coordinator experience, just like Zac Taylor",47452.0,neutral,0.014,0.921,0.065,0.8126
1olqhlr,1762013715.0,426,0.94,78,Fact,"Zac Taylor is the 71st Highest Paid Football Coach in America I’ve seen a lot of posts about a potential coaching search and just wanted to mention this fact to help guide some realism. 

Zac Taylor makes $4.5M per season. He is the 18th highest paid NFL head coach. There are 54 NCAA head coaches that make more than $4.5M per season. 

For NCAA coaches comparison, Zac Taylor makes the same amount of money as Willie Fritz who is the head coach of the Houston Cougars. 

We don’t need to be wondering if Ryan Day, Marcus Freeman or Dan Lanning would be interested in the Bengals coaching job.  This seems like it’ll make it even harder to fire him. And it’s alarming if he hasn’t gotten himself a raise after a SB appearance and deep playoff run.",31635.0,neutral,0.028,0.898,0.075,0.7717
1olqhlr,1762018456.0,426,0.94,78,Fact,"Zac Taylor is the 71st Highest Paid Football Coach in America I’ve seen a lot of posts about a potential coaching search and just wanted to mention this fact to help guide some realism. 

Zac Taylor makes $4.5M per season. He is the 18th highest paid NFL head coach. There are 54 NCAA head coaches that make more than $4.5M per season. 

For NCAA coaches comparison, Zac Taylor makes the same amount of money as Willie Fritz who is the head coach of the Houston Cougars. 

We don’t need to be wondering if Ryan Day, Marcus Freeman or Dan Lanning would be interested in the Bengals coaching job.  Honestly he was underpaid on his extension in 2022. It looks like too much money now, but at the time he had just come off a Super Bowl run and then immediately took the team to the AFC championship game after the extension. It's been a quick drop back to the bottom of the NFL, but at the time he was worth that money if not more.",31635.0,neutral,0.014,0.873,0.112,0.9451
1olqhlr,1762025134.0,426,0.94,78,Fact,"Zac Taylor is the 71st Highest Paid Football Coach in America I’ve seen a lot of posts about a potential coaching search and just wanted to mention this fact to help guide some realism. 

Zac Taylor makes $4.5M per season. He is the 18th highest paid NFL head coach. There are 54 NCAA head coaches that make more than $4.5M per season. 

For NCAA coaches comparison, Zac Taylor makes the same amount of money as Willie Fritz who is the head coach of the Houston Cougars. 

We don’t need to be wondering if Ryan Day, Marcus Freeman or Dan Lanning would be interested in the Bengals coaching job.  https://preview.redd.it/wxpp0bvc5pyf1.jpeg?width=628&format=pjpg&auto=webp&s=80ab88b344b62711bb2a4982657068982f1ba339",31635.0,neutral,0.0,0.928,0.072,0.7964
1olqhlr,1762015638.0,426,0.94,78,Fact,"Zac Taylor is the 71st Highest Paid Football Coach in America I’ve seen a lot of posts about a potential coaching search and just wanted to mention this fact to help guide some realism. 

Zac Taylor makes $4.5M per season. He is the 18th highest paid NFL head coach. There are 54 NCAA head coaches that make more than $4.5M per season. 

For NCAA coaches comparison, Zac Taylor makes the same amount of money as Willie Fritz who is the head coach of the Houston Cougars. 

We don’t need to be wondering if Ryan Day, Marcus Freeman or Dan Lanning would be interested in the Bengals coaching job.  Why would we want a college coach, and when has that worked out in the NFL? ",31635.0,neutral,0.0,0.926,0.074,0.8126
1olqhlr,1762011134.0,1065,0.94,78,Fact,"Zac Taylor is the 71st Highest Paid Football Coach in America I’ve seen a lot of posts about a potential coaching search and just wanted to mention this fact to help guide some realism. 

Zac Taylor makes $4.5M per season. He is the 18th highest paid NFL head coach. There are 54 NCAA head coaches that make more than $4.5M per season. 

For NCAA coaches comparison, Zac Taylor makes the same amount of money as Willie Fritz who is the head coach of the Houston Cougars. 

We don’t need to be wondering if Ryan Day, Marcus Freeman or Dan Lanning would be interested in the Bengals coaching job.  i have said fire Zac since he lost the SB, but as i pay more attention to you guys. you have a systemic problem. firing zac isn't going to fix it. the fac that you've had 17 defensive draft picks since 2022, and none of them have hit. the face that the last defensive probowler that you drafted was geno atkins from 2010? what the heck is duke tobin doing?

this ties back into your scouting department size/etc.

1. owner 2. gm 3. hc 4. qb

all you have is qb of those 4. the rest are a mess, but even if you fix 3. what teams have won a sb without 1 or 2 being good?

i feel bad for you guys. burrow deserves to win one.",79087.0,neutral,0.092,0.836,0.072,-0.731
1olqhlr,1762011860.0,213,0.94,78,Fact,"Zac Taylor is the 71st Highest Paid Football Coach in America I’ve seen a lot of posts about a potential coaching search and just wanted to mention this fact to help guide some realism. 

Zac Taylor makes $4.5M per season. He is the 18th highest paid NFL head coach. There are 54 NCAA head coaches that make more than $4.5M per season. 

For NCAA coaches comparison, Zac Taylor makes the same amount of money as Willie Fritz who is the head coach of the Houston Cougars. 

We don’t need to be wondering if Ryan Day, Marcus Freeman or Dan Lanning would be interested in the Bengals coaching job.  Who’s the lowest paid coach. Titans interim?",15817.0,neutral,0.022,0.911,0.068,0.6705
1olqhlr,1762015570.0,213,0.94,78,Fact,"Zac Taylor is the 71st Highest Paid Football Coach in America I’ve seen a lot of posts about a potential coaching search and just wanted to mention this fact to help guide some realism. 

Zac Taylor makes $4.5M per season. He is the 18th highest paid NFL head coach. There are 54 NCAA head coaches that make more than $4.5M per season. 

For NCAA coaches comparison, Zac Taylor makes the same amount of money as Willie Fritz who is the head coach of the Houston Cougars. 

We don’t need to be wondering if Ryan Day, Marcus Freeman or Dan Lanning would be interested in the Bengals coaching job.  It’ll be interesting to see what happens to coach salaries when college players are payed directly. College coach salaries should drop off a cliff when the money can flow to the people who actually win the games.",15817.0,neutral,0.014,0.891,0.096,0.91
1olqhlr,1762015691.0,213,0.94,78,Fact,"Zac Taylor is the 71st Highest Paid Football Coach in America I’ve seen a lot of posts about a potential coaching search and just wanted to mention this fact to help guide some realism. 

Zac Taylor makes $4.5M per season. He is the 18th highest paid NFL head coach. There are 54 NCAA head coaches that make more than $4.5M per season. 

For NCAA coaches comparison, Zac Taylor makes the same amount of money as Willie Fritz who is the head coach of the Houston Cougars. 

We don’t need to be wondering if Ryan Day, Marcus Freeman or Dan Lanning would be interested in the Bengals coaching job.  Holy Overpay",15817.0,neutral,0.0,0.928,0.072,0.7964
1olqhlr,1762016842.0,213,0.94,78,Fact,"Zac Taylor is the 71st Highest Paid Football Coach in America I’ve seen a lot of posts about a potential coaching search and just wanted to mention this fact to help guide some realism. 

Zac Taylor makes $4.5M per season. He is the 18th highest paid NFL head coach. There are 54 NCAA head coaches that make more than $4.5M per season. 

For NCAA coaches comparison, Zac Taylor makes the same amount of money as Willie Fritz who is the head coach of the Houston Cougars. 

We don’t need to be wondering if Ryan Day, Marcus Freeman or Dan Lanning would be interested in the Bengals coaching job.  Christ that’s way too much money for Zac Taylor",15817.0,neutral,0.0,0.933,0.067,0.7964
1olqhlr,1762017403.0,213,0.94,78,Fact,"Zac Taylor is the 71st Highest Paid Football Coach in America I’ve seen a lot of posts about a potential coaching search and just wanted to mention this fact to help guide some realism. 

Zac Taylor makes $4.5M per season. He is the 18th highest paid NFL head coach. There are 54 NCAA head coaches that make more than $4.5M per season. 

For NCAA coaches comparison, Zac Taylor makes the same amount of money as Willie Fritz who is the head coach of the Houston Cougars. 

We don’t need to be wondering if Ryan Day, Marcus Freeman or Dan Lanning would be interested in the Bengals coaching job.  He just lost to the winless New York Jets at home.  Lucky to have a job.",15817.0,neutral,0.018,0.898,0.084,0.8225
1olqhlr,1762019831.0,213,0.94,78,Fact,"Zac Taylor is the 71st Highest Paid Football Coach in America I’ve seen a lot of posts about a potential coaching search and just wanted to mention this fact to help guide some realism. 

Zac Taylor makes $4.5M per season. He is the 18th highest paid NFL head coach. There are 54 NCAA head coaches that make more than $4.5M per season. 

For NCAA coaches comparison, Zac Taylor makes the same amount of money as Willie Fritz who is the head coach of the Houston Cougars. 

We don’t need to be wondering if Ryan Day, Marcus Freeman or Dan Lanning would be interested in the Bengals coaching job.  Someone tell Mr Brown I’ll do it for 50k a year. I’m sure he’d love to save the money",15817.0,neutral,0.0,0.869,0.131,0.9501
1olqhlr,1762024206.0,213,0.94,78,Fact,"Zac Taylor is the 71st Highest Paid Football Coach in America I’ve seen a lot of posts about a potential coaching search and just wanted to mention this fact to help guide some realism. 

Zac Taylor makes $4.5M per season. He is the 18th highest paid NFL head coach. There are 54 NCAA head coaches that make more than $4.5M per season. 

For NCAA coaches comparison, Zac Taylor makes the same amount of money as Willie Fritz who is the head coach of the Houston Cougars. 

We don’t need to be wondering if Ryan Day, Marcus Freeman or Dan Lanning would be interested in the Bengals coaching job.  He's about the 71st best coach.",15817.0,neutral,0.0,0.898,0.102,0.9062
1olqhlr,1762031926.0,213,0.94,78,Fact,"Zac Taylor is the 71st Highest Paid Football Coach in America I’ve seen a lot of posts about a potential coaching search and just wanted to mention this fact to help guide some realism. 

Zac Taylor makes $4.5M per season. He is the 18th highest paid NFL head coach. There are 54 NCAA head coaches that make more than $4.5M per season. 

For NCAA coaches comparison, Zac Taylor makes the same amount of money as Willie Fritz who is the head coach of the Houston Cougars. 

We don’t need to be wondering if Ryan Day, Marcus Freeman or Dan Lanning would be interested in the Bengals coaching job.  Can’t wait until we pay him $0/ yr.",15817.0,neutral,0.012,0.921,0.068,0.7717
1oldnox,1761967289.0,99320,0.96,102,Fact,"Just stating facts  Did anyone outside of the FO truly think this guy would be good? I was so pissed on draft night. It gave me PTSD of John Ross, and tbf Ross actually was much more productive in college than Stewart, and this pick will go down as actually being worse. Ball don’t lie, the FO always making picks like this based on “what he could be” would be like me picking drug addicted prostitutes to date and being like _I can fix her!!_",9820762.0,neutral,0.077,0.782,0.141,0.6475
1oldnox,1761967300.0,56160,0.96,102,Fact,"Just stating facts  Bums on the couch knew he was a bad pick, but the Bengals know better.",5553101.0,neutral,0.107,0.711,0.182,0.3818
1oldnox,1761967290.0,19240,0.96,102,Fact,Just stating facts  Watching this defense I feel like I could make a better effort to tackle and I've never played a snap of football in my life,1902451.0,neutral,0.07,0.688,0.242,0.611
1oldnox,1761967064.0,49400,0.96,102,Fact,Just stating facts  He was really making such a big fuss over his contract only to give us this?,4884672.0,neutral,0.0,1.0,0.0,0.0
1oldnox,1761971912.0,17160,0.96,102,Fact,Just stating facts  He and Miles Murphy are to the defensive line what Cedric Ogbuehi and Jake Fisher were to the offensive line.,1696781.0,neutral,0.12,0.837,0.044,-0.4404
1oldnox,1761966615.0,27560,0.96,102,Fact,Just stating facts  Should’ve just let him go back to Texas,2725133.0,neutral,0.0,1.0,0.0,0.0
1oldnox,1761967639.0,20280,0.96,102,Fact,Just stating facts  I'm only one tackle behind the guy.,2005286.0,neutral,0.0,1.0,0.0,0.0
1oldnox,1761975219.0,6240,0.96,102,Fact,"Just stating facts  I think he’s a fine pick if you’re a team like the eagles. A bunch of veteran talent and good front seven and a competent coaching staff and front office prepared to develop and get the most out of him. They have the time to let a physical freak learn moves and how to put it together at the NFL level. 

He is not a fine pick for a team like the bengals where he’s immediately thrusted into a starting role on a line that desperately needs help for trey. There is little to no organizational support for such a raw prospect. It’s like a quarterback being drafted to the browns or jets",617011.0,neutral,0.059,0.712,0.229,0.953
1oldnox,1762007011.0,4680,0.96,102,Fact,"Just stating facts  I said before we picked him that hes the only guy I hope we dont pick. 
So of course we picked him.


I was told ""you dont get it bro, just because he didn't record any stats at TAMU doesn't mean anything. He was creating opportunities for his teammates... blah blah blah.""


My response to that was that a supposedly great player would absolutely record more than 5 sacks in his college career.


Now look at him. He does fuck all in the NFL. Who would've guessed?",462758.0,neutral,0.066,0.812,0.123,0.7579
1oldnox,1761968770.0,9360,0.96,102,Fact,Just stating facts  The drama with him over the summer predicted this.,925517.0,neutral,0.0,1.0,0.0,0.0
1oldnox,1762014362.0,2600,0.96,102,Fact,"Just stating facts  Sure he didn’t have great stats in college, really ever produce, look great on tape, and has a known difficult agent. But he is tall. So yea drafting him with our 1st pick was a no brainer.",257088.0,neutral,0.103,0.745,0.152,0.296
1oldnox,1761967955.0,4680,0.96,102,Fact,Just stating facts  Fuck it. Put Chase on the defensive line. Would probably get more sacks as well.,462758.0,neutral,0.159,0.683,0.158,-0.2585
1oldnox,1761983778.0,4160,0.96,102,Fact,"Just stating facts  Another Duke Tobin special. 

How does that guy still have a job? Dude literally has nothing but flops on his report card.",411341.0,neutral,0.0,0.833,0.167,0.5274
1oldnox,1762008297.0,2080,0.96,102,Fact,"Just stating facts  I called a flop as soon as he sat out till he got more money, Boy he showed them didn't he?",205670.0,neutral,0.103,0.897,0.0,-0.34
1oldnox,1762012151.0,1560,0.96,102,Fact,"Just stating facts  Remember when this guy was holding out, thinking he was worth so much more.",154253.0,neutral,0.0,0.894,0.106,0.2263
1oldnox,1762093728.0,1560,0.96,102,Fact,Just stating facts  Ahahahahaha he's even worse than we thought!,154253.0,neutral,0.274,0.726,0.0,-0.5255
1oldnox,1761967060.0,3120,0.96,102,Fact,Just stating facts  Dirty Dick strikes again,308506.0,neutral,0.685,0.315,0.0,-0.8271
1oldnox,1761967121.0,9880,0.96,102,Fact,Just stating facts  He's got more time. And he's just coming off that ankle injury. He can actually be something.,976934.0,neutral,0.128,0.872,0.0,-0.4215
1oldnox,1762025571.0,1040,0.96,102,Fact,Just stating facts  BuT Hes A FreAk AtHelETe!!,102835.0,neutral,0.425,0.575,0.0,-0.6634
1oldnox,1762090102.0,1040,0.96,102,Fact,Just stating facts  Barrett carter and Demetrius Knight (go Cocks) really are the only the bright spots of that draft.,102835.0,neutral,0.0,0.868,0.132,0.4404
1ol4tdo,1761942275.0,3094,0.98,27,Fandom,"Custom made wedge Thought you guys would appreciate this. Made custom nfl wedges for my groomsmen, and had to make myself a Bengals one. 

#whoDEY And you still invested more in your golf game that the Brown family does in the Bengals.",84899.0,neutral,0.0,0.937,0.063,0.4019
1ol4tdo,1761945085.0,1071,0.98,27,Fandom,"Custom made wedge Thought you guys would appreciate this. Made custom nfl wedges for my groomsmen, and had to make myself a Bengals one. 

#whoDEY Oh man, that would look so good lying on the fringe three holes back... ",29388.0,neutral,0.082,0.776,0.143,0.4143
1ol4tdo,1761941342.0,357,0.98,27,Fandom,"Custom made wedge Thought you guys would appreciate this. Made custom nfl wedges for my groomsmen, and had to make myself a Bengals one. 

#whoDEY 8 bounce M grind on a LW in the Midwest? OP is a better golfer than me",9796.0,neutral,0.0,0.862,0.138,0.6808
1ol4tdo,1761946674.0,357,0.98,27,Fandom,"Custom made wedge Thought you guys would appreciate this. Made custom nfl wedges for my groomsmen, and had to make myself a Bengals one. 

#whoDEY How much are these a piece",9796.0,neutral,0.0,0.912,0.088,0.4019
1ol4tdo,1761942735.0,238,0.98,27,Fandom,"Custom made wedge Thought you guys would appreciate this. Made custom nfl wedges for my groomsmen, and had to make myself a Bengals one. 

#whoDEY This is really cool, but tbh I wouldn’t really know what to do with it. I would feel bad letting it get beat up on the course, but I would also feel bad keeping a brand new vokey for decoration only.",6531.0,neutral,0.135,0.813,0.052,-0.834
1ol4tdo,1761942736.0,238,0.98,27,Fandom,"Custom made wedge Thought you guys would appreciate this. Made custom nfl wedges for my groomsmen, and had to make myself a Bengals one. 

#whoDEY That's pretty cool.",6531.0,neutral,0.0,0.745,0.255,0.802
1ol4tdo,1761951628.0,238,0.98,27,Fandom,"Custom made wedge Thought you guys would appreciate this. Made custom nfl wedges for my groomsmen, and had to make myself a Bengals one. 

#whoDEY I like that its nice",6531.0,neutral,0.0,0.758,0.242,0.7906
1ol4tdo,1761957116.0,119,0.98,27,Fandom,"Custom made wedge Thought you guys would appreciate this. Made custom nfl wedges for my groomsmen, and had to make myself a Bengals one. 

#whoDEY Sick! 👊😎 Did you do that yourself?",3265.0,neutral,0.102,0.822,0.077,-0.2244
1ol4tdo,1761966657.0,119,0.98,27,Fandom,"Custom made wedge Thought you guys would appreciate this. Made custom nfl wedges for my groomsmen, and had to make myself a Bengals one. 

#whoDEY Hell yeah 60 yards bladed when short sided",3265.0,neutral,0.119,0.753,0.127,-0.1779
1ol4tdo,1761998709.0,119,0.98,27,Fandom,"Custom made wedge Thought you guys would appreciate this. Made custom nfl wedges for my groomsmen, and had to make myself a Bengals one. 

#whoDEY That’s a great piece",3265.0,neutral,0.0,0.786,0.214,0.7783
1ol4tdo,1762008418.0,119,0.98,27,Fandom,"Custom made wedge Thought you guys would appreciate this. Made custom nfl wedges for my groomsmen, and had to make myself a Bengals one. 

#whoDEY Hope it's not a defensive wedge. It'll pass right by the target",3265.0,neutral,0.028,0.827,0.145,0.6732
1ol4tdo,1762012571.0,119,0.98,27,Fandom,"Custom made wedge Thought you guys would appreciate this. Made custom nfl wedges for my groomsmen, and had to make myself a Bengals one. 

#whoDEY Not fair the other team ones look way better, I guess that's the price we pay for being Bengals fans. 😕",3265.0,neutral,0.07,0.813,0.117,0.5003
1ol4tdo,1762021773.0,119,0.98,27,Fandom,"Custom made wedge Thought you guys would appreciate this. Made custom nfl wedges for my groomsmen, and had to make myself a Bengals one. 

#whoDEY The question is....can it tackle?",3265.0,neutral,0.0,0.912,0.088,0.4019
1ol4tdo,1762043680.0,119,0.98,27,Fandom,"Custom made wedge Thought you guys would appreciate this. Made custom nfl wedges for my groomsmen, and had to make myself a Bengals one. 

#whoDEY I’m assuming every shot starts with promise and ends in total disappointment.",3265.0,neutral,0.08,0.799,0.121,0.1779
1ol4tdo,1761941257.0,119,0.98,27,Fandom,"Custom made wedge Thought you guys would appreciate this. Made custom nfl wedges for my groomsmen, and had to make myself a Bengals one. 

#whoDEY Oh wow, this is awesome haha I now know what I want to do",3265.0,neutral,0.0,0.675,0.325,0.9313
1ol3zvw,1761939344.0,16524,0.99,49,Fact,"Our Defense isn’t just bad, it’s the WORST. I knew we were terrible, I didn’t know we were the worst! Don’t gotta see stats to know that. 

3 plays and the opponent is in the RZ more times than I can count.",817938.0,neutral,0.308,0.623,0.068,-0.9363
1ol3zvw,1761939798.0,4488,0.99,49,Fact,"Our Defense isn’t just bad, it’s the WORST. I knew we were terrible, I didn’t know we were the worst! It’s seriously a bottom 10 defense over the last 25 years in the entire league, and 32 defenses over 25 years is literally 800 total defenses. Bottom 10 out of 800…",222156.0,neutral,0.279,0.62,0.102,-0.934
1ol3zvw,1761939340.0,3468,0.99,49,Fact,"Our Defense isn’t just bad, it’s the WORST. I knew we were terrible, I didn’t know we were the worst! ![gif](giphy|E2EhD5Z7d4fLhjeW6O)",171666.0,neutral,0.51,0.443,0.047,-0.9487
1ol3zvw,1761939721.0,4488,0.99,49,Fact,"Our Defense isn’t just bad, it’s the WORST. I knew we were terrible, I didn’t know we were the worst! Drafting a first round mega project of a player, 2 rookie LB starting, from what was considered a very weak LB draft class, who would have guessed this defense would look this bad",222156.0,neutral,0.348,0.603,0.048,-0.9698
1ol3zvw,1761942034.0,1836,0.99,49,Fact,"Our Defense isn’t just bad, it’s the WORST. I knew we were terrible, I didn’t know we were the worst! I wasnt sure so...here's the AI answer:  
no single team has been dead last (32nd) in all four of those categories in a single season since the 2000 expansion to 32 teams",90882.0,neutral,0.369,0.608,0.023,-0.9744
1ol3zvw,1761940088.0,2448,0.99,49,Fact,"Our Defense isn’t just bad, it’s the WORST. I knew we were terrible, I didn’t know we were the worst! I’m pretty sure this is the worst defense I’ve seen the Bengals have in my 35 years of watching.",121176.0,neutral,0.353,0.496,0.151,-0.9374
1ol3zvw,1761945287.0,816,0.99,49,Fact,"Our Defense isn’t just bad, it’s the WORST. I knew we were terrible, I didn’t know we were the worst! Well, I guess developing players means living through the games where they…haven’t developed yet. 

Oddly, I’m just happy that a down season or two is disappointing versus expected.",40392.0,negative,0.305,0.578,0.117,-0.929
1ol3zvw,1761939840.0,612,0.99,49,Fact,"Our Defense isn’t just bad, it’s the WORST. I knew we were terrible, I didn’t know we were the worst! A new GM fixes this.",30294.0,positive,0.461,0.495,0.044,-0.9462
1ol3zvw,1761940458.0,612,0.99,49,Fact,"Our Defense isn’t just bad, it’s the WORST. I knew we were terrible, I didn’t know we were the worst! Man these bengals should like, do something about this huh?",30294.0,negative,0.378,0.526,0.096,-0.9303
1ol3zvw,1761940839.0,612,0.99,49,Fact,"Our Defense isn’t just bad, it’s the WORST. I knew we were terrible, I didn’t know we were the worst! Can’t really defend it anymore. It’s very bad.",30294.0,negative,0.473,0.49,0.037,-0.9629
1ol3zvw,1761947966.0,612,0.99,49,Fact,"Our Defense isn’t just bad, it’s the WORST. I knew we were terrible, I didn’t know we were the worst! We fucking SUCKED last year and did nothing and got WORSE.

Criminal negligence.

Arrest Zac Taylor.",30294.0,negative,0.464,0.453,0.083,-0.9721
1ol3zvw,1761943569.0,408,0.99,49,Fact,"Our Defense isn’t just bad, it’s the WORST. I knew we were terrible, I didn’t know we were the worst! ![gif](giphy|7EbphlGJw8sBlZQhqy|downsized)",20196.0,neutral,0.51,0.443,0.047,-0.9487
1ol3zvw,1761947245.0,408,0.99,49,Fact,"Our Defense isn’t just bad, it’s the WORST. I knew we were terrible, I didn’t know we were the worst! Well somebody needs to step up.",20196.0,negative,0.423,0.481,0.096,-0.9352
1ol3zvw,1761940668.0,612,0.99,49,Fact,"Our Defense isn’t just bad, it’s the WORST. I knew we were terrible, I didn’t know we were the worst! I wouldn't be surprised if we've had the worst defense ever in NFL history the past few years",30294.0,negative,0.419,0.523,0.058,-0.9665
1ol3zvw,1761940060.0,1020,0.99,49,Fact,"Our Defense isn’t just bad, it’s the WORST. I knew we were terrible, I didn’t know we were the worst! Colin Cowherd can always go fuck himself tho",50490.0,neutral,0.473,0.49,0.037,-0.9629
1ol3zvw,1761953958.0,408,0.99,49,Fact,"Our Defense isn’t just bad, it’s the WORST. I knew we were terrible, I didn’t know we were the worst! It’s almost as if the draft and cap system is a zero-sum game, and investing $40.9M in guarantees to your WR2 when you have an elite quarterback who does not need two top-market receivers to succeed meant that this team had less to invest in defense to make a well-rounded and competitive football team. 

Cue the downvotes as always when I say this but the draft capital from dealing Higgins plus the guaranteed money could’ve gone a long way to helping this defense and/or O-line. 

If Joe Burrow and Zac Taylor didn’t think they could make a passing game work with triple-crown winner Jamar Chase plus Noah Fant and a bunch of JAGs, then Joe Burrow is not an elite quarterback and Zac Taylor is a bad coach. Obviously Joe Burrow is an elite quarterback, so investing in a second top-market receiver to the detriment of every other position group and aspect to the game was lunacy.",20196.0,negative,0.078,0.836,0.086,-0.2752
1ol3zvw,1761944130.0,612,0.99,49,Fact,"Our Defense isn’t just bad, it’s the WORST. I knew we were terrible, I didn’t know we were the worst! A couple of weeks ago, people were queuing up to tell me that this is an ascending unit and it was just the offense losing the time of possession battle that made them D look bad as they tired. 

I wasn't totally convinced then tbh, and it seems wild now...",30294.0,negative,0.365,0.618,0.017,-0.984
1ol3zvw,1761944699.0,204,0.99,49,Fact,"Our Defense isn’t just bad, it’s the WORST. I knew we were terrible, I didn’t know we were the worst! The most surprising thing here is that there is a team who is worse than us on third down",10098.0,neutral,0.365,0.56,0.075,-0.9519
1ol3zvw,1761952375.0,204,0.99,49,Fact,"Our Defense isn’t just bad, it’s the WORST. I knew we were terrible, I didn’t know we were the worst! Number 1 in reverse!",10098.0,neutral,0.475,0.442,0.083,-0.9461
1ol3zvw,1761981673.0,204,0.99,49,Fact,"Our Defense isn’t just bad, it’s the WORST. I knew we were terrible, I didn’t know we were the worst! I dunno. I've seen the Cowboys defense a few times now, and that might be the worst defense I've seen in my entire life",10098.0,neutral,0.353,0.567,0.08,-0.9608
1okybmo,1761927777.0,7140,0.99,17,Fact,"Front offices making decisions. Maybe one day… I too dream of this day....Duke been with the Bengals since 99 so he is probably a lifer because he does whatever the Brown family wants.   
  
This is a top down problem...Katie and Troy suck at negotiating contracts because they try to save $5 and end up costing themselves money.  They are not serious about winning unless its done on a budget.

Duke and the scouts must only watch highlight clips of dudes on Youtube because we miss at an obscene rate. 

I pray for new ownership at some point",127235.0,negative,0.104,0.774,0.122,-0.0397
1okybmo,1761927701.0,3570,0.99,17,Fact,"Front offices making decisions. Maybe one day… https://i.redd.it/y7wf2yxs3hyf1.gif

Us fans begging for the front office to make changes.",63617.0,positive,0.0,1.0,0.0,0.0
1okybmo,1761932943.0,2310,0.99,17,Fact,"Front offices making decisions. Maybe one day… if you've been a bengals fan longer than four years, you should be used to it by now",41164.0,positive,0.0,0.909,0.091,0.3182
1okybmo,1761932183.0,1260,0.99,17,Fact,Front offices making decisions. Maybe one day… I hope our wishing that ZT and Duke being fired dreams dont turn into a monkey paw situation. Feels like a damned if you do damned if you dont. Who would be we hire if we fire both?,22453.0,neutral,0.203,0.616,0.181,-0.296
1okybmo,1761939777.0,840,0.99,17,Fact,Front offices making decisions. Maybe one day… never been more jealous of an ownership group as i am now with everything being said about colts ownership lmao,14969.0,neutral,0.0,0.784,0.216,0.7647
1okybmo,1761934978.0,840,0.99,17,Fact,"Front offices making decisions. Maybe one day… Neither the Dolphins or Titans are in second place in their respective divisions. Or, to be precise, at the end of Week 8.

Personally, I have been waiting for Mike Brown to die. Until that happens, nothing significant besides the off-season signings of the early 2020's and the Burrow/Chase/Higgins resignings will happen to the Bengals franchise.",14969.0,negative,0.082,0.877,0.042,-0.4003
1okybmo,1761954093.0,210,0.99,17,Fact,Front offices making decisions. Maybe one day… Zac is bad but I hate Mike and Katie the most and then Duke Tobin. Coaches can only do so much with a roster this bad. Taylor can at least fall ass backwards into wins when the roster isn't absolute trash tier.,3742.0,negative,0.263,0.658,0.079,-0.9144
1okybmo,1762090896.0,210,0.99,17,Fact,Front offices making decisions. Maybe one day… It would be nice to be really bad at your job and know you will never be fired.,3742.0,neutral,0.12,0.698,0.182,0.2337
1okh5tg,1761872547.0,3638,0.96,9,Rumor,"I hear this guy is good to go at QB1, only contract demands are extra cheese Little Nero's Pizza, just leave 'em at the door ya filthy animal.  Mac can do it!",34925.0,negative,0.036,0.868,0.096,0.4574
1okh5tg,1761875278.0,1070,0.96,9,Rumor,"I hear this guy is good to go at QB1, only contract demands are extra cheese Little Nero's Pizza, just leave 'em at the door ya filthy animal.  https://i.redd.it/n6y41fxrrcyf1.gif",10272.0,negative,0.04,0.864,0.096,0.4019
1okh5tg,1761877295.0,428,0.96,9,Rumor,"I hear this guy is good to go at QB1, only contract demands are extra cheese Little Nero's Pizza, just leave 'em at the door ya filthy animal.  Who Dey",4109.0,neutral,0.039,0.868,0.093,0.4019
1okh5tg,1761883658.0,428,0.96,9,Rumor,"I hear this guy is good to go at QB1, only contract demands are extra cheese Little Nero's Pizza, just leave 'em at the door ya filthy animal.  That’s Jake browning",4109.0,neutral,0.037,0.872,0.09,0.4019
1okh5tg,1761941937.0,214,0.96,9,Rumor,"I hear this guy is good to go at QB1, only contract demands are extra cheese Little Nero's Pizza, just leave 'em at the door ya filthy animal.  Shit with Mac at qb we winning 10 super bowls in a row that man was a menace in them home al9ne movies imagine the plays he could draw up as an imaginary hypothetical qb lol",2054.0,neutral,0.105,0.697,0.197,0.7906
1okfz5l,1761871070.0,157440,0.98,62,Fandom,That post is making it’s rounds  At least some part of the organization plays defense.,9720346.0,neutral,0.0,0.788,0.212,0.3612
1okfz5l,1761869504.0,45600,0.98,62,Fandom,"That post is making it’s rounds  It is embarrassing that the sales reps are acting like we are bad fans for not wanting to give them thousands of dollars to watch a bad, and more often than not lately, meaningless product.",2815344.0,neutral,0.194,0.707,0.099,-0.6902
1okfz5l,1761871572.0,16800,0.98,62,Fandom,That post is making it’s rounds  Let’s keep it going. First time I’ve felt like we have some momentum towards change in quite a while.,1037232.0,neutral,0.0,0.902,0.098,0.3612
1okfz5l,1761870166.0,9600,0.98,62,Fandom,That post is making it’s rounds  Good… that was some bullshit!!!!!,592704.0,neutral,0.0,1.0,0.0,0.0
1okfz5l,1761874800.0,8640,0.98,62,Fandom,That post is making it’s rounds  Those guys are salesmen selling a shitty product. They are selling Nissans while everyone else is selling Hondas.,533434.0,negative,0.141,0.859,0.0,-0.5574
1okfz5l,1761906727.0,1920,0.98,62,Fandom,"That post is making it’s rounds  Too bad the browns neither read social media, nor care",118541.0,positive,0.304,0.696,0.0,-0.7293
1okfz5l,1761908253.0,1920,0.98,62,Fandom,That post is making it’s rounds  Implying your season ticket holders are bandwagoners is certainly a choice.,118541.0,positive,0.0,0.862,0.138,0.34
1okfz5l,1761898765.0,1440,0.98,62,Fandom,That post is making it’s rounds  You mean you guys *WEREN’T* satisfied with the Zach Carters of the world?!,88906.0,negative,0.0,0.853,0.147,0.4753
1okfz5l,1761912774.0,1440,0.98,62,Fandom,"That post is making it’s rounds  I'm a bandwagoner! Fuck the Browns. They're assholes and you're stupid if you support through thick and thin. Fuck, where were you guys during the Lost Decade? You didn't learn anything? Didn't teach younger fans about The Beast? Sheesh.",88906.0,negative,0.299,0.655,0.047,-0.9396
1okfz5l,1761882350.0,3360,0.98,62,Fandom,"That post is making it’s rounds  I sent an email today saying I am going to cancel my renewal. 

I received a very cordial email in return thanking me for my 5 years and I have time to reconsider. 

*shrug*",207446.0,negative,0.057,0.943,0.0,-0.25
1okfz5l,1761919139.0,960,0.98,62,Fandom,That post is making it’s rounds  Nice at least one part of the organization get defensive,59270.0,negative,0.0,0.782,0.218,0.4404
1okfz5l,1761925034.0,960,0.98,62,Fandom,That post is making it’s rounds  YES! Please the more humiliation the better!,59270.0,neutral,0.178,0.4,0.422,0.6692
1okfz5l,1761992275.0,960,0.98,62,Fandom,"That post is making it’s rounds  “It marks only the second time the Bengals have gotten defensive all year.” - Sports Illustrated Online, probably.",59270.0,negative,0.0,0.952,0.048,0.0258
1okfz5l,1762001870.0,960,0.98,62,Fandom,That post is making it’s rounds  ![gif](giphy|J8FZIm9VoBU6Q),59270.0,negative,0.0,1.0,0.0,0.0
1okfz5l,1761869634.0,1920,0.98,62,Fandom,"That post is making it’s rounds  Someone on the [original thread](https://www.reddit.com/r/bengals/s/bUSdzGtqIp) pointed out that the post looked like it might’ve been written with ChatGPT because of the use of double hyphens (—) which has become somewhat synonymous with AI.

Maybe the person used AI to help them write the post and it really did happen, or maybe it’s all bs- they never did say who their rep was…

I canceled my seats a week or so ago and I personally didn’t have any problems or pushback but that was my own experience.",118541.0,negative,0.02,0.94,0.039,0.1901
1okfz5l,1761876963.0,480,0.98,62,Fandom,That post is making it’s rounds  I mean I keep hearing there’s a wait list for people wanting season tickets. So tell me Bengals organization…was that just a bunch of bullshit??,29635.0,negative,0.138,0.862,0.0,-0.6322
1ok2z2p,1761838958.0,182400,0.98,91,Fandom,Bengals subreddit made it to Bleacher Report  Great. Sunlight is the best disinfectant,16445184.0,negative,0.0,0.57,0.43,0.8519
1ok2z2p,1761838629.0,158688,0.98,91,Fandom,Bengals subreddit made it to Bleacher Report  As it should. The Bengals organization should beg him to stay,14307310.0,negative,0.0,1.0,0.0,0.0
1ok2z2p,1761839640.0,33440,0.98,91,Fandom,"Bengals subreddit made it to Bleacher Report  Did you tell them, ""I want to see a better play than an inside draw when the game is on the line""",3014950.0,negative,0.0,0.791,0.209,0.6808
1ok2z2p,1761839216.0,176928,0.98,91,Fandom,"Bengals subreddit made it to Bleacher Report  And to the people I've seeing saying that this was fake, it's not. I have 13 years of history posting on this sub I never do shit post essays for karma.",15951828.0,negative,0.077,0.849,0.073,-0.0454
1ok2z2p,1761839297.0,32224,0.98,91,Fandom,Bengals subreddit made it to Bleacher Report  And I thought the organization couldn’t get more pathetic lol,2905316.0,negative,0.189,0.664,0.146,-0.2298
1ok2z2p,1761842225.0,17024,0.98,91,Fandom,Bengals subreddit made it to Bleacher Report  Same front office that made Justin Fields look like Tom Brady out there because our defense is trash. Pathetic. I bet Duke got them to say that.,1534884.0,negative,0.098,0.796,0.106,-0.1779
1ok2z2p,1761843122.0,12768,0.98,91,Fandom,Bengals subreddit made it to Bleacher Report  Cancelled mine today as well!,1151163.0,negative,0.139,0.695,0.166,0.1007
1ok2z2p,1761840303.0,11552,0.98,91,Fandom,Bengals subreddit made it to Bleacher Report  I’d for sure cancel after that,1041528.0,negative,0.131,0.719,0.15,0.0772
1ok2z2p,1761842407.0,10336,0.98,91,Fandom,"Bengals subreddit made it to Bleacher Report  Our front office/ownership makes it so hard to be a fan. Do you want cheap tickets or good players? Bitch, the Brown family is a couple million short of being fucking billionaires. How about they actually try instead of doing the bare minimum then blaming the city/fans for being fair weather and un loyal. I just got out of one lopsided relationship, I’m about to cut ties on a second",931894.0,neutral,0.126,0.737,0.137,-0.0171
1ok2z2p,1761849854.0,9120,0.98,91,Fandom,Bengals subreddit made it to Bleacher Report  I called today to cancel and they just told me I won’t be charged on the next billing cycle. Took less than 30 seconds. Makes me wonder if this post going viral had the team tell the member relations staff to just process the requests as they came in.,822259.0,neutral,0.068,0.932,0.0,-0.4215
1ok2z2p,1761851655.0,7296,0.98,91,Fandom,"Bengals subreddit made it to Bleacher Report  Some observations...

1. It's not the responsibility of the fans to pay professional athletes.
2. It's the consumer's choice to consume what they want to. Put something worth paying for on the field and you'll make more money.
3. This is also the front office who has drafted our current defense. Burrow, Tee, and Chase are no brainers. Most draft pick outside of those guys, even 1st rounders, has been highly questionable. 
4. The franchise has failed miserably to protect Burrow and failed miserably to draft and keep defensive players who are difference makers. Bad performance by the front office equals thr hate you get.",657807.0,neutral,0.197,0.74,0.063,-0.9623
1ok2z2p,1761841200.0,6080,0.98,91,Fandom,Bengals subreddit made it to Bleacher Report  We canceled our season tickets last year and they called 4x after to see if we wanted to come back.... it is what it is.,548173.0,neutral,0.0,1.0,0.0,0.0
1ok2z2p,1761844633.0,5472,0.98,91,Fandom,Bengals subreddit made it to Bleacher Report  Sales guy prolly works on commission and was throwing his own version of a Hail Mary.,493356.0,neutral,0.0,0.942,0.058,0.0772
1ok2z2p,1761846225.0,4864,0.98,91,Fandom,Bengals subreddit made it to Bleacher Report  I called my season ticket rep this morning and cancelled for 2026.  She asked me why and I simply said that I didn’t feel like I was getting the value of tickets versus the price increase.  She was very nice and said that she won’t charge me but she will hold the tickets until January(since I’m streak 8) in case I changed my mind.,438538.0,negative,0.021,0.828,0.152,0.8175
1ok2z2p,1761838995.0,4256,0.98,91,Fandom,Bengals subreddit made it to Bleacher Report  Good,383721.0,neutral,0.0,0.707,0.293,0.4404
1ok2z2p,1761851161.0,2432,0.98,91,Fandom,Bengals subreddit made it to Bleacher Report  Doesn’t sound like a organization with a waiting list lol.,219269.0,neutral,0.0,0.71,0.29,0.6486
1ok2z2p,1761838809.0,6080,0.98,91,Fandom,Bengals subreddit made it to Bleacher Report  I got 560 up votes in the feed ha,548173.0,neutral,0.0,0.854,0.146,0.34
1ok2z2p,1761852093.0,1824,0.98,91,Fandom,Bengals subreddit made it to Bleacher Report  Cincinnati would become a better city for all of its residents if subreddits allowed for this level of transparency. or even a fraction.,164452.0,neutral,0.0,0.903,0.097,0.4404
1ok2z2p,1761859235.0,1824,0.98,91,Fandom,"Bengals subreddit made it to Bleacher Report  The only way I'm renewing these tickets is if I get a guarantee that the money goes directly towards buying out Zac's contract and firing him, now.",164452.0,negative,0.07,0.872,0.058,-0.1027
1ok2z2p,1761870545.0,1824,0.98,91,Fandom,Bengals subreddit made it to Bleacher Report  I love the thought of someone bragging that they drafted their QB first overall after said QB won the national championship and had a record setting year. Most obvious number 1 pick ever.,164452.0,negative,0.0,0.727,0.273,0.9077
1ojmsnf,1761787817.0,7739,0.95,35,Fact,"Please, Mike Brown, Katie Blackburn, and co….Prove me Wrong. DJ Turner is having an all pro season. He showed flashes his rookie year (think back to the MNF game against the Jags in 2023). He balled out last year until he got hurt. He is now arguably the best Corner in the entire NFL at this moment or is at the very worst top 5. He plays with heart, and dear god is this kid fast. Oh, and a name like JuanDrago Turner II is just badass.

If he keeps up the production, a competent team like the Eagles would sign him THIS offseason or even earlier. Pay the man and reap the rewards as he continuously outplays his contract (see PS2 with Denver). 

Snap back to reality. It’s the end of 2026. Turner has played at a pro-bowl, if not all-pro, level the last 2 years and knows how much he’s gonna command. The Bengals will nickel and dime him, whether it’s because we can’t afford the guarantees, don’t know how to manipulate the cap, are just incompetent, or all of the above. He walks in free agency and balls out with another team that knows you pay you’re freaking guys. A stellar defensive player we could’ve had cheaper a year ago walks and we lose a bright spot on an otherwise abysmal defense. 

Please. I beg you. Duke Tobin, Zac Taylor, Katie Blackburn, and Mike Brown…be competent. Do your jobs. Pay the guys that WORK and don’t let DJ Turner II become the next Jessie Bates… I love DJ turner. Please pay him, and soon",264674.0,neutral,0.094,0.748,0.158,0.9537
1ojmsnf,1761787823.0,5232,0.95,35,Fact,"Please, Mike Brown, Katie Blackburn, and co….Prove me Wrong. DJ Turner is having an all pro season. He showed flashes his rookie year (think back to the MNF game against the Jags in 2023). He balled out last year until he got hurt. He is now arguably the best Corner in the entire NFL at this moment or is at the very worst top 5. He plays with heart, and dear god is this kid fast. Oh, and a name like JuanDrago Turner II is just badass.

If he keeps up the production, a competent team like the Eagles would sign him THIS offseason or even earlier. Pay the man and reap the rewards as he continuously outplays his contract (see PS2 with Denver). 

Snap back to reality. It’s the end of 2026. Turner has played at a pro-bowl, if not all-pro, level the last 2 years and knows how much he’s gonna command. The Bengals will nickel and dime him, whether it’s because we can’t afford the guarantees, don’t know how to manipulate the cap, are just incompetent, or all of the above. He walks in free agency and balls out with another team that knows you pay you’re freaking guys. A stellar defensive player we could’ve had cheaper a year ago walks and we lose a bright spot on an otherwise abysmal defense. 

Please. I beg you. Duke Tobin, Zac Taylor, Katie Blackburn, and Mike Brown…be competent. Do your jobs. Pay the guys that WORK and don’t let DJ Turner II become the next Jessie Bates… Reminder; this guy sat on a bench for 2 seasons.",178934.0,neutral,0.091,0.77,0.139,0.9039
1ojmsnf,1761830235.0,763,0.95,35,Fact,"Please, Mike Brown, Katie Blackburn, and co….Prove me Wrong. DJ Turner is having an all pro season. He showed flashes his rookie year (think back to the MNF game against the Jags in 2023). He balled out last year until he got hurt. He is now arguably the best Corner in the entire NFL at this moment or is at the very worst top 5. He plays with heart, and dear god is this kid fast. Oh, and a name like JuanDrago Turner II is just badass.

If he keeps up the production, a competent team like the Eagles would sign him THIS offseason or even earlier. Pay the man and reap the rewards as he continuously outplays his contract (see PS2 with Denver). 

Snap back to reality. It’s the end of 2026. Turner has played at a pro-bowl, if not all-pro, level the last 2 years and knows how much he’s gonna command. The Bengals will nickel and dime him, whether it’s because we can’t afford the guarantees, don’t know how to manipulate the cap, are just incompetent, or all of the above. He walks in free agency and balls out with another team that knows you pay you’re freaking guys. A stellar defensive player we could’ve had cheaper a year ago walks and we lose a bright spot on an otherwise abysmal defense. 

Please. I beg you. Duke Tobin, Zac Taylor, Katie Blackburn, and Mike Brown…be competent. Do your jobs. Pay the guys that WORK and don’t let DJ Turner II become the next Jessie Bates… CTB was actually included, he's just down and left off the chart",26095.0,negative,0.09,0.773,0.137,0.9039
1ojmsnf,1761788559.0,2943,0.95,35,Fact,"Please, Mike Brown, Katie Blackburn, and co….Prove me Wrong. DJ Turner is having an all pro season. He showed flashes his rookie year (think back to the MNF game against the Jags in 2023). He balled out last year until he got hurt. He is now arguably the best Corner in the entire NFL at this moment or is at the very worst top 5. He plays with heart, and dear god is this kid fast. Oh, and a name like JuanDrago Turner II is just badass.

If he keeps up the production, a competent team like the Eagles would sign him THIS offseason or even earlier. Pay the man and reap the rewards as he continuously outplays his contract (see PS2 with Denver). 

Snap back to reality. It’s the end of 2026. Turner has played at a pro-bowl, if not all-pro, level the last 2 years and knows how much he’s gonna command. The Bengals will nickel and dime him, whether it’s because we can’t afford the guarantees, don’t know how to manipulate the cap, are just incompetent, or all of the above. He walks in free agency and balls out with another team that knows you pay you’re freaking guys. A stellar defensive player we could’ve had cheaper a year ago walks and we lose a bright spot on an otherwise abysmal defense. 

Please. I beg you. Duke Tobin, Zac Taylor, Katie Blackburn, and Mike Brown…be competent. Do your jobs. Pay the guys that WORK and don’t let DJ Turner II become the next Jessie Bates… They’re stupid. The worst part about them being stupid is they don’t know they’re stupid. There is no hope, because they can’t even understand why they’re so stupid….because they’re stupid to begin with.

It’s a perfect circular path of their stupidity impacting all decisions and leading to a lack of awareness and understanding of the issues at hand",100651.0,neutral,0.142,0.72,0.138,-0.528
1ojmsnf,1761790636.0,763,0.95,35,Fact,"Please, Mike Brown, Katie Blackburn, and co….Prove me Wrong. DJ Turner is having an all pro season. He showed flashes his rookie year (think back to the MNF game against the Jags in 2023). He balled out last year until he got hurt. He is now arguably the best Corner in the entire NFL at this moment or is at the very worst top 5. He plays with heart, and dear god is this kid fast. Oh, and a name like JuanDrago Turner II is just badass.

If he keeps up the production, a competent team like the Eagles would sign him THIS offseason or even earlier. Pay the man and reap the rewards as he continuously outplays his contract (see PS2 with Denver). 

Snap back to reality. It’s the end of 2026. Turner has played at a pro-bowl, if not all-pro, level the last 2 years and knows how much he’s gonna command. The Bengals will nickel and dime him, whether it’s because we can’t afford the guarantees, don’t know how to manipulate the cap, are just incompetent, or all of the above. He walks in free agency and balls out with another team that knows you pay you’re freaking guys. A stellar defensive player we could’ve had cheaper a year ago walks and we lose a bright spot on an otherwise abysmal defense. 

Please. I beg you. Duke Tobin, Zac Taylor, Katie Blackburn, and Mike Brown…be competent. Do your jobs. Pay the guys that WORK and don’t let DJ Turner II become the next Jessie Bates… Worst FO in the nfl by a mile",26095.0,negative,0.104,0.758,0.138,0.7956
1ojmsnf,1761790582.0,1308,0.95,35,Fact,"Please, Mike Brown, Katie Blackburn, and co….Prove me Wrong. DJ Turner is having an all pro season. He showed flashes his rookie year (think back to the MNF game against the Jags in 2023). He balled out last year until he got hurt. He is now arguably the best Corner in the entire NFL at this moment or is at the very worst top 5. He plays with heart, and dear god is this kid fast. Oh, and a name like JuanDrago Turner II is just badass.

If he keeps up the production, a competent team like the Eagles would sign him THIS offseason or even earlier. Pay the man and reap the rewards as he continuously outplays his contract (see PS2 with Denver). 

Snap back to reality. It’s the end of 2026. Turner has played at a pro-bowl, if not all-pro, level the last 2 years and knows how much he’s gonna command. The Bengals will nickel and dime him, whether it’s because we can’t afford the guarantees, don’t know how to manipulate the cap, are just incompetent, or all of the above. He walks in free agency and balls out with another team that knows you pay you’re freaking guys. A stellar defensive player we could’ve had cheaper a year ago walks and we lose a bright spot on an otherwise abysmal defense. 

Please. I beg you. Duke Tobin, Zac Taylor, Katie Blackburn, and Mike Brown…be competent. Do your jobs. Pay the guys that WORK and don’t let DJ Turner II become the next Jessie Bates… > a competent team like the Eagles would sign him THIS offseason or even earlier.

You do realize that drafted rookies cannot be extended until after the final game of their 3rd year, right? It would be impossible to extend him earlier than this offseason. 

Contract negotiations are a two way street. Real life isn't Madden. Turner could do what Chase did and refuse to sign after his 3rd season, instead banking on himself and playing at a higher level his 4th season and commanding more money.

Or he could pull a Trey and sign an extension early and bitch about being underpaid on the extension that he signed later on.",44734.0,neutral,0.082,0.795,0.123,0.9097
1ojmsnf,1761832000.0,327,0.95,35,Fact,"Please, Mike Brown, Katie Blackburn, and co….Prove me Wrong. DJ Turner is having an all pro season. He showed flashes his rookie year (think back to the MNF game against the Jags in 2023). He balled out last year until he got hurt. He is now arguably the best Corner in the entire NFL at this moment or is at the very worst top 5. He plays with heart, and dear god is this kid fast. Oh, and a name like JuanDrago Turner II is just badass.

If he keeps up the production, a competent team like the Eagles would sign him THIS offseason or even earlier. Pay the man and reap the rewards as he continuously outplays his contract (see PS2 with Denver). 

Snap back to reality. It’s the end of 2026. Turner has played at a pro-bowl, if not all-pro, level the last 2 years and knows how much he’s gonna command. The Bengals will nickel and dime him, whether it’s because we can’t afford the guarantees, don’t know how to manipulate the cap, are just incompetent, or all of the above. He walks in free agency and balls out with another team that knows you pay you’re freaking guys. A stellar defensive player we could’ve had cheaper a year ago walks and we lose a bright spot on an otherwise abysmal defense. 

Please. I beg you. Duke Tobin, Zac Taylor, Katie Blackburn, and Mike Brown…be competent. Do your jobs. Pay the guys that WORK and don’t let DJ Turner II become the next Jessie Bates… I think he’s having a good season, but it’s not even halfway. I need to see more than 6 games of production before I crown anybody. I remember him giving up the game winning TD last week on a pass from a RB to rookie TE and never even got his head around to look for the ball.",11183.0,negative,0.059,0.823,0.119,0.9407
1ojmsnf,1761839304.0,218,0.95,35,Fact,"Please, Mike Brown, Katie Blackburn, and co….Prove me Wrong. DJ Turner is having an all pro season. He showed flashes his rookie year (think back to the MNF game against the Jags in 2023). He balled out last year until he got hurt. He is now arguably the best Corner in the entire NFL at this moment or is at the very worst top 5. He plays with heart, and dear god is this kid fast. Oh, and a name like JuanDrago Turner II is just badass.

If he keeps up the production, a competent team like the Eagles would sign him THIS offseason or even earlier. Pay the man and reap the rewards as he continuously outplays his contract (see PS2 with Denver). 

Snap back to reality. It’s the end of 2026. Turner has played at a pro-bowl, if not all-pro, level the last 2 years and knows how much he’s gonna command. The Bengals will nickel and dime him, whether it’s because we can’t afford the guarantees, don’t know how to manipulate the cap, are just incompetent, or all of the above. He walks in free agency and balls out with another team that knows you pay you’re freaking guys. A stellar defensive player we could’ve had cheaper a year ago walks and we lose a bright spot on an otherwise abysmal defense. 

Please. I beg you. Duke Tobin, Zac Taylor, Katie Blackburn, and Mike Brown…be competent. Do your jobs. Pay the guys that WORK and don’t let DJ Turner II become the next Jessie Bates… I dont know. He didn't look great against the Jets.",7456.0,negative,0.101,0.761,0.137,0.8356
1ojmsnf,1761788964.0,218,0.95,35,Fact,"Please, Mike Brown, Katie Blackburn, and co….Prove me Wrong. DJ Turner is having an all pro season. He showed flashes his rookie year (think back to the MNF game against the Jags in 2023). He balled out last year until he got hurt. He is now arguably the best Corner in the entire NFL at this moment or is at the very worst top 5. He plays with heart, and dear god is this kid fast. Oh, and a name like JuanDrago Turner II is just badass.

If he keeps up the production, a competent team like the Eagles would sign him THIS offseason or even earlier. Pay the man and reap the rewards as he continuously outplays his contract (see PS2 with Denver). 

Snap back to reality. It’s the end of 2026. Turner has played at a pro-bowl, if not all-pro, level the last 2 years and knows how much he’s gonna command. The Bengals will nickel and dime him, whether it’s because we can’t afford the guarantees, don’t know how to manipulate the cap, are just incompetent, or all of the above. He walks in free agency and balls out with another team that knows you pay you’re freaking guys. A stellar defensive player we could’ve had cheaper a year ago walks and we lose a bright spot on an otherwise abysmal defense. 

Please. I beg you. Duke Tobin, Zac Taylor, Katie Blackburn, and Mike Brown…be competent. Do your jobs. Pay the guys that WORK and don’t let DJ Turner II become the next Jessie Bates… You must be new here",7456.0,negative,0.092,0.767,0.14,0.9039
1ojmsnf,1761795812.0,109,0.95,35,Fact,"Please, Mike Brown, Katie Blackburn, and co….Prove me Wrong. DJ Turner is having an all pro season. He showed flashes his rookie year (think back to the MNF game against the Jags in 2023). He balled out last year until he got hurt. He is now arguably the best Corner in the entire NFL at this moment or is at the very worst top 5. He plays with heart, and dear god is this kid fast. Oh, and a name like JuanDrago Turner II is just badass.

If he keeps up the production, a competent team like the Eagles would sign him THIS offseason or even earlier. Pay the man and reap the rewards as he continuously outplays his contract (see PS2 with Denver). 

Snap back to reality. It’s the end of 2026. Turner has played at a pro-bowl, if not all-pro, level the last 2 years and knows how much he’s gonna command. The Bengals will nickel and dime him, whether it’s because we can’t afford the guarantees, don’t know how to manipulate the cap, are just incompetent, or all of the above. He walks in free agency and balls out with another team that knows you pay you’re freaking guys. A stellar defensive player we could’ve had cheaper a year ago walks and we lose a bright spot on an otherwise abysmal defense. 

Please. I beg you. Duke Tobin, Zac Taylor, Katie Blackburn, and Mike Brown…be competent. Do your jobs. Pay the guys that WORK and don’t let DJ Turner II become the next Jessie Bates… Tag twice and let go we know what's coming",3728.0,neutral,0.091,0.771,0.138,0.9039
1ojmsnf,1761833127.0,109,0.95,35,Fact,"Please, Mike Brown, Katie Blackburn, and co….Prove me Wrong. DJ Turner is having an all pro season. He showed flashes his rookie year (think back to the MNF game against the Jags in 2023). He balled out last year until he got hurt. He is now arguably the best Corner in the entire NFL at this moment or is at the very worst top 5. He plays with heart, and dear god is this kid fast. Oh, and a name like JuanDrago Turner II is just badass.

If he keeps up the production, a competent team like the Eagles would sign him THIS offseason or even earlier. Pay the man and reap the rewards as he continuously outplays his contract (see PS2 with Denver). 

Snap back to reality. It’s the end of 2026. Turner has played at a pro-bowl, if not all-pro, level the last 2 years and knows how much he’s gonna command. The Bengals will nickel and dime him, whether it’s because we can’t afford the guarantees, don’t know how to manipulate the cap, are just incompetent, or all of the above. He walks in free agency and balls out with another team that knows you pay you’re freaking guys. A stellar defensive player we could’ve had cheaper a year ago walks and we lose a bright spot on an otherwise abysmal defense. 

Please. I beg you. Duke Tobin, Zac Taylor, Katie Blackburn, and Mike Brown…be competent. Do your jobs. Pay the guys that WORK and don’t let DJ Turner II become the next Jessie Bates… They don’t biggest clowns in the business",3728.0,neutral,0.092,0.769,0.139,0.9039
1ojmsnf,1761862627.0,109,0.95,35,Fact,"Please, Mike Brown, Katie Blackburn, and co….Prove me Wrong. DJ Turner is having an all pro season. He showed flashes his rookie year (think back to the MNF game against the Jags in 2023). He balled out last year until he got hurt. He is now arguably the best Corner in the entire NFL at this moment or is at the very worst top 5. He plays with heart, and dear god is this kid fast. Oh, and a name like JuanDrago Turner II is just badass.

If he keeps up the production, a competent team like the Eagles would sign him THIS offseason or even earlier. Pay the man and reap the rewards as he continuously outplays his contract (see PS2 with Denver). 

Snap back to reality. It’s the end of 2026. Turner has played at a pro-bowl, if not all-pro, level the last 2 years and knows how much he’s gonna command. The Bengals will nickel and dime him, whether it’s because we can’t afford the guarantees, don’t know how to manipulate the cap, are just incompetent, or all of the above. He walks in free agency and balls out with another team that knows you pay you’re freaking guys. A stellar defensive player we could’ve had cheaper a year ago walks and we lose a bright spot on an otherwise abysmal defense. 

Please. I beg you. Duke Tobin, Zac Taylor, Katie Blackburn, and Mike Brown…be competent. Do your jobs. Pay the guys that WORK and don’t let DJ Turner II become the next Jessie Bates… we will of course wait to extend Turner and it will end either in a franchise tag and he leaves for nothing or we will pay a premium compared to what we needed to.",3728.0,neutral,0.089,0.778,0.133,0.9097
1ojmsnf,1761950879.0,109,0.95,35,Fact,"Please, Mike Brown, Katie Blackburn, and co….Prove me Wrong. DJ Turner is having an all pro season. He showed flashes his rookie year (think back to the MNF game against the Jags in 2023). He balled out last year until he got hurt. He is now arguably the best Corner in the entire NFL at this moment or is at the very worst top 5. He plays with heart, and dear god is this kid fast. Oh, and a name like JuanDrago Turner II is just badass.

If he keeps up the production, a competent team like the Eagles would sign him THIS offseason or even earlier. Pay the man and reap the rewards as he continuously outplays his contract (see PS2 with Denver). 

Snap back to reality. It’s the end of 2026. Turner has played at a pro-bowl, if not all-pro, level the last 2 years and knows how much he’s gonna command. The Bengals will nickel and dime him, whether it’s because we can’t afford the guarantees, don’t know how to manipulate the cap, are just incompetent, or all of the above. He walks in free agency and balls out with another team that knows you pay you’re freaking guys. A stellar defensive player we could’ve had cheaper a year ago walks and we lose a bright spot on an otherwise abysmal defense. 

Please. I beg you. Duke Tobin, Zac Taylor, Katie Blackburn, and Mike Brown…be competent. Do your jobs. Pay the guys that WORK and don’t let DJ Turner II become the next Jessie Bates… Imagine if we could pair him with Jessie Bates...",3728.0,neutral,0.091,0.771,0.138,0.9039
1ojmsnf,1761790324.0,109,0.95,35,Fact,"Please, Mike Brown, Katie Blackburn, and co….Prove me Wrong. DJ Turner is having an all pro season. He showed flashes his rookie year (think back to the MNF game against the Jags in 2023). He balled out last year until he got hurt. He is now arguably the best Corner in the entire NFL at this moment or is at the very worst top 5. He plays with heart, and dear god is this kid fast. Oh, and a name like JuanDrago Turner II is just badass.

If he keeps up the production, a competent team like the Eagles would sign him THIS offseason or even earlier. Pay the man and reap the rewards as he continuously outplays his contract (see PS2 with Denver). 

Snap back to reality. It’s the end of 2026. Turner has played at a pro-bowl, if not all-pro, level the last 2 years and knows how much he’s gonna command. The Bengals will nickel and dime him, whether it’s because we can’t afford the guarantees, don’t know how to manipulate the cap, are just incompetent, or all of the above. He walks in free agency and balls out with another team that knows you pay you’re freaking guys. A stellar defensive player we could’ve had cheaper a year ago walks and we lose a bright spot on an otherwise abysmal defense. 

Please. I beg you. Duke Tobin, Zac Taylor, Katie Blackburn, and Mike Brown…be competent. Do your jobs. Pay the guys that WORK and don’t let DJ Turner II become the next Jessie Bates… We will wait until the last possible second and either let him walk for nothing or pay 2x more than we needed to. Bengals are stupid",3728.0,neutral,0.1,0.77,0.13,0.8119
1oj36lj,1761742912.0,26931,0.91,80,Fact,"Mike Pennel could not get out of Cincinnati fast enough after KC’s Chris Jones’ request to get him back on the Chiefs Chris Jones calls him a *heck of a locker room guy* in the article. I know that isn’t our biggest need, nor was he making a difference here, but I feel like a player requesting to be released because a former teammate wanted him back screams volumes about the Bengals experience. The Bengals are going nowhere fast. Anyone with a brain would take the opportunity to go back to a legit title contender instead of wasting away on a team that realistically will never win anything.",1985084.0,negative,0.094,0.828,0.078,-0.4133
1oj36lj,1761741472.0,36481,0.91,80,Fact,"Mike Pennel could not get out of Cincinnati fast enough after KC’s Chris Jones’ request to get him back on the Chiefs Chris Jones calls him a *heck of a locker room guy* in the article. I know that isn’t our biggest need, nor was he making a difference here, but I feel like a player requesting to be released because a former teammate wanted him back screams volumes about the Bengals experience. Ass player wants off ass defense so he takes less shit for being ass. This is surprising?",2689015.0,negative,0.207,0.72,0.073,-0.9506
1oj36lj,1761742077.0,9359,0.91,80,Fact,"Mike Pennel could not get out of Cincinnati fast enough after KC’s Chris Jones’ request to get him back on the Chiefs Chris Jones calls him a *heck of a locker room guy* in the article. I know that isn’t our biggest need, nor was he making a difference here, but I feel like a player requesting to be released because a former teammate wanted him back screams volumes about the Bengals experience. > it’s a significant addition for Kansas City.

Lmao yeah I guess their bench was getting a little cold without him.",689852.0,negative,0.03,0.826,0.144,0.8957
1oj36lj,1761750882.0,1146,0.91,80,Fact,"Mike Pennel could not get out of Cincinnati fast enough after KC’s Chris Jones’ request to get him back on the Chiefs Chris Jones calls him a *heck of a locker room guy* in the article. I know that isn’t our biggest need, nor was he making a difference here, but I feel like a player requesting to be released because a former teammate wanted him back screams volumes about the Bengals experience. immediately bailed after the players only defense meeting lol",84472.0,neutral,0.034,0.861,0.105,0.7096
1oj36lj,1761757207.0,573,0.91,80,Fact,"Mike Pennel could not get out of Cincinnati fast enough after KC’s Chris Jones’ request to get him back on the Chiefs Chris Jones calls him a *heck of a locker room guy* in the article. I know that isn’t our biggest need, nor was he making a difference here, but I feel like a player requesting to be released because a former teammate wanted him back screams volumes about the Bengals experience. Remember when he was angry at KC for cutting him and was really excited to come to Cincy bc Burrow gave them a chance to win? Welp Burrow got hurt and we go from 2-0 to 3-5, the chiefs want him back and just like that he asked for a release. Not that complicated from a human perspective, but I guess he got over his anger when Chris Jones said he wants him back",42236.0,negative,0.115,0.768,0.118,-0.1181
1oj36lj,1761741216.0,3438,0.91,80,Fact,"Mike Pennel could not get out of Cincinnati fast enough after KC’s Chris Jones’ request to get him back on the Chiefs Chris Jones calls him a *heck of a locker room guy* in the article. I know that isn’t our biggest need, nor was he making a difference here, but I feel like a player requesting to be released because a former teammate wanted him back screams volumes about the Bengals experience. Who?",253415.0,negative,0.039,0.915,0.046,0.1154
1oj36lj,1761742397.0,2674,0.91,80,Fact,"Mike Pennel could not get out of Cincinnati fast enough after KC’s Chris Jones’ request to get him back on the Chiefs Chris Jones calls him a *heck of a locker room guy* in the article. I know that isn’t our biggest need, nor was he making a difference here, but I feel like a player requesting to be released because a former teammate wanted him back screams volumes about the Bengals experience. Mike was good the first few games, iirc. I was excited when we got him tbh, mainly for depth. That locker room must be collapsing if you have a guy like Pennel requested to be released and it was rumored signing with the Bengals was his FU to the Chiefs after releasing him.

https://preview.redd.it/taknhow5s1yf1.jpeg?width=867&format=pjpg&auto=webp&s=7419e9cf60e26bc4c755f44f6a3a83c5aed58ac5",197101.0,neutral,0.096,0.806,0.098,-0.2022
1oj36lj,1761744879.0,573,0.91,80,Fact,"Mike Pennel could not get out of Cincinnati fast enough after KC’s Chris Jones’ request to get him back on the Chiefs Chris Jones calls him a *heck of a locker room guy* in the article. I know that isn’t our biggest need, nor was he making a difference here, but I feel like a player requesting to be released because a former teammate wanted him back screams volumes about the Bengals experience. Good for him. Surprised the Bengals honored his request honestly.",42236.0,neutral,0.031,0.765,0.204,0.9505
1oj36lj,1761742817.0,1146,0.91,80,Fact,"Mike Pennel could not get out of Cincinnati fast enough after KC’s Chris Jones’ request to get him back on the Chiefs Chris Jones calls him a *heck of a locker room guy* in the article. I know that isn’t our biggest need, nor was he making a difference here, but I feel like a player requesting to be released because a former teammate wanted him back screams volumes about the Bengals experience. I dont mind dropping a vet to let them pursue a super bowl on a team that will likely miss the playoffs. I have an issue when we do it at the request of their star player (who beat us in a conference game). Should have at least got a 6th or something for him.",84472.0,neutral,0.038,0.892,0.07,0.7096
1oj36lj,1761744105.0,764,0.91,80,Fact,"Mike Pennel could not get out of Cincinnati fast enough after KC’s Chris Jones’ request to get him back on the Chiefs Chris Jones calls him a *heck of a locker room guy* in the article. I know that isn’t our biggest need, nor was he making a difference here, but I feel like a player requesting to be released because a former teammate wanted him back screams volumes about the Bengals experience. Yea i dont understand really.  A guy says my old team wants me back and we just say ok here you go. There has to be more to it.  Maybe zacks speech on needing leadership in the D Pissed him off?",56314.0,negative,0.075,0.872,0.053,-0.5499
1oj36lj,1761740976.0,955,0.91,80,Fact,"Mike Pennel could not get out of Cincinnati fast enough after KC’s Chris Jones’ request to get him back on the Chiefs Chris Jones calls him a *heck of a locker room guy* in the article. I know that isn’t our biggest need, nor was he making a difference here, but I feel like a player requesting to be released because a former teammate wanted him back screams volumes about the Bengals experience. Forgot to note that he is expected to meet/sign with KC again today.",70393.0,neutral,0.034,0.927,0.039,0.1154
1oj36lj,1761746682.0,382,0.91,80,Fact,"Mike Pennel could not get out of Cincinnati fast enough after KC’s Chris Jones’ request to get him back on the Chiefs Chris Jones calls him a *heck of a locker room guy* in the article. I know that isn’t our biggest need, nor was he making a difference here, but I feel like a player requesting to be released because a former teammate wanted him back screams volumes about the Bengals experience. Thats some heavy editorializing you're doing with that headline",28157.0,neutral,0.035,0.923,0.041,0.1154
1oj36lj,1761760645.0,382,0.91,80,Fact,"Mike Pennel could not get out of Cincinnati fast enough after KC’s Chris Jones’ request to get him back on the Chiefs Chris Jones calls him a *heck of a locker room guy* in the article. I know that isn’t our biggest need, nor was he making a difference here, but I feel like a player requesting to be released because a former teammate wanted him back screams volumes about the Bengals experience. More stupidity from the front office and coaching staff. 

Why did you sign him to begin with?

Did they try to trade him for something, anything?

Per PFF he's our highest graded defender not named Trey. 

He's a run stop specialist. This defense sucks against the run, but he was decent. The Bengals cut his snap count in half after week 5. Why?

Unless they plan on trading for another IDL guy, this seems like a dumb move.

All they have left on the IDL, is:

BJ Hill (who's best as a rotational player).

TJ Slaton (rotational player/run specialist).

Kris Jenkins who's just a guy that never does much of anything good).

Howard Cross, and McKinley Jackson (the two of which have had 6 snaps total between the two of them since week 4). 

  
[https://www.footballguys.com/stats/snap-counts/teams?team=CIN&year=2025&type=snap-counts](https://www.footballguys.com/stats/snap-counts/teams?team=CIN&year=2025&type=snap-counts)",28157.0,negative,0.096,0.834,0.071,-0.7615
1oj36lj,1761750074.0,764,0.91,80,Fact,"Mike Pennel could not get out of Cincinnati fast enough after KC’s Chris Jones’ request to get him back on the Chiefs Chris Jones calls him a *heck of a locker room guy* in the article. I know that isn’t our biggest need, nor was he making a difference here, but I feel like a player requesting to be released because a former teammate wanted him back screams volumes about the Bengals experience. **Mike Pennel**: 4 solo tackles, 11 assisted tackles

**Shemar Stewart**:  1 solo tackle, 2 assisted tackles",56314.0,neutral,0.034,0.927,0.039,0.1154
1oj36lj,1761746128.0,382,0.91,80,Fact,"Mike Pennel could not get out of Cincinnati fast enough after KC’s Chris Jones’ request to get him back on the Chiefs Chris Jones calls him a *heck of a locker room guy* in the article. I know that isn’t our biggest need, nor was he making a difference here, but I feel like a player requesting to be released because a former teammate wanted him back screams volumes about the Bengals experience. The same Chris Jones who didn’t even try on goal line D the other week?",28157.0,neutral,0.033,0.928,0.039,0.1154
1oj36lj,1761744918.0,573,0.91,80,Fact,"Mike Pennel could not get out of Cincinnati fast enough after KC’s Chris Jones’ request to get him back on the Chiefs Chris Jones calls him a *heck of a locker room guy* in the article. I know that isn’t our biggest need, nor was he making a difference here, but I feel like a player requesting to be released because a former teammate wanted him back screams volumes about the Bengals experience. Chris Jones had one of the worst plays on any d this year, zero effort on the Lawrence td game winner.",42236.0,neutral,0.084,0.807,0.109,0.3612
1oj36lj,1761745409.0,191,0.91,80,Fact,"Mike Pennel could not get out of Cincinnati fast enough after KC’s Chris Jones’ request to get him back on the Chiefs Chris Jones calls him a *heck of a locker room guy* in the article. I know that isn’t our biggest need, nor was he making a difference here, but I feel like a player requesting to be released because a former teammate wanted him back screams volumes about the Bengals experience. Maybe he was supposed to scout burrow and sow division. 1/2 accomplished.",14079.0,negative,0.033,0.883,0.084,0.6486
1ohuk5j,1761609171.0,5658,0.93,32,Fandom,Oh how attitudes on this sub change in just 7 days  Being a Bengals fan makes me question if I'm bipolar or not. One week it's were so back the next week it's were so fucked,173644.0,negative,0.141,0.802,0.058,-0.6504
1ohuk5j,1761609573.0,3075,0.93,32,Fandom,"Oh how attitudes on this sub change in just 7 days  It feels like the football gods keep giving us an opportunity to take advantage of how bad it is but we just go ""nah""",94372.0,negative,0.059,0.761,0.18,0.3818
1ohuk5j,1761610183.0,2214,0.93,32,Fandom,Oh how attitudes on this sub change in just 7 days  Still only a game back lol,67948.0,neutral,0.0,0.833,0.167,0.4215
1ohuk5j,1761609867.0,1107,0.93,32,Fandom,"Oh how attitudes on this sub change in just 7 days  I mean *technically* we're still just one *win* out of 1st place. Need the Steelers to lose two, however, since we have two more losses than them.

Edit: grammar is hard",33974.0,neutral,0.161,0.839,0.0,-0.7264
1ohuk5j,1761615998.0,861,0.93,32,Fandom,"Oh how attitudes on this sub change in just 7 days  I mean, the ONE year the division is up for grabs and MAYBE the conference and the Bengals do the Spongebob “you can have it.”",26424.0,negative,0.0,1.0,0.0,0.0
1ohuk5j,1761613156.0,369,0.93,32,Fandom,Oh how attitudes on this sub change in just 7 days  And?,11325.0,negative,0.0,1.0,0.0,0.0
1ohuk5j,1761633581.0,369,0.93,32,Fandom,"Oh how attitudes on this sub change in just 7 days  Well not only this subreddit, Panthers aswell for example. But losing to the 0:7 jets which didnt score a touchdown for 2 weeks and got hold to negative 10 passing yards is just not acceptable. Still offense looking good and run game kinda finally works. Except for drops kinda",11325.0,negative,0.157,0.735,0.108,-0.6579
1ohuk5j,1761614054.0,246,0.93,32,Fandom,Oh how attitudes on this sub change in just 7 days  Well “this sub” isn’t a single person buts collection of people who have different opinions,7550.0,negative,0.0,0.916,0.084,0.2732
1ohuk5j,1761648104.0,246,0.93,32,Fandom,Oh how attitudes on this sub change in just 7 days  Losing to the worst team in football will do that to you,7550.0,negative,0.251,0.749,0.0,-0.7717
1ohuk5j,1761609930.0,738,0.93,32,Fandom,"Oh how attitudes on this sub change in just 7 days  Oh Oh Can I play ??

How about the Bengal's gave up 500+ yards to one of the worst teams in the NFL.

The Bengal's ran the ball with a minute left in the game because ""it worked"" earlier when they had a 2 TD lead.

The Bengals squandered said 2 TD lead in the 4th quarter to a team that had scored 129 points in 7 games previously.

The Bengals at certain times of recent games had 4 players making a total of 30M in 2025 salary sitting on the bench.

My ""analytics"" tell me the coat riding days of a certain analytics head coach in 2021 and 2022 are long gone and he is the last man standing after canning 2 OL coaches, various puppet Offense Coordinators that rarely did call plays and a DC for another DC that has watched the front 7 turn into a team with 11 sacks in 8 games and running lanes the opposing team could drive a UPS truck through.",22649.0,negative,0.048,0.913,0.039,-0.3818
1ohuk5j,1761613067.0,369,0.93,32,Fandom,Oh how attitudes on this sub change in just 7 days  A bad loss to an 0-7 team does that,11325.0,negative,0.266,0.734,0.0,-0.7003
1ohuk5j,1761609944.0,246,0.93,32,Fandom,Oh how attitudes on this sub change in just 7 days  I flip flop all the time and let my emotions dictate my thoughts when it comes to the Bengals. The reason for that is the same reason I’m still a diehard Bengals fan: I am an insane person and this subreddit is our open-air asylum,7550.0,negative,0.09,0.869,0.041,-0.4215
1ohuk5j,1761609523.0,123,0.93,32,Fandom,Oh how attitudes on this sub change in just 7 days  ![gif](giphy|GCBz4wnFyw0Z0ynEP0),3775.0,negative,0.0,1.0,0.0,0.0
1ohuk5j,1761617566.0,123,0.93,32,Fandom,Oh how attitudes on this sub change in just 7 days  The guy on the bottom has a good point though,3775.0,negative,0.0,0.861,0.139,0.4404
1ohuk5j,1761633375.0,123,0.93,32,Fandom,Oh how attitudes on this sub change in just 7 days  That's called venting. Everyone does it,3775.0,negative,0.0,1.0,0.0,0.0
1ohuk5j,1761637912.0,123,0.93,32,Fandom,Oh how attitudes on this sub change in just 7 days  [https://i.imgur.com/92gaPA5.gif](https://i.imgur.com/92gaPA5.gif),3775.0,negative,0.0,1.0,0.0,0.0
1ohuk5j,1761837896.0,123,0.93,32,Fandom,Oh how attitudes on this sub change in just 7 days  Duality of Who Dey Nation,3775.0,negative,0.0,1.0,0.0,0.0
1ohuk5j,1761610202.0,123,0.93,32,Fandom,"Oh how attitudes on this sub change in just 7 days  I honestly think it’s different people, there are perma doomers and folks who are way overly optimistic. They just take turns taking over the sub based on that weeks results. It’s the only explanation",3775.0,neutral,0.0,0.886,0.114,0.6486
1ohtpno,1761674124.0,792,0.98,3,Fandom,Meanwhile Mike Brown can’t read  That's damned good funny.,3105.0,neutral,0.181,0.417,0.403,0.4939
1ohtpno,1761690816.0,396,0.98,3,Fandom,Meanwhile Mike Brown can’t read  Mike Brown can’t bother himself with figuring out how to read. He’s is too busy thinking of metaphors to explain how the cap works in the offseason.,1552.0,negative,0.072,0.928,0.0,-0.34
1ohtpno,1761692276.0,396,0.98,3,Fandom,"Meanwhile Mike Brown can’t read  They don’t even give Mike Brown a script, just a pat on the back and tell him to never change.",1552.0,negative,0.0,1.0,0.0,0.0
1ohqnt3,1761599715.0,54056,0.94,75,Fact,isn’t that the head coaches job…? credit: ig.  Ask Ray Lewis.,3861761.0,neutral,0.0,0.794,0.206,0.3818
1ohqnt3,1761601330.0,41008,0.94,75,Fact,isn’t that the head coaches job…? credit: ig.  Culture starts at the top with ownership. Until they shape up or sell the team this is what the bengals are. A bad franchise who will flash occasionally when the stars align.,2929612.0,negative,0.08,0.82,0.1,-0.0258
1ohqnt3,1761601634.0,19106,0.94,75,Fact,"isn’t that the head coaches job…? credit: ig.  Not saying Zac doesn’t have accountability here, but god damn idk how you fail to hold the players accountable too after that piss poor performance.  He’s not wrong.",1364933.0,negative,0.33,0.525,0.146,-0.8961
1ohqnt3,1761600863.0,32620,0.94,75,Fact,"isn’t that the head coaches job…? credit: ig.  Come on. I’m as done with Zac as the rest of this sub but he’s clearly talking about a player. Players need to step up and be leaders. Logan Wilson is the perfect example of what he’s talking about. He gets benched for sucking and immediately requests a trade. Clearly doesn’t care about the team. Someone, or multiple people, need to step up and be vocal leaders on the defense. Coaching can only do so much. Players need to execute",2330373.0,negative,0.0,0.8,0.2,0.9638
1ohqnt3,1761606143.0,2330,0.94,75,Fact,"isn’t that the head coaches job…? credit: ig.  He’s right that this team lacks leadership from all levels, including the players.

Who is a leader on the defense? Even on the offense, Joe seems more internally focused on greatness than overall team leadership.",166455.0,neutral,0.042,0.803,0.155,0.6529
1ohqnt3,1761605679.0,4194,0.94,75,Fact,isn’t that the head coaches job…? credit: ig.  https://i.redd.it/8rnokn04iqxf1.gif,299619.0,negative,0.0,0.755,0.245,0.3818
1ohqnt3,1761600359.0,6058,0.94,75,Fact,isn’t that the head coaches job…? credit: ig.  Actually I think someone needs to step down and stop leading the group.,432784.0,negative,0.096,0.789,0.114,0.1027
1ohqnt3,1761601586.0,4194,0.94,75,Fact,isn’t that the head coaches job…? credit: ig.  Didn't they bench the captain? (Logan Wilson),299619.0,neutral,0.0,0.825,0.175,0.4515
1ohqnt3,1761603344.0,4194,0.94,75,Fact,isn’t that the head coaches job…? credit: ig.  https://preview.redd.it/kd94oue6bqxf1.jpeg?width=677&format=pjpg&auto=webp&s=fb49fd6e7e20de6e5f167e5310eefde139f2d80d,299619.0,neutral,0.0,0.73,0.27,0.4515
1ohqnt3,1761614225.0,1864,0.94,75,Fact,isn’t that the head coaches job…? credit: ig.  He HAS TO GO. Take the Defensive Coach with him.,133164.0,negative,0.0,0.812,0.188,0.4019
1ohqnt3,1761624234.0,932,0.94,75,Fact,isn’t that the head coaches job…? credit: ig.  ![gif](giphy|g4zOYVUrLNiSyQGRLl),66582.0,neutral,0.0,0.734,0.266,0.4389
1ohqnt3,1761625537.0,932,0.94,75,Fact,isn’t that the head coaches job…? credit: ig.  Head coach can’t strap up the pads,66582.0,negative,0.0,0.843,0.157,0.3818
1ohqnt3,1761625385.0,1864,0.94,75,Fact,"isn’t that the head coaches job…? credit: ig.  Mean like Vonn Bell, Jessie Bates, DJ Reader? 

You can't get rid of your leaders and expect leadership.",133164.0,neutral,0.0,0.815,0.185,0.6662
1ohqnt3,1761605402.0,932,0.94,75,Fact,"isn’t that the head coaches job…? credit: ig.  I think it hits different when it is being said by a coach of a bad team. He’s not wrong per se. 

Winning team coaches always talk about leaders on the field and how those guys do something that few coaches truly can, especially coaches who never were on the field at college or pro levels, and who lack a shared experience. 

You need leadership off the field and on the field. That’s pretty universal across all team sports. 

Whatever you think of Taylor, he’s not wrong to say this team is lacking defensive leadership on the field. Coaches can’t make a play.

Think of legendary players on defense, and how many of them are described as leaders. Yes they are skilled and good at football, but they add more. They can be a guy who is cerebral and leads by making sure they communicate what they see to everyone else. They can be a guy who sets the tone and everyone else feels the need to match their big hit, their sack, their tackle, etc.

We lack leadership on the field, and it isn’t something you can easily teach in the classroom.",66582.0,neutral,0.032,0.839,0.129,0.9232
1ohqnt3,1761607498.0,932,0.94,75,Fact,isn’t that the head coaches job…? credit: ig.  Actually I’d say someone needs to stop leading the group,66582.0,negative,0.106,0.769,0.125,0.1027
1ohqnt3,1761616402.0,932,0.94,75,Fact,"isn’t that the head coaches job…? credit: ig.  Coach’s job is to identify, foster, and elevate leaders. If he is saying this publicly he either is pressuring someone specifically he wants to step up, or he has no idea and is on his last rope. 

Owner’s job is to look into this and make a decision.

This is the Bengals so we have like 5 plus years until they make a move.",66582.0,negative,0.061,0.867,0.072,0.1935
1ohqnt3,1761601005.0,932,0.94,75,Fact,isn’t that the head coaches job…? credit: ig.  Isn't that in a head coach job description?,66582.0,negative,0.0,0.825,0.175,0.4515
1ohqnt3,1761613955.0,466,0.94,75,Fact,isn’t that the head coaches job…? credit: ig.  Clearly it’s not Zac,33291.0,negative,0.0,0.654,0.346,0.6486
1ohqnt3,1761663043.0,466,0.94,75,Fact,"isn’t that the head coaches job…? credit: ig.  He can’t play. On field leader.

That said at the professional level the coach is not absolved from responsibility",33291.0,neutral,0.068,0.771,0.161,0.4386
1ohqnt3,1761831092.0,466,0.94,75,Fact,isn’t that the head coaches job…? credit: ig.  Been that way,33291.0,negative,0.0,0.794,0.206,0.3818
1ohhfh5,1761578843.0,920,0.97,3,Fact,Zac Taylor going for a swim in the Ohio  Also the defense,3570.0,negative,0.0,0.87,0.13,0.128
1ohhfh5,1761581997.0,1288,0.97,3,Fact,"Zac Taylor going for a swim in the Ohio  Today we should be discussing the announcement of ZT getting fired if the franchise was an actual NFL team wanting to compete in the league. I don’t care about ZT having another year on his contract. LSU just fired Brian Kelly after losing at home to Texas A&M, Kelly is owed $54 million on his contract but LSU wants him out no matter how much it costs.",4997.0,negative,0.114,0.845,0.04,-0.714
1ohf32v,1761573570.0,29353,0.99,104,Football,"Since 2022, The Bengals have spent 10 Top 100 picks on defense, tied for the most in the NFL over that span (Eagles, Cardinals).

They currently rank dead last in yards allowed/game and tied for last in defensive EPA/play allowed.

This is the direct result of draft decisions.  Almost an entire starting defense of draft picks and it‘s just a pile of hot trash. Incredible.",3051244.0,negative,0.062,0.853,0.085,-0.34
1ohf32v,1761574266.0,13002,0.99,104,Football,"Since 2022, The Bengals have spent 10 Top 100 picks on defense, tied for the most in the NFL over that span (Eagles, Cardinals).

They currently rank dead last in yards allowed/game and tied for last in defensive EPA/play allowed.

This is the direct result of draft decisions.  GET DUKE TOBIN OUT OF CINCINNATI",1351558.0,negative,0.073,0.852,0.075,-0.4404
1ohf32v,1761574700.0,11623,0.99,104,Football,"Since 2022, The Bengals have spent 10 Top 100 picks on defense, tied for the most in the NFL over that span (Eagles, Cardinals).

They currently rank dead last in yards allowed/game and tied for last in defensive EPA/play allowed.

This is the direct result of draft decisions.  Duke Tobin deserves to be fired more than anyone else yet his job is the safest. This franchise is fucked lol. He is completely incompetent and he has no one else in the room who can even steer him in the right direction. The fact that we haven't even stumbled into a good player outside of DJ Turner is simply staggering.",1208211.0,negative,0.14,0.76,0.1,-0.8439
1ohf32v,1761574029.0,6501,0.99,104,Football,"Since 2022, The Bengals have spent 10 Top 100 picks on defense, tied for the most in the NFL over that span (Eagles, Cardinals).

They currently rank dead last in yards allowed/game and tied for last in defensive EPA/play allowed.

This is the direct result of draft decisions.  It's funny because in many ways they had the right idea investing heavily in defense in the draft - if more of these hit (or even are just average players) you have a young, cheap core for years.

But instead it's all a complete disaster and an ugly combination of horrific draft decisions and a total lack of development.",675779.0,negative,0.179,0.764,0.057,-0.9678
1ohf32v,1761574740.0,2364,0.99,104,Football,"Since 2022, The Bengals have spent 10 Top 100 picks on defense, tied for the most in the NFL over that span (Eagles, Cardinals).

They currently rank dead last in yards allowed/game and tied for last in defensive EPA/play allowed.

This is the direct result of draft decisions.  Duke sucks and we have like 4 scouts. Clown organization",245738.0,neutral,0.105,0.788,0.107,-0.4404
1ohf32v,1761574274.0,2167,0.99,104,Football,"Since 2022, The Bengals have spent 10 Top 100 picks on defense, tied for the most in the NFL over that span (Eagles, Cardinals).

They currently rank dead last in yards allowed/game and tied for last in defensive EPA/play allowed.

This is the direct result of draft decisions.  Someone should drop leaflets with these stats into the stadium. Fuck Tobin! These assholes use this business like a mom and pop store",225260.0,negative,0.169,0.748,0.083,-0.8777
1ohf32v,1761577563.0,1576,0.99,104,Football,"Since 2022, The Bengals have spent 10 Top 100 picks on defense, tied for the most in the NFL over that span (Eagles, Cardinals).

They currently rank dead last in yards allowed/game and tied for last in defensive EPA/play allowed.

This is the direct result of draft decisions.  The problem, I think is the line. There is no push, no pass rush outside of Trey. That leaves Lbs and secondary trying to cover for longer and pursue rbs more. They need guys that can push the o-line backward, get after the QB and make it harder to run. But this line loses the battle up front all day long. God I miss Geno",163825.0,negative,0.13,0.818,0.052,-0.8625
1ohf32v,1761574753.0,1379,0.99,104,Football,"Since 2022, The Bengals have spent 10 Top 100 picks on defense, tied for the most in the NFL over that span (Eagles, Cardinals).

They currently rank dead last in yards allowed/game and tied for last in defensive EPA/play allowed.

This is the direct result of draft decisions.  We just need to continue drafting and relying on bad pass rushers to pass rush once they get to the NFL. It’s obviously the correct formula, right?",143347.0,negative,0.095,0.852,0.054,-0.7506
1ohf32v,1761575284.0,985,0.99,104,Football,"Since 2022, The Bengals have spent 10 Top 100 picks on defense, tied for the most in the NFL over that span (Eagles, Cardinals).

They currently rank dead last in yards allowed/game and tied for last in defensive EPA/play allowed.

This is the direct result of draft decisions.  Fire Duke Tobin",102391.0,negative,0.117,0.806,0.077,-0.6486
1ohf32v,1761573872.0,591,0.99,104,Football,"Since 2022, The Bengals have spent 10 Top 100 picks on defense, tied for the most in the NFL over that span (Eagles, Cardinals).

They currently rank dead last in yards allowed/game and tied for last in defensive EPA/play allowed.

This is the direct result of draft decisions.  RIP Zach Carter. Has McKinley Jackson even played this year?",61434.0,neutral,0.067,0.827,0.106,-0.128
1ohf32v,1761573881.0,591,0.99,104,Football,"Since 2022, The Bengals have spent 10 Top 100 picks on defense, tied for the most in the NFL over that span (Eagles, Cardinals).

They currently rank dead last in yards allowed/game and tied for last in defensive EPA/play allowed.

This is the direct result of draft decisions.  It reflects the lack of a scouting staff",61434.0,negative,0.108,0.82,0.072,-0.6369
1ohf32v,1761574980.0,591,0.99,104,Football,"Since 2022, The Bengals have spent 10 Top 100 picks on defense, tied for the most in the NFL over that span (Eagles, Cardinals).

They currently rank dead last in yards allowed/game and tied for last in defensive EPA/play allowed.

This is the direct result of draft decisions.  And this is what you get when you don't have a modern scouting department.

We'd have been better off having an intern using the PFF draft simulator ""best player available"" function for the past 10 years",61434.0,negative,0.046,0.83,0.124,0.6369
1ohf32v,1761575166.0,591,0.99,104,Football,"Since 2022, The Bengals have spent 10 Top 100 picks on defense, tied for the most in the NFL over that span (Eagles, Cardinals).

They currently rank dead last in yards allowed/game and tied for last in defensive EPA/play allowed.

This is the direct result of draft decisions.  Nothing we can do as fans.  Mike Brown reads this and renews Tobin.",61434.0,neutral,0.065,0.868,0.067,-0.4404
1ohf32v,1761589473.0,591,0.99,104,Football,"Since 2022, The Bengals have spent 10 Top 100 picks on defense, tied for the most in the NFL over that span (Eagles, Cardinals).

They currently rank dead last in yards allowed/game and tied for last in defensive EPA/play allowed.

This is the direct result of draft decisions.  And then the Rams who mortgaged their future in 2021, have the cheapest defense in the league and one first rounder starting, have a top 5 defense ",61434.0,negative,0.054,0.83,0.116,-0.0258
1ohf32v,1761576143.0,394,0.99,104,Football,"Since 2022, The Bengals have spent 10 Top 100 picks on defense, tied for the most in the NFL over that span (Eagles, Cardinals).

They currently rank dead last in yards allowed/game and tied for last in defensive EPA/play allowed.

This is the direct result of draft decisions.  So, who’s gonna kidnap Tobin and leave him in Thailand?  

We don’t have to be mean about it.  We just find him something fun to do without a passport half way across the planet.",40956.0,negative,0.062,0.85,0.087,0.0516
1ohf32v,1761576203.0,394,0.99,104,Football,"Since 2022, The Bengals have spent 10 Top 100 picks on defense, tied for the most in the NFL over that span (Eagles, Cardinals).

They currently rank dead last in yards allowed/game and tied for last in defensive EPA/play allowed.

This is the direct result of draft decisions.  Duke Tobin has been director of player personnel for the Bengals since 1999. Only one person in the NFL has served as the (de-facto) GM for their franchise longer than Dukie, that’s Jerry Jones in Dallas",40956.0,neutral,0.048,0.902,0.05,-0.4404
1ohf32v,1761587099.0,394,0.99,104,Football,"Since 2022, The Bengals have spent 10 Top 100 picks on defense, tied for the most in the NFL over that span (Eagles, Cardinals).

They currently rank dead last in yards allowed/game and tied for last in defensive EPA/play allowed.

This is the direct result of draft decisions.  My thing is - we were all screaming for Jihaad Campbell or Nick Emmanwori at our pick (the two highest graded rookies) yet the Bengals constantly fuck this up? do they not watch college football like the rest of us?",40956.0,neutral,0.11,0.819,0.071,-0.782
1ohf32v,1761623915.0,394,0.99,104,Football,"Since 2022, The Bengals have spent 10 Top 100 picks on defense, tied for the most in the NFL over that span (Eagles, Cardinals).

They currently rank dead last in yards allowed/game and tied for last in defensive EPA/play allowed.

This is the direct result of draft decisions.  Horrible drafting, horrible development, horrible coaching.",40956.0,negative,0.224,0.71,0.066,-0.9246
1ohf32v,1761576671.0,394,0.99,104,Football,"Since 2022, The Bengals have spent 10 Top 100 picks on defense, tied for the most in the NFL over that span (Eagles, Cardinals).

They currently rank dead last in yards allowed/game and tied for last in defensive EPA/play allowed.

This is the direct result of draft decisions.  Here’s an easy one. Draft Caleb Downs.",40956.0,negative,0.07,0.812,0.119,0.0
1oh27qr,1761529893.0,5712,0.98,20,Drunk,"I know Zac Taylor was at those rigged poker games, just can’t prove it yet  Lmao needed this",117553.0,negative,0.117,0.701,0.182,0.34
1oh27qr,1761530196.0,6069,0.98,20,Drunk,"I know Zac Taylor was at those rigged poker games, just can’t prove it yet  I’ve heard a rumor about that, ZT and Al Golden are part on the same gambling ring. It’s going to blow up, the NFL better investigate. We need answers.",124900.0,negative,0.055,0.881,0.064,0.1027
1oh27qr,1761529967.0,13923,0.98,20,Drunk,"I know Zac Taylor was at those rigged poker games, just can’t prove it yet  I swear on everything I love I was sayin ima calling Kash my self to report Zac Taylor and the Browns to the fbi for gambling lolz",286535.0,negative,0.081,0.746,0.173,0.7351
1oh27qr,1761530875.0,3570,0.98,20,Drunk,"I know Zac Taylor was at those rigged poker games, just can’t prove it yet  Duke tobin was there",73471.0,negative,0.128,0.872,0.0,-0.3612
1oh27qr,1761530969.0,2499,0.98,20,Drunk,"I know Zac Taylor was at those rigged poker games, just can’t prove it yet  He’d still lose even if it was rigged",51429.0,negative,0.288,0.712,0.0,-0.7717
1oh27qr,1761532103.0,1071,0.98,20,Drunk,"I know Zac Taylor was at those rigged poker games, just can’t prove it yet  Only reason he was never caught is cause he’s so bad at it he was actually losing every game",22041.0,negative,0.242,0.758,0.0,-0.8622
1oh27qr,1761530495.0,714,0.98,20,Drunk,"I know Zac Taylor was at those rigged poker games, just can’t prove it yet  ![gif](giphy|O5NyCibf93upy|downsized)",14694.0,neutral,0.166,0.834,0.0,-0.4199
1oh27qr,1761535289.0,357,0.98,20,Drunk,"I know Zac Taylor was at those rigged poker games, just can’t prove it yet  https://preview.redd.it/zjvdccctokxf1.jpeg?width=640&format=pjpg&auto=webp&s=3421b644968de27d924678a8166046801ee1bc43

Kash, he's over here!",7347.0,neutral,0.134,0.866,0.0,-0.4199
1oh27qr,1761572731.0,357,0.98,20,Drunk,"I know Zac Taylor was at those rigged poker games, just can’t prove it yet  Also there is a video of him defacing the Marty breneman statue I heard",7347.0,neutral,0.091,0.909,0.0,-0.3612
1oh27qr,1761580483.0,357,0.98,20,Drunk,"I know Zac Taylor was at those rigged poker games, just can’t prove it yet  Surprise mother*ucker!",7347.0,negative,0.148,0.741,0.111,-0.1759
1oh27qr,1761584730.0,357,0.98,20,Drunk,"I know Zac Taylor was at those rigged poker games, just can’t prove it yet  Kash needs to point one of those bug eyes to the Queen City if you ask me",7347.0,negative,0.077,0.923,0.0,-0.3612
1oh27qr,1761666557.0,357,0.98,20,Drunk,"I know Zac Taylor was at those rigged poker games, just can’t prove it yet  ![gif](giphy|8YsjVmpIpEjNKlrL3D)",7347.0,negative,0.166,0.834,0.0,-0.4199
1oh27qr,1761786024.0,357,0.98,20,Drunk,"I know Zac Taylor was at those rigged poker games, just can’t prove it yet  Nice reference! On my second Dexter rewatch, just finished season 2 this week.",7347.0,negative,0.084,0.811,0.104,0.1511
1oh0nyg,1761525566.0,40788,0.99,31,Football,Joe Burrow throwing the ball to Noah Fant on the sideline It’s honestly depressing to see Joe Burrow in this situation.  Bengals org is wasted so many years of Burrow and Chase. Fuck this teams ownership,1292164.0,negative,0.21,0.722,0.068,-0.743
1oh0nyg,1761525709.0,11948,0.99,31,Football,Joe Burrow throwing the ball to Noah Fant on the sideline It’s honestly depressing to see Joe Burrow in this situation.  I miss him even if we wouldn't have won today with him due to ass defense,378513.0,negative,0.237,0.664,0.1,-0.735
1oh0nyg,1761527078.0,10712,0.99,31,Football,"Joe Burrow throwing the ball to Noah Fant on the sideline It’s honestly depressing to see Joe Burrow in this situation.  Go home, Joe.

Save the toe until next year.",339356.0,negative,0.073,0.754,0.173,0.5574
1oh0nyg,1761605891.0,824,0.99,31,Football,Joe Burrow throwing the ball to Noah Fant on the sideline It’s honestly depressing to see Joe Burrow in this situation.  He's like that one varsity player in high school who messed up something or broke something and just does anything he can to just get his hands on a ball now.,26104.0,neutral,0.132,0.776,0.093,-0.3182
1oh0nyg,1761542093.0,618,0.99,31,Football,"Joe Burrow throwing the ball to Noah Fant on the sideline It’s honestly depressing to see Joe Burrow in this situation.  Jason White won the heisman while literally being unable to move in the pocket.

Joe please I believe in you:",19578.0,negative,0.055,0.756,0.189,0.7506
1oh0nyg,1761585687.0,206,0.99,31,Football,Joe Burrow throwing the ball to Noah Fant on the sideline It’s honestly depressing to see Joe Burrow in this situation.  Pain.,6526.0,negative,0.211,0.681,0.108,-0.4404
1oh0nyg,1761677430.0,206,0.99,31,Football,"Joe Burrow throwing the ball to Noah Fant on the sideline It’s honestly depressing to see Joe Burrow in this situation.  Poor guy.  3 of 6 years on the sidelines, and can't even make the playoffs with this team now when he is healthy. 

He'll be 30 next year, with all those injuries. He'll never be 100% again, and the Bengals have wasted his career.",6526.0,negative,0.123,0.799,0.079,-0.4939
1oh041c,1761524308.0,155330,0.84,176,Fact,Yeet this man in the Ohio River.  Tinsley should be given a shot a long time ago. Heck at this point get Burton in there and for kick return,23094464.0,negative,0.0,1.0,0.0,0.0
1oh041c,1761526887.0,154350,0.84,176,Fact,"Yeet this man in the Ohio River.  38 points in the nfl is almost always a win.  We have no defense.

I’d like to add sure, a few dropped passes aren’t great but maybe we lost the game because we gave up not 1 but 2, two point conversions.  Jets scored 23 points in the 4th? On top of 502 total yards? That might be the problem.",22948758.0,neutral,0.108,0.732,0.16,0.2313
1oh041c,1761525366.0,46060,0.84,176,Fact,Yeet this man in the Ohio River.  What is the point of Iosivas running cardio? I refuse to believe Tinsley would be worse,6848201.0,neutral,0.209,0.791,0.0,-0.6486
1oh041c,1761526704.0,34790,0.84,176,Fact,Yeet this man in the Ohio River.  Maybe the defense should stop a few scores.,5172577.0,negative,0.14,0.764,0.096,-0.1779
1oh041c,1761523832.0,79380,0.84,176,Fact,Yeet this man in the Ohio River.  We really can’t find any use for Jermaine Burton? We have to watch this bum drop 3 passes every game.,11802218.0,negative,0.077,0.923,0.0,-0.2732
1oh041c,1761524293.0,73500,0.84,176,Fact,Yeet this man in the Ohio River.  Our defense lost that game not Andre.,10927980.0,negative,0.146,0.759,0.095,-0.2023
1oh041c,1761526291.0,18130,0.84,176,Fact,Yeet this man in the Ohio River.  Where the hell is Tinsley or even Burton?,2695568.0,negative,0.247,0.753,0.0,-0.6808
1oh041c,1761530266.0,12740,0.84,176,Fact,Yeet this man in the Ohio River.  He's had his chance. Drops too many balls at the worse times.  Bench and play the next man up.,1894183.0,negative,0.102,0.754,0.144,0.0772
1oh041c,1761524202.0,18620,0.84,176,Fact,Yeet this man in the Ohio River.  Why does he even see the field? Shit is embarrassing,2768422.0,negative,0.292,0.708,0.0,-0.7351
1oh041c,1761531451.0,6370,0.84,176,Fact,Yeet this man in the Ohio River.  3 targets and 3 drops.  Got ahead and cut him,947092.0,negative,0.13,0.87,0.0,-0.2732
1oh041c,1761524861.0,22540,0.84,176,Fact,"Yeet this man in the Ohio River.  This guy is not at fault, it’s our defense. For all we know he could’ve made the catch and McPherson miss the field goal. How does defense just keep getting worse seriously. Our offense ain’t the best but at least they can figure it out. Our defense, clueless",3351247.0,neutral,0.15,0.715,0.135,-0.2432
1oh041c,1761524909.0,17640,0.84,176,Fact,Yeet this man in the Ohio River.  Getting no targets in the game until crunch time probably doesn't help a guy,2622715.0,negative,0.199,0.801,0.0,-0.5358
1oh041c,1761536990.0,2940,0.84,176,Fact,"Yeet this man in the Ohio River.  https://preview.redd.it/21tuigcttkxf1.jpeg?width=1046&format=pjpg&auto=webp&s=84079f89a446ffe5deac5f3f448c687fbc9fd62c

It's all downhill from here.",437119.0,negative,0.0,1.0,0.0,0.0
1oh041c,1761524143.0,29400,0.84,176,Fact,"Yeet this man in the Ohio River.  If Yoshi dropping passes after the O has already put up 38 but needs 41 because the defense is ass is your first priority, idk what to tell you. There should never have been a scenario where we *need* our WR3 to save a game.",4371192.0,neutral,0.111,0.784,0.105,-0.0772
1oh041c,1761538350.0,1960,0.84,176,Fact,Yeet this man in the Ohio River.  Start Tinsley instead.,291413.0,neutral,0.0,1.0,0.0,0.0
1oh041c,1761543382.0,2450,0.84,176,Fact,Yeet this man in the Ohio River.  The focus should only be on the defense. Sure Yoshi has been terrible but it should have never been up to him to win the game.,364266.0,neutral,0.052,0.741,0.207,0.7227
1oh041c,1761525900.0,3920,0.84,176,Fact,Yeet this man in the Ohio River.  Why do we keep playing him when tinsley has proved himself,582826.0,negative,0.0,0.904,0.096,0.2023
1oh041c,1761523922.0,5880,0.84,176,Fact,Yeet this man in the Ohio River.  I need that jermaine redemption arc,874238.0,negative,0.0,1.0,0.0,0.0
1oh041c,1761546176.0,2450,0.84,176,Fact,Yeet this man in the Ohio River.  Play Tinsley!!,364266.0,neutral,0.0,0.728,0.272,0.4559
1oh041c,1761568139.0,2450,0.84,176,Fact,Yeet this man in the Ohio River.  Scapegoat for bad defense,364266.0,neutral,0.395,0.51,0.096,-0.6908
1ogzqze,1761522754.0,360360,0.98,212,Fandom,"Bengals' Taylor calls out defense after giving up 39 points to Jets “I just want to see someone step up and lead the defense”

THAT SOUNDS LIKE YOUR JOB ZACHARY Sure, but the loss is on you buddy. You had 1:30 and 3 timeouts to get into field goal range for McPherson, who hit a 67 yarder against the Packers. Pretty difficult to fuck that up, but guess what.",75221546.0,neutral,0.135,0.715,0.15,-0.4183
1ogzqze,1761522866.0,201600,0.98,212,Fandom,"Bengals' Taylor calls out defense after giving up 39 points to Jets “I just want to see someone step up and lead the defense”

THAT SOUNDS LIKE YOUR JOB ZACHARY If only there was someone in charge of coaching that we could identify as the source of all our ailments.",42081984.0,negative,0.0,0.845,0.155,0.7531
1ogzqze,1761522660.0,177660,0.98,212,Fandom,"Bengals' Taylor calls out defense after giving up 39 points to Jets “I just want to see someone step up and lead the defense”

THAT SOUNDS LIKE YOUR JOB ZACHARY I find it unbelievable that he had the audacity to get up there and call the defense leaderless when he is the COACH responsible for identifying and developing leaders on the defense. 

Not only that, but he (directly or indirectly through Al) undermined the leadership structure on the defense by benching Logan Wilson for a rookie.",37084748.0,neutral,0.036,0.815,0.149,0.5051
1ogzqze,1761522997.0,61110,0.98,212,Fandom,"Bengals' Taylor calls out defense after giving up 39 points to Jets “I just want to see someone step up and lead the defense”

THAT SOUNDS LIKE YOUR JOB ZACHARY The problem is that he takes direct responsibility for the offense (often calling it “we” and “us”) and treats the defense as a separate unit outside of his control.  This is what happens when you have a coach who calls the offense’s plays and doesn’t run the whole f’n team.  After his ass gets canned, he can go be an OC somewhere - the only job he deserves.",12756101.0,negative,0.077,0.81,0.112,0.186
1ogzqze,1761522825.0,45360,0.98,212,Fandom,"Bengals' Taylor calls out defense after giving up 39 points to Jets “I just want to see someone step up and lead the defense”

THAT SOUNDS LIKE YOUR JOB ZACHARY Goodbye zac",9468446.0,negative,0.0,0.769,0.231,0.7531
1ogzqze,1761523898.0,17010,0.98,212,Fandom,"Bengals' Taylor calls out defense after giving up 39 points to Jets “I just want to see someone step up and lead the defense”

THAT SOUNDS LIKE YOUR JOB ZACHARY Bro, if you want avoid blame for the defensive side of the ball, go be an OC. You are the head coach. 

Besides, even if you want to go that route and “he can only control the offense,” how many times have we had the ball in our hands in the past year and a half with a chance to win and blown it? How many of Zac’s coached “game winning drives” in his career have even gotten past midfield? Why does the offense implode so often when it’s time to go win the game or salt it away? It’s past time to get off the Zac train. It’s just not good enough.",3550667.0,neutral,0.056,0.784,0.16,0.9283
1ogzqze,1761523457.0,11970,0.98,212,Fandom,"Bengals' Taylor calls out defense after giving up 39 points to Jets “I just want to see someone step up and lead the defense”

THAT SOUNDS LIKE YOUR JOB ZACHARY Zac knows he is the HC right and not the OC,  the defense is also his responsibility",2498618.0,negative,0.0,0.809,0.191,0.7865
1ogzqze,1761523501.0,34020,0.98,212,Fandom,"Bengals' Taylor calls out defense after giving up 39 points to Jets “I just want to see someone step up and lead the defense”

THAT SOUNDS LIKE YOUR JOB ZACHARY Tobin is the guy who has to go",7101335.0,negative,0.0,0.801,0.199,0.7531
1ogzqze,1761523851.0,11340,0.98,212,Fandom,"Bengals' Taylor calls out defense after giving up 39 points to Jets “I just want to see someone step up and lead the defense”

THAT SOUNDS LIKE YOUR JOB ZACHARY Every time I hear "" flag down in the secondary "", it's always, always, "" number  twenty-nine""",2367112.0,neutral,0.0,0.8,0.2,0.7739
1ogzqze,1761523321.0,19530,0.98,212,Fandom,"Bengals' Taylor calls out defense after giving up 39 points to Jets “I just want to see someone step up and lead the defense”

THAT SOUNDS LIKE YOUR JOB ZACHARY This is something you say to the players. Not the public, my god.",4076692.0,negative,0.0,0.783,0.217,0.8192
1ogzqze,1761523126.0,23940,0.98,212,Fandom,"Bengals' Taylor calls out defense after giving up 39 points to Jets “I just want to see someone step up and lead the defense”

THAT SOUNDS LIKE YOUR JOB ZACHARY This dude has lost the team and he knows it and is now flailing trying to save his own stature. Dude is cooked. He’ll get to be the coach because Bengals but this team no longer gives a shit abojt him with how badly he has fucking fumbled year after year and they’ve saved his ass every single time.",4997236.0,neutral,0.17,0.718,0.112,-0.8816
1ogzqze,1761523144.0,17010,0.98,212,Fandom,"Bengals' Taylor calls out defense after giving up 39 points to Jets “I just want to see someone step up and lead the defense”

THAT SOUNDS LIKE YOUR JOB ZACHARY EVERY TIME IT'S SOMEONE ELSES FAULT

Bro I'm sick of this guy",3550667.0,negative,0.132,0.704,0.165,-0.0772
1ogzqze,1761523687.0,5670,0.98,212,Fandom,"Bengals' Taylor calls out defense after giving up 39 points to Jets “I just want to see someone step up and lead the defense”

THAT SOUNDS LIKE YOUR JOB ZACHARY Bengals fans call out Coach Taylor, no change expected.",1183556.0,negative,0.049,0.762,0.189,0.6408
1ogzqze,1761523792.0,4410,0.98,212,Fandom,"Bengals' Taylor calls out defense after giving up 39 points to Jets “I just want to see someone step up and lead the defense”

THAT SOUNDS LIKE YOUR JOB ZACHARY I mean, yeah man - the defense was horrific today.  You know who else was?  You, Zac.  You.  You're always quite bad with the play calls and the decision making and today was no different.",920543.0,negative,0.133,0.68,0.186,0.0361
1ogzqze,1761526641.0,5040,0.98,212,Fandom,"Bengals' Taylor calls out defense after giving up 39 points to Jets “I just want to see someone step up and lead the defense”

THAT SOUNDS LIKE YOUR JOB ZACHARY Nevermind that the Bengals had the ball with 7 minutes left and a lead and Zac called 3 straight passes that ended in a 3 & out.",1052050.0,neutral,0.0,0.817,0.183,0.8091
1ogzqze,1761526739.0,5040,0.98,212,Fandom,"Bengals' Taylor calls out defense after giving up 39 points to Jets “I just want to see someone step up and lead the defense”

THAT SOUNDS LIKE YOUR JOB ZACHARY Something Zac never does is take responsibility. He almost always puts losses on the players. He always says something like “we just didn’t make plays”. It’s never “my gameplan was off, I should’ve called this or done that”. He never owns anything. It’s always someone else or some other external factor unrelated to him.",1052050.0,negative,0.027,0.852,0.121,0.7577
1ogzqze,1761527416.0,3150,0.98,212,Fandom,"Bengals' Taylor calls out defense after giving up 39 points to Jets “I just want to see someone step up and lead the defense”

THAT SOUNDS LIKE YOUR JOB ZACHARY Fuck Taylor.  I don’t care how this season ends, he needs to be fired.",657531.0,negative,0.13,0.658,0.213,0.368
1ogzqze,1761523351.0,6300,0.98,212,Fandom,"Bengals' Taylor calls out defense after giving up 39 points to Jets “I just want to see someone step up and lead the defense”

THAT SOUNDS LIKE YOUR JOB ZACHARY >I think someone needs to step up and lead the group,” Taylor said of his defense. “That's what I'm waiting to see. Someone step up and lead the group and take some accountability over there,

lol",1315062.0,negative,0.0,0.825,0.175,0.8668
1ogzqze,1761523916.0,2520,0.98,212,Fandom,"Bengals' Taylor calls out defense after giving up 39 points to Jets “I just want to see someone step up and lead the defense”

THAT SOUNDS LIKE YOUR JOB ZACHARY This game was embarrassing",526025.0,negative,0.065,0.724,0.211,0.5904
1ogzqze,1761525682.0,3780,0.98,212,Fandom,"Bengals' Taylor calls out defense after giving up 39 points to Jets “I just want to see someone step up and lead the defense”

THAT SOUNDS LIKE YOUR JOB ZACHARY Bro, you fired Lou and hired your guy. You’re on the hook for this one.",789037.0,negative,0.069,0.769,0.162,0.4278
1ogyrv6,1761520096.0,825517,0.98,134,Spicy,"Jamarr Chase on the blown leads- ""Idk that's a Zach question. Ask Zach that"" Per Ben Baby on Instagram Reels  He’s right. Ja’Marr doesn’t call the plays or have anything to do with defense.

Foot off the gas pedal.",109215899.0,negative,0.035,0.877,0.088,0.2732
1ogyrv6,1761520077.0,336126,0.98,134,Spicy,"Jamarr Chase on the blown leads- ""Idk that's a Zach question. Ask Zach that"" Per Ben Baby on Instagram Reels  We've heard that quote from Chase before and it's the deserved answer every time.",44469470.0,negative,0.042,0.958,0.0,-0.1027
1ogyrv6,1761520014.0,387919,0.98,134,Spicy,"Jamarr Chase on the blown leads- ""Idk that's a Zach question. Ask Zach that"" Per Ben Baby on Instagram Reels  Ruh roh he’s losing the locker room",51321684.0,neutral,0.143,0.857,0.0,-0.4588
1ogyrv6,1761520220.0,254737,0.98,134,Spicy,"Jamarr Chase on the blown leads- ""Idk that's a Zach question. Ask Zach that"" Per Ben Baby on Instagram Reels  We all know it's not the offense, Chase is doing his part and then some...ZT is a generational flop with generational talent on this team.",33701705.0,negative,0.08,0.824,0.096,0.1877
1ogyrv6,1761521043.0,29596,0.98,134,Spicy,"Jamarr Chase on the blown leads- ""Idk that's a Zach question. Ask Zach that"" Per Ben Baby on Instagram Reels  That’s the correct answer to the question.  Anything else and the media in other markets would look to make up a story that would only further damage a broken team",3915551.0,negative,0.149,0.851,0.0,-0.7717
1ogyrv6,1761520733.0,94073,0.98,134,Spicy,"Jamarr Chase on the blown leads- ""Idk that's a Zach question. Ask Zach that"" Per Ben Baby on Instagram Reels  https://preview.redd.it/h3nq1f7jhjxf1.jpeg?width=677&format=pjpg&auto=webp&s=afb1541e697a72b3d62f1f42d2627486c43a9297",12445858.0,negative,0.069,0.931,0.0,-0.1027
1ogyrv6,1761520270.0,46508,0.98,134,Spicy,"Jamarr Chase on the blown leads- ""Idk that's a Zach question. Ask Zach that"" Per Ben Baby on Instagram Reels  Haha fuck Zac",6153008.0,negative,0.182,0.706,0.112,-0.2263
1ogyrv6,1761521278.0,41223,0.98,134,Spicy,"Jamarr Chase on the blown leads- ""Idk that's a Zach question. Ask Zach that"" Per Ben Baby on Instagram Reels  One thing about Ja’Marr is he will always give you a straight honest answer about how he’s feeling. Although I would amend his answer to ask Duke Tobin with all his failed free agent and draft pick decisions on defense. Changed out the coach with basically the same personnel and expecting different results. Who would have thought maybe it’s the players that are just bad. This team can’t even do the basic fundamentals of tackling and they take the poorest angles I’ve ever seen. If Zac is gone after this year and Duke Tobin is trusted to fix the roster that he made I have no faith in him that he will fix it.",5453803.0,negative,0.093,0.79,0.117,0.3612
1ogyrv6,1761520116.0,60249,0.98,134,Spicy,"Jamarr Chase on the blown leads- ""Idk that's a Zach question. Ask Zach that"" Per Ben Baby on Instagram Reels  Fire Taylor.",7970943.0,negative,0.167,0.833,0.0,-0.4215
1ogyrv6,1761521644.0,14798,0.98,134,Spicy,"Jamarr Chase on the blown leads- ""Idk that's a Zach question. Ask Zach that"" Per Ben Baby on Instagram Reels  FIRE TOBIN",1957775.0,negative,0.193,0.807,0.0,-0.5473
1ogyrv6,1761521926.0,14798,0.98,134,Spicy,"Jamarr Chase on the blown leads- ""Idk that's a Zach question. Ask Zach that"" Per Ben Baby on Instagram Reels  It’s crazy that Zac can blame the players for his shit play calling but people are going to look down on Ja’marr for saying this. Ja’marr isn’t wrong, he knows he’s doing his part.",1957775.0,negative,0.185,0.787,0.028,-0.81
1ogyrv6,1761522208.0,12684,0.98,134,Spicy,"Jamarr Chase on the blown leads- ""Idk that's a Zach question. Ask Zach that"" Per Ben Baby on Instagram Reels  Zac needed to be cut last year. You can't lead this team period...",1678093.0,negative,0.104,0.896,0.0,-0.3612
1ogyrv6,1761521362.0,26425,0.98,134,Spicy,"Jamarr Chase on the blown leads- ""Idk that's a Zach question. Ask Zach that"" Per Ben Baby on Instagram Reels  It’s how many years and we are still calling him Zach and Zack. Lol",3496028.0,negative,0.04,0.881,0.08,0.34
1ogyrv6,1761521179.0,31710,0.98,134,Spicy,"Jamarr Chase on the blown leads- ""Idk that's a Zach question. Ask Zach that"" Per Ben Baby on Instagram Reels  Today ZT left Paycor unscathed and that’s a fucking shame.",4195233.0,negative,0.156,0.844,0.0,-0.5849
1ogyrv6,1761521771.0,12684,0.98,134,Spicy,"Jamarr Chase on the blown leads- ""Idk that's a Zach question. Ask Zach that"" Per Ben Baby on Instagram Reels  Al Golden gets a lot of blame too.

He makes Lou look like a genius.",1678093.0,negative,0.108,0.822,0.071,-0.0772
1ogyrv6,1761522923.0,6342,0.98,134,Spicy,"Jamarr Chase on the blown leads- ""Idk that's a Zach question. Ask Zach that"" Per Ben Baby on Instagram Reels  Good point the finger where it should be FINALLY",839047.0,negative,0.046,0.858,0.096,0.3612
1ogyrv6,1761521587.0,10570,0.98,134,Spicy,"Jamarr Chase on the blown leads- ""Idk that's a Zach question. Ask Zach that"" Per Ben Baby on Instagram Reels  https://preview.redd.it/msgrqx32kjxf1.jpeg?width=1290&format=pjpg&auto=webp&s=faea0234a3bb1be7a2b09e8beb0c3f38efd6e181

Zac Taylor",1398411.0,negative,0.062,0.938,0.0,-0.1027
1ogyrv6,1761522816.0,3171,0.98,134,Spicy,"Jamarr Chase on the blown leads- ""Idk that's a Zach question. Ask Zach that"" Per Ben Baby on Instagram Reels  The game really should have been over.",419523.0,negative,0.053,0.947,0.0,-0.1027
1ogyrv6,1761521381.0,3171,0.98,134,Spicy,"Jamarr Chase on the blown leads- ""Idk that's a Zach question. Ask Zach that"" Per Ben Baby on Instagram Reels  This whole team needs to mutiny. Just start laying into the coaching staff and shut the ownership. Neither group puts them into a position to win.",419523.0,negative,0.03,0.89,0.081,0.5267
1ogyrv6,1761526451.0,3171,0.98,134,Spicy,"Jamarr Chase on the blown leads- ""Idk that's a Zach question. Ask Zach that"" Per Ben Baby on Instagram Reels  Read: Fire this guy.",419523.0,negative,0.153,0.847,0.0,-0.4215
1ogy9pu,1761518853.0,7200,0.98,10,Drunk,Wasn’t planning on drinking that much today  Take a shot for every missed tackle by the Bengals defense,77616.0,negative,0.118,0.802,0.08,-0.1779
1ogy9pu,1761521876.0,1400,0.98,10,Drunk,Wasn’t planning on drinking that much today  wasn't planning on it either but after that 4th quarter my nerves are shot lmao.,15092.0,negative,0.059,0.742,0.199,0.6956
1ogy9pu,1761519839.0,1000,0.98,10,Drunk,Wasn’t planning on drinking that much today  ![gif](giphy|S3WRQ2m3Mu9IVMEl0e),10780.0,negative,0.0,1.0,0.0,0.0
1ogy9pu,1761519135.0,600,0.98,10,Drunk,Wasn’t planning on drinking that much today  You’ll end up in the ER.,6468.0,negative,0.0,1.0,0.0,0.0
1ogy9pu,1761527458.0,800,0.98,10,Drunk,Wasn’t planning on drinking that much today  Why is this meme in HD?,8624.0,neutral,0.0,1.0,0.0,0.0
1ogy9pu,1761636388.0,200,0.98,10,Drunk,Wasn’t planning on drinking that much today  I was in disbelief after that shit,2156.0,neutral,0.231,0.769,0.0,-0.5574
1ogy9jt,1761518920.0,28764,0.94,50,Drunk,Please Save of from the bad man That is all The fact we cannot get pressure from the defensive line is crazy. Not a single sack in 2 games and Shemar out there tripping over himself.,1378946.0,neutral,0.139,0.661,0.2,0.1501
1ogy9jt,1761519374.0,19458,0.94,50,Drunk,Please Save of from the bad man That is all https://preview.redd.it/9fviovphdjxf1.jpeg?width=1080&format=pjpg&auto=webp&s=cea7a7ddeceb10741328d25590e22b426e98777b,932817.0,neutral,0.206,0.471,0.324,0.25
1ogy9jt,1761519746.0,12690,0.94,50,Drunk,"Please Save of from the bad man That is all Yes Zac is bad, but Tobin is the true failure. They have no talent on defense.",608359.0,neutral,0.276,0.376,0.347,0.25
1ogy9jt,1761519547.0,10575,0.94,50,Drunk,Please Save of from the bad man That is all I have 0 confidence they will hire someone better.,506966.0,neutral,0.129,0.441,0.43,0.802
1ogy9jt,1761518649.0,5076,0.94,50,Drunk,Please Save of from the bad man That is all Us* not of oof,243343.0,neutral,0.175,0.55,0.275,0.25
1ogy9jt,1761520595.0,4653,0.94,50,Drunk,Please Save of from the bad man That is all He’s not a bad man… just a bad head coach,223065.0,neutral,0.362,0.448,0.19,-0.7184
1ogy9jt,1761521322.0,2961,0.94,50,Drunk,"Please Save of from the bad man That is all 3 guarantees in life, death, taxes, and this picture popping up at some point in the year",141950.0,neutral,0.212,0.63,0.158,-0.4404
1ogy9jt,1761520036.0,2961,0.94,50,Drunk,Please Save of from the bad man That is all It’s funny because he’s a clown and we’re a joke!,141950.0,neutral,0.128,0.475,0.398,0.75
1ogy9jt,1761520783.0,2115,0.94,50,Drunk,"Please Save of from the bad man That is all The Jets head coach made some of the dumbest mistakes I’ve seen in a while.

The Jets gave the Bengals a free 7 points in the first quarter.",101393.0,negative,0.197,0.616,0.187,-0.128
1ogy9jt,1761520494.0,2538,0.94,50,Drunk,"Please Save of from the bad man That is all This franchise needs the mother of all reboots. 

Clean house.  Shake some trees.  Start with Whoever is in charge of personnel. The defense is one of the worst we’ve ever seen. That doesn’t happen overnight (absent a ton of injuries). 

Oh, on a related note, actually fix the defensive issues. That’s the real challenge for this franchise at the moment.  

Is there a different scheme the DC could use?  Maybe simplify what he’s trying to do as well?  Until the talent level improves, that’s the ONLY hope this team has of winning.",121672.0,neutral,0.077,0.704,0.219,0.9211
1ogy9jt,1761531213.0,1692,0.94,50,Drunk,Please Save of from the bad man That is all ![gif](giphy|VgrHjbb9AXwxVssBBl),81114.0,negative,0.202,0.463,0.335,0.3164
1ogy9jt,1761521530.0,846,0.94,50,Drunk,"Please Save of from the bad man That is all when the jets where down 6, his playcalling was trash in the 4th.",40557.0,neutral,0.121,0.69,0.19,0.25
1ogy9jt,1761521678.0,846,0.94,50,Drunk,"Please Save of from the bad man That is all Three Touchdowns !  3 Touchdowns in the 4th Quarter !!??  12 minutes to shut the door but The Lazy Bengal Coaching Staff take the last quarter off. I am so disappointed  21 Points from a team that is 1-7 !  In the last Quarter !  How about a little effort here ?  Who was driving the ship ?  It wasn't the Defense.  

A Marvel This crew isn't in the FBI's sights, so sad.",40557.0,neutral,0.252,0.707,0.041,-0.9698
1ogy9jt,1761521851.0,846,0.94,50,Drunk,Please Save of from the bad man That is all Throw his ass in a pit,40557.0,neutral,0.298,0.468,0.234,-0.3612
1ogy9jt,1761522077.0,846,0.94,50,Drunk,Please Save of from the bad man That is all Ahh welcome back clown Taylor,40557.0,neutral,0.152,0.478,0.37,0.6124
1ogy9jt,1761565286.0,846,0.94,50,Drunk,"Please Save of from the bad man That is all Everytime he's asked how we possibly lost he's out there like:

![gif](giphy|7Eipor01ypMm3LeG4v|downsized)",40557.0,neutral,0.187,0.547,0.267,0.3595
1ogy9jt,1761571111.0,846,0.94,50,Drunk,"Please Save of from the bad man That is all His brilliant analysis of what needs to be fixed - “we just need someone to step up and make a play.”

Great coaching. 😡

Then he said this is “humbling.”  No, it’s humiliating.",40557.0,neutral,0.145,0.608,0.247,0.7579
1ogy9jt,1761575350.0,846,0.94,50,Drunk,Please Save of from the bad man That is all Marvin Lewis fired Teryl Austin in season.Why is Golden not fired?,40557.0,neutral,0.332,0.497,0.171,-0.7351
1ogy9jt,1761520912.0,423,0.94,50,Drunk,Please Save of from the bad man That is all Just a reminder that this petition exists: https://chng.it/S2yYYwKXfx,20279.0,neutral,0.152,0.609,0.239,0.25
1ogy9jt,1761521183.0,423,0.94,50,Drunk,Please Save of from the bad man That is all Zac loves to jeopardize Joe's in his team first Burrow now Flacco,20279.0,neutral,0.114,0.586,0.3,0.6908
1ogy5if,1761518790.0,258390,0.97,206,Fandom,"Zac Taylor, for lack of a better word, is a loser I'm not even mad about today's loss. It was inevitable. I'm done being mad about Zac Taylor led teams. We cannot expect to win with this guy. He's a loser, plain and simple. 

His career record is under .500. A career which has had Joe Burrow for 6 years and Ja'Marr Chase for 5 years. Before Joe Burrow saved his ass he was 6-25-1 through his first 2 seasons. He constantly loses in September. He constantly has his teams playing down to inferior opponents. 

Think back to 2021-2022 and both playoff runs.  We had 1 good game (against Buffalo). The others wins were grinds where the other team made a mistake.  The Super Bowl final drive was a spotlight on his ineptitude when he had 2nd and 1 and threw deep when extending the game was all that mattered.  Same as today when you're up by 6 with time becoming an issue and he throws 3 times while his run game is cooking.  

He is completely unaware of game dynamics. He doesn't seem prepared and he never evolves. Loser mentality.  

Aaron Glenn made every wrong decision today and Zac somehow bailed him out.  That team we lost to today is one of the worst of the decade and they didn't have two of their best players. Swap rosters with Mike Vrabel (or any other decent coach) and the records are the same.  

We will never be in the playoffs with this guy again. The league has his number. Thanks for not crashing the car for those two years but we've been in wreck after wreck since and it will not get better.  keep Flacco to mentor burrow and tank so we can get Taylor fired and upgrade the defense with an actual top talent",51882128.0,negative,0.117,0.774,0.109,-0.5646
1ogy5if,1761519131.0,123849,0.97,206,Fandom,"Zac Taylor, for lack of a better word, is a loser I'm not even mad about today's loss. It was inevitable. I'm done being mad about Zac Taylor led teams. We cannot expect to win with this guy. He's a loser, plain and simple. 

His career record is under .500. A career which has had Joe Burrow for 6 years and Ja'Marr Chase for 5 years. Before Joe Burrow saved his ass he was 6-25-1 through his first 2 seasons. He constantly loses in September. He constantly has his teams playing down to inferior opponents. 

Think back to 2021-2022 and both playoff runs.  We had 1 good game (against Buffalo). The others wins were grinds where the other team made a mistake.  The Super Bowl final drive was a spotlight on his ineptitude when he had 2nd and 1 and threw deep when extending the game was all that mattered.  Same as today when you're up by 6 with time becoming an issue and he throws 3 times while his run game is cooking.  

He is completely unaware of game dynamics. He doesn't seem prepared and he never evolves. Loser mentality.  

Aaron Glenn made every wrong decision today and Zac somehow bailed him out.  That team we lost to today is one of the worst of the decade and they didn't have two of their best players. Swap rosters with Mike Vrabel (or any other decent coach) and the records are the same.  

We will never be in the playoffs with this guy again. The league has his number. Thanks for not crashing the car for those two years but we've been in wreck after wreck since and it will not get better.  Thing is we’re having the exact same outcome today with a healthy Joe Burrow. 

I’ve never seen a defense look so bad, across 2 seasons with 2 different coaches. 40 points put up and we lose to a team without a win. 

The meme is real",24867641.0,neutral,0.136,0.773,0.09,-0.9456
1ogy5if,1761518840.0,27621,0.97,206,Fandom,"Zac Taylor, for lack of a better word, is a loser I'm not even mad about today's loss. It was inevitable. I'm done being mad about Zac Taylor led teams. We cannot expect to win with this guy. He's a loser, plain and simple. 

His career record is under .500. A career which has had Joe Burrow for 6 years and Ja'Marr Chase for 5 years. Before Joe Burrow saved his ass he was 6-25-1 through his first 2 seasons. He constantly loses in September. He constantly has his teams playing down to inferior opponents. 

Think back to 2021-2022 and both playoff runs.  We had 1 good game (against Buffalo). The others wins were grinds where the other team made a mistake.  The Super Bowl final drive was a spotlight on his ineptitude when he had 2nd and 1 and threw deep when extending the game was all that mattered.  Same as today when you're up by 6 with time becoming an issue and he throws 3 times while his run game is cooking.  

He is completely unaware of game dynamics. He doesn't seem prepared and he never evolves. Loser mentality.  

Aaron Glenn made every wrong decision today and Zac somehow bailed him out.  That team we lost to today is one of the worst of the decade and they didn't have two of their best players. Swap rosters with Mike Vrabel (or any other decent coach) and the records are the same.  

We will never be in the playoffs with this guy again. The league has his number. Thanks for not crashing the car for those two years but we've been in wreck after wreck since and it will not get better.  Dude is a teenager with keys to a Porsche and shitty parents. He has no clue, nor does the front office.",5546021.0,neutral,0.127,0.785,0.087,-0.9201
1ogy5if,1761518625.0,182655,0.97,206,Fandom,"Zac Taylor, for lack of a better word, is a loser I'm not even mad about today's loss. It was inevitable. I'm done being mad about Zac Taylor led teams. We cannot expect to win with this guy. He's a loser, plain and simple. 

His career record is under .500. A career which has had Joe Burrow for 6 years and Ja'Marr Chase for 5 years. Before Joe Burrow saved his ass he was 6-25-1 through his first 2 seasons. He constantly loses in September. He constantly has his teams playing down to inferior opponents. 

Think back to 2021-2022 and both playoff runs.  We had 1 good game (against Buffalo). The others wins were grinds where the other team made a mistake.  The Super Bowl final drive was a spotlight on his ineptitude when he had 2nd and 1 and threw deep when extending the game was all that mattered.  Same as today when you're up by 6 with time becoming an issue and he throws 3 times while his run game is cooking.  

He is completely unaware of game dynamics. He doesn't seem prepared and he never evolves. Loser mentality.  

Aaron Glenn made every wrong decision today and Zac somehow bailed him out.  That team we lost to today is one of the worst of the decade and they didn't have two of their best players. Swap rosters with Mike Vrabel (or any other decent coach) and the records are the same.  

We will never be in the playoffs with this guy again. The league has his number. Thanks for not crashing the car for those two years but we've been in wreck after wreck since and it will not get better.  Mike Brown, for lack of a better word, is a loser. 

Sell the team. Burn it all to the ground.",36675297.0,negative,0.126,0.775,0.099,-0.8442
1ogy5if,1761518925.0,56133,0.97,206,Fandom,"Zac Taylor, for lack of a better word, is a loser I'm not even mad about today's loss. It was inevitable. I'm done being mad about Zac Taylor led teams. We cannot expect to win with this guy. He's a loser, plain and simple. 

His career record is under .500. A career which has had Joe Burrow for 6 years and Ja'Marr Chase for 5 years. Before Joe Burrow saved his ass he was 6-25-1 through his first 2 seasons. He constantly loses in September. He constantly has his teams playing down to inferior opponents. 

Think back to 2021-2022 and both playoff runs.  We had 1 good game (against Buffalo). The others wins were grinds where the other team made a mistake.  The Super Bowl final drive was a spotlight on his ineptitude when he had 2nd and 1 and threw deep when extending the game was all that mattered.  Same as today when you're up by 6 with time becoming an issue and he throws 3 times while his run game is cooking.  

He is completely unaware of game dynamics. He doesn't seem prepared and he never evolves. Loser mentality.  

Aaron Glenn made every wrong decision today and Zac somehow bailed him out.  That team we lost to today is one of the worst of the decade and they didn't have two of their best players. Swap rosters with Mike Vrabel (or any other decent coach) and the records are the same.  

We will never be in the playoffs with this guy again. The league has his number. Thanks for not crashing the car for those two years but we've been in wreck after wreck since and it will not get better.  The man threw on a drive we should’ve been running and then wasted a down on our last drive by running the ball. He’s always been this bad at play calling.",11270945.0,negative,0.129,0.778,0.093,-0.923
1ogy5if,1761519215.0,16038,0.97,206,Fandom,"Zac Taylor, for lack of a better word, is a loser I'm not even mad about today's loss. It was inevitable. I'm done being mad about Zac Taylor led teams. We cannot expect to win with this guy. He's a loser, plain and simple. 

His career record is under .500. A career which has had Joe Burrow for 6 years and Ja'Marr Chase for 5 years. Before Joe Burrow saved his ass he was 6-25-1 through his first 2 seasons. He constantly loses in September. He constantly has his teams playing down to inferior opponents. 

Think back to 2021-2022 and both playoff runs.  We had 1 good game (against Buffalo). The others wins were grinds where the other team made a mistake.  The Super Bowl final drive was a spotlight on his ineptitude when he had 2nd and 1 and threw deep when extending the game was all that mattered.  Same as today when you're up by 6 with time becoming an issue and he throws 3 times while his run game is cooking.  

He is completely unaware of game dynamics. He doesn't seem prepared and he never evolves. Loser mentality.  

Aaron Glenn made every wrong decision today and Zac somehow bailed him out.  That team we lost to today is one of the worst of the decade and they didn't have two of their best players. Swap rosters with Mike Vrabel (or any other decent coach) and the records are the same.  

We will never be in the playoffs with this guy again. The league has his number. Thanks for not crashing the car for those two years but we've been in wreck after wreck since and it will not get better.  3 Time Outs in our pocket and after the 2 minute warning and he just burns the clock out and has us run on 3 and long. What competent head coach does that?",3220270.0,neutral,0.11,0.796,0.094,-0.6756
1ogy5if,1761518690.0,13365,0.97,206,Fandom,"Zac Taylor, for lack of a better word, is a loser I'm not even mad about today's loss. It was inevitable. I'm done being mad about Zac Taylor led teams. We cannot expect to win with this guy. He's a loser, plain and simple. 

His career record is under .500. A career which has had Joe Burrow for 6 years and Ja'Marr Chase for 5 years. Before Joe Burrow saved his ass he was 6-25-1 through his first 2 seasons. He constantly loses in September. He constantly has his teams playing down to inferior opponents. 

Think back to 2021-2022 and both playoff runs.  We had 1 good game (against Buffalo). The others wins were grinds where the other team made a mistake.  The Super Bowl final drive was a spotlight on his ineptitude when he had 2nd and 1 and threw deep when extending the game was all that mattered.  Same as today when you're up by 6 with time becoming an issue and he throws 3 times while his run game is cooking.  

He is completely unaware of game dynamics. He doesn't seem prepared and he never evolves. Loser mentality.  

Aaron Glenn made every wrong decision today and Zac somehow bailed him out.  That team we lost to today is one of the worst of the decade and they didn't have two of their best players. Swap rosters with Mike Vrabel (or any other decent coach) and the records are the same.  

We will never be in the playoffs with this guy again. The league has his number. Thanks for not crashing the car for those two years but we've been in wreck after wreck since and it will not get better.  Not only that, but the team reflects his loser mentality. Good teams, winning teams, find ways to win games when things aren’t perfect. Bad, losing teams find ways to lose games even when things are going well.

This team has found new ways damn near every week to lose. The entire franchise from top to bottom is covered in losing. This team deserves to lose every game.",2683558.0,neutral,0.168,0.717,0.115,-0.9702
1ogy5if,1761519785.0,10692,0.97,206,Fandom,"Zac Taylor, for lack of a better word, is a loser I'm not even mad about today's loss. It was inevitable. I'm done being mad about Zac Taylor led teams. We cannot expect to win with this guy. He's a loser, plain and simple. 

His career record is under .500. A career which has had Joe Burrow for 6 years and Ja'Marr Chase for 5 years. Before Joe Burrow saved his ass he was 6-25-1 through his first 2 seasons. He constantly loses in September. He constantly has his teams playing down to inferior opponents. 

Think back to 2021-2022 and both playoff runs.  We had 1 good game (against Buffalo). The others wins were grinds where the other team made a mistake.  The Super Bowl final drive was a spotlight on his ineptitude when he had 2nd and 1 and threw deep when extending the game was all that mattered.  Same as today when you're up by 6 with time becoming an issue and he throws 3 times while his run game is cooking.  

He is completely unaware of game dynamics. He doesn't seem prepared and he never evolves. Loser mentality.  

Aaron Glenn made every wrong decision today and Zac somehow bailed him out.  That team we lost to today is one of the worst of the decade and they didn't have two of their best players. Swap rosters with Mike Vrabel (or any other decent coach) and the records are the same.  

We will never be in the playoffs with this guy again. The league has his number. Thanks for not crashing the car for those two years but we've been in wreck after wreck since and it will not get better.  Facts. Tobin and ZT need to be fired and replaced. They need a real GM at the helm who can evaluate talent without external pressure, and builds a team to actually win. 

Call me if u need me Bengals I'm waiting",2146847.0,neutral,0.122,0.779,0.099,-0.8547
1ogy5if,1761519201.0,34749,0.97,206,Fandom,"Zac Taylor, for lack of a better word, is a loser I'm not even mad about today's loss. It was inevitable. I'm done being mad about Zac Taylor led teams. We cannot expect to win with this guy. He's a loser, plain and simple. 

His career record is under .500. A career which has had Joe Burrow for 6 years and Ja'Marr Chase for 5 years. Before Joe Burrow saved his ass he was 6-25-1 through his first 2 seasons. He constantly loses in September. He constantly has his teams playing down to inferior opponents. 

Think back to 2021-2022 and both playoff runs.  We had 1 good game (against Buffalo). The others wins were grinds where the other team made a mistake.  The Super Bowl final drive was a spotlight on his ineptitude when he had 2nd and 1 and threw deep when extending the game was all that mattered.  Same as today when you're up by 6 with time becoming an issue and he throws 3 times while his run game is cooking.  

He is completely unaware of game dynamics. He doesn't seem prepared and he never evolves. Loser mentality.  

Aaron Glenn made every wrong decision today and Zac somehow bailed him out.  That team we lost to today is one of the worst of the decade and they didn't have two of their best players. Swap rosters with Mike Vrabel (or any other decent coach) and the records are the same.  

We will never be in the playoffs with this guy again. The league has his number. Thanks for not crashing the car for those two years but we've been in wreck after wreck since and it will not get better.  The culture in this organization is rotten. It has been for 35 years. The SB run was an outlier. The Brown family, maddeningly, will never sell the franchise. So we’re stuck with a horrible culture where luck is the only hope we have. The HC and coordinators are kinda immaterial. 100% Zac needs to go. But the next guy up will be fighting against the same lose-at-all-costs, toxic culture.",6977252.0,neutral,0.127,0.779,0.094,-0.9172
1ogy5if,1761518568.0,44550,0.97,206,Fandom,"Zac Taylor, for lack of a better word, is a loser I'm not even mad about today's loss. It was inevitable. I'm done being mad about Zac Taylor led teams. We cannot expect to win with this guy. He's a loser, plain and simple. 

His career record is under .500. A career which has had Joe Burrow for 6 years and Ja'Marr Chase for 5 years. Before Joe Burrow saved his ass he was 6-25-1 through his first 2 seasons. He constantly loses in September. He constantly has his teams playing down to inferior opponents. 

Think back to 2021-2022 and both playoff runs.  We had 1 good game (against Buffalo). The others wins were grinds where the other team made a mistake.  The Super Bowl final drive was a spotlight on his ineptitude when he had 2nd and 1 and threw deep when extending the game was all that mattered.  Same as today when you're up by 6 with time becoming an issue and he throws 3 times while his run game is cooking.  

He is completely unaware of game dynamics. He doesn't seem prepared and he never evolves. Loser mentality.  

Aaron Glenn made every wrong decision today and Zac somehow bailed him out.  That team we lost to today is one of the worst of the decade and they didn't have two of their best players. Swap rosters with Mike Vrabel (or any other decent coach) and the records are the same.  

We will never be in the playoffs with this guy again. The league has his number. Thanks for not crashing the car for those two years but we've been in wreck after wreck since and it will not get better.  PLS bring in a defensive minded coach. Brian flores preferably. And pls, get a new gm who can ACTUALLY DRAFT",8945194.0,negative,0.112,0.791,0.097,-0.7137
1ogy5if,1761518746.0,9801,0.97,206,Fandom,"Zac Taylor, for lack of a better word, is a loser I'm not even mad about today's loss. It was inevitable. I'm done being mad about Zac Taylor led teams. We cannot expect to win with this guy. He's a loser, plain and simple. 

His career record is under .500. A career which has had Joe Burrow for 6 years and Ja'Marr Chase for 5 years. Before Joe Burrow saved his ass he was 6-25-1 through his first 2 seasons. He constantly loses in September. He constantly has his teams playing down to inferior opponents. 

Think back to 2021-2022 and both playoff runs.  We had 1 good game (against Buffalo). The others wins were grinds where the other team made a mistake.  The Super Bowl final drive was a spotlight on his ineptitude when he had 2nd and 1 and threw deep when extending the game was all that mattered.  Same as today when you're up by 6 with time becoming an issue and he throws 3 times while his run game is cooking.  

He is completely unaware of game dynamics. He doesn't seem prepared and he never evolves. Loser mentality.  

Aaron Glenn made every wrong decision today and Zac somehow bailed him out.  That team we lost to today is one of the worst of the decade and they didn't have two of their best players. Swap rosters with Mike Vrabel (or any other decent coach) and the records are the same.  

We will never be in the playoffs with this guy again. The league has his number. Thanks for not crashing the car for those two years but we've been in wreck after wreck since and it will not get better.  Its ridiculous at this point. Zt is not going anywhere and he should have been sent ""somewhere"" years ago",1967943.0,neutral,0.115,0.797,0.088,-0.8248
1ogy5if,1761519039.0,8019,0.97,206,Fandom,"Zac Taylor, for lack of a better word, is a loser I'm not even mad about today's loss. It was inevitable. I'm done being mad about Zac Taylor led teams. We cannot expect to win with this guy. He's a loser, plain and simple. 

His career record is under .500. A career which has had Joe Burrow for 6 years and Ja'Marr Chase for 5 years. Before Joe Burrow saved his ass he was 6-25-1 through his first 2 seasons. He constantly loses in September. He constantly has his teams playing down to inferior opponents. 

Think back to 2021-2022 and both playoff runs.  We had 1 good game (against Buffalo). The others wins were grinds where the other team made a mistake.  The Super Bowl final drive was a spotlight on his ineptitude when he had 2nd and 1 and threw deep when extending the game was all that mattered.  Same as today when you're up by 6 with time becoming an issue and he throws 3 times while his run game is cooking.  

He is completely unaware of game dynamics. He doesn't seem prepared and he never evolves. Loser mentality.  

Aaron Glenn made every wrong decision today and Zac somehow bailed him out.  That team we lost to today is one of the worst of the decade and they didn't have two of their best players. Swap rosters with Mike Vrabel (or any other decent coach) and the records are the same.  

We will never be in the playoffs with this guy again. The league has his number. Thanks for not crashing the car for those two years but we've been in wreck after wreck since and it will not get better.  The bengals are not a serious franchise. We lost and at the end of it I thought to myself “why should this even matter”. They don’t put their best foot forward and everything is like a B- effort. I support another team who actually invests in talent and pays people to find them. It’s just a nicer way to live. I watch numerous Bengal players and think hmmm this could’ve been solved and another better player could’ve been here w actual talent ID. But they aren’t and that’s ok. There are just better people for these jobs. This team lacks an identity and that’s on the team as a whole. Zero bravado. Vanilla mayonnaise on white bread.",1610135.0,neutral,0.084,0.764,0.152,0.9848
1ogy5if,1761518898.0,14256,0.97,206,Fandom,"Zac Taylor, for lack of a better word, is a loser I'm not even mad about today's loss. It was inevitable. I'm done being mad about Zac Taylor led teams. We cannot expect to win with this guy. He's a loser, plain and simple. 

His career record is under .500. A career which has had Joe Burrow for 6 years and Ja'Marr Chase for 5 years. Before Joe Burrow saved his ass he was 6-25-1 through his first 2 seasons. He constantly loses in September. He constantly has his teams playing down to inferior opponents. 

Think back to 2021-2022 and both playoff runs.  We had 1 good game (against Buffalo). The others wins were grinds where the other team made a mistake.  The Super Bowl final drive was a spotlight on his ineptitude when he had 2nd and 1 and threw deep when extending the game was all that mattered.  Same as today when you're up by 6 with time becoming an issue and he throws 3 times while his run game is cooking.  

He is completely unaware of game dynamics. He doesn't seem prepared and he never evolves. Loser mentality.  

Aaron Glenn made every wrong decision today and Zac somehow bailed him out.  That team we lost to today is one of the worst of the decade and they didn't have two of their best players. Swap rosters with Mike Vrabel (or any other decent coach) and the records are the same.  

We will never be in the playoffs with this guy again. The league has his number. Thanks for not crashing the car for those two years but we've been in wreck after wreck since and it will not get better.  Do you think any competent coach wants to work for this joke of an organization? I think there’s only 1 owner worse than ours and they beat us today.",2862462.0,neutral,0.113,0.783,0.103,-0.5187
1ogy5if,1761518818.0,12474,0.97,206,Fandom,"Zac Taylor, for lack of a better word, is a loser I'm not even mad about today's loss. It was inevitable. I'm done being mad about Zac Taylor led teams. We cannot expect to win with this guy. He's a loser, plain and simple. 

His career record is under .500. A career which has had Joe Burrow for 6 years and Ja'Marr Chase for 5 years. Before Joe Burrow saved his ass he was 6-25-1 through his first 2 seasons. He constantly loses in September. He constantly has his teams playing down to inferior opponents. 

Think back to 2021-2022 and both playoff runs.  We had 1 good game (against Buffalo). The others wins were grinds where the other team made a mistake.  The Super Bowl final drive was a spotlight on his ineptitude when he had 2nd and 1 and threw deep when extending the game was all that mattered.  Same as today when you're up by 6 with time becoming an issue and he throws 3 times while his run game is cooking.  

He is completely unaware of game dynamics. He doesn't seem prepared and he never evolves. Loser mentality.  

Aaron Glenn made every wrong decision today and Zac somehow bailed him out.  That team we lost to today is one of the worst of the decade and they didn't have two of their best players. Swap rosters with Mike Vrabel (or any other decent coach) and the records are the same.  

We will never be in the playoffs with this guy again. The league has his number. Thanks for not crashing the car for those two years but we've been in wreck after wreck since and it will not get better.  If Zac had any honor he would resign!",2504654.0,neutral,0.118,0.778,0.104,-0.541
1ogy5if,1761519684.0,5346,0.97,206,Fandom,"Zac Taylor, for lack of a better word, is a loser I'm not even mad about today's loss. It was inevitable. I'm done being mad about Zac Taylor led teams. We cannot expect to win with this guy. He's a loser, plain and simple. 

His career record is under .500. A career which has had Joe Burrow for 6 years and Ja'Marr Chase for 5 years. Before Joe Burrow saved his ass he was 6-25-1 through his first 2 seasons. He constantly loses in September. He constantly has his teams playing down to inferior opponents. 

Think back to 2021-2022 and both playoff runs.  We had 1 good game (against Buffalo). The others wins were grinds where the other team made a mistake.  The Super Bowl final drive was a spotlight on his ineptitude when he had 2nd and 1 and threw deep when extending the game was all that mattered.  Same as today when you're up by 6 with time becoming an issue and he throws 3 times while his run game is cooking.  

He is completely unaware of game dynamics. He doesn't seem prepared and he never evolves. Loser mentality.  

Aaron Glenn made every wrong decision today and Zac somehow bailed him out.  That team we lost to today is one of the worst of the decade and they didn't have two of their best players. Swap rosters with Mike Vrabel (or any other decent coach) and the records are the same.  

We will never be in the playoffs with this guy again. The league has his number. Thanks for not crashing the car for those two years but we've been in wreck after wreck since and it will not get better.  Nothing will change unless the stand are half full or less.",1073423.0,neutral,0.108,0.8,0.091,-0.6597
1ogy5if,1761520527.0,5346,0.97,206,Fandom,"Zac Taylor, for lack of a better word, is a loser I'm not even mad about today's loss. It was inevitable. I'm done being mad about Zac Taylor led teams. We cannot expect to win with this guy. He's a loser, plain and simple. 

His career record is under .500. A career which has had Joe Burrow for 6 years and Ja'Marr Chase for 5 years. Before Joe Burrow saved his ass he was 6-25-1 through his first 2 seasons. He constantly loses in September. He constantly has his teams playing down to inferior opponents. 

Think back to 2021-2022 and both playoff runs.  We had 1 good game (against Buffalo). The others wins were grinds where the other team made a mistake.  The Super Bowl final drive was a spotlight on his ineptitude when he had 2nd and 1 and threw deep when extending the game was all that mattered.  Same as today when you're up by 6 with time becoming an issue and he throws 3 times while his run game is cooking.  

He is completely unaware of game dynamics. He doesn't seem prepared and he never evolves. Loser mentality.  

Aaron Glenn made every wrong decision today and Zac somehow bailed him out.  That team we lost to today is one of the worst of the decade and they didn't have two of their best players. Swap rosters with Mike Vrabel (or any other decent coach) and the records are the same.  

We will never be in the playoffs with this guy again. The league has his number. Thanks for not crashing the car for those two years but we've been in wreck after wreck since and it will not get better.  Here’s the main problem. The defense is dog shit obviously. The offense has been fine since getting Flacco behind center. To rebuild this defense they will have to draft well (not going to happen based on history) or sign proven FA (not a ton of cap to do so). You fire ZT and you’re still in the same defensive shit boat with holes all over so you’re initiating a rebuild right in the middle of the Burrow window. It’s a lose lose situation. Personally, I’d like to see Duke go and see what happens. Him and his team clearly can’t scout or evaluate young draft talent to give this carousel of coaches. Are they really striking out on every position coach they hire or is it Duke? I tend to think it’s Duke and team on high.",1073423.0,neutral,0.129,0.767,0.104,-0.9377
1ogy5if,1761521079.0,4455,0.97,206,Fandom,"Zac Taylor, for lack of a better word, is a loser I'm not even mad about today's loss. It was inevitable. I'm done being mad about Zac Taylor led teams. We cannot expect to win with this guy. He's a loser, plain and simple. 

His career record is under .500. A career which has had Joe Burrow for 6 years and Ja'Marr Chase for 5 years. Before Joe Burrow saved his ass he was 6-25-1 through his first 2 seasons. He constantly loses in September. He constantly has his teams playing down to inferior opponents. 

Think back to 2021-2022 and both playoff runs.  We had 1 good game (against Buffalo). The others wins were grinds where the other team made a mistake.  The Super Bowl final drive was a spotlight on his ineptitude when he had 2nd and 1 and threw deep when extending the game was all that mattered.  Same as today when you're up by 6 with time becoming an issue and he throws 3 times while his run game is cooking.  

He is completely unaware of game dynamics. He doesn't seem prepared and he never evolves. Loser mentality.  

Aaron Glenn made every wrong decision today and Zac somehow bailed him out.  That team we lost to today is one of the worst of the decade and they didn't have two of their best players. Swap rosters with Mike Vrabel (or any other decent coach) and the records are the same.  

We will never be in the playoffs with this guy again. The league has his number. Thanks for not crashing the car for those two years but we've been in wreck after wreck since and it will not get better.  WHO DEY ! WHO DEY THINK GONE BEAT THEM BENGALS !?

&nbsp;

EEEEEEEEEVVVVVERYBODY !!!",894519.0,neutral,0.111,0.799,0.09,-0.7627
1ogy5if,1761521872.0,4455,0.97,206,Fandom,"Zac Taylor, for lack of a better word, is a loser I'm not even mad about today's loss. It was inevitable. I'm done being mad about Zac Taylor led teams. We cannot expect to win with this guy. He's a loser, plain and simple. 

His career record is under .500. A career which has had Joe Burrow for 6 years and Ja'Marr Chase for 5 years. Before Joe Burrow saved his ass he was 6-25-1 through his first 2 seasons. He constantly loses in September. He constantly has his teams playing down to inferior opponents. 

Think back to 2021-2022 and both playoff runs.  We had 1 good game (against Buffalo). The others wins were grinds where the other team made a mistake.  The Super Bowl final drive was a spotlight on his ineptitude when he had 2nd and 1 and threw deep when extending the game was all that mattered.  Same as today when you're up by 6 with time becoming an issue and he throws 3 times while his run game is cooking.  

He is completely unaware of game dynamics. He doesn't seem prepared and he never evolves. Loser mentality.  

Aaron Glenn made every wrong decision today and Zac somehow bailed him out.  That team we lost to today is one of the worst of the decade and they didn't have two of their best players. Swap rosters with Mike Vrabel (or any other decent coach) and the records are the same.  

We will never be in the playoffs with this guy again. The league has his number. Thanks for not crashing the car for those two years but we've been in wreck after wreck since and it will not get better.  If I don't see MAJOR changes this off-season including changes to the front office structure (changes to scouting, hiring a draft consultant, new GM , anything) and Zac Taylor being fired - I'm pretty close to my end with this team. The Brown family is too wealthy and this is completely unnecessary to run a franchise like this now.

I can accept losing, what I cannot accept is rewarding mediocrity again and again when there's no reason to. The game has changed. The Brown family is super rich now. There's no excuse to settle for trying to run this like a business that puts out a mediocre product instead of a winning endeavor because YOU CAN DO BOTH in the modern NFL.

I cannot accept Duke Tobin getting a lifetime appointment to a job FOR NO GOOD REASON. If loyalty is what matters most, find Duke a different job in the organization. And if the Brown family legitimately believes that Duke Tobin has excelled in his job then THEY will not have my support. I'm not supporting delusional thinking.",894519.0,neutral,0.119,0.721,0.16,0.9761
1ogy5if,1761526547.0,5346,0.97,206,Fandom,"Zac Taylor, for lack of a better word, is a loser I'm not even mad about today's loss. It was inevitable. I'm done being mad about Zac Taylor led teams. We cannot expect to win with this guy. He's a loser, plain and simple. 

His career record is under .500. A career which has had Joe Burrow for 6 years and Ja'Marr Chase for 5 years. Before Joe Burrow saved his ass he was 6-25-1 through his first 2 seasons. He constantly loses in September. He constantly has his teams playing down to inferior opponents. 

Think back to 2021-2022 and both playoff runs.  We had 1 good game (against Buffalo). The others wins were grinds where the other team made a mistake.  The Super Bowl final drive was a spotlight on his ineptitude when he had 2nd and 1 and threw deep when extending the game was all that mattered.  Same as today when you're up by 6 with time becoming an issue and he throws 3 times while his run game is cooking.  

He is completely unaware of game dynamics. He doesn't seem prepared and he never evolves. Loser mentality.  

Aaron Glenn made every wrong decision today and Zac somehow bailed him out.  That team we lost to today is one of the worst of the decade and they didn't have two of their best players. Swap rosters with Mike Vrabel (or any other decent coach) and the records are the same.  

We will never be in the playoffs with this guy again. The league has his number. Thanks for not crashing the car for those two years but we've been in wreck after wreck since and it will not get better.  Dan Campbell from the historical laughingstock up north:


Regular season	49–37–1 (.569)

Postseason	2–2 (.500)

Career	51–39–1 (.566)",1073423.0,neutral,0.106,0.805,0.089,-0.6597
1ogy5if,1761533039.0,4455,0.97,206,Fandom,"Zac Taylor, for lack of a better word, is a loser I'm not even mad about today's loss. It was inevitable. I'm done being mad about Zac Taylor led teams. We cannot expect to win with this guy. He's a loser, plain and simple. 

His career record is under .500. A career which has had Joe Burrow for 6 years and Ja'Marr Chase for 5 years. Before Joe Burrow saved his ass he was 6-25-1 through his first 2 seasons. He constantly loses in September. He constantly has his teams playing down to inferior opponents. 

Think back to 2021-2022 and both playoff runs.  We had 1 good game (against Buffalo). The others wins were grinds where the other team made a mistake.  The Super Bowl final drive was a spotlight on his ineptitude when he had 2nd and 1 and threw deep when extending the game was all that mattered.  Same as today when you're up by 6 with time becoming an issue and he throws 3 times while his run game is cooking.  

He is completely unaware of game dynamics. He doesn't seem prepared and he never evolves. Loser mentality.  

Aaron Glenn made every wrong decision today and Zac somehow bailed him out.  That team we lost to today is one of the worst of the decade and they didn't have two of their best players. Swap rosters with Mike Vrabel (or any other decent coach) and the records are the same.  

We will never be in the playoffs with this guy again. The league has his number. Thanks for not crashing the car for those two years but we've been in wreck after wreck since and it will not get better.  For all those for whom the shoe fits and are seeing the light finally.

https://preview.redd.it/pe8bd8wyhkxf1.png?width=1400&format=png&auto=webp&s=bfea1e3190db91c0452914f2b3830de7f16f69cb",894519.0,negative,0.107,0.803,0.09,-0.6597
1ogm1bh,1761491492.0,1032,0.97,7,Fandom,🤞Hopefully Mr. Burrow will be present at today’s game too  ![gif](giphy|nsv5IWXo1l2IE),8008.0,neutral,0.0,1.0,0.0,0.0
1ogm1bh,1761498104.0,774,0.97,7,Fandom,🤞Hopefully Mr. Burrow will be present at today’s game too  Joe and Joer,6006.0,neutral,0.0,1.0,0.0,0.0
1ogm1bh,1761494264.0,1806,0.97,7,Fandom,🤞Hopefully Mr. Burrow will be present at today’s game too  https://preview.redd.it/xecyb0qtahxf1.jpeg?width=1080&format=pjpg&auto=webp&s=158ca22bcfb9c776e26fec6a6a332a349c7bdf5c,14015.0,negative,0.0,1.0,0.0,0.0
1ogm1bh,1761500559.0,516,0.97,7,Fandom,🤞Hopefully Mr. Burrow will be present at today’s game too  Supposedly he’s there with no boot 👀,4004.0,neutral,0.128,0.872,0.0,-0.296
1ogm1bh,1761872124.0,129,0.97,7,Fandom,🤞Hopefully Mr. Burrow will be present at today’s game too  Was he on the sideline for the jets game?,1001.0,positive,0.0,1.0,0.0,0.0
1og77jz,1761439205.0,13020,0.98,46,Football,"Week 8 -- TV Broadcast Coverage Courtesy: 506Sports. Map is as of this post date, and coverage is subject to change on Gameday.  No one wants to watch the jets rn lol",599701.0,positive,0.062,0.789,0.149,0.4767
1og77jz,1761439369.0,6405,0.98,46,Football,"Week 8 -- TV Broadcast Coverage Courtesy: 506Sports. Map is as of this post date, and coverage is subject to change on Gameday. This is one of the funnier broadcast maps I’ve seen.",295014.0,positive,0.0,0.852,0.148,0.6369
1og77jz,1761439786.0,3255,0.98,46,Football,"Week 8 -- TV Broadcast Coverage Courtesy: 506Sports. Map is as of this post date, and coverage is subject to change on Gameday. I'm sure the map was decided when Lamar was still ""active""",149925.0,positive,0.0,0.866,0.134,0.5859
1og77jz,1761439347.0,5355,0.98,46,Football,"Week 8 -- TV Broadcast Coverage Courtesy: 506Sports. Map is as of this post date, and coverage is subject to change on Gameday. Pretty rough slate of early games for CBS. Lol",246651.0,positive,0.0,0.767,0.233,0.8176
1og77jz,1761448573.0,1680,0.98,46,Football,"Week 8 -- TV Broadcast Coverage Courtesy: 506Sports. Map is as of this post date, and coverage is subject to change on Gameday. These broadcast maps are so stupid. 

Folks should be able to watch any game they want. 

We all have to suffer through the commercials. 

I will be sailing the seas watching this one. ARRRRRR ME MATEY!!!",77381.0,positive,0.133,0.809,0.058,-0.7871
1og77jz,1761447852.0,525,0.98,46,Football,"Week 8 -- TV Broadcast Coverage Courtesy: 506Sports. Map is as of this post date, and coverage is subject to change on Gameday. As a CLE-based Bengals fan this pisses me off. I'm sure it's economically/demographically best or whatever, but damn.",24182.0,positive,0.118,0.716,0.166,0.058
1og77jz,1761444317.0,420,0.98,46,Football,"Week 8 -- TV Broadcast Coverage Courtesy: 506Sports. Map is as of this post date, and coverage is subject to change on Gameday. I'm right here in Louisville damnit",19345.0,neutral,0.107,0.815,0.078,-0.2263
1og77jz,1761439713.0,315,0.98,46,Football,"Week 8 -- TV Broadcast Coverage Courtesy: 506Sports. Map is as of this post date, and coverage is subject to change on Gameday. Booooo that’s lame",14509.0,neutral,0.099,0.813,0.088,-0.0772
1og77jz,1761443903.0,315,0.98,46,Football,"Week 8 -- TV Broadcast Coverage Courtesy: 506Sports. Map is as of this post date, and coverage is subject to change on Gameday. Don’t understand why the Charleston market (SE Ohio) wouldn’t get the bengals.",14509.0,neutral,0.0,0.93,0.07,0.3612
1og77jz,1761446293.0,210,0.98,46,Football,"Week 8 -- TV Broadcast Coverage Courtesy: 506Sports. Map is as of this post date, and coverage is subject to change on Gameday. Man, imagine watching Falcons vs Dolphins.",9673.0,neutral,0.0,0.915,0.085,0.3612
1og77jz,1761443870.0,105,0.98,46,Football,"Week 8 -- TV Broadcast Coverage Courtesy: 506Sports. Map is as of this post date, and coverage is subject to change on Gameday. To the seas I go",4836.0,neutral,0.0,0.909,0.091,0.3612
1og77jz,1761444737.0,105,0.98,46,Football,"Week 8 -- TV Broadcast Coverage Courtesy: 506Sports. Map is as of this post date, and coverage is subject to change on Gameday. Another win for Sunday Ticket Student 🙌🏾",4836.0,neutral,0.0,0.811,0.189,0.743
1og77jz,1761445771.0,105,0.98,46,Football,"Week 8 -- TV Broadcast Coverage Courtesy: 506Sports. Map is as of this post date, and coverage is subject to change on Gameday. At least we don't have to listen to Nantz and Romo!",4836.0,neutral,0.0,0.92,0.08,0.4199
1og77jz,1761445971.0,105,0.98,46,Football,"Week 8 -- TV Broadcast Coverage Courtesy: 506Sports. Map is as of this post date, and coverage is subject to change on Gameday. Same number of people in red and green...",4836.0,neutral,0.0,0.881,0.119,0.4215
1og77jz,1761446678.0,105,0.98,46,Football,"Week 8 -- TV Broadcast Coverage Courtesy: 506Sports. Map is as of this post date, and coverage is subject to change on Gameday. thought all of Kentucky would be Bengals country",4836.0,negative,0.0,0.921,0.079,0.3612
1og77jz,1761449638.0,105,0.98,46,Football,"Week 8 -- TV Broadcast Coverage Courtesy: 506Sports. Map is as of this post date, and coverage is subject to change on Gameday. Redzone it is. Just like almost every other week down here in Alabama.",4836.0,neutral,0.0,0.868,0.132,0.6124
1og77jz,1761453125.0,105,0.98,46,Football,"Week 8 -- TV Broadcast Coverage Courtesy: 506Sports. Map is as of this post date, and coverage is subject to change on Gameday. Dang it we don’t get Harlan on commentary.",4836.0,neutral,0.0,0.921,0.079,0.3612
1og77jz,1761460649.0,105,0.98,46,Football,"Week 8 -- TV Broadcast Coverage Courtesy: 506Sports. Map is as of this post date, and coverage is subject to change on Gameday. I woulda been fucking pissed if we got blacked out",4836.0,neutral,0.125,0.806,0.069,-0.4576
1og77jz,1761488726.0,105,0.98,46,Football,"Week 8 -- TV Broadcast Coverage Courtesy: 506Sports. Map is as of this post date, and coverage is subject to change on Gameday. I live 1hr 45 minutes from Cincy but stuck in a WV market 🖕🖕🖕🖕",4836.0,neutral,0.069,0.883,0.048,-0.1901
1og77jz,1761513340.0,105,0.98,46,Football,"Week 8 -- TV Broadcast Coverage Courtesy: 506Sports. Map is as of this post date, and coverage is subject to change on Gameday. Once again, I live just outside of Nashville. I live about 4 hours from Cincy, yet unless it’s a prime time game or they are playing the Titans, they will never show a Bengals game.",4836.0,neutral,0.0,0.921,0.079,0.5106
1ofxdeh,1761414990.0,42539,0.94,55,Drunk,Joe Flacco and Jamar Chase did 9/11?  Is this a real post? No one thought this might be a bad idea,2239253.0,neutral,0.263,0.737,0.0,-0.7236
1ofxdeh,1761413546.0,10325,0.94,55,Drunk,Joe Flacco and Jamar Chase did 9/11?  P&G Towers better watch out...,543508.0,neutral,0.0,0.791,0.209,0.4404
1ofxdeh,1761413810.0,20237,0.94,55,Drunk,Joe Flacco and Jamar Chase did 9/11?  https://i.redd.it/g6klczelnaxf1.gif,1065276.0,neutral,0.0,1.0,0.0,0.0
1ofxdeh,1761414134.0,9499,0.94,55,Drunk,Joe Flacco and Jamar Chase did 9/11?  ![gif](giphy|ypX8YZszkIXFC),500027.0,negative,0.0,1.0,0.0,0.0
1ofxdeh,1761414514.0,21063,0.94,55,Drunk,Joe Flacco and Jamar Chase did 9/11?  https://preview.redd.it/3paxqosopaxf1.jpeg?width=640&format=pjpg&auto=webp&s=1c5f1b8097ebb9807ee002ca5bde83d68ea25edc,1108756.0,neutral,0.0,1.0,0.0,0.0
1ofxdeh,1761414077.0,14455,0.94,55,Drunk,Joe Flacco and Jamar Chase did 9/11?  ![gif](giphy|yk8tRCZHCV0qY|downsized),760911.0,neutral,0.0,1.0,0.0,0.0
1ofxdeh,1761414194.0,5782,0.94,55,Drunk,Joe Flacco and Jamar Chase did 9/11?  Steel beams are no match for popping football pads 😤,304364.0,neutral,0.128,0.872,0.0,-0.296
1ofxdeh,1761413641.0,8673,0.94,55,Drunk,Joe Flacco and Jamar Chase did 9/11?  If you don't want to feel super old DO NOT go figure out how old Jamarr Chase was during 9/11,456547.0,negative,0.041,0.83,0.129,0.5687
1ofxdeh,1761423832.0,6608,0.94,55,Drunk,Joe Flacco and Jamar Chase did 9/11?  They're in a plane. With Paycor in front of them. I don't think I would have ever had 9/11 cross my mind if it wasn't for this post,347845.0,neutral,0.0,1.0,0.0,0.0
1ofxdeh,1761413512.0,6608,0.94,55,Drunk,Joe Flacco and Jamar Chase did 9/11?  They’re flying into Cincinnati dawg,347845.0,positive,0.0,1.0,0.0,0.0
1ofxdeh,1761418269.0,2891,0.94,55,Drunk,Joe Flacco and Jamar Chase did 9/11?  I don't think its that bad - they are called the Jets after all. Why are we assuming there is malintent and that they are going to crash when they are clearly in Cincinnati heading towards the stadium? If we are assuming they are going to destory their own stadium we have gone too far.,152182.0,negative,0.099,0.86,0.041,-0.594
1ofxdeh,1761414996.0,4543,0.94,55,Drunk,"Joe Flacco and Jamar Chase did 9/11?  https://preview.redd.it/prfgaop3raxf1.jpeg?width=1290&format=pjpg&auto=webp&s=3de0d719212eb7103fe94d5dc9b644de219dd369

Dawg..",239144.0,neutral,0.0,1.0,0.0,0.0
1ofxdeh,1761416177.0,2065,0.94,55,Drunk,"Joe Flacco and Jamar Chase did 9/11?  They did this last week

https://preview.redd.it/jsmymppmuaxf1.jpeg?width=1280&format=pjpg&auto=webp&s=4875af762b546f9d89f5a32fa9b6031723d5bff9",108702.0,negative,0.0,1.0,0.0,0.0
1ofxdeh,1761418116.0,1239,0.94,55,Drunk,Joe Flacco and Jamar Chase did 9/11?  ![gif](giphy|kWp8QC99Z6xFn8bF0v|downsized),65221.0,neutral,0.0,1.0,0.0,0.0
1ofxdeh,1761419768.0,1239,0.94,55,Drunk,"Joe Flacco and Jamar Chase did 9/11?  ![gif](giphy|1RaGAz2p13Wpo7kI2L)

Did someone say 9/11?",65221.0,negative,0.0,1.0,0.0,0.0
1ofxdeh,1761421084.0,1239,0.94,55,Drunk,Joe Flacco and Jamar Chase did 9/11?  No fuckin way XD,65221.0,negative,0.14,0.572,0.288,0.516
1ofxdeh,1761435975.0,1239,0.94,55,Drunk,Joe Flacco and Jamar Chase did 9/11?  Bush did 09/11….,65221.0,negative,0.0,1.0,0.0,0.0
1ofxdeh,1761422839.0,1652,0.94,55,Drunk,Joe Flacco and Jamar Chase did 9/11?  https://preview.redd.it/0m1halzfebxf1.jpeg?width=1284&format=pjpg&auto=webp&s=1fa6e17452699687558e2f968758f41a7b66a2fa,86961.0,neutral,0.0,1.0,0.0,0.0
1ofxdeh,1761443417.0,826,0.94,55,Drunk,Joe Flacco and Jamar Chase did 9/11?  I thought this was r/nflcirclejerk for a second,43481.0,neutral,0.0,1.0,0.0,0.0
1of4wbs,1761329592.0,1442,0.96,6,Fandom,"Cincinnati Bengals Week 8 Matchup Doodle :)  I like Taylor, but if they lose this one I'm all aboard the fire train...

![gif](giphy|yr7n0u3qzO9nG)",9690.0,positive,0.249,0.575,0.176,-0.6177
1of4wbs,1761429976.0,206,0.96,6,Fandom,Cincinnati Bengals Week 8 Matchup Doodle :)  I always like these posts when they show up each week.  Very fun artwork!,1384.0,neutral,0.0,0.63,0.37,0.855
1oe3lt3,1761227271.0,5516,0.99,22,Fandom,F-L-A-C-C-O We ridin’ with Flacco baby 🐅 Who-Dey!!  FUCK THE STEELERS 😝,125599.0,negative,0.349,0.651,0.0,-0.7019
1oe3lt3,1761227134.0,3743,0.99,22,Fandom,F-L-A-C-C-O We ridin’ with Flacco baby 🐅 Who-Dey!!  ![gif](giphy|4doe1HP7LHz20),85228.0,negative,0.0,1.0,0.0,0.0
1oe3lt3,1761227237.0,3152,0.99,22,Fandom,F-L-A-C-C-O We ridin’ with Flacco baby 🐅 Who-Dey!!  ![gif](giphy|hiLLD9o1wTB3a),71771.0,negative,0.0,1.0,0.0,0.0
1oe3lt3,1761229075.0,2167,0.99,22,Fandom,"F-L-A-C-C-O We ridin’ with Flacco baby 🐅 Who-Dey!!  I'm making a note of this thread so when he has a bad game and the whole subreddit turns on him, I can come back here and be like... Whatever. Lol!

And yes, FTS

Go Joe 2.0

Who Dey!",49343.0,negative,0.07,0.797,0.133,0.4885
1oe3lt3,1761227513.0,1576,0.99,22,Fandom,F-L-A-C-C-O We ridin’ with Flacco baby 🐅 Who-Dey!!  Pretty impressive to have a whole montage for a QB that’s played 1 game and had 1.5 weeks of practice,35886.0,positive,0.0,0.689,0.311,0.8585
1oe3lt3,1761235911.0,394,0.99,22,Fandom,F-L-A-C-C-O We ridin’ with Flacco baby 🐅 Who-Dey!!  lord pretty flacco joedye 🙏🙏🙏🙏,8971.0,negative,0.0,0.744,0.256,0.5837
1oe3lt3,1761315127.0,394,0.99,22,Fandom,"F-L-A-C-C-O We ridin’ with Flacco baby 🐅 Who-Dey!!  ![gif](giphy|NHkhhpZ2lAWRg4V7vj)

FTS. I ❤️JF16",8971.0,positive,0.0,1.0,0.0,0.0
1oe3lt3,1761391319.0,197,0.99,22,Fandom,F-L-A-C-C-O We ridin’ with Flacco baby 🐅 Who-Dey!!  https://preview.redd.it/b58f59tps8xf1.jpeg?width=879&format=pjpg&auto=webp&s=cbef987adbe86ca57ffcd7be08e4cf39b954d881,4486.0,positive,0.0,1.0,0.0,0.0
1odt5lj,1761191104.0,98362,0.97,53,Drunk,"You, a diehard Bengals fan, wakeup from a 15-year coma today and someone immediately shows you this picture. What do you think is happening? [THOUGHT EXERCISE]  This might be the least surprising thing to someone waking up from a 15 year coma.",5152202.0,neutral,0.044,0.9,0.056,0.1245
1odt5lj,1761191104.0,33286,0.97,53,Drunk,"You, a diehard Bengals fan, wakeup from a 15-year coma today and someone immediately shows you this picture. What do you think is happening? [THOUGHT EXERCISE]  We wear all white now?",1743521.0,neutral,0.0,0.913,0.087,0.3939
1odt5lj,1761196090.0,22066,0.97,53,Drunk,"You, a diehard Bengals fan, wakeup from a 15-year coma today and someone immediately shows you this picture. What do you think is happening? [THOUGHT EXERCISE]  ""Ronald Reagan? The Actor?""",1155817.0,positive,0.0,0.905,0.095,0.4291
1odt5lj,1761191935.0,9724,0.97,53,Drunk,"You, a diehard Bengals fan, wakeup from a 15-year coma today and someone immediately shows you this picture. What do you think is happening? [THOUGHT EXERCISE]  Bengals must have moved to Baltimore one night in a Mayflower moving van and Rogers pulled a Farve.",509343.0,positive,0.0,0.944,0.056,0.3182
1odt5lj,1761204618.0,9724,0.97,53,Drunk,"You, a diehard Bengals fan, wakeup from a 15-year coma today and someone immediately shows you this picture. What do you think is happening? [THOUGHT EXERCISE]  15 years ago neither QB in this picture had won a super bowl. It's like showing a picture of Justin Herbert and Jordan Love in different uniforms from the future. 
At most it would be 'ok'.

Pretty lukewarm as far as a post coma shock.

They'd probably just ask about Carson Palmer's sudden retirement that sent them into the coma (presumably)",509343.0,neutral,0.027,0.77,0.203,0.9531
1odt5lj,1761232305.0,4114,0.97,53,Drunk,"You, a diehard Bengals fan, wakeup from a 15-year coma today and someone immediately shows you this picture. What do you think is happening? [THOUGHT EXERCISE]  ""Oh boy, I can't wait to see my favorite gorilla at the zoo!""",215491.0,neutral,0.0,0.859,0.141,0.68
1odt5lj,1761192973.0,6358,0.97,53,Drunk,"You, a diehard Bengals fan, wakeup from a 15-year coma today and someone immediately shows you this picture. What do you think is happening? [THOUGHT EXERCISE]  “Damn, Aaron Rodgers must’ve won so many Super Bowls that the Packers couldn’t pay him anymore.”",333032.0,neutral,0.029,0.757,0.214,0.8683
1odt5lj,1761222258.0,1496,0.97,53,Drunk,"You, a diehard Bengals fan, wakeup from a 15-year coma today and someone immediately shows you this picture. What do you think is happening? [THOUGHT EXERCISE]  The plot of “Children of Men” has come true and there are no longer children or young people. Professional sports is now soley the domain of aging gen-x men taking PEDs to play until they break a hip.",78360.0,neutral,0.033,0.855,0.112,0.6486
1odt5lj,1761195519.0,1122,0.97,53,Drunk,"You, a diehard Bengals fan, wakeup from a 15-year coma today and someone immediately shows you this picture. What do you think is happening? [THOUGHT EXERCISE]  The Bengals moved to Baltimore in the middle of the night.",58770.0,negative,0.0,0.937,0.063,0.3182
1odt5lj,1761196080.0,1122,0.97,53,Drunk,"You, a diehard Bengals fan, wakeup from a 15-year coma today and someone immediately shows you this picture. What do you think is happening? [THOUGHT EXERCISE]  Bad Photoshop ",58770.0,neutral,0.117,0.805,0.077,-0.296
1odt5lj,1761197016.0,1122,0.97,53,Drunk,"You, a diehard Bengals fan, wakeup from a 15-year coma today and someone immediately shows you this picture. What do you think is happening? [THOUGHT EXERCISE]  “Who is that all white uniform team?”",58770.0,positive,0.0,0.919,0.081,0.3939
1odt5lj,1761192146.0,748,0.97,53,Drunk,"You, a diehard Bengals fan, wakeup from a 15-year coma today and someone immediately shows you this picture. What do you think is happening? [THOUGHT EXERCISE]  Think that im od’ing on fentanyl",39180.0,negative,0.0,0.927,0.073,0.3182
1odt5lj,1761209175.0,748,0.97,53,Drunk,"You, a diehard Bengals fan, wakeup from a 15-year coma today and someone immediately shows you this picture. What do you think is happening? [THOUGHT EXERCISE]  I would think that I woke up in an alternate universe where Joe Flacco plays for the Bengals and somehow Aaron Rodgers got traded to Pittsburgh.",39180.0,neutral,0.0,0.915,0.085,0.5106
1odt5lj,1761237057.0,748,0.97,53,Drunk,"You, a diehard Bengals fan, wakeup from a 15-year coma today and someone immediately shows you this picture. What do you think is happening? [THOUGHT EXERCISE]  If you told me about the rise of AI slop THEN showed me this, that would be my assumption",39180.0,neutral,0.0,0.948,0.052,0.3182
1odt5lj,1761192210.0,1122,0.97,53,Drunk,"You, a diehard Bengals fan, wakeup from a 15-year coma today and someone immediately shows you this picture. What do you think is happening? [THOUGHT EXERCISE]  Probably that I'm still in a coma because that outcome would never make sense to me 15 years ago.",58770.0,neutral,0.0,0.947,0.053,0.3182
1odt5lj,1761191995.0,748,0.97,53,Drunk,"You, a diehard Bengals fan, wakeup from a 15-year coma today and someone immediately shows you this picture. What do you think is happening? [THOUGHT EXERCISE]  Camera quality has gone downhill.",39180.0,negative,0.0,0.924,0.076,0.3182
1odt5lj,1761197341.0,374,0.97,53,Drunk,"You, a diehard Bengals fan, wakeup from a 15-year coma today and someone immediately shows you this picture. What do you think is happening? [THOUGHT EXERCISE]  I am thinking:

1. Flacco is there to backup  an injured QB

2. I would assume that Rodgers would be around because he backed up Farve for a while.

3.  Rodgers is probably in Pittsburgh because the loved ones of Rapistburger victims finally caught up to him.",19590.0,neutral,0.066,0.837,0.097,0.3182
1odt5lj,1761198206.0,374,0.97,53,Drunk,"You, a diehard Bengals fan, wakeup from a 15-year coma today and someone immediately shows you this picture. What do you think is happening? [THOUGHT EXERCISE]  I've played so many Madden franchises that something like this is expected to me",19590.0,neutral,0.0,0.829,0.171,0.7351
1odt5lj,1761217690.0,374,0.97,53,Drunk,"You, a diehard Bengals fan, wakeup from a 15-year coma today and someone immediately shows you this picture. What do you think is happening? [THOUGHT EXERCISE]  Hahahaha good one",19590.0,neutral,0.0,0.828,0.172,0.6369
1odt5lj,1761223756.0,374,0.97,53,Drunk,"You, a diehard Bengals fan, wakeup from a 15-year coma today and someone immediately shows you this picture. What do you think is happening? [THOUGHT EXERCISE]  15 years takes me back to 2010, so I’m thinking Mike Brown did some weird shit and honored Carson Palmer’s trade request by sending him to Baltimore 😭",19590.0,neutral,0.091,0.805,0.104,0.2023
1odnhze,1761175342.0,14760,0.97,56,Spicy,"""so what, no fuckin Zac Taylor memes this week?""  Not this week, we have the dumpster fire Jets on deck. Ask again after we play the Bears, Pittsburgh again, the Ravens twice, the Bills, and the Patriots.",816080.0,neutral,0.155,0.788,0.057,-0.4728
1odnhze,1761178512.0,11480,0.97,56,Spicy,"""so what, no fuckin Zac Taylor memes this week?""  https://preview.redd.it/lin48akx7rwf1.jpeg?width=1200&format=pjpg&auto=webp&s=0c09a5f86ac5fa16f6587ba857ddedaaa3fa7241",634729.0,neutral,0.24,0.76,0.0,-0.4288
1odnhze,1761176855.0,8200,0.97,56,Spicy,"""so what, no fuckin Zac Taylor memes this week?""  Sopranos circle jerk crossover.

Love it.",453378.0,neutral,0.231,0.569,0.199,0.0828
1odnhze,1761180610.0,3608,0.97,56,Spicy,"""so what, no fuckin Zac Taylor memes this week?""  He neva had the makings of a varsity coach",199486.0,neutral,0.134,0.866,0.0,-0.3566
1odnhze,1761174753.0,13448,0.97,56,Spicy,"""so what, no fuckin Zac Taylor memes this week?""  Ok but you gotta get over it.",743540.0,negative,0.1,0.807,0.092,-0.0359
1odnhze,1761177200.0,2624,0.97,56,Spicy,"""so what, no fuckin Zac Taylor memes this week?""  That's dicked up",145081.0,neutral,0.184,0.816,0.0,-0.3566
1odnhze,1761189438.0,2296,0.97,56,Spicy,"""so what, no fuckin Zac Taylor memes this week?""  Tomlin's long con is keeping ZT in the division as long as he can",126946.0,positive,0.101,0.899,0.0,-0.3566
1odnhze,1761178120.0,1968,0.97,56,Spicy,"""so what, no fuckin Zac Taylor memes this week?""  You're only as good as your last envelope.",108811.0,negative,0.122,0.736,0.142,0.1082
1odnhze,1761193711.0,984,0.97,56,Spicy,"""so what, no fuckin Zac Taylor memes this week?""  I seem to remember Zac Taylor waiting in the car, and as far as I'm concerned HE SHOULD STILL BE THERE!",54405.0,positive,0.09,0.91,0.0,-0.4157
1odnhze,1761200293.0,1640,0.97,56,Spicy,"""so what, no fuckin Zac Taylor memes this week?""  We can't have him in our social club no more, that much I do know.",90676.0,positive,0.191,0.809,0.0,-0.6068
1odnhze,1761177563.0,984,0.97,56,Spicy,"""so what, no fuckin Zac Taylor memes this week?""  Ton, take it easy.",54405.0,positive,0.151,0.672,0.177,0.1082
1odnhze,1761182464.0,984,0.97,56,Spicy,"""so what, no fuckin Zac Taylor memes this week?""  https://preview.redd.it/y84bzgnojrwf1.jpeg?width=586&format=pjpg&auto=webp&s=e782dc02454d0d0a640ad39649bafcb64c971540",54405.0,neutral,0.24,0.76,0.0,-0.4288
1odnhze,1761176381.0,656,0.97,56,Spicy,"""so what, no fuckin Zac Taylor memes this week?""  Man, this made me cackle in public. Now everyone's giving me weird looks.",36270.0,neutral,0.163,0.743,0.094,-0.197
1odnhze,1761181423.0,656,0.97,56,Spicy,"""so what, no fuckin Zac Taylor memes this week?""  Yeah I guess no one got the memo, he’s a genius now or something. And if Joe has another good game against the Jets then the community might start scheming up plans to get rid of Burrow to improve the O-line, you know who you are don’t lie!",36270.0,neutral,0.078,0.791,0.131,0.5164
1odnhze,1761183878.0,656,0.97,56,Spicy,"""so what, no fuckin Zac Taylor memes this week?""  FZT and FTS.  FTS more.   Browns suck.  Ravens…..  sigh….  Just disappointed in your lack of enthusiasm.",36270.0,neutral,0.326,0.589,0.085,-0.7996
1odnhze,1761194572.0,656,0.97,56,Spicy,"""so what, no fuckin Zac Taylor memes this week?""  This sub is dumb as shit. I'm here for laughing at fans. These threads are like the dumbest sports fans memes. Its hilarious the level of takes on here.",36270.0,neutral,0.243,0.595,0.161,-0.6461
1odnhze,1761179969.0,1312,0.97,56,Spicy,"""so what, no fuckin Zac Taylor memes this week?""  Zac Taylor, he was gay?",72540.0,neutral,0.179,0.821,0.0,-0.4288
1odnhze,1761185117.0,984,0.97,56,Spicy,"""so what, no fuckin Zac Taylor memes this week?""  This MF should have been fired already",54405.0,negative,0.303,0.697,0.0,-0.7251
1odnhze,1761175775.0,1312,0.97,56,Spicy,"""so what, no fuckin Zac Taylor memes this week?""  flacco gonna buy ZT an extension",72540.0,negative,0.15,0.85,0.0,-0.3566
1odnhze,1761176903.0,1312,0.97,56,Spicy,"""so what, no fuckin Zac Taylor memes this week?""  The dude called ONE decent game and suddenly people are like, ""Oh he's not so bad!"" I can't tell if it's the same people who flip flop in this sub or not. Of course he's a bad head coach. Talk to me when he calls more good games than bad games. Hell, talk to me when he has half as many wins as losses without a generational talent like Burrow. What is he again, like 5-31-1? Yes, we beat the Steelers, Taylor still needs to give up play calling at the very, very, very least.",72540.0,negative,0.172,0.676,0.152,-0.5675
1od6tvv,1761149456.0,1170,0.93,11,Spicy,"Might possibly the best possible morning when there’s no Bengals football to look forward to!  🎶Hey Joe, where you goin' with that ball in your hand?🎶

🎶I'm going down to beat the Steelers, they're not gonna make another goal line stand🎶

![gif](giphy|ToMjGpKJ3D2wkBFgPfy)",13057.0,negative,0.047,0.851,0.102,0.555
1od6tvv,1761137025.0,2106,0.93,11,Spicy,Might possibly the best possible morning when there’s no Bengals football to look forward to!  They saw the demand. Just when they thought they were out…,23503.0,negative,0.119,0.737,0.144,0.4199
1od6tvv,1761174247.0,585,0.93,11,Spicy,"Might possibly the best possible morning when there’s no Bengals football to look forward to!  Gonna win that game for ya, baby

Edit: aged like milk",6529.0,neutral,0.063,0.629,0.308,0.8622
1od6tvv,1761137027.0,819,0.93,11,Spicy,Might possibly the best possible morning when there’s no Bengals football to look forward to!  ![gif](giphy|t5tYrUKg4Jn1e),9140.0,neutral,0.105,0.667,0.228,0.555
1od6tvv,1761171577.0,234,0.93,11,Spicy,Might possibly the best possible morning when there’s no Bengals football to look forward to!  Can't wait!!,2611.0,neutral,0.099,0.673,0.228,0.5962
1od6tvv,1761260473.0,234,0.93,11,Spicy,Might possibly the best possible morning when there’s no Bengals football to look forward to!  YAY!,2611.0,negative,0.091,0.539,0.37,0.8279
1od6tvv,1761481216.0,117,0.93,11,Spicy,Might possibly the best possible morning when there’s no Bengals football to look forward to!  Did it ever come out?,1306.0,neutral,0.089,0.729,0.182,0.5093
1od6tvv,1761163102.0,117,0.93,11,Spicy,Might possibly the best possible morning when there’s no Bengals football to look forward to!  Uh bengals play in 4 days lol,1306.0,neutral,0.076,0.588,0.335,0.8172
1oclhw9,1761072934.0,59670,0.96,110,Rumor,"Joe Burrow could realistically return for last three games of the season, per Ian Rapoport  Because he has info about this specific injury or because he heard that it is around a 12 week recovery and 


18 week season, minus 2 weeks Joe played , minus  1 week to get surgery, minus 12 weeks recovery = 3 games he could play


Is this reporting or 2nd grade subtraction?",6358435.0,neutral,0.042,0.886,0.072,0.25
1oclhw9,1761073368.0,24990,0.96,110,Rumor,"Joe Burrow could realistically return for last three games of the season, per Ian Rapoport  No need to play against Miami. Just get 2 games of reps in before playoffs. IF bengals are still alive. If they aren’t don’t bring him back",2662934.0,negative,0.049,0.841,0.111,0.4215
1oclhw9,1761072894.0,14790,0.96,110,Rumor,"Joe Burrow could realistically return for last three games of the season, per Ian Rapoport  After the Lions game I seriously had lost all hope in the season and was at the point where the Bengals couldn't hurt me anymore this year.

Just when all shreds of hope is gone they fucking pull us back in. My rational side says it's all just to re-crush our dreams again.",1576022.0,negative,0.052,0.8,0.148,0.8061
1oclhw9,1761074366.0,3825,0.96,110,Rumor,"Joe Burrow could realistically return for last three games of the season, per Ian Rapoport  He’s still in a boot. There’s no way any of this timeline is really known yet.",407592.0,negative,0.071,0.929,0.0,-0.296
1oclhw9,1761075349.0,3825,0.96,110,Rumor,"Joe Burrow could realistically return for last three games of the season, per Ian Rapoport  Counterpoint: Elite Joe Flacco pulls the Big Dick Nick and carries us to the promised land!",407592.0,negative,0.102,0.826,0.071,-0.2714
1oclhw9,1761076244.0,2295,0.96,110,Rumor,"Joe Burrow could realistically return for last three games of the season, per Ian Rapoport  The word “realistically” is really used loosely when it comes to a grade 3 turf toe injury but I’m biting, let’s say Burrow is healthy and ready to go by December 14th, we still need to win against the Jets and Bears at home before the bye (we can realistically win these games) and then we have the Steelers in Pittsburgh, the Patriots at home and the Bills at Highmark. This season is going to be a very long one despite our Thursday’s win.",244555.0,neutral,0.017,0.787,0.196,0.9735
1oclhw9,1761075818.0,2040,0.96,110,Rumor,"Joe Burrow could realistically return for last three games of the season, per Ian Rapoport  His real serious rehab hasn’t even fully begun yet. Any timeline is stupid. Could be Setbacks, and you in general have to be very careful with this injury.",217382.0,neutral,0.155,0.806,0.039,-0.6815
1oclhw9,1761075217.0,765,0.96,110,Rumor,"Joe Burrow could realistically return for last three games of the season, per Ian Rapoport  Hey that's not bad, I think that's enough warm up for playoffs.  If we're not in contention at that point then it doesn't matter anyways.",81518.0,neutral,0.026,0.861,0.114,0.5684
1oclhw9,1761078169.0,765,0.96,110,Rumor,"Joe Burrow could realistically return for last three games of the season, per Ian Rapoport  Gotta matter for it to happen. No way he rushed back if we’re already out of it. This is like rogers for the Jets in 2023",81518.0,neutral,0.05,0.868,0.082,0.1027
1oclhw9,1761073881.0,2040,0.96,110,Rumor,"Joe Burrow could realistically return for last three games of the season, per Ian Rapoport  He's injury prone.  He needs to fully recover.  Rushing never works.  Ever.  For anyone.",217382.0,neutral,0.091,0.909,0.0,-0.4215
1oclhw9,1761077656.0,1530,0.96,110,Rumor,"Joe Burrow could realistically return for last three games of the season, per Ian Rapoport  If we are in playoff I would leave Flacco there.",163037.0,neutral,0.05,0.95,0.0,-0.0516
1oclhw9,1761072991.0,1020,0.96,110,Rumor,"Joe Burrow could realistically return for last three games of the season, per Ian Rapoport  I want to believe but I won’t let myself.",108691.0,neutral,0.0,0.948,0.052,0.0387
1oclhw9,1761076913.0,1020,0.96,110,Rumor,"Joe Burrow could realistically return for last three games of the season, per Ian Rapoport  Would rather he not return if we are not in the playoff hunt. Also hope to see Flacco back next season with us",108691.0,neutral,0.0,0.927,0.073,0.4404
1oclhw9,1761082159.0,510,0.96,110,Rumor,"Joe Burrow could realistically return for last three games of the season, per Ian Rapoport  Just enough time to tune it up for the playoffs.",54346.0,neutral,0.0,1.0,0.0,0.0
1oclhw9,1761098389.0,510,0.96,110,Rumor,"Joe Burrow could realistically return for last three games of the season, per Ian Rapoport  The thing is if there are in the mix/playoff hunt in mid December that means Flacco is doing well and producing as a competent QB. (5 TD 0 INT last two games against two top 10 defenses). Mid December is Dec. 14 Bengals are at home against Ravens, Flacco’s former team. He will be starting. Then it’s dolphins, cards, and Browns. It’s Game Theory at the end of the day. If Flacco plays well there is no need to bench him and rush Burrow back for a potential reinjury. If Flacco is playing bad they will be out of the playoff picture and there is no need to rush Burrow back for potential reinjury.",54346.0,neutral,0.058,0.854,0.088,0.296
1oclhw9,1761073010.0,1020,0.96,110,Rumor,"Joe Burrow could realistically return for last three games of the season, per Ian Rapoport  Realistically...

![gif](giphy|gZGlQX3wWAV1u)",108691.0,neutral,0.0,1.0,0.0,0.0
1oclhw9,1761076826.0,765,0.96,110,Rumor,"Joe Burrow could realistically return for last three games of the season, per Ian Rapoport  Script writers are working overtime on this one",81518.0,neutral,0.0,1.0,0.0,0.0
1oclhw9,1761076362.0,510,0.96,110,Rumor,"Joe Burrow could realistically return for last three games of the season, per Ian Rapoport  If Joe Flacco gets this team into the playoffs, they are much better off sticking with Flacco than reverting back",54346.0,neutral,0.0,0.921,0.079,0.4404
1oclhw9,1761079406.0,510,0.96,110,Rumor,"Joe Burrow could realistically return for last three games of the season, per Ian Rapoport  Seems like a horrible idea to bring him back to play in cold temperature games.",54346.0,neutral,0.102,0.756,0.142,0.1027
1oclhw9,1761081070.0,510,0.96,110,Rumor,"Joe Burrow could realistically return for last three games of the season, per Ian Rapoport  I hope Burrow can rush the opposing team QB.",54346.0,neutral,0.0,0.884,0.116,0.4404
1obtw2o,1760994755.0,15840,0.99,19,Football,DJ Turner ll is Stepping Up this Year  Him being this good is great because it’s one less guy we have to worry about when we try to rebuild the defense next year. Hopefully he’s breaking out and stays solid for awhile.,313632.0,neutral,0.056,0.69,0.254,0.8546
1obtw2o,1760994940.0,14850,0.99,19,Football,DJ Turner ll is Stepping Up this Year  It’s unfortunate ctb had to die for this,294030.0,positive,0.33,0.67,0.0,-0.7845
1obtw2o,1760998259.0,3960,0.99,19,Football,DJ Turner ll is Stepping Up this Year  He's giving me hope for this defense again,78408.0,positive,0.0,0.657,0.343,0.7003
1obtw2o,1761004062.0,3630,0.99,19,Football,"DJ Turner ll is Stepping Up this Year  We hit on a defensive pick, boys. Love to see it",71874.0,neutral,0.0,0.751,0.249,0.6486
1obtw2o,1761005434.0,1650,0.99,19,Football,"DJ Turner ll is Stepping Up this Year  If he finishes the season looking this good, we will have to give the FO props",32670.0,positive,0.0,0.872,0.128,0.5228
1obtw2o,1760998702.0,1320,0.99,19,Football,DJ Turner ll is Stepping Up this Year  Who is playing opposite of him most sets? Did Hill move from nickel to outside corner?,26136.0,positive,0.0,0.914,0.086,0.2869
1obtw2o,1761006105.0,1320,0.99,19,Football,DJ Turner ll is Stepping Up this Year  CTB is like William Jackson: great first year and then WTF???,26136.0,neutral,0.164,0.578,0.258,0.3832
1obtw2o,1761027558.0,660,0.99,19,Football,DJ Turner ll is Stepping Up this Year  He's under contract for one more year after this. Hopefully the Bengals wisen up and lock him up this off-season ,13068.0,negative,0.0,0.896,0.104,0.481
1obtw2o,1761014376.0,330,0.99,19,Football,DJ Turner ll is Stepping Up this Year  Atleast the Bengals have ONE draft pick on defense that's finally breaking out... if only if literally any of those recent d-line picks would start living up to expectations then maybe we wouldn't be completely dependent on Trey to rush a QB that is a literal statue.,6534.0,neutral,0.0,0.972,0.028,0.128
1obtw2o,1761030735.0,330,0.99,19,Football,DJ Turner ll is Stepping Up this Year  More reps is the only thing that can help these players grow.,6534.0,neutral,0.0,0.876,0.124,0.4019
1obtw2o,1761101823.0,330,0.99,19,Football,DJ Turner ll is Stepping Up this Year  Stepping up that price tag too.,6534.0,neutral,0.0,1.0,0.0,0.0
1obl9zt,1760981096.0,10028,0.96,26,Fact,Cameron Heyward punches Joe Flacco.  Steelers,259926.0,neutral,0.0,1.0,0.0,0.0
1obl9zt,1760977512.0,13516,0.96,26,Fact,"Cameron Heyward punches Joe Flacco.  Heyward is a bitch made piece of shit. He punched Justin Herbert in the stomach after a sack a couple years ago and it was chalked up to ""hard-nosed Steelers football"" as usual

Also Al Michaels said Burrow instead of Flacco lol",350335.0,neutral,0.145,0.801,0.055,-0.6808
1obl9zt,1760979097.0,14061,0.96,26,Fact,Cameron Heyward punches Joe Flacco.  some players embody their city. he’s a great example of that. dirty and disgusting like that city he plays in. ,364461.0,negative,0.186,0.56,0.254,0.3182
1obl9zt,1760991978.0,5559,0.96,26,Fact,Cameron Heyward punches Joe Flacco.  Just a Steeler doing the usual Steeler shit.,144089.0,neutral,0.247,0.753,0.0,-0.5574
1obl9zt,1760984525.0,5014,0.96,26,Fact,"Cameron Heyward punches Joe Flacco.  Pittsburgh Steelers player is a dirty piece of shit in broad daylight and the refs and the league look the other way, more at eleven.",129963.0,neutral,0.194,0.806,0.0,-0.7579
1obl9zt,1760985219.0,4578,0.96,26,Fact,Cameron Heyward punches Joe Flacco.  #Justice4Burfict,118662.0,neutral,0.0,1.0,0.0,0.0
1obl9zt,1760986754.0,4360,0.96,26,Fact,Cameron Heyward punches Joe Flacco.  But but but burfect remember him we have to punch because burfect that one time. Remember guys when they chirp about burfect if he was a Sqweeler he would be in there HOF,113011.0,positive,0.0,1.0,0.0,0.0
1obl9zt,1760989098.0,2289,0.96,26,Fact,Cameron Heyward punches Joe Flacco.  Fine him.,59331.0,negative,0.0,0.769,0.231,0.2023
1obl9zt,1760993019.0,2180,0.96,26,Fact,Cameron Heyward punches Joe Flacco.  piece of shit move from a historically piece of shit team.,56506.0,neutral,0.356,0.644,0.0,-0.802
1obl9zt,1760996961.0,981,0.96,26,Fact,Cameron Heyward punches Joe Flacco.  So the sky is blue & grass is green & 1+1 =2?,25428.0,positive,0.0,1.0,0.0,0.0
1obl9zt,1760991884.0,1417,0.96,26,Fact,Cameron Heyward punches Joe Flacco.  That’s assault brother,36729.0,neutral,0.352,0.648,0.0,-0.5859
1obl9zt,1760989451.0,2071,0.96,26,Fact,"Cameron Heyward punches Joe Flacco.  Considering that absolutely no one reacted to this punch, something tells me that he was just celebrating the sack. Mims and Karras are looking right at him.",53680.0,neutral,0.069,0.829,0.102,0.2975
1obl9zt,1761052724.0,545,0.96,26,Fact,Cameron Heyward punches Joe Flacco.  Not surprised. FTS.,14126.0,positive,0.192,0.808,0.0,-0.1695
1obl9zt,1761059985.0,327,0.96,26,Fact,"Cameron Heyward punches Joe Flacco.  You could show a steelers fan 15 examples and all they can murmur is “bontaz Vurbict!” 

Same ole same ole.",8476.0,neutral,0.0,0.899,0.101,0.3802
1obl9zt,1761012452.0,436,0.96,26,Fact,Cameron Heyward punches Joe Flacco.  I’m cheering for CTE for this SOB.  ,11301.0,positive,0.192,0.607,0.2,0.0345
1obl9zt,1761446668.0,218,0.96,26,Fact,"Cameron Heyward punches Joe Flacco.  i've said this for years, everyone in the AFCN should hate PIT the most. they are dirty af.  they stole a SB from CIN in 05, they ruined chubb's (cle) career, they tried to do the same to stanley (bal).  i'm sure there are others. 

f them. i hope they never get rid of tomlin, and live in purgatory forever.",5651.0,positive,0.138,0.79,0.072,-0.6969
1oa7ud4,1760830987.0,205750,0.99,25,Fandom,"jOreo  Jake looking at the tablet: “So, wait… you just need to throw it to 1 or 5 to be successful?” 

Joe and Joe: (look into the distance with exasperation, no verbal response). ",5296005.0,negative,0.068,0.932,0.0,-0.296
1oa7ud4,1760851287.0,96291,0.99,25,Fandom,jOreo  https://preview.redd.it/gz5ynn2x60wf1.jpeg?width=819&format=pjpg&auto=webp&s=dd03df4f8d5a1349887f90749ee170281256bf93,2478530.0,neutral,0.0,1.0,0.0,0.0
1oa7ud4,1760827634.0,62548,0.99,25,Fandom,jOreo  unshaven flacco staring right at the camera like dr. gregory house,1609986.0,neutral,0.0,0.815,0.185,0.3612
1oa7ud4,1760823584.0,16460,0.99,25,Fandom,jOreo  Cuddle buddies,423680.0,neutral,0.0,1.0,0.0,0.0
1oa7ud4,1760825196.0,47734,0.99,25,Fandom,jOreo  Why is he the only one reviewing film😭,1228673.0,negative,0.0,1.0,0.0,0.0
1oa7ud4,1760823618.0,17283,0.99,25,Fandom,"jOreo  “Lot of bench here boys, maybe scoot down a bit” ",444864.0,neutral,0.0,1.0,0.0,0.0
1oa7ud4,1760834283.0,5761,0.99,25,Fandom,jOreo  The horned helmet threw me,148288.0,neutral,0.0,1.0,0.0,0.0
1oa7ud4,1760829288.0,4938,0.99,25,Fandom,jOreo  This is a double stuff Oreo with only layer of cookie,127104.0,neutral,0.0,1.0,0.0,0.0
1oa7ud4,1760835524.0,10699,0.99,25,Fandom,jOreo  Flacco looks like hes waiting for the retirement home bus to come in this picture.,275392.0,positive,0.0,0.857,0.143,0.3612
1oa7ud4,1760830415.0,3292,0.99,25,Fandom,jOreo  That’s wrong 🤣🤣,84736.0,neutral,0.508,0.492,0.0,-0.4767
1oa7ud4,1760823637.0,3292,0.99,25,Fandom,"jOreo  Reese’s J’Oreo, with the Browning the middle",84736.0,neutral,0.0,1.0,0.0,0.0
1oa7ud4,1760882072.0,1646,0.99,25,Fandom,jOreo  Twice that night I thought they weren’t giving Flacco enough room on that bench. Maybe I fly too much.,42368.0,neutral,0.0,0.876,0.124,0.34
1oa7ud4,1760843749.0,823,0.99,25,Fandom,jOreo  A Jake between two Joes,21184.0,neutral,0.0,1.0,0.0,0.0
1oa7ud4,1761364937.0,823,0.99,25,Fandom,jOreo  This needs to be meme material.,21184.0,neutral,0.0,1.0,0.0,0.0
1o9yo5a,1760806027.0,16302,1.0,10,Fact,Instant classic  https://i.redd.it/6dg56e8cgwvf1.gif,179322.0,neutral,0.0,1.0,0.0,0.0
1o9yo5a,1760802595.0,13832,1.0,10,Fact,Instant classic  https://preview.redd.it/f8w7pju46wvf1.png?width=328&format=png&auto=webp&s=f2d90eeda2e8806fd0a89b0333ac2642dbc541b0,152152.0,neutral,0.0,1.0,0.0,0.0
1o9yo5a,1760806626.0,6916,1.0,10,Fact,"Instant classic  You're my boy, Blue!",76076.0,negative,0.0,1.0,0.0,0.0
1o9yo5a,1760804841.0,3952,1.0,10,Fact,Instant classic  IT BELONGS IN A MUSEUM!,43472.0,negative,0.0,1.0,0.0,0.0
1o9yo5a,1760841023.0,1976,1.0,10,Fact,Instant classic  https://preview.redd.it/xybkosceczvf1.jpeg?width=781&format=pjpg&auto=webp&s=ef2ec381bc7f08bc6cc049ce072ce64abaff95ed,21736.0,negative,0.0,1.0,0.0,0.0
1o9yo5a,1760817847.0,1482,1.0,10,Fact,Instant classic  Lmfao,16302.0,neutral,0.0,0.364,0.636,0.5423
1o9yo5a,1760845716.0,988,1.0,10,Fact,Instant classic  😂😂😂,10868.0,negative,0.0,1.0,0.0,0.0
1o9yo5a,1760898485.0,988,1.0,10,Fact,Instant classic  https://preview.redd.it/4vj3abj934wf1.png?width=439&format=png&auto=webp&s=258f62bd4b217f94cfa61230ea6e8b1925e313b9,10868.0,neutral,0.0,1.0,0.0,0.0
1o99zg5,1760728505.0,21733,0.97,29,Fact,"Darth Burrow 2026 incoming???  Well, half his body has been destroyed...

![gif](giphy|goW8rTeolmtSNvwNIq)",632430.0,neutral,0.0,0.79,0.21,0.4464
1o99zg5,1760730460.0,14348,0.97,29,Fact,Darth Burrow 2026 incoming???  https://preview.redd.it/yz7sqfum7qvf1.jpeg?width=1104&format=pjpg&auto=webp&s=14ff20f85c2115dbe534975eecdf02db44955c82,417527.0,neutral,0.0,1.0,0.0,0.0
1o99zg5,1760727636.0,3587,0.97,29,Fact,Darth Burrow 2026 incoming???  ![gif](giphy|3o7abspvhYHpMnHSuc),104382.0,neutral,0.0,1.0,0.0,0.0
1o99zg5,1760737960.0,6963,0.97,29,Fact,Darth Burrow 2026 incoming???  https://preview.redd.it/15wpzwmxtqvf1.png?width=1290&format=png&auto=webp&s=d255d7a2a871c73d2e723e59c81e473112b0236e,202623.0,negative,0.0,1.0,0.0,0.0
1o99zg5,1760727922.0,5697,0.97,29,Fact,Darth Burrow 2026 incoming???  We’re going 17-0 next season with him,165783.0,neutral,0.0,1.0,0.0,0.0
1o99zg5,1760733983.0,3165,0.97,29,Fact,"Darth Burrow 2026 incoming???  I hope he corn rows it when he comes back

https://preview.redd.it/9c67wy24iqvf1.jpeg?width=1024&format=pjpg&auto=webp&s=a8a176edf8c21080775d6acae8ea0ef4fe00a370",92101.0,neutral,0.0,0.771,0.229,0.594
1o99zg5,1760732725.0,422,0.97,29,Fact,Darth Burrow 2026 incoming???  My 17 year old has the same exact hair cut.,12280.0,neutral,0.169,0.831,0.0,-0.3899
1o99zg5,1760749243.0,422,0.97,29,Fact,Darth Burrow 2026 incoming???  Istg if Burrow doesn’t pass for 6k yards next season to make up for everything he could have done I will lowkey just lose it,12280.0,negative,0.107,0.893,0.0,-0.5007
1o99zg5,1760764316.0,422,0.97,29,Fact,Darth Burrow 2026 incoming???  ![gif](giphy|3ohuAsQcmrk3c8XgMU),12280.0,negative,0.0,1.0,0.0,0.0
1o99zg5,1760749572.0,211,0.97,29,Fact,Darth Burrow 2026 incoming???  gonna have to dress like him at this rate,6140.0,negative,0.0,0.798,0.202,0.466
1o99zg5,1760752793.0,211,0.97,29,Fact,Darth Burrow 2026 incoming???  Can't find a picture but don't you guys remember hooded Darth Dalton?,6140.0,neutral,0.0,1.0,0.0,0.0
1o99zg5,1760795626.0,211,0.97,29,Fact,"Darth Burrow 2026 incoming???  https://preview.redd.it/l8okyw8blvvf1.png?width=734&format=png&auto=webp&s=746b6dad99f302c8d7f1e76b54f8d40fe759c613

I want this look!",6140.0,neutral,0.0,0.733,0.267,0.372
1o99zg5,1760920012.0,211,0.97,29,Fact,"Darth Burrow 2026 incoming???  You mean, glass jaw Burrow???",6140.0,neutral,0.0,1.0,0.0,0.0
1o99zg5,1760740443.0,211,0.97,29,Fact,Darth Burrow 2026 incoming???  Heel,6140.0,neutral,0.0,1.0,0.0,0.0
1o96cix,1760723116.0,36846,0.99,22,Spicy,⚡⚡⚡ UNC LIGHTNING ⚡⚡⚡ T\_T  This was my favorite play of the game. We all knew tee and jamarr were gonna ball but NO ONE saw this coming,838983.0,neutral,0.12,0.767,0.113,-0.2958
1o96cix,1760725060.0,25632,0.99,22,Spicy,⚡⚡⚡ UNC LIGHTNING ⚡⚡⚡ T\_T  https://preview.redd.it/4llxwf6lrpvf1.jpeg?width=1080&format=pjpg&auto=webp&s=3f16a8197665c2fa4f5617c1f6f6ae082a44eb45,583641.0,neutral,0.0,1.0,0.0,0.0
1o96cix,1760720413.0,41118,0.99,22,Spicy,"⚡⚡⚡ UNC LIGHTNING ⚡⚡⚡ T\_T  Joe ""Lamar Jackson"" Flacco",936257.0,negative,0.0,1.0,0.0,0.0
1o96cix,1760727031.0,19758,0.99,22,Spicy,⚡⚡⚡ UNC LIGHTNING ⚡⚡⚡ T\_T  He actually looked surprisingly athletic gliding through with the smooth slide.  This guy is aging like a fine wine.,449890.0,positive,0.0,0.755,0.245,0.6705
1o96cix,1760733245.0,10680,0.99,22,Spicy,⚡⚡⚡ UNC LIGHTNING ⚡⚡⚡ T\_T  https://preview.redd.it/c4o01m6xfqvf1.png?width=750&format=png&auto=webp&s=8b44f9976ec68b741d1988bb3828c2beb9ac8243,243184.0,positive,0.0,1.0,0.0,0.0
1o96cix,1760725784.0,8010,0.99,22,Spicy,⚡⚡⚡ UNC LIGHTNING ⚡⚡⚡ T\_T  ELITE DRAGON HAS WINGS 🐉,182388.0,positive,0.0,1.0,0.0,0.0
1o96cix,1760722835.0,12816,0.99,22,Spicy,⚡⚡⚡ UNC LIGHTNING ⚡⚡⚡ T\_T  Great play call tbh. Tomlin couldn't believe it,291820.0,negative,0.0,0.629,0.371,0.7579
1o96cix,1760787866.0,2136,0.99,22,Spicy,⚡⚡⚡ UNC LIGHTNING ⚡⚡⚡ T\_T  That was a great fake hand off as well.  His the ball really well,48637.0,positive,0.112,0.471,0.417,0.8126
1o96cix,1760755749.0,1602,0.99,22,Spicy,"⚡⚡⚡ UNC LIGHTNING ⚡⚡⚡ T\_T  *In a flash, the white tiger strikes. Covering an expanse of grassland before his prey can sense he is on the move.*

*The bumbling Pennsylvanian stands no chance, defeat and darkness are all that await.*",36478.0,positive,0.212,0.744,0.044,-0.7717
1o96cix,1760821131.0,1068,0.99,22,Spicy,⚡⚡⚡ UNC LIGHTNING ⚡⚡⚡ T\_T  ![gif](giphy|ABuS6QdjPIcTu7EU7P|downsized),24318.0,positive,0.0,1.0,0.0,0.0
1o96cix,1760794396.0,534,0.99,22,Spicy,⚡⚡⚡ UNC LIGHTNING ⚡⚡⚡ T\_T  ![gif](giphy|9ekZwVf14pbDNIZV42|downsized),12159.0,neutral,0.0,1.0,0.0,0.0
1o96cix,1760795652.0,534,0.99,22,Spicy,"⚡⚡⚡ UNC LIGHTNING ⚡⚡⚡ T\_T  Sharing this with our fellow Flacco enjoyers bc it’s all I heard the second he took off

https://www.youtube.com/watch?v=f192tWhSE0I",12159.0,positive,0.0,0.769,0.231,0.7184
1o956bi,1760719575.0,189826,1.0,22,Fandom,"I love our social media team  I’m sorry? Someone that is paid to analyze football thought this game would be 26-0? That person should immediately be fired. How can you look at the Steelers defense, a defense that gave up like 30 to the Jets, and think “ah yes, the bengals probably won’t score any points this game”. Absolute lunacy",4365998.0,neutral,0.071,0.743,0.186,0.782
1o956bi,1760719939.0,50064,1.0,22,Fandom,"I love our social media team  Other than Paul Dehner, none of these experts looked at the record of a AFC North team on the road against another division team on Thursday night. It is now 0 - 10 for the visitors.  It’s a tough division.",1151472.0,neutral,0.034,0.872,0.094,0.5719
1o956bi,1760726465.0,23989,1.0,22,Fandom,I love our social media team  Funnily enough the two former Bengals on the broadcast both picked the Bengals.  Who Dey.,551747.0,positive,0.0,0.717,0.283,0.7964
1o956bi,1760721018.0,19817,1.0,22,Fandom,I love our social media team  Man I didn't look at the scores the first time I saw this and didn't realize just how much they thought Pittsburgh would stomp us.,455791.0,positive,0.0,0.865,0.135,0.6369
1o956bi,1760738426.0,6258,1.0,22,Fandom,I love our social media team  26-0 LMAO,143934.0,positive,0.0,0.361,0.639,0.87
1o956bi,1760729104.0,5215,1.0,22,Fandom,I love our social media team  The spread was 5.5. None of them even had us covering 😂,119945.0,positive,0.0,0.781,0.219,0.6369
1o956bi,1760751679.0,4172,1.0,22,Fandom,I love our social media team  Even Nick Wright picked the Bengals and said something to the effect of “I wouldn’t be surprised in the slightest if Flacco put 30 on that defense.”,95956.0,positive,0.0,0.831,0.169,0.7269
1o956bi,1760721378.0,7301,1.0,22,Fandom,"I love our social media team  I'm surprised they were so confident about the Steelers winning considering Tomlin had a record of 2-9 on road TNF games and 0-6 against AFC North teams, before last night. Tomlin's worse than even Marvin Lewis when it comes to TNF.",167923.0,neutral,0.055,0.705,0.24,0.8889
1o956bi,1760733285.0,1043,1.0,22,Fandom,I love our social media team  I bet the spread and not the ML! Ye of little faith I am!,23989.0,positive,0.0,0.673,0.327,0.8069
1o956bi,1760841515.0,1043,1.0,22,Fandom,I love our social media team  I like when they said they are glizzy gobblers,23989.0,positive,0.0,0.621,0.379,0.7717
1o956bi,1761332513.0,1043,1.0,22,Fandom,"I love our social media team  LOL, the Predictions thought we were gonna get shitstomped.

It turned out to be a close game and close W for Cincy.",23989.0,positive,0.0,0.748,0.252,0.8286
1o93yvn,1760714259.0,54648,0.97,76,Spicy,ESPN blows Bengals w Oh are the Ravens sending us Lamar for Flacco? Love to have that guy for some third down situations.,4081659.0,neutral,0.0,0.833,0.167,0.6369
1o93yvn,1760714365.0,53064,0.97,76,Spicy,ESPN blows Bengals w The world needs a break from Peter Schrager,3963350.0,positive,0.0,1.0,0.0,0.0
1o93yvn,1760714982.0,41580,0.97,76,Spicy,"ESPN blows Bengals w Need ESPN to explain their ""analytics"" giving Baltimore, a 1-5 team, a 22% chance to win the division while giving Cincinnati, a 3-4 team, only a 12% chance to win the division.

Or hell, why Cleveland, the other AFC North team with a bottom of the division 1-5 record, has a less than 1% chance of winning the division while Baltimore has a 22% chance?

Is it because Lamar is expected to return in week 8?  Does Baltimore have a comparatively easier schedule?  Preseason expectation?  Something else?  Just want to know their ""logic"" because it is not immediately logical.",3105610.0,negative,0.04,0.71,0.25,0.965
1o93yvn,1760718430.0,9108,0.97,76,Spicy,"ESPN blows Bengals w to be fair, and still fuck the ravens, I think that is based on Lamar Jackson coming back sooner than Joe Burrow",680277.0,negative,0.126,0.791,0.083,-0.296
1o93yvn,1760715542.0,17820,0.97,76,Spicy,ESPN blows Bengals w Ravens looked bad *with* Lamar on the field. They got more problems than his hamstring.,1330976.0,positive,0.289,0.711,0.0,-0.7574
1o93yvn,1760739000.0,3564,0.97,76,Spicy,ESPN blows Bengals w Same ESPN who thought the trade for Flacco was stupid. Yeah okay,266195.0,neutral,0.174,0.615,0.21,-0.0772
1o93yvn,1760717490.0,3564,0.97,76,Spicy,"ESPN blows Bengals w I mean I get that 90% of the time these segments are written by shit-stirring producers, but it would be nice, just once, to see one of the talking heads just say “nope I’m not doing this”",266195.0,positive,0.0,0.909,0.091,0.5719
1o93yvn,1760741849.0,1584,0.97,76,Spicy,"ESPN blows Bengals w Brandon Astreicher's article in Apple News this morning cites these odds after last night's game:

Bengals:
Division - 16.9%, up from 8.4%
Playoffs - 27.1%, up from 18.6%

Steelers:
Division - 67.8%, down from 85%
Playoffs - 77%, down from 89.4%

Ravens:
Division - 6.8%, up from 1.6%
Playoffs - 9.2%, up from 8.8%

Browns:
Division - 2.2%, up from 1.4%
Playoffs - 4.3%, up from 3.9%

These look more realistic than the ones ESPN are touting...

(Edited to correct spelling)",118309.0,neutral,0.0,1.0,0.0,0.0
1o93yvn,1760742433.0,1584,0.97,76,Spicy,ESPN blows Bengals w We are the Rodney Dangerfield of the NFL,118309.0,positive,0.0,1.0,0.0,0.0
1o93yvn,1760723131.0,3564,0.97,76,Spicy,ESPN blows Bengals w Historically teams that have started 1-5 have made the postseason 6% of the time. Surely winning the division is even less than that.,266195.0,negative,0.0,0.792,0.208,0.743
1o93yvn,1760747475.0,1188,0.97,76,Spicy,ESPN blows Bengals w ESPN has been awful for a while now.,88732.0,neutral,0.25,0.75,0.0,-0.4588
1o93yvn,1760719448.0,1584,0.97,76,Spicy,ESPN blows Bengals w Collinsworth is somehow glazin' Mahomes while everyone is talking about this game.,118309.0,neutral,0.0,1.0,0.0,0.0
1o93yvn,1760752455.0,396,0.97,76,Spicy,ESPN blows Bengals w Just following the oddsmakers,29577.0,positive,0.0,1.0,0.0,0.0
1o93yvn,1760757723.0,396,0.97,76,Spicy,ESPN blows Bengals w ESPN will be calling them superbowl favorites all the way up until they're mathematically eliminated from playoff contention.,29577.0,positive,0.0,0.877,0.123,0.4215
1o93yvn,1760790966.0,396,0.97,76,Spicy,ESPN blows Bengals w The ravens?!? The 1-5 fucking ravens?!?,29577.0,positive,0.0,1.0,0.0,0.0
1o93yvn,1760791911.0,396,0.97,76,Spicy,ESPN blows Bengals w Dan Orlovsky predicted the Steelers to start 0-6. Never listen to these schmucks.,29577.0,positive,0.0,1.0,0.0,0.0
1o93yvn,1760728821.0,396,0.97,76,Spicy,"ESPN blows Bengals w The Ravens are so fucked, that i would have sympathy for them, were they pretty much any other team.",29577.0,negative,0.192,0.614,0.194,-0.2302
1o93jxq,1760731134.0,2205,0.95,3,Fandom,"Remember annoyed pajama kid? This is him now. Feel old yet?  Game was a meme factory. 

Flacco shocked face is the new Pikachu.",8379.0,neutral,0.208,0.792,0.0,-0.644
1o93jxq,1760730717.0,147,0.95,3,Fandom,"Remember annoyed pajama kid? This is him now. Feel old yet?  ""MOM! I NEED A RIDE TO WARPED TOUR!""",559.0,positive,0.181,0.819,0.0,-0.549
1o93jxq,1760926989.0,147,0.95,3,Fandom,"Remember annoyed pajama kid? This is him now. Feel old yet?  He was great in Office Space too.

https://preview.redd.it/y3l5zzy0g6wf1.png?width=1080&format=png&auto=webp&s=5da693009b27db6e0777ca26028cbd92aab40cbc",559.0,neutral,0.107,0.701,0.191,0.466
1o92qgh,1760719570.0,23306,1.0,11,Spicy,Joe Calm  https://i.redd.it/r5i09959bpvf1.gif,279672.0,positive,0.0,0.465,0.535,0.3182
1o92qgh,1760716940.0,14092,1.0,11,Spicy,Joe Calm  This post made me realize that I need Ja’Marr Chase griddy stickers,169104.0,positive,0.0,0.839,0.161,0.3182
1o92qgh,1760736523.0,2710,1.0,11,Spicy,"Joe Calm  So let's say Flacco turns it around and the Bengals are looking playoff bound by mid-December. Should a freshly returned from IR Joe Burrow take it from there or should Flacco be given the chance to finish the year out? Kind of wondering what the general sentiment is on this hypothetical at this point.

I'm not saying I confidently believe we'll be in playoff contention or Burrow will return this season, but there's obviously a chance.",32520.0,negative,0.023,0.905,0.072,0.4354
1o92qgh,1760727996.0,1626,1.0,11,Spicy,Joe Calm  One thing for sure is Mike Tomlin is no fan of Andrew Berry.,19512.0,neutral,0.109,0.547,0.343,0.5719
1o92qgh,1760725186.0,1084,1.0,11,Spicy,Joe Calm  Joe 2 Cool,13008.0,neutral,0.0,0.303,0.697,0.5574
1o92qgh,1760751157.0,542,1.0,11,Spicy,Joe Calm  Didn’t we just do this with Jake’s punk ass. Let’s wait another game or two before talking about the what ifs.,6504.0,negative,0.131,0.784,0.086,-0.296
1o91nie,1760708770.0,8778,0.97,40,Spicy,I think Zac has a man crush on Joe Flacco… Dude is gushing over how ELITE Flacco was last night.  Flacco deal may have saved a lot of peoples jobs,349101.0,positive,0.054,0.85,0.095,0.296
1o91nie,1760708532.0,8778,0.97,40,Spicy,I think Zac has a man crush on Joe Flacco… Dude is gushing over how ELITE Flacco was last night.  Id love anyone who was on pace to save my job too.,349101.0,positive,0.044,0.75,0.206,0.7783
1o91nie,1760709113.0,2166,0.97,40,Spicy,I think Zac has a man crush on Joe Flacco… Dude is gushing over how ELITE Flacco was last night.  So do I.,86142.0,negative,0.074,0.926,0.0,-0.1531
1o91nie,1760709157.0,3306,0.97,40,Spicy,I think Zac has a man crush on Joe Flacco… Dude is gushing over how ELITE Flacco was last night.  No shit he should be sucking him off for saving his dumb ass,131480.0,negative,0.353,0.647,0.0,-0.9217
1o91nie,1760712905.0,684,0.97,40,Spicy,I think Zac has a man crush on Joe Flacco… Dude is gushing over how ELITE Flacco was last night.  Who doesn't after last night,27203.0,negative,0.068,0.932,0.0,-0.1531
1o91nie,1760715852.0,798,0.97,40,Spicy,I think Zac has a man crush on Joe Flacco… Dude is gushing over how ELITE Flacco was last night.  He should get in line and pack a lunch cause it’s a long line.,31736.0,negative,0.052,0.948,0.0,-0.1531
1o91nie,1760712548.0,570,0.97,40,Spicy,I think Zac has a man crush on Joe Flacco… Dude is gushing over how ELITE Flacco was last night.  Don’t we all?,22669.0,positive,0.074,0.926,0.0,-0.1531
1o91nie,1760710460.0,684,0.97,40,Spicy,I think Zac has a man crush on Joe Flacco… Dude is gushing over how ELITE Flacco was last night.  I think  zac had a man crush on anyone who get the Ws and save his job,27203.0,positive,0.088,0.824,0.088,0.25
1o91nie,1760717373.0,342,0.97,40,Spicy,I think Zac has a man crush on Joe Flacco… Dude is gushing over how ELITE Flacco was last night.  You mean you don’t after last night? I do.,13601.0,neutral,0.06,0.94,0.0,-0.1531
1o91nie,1760709677.0,456,0.97,40,Spicy,I think Zac has a man crush on Joe Flacco… Dude is gushing over how ELITE Flacco was last night.  Basically daboll to Jaxon dart. Bro knows that Flacco saved his job for now.,18135.0,neutral,0.047,0.872,0.081,0.296
1o91nie,1760710771.0,1596,0.97,40,Spicy,"I think Zac has a man crush on Joe Flacco… Dude is gushing over how ELITE Flacco was last night.  I'd love to hear the mic inside Joe's helmet....Zac just saying, ""ugh, Joe you call something, I have no idea what I am doing."" 

Flacco practically confirmed in the post game interview that he didn't know some of the plays and just improvised.

Burrow basically said the same thing in the Quarterback doc from last year's season too.",63473.0,positive,0.048,0.875,0.077,0.5267
1o91nie,1760709758.0,228,0.97,40,Spicy,I think Zac has a man crush on Joe Flacco… Dude is gushing over how ELITE Flacco was last night.  I do too,9068.0,positive,0.078,0.922,0.0,-0.1531
1o91nie,1760712671.0,228,0.97,40,Spicy,I think Zac has a man crush on Joe Flacco… Dude is gushing over how ELITE Flacco was last night.  Me too!,9068.0,positive,0.091,0.909,0.0,-0.2244
1o91nie,1760714873.0,228,0.97,40,Spicy,I think Zac has a man crush on Joe Flacco… Dude is gushing over how ELITE Flacco was last night.  Flacco might save my career!!,9068.0,positive,0.061,0.796,0.143,0.4912
1o91nie,1760715929.0,228,0.97,40,Spicy,I think Zac has a man crush on Joe Flacco… Dude is gushing over how ELITE Flacco was last night.  Don't we all?,9068.0,positive,0.074,0.926,0.0,-0.1531
1o91nie,1760819298.0,228,0.97,40,Spicy,I think Zac has a man crush on Joe Flacco… Dude is gushing over how ELITE Flacco was last night.  id gush over someone who saved my job making millions when i don't deserve the job.,9068.0,negative,0.045,0.876,0.079,0.296
1o91nie,1760714334.0,114,0.97,40,Spicy,I think Zac has a man crush on Joe Flacco… Dude is gushing over how ELITE Flacco was last night.  You say that like it's a bad thing.,4534.0,positive,0.172,0.743,0.084,-0.3818
1o91nie,1760716255.0,114,0.97,40,Spicy,I think Zac has a man crush on Joe Flacco… Dude is gushing over how ELITE Flacco was last night.  I have a man crush on Flacco.  He looked GOOD.,4534.0,neutral,0.107,0.771,0.122,0.347
1o91nie,1760716554.0,114,0.97,40,Spicy,I think Zac has a man crush on Joe Flacco… Dude is gushing over how ELITE Flacco was last night.  Let’s goooooo,4534.0,neutral,0.078,0.922,0.0,-0.1531
1o91nie,1760720674.0,114,0.97,40,Spicy,"I think Zac has a man crush on Joe Flacco… Dude is gushing over how ELITE Flacco was last night.  I mean, I kinda do too.",4534.0,neutral,0.071,0.929,0.0,-0.1531
1o91cqi,1760711312.0,2431,0.99,4,Fandom,"For the first time in a long time, I woke up this morning as a happy Bengals fan. Beating Shittsburgh always hits different. Us fans deserved that win last night. somebody give a big THANK YOU to cleveland for Joe Flacco though. Blessing from the gods that cleveland traded this elite QB to a division rival",12033.0,positive,0.047,0.701,0.253,0.9222
1o91cqi,1760719792.0,442,0.99,4,Fandom,"For the first time in a long time, I woke up this morning as a happy Bengals fan. Beating Shittsburgh always hits different. Us fans deserved that win last night. lol good old Cleveland and their QB merry go round",2188.0,negative,0.058,0.577,0.365,0.9432
1o91cqi,1760821623.0,221,0.99,4,Fandom,"For the first time in a long time, I woke up this morning as a happy Bengals fan. Beating Shittsburgh always hits different. Us fans deserved that win last night. Flacco v. Mayfield in the Super Bowl. LFG.",1094.0,neutral,0.064,0.642,0.293,0.8934
1o8t6ps,1760682918.0,39936,1.0,14,Drunk,"Who called it? I'm drunk and lazy to scroll.  26-0 also predicted like 59-0 for patriots-titans. Where the fuck do I sign up for his job, cause literally anyone could do it",599040.0,positive,0.222,0.712,0.066,-0.7096
1o8t6ps,1760685227.0,12480,1.0,14,Drunk,Who called it? I'm drunk and lazy to scroll.  Adam Rank disaster class,187200.0,positive,0.474,0.526,0.0,-0.8402
1o8t6ps,1760686527.0,8320,1.0,14,Drunk,Who called it? I'm drunk and lazy to scroll.  Flacc the Steelers!,124800.0,positive,0.342,0.658,0.0,-0.636
1o8t6ps,1760705112.0,4576,1.0,14,Drunk,"Who called it? I'm drunk and lazy to scroll.  I took the over (44.5) and saw this graphic right before kickoff. I couldn't believe they pretty much all pcked the under.

It seemed obvious the Icy Hot Bowl would be a shootout.",68640.0,neutral,0.173,0.827,0.0,-0.7599
1o8t6ps,1760696836.0,2496,1.0,14,Drunk,Who called it? I'm drunk and lazy to scroll.  /u/TangBoy50000 you beaut!,37440.0,neutral,0.309,0.536,0.155,-0.3802
1o8t6ps,1760725594.0,2080,1.0,14,Drunk,"Who called it? I'm drunk and lazy to scroll.  Brendan Perna, a NFL youtuber I watch had Bengals winning this one.  Someone got it.",31200.0,negative,0.179,0.696,0.125,-0.128
1o8t6ps,1760799224.0,2080,1.0,14,Drunk,Who called it? I'm drunk and lazy to scroll.  Flaccoround and find out!,31200.0,positive,0.321,0.679,0.0,-0.636
1o8k9ft,1760655292.0,10062,0.99,32,Fandom,"Came in just in time  I can’t believe you bought that, you masochist",328726.0,neutral,0.197,0.803,0.0,-0.4019
1o8k9ft,1760671656.0,3042,0.99,32,Fandom,"Came in just in time  https://preview.redd.it/ggcrte4rclvf1.jpeg?width=4284&format=pjpg&auto=webp&s=32c98ce5aef1f12ba73a54b015ffee41d5b21e31

Improvise. Adapt. Overcome.",99382.0,positive,0.0,1.0,0.0,0.0
1o8k9ft,1760666141.0,1872,0.99,32,Fandom,"Came in just in time  Since you've got money to spare, may I request perchance a Jamar jersey?",61158.0,positive,0.0,1.0,0.0,0.0
1o8k9ft,1760656924.0,936,0.99,32,Fandom,Came in just in time  DUB,30579.0,positive,0.0,1.0,0.0,0.0
1o8k9ft,1760672089.0,936,0.99,32,Fandom,Came in just in time  I’m buying one if we make the playoffs.,30579.0,positive,0.0,1.0,0.0,0.0
1o8k9ft,1760718396.0,234,0.99,32,Fandom,Came in just in time  Thank you for adding to the good juju,7645.0,positive,0.0,0.671,0.329,0.6597
1o8ez5o,1760641312.0,46965,0.99,112,Lies,"So that’s an automatic win for us right? Or does that only work I can't believe these supposed ""experts"" are picking against our pass rush of Ossai and Murphy. 😤",5253975.0,positive,0.0,0.877,0.123,0.5859
1o8ez5o,1760642737.0,39060,0.99,112,Lies,So that’s an automatic win for us right? Or does that only work 26-0 Zac Taylor better be dragged out of his office,4369642.0,positive,0.043,0.717,0.24,0.7579
1o8ez5o,1760642109.0,102300,0.99,112,Lies,So that’s an automatic win for us right? Or does that only work 26-0 can go fuck himself. We will at least get a fg for fucks sake,11444301.0,positive,0.192,0.698,0.11,-0.4215
1o8ez5o,1760642065.0,28365,0.99,112,Lies,So that’s an automatic win for us right? Or does that only work 26-0?…. Jesus lol,3173193.0,positive,0.0,0.668,0.332,0.7882
1o8ez5o,1760641443.0,12090,0.99,112,Lies,"So that’s an automatic win for us right? Or does that only work Anything is possible in sports but let’s ask a question.  

Would you bet your own money on it?",1352508.0,positive,0.0,0.913,0.087,0.4137
1o8ez5o,1760642362.0,9300,0.99,112,Lies,So that’s an automatic win for us right? Or does that only work 26-0 lol 😂 I mean it’s technically possible but that’s a pretty bold prediction,1040391.0,positive,0.0,0.625,0.375,0.9001
1o8ez5o,1760642310.0,13020,0.99,112,Lies,"So that’s an automatic win for us right? Or does that only work We’re winning this game. I had a vision come to me today, it told me to fire up Chase Brown. 


Starting him in 3 fantasy leagues, 100 and a TD is otw, god wills it, I’m just the messenger.",1456547.0,positive,0.042,0.758,0.199,0.836
1o8ez5o,1760642815.0,3255,0.99,112,Lies,So that’s an automatic win for us right? Or does that only work If ever there was a trap game...,364137.0,positive,0.1,0.736,0.165,0.3612
1o8ez5o,1760670399.0,2790,0.99,112,Lies,So that’s an automatic win for us right? Or does that only work FLACCO DESIGNED FUCKING RUN LMFAO,312117.0,positive,0.0,0.64,0.36,0.8752
1o8ez5o,1760641525.0,5580,0.99,112,Lies,So that’s an automatic win for us right? Or does that only work I expect nothing but it would be hilarious if we smack the shit out of them.,624235.0,neutral,0.0,0.686,0.314,0.9091
1o8ez5o,1760642021.0,1860,0.99,112,Lies,So that’s an automatic win for us right? Or does that only work Feels like a trap game for Pit. Still have zero expectations of a W.,208078.0,neutral,0.075,0.719,0.206,0.6124
1o8ez5o,1760643232.0,1860,0.99,112,Lies,"So that’s an automatic win for us right? Or does that only work Oh, c'mon.  The Steelers are not that good.  And the Bengals are not that bad.

I hope.",208078.0,positive,0.132,0.686,0.182,0.4287
1o8ez5o,1760672691.0,2790,0.99,112,Lies,So that’s an automatic win for us right? Or does that only work This aged so well,312117.0,positive,0.0,0.696,0.304,0.7609
1o8ez5o,1760680554.0,2325,0.99,112,Lies,So that’s an automatic win for us right? Or does that only work On brand clown behavior from Adam Rank,260098.0,positive,0.0,0.833,0.167,0.5859
1o8ez5o,1760669334.0,1395,0.99,112,Lies,So that’s an automatic win for us right? Or does that only work Have already scored more than anybody thought we would lol,156059.0,positive,0.0,0.761,0.239,0.765
1o8ez5o,1760672472.0,1395,0.99,112,Lies,So that’s an automatic win for us right? Or does that only work Wonderful win guys. Mad respect from a Dirty Bird.,156059.0,neutral,0.172,0.423,0.406,0.8519
1o8ez5o,1760713821.0,1860,0.99,112,Lies,So that’s an automatic win for us right? Or does that only work A. Rank can suck a big one,208078.0,neutral,0.122,0.717,0.16,0.2263
1o8ez5o,1760642031.0,1395,0.99,112,Lies,So that’s an automatic win for us right? Or does that only work Adam Rank is a clown if that prediction wasn’t a typo,156059.0,neutral,0.0,0.847,0.153,0.5859
1o8ez5o,1760644802.0,1395,0.99,112,Lies,So that’s an automatic win for us right? Or does that only work If 26-0 happens I expect nothing less then Zac firing,156059.0,negative,0.082,0.771,0.147,0.3947
1o8ez5o,1760644966.0,1395,0.99,112,Lies,So that’s an automatic win for us right? Or does that only work Even MJD has us scoring 10 and he hates us. Rank might be taking too much Tylenol. /s,156059.0,neutral,0.081,0.812,0.106,0.2263
1o88elp,1760627140.0,14934,0.99,15,Fandom,Made this in my engineering class WHO DEY! It's a manufacturing methods class and we used a waterjet and plexiglass and got to paint them Damn that logo is so much better than the ‘B’. Nicely done!,236555.0,neutral,0.065,0.774,0.161,0.6075
1o88elp,1760629988.0,3144,0.99,15,Fandom,"Made this in my engineering class WHO DEY! It's a manufacturing methods class and we used a waterjet and plexiglass and got to paint them Awesome job, thanks for sharing! Normally, I used think stuff like this isn’t “making” but I’m really impressed. It must’ve taken a lot to practice things with the software. Even just painting this is a cool accomplishment! Thanks for widening my mind, who dey!!!!",49801.0,neutral,0.0,0.734,0.266,0.9623
1o88elp,1760636811.0,1572,0.99,15,Fandom,Made this in my engineering class WHO DEY! It's a manufacturing methods class and we used a waterjet and plexiglass and got to paint them Are you taking orders? Loo,24900.0,positive,0.0,1.0,0.0,0.0
1o88elp,1760629190.0,1179,0.99,15,Fandom,Made this in my engineering class WHO DEY! It's a manufacturing methods class and we used a waterjet and plexiglass and got to paint them very nice!! how big is it?,18675.0,positive,0.0,0.876,0.124,0.6084
1o88elp,1760635824.0,1179,0.99,15,Fandom,"Made this in my engineering class WHO DEY! It's a manufacturing methods class and we used a waterjet and plexiglass and got to paint them Damn, that’s perfect!",18675.0,positive,0.087,0.775,0.138,0.3786
1o88elp,1760640854.0,1179,0.99,15,Fandom,Made this in my engineering class WHO DEY! It's a manufacturing methods class and we used a waterjet and plexiglass and got to paint them Nice!!! This would look sick placed in front of a white LED screen/panel,18675.0,positive,0.111,0.82,0.07,-0.3956
1o88elp,1760665379.0,786,0.99,15,Fandom,Made this in my engineering class WHO DEY! It's a manufacturing methods class and we used a waterjet and plexiglass and got to paint them Dang that looks really well done dude,12450.0,positive,0.0,0.915,0.085,0.3989
1o84dl1,1760616710.0,119064,0.98,57,Lies,Anyone else excited to watch our dynamic offense in prime time tonight?  https://preview.redd.it/wu1ynqjetgvf1.jpeg?width=1229&format=pjpg&auto=webp&s=0fb9ba134c6f43aee1dc8cebef4cef4298f2bfd3,6767598.0,positive,0.115,0.576,0.309,0.5204
1o84dl1,1760616844.0,95448,0.98,57,Lies,"Anyone else excited to watch our dynamic offense in prime time tonight?  Jokes on you... First play of the game is gonna be a 60 yard moon ball that's almost intercepted... Then we run it right up the gut after that. 

That'll throw them off for sure.",5425264.0,negative,0.037,0.745,0.218,0.8271
1o84dl1,1760616604.0,27552,0.98,57,Lies,Anyone else excited to watch our dynamic offense in prime time tonight?  I could cry in pain reading this truth,1566056.0,positive,0.293,0.453,0.254,-0.2732
1o84dl1,1760619413.0,18696,0.98,57,Lies,Anyone else excited to watch our dynamic offense in prime time tonight?  https://preview.redd.it/cp436t2g1hvf1.jpeg?width=1080&format=pjpg&auto=webp&s=1470438f5866a1bef7d868563609795e7c040814,1062681.0,neutral,0.115,0.576,0.309,0.5204
1o84dl1,1760616868.0,12792,0.98,57,Lies,Anyone else excited to watch our dynamic offense in prime time tonight?  ![gif](giphy|Px0k1uinP6gPfrDlOy),727097.0,positive,0.116,0.578,0.306,0.5093
1o84dl1,1760626387.0,7872,0.98,57,Lies,"Anyone else excited to watch our dynamic offense in prime time tonight?  I also like our goal line setup

Situation: 3rd and inches to end zone

EAGLES: Tush Push. Works 10 times out of 10

BEAGLES: Shotgun with either a delayed handoff where the RB is stopped behind the LOS or some 50/50 fade or some other fancy pass. Works 1 time out of 10",447444.0,negative,0.084,0.808,0.108,0.4019
1o84dl1,1760623543.0,5904,0.98,57,Lies,Anyone else excited to watch our dynamic offense in prime time tonight?  I see he has expanded his play calls.,335583.0,positive,0.082,0.615,0.303,0.6597
1o84dl1,1760618076.0,4920,0.98,57,Lies,"Anyone else excited to watch our dynamic offense in prime time tonight?  ![gif](giphy|3Q8MByvw1clC95fD2C|downsized)

All Zac needs tonight…",279653.0,neutral,0.094,0.658,0.249,0.5093
1o84dl1,1760622355.0,3936,0.98,57,Lies,"Anyone else excited to watch our dynamic offense in prime time tonight?  Dude would have been a goat coach in the 80s.

Run right

Run left

Draw play",223722.0,neutral,0.062,0.71,0.228,0.6597
1o84dl1,1760620101.0,7872,0.98,57,Lies,"Anyone else excited to watch our dynamic offense in prime time tonight?  This is wholly inaccurate. Looks like his playbook was written in Sharpie, when we all know it would be written in crayon, and not even the good Crayola but the crappy RoseArt ones.",447444.0,neutral,0.155,0.745,0.1,-0.5931
1o84dl1,1760617253.0,2952,0.98,57,Lies,Anyone else excited to watch our dynamic offense in prime time tonight?  That's basically it,167792.0,neutral,0.105,0.632,0.263,0.4588
1o84dl1,1760617634.0,4920,0.98,57,Lies,"Anyone else excited to watch our dynamic offense in prime time tonight?  See I can’t handle seeing another pitch play for -2 yards, gimme that inside run from the shotgun for 1!",279653.0,neutral,0.055,0.736,0.21,0.69
1o84dl1,1760622497.0,4920,0.98,57,Lies,Anyone else excited to watch our dynamic offense in prime time tonight?  Flacco lighting those chumps up !,279653.0,neutral,0.094,0.658,0.249,0.5093
1o84dl1,1760624429.0,1968,0.98,57,Lies,Anyone else excited to watch our dynamic offense in prime time tonight?  Who dey gonna bungo?,111861.0,neutral,0.098,0.639,0.263,0.5204
1o84dl1,1760625700.0,1968,0.98,57,Lies,Anyone else excited to watch our dynamic offense in prime time tonight?  Yep,111861.0,negative,0.11,0.495,0.396,0.6369
1o84dl1,1760709808.0,1968,0.98,57,Lies,Anyone else excited to watch our dynamic offense in prime time tonight?  r/agedlikemilk,111861.0,neutral,0.118,0.588,0.294,0.4588
1o84dl1,1760618695.0,1968,0.98,57,Lies,Anyone else excited to watch our dynamic offense in prime time tonight?  I’ll miss half of it due to my daughter’s vollyball contest!,111861.0,neutral,0.129,0.681,0.19,0.4003
1o84dl1,1760618967.0,1968,0.98,57,Lies,"Anyone else excited to watch our dynamic offense in prime time tonight?  I've been a supporter of Zack. The players seemed to play hard for him. Not so much anymore. Unfortunately, i think it's time to move on. Won't happen, but it should. As soon as tomorrow if they have another poor performance tonight.",111861.0,neutral,0.146,0.74,0.114,-0.4464
1o84dl1,1760623649.0,984,0.98,57,Lies,"Anyone else excited to watch our dynamic offense in prime time tonight?  I like #3, good play",55931.0,neutral,0.081,0.403,0.516,0.8689
1o84dl1,1760631437.0,984,0.98,57,Lies,Anyone else excited to watch our dynamic offense in prime time tonight?  https://preview.redd.it/kd21pzx61ivf1.png?width=936&format=png&auto=webp&s=dba187db3d84c4aa88058238312d4a00df46a168,55931.0,neutral,0.115,0.576,0.309,0.5204
1o82ae3,1760609816.0,7805,0.97,31,Fandom,WAKE TF UP ITS GAME DEY! Bengals by a million! FTS!,242267.0,negative,0.0,1.0,0.0,0.0
1o82ae3,1760610305.0,8697,0.97,31,Fandom,WAKE TF UP ITS GAME DEY! Bengals by a million! I’m awake and ready to hurt again,269955.0,negative,0.194,0.683,0.122,-0.3578
1o82ae3,1760609889.0,5129,0.97,31,Fandom,WAKE TF UP ITS GAME DEY! Bengals by a million! Everyday is a good day to say FTS but today is a **great** day.,159204.0,neutral,0.0,0.888,0.112,0.3682
1o82ae3,1760611996.0,3345,0.97,31,Fandom,"WAKE TF UP ITS GAME DEY! Bengals by a million! I'm up
And going back to bed

FTS",103829.0,neutral,0.0,1.0,0.0,0.0
1o82ae3,1760614702.0,2453,0.97,31,Fandom,WAKE TF UP ITS GAME DEY! Bengals by a million! https://i.redd.it/lzt30thfngvf1.gif,76141.0,positive,0.0,1.0,0.0,0.0
1o82ae3,1760614745.0,1561,0.97,31,Fandom,WAKE TF UP ITS GAME DEY! Bengals by a million! Cincy's last stand,48453.0,neutral,0.0,1.0,0.0,0.0
1o82ae3,1760616545.0,1561,0.97,31,Fandom,WAKE TF UP ITS GAME DEY! Bengals by a million! Game Dey is better than not Game Dey. Hopefully post-game night is fun too. ,48453.0,positive,0.078,0.689,0.234,0.6732
1o82ae3,1760612192.0,1338,0.97,31,Fandom,WAKE TF UP ITS GAME DEY! Bengals by a million! LETS FUCKING GO!!!!,41532.0,neutral,0.0,1.0,0.0,0.0
1o82ae3,1760620900.0,1115,0.97,31,Fandom,WAKE TF UP ITS GAME DEY! Bengals by a million! This is my personal Super Bowl.  I have way too much emotional energy invested into tonight but idc,34610.0,positive,0.0,0.796,0.204,0.5972
1o82ae3,1760614633.0,892,0.97,31,Fandom,WAKE TF UP ITS GAME DEY! Bengals by a million! FTS EVERY DAY BUT ESPECIALLY TODAY!,27688.0,positive,0.0,1.0,0.0,0.0
1o82ae3,1760616027.0,1115,0.97,31,Fandom,WAKE TF UP ITS GAME DEY! Bengals by a million! Flacco for MVP!!!! Let’s Go!!!!,34610.0,neutral,0.0,1.0,0.0,0.0
1o82ae3,1760615145.0,669,0.97,31,Fandom,WAKE TF UP ITS GAME DEY! Bengals by a million! I’m awake and need a coffee. Who Dey!,20766.0,positive,0.0,1.0,0.0,0.0
1o82ae3,1760617865.0,669,0.97,31,Fandom,WAKE TF UP ITS GAME DEY! Bengals by a million! Can we get our mother fucking claws out of our bums and win a fucking game? God it would be so satisfying to break the losing streak against the Steelers,20766.0,positive,0.055,0.72,0.225,0.8413
1o82ae3,1760628126.0,669,0.97,31,Fandom,WAKE TF UP ITS GAME DEY! Bengals by a million! ![gif](giphy|l1awX0xgjkzpTAsgLF),20766.0,neutral,0.0,1.0,0.0,0.0
1o82ae3,1760617134.0,446,0.97,31,Fandom,"WAKE TF UP ITS GAME DEY! Bengals by a million! Let's go! Have a good feeling we only lose by 5 points today. 

Win or lose FTS!!!",13844.0,negative,0.16,0.563,0.277,0.6083
1o82ae3,1760616211.0,223,0.97,31,Fandom,WAKE TF UP ITS GAME DEY! Bengals by a million! These night games are rough.  5:30am wake up comes really quick.,6922.0,neutral,0.0,1.0,0.0,0.0
1o82ae3,1760621801.0,223,0.97,31,Fandom,"WAKE TF UP ITS GAME DEY! Bengals by a million! Anyone else notice they haven't sent out the 2026 season ticket renewal info yet? Last year they sent it out at the end of September, have a feeling if we win tonight we will get an email with our prices increasing.",6922.0,neutral,0.0,0.889,0.111,0.7081
1o82ae3,1760623882.0,223,0.97,31,Fandom,WAKE TF UP ITS GAME DEY! Bengals by a million! Tomlin afraid of Flacco and for good reason! Who Dey !,6922.0,neutral,0.0,0.816,0.184,0.6209
1o82ae3,1760625653.0,223,0.97,31,Fandom,WAKE TF UP ITS GAME DEY! Bengals by a million! **FUCK IT WERE WINNING TODEY**,6922.0,positive,0.0,0.734,0.266,0.6924
1o82ae3,1760631564.0,223,0.97,31,Fandom,"WAKE TF UP ITS GAME DEY! Bengals by a million! Shemar is back, and FUCK THE STEELERS!",6922.0,negative,0.254,0.746,0.0,-0.7277
1o7mvin,1760562827.0,9306,0.99,10,Fact,"Ja'Marr Chase is 83 receiving yards away from passing Darnay Scott for the 8th most in franchise history Games played with the Bengals: 

* Darnay Scott (109)
* Ja'Marr Chase (68) I'm starting to think this jamarr guy is pretty good",101342.0,neutral,0.0,0.809,0.191,0.8176
1o7mvin,1760566243.0,1833,0.99,10,Fact,"Ja'Marr Chase is 83 receiving yards away from passing Darnay Scott for the 8th most in franchise history Games played with the Bengals: 

* Darnay Scott (109)
* Ja'Marr Chase (68) Darnay dropped a lot of passes his first couple years. they put him next to a wall and flashed lights for him to touch. I wish I was joking, but it is true. It seemingly helped as he was a solid WR Year 3 on...",19961.0,neutral,0.0,0.856,0.144,0.8225
1o7mvin,1760571872.0,705,0.99,10,Fact,"Ja'Marr Chase is 83 receiving yards away from passing Darnay Scott for the 8th most in franchise history Games played with the Bengals: 

* Darnay Scott (109)
* Ja'Marr Chase (68) It's wild that Chad/AJ/Chase all have a career long of 82",7677.0,negative,0.0,0.941,0.059,0.34
1o7mvin,1760564238.0,987,0.99,10,Fact,"Ja'Marr Chase is 83 receiving yards away from passing Darnay Scott for the 8th most in franchise history Games played with the Bengals: 

* Darnay Scott (109)
* Ja'Marr Chase (68) Nest milestone but it’s kinda a bummer that this is the kinda stuff we can watch and root for…. In week 7. lol",10748.0,neutral,0.053,0.852,0.096,0.3484
1o7mvin,1760563923.0,423,0.99,10,Fact,"Ja'Marr Chase is 83 receiving yards away from passing Darnay Scott for the 8th most in franchise history Games played with the Bengals: 

* Darnay Scott (109)
* Ja'Marr Chase (68) First half",4606.0,negative,0.0,0.926,0.074,0.34
1o7mvin,1760581177.0,282,0.99,10,Fact,"Ja'Marr Chase is 83 receiving yards away from passing Darnay Scott for the 8th most in franchise history Games played with the Bengals: 

* Darnay Scott (109)
* Ja'Marr Chase (68) He's only 241 yards from passing Scott, Boyd, AND Eddie Brown. Which would put him right behind CC.",3071.0,neutral,0.0,0.95,0.05,0.34
1o7mvin,1760572177.0,141,0.99,10,Fact,"Ja'Marr Chase is 83 receiving yards away from passing Darnay Scott for the 8th most in franchise history Games played with the Bengals: 

* Darnay Scott (109)
* Ja'Marr Chase (68) He will get in in about 25 hours",1535.0,neutral,0.0,0.938,0.062,0.34
1o5kq2e,1760367104.0,101781,0.99,35,Fact,"2-3 weeks to dial it in and it's ELITE DRAGON FLACCEAUX time  Given that he had less than a week to start learning the playbook and build rapport with his receivers, I'd say he definitely exceeded my expectations.

If he manage to lead the team to a victory on Thursday, I'll buy his jersey.

FTS!",3627475.0,negative,0.0,0.946,0.054,0.4574
1o5kq2e,1760367763.0,31560,0.99,35,Fact,"2-3 weeks to dial it in and it's ELITE DRAGON FLACCEAUX time  I knew his age was going to mean he wouldn’t scramble at all, but his arm and accuracy are still there.  I’m not sure what exactly happened during halftime, but second half Flacco was what I was expecting to see for the entire game with our receivers.",1124798.0,neutral,0.042,0.958,0.0,-0.3491
1o5kq2e,1760368444.0,49707,0.99,35,Fact,"2-3 weeks to dial it in and it's ELITE DRAGON FLACCEAUX time  He played smart. He threw it away. He checked down when necessary. He made good reads. He made back shoulder plays. He had touch. Mf even scrambled a little bit. He made solid reads. Bought himself time. He played like a veteran should play.  On a weeks notice....

Shit, we even ran the ball successfully a little bit. 

He gets an A. 

(We shouldn't have asked McPherson to kick that FG and should have let Flacco try to get more yards or a TD)",1771557.0,neutral,0.034,0.759,0.207,0.9382
1o5kq2e,1760365540.0,38661,0.99,35,Fact,2-3 weeks to dial it in and it's ELITE DRAGON FLACCEAUX time  It exceeded my expectations. Gives me some hope for the weeks to come.,1377878.0,negative,0.0,0.892,0.108,0.4404
1o5kq2e,1760380826.0,4734,0.99,35,Fact,"2-3 weeks to dial it in and it's ELITE DRAGON FLACCEAUX time  I’ll eat my crow on this one. I fully expected him to only be a marginal upgrade over Browning, but if this is indicative of how he’s going to play then we should win some games with him.",168720.0,neutral,0.0,0.847,0.153,0.8519
1o5kq2e,1760369414.0,2367,0.99,35,Fact,2-3 weeks to dial it in and it's ELITE DRAGON FLACCEAUX time  He looked a hellava lot more competent than browning at the helm. Nice to be able to actually watch a productive offense,84360.0,neutral,0.055,0.797,0.148,0.5256
1o5kq2e,1760383153.0,2367,0.99,35,Fact,2-3 weeks to dial it in and it's ELITE DRAGON FLACCEAUX time  He’s going to really start balling when we are 2-8,84360.0,neutral,0.0,1.0,0.0,0.0
1o5kq2e,1760372970.0,1578,0.99,35,Fact,2-3 weeks to dial it in and it's ELITE DRAGON FLACCEAUX time  He played really well in the 2nd half if we can do something in the 1st half we might be able to win something,56240.0,negative,0.0,0.793,0.207,0.8221
1o5kq2e,1760415443.0,1578,0.99,35,Fact,2-3 weeks to dial it in and it's ELITE DRAGON FLACCEAUX time  Max we can lose now is 3 more games.10-7 should get us a wildcard spot,56240.0,neutral,0.101,0.899,0.0,-0.4019
1o5kq2e,1760672274.0,1578,0.99,35,Fact,2-3 weeks to dial it in and it's ELITE DRAGON FLACCEAUX time  Flawless Victory!!!,56240.0,neutral,0.0,0.757,0.243,0.6341
1o5kq2e,1760375664.0,789,0.99,35,Fact,"2-3 weeks to dial it in and it's ELITE DRAGON FLACCEAUX time  He needs to have way better ball placement, there were alot of times where he damn near threw it at the receivers feet",28120.0,neutral,0.07,0.855,0.075,0.0516
1o5kq2e,1760672328.0,789,0.99,35,Fact,2-3 weeks to dial it in and it's ELITE DRAGON FLACCEAUX time  Kneel to Flacco!!!,28120.0,neutral,0.0,1.0,0.0,0.0
1o59sig,1760353878.0,8262,0.98,24,Rumor,"“We know the Steelers are gonna try to come in and raw dog us” - Ja’Marr Chase  For those who don’t understand what “raw dog” means: it means the Steelers are gonna come in, find an opening, burst through the hole, and not finish until the whistle is blown",202419.0,neutral,0.0,1.0,0.0,0.0
1o59sig,1760329154.0,11322,0.98,24,Rumor,“We know the Steelers are gonna try to come in and raw dog us” - Ja’Marr Chase  Lmfao,277389.0,neutral,0.0,0.821,0.179,0.5423
1o59sig,1760328730.0,6426,0.98,24,Rumor,“We know the Steelers are gonna try to come in and raw dog us” - Ja’Marr Chase  He just knows its gonna be a hard fought battle. Dont overthink it,157437.0,neutral,0.201,0.799,0.0,-0.6486
1o59sig,1760363559.0,2142,0.98,24,Rumor,“We know the Steelers are gonna try to come in and raw dog us” - Ja’Marr Chase  This is one of my top 5 favorite Ja’Marr Chase quotes,52479.0,neutral,0.0,0.833,0.167,0.5859
1o59sig,1760329391.0,4437,0.98,24,Rumor,"“We know the Steelers are gonna try to come in and raw dog us” - Ja’Marr Chase  Ah hell naw, we cooked before the game starts.",108706.0,neutral,0.161,0.839,0.0,-0.6808
1o59sig,1760351743.0,1377,0.98,24,Rumor,“We know the Steelers are gonna try to come in and raw dog us” - Ja’Marr Chase  ![gif](giphy|Ojw4e69jP35SNjAsdX),33736.0,neutral,0.0,1.0,0.0,0.0
1o59sig,1760336665.0,612,0.98,24,Rumor,“We know the Steelers are gonna try to come in and raw dog us” - Ja’Marr Chase  We need to “preperate.’,14994.0,neutral,0.0,1.0,0.0,0.0
1o59sig,1760362243.0,612,0.98,24,Rumor,“We know the Steelers are gonna try to come in and raw dog us” - Ja’Marr Chase  So they’ll have no protection around their dick (Aaron Rogers) got it!,14994.0,neutral,0.189,0.811,0.0,-0.7232
1o59sig,1760329351.0,1377,0.98,24,Rumor,“We know the Steelers are gonna try to come in and raw dog us” - Ja’Marr Chase  Just move past it....,33736.0,positive,0.0,1.0,0.0,0.0
1o59sig,1760336182.0,1224,0.98,24,Rumor,“We know the Steelers are gonna try to come in and raw dog us” - Ja’Marr Chase  ![gif](giphy|13PR67zViZjXi),29988.0,positive,0.0,1.0,0.0,0.0
1o59sig,1760343421.0,306,0.98,24,Rumor,“We know the Steelers are gonna try to come in and raw dog us” - Ja’Marr Chase  Try and what now?,7497.0,neutral,0.0,1.0,0.0,0.0
1o59sig,1760353643.0,306,0.98,24,Rumor,“We know the Steelers are gonna try to come in and raw dog us” - Ja’Marr Chase  *nodding* ... go on...,7497.0,positive,0.0,1.0,0.0,0.0
1o59sig,1760330476.0,306,0.98,24,Rumor,“We know the Steelers are gonna try to come in and raw dog us” - Ja’Marr Chase  ![gif](giphy|ROUYwnORvn8WRE1Ofm),7497.0,positive,0.0,1.0,0.0,0.0
1o59sig,1760369593.0,153,0.98,24,Rumor,“We know the Steelers are gonna try to come in and raw dog us” - Ja’Marr Chase  Hopefully CTB  is told to stay home that day,3748.0,neutral,0.0,0.899,0.101,0.4019
1o59sig,1760376702.0,153,0.98,24,Rumor,"“We know the Steelers are gonna try to come in and raw dog us” - Ja’Marr Chase  Aka : Steelers play dirty, look dirty, are dirty, smell dirty, and act accordingly.",3748.0,neutral,0.305,0.632,0.063,-0.8481
1o59sig,1760401079.0,153,0.98,24,Rumor,“We know the Steelers are gonna try to come in and raw dog us” - Ja’Marr Chase  The question is… what yall goin to do about it ?,3748.0,positive,0.0,1.0,0.0,0.0
1o59sig,1760450007.0,153,0.98,24,Rumor,“We know the Steelers are gonna try to come in and raw dog us” - Ja’Marr Chase  ![gif](giphy|XeqcWJb31Wi83Cn4k7),3748.0,positive,0.0,1.0,0.0,0.0
1o58zfz,1760327056.0,6989,0.99,46,Official,Ja'Marr caught his 50th touchdown of his career today.  Watching him make trick catches from Flacco while he talked that shit and battled the flu was a top 5 Ja’Marr  Chase memory for me.,325198.0,,0.25,0.703,0.047,-0.7783
1o58zfz,1760326516.0,9399,0.99,46,Official,Ja'Marr caught his 50th touchdown of his career today.  That catch also looked like passing interference on the defense but what do I know,437335.0,,0.0,0.875,0.125,0.25
1o58zfz,1760326298.0,14701,0.99,46,Official,"Ja'Marr caught his 50th touchdown of his career today.  Yay


Another Hall of Fame player being wasted in his prime by our quarterback coach and FO...


(But seriously, good for him. Dudes a stud and that TD catch came right after tha Packers CB was getting chippy lol)",684038.0,,0.087,0.749,0.164,0.6486
1o58zfz,1760374254.0,723,0.99,46,Official,Ja'Marr caught his 50th touchdown of his career today.  It’s wild when you get into the numbers. Chad had 66 TD thru 151 games. AJ had 65 thru 127 games. Chase has 50 in just 68 games.,33641.0,,0.0,1.0,0.0,0.0
1o58zfz,1760326607.0,723,0.99,46,Official,Ja'Marr caught his 50th touchdown of his career today.  ![gif](giphy|1nT3ADB7CXGlUiKFu5),33641.0,,0.0,1.0,0.0,0.0
1o58zfz,1760380702.0,482,0.99,46,Official,Ja'Marr caught his 50th touchdown of his career today.  Ja'Marr Chase is him!!! 🐯🏈,22427.0,,0.0,1.0,0.0,0.0
1o4d03l,1760234535.0,52052,0.97,48,Football,Basically  JEAUX FLACCEAUX,2474032.0,,0.0,1.0,0.0,0.0
1o4d03l,1760234873.0,25688,0.97,48,Football,Basically  Well according to my Madden franchise I started last night Joe Flacco has us in December with only 2 losses under his belt boys we are going to be alright,1220951.0,,0.082,0.793,0.125,0.1027
1o4d03l,1760234383.0,33124,0.97,48,Football,"Basically  Based on the way the Bengals fan base actually hates other teams quarterbacks (Big Ben, Lamar, Mahomes) I don’t think it’s fair to say we’ve hated Flacco.

It’s always kind of like wtf man, how the fuck did this dude beat us. Seems like a good dude. I’m hoping that kind of energy continues on and at least keeps us in the hunt for the next few weeks.",1574384.0,,0.166,0.644,0.19,-0.2213
1o4d03l,1760234976.0,14196,0.97,48,Football,Basically  He's not Big Ben.  I don't hate him.,674736.0,,0.0,0.7,0.3,0.4585
1o4d03l,1760234675.0,8112,0.97,48,Football,Basically  ZT giving us a master class in distraction. Please don’t forget the true reason we consistently aren’t good! ZT is a problem and needs to go!,385563.0,,0.199,0.497,0.304,0.5837
1o4d03l,1760234266.0,7436,0.97,48,Football,Basically  *Almost 41 yr old QB we've hated for decades*,353433.0,,0.318,0.682,0.0,-0.6369
1o4d03l,1760235894.0,3380,0.97,48,Football,Basically  It's crazy that he's only 40. I swear I've been watching flacco in the NFL for at least 30 years.,160651.0,,0.167,0.833,0.0,-0.3818
1o4d03l,1760236266.0,4732,0.97,48,Football,Basically  You know I never really hated Flacco all that much. Sure he was the Ravens QB but he was never an elite guy who would routinely kick the shit out of us every year and he isn’t a chronic shithead like Roethlisberger is. I had way more disdain for Baker than I ever did for Flacco.,224912.0,,0.146,0.672,0.181,0.1161
1o4d03l,1760672515.0,2028,0.97,48,Football,Basically  Yeah … but… que the A team cause I love it when a plan comes together!,96391.0,,0.0,0.622,0.378,0.7712
1o4d03l,1760275535.0,1352,0.97,48,Football,"Basically  And then the reaction of too many Bengals fans

""Oh yeah! Let's gooooo! We can stay relevant until December!""

When we all know, even those people, with absolute certainty that we will win just enough games to not be picking a top level talent, whilst at the same time not having a chance at playoff contention. As an extra salty aside we'll keep players like CTB/Brown/Hendrickson we could trade and get assets for to continue this idiocy.

Bengals ownership know the majority of Bengals fan are gullible and will buy whatever they sell. Thats why they keep shrugging and not giving a hell about the team.",64261.0,,0.065,0.756,0.179,0.9322
1o4d03l,1760363701.0,1352,0.97,48,Football,Basically  Who hates the Elite Dragon!?,64261.0,,0.39,0.61,0.0,-0.4926
1o4d03l,1760236266.0,676,0.97,48,Football,Basically  Joe Burrow prob in high school last time Flacco beat the bengals,32130.0,,0.0,1.0,0.0,0.0
1o4d03l,1760237719.0,676,0.97,48,Football,Basically  Why did you expect anything at all? Honestly I’m shocked they even tried bc how many in season trades have they made previously?,32130.0,,0.083,0.795,0.121,0.264
1o4d03l,1760241469.0,676,0.97,48,Football,Basically  That was the most random trade of all time. 🤣🤣,32130.0,,0.0,1.0,0.0,0.0
1o4d03l,1760280564.0,676,0.97,48,Football,"Basically  After week one, every Bengals fan said the worst thing that could happen would be for Burrow to get hurt and the Bengals to replace him with Flacco.

Well….",32130.0,,0.204,0.734,0.062,-0.7351
1o4d03l,1760291458.0,676,0.97,48,Football,Basically  This got me,32130.0,,0.0,1.0,0.0,0.0
1o4d03l,1760303519.0,676,0.97,48,Football,"Basically  https://preview.redd.it/whi0aoi3yquf1.jpeg?width=804&format=pjpg&auto=webp&s=a9cbbe84b2a344779a72f84890a5f0bbc89c9143

Welp..",32130.0,,0.0,1.0,0.0,0.0
1o4d03l,1760305478.0,676,0.97,48,Football,"Basically  Joe Flacco does not make us better. Oh and I freaking hate that guy! Once a ratbird,  always a ratbird.",32130.0,,0.38,0.62,0.0,-0.848
1o4592b,1760212988.0,67725,0.87,127,Rumor,"Trey Hendrickson Linked to 49ers Trade by NFL Insider After Nick Bosa's Knee Injury The trade deadline is on November 4. If our season is over by then, the FO is going to trade Hendrickson to SF or another team (allegedly). I’ll believe it when I see it.",7541856.0,,0.057,0.943,0.0,-0.4215
1o4592b,1760213069.0,23625,0.87,127,Rumor,"Trey Hendrickson Linked to 49ers Trade by NFL Insider After Nick Bosa's Knee Injury The trade deadline is on November 4. If our season is over by then, the FO is going to trade Hendrickson to SF or another team (allegedly). Bengals will wait and see what their record is in a few weeks before trading him. If they’re 4-4, I don’t see him being traded. Anything less, and I bet they do.",2630880.0,,0.039,0.961,0.0,-0.4215
1o4592b,1760213292.0,13050,0.87,127,Rumor,"Trey Hendrickson Linked to 49ers Trade by NFL Insider After Nick Bosa's Knee Injury The trade deadline is on November 4. If our season is over by then, the FO is going to trade Hendrickson to SF or another team (allegedly). Garbage article with absolutely no evidence this is anything more than the authors imagination at work. 

But I hope it happens. This season is cooked. Trey is going to be gone next year one way or another. Need to get something for him.",1453248.0,,0.042,0.914,0.044,0.2967
1o4592b,1760213433.0,1575,0.87,127,Rumor,"Trey Hendrickson Linked to 49ers Trade by NFL Insider After Nick Bosa's Knee Injury The trade deadline is on November 4. If our season is over by then, the FO is going to trade Hendrickson to SF or another team (allegedly). Who or what will they be willing to give us in return?  Not enough for the Brown Family is my guess",175392.0,,0.044,0.956,0.0,-0.4215
1o4592b,1760231180.0,1350,0.87,127,Rumor,"Trey Hendrickson Linked to 49ers Trade by NFL Insider After Nick Bosa's Knee Injury The trade deadline is on November 4. If our season is over by then, the FO is going to trade Hendrickson to SF or another team (allegedly). Trade him.   
Burrow isn't coming back this season. It might be fun to think that, but it isn't happening. 

Maximize value and build an o-line. It's been the main problem every year.",150336.0,,0.101,0.872,0.027,-0.7054
1o4592b,1760213050.0,5850,0.87,127,Rumor,"Trey Hendrickson Linked to 49ers Trade by NFL Insider After Nick Bosa's Knee Injury The trade deadline is on November 4. If our season is over by then, the FO is going to trade Hendrickson to SF or another team (allegedly). Did you actually read the article you posted? It’s entirely conjecture.",651456.0,,0.052,0.948,0.0,-0.4215
1o4592b,1760215561.0,1800,0.87,127,Rumor,"Trey Hendrickson Linked to 49ers Trade by NFL Insider After Nick Bosa's Knee Injury The trade deadline is on November 4. If our season is over by then, the FO is going to trade Hendrickson to SF or another team (allegedly). Fuck the 49ers.",200448.0,,0.13,0.87,0.0,-0.743
1o4592b,1760213194.0,900,0.87,127,Rumor,"Trey Hendrickson Linked to 49ers Trade by NFL Insider After Nick Bosa's Knee Injury The trade deadline is on November 4. If our season is over by then, the FO is going to trade Hendrickson to SF or another team (allegedly). ![gif](giphy|gBpY4p7bbhsiI)",100224.0,,0.07,0.93,0.0,-0.4753
1o4592b,1760213531.0,900,0.87,127,Rumor,"Trey Hendrickson Linked to 49ers Trade by NFL Insider After Nick Bosa's Knee Injury The trade deadline is on November 4. If our season is over by then, the FO is going to trade Hendrickson to SF or another team (allegedly). The thing about these trades is it will probably be for something little like a 5th round pick or something and we probably want to bring him back next year if possible, he is eligible to be tagged",100224.0,,0.034,0.922,0.043,-0.0754
1o4592b,1760214260.0,675,0.87,127,Rumor,"Trey Hendrickson Linked to 49ers Trade by NFL Insider After Nick Bosa's Knee Injury The trade deadline is on November 4. If our season is over by then, the FO is going to trade Hendrickson to SF or another team (allegedly). This will wholly depend on how big of a hole Zac and Flacco dig us into … or out of",75168.0,,0.046,0.954,0.0,-0.4215
1o4592b,1760215308.0,450,0.87,127,Rumor,"Trey Hendrickson Linked to 49ers Trade by NFL Insider After Nick Bosa's Knee Injury The trade deadline is on November 4. If our season is over by then, the FO is going to trade Hendrickson to SF or another team (allegedly). This is just garbage rumor reporting BUT I think if they are desperate and we can get the better ""deal"" then we should absolutely do it. 


Not holding my breath though. Bengals are the kings of comp picks.",50112.0,,0.058,0.896,0.046,-0.0
1o4592b,1760220038.0,450,0.87,127,Rumor,"Trey Hendrickson Linked to 49ers Trade by NFL Insider After Nick Bosa's Knee Injury The trade deadline is on November 4. If our season is over by then, the FO is going to trade Hendrickson to SF or another team (allegedly). I doubt they do unless if they give a big haul",50112.0,,0.099,0.901,0.0,-0.6486
1o4592b,1760220665.0,450,0.87,127,Rumor,"Trey Hendrickson Linked to 49ers Trade by NFL Insider After Nick Bosa's Knee Injury The trade deadline is on November 4. If our season is over by then, the FO is going to trade Hendrickson to SF or another team (allegedly). This would be the right call, which is how you know it aint happening.",50112.0,,0.049,0.951,0.0,-0.4215
1o4592b,1760225775.0,450,0.87,127,Rumor,"Trey Hendrickson Linked to 49ers Trade by NFL Insider After Nick Bosa's Knee Injury The trade deadline is on November 4. If our season is over by then, the FO is going to trade Hendrickson to SF or another team (allegedly). https://preview.redd.it/s4a9wmiyikuf1.jpeg?width=968&format=pjpg&auto=webp&s=61246e2a46c823dc69733ae3bcf6c61254c8e8eb

Non story.",50112.0,,0.061,0.939,0.0,-0.4215
1o4592b,1760225857.0,450,0.87,127,Rumor,"Trey Hendrickson Linked to 49ers Trade by NFL Insider After Nick Bosa's Knee Injury The trade deadline is on November 4. If our season is over by then, the FO is going to trade Hendrickson to SF or another team (allegedly). The only question that needs answered. If the Bengals are playing meaningful football, meaning realistic playoff chance, and you know you’ll get Burrow back prior to the end of the year and they’re at the trade deadline there I no way you do this.

On the other hand, if the Flacco experiment goes poorly and you are out it, go for it. Reload the roster. It’s clear he isn’t part of their long term plans regardless",50112.0,,0.04,0.866,0.095,0.7096
1o4592b,1760274558.0,450,0.87,127,Rumor,"Trey Hendrickson Linked to 49ers Trade by NFL Insider After Nick Bosa's Knee Injury The trade deadline is on November 4. If our season is over by then, the FO is going to trade Hendrickson to SF or another team (allegedly). Do you know how many in-season player trades have happened for the bengals? 4. That’s it 4. 

Those four trades were 
2011 - Carson Palmer to the raiders for 1st and 2nd round picks 

2019 - Carlos Dunlap to the Seahawks for picks and a guy who never played 

2024 -  Khalil Herbert from the Bears for a 7th Round Pick 

2025- Joe Flacco from Cleveland for a 5th round Pick 

Obviously some of these trades had a little more substance but the point is there. The bengals genuinely believe that they can find a way to be in the playoffs and they believe that Burrow will be back. So come Nov 4th even if we’re sitting at 3-6 or 4-5. They’re not going to trade anyone because they’ll still be of the mindset that they can find a way. So no Trey’s going nowhere via trade and this is another nothing burger.",50112.0,,0.035,0.965,0.0,-0.6866
1o4592b,1760213366.0,450,0.87,127,Rumor,"Trey Hendrickson Linked to 49ers Trade by NFL Insider After Nick Bosa's Knee Injury The trade deadline is on November 4. If our season is over by then, the FO is going to trade Hendrickson to SF or another team (allegedly). Trade him, season is over- especially if it’s for a first rounder.  I’d also take a second for the next two years",50112.0,,0.045,0.955,0.0,-0.4215
1o4592b,1760215547.0,450,0.87,127,Rumor,"Trey Hendrickson Linked to 49ers Trade by NFL Insider After Nick Bosa's Knee Injury The trade deadline is on November 4. If our season is over by then, the FO is going to trade Hendrickson to SF or another team (allegedly). With purdy hurt it makes no sense for the Niners to go all in this year",50112.0,,0.135,0.865,0.0,-0.8126
1o4592b,1760219621.0,450,0.87,127,Rumor,"Trey Hendrickson Linked to 49ers Trade by NFL Insider After Nick Bosa's Knee Injury The trade deadline is on November 4. If our season is over by then, the FO is going to trade Hendrickson to SF or another team (allegedly). It’s the right thing to do. For him and the team",50112.0,,0.052,0.948,0.0,-0.4215
1o4592b,1760215739.0,225,0.87,127,Rumor,"Trey Hendrickson Linked to 49ers Trade by NFL Insider After Nick Bosa's Knee Injury The trade deadline is on November 4. If our season is over by then, the FO is going to trade Hendrickson to SF or another team (allegedly). Yeah, that'll be the damn day lol",25056.0,,0.101,0.807,0.092,-0.128
1o3as8i,1760125935.0,7252,0.98,11,Fandom,"Cincinnati Bengals Week 6 Matchup Doodle :)  Just think how many fans have this guy's art as the one bright spot in a bad season. 

Keep it up man.",85284.0,,0.105,0.719,0.177,0.34
1o3as8i,1760125501.0,2352,0.98,11,Fandom,Cincinnati Bengals Week 6 Matchup Doodle :)  I always love your art!,27660.0,,0.0,0.516,0.484,0.8172
1o3as8i,1760126208.0,1764,0.98,11,Fandom,Cincinnati Bengals Week 6 Matchup Doodle :)  Green Bay Cheesers,20745.0,,0.0,0.727,0.273,0.4588
1o3as8i,1760125894.0,980,0.98,11,Fandom,Cincinnati Bengals Week 6 Matchup Doodle :)  First time at Lambeau and first time going to a Bengals game!!!  Hopes are set minimally but let’s kick their ass,11525.0,,0.173,0.707,0.12,-0.5756
1o3as8i,1760126671.0,588,0.98,11,Fandom,Cincinnati Bengals Week 6 Matchup Doodle :)  Thank you Corny doggy. 🤟🏻,6915.0,,0.0,0.621,0.379,0.6705
1o3as8i,1760127878.0,588,0.98,11,Fandom,"Cincinnati Bengals Week 6 Matchup Doodle :)  I'm watching the NFL Throwback YouTube channel, a video of each team's biggest upset victory since 2000. I want to say it will be something different after Sunday for the Bengals. For now, the 2021 AFC Championship game against the Chiefs is the one for the Bengals in the video.",6915.0,,0.043,0.836,0.12,0.5574
1o3as8i,1760128461.0,392,0.98,11,Fandom,Cincinnati Bengals Week 6 Matchup Doodle :)  Green Bay Avacados,4610.0,,0.0,0.727,0.273,0.4588
1o3as8i,1760128579.0,392,0.98,11,Fandom,Cincinnati Bengals Week 6 Matchup Doodle :)  In Joe we trust,4610.0,,0.0,0.559,0.441,0.743
1o3as8i,1760131437.0,392,0.98,11,Fandom,Cincinnati Bengals Week 6 Matchup Doodle :)  I want all match up to look like this officially going forward.,4610.0,,0.0,0.673,0.327,0.7003
1o3as8i,1760132722.0,392,0.98,11,Fandom,Cincinnati Bengals Week 6 Matchup Doodle :)  This isnt Joe Flacco Hopium but its cute so I'll allow it,4610.0,,0.0,0.631,0.369,0.8302
