id,created_utc,score,upvote_ratio,num_comments,link_flair_text,text,populairity,sentiment,vader_neg,vader_neu,vader_pos,vader_compound
1p50hql,1763938223.0,125,0.99,20,,"3 years ago, I posted that the Chargers should start rookie Jamaree Salyer at Left Tackle after Rashawn went down. DO IT AGAIN. He was the highest rated tackle of the 2022 Draft class - **better than Penning, better than Deculus**.

SALYER DESERVES RUN. ",2599.0,positive,0.0,0.932,0.068,0.4404
1p49s6i,1763860686.0,160,0.95,23,,I’m just chillen fr. Who’s with me? ,3648.0,neutral,0.0,1.0,0.0,0.0
1p49m75,1763860201.0,387,1.0,28,,A Dose of Needed Hopium - This Demon is Coming Back ,11223.0,positive,0.0,1.0,0.0,0.0
1p40dka,1763835933.0,411,0.99,140,,Derius Davis’ ig story: “Starting to think Chargers made a mistake leaving San Diego 🫠” ,57371.0,negative,0.156,0.844,0.0,-0.34
1p3x4mi,1763828188.0,152,0.99,11,,"Just came across this brilliant photo, Bolt Up all the way ⚡️⚡️⚡️ ",1806.0,positive,0.0,0.71,0.29,0.6705
1p3e3dz,1763768378.0,821,0.98,64,,Still love my Bolts ⚡️⚡️⚡️ ,52298.0,positive,0.0,0.488,0.512,0.6369
1p38g67,1763754637.0,115,1.0,22,,"Chargers Tush Push: 7/8 converted for 1st Downs 💪 [Highlights, Weeks 1-11] Hey guys! Figured this fanbase could use a positivity boost right now. There's been one undeniable bright spot all season - **the Chargers Tush Push**!

(The Charge? The Surge? Power Surge? Bolt Bump? Nickname pending...)

**Breakdown:**

* 7 rush attempts on 3rd Down
* 1 rush attempt on 4th Down
* **7-of-8 converted for 1st Down!**
* **Bonus Highlights:** 3 short yardage runs by Herbert under center with *no pushing of his tush.* Converted 3/3 for 1st Down!

**Shout Outs:**

* **Herbert**: Of course! I distinctly recall him not being great at QB sneaks, so I guess he's been weightlifting on those quads. Also doing well to lean low despite his 6'6"" stature.
* **C Bozeman + LG Johnson:** Tape clearly shows that Bozeman knows how to go low against linemen and Herbert favors the left side A gap behind Zion. The two have done very well giving QB a clear lane to surge through.
* **FB Matlock + WR Harris:** There is typically a three-man stance behind Herbert featuring the RB/TE, FB, and a WR. By my count, Matlock and Harris have been in the tush push personnel group all year and do well finishing the job (maybe too well with how hard they bulldoze Herbert from behind lol)

**P.S. What is the nickname?** This fanbase has gotta decide on one. Maybe drop a nickname below and upvote the one you like most!",2645.0,positive,0.044,0.828,0.128,0.9634
1p2omt5,1763697293.0,162,0.99,36,,Our RBs don’t deserve this line. ,5934.0,negative,0.0,1.0,0.0,0.0
1p2nuhw,1763695242.0,445,1.0,18,,Keenan wearing the SD chargers throwback is still surreal 🙏 ,8455.0,positive,0.0,1.0,0.0,0.0
1p26o76,1763653959.0,194,0.97,44,,Cam Skattebo w/ DJ3 jersey Was on IG and saw this video posted by SC. I guess Cam is a DJ fan. ,8468.0,neutral,0.0,0.892,0.108,0.3182
1p1qpqg,1763603661.0,128,0.98,50,,Bills fan here … 9 years ago this happened 🤔 Just curious what your thoughts were during this game if you attended or watched it. After the 3rd interception all I could do was laugh ,6397.0,neutral,0.0,0.773,0.227,0.802
1p1ekae,1763574746.0,216,0.97,245,,"The Chargers remaining 6 games 👀 Personally, I see four but we might get lucky. ⚡️⚡️⚡️How many we thinkin realistically tho?",51542.0,neutral,0.0,0.821,0.179,0.5719
1p17w2c,1763559436.0,219,0.76,139,,"[Harbaugh] ""The Offensive Line doesn’t need any other position to be good. Every other position needs the Offensive Line to be good."" 20 months later, the Chargers have by far the worst offensive line in the league, and Herbert takes more hits than a punching bag. ",23302.0,negative,0.234,0.714,0.052,-0.8807
1p13xta,1763547593.0,537,1.0,23,,Man makes a good point ⚡️ ,12888.0,neutral,0.0,0.58,0.42,0.4404
1p0sz5l,1763512209.0,168,0.98,59,,"[Popper] Harbaugh has regularly praised players this season. 

When asked why he would not do the same for Becton,  Harbaugh said, ""In every phase, there's no player coming out of this game that is going to feel good about the game they played, or a coach."" ",9878.0,neutral,0.043,0.793,0.164,0.743
1p0fc8j,1763480801.0,119,0.95,57,,"I got a lot of heat for this take on Trevor Penning when we traded for him!! If we keep him at guard it’s a win, we try him at tackle instant L. ",6557.0,neutral,0.0,0.869,0.131,0.658
1p0e7ur,1763478174.0,158,1.0,96,,"[Popper] Jim Harbaugh said Jamaree Salyer is an ""option"" to start at LT after the bye week. Also in regards to Mekhi Becton, he [tweeted](https://x.com/danielrpopper/status/1990572421569785983?s=20): 

>Jim Harbaugh when asked to assess Mekhi Becton's season: ""Not going to do that. Not going to break my own rule of going through and breaking down specific plays or a specific player's game or play, let alone a season.""

",15326.0,neutral,0.03,0.904,0.066,0.34
1ozpogx,1763407558.0,218,0.99,53,,I get more confused the more I breakdown yesterday's offensive gameplan ,11654.0,neutral,0.456,0.544,0.0,-0.7056
1ozmmvw,1763400954.0,244,0.99,18,,No I don't count Dicker under Offense ,4590.0,neutral,0.512,0.488,0.0,-0.4939
1ozlpux,1763398933.0,515,1.0,41,,"Monday Mood Tough loss, but we still have a good record.

Much needed bye week. Get Hampton back, recalibrate the defense, shuffle the o-line, restart the win streak. Plenty of football left

BTFU",21630.0,positive,0.071,0.663,0.265,0.872
1oz4rd4,1763347136.0,168,0.98,74,,"How do we begin to understand the bipolar nature of this defense? I've watched every Chargers game this season. This is the first one I turned off early. 



The offense is one thing, but we can clearly draw a line between how it is playing and the offensive line. There's a logical, understandable reason why they are having a tough time. 



But the defense... I just don't have enough ball knowledge to diagnose what is happening. How do they get completely beat up physically all over the place against the Jags after being such an imposing, physical force against the Steelers? It just doesn't make sense. 



Is it just scheme? Is it mental errors? Why didn't Perryman and Daiyan do much of anything today? Last time they looked bad Khalil and a few others were out. Not this time.



Any given Sunday for sure, but anyone have ideas of why we're seeing such massive swings in defensive outcomes from week to week? 



Please high quality takes preferred. Like don't use this as a complaint thread we have places for that. ",12348.0,neutral,0.104,0.808,0.088,-0.6246
1oz4gy2,1763346321.0,284,0.96,179,,How do y’all cope? ,49075.0,neutral,0.0,1.0,0.0,0.0
1oz2hx7,1763340774.0,337,0.99,77,,"[Rhim] Khalil  Mack: ""I'm pissed off. I don't got no panic in me man. I ain't got no B-I-T-C-H in my blood. So yeah, just got to rally the troops and look at this shit and stamp it and own it and just get ready for the next one."" ",26023.0,negative,0.141,0.668,0.191,0.0054
1oyzr62,1763333475.0,151,0.97,53,,"While I more than agreed with the decision, when was the last time we were losing so bad we pulled our starting QB But actually when was the last time we flat were being blown out this bad 

I guess the raiders game but also idk that entire half of that season doesn’t count to me ",7909.0,negative,0.196,0.777,0.027,-0.8932
1oyz0td,1763331672.0,220,1.0,45,,Coach is right ,10120.0,neutral,0.0,1.0,0.0,0.0
1oyxsu3,1763328677.0,207,0.99,11,,[Insdorf] Chargers QB Justin Herbert says he had to be examined for a concussion and was cleared at halftime. ,2459.0,neutral,0.0,0.924,0.076,0.1027
1oyx6fl,1763327171.0,346,1.0,120,,"[Insdorf] Chargers HC Jim Harbaugh: ""We're gonna fly back to LA and get together and figure out what we're gonna do about it. Every possible phase of the game including strategy, we got beat in every possible way."" ",41866.0,negative,0.0,1.0,0.0,0.0
1oyx4xv,1763327071.0,236,0.99,13,,JK Executed great today 🫡😭 ,3271.0,positive,0.0,0.308,0.692,0.7739
1oywznw,1763326725.0,371,0.96,121,,"7-4 into the bye. Rest up and marinate on that loss. Still a lot of Football left.  

",43452.0,neutral,0.133,0.867,0.0,-0.3182
1oywtaj,1763326292.0,283,0.97,108,,[Schoon] So it turns out if you trade for a bad tackle he's a bad tackle and then if you trade for another bad tackle he's a bad tackle too ,29922.0,negative,0.378,0.622,0.0,-0.9325
1oywpap,1763326029.0,243,0.99,85,,Penning Was Not The Answer ,20689.0,negative,0.0,1.0,0.0,0.0
1oyvxo9,1763324219.0,1311,0.97,174,,Aaaand we’re back ,222542.0,neutral,0.0,1.0,0.0,0.0
1oyqv07,1763312419.0,113,0.83,12,,Time to Bolt Up ⚡️⚡️⚡️ ,1219.0,positive,0.0,1.0,0.0,0.0
1oycbnf,1763267077.0,114,0.94,8,,BOLT TF UP BABY GAMEDAY TOMMOROW WE GON GIVE GENERATIONS BTA (ts took so long to make) jags gon be sorry they even thought they could win (not letting me put in the video file bc its speeding up hella for some reason so i js got a streamable link. i promise its worth watching :)),964.0,positive,0.022,0.84,0.137,0.7717
1oybfg8,1763264299.0,333,0.99,31,,NFL fines Steelers for dirty hit on Chargers QB Justin Herbert ,10549.0,neutral,0.225,0.775,0.0,-0.4404
1oy1dbz,1763236885.0,242,1.0,39,,Herbie ,9680.0,neutral,0.0,1.0,0.0,0.0
1oxv60p,1763222165.0,282,0.99,48,,Philip Rivers 503 yard passing game (2015) T,13680.0,neutral,0.0,1.0,0.0,0.0
1oxshfh,1763215374.0,283,0.95,38,,New pick up to combat the cold UK weather ⚡️⬆️ My 1st leather jacket ⚡️⚡️⚡️⚡️⚡️,10485.0,neutral,0.146,0.854,0.0,-0.34
1oxeehm,1763169090.0,126,0.99,21,,Jags really cloned Herbert and are acting like hes the brother we never heard about. Nobody buying it ,2744.0,negative,0.0,0.872,0.128,0.3612
1oxarrg,1763159644.0,198,1.0,18,,"[Gibbs] Oronde Gadsden II had the highest route win rate in the NFL in Week 10, ahead of all qualified receivers ",3762.0,neutral,0.0,0.84,0.16,0.5859
1ox6h2f,1763149536.0,156,1.0,64,,"[Popper] #Chargers OL in practice today: LT Trevor Penning, LG Zion Johnson, C Bradley Bozeman, RG Mekhi Becton, RT Trey Pipkins ",10140.0,neutral,0.0,1.0,0.0,0.0
1ox1zkb,1763139506.0,146,0.99,154,,Which of the Chargers upcoming free agents do you think we should re-sign? ,22404.0,neutral,0.0,0.784,0.216,0.5106
1owvbbh,1763123696.0,138,0.93,66,,"Ladd is tied for 3rd most drops in the league this year Note QJ is not on there.

Does this mean we should cut Ladd like how people spoke about QJ? (kidding of course because my IQ is < 45) ",8599.0,neutral,0.05,0.889,0.06,0.1027
1owlnd2,1763090527.0,317,0.99,36,,"199 days ago I posted that RJ Mickens was our most slept on pick. I just wanted to come back to the thread to celebrate with receipts (slide 3). 
I know PFF grades are hit and miss but it is pretty awesome to see this guy getting the shine that he is due. Like everyone, I have had my fair share of draft grades wrong misses… this one feels good. ",11612.0,neutral,0.062,0.651,0.287,0.967
1owkusi,1763088232.0,103,0.95,20,,Chase Daniel YouTube channel jockin Herbert after he retired from jockin Herbert…..thoughts? ,2055.0,neutral,0.0,1.0,0.0,0.0
1owf2uk,1763072866.0,188,0.99,64,,Jacksonville Jaguars TE Patrick Herbert Talks Brother Justin Herbert ,12098.0,neutral,0.0,1.0,0.0,0.0
1owa6fd,1763061491.0,164,0.99,9,,Los Angeles Chargers Week 11 Matchup Doodle :) ,1624.0,neutral,0.0,0.7,0.3,0.4588
1ow6hif,1763053311.0,457,0.99,58,,Stats reinforce what we know - Herbie is an MVP Caliber QB ,26693.0,positive,0.0,1.0,0.0,0.0
1ovsmn2,1763010829.0,162,0.99,5,,"My plate in 2005 Damn, I really miss that car. ",962.0,neutral,0.396,0.604,0.0,-0.5563
1ovmeiw,1762993174.0,138,0.99,32,,"More of these?? I remember seeing a collage of the opposing team's QBs during/after the Chargers' wins against them in the first three seasons, this being the most famous of them. I was recently reminded it when I saw Mike Tomlin doing that snarl on SNF. Do you guys have any more of them from their wins?",4508.0,neutral,0.0,0.865,0.135,0.8377
1ovktp3,1762989241.0,128,1.0,36,,[Katson] the Chargers basically can't run their preferred concepts on the ground with Salyer at LT so I don't despise this. also I would hope they're prepping Salyer to start at RG over Sarell if Becton is out. either way the entire situation is obviously not ideal ,4736.0,neutral,0.056,0.84,0.104,0.3481
1ovjlym,1762986330.0,165,1.0,42,,"[Wade] An interesting part of the presser today was Jim Harbaugh saying that Trevor Penning is focusing on playing on the left side. 

The Chargers have chosen Austin Deculus over Jamaree Salyer at left tackle, but I wonder if this week Penning can take over the starting job. ",7095.0,neutral,0.0,0.933,0.067,0.3071
1ovizb9,1762984902.0,172,1.0,9,,"[Rhim] Jim Harbaugh on rookie CB Nikko Reed: 

""Very similar to some of the other young players that they get in, they play well, and then you keep adding to their responsibilities, their goals. So I would put him in that ascending player category."" ",1720.0,neutral,0.0,0.901,0.099,0.5423
1ovimm5,1762984131.0,184,1.0,47,,[Insdorf] Chargers HC Jim Harbaugh says S Tony Jefferson and TE Will Dissly were both healthy scratches last week. ,8832.0,neutral,0.0,0.863,0.137,0.4019
1ovhwsr,1762982515.0,293,1.0,37,,"[Popper] Tarheeb Still, Bobby Hart and Oronde Gadsden will all practice today for the #Chargers, per Jim Harbaugh. Rest days for Teair Tart, Keenan Allen, Khalil Mack, Derwin James and Bradley Bozeman. ",11134.0,neutral,0.0,1.0,0.0,0.0
1ovf07f,1762976051.0,381,1.0,69,,"[PFHOF Ambassador] Since Week 6, Chargers rookie R.J. Mickens has allowed a passer rating of 8.3 when targeted - the best mark among all NFL players over that span (per PFF) ",26670.0,neutral,0.0,0.87,0.13,0.6369
1ovep65,1762975360.0,267,0.97,67,,Ruh Roh Rank Ur weekly Adam rank slop post,17611.0,neutral,0.0,1.0,0.0,0.0
1ovbmty,1762968832.0,119,1.0,39,,Jags have the most to lose this week.   This matchup has the most playoff leverage impact of the week. ,4760.0,neutral,0.142,0.858,0.0,-0.4549
1ouuo4x,1762918654.0,170,0.95,70,,The Eagles won a gritty game and are championship caliber. Meanwhile the Chargers- ,11466.0,negative,0.0,0.602,0.398,0.765
1ounes5,1762899504.0,612,1.0,62,,Minter Appreciation Post ⚡️ ,38556.0,positive,0.0,0.476,0.524,0.5106
1oun17v,1762898620.0,300,1.0,20,,Not Counting Mack's Raiders and Colts Games with Limited Snaps ,6300.0,neutral,0.174,0.826,0.0,-0.2263
1oumfyr,1762897267.0,116,1.0,28,,[Fowler] Asante Samuel Jr Signing With The Steelers Practice Squad ,3364.0,neutral,0.0,1.0,0.0,0.0
1oul2sy,1762894166.0,491,1.0,48,,Donte Jackson ,24059.0,neutral,0.0,1.0,0.0,0.0
1ouhu3a,1762886962.0,123,0.99,17,,What Ladeedee does to mfs I thought this clip from James Harrison and Joe Haden (previous Steeler players) was funny. Ladd is just that guy ,2192.0,positive,0.0,0.888,0.112,0.4404
1ouc4sq,1762874395.0,458,1.0,141,,Fan check in!!!! Lol people always say im weird from my hometown for being a bolts fan Im from Rochester Ny!!!! Where are you guys from? ,65036.0,neutral,0.054,0.672,0.274,0.7825
1ou4u7t,1762852337.0,282,0.99,39,,First Spotting of Rashawn Slater with the team since his injury? ,11167.0,neutral,0.219,0.781,0.0,-0.4215
1ou4lcj,1762851396.0,530,1.0,35,,Uh Oh... Rodgers life flashing before his eyes,19080.0,negative,0.0,1.0,0.0,0.0
1ou0eua,1762836204.0,478,1.0,21,,Herbert paying tribute to Joe Alt with a sad version of their celebration ,10516.0,neutral,0.22,0.78,0.0,-0.4767
1ou0ben,1762835891.0,125,0.96,34,,"I just wanted to share a positive experience from SoFi last night... I am a Chargers fan and was at the game. I was obviously absolutely thrilled that we won. But, I've gotta say, I met some awesome Steelers fans who represented their organization well; true class acts. They were sitting in front of me and were down to just chat about ball. Even when the game clearly was going south for them, they were still pleasant, it not a bit (understandably) lower energy.

Then, when my friend and I started talking about how Allen was approaching the franchise reception record they asked what his number was and wanted to know more about him as a player. When he got the record breaking reception they stood up and clapped. I've been to a lot of football games, and I've gotta say experiences like this have been few and far between for me. 

Thank you to all who are passionate about football, have love for the game, don't mind some ribbing, but still treat opposing fans with dignity and respect... that's what sportsmanship is all about 💙",4200.0,positive,0.0,0.705,0.295,0.9963
1ou09pu,1762835732.0,121,1.0,22,,Finally got my Angry Runs Omarion Hampton shirt after waiting weeks!! 🔥🔥⚡️ ,2783.0,positive,0.261,0.739,0.0,-0.5972
1otwi7o,1762824861.0,377,0.98,70,,Pat McAfee Talking About The Chargers Offensive Line ,26232.0,neutral,0.3,0.7,0.0,-0.4588
1otwhah,1762824787.0,157,0.99,21,,"[Highlight] Deculus gets down field to make the block I’ve been more than happy to talk shit about this guy—so I’m gonna take the opportunity shout him out on a surprisingly athletic play.

I know he’s not very good but as someone pointed out to me today, he’s just a practice squad guy. At least we can say the dude *is* trying.

Also worth noting this play was called back for a hold by Zion lol

",3419.0,neutral,0.071,0.73,0.198,0.8682
1otulkt,1762819761.0,1069,0.99,70,,Sorry bud ,75140.0,neutral,0.565,0.435,0.0,-0.0772
1otsh63,1762814570.0,224,1.0,19,,you like that run Mike? ,4480.0,neutral,0.0,0.615,0.385,0.3612
1otrj4n,1762812297.0,260,1.0,40,,Insanity. Like coach said: he's still a beast.,10660.0,positive,0.33,0.446,0.223,-0.296
1otr931,1762811651.0,797,1.0,43,,"[Popper] Jim Harbaugh when asked about the apparent ankle injury Justin Herbert suffered last night: ""I do have an update on his physical status: He is still a beast."" ",35068.0,positive,0.188,0.812,0.0,-0.7184
1otr82u,1762811582.0,135,0.94,59,,"Chargers fans in San Diego: We Still exist I feel like many people on social media, the news, etc...claim the Chargers fans, in San Diego, jumped ship, stopped watching football, don't care for them anymore, blah blah blah. At 41, I've been a fan since a kid, and still am. I just stay away from any gear that says Los Angeles Chargers or has LA in it at all. Last night, I went to the SDFC playoff match and the amount of chargers jerseys I saw, made me happy. People rocking their jerseys and watching the game on their phones. I'm talking youngsters too, not just my generation. It was nice to see.",7614.0,positive,0.074,0.83,0.096,0.678
1otq9x0,1762809382.0,139,0.99,59,,"Breaking: Deal is Close to Done for UCLA to Move to SoFi Stadium Not directly Chargers related, but since it involves SoFi Stadium, felt it was appropriate to share here.  We're soon going to have 3 football teams share the venue.",8257.0,neutral,0.0,0.872,0.128,0.6808
1otoev6,1762805210.0,293,1.0,38,,"[Schefter] Chargers TE Oronde Gadsden’s MRI today revealed a quad bruise that now will have him, per a source, “day to day.” ",11427.0,neutral,0.0,1.0,0.0,0.0
1otlopv,1762799295.0,292,1.0,54,,"[Popper] To put last night's defensive performance in perspective: The #Chargers had their worst offensive success rate of the season (37.3%), and they still won by double-digits. ",16060.0,positive,0.189,0.585,0.226,0.1027
1otj6nd,1762793921.0,114,0.97,35,,Still shot of Oronde Gadsden’s knee from the victory speech ,3981.0,neutral,0.0,1.0,0.0,0.0
1oti4lj,1762791595.0,448,1.0,26,,"Seeing Steelers hats and jerseys all weekend at Griffith Observatory and around South Bay makes this win so much sweeter 
",12096.0,positive,0.0,0.809,0.191,0.6705
1otg6rn,1762787222.0,266,1.0,3,,Reports of our demise are greatly exaggerated ,1064.0,positive,0.22,0.78,0.0,-0.1761
1otf54o,1762784743.0,469,1.0,12,,Keenan Allen you Legend! ,6097.0,positive,0.0,1.0,0.0,0.0
1otcpvb,1762778525.0,313,1.0,8,,We missed you josh harris. THE GOAT IS BACK ,2817.0,positive,0.216,0.784,0.0,-0.296
1otbxvr,1762776126.0,384,1.0,20,,Their absence has been felt. ,8064.0,neutral,0.0,1.0,0.0,0.0
1ot8atf,1762762596.0,283,1.0,10,,"[LeBron James] CONGRATULATIONS @Keenan13Allen
 on the record bro!! 🔥🔥🔥🫡 [https://x.com/KingJames/status/1987738631990378660](https://x.com/KingJames/status/1987738631990378660)",3113.0,positive,0.0,0.633,0.367,0.7365
1ot80wo,1762761549.0,140,1.0,23,,"#13 Keenan Allen needs 6 receptions next week to move to #13 on the ALL TIME receptions list - He would pass Steve Smith Jr. 1026 + 6 = 1,032 > Steve Smith Jr's 1,031 

Keenan passed Isaac Bruce tonight...

***Top 15 NFL Career Receptions Leaders (as of 2025)***

1. Jerry Rice – 1,549
2. Larry Fitzgerald – 1,432
3. Tony Gonzalez – 1,325
4. Jason Witten – 1,228
5. Marvin Harrison – 1,102
6. Cris Carter – 1,101
7. Tim Brown – 1,094
8. Terrell Owens – 1,078
9. Anquan Boldin – 1,076
10. Reggie Wayne – 1,070
11. Andre Johnson – 1,062
12. Travis Kelce – 1,045
13. Steve Smith Sr. – 1,031
14. Keenan Allen – 1,026
15. Isaac Bruce – 1,024

",3360.0,neutral,0.0,1.0,0.0,0.0
1ot61ih,1762754130.0,162,1.0,7,,Cage/Pascal Meme NFL Version Couldn’t think of something clever so I’ll let the community run wild with this one! ,1296.0,neutral,0.0,0.845,0.155,0.5093
1ot5yn1,1762753845.0,210,1.0,6,,Bolts win 7-3 Let's go!,1470.0,positive,0.0,0.494,0.506,0.6239
1ot5uhb,1762753453.0,881,0.99,101,,Chargers won with this line.. ,88963.0,neutral,0.0,0.519,0.481,0.5719
1ot5j9u,1762752340.0,154,0.96,137,,"The negativity is pervasive We just opened up a can of whoop up on the Steelers, a team that has an ELITE d-line and just beat the colts, and the first thing Kris Rhim puts out is how this doesn’t mean we are true contenders. Whether this is true or not, wtf are we doing here? Back to back dominant wins over good teams and we just sit here and talk about how we still aren’t good enough…",20402.0,negative,0.036,0.763,0.201,0.9309
1ot5io6,1762752285.0,112,1.0,7,,"Live, Laugh, Ladd ",896.0,positive,0.0,0.357,0.643,0.5574
1ot5iew,1762752259.0,801,1.0,59,,"[Highlight] Quentin Johnston puts a DB in the turf, breaks a LBs ankles, and bodies Jalen Ramsey heading out of bounds for a first down. ",48060.0,positive,0.0,1.0,0.0,0.0
1ot58nt,1762751343.0,107,0.99,9,,Herb went full Jedi tonight too ,1059.0,positive,0.0,1.0,0.0,0.0
1ot57zj,1762751282.0,243,1.0,3,,7-3! UNDEFEATED IN PRIMETIME BABY KEENAN ALL TIME RECEPTIONS LEADER,972.0,positive,0.0,1.0,0.0,0.0
1ot4y8q,1762750421.0,443,0.97,73,,Greg Roman Appreciation Post ,31799.0,positive,0.0,0.476,0.524,0.5106
1ot4rzq,1762749865.0,353,1.0,29,,"Chargers in Primetime: 4-0 and +59 point diffential W1 vs Chiefs: 27-21

W2 @ Raiders: 20-9

W3 vs Vikings: 37-10

W4 vs Steelers: 25-10

+59 point differential total

It's been an unusually good season for the team in primetime games, even overcoming their own mistakes without risking a close game loss. So good that their primetime point differential is even higher than their season point differential so far lol (+37 after tonight).

One more primetime game left at home against Philly!

*Differential spelling typo in the title.",10590.0,positive,0.05,0.827,0.123,0.7857
1ot4mx5,1762749393.0,128,0.98,1,,Oooh yeaaaaaa ,251.0,positive,0.0,1.0,0.0,0.0
1ot4mcl,1762749341.0,433,1.0,23,,Highlight] Keenan Allen is now the Chargers all-time leader in receptions with 956 Passing Antonio Gates ,10392.0,positive,0.0,1.0,0.0,0.0
1ot4lio,1762749267.0,348,1.0,7,,Big SNF Dub 7-3 ,2784.0,positive,0.0,1.0,0.0,0.0
1ot4l6a,1762749237.0,285,1.0,10,,WHAT WOULD WE DO WITHOUT HIM? ,3135.0,positive,0.0,1.0,0.0,0.0
1ot4jze,1762749127.0,527,1.0,8,,Keenan Allen is now officially the Chargers all time leader in receptions! ,4743.0,positive,0.0,1.0,0.0,0.0
1ot4jcx,1762749072.0,217,1.0,13,,"FICK AND MINT, WAY TO FLIP THE NARRATIVE. CHARGERS D/ST COOKED IT UP. Special love to Josh Harris, Deane Leonard.",3038.0,positive,0.0,0.723,0.277,0.7845
1ot4j2c,1762749045.0,137,0.97,256,,"Post Game Thread: Pittsburgh Steelers at Los Angeles Chargers #Pittsburgh Steelers at Los Angeles Chargers

[ESPN Gamecast](https://www.espn.com/nfl/game/_/gameId/401772927/steelers-chargers)

SoFi Stadium- Inglewood, CA

Network(s): NBC Peacock 

***

|Time Clock|
|:--:|
|Final|

**Scoreboard**

||Q1|Q2|Q3|Q4|Total|
|:--:|:--:|:--:|:--:|:--:|:--:|
|PIT|3|0|0|7|10|
|LAC|2|10|3|10|25|


**Scoring Plays**

| Team | Quarter | Type | Description |
|:--|:--|:--|:--|
| PIT | 1 | FG | Chris Boswell 59 Yd Field Goal |
| LAC | 1 | SF | Aaron Rodgers sacked by Khalil Mack For 9 Yd Loss for Safety |
| LAC | 2 | FG | Cameron Dicker 32 Yd Field Goal |
| LAC | 2 | TD | Ladd McConkey 15 Yd pass from Justin Herbert (Cameron Dicker Kick) |
| LAC | 3 | FG | Cameron Dicker 59 Yd Field Goal |
| LAC | 4 | TD | Kimani Vidal 2 Yd Rush (Cameron Dicker Kick) |
| LAC | 4 | FG | Cameron Dicker 42 Yd Field Goal |
| PIT | 4 | TD | Roman Wilson 27 Yd pass from Aaron Rodgers (Chris Boswell Kick) |




**Passing Leaders**

|Team|Player|C/ATT|YDS|TD|INT|SACKS|
|:--|:--|--:|--:|--:|--:|--:|
| PIT | Aaron Rodgers | 16/31 | 161 | 1 | 2 | 3-13 |
| LAC | Justin Herbert | 20/33 | 220 | 1 | 0 | 5-21 |

**Rushing Leaders**

|Team|Player|CAR|YDS|AVG|TD|LONG|
|:--|:--|--:|--:|--:|--:|--:|
| PIT | Jaylen Warren | 14 | 70 | 5.0 | 0 | 14 |
| LAC | Kimani Vidal | 25 | 95 | 3.8 | 1 | 12 |

**Receiving Leaders**

|Team|Player|REC|YDS|AVG|TD|LONG|TGTS|
|:--|:--|--:|--:|--:|--:|--:|--:|
| PIT | Roman Wilson | 2 | 35 | 17.5 | 1 | 27 | 3 |
| LAC | Ladd McConkey | 4 | 107 | 26.8 | 1 | 58 | 6 |


***

Use [reddit-stream.com](https://reddit-stream.com/comments/auto) to get an autorefreshing version of this page

^This ^was ^created ^by ^a ^bot. ^For ^issues ^or ^suggestions ^please ^message ^nfl_gdt_bot.

^Last ^updated: ^2025-11-10_00:01:05.504187-05:00",34153.0,neutral,0.011,0.975,0.014,0.128
1ot4ilm,1762749003.0,153,0.96,5,,BANANAS WIN Thanks to anonnnnn462 for the template,881.0,positive,0.0,0.447,0.553,0.8143
1ot4icc,1762748978.0,185,0.98,8,,THE CHARGERS KNOCK OFF THE STEELERS ON SNF UPBOLT PARTY!!! ⚡️⚡️⚡️ ,1632.0,positive,0.0,0.699,0.301,0.6496
1ot4i82,1762748967.0,145,0.99,1,,Bolt Up! ,287.0,positive,0.0,1.0,0.0,0.0
1ot4i17,1762748949.0,382,0.97,28,,Jim Harbaugh Jim Harbaugh ,10746.0,neutral,0.0,1.0,0.0,0.0
1ot4g5u,1762748775.0,2646,0.97,55,,🥹🥹🥹🥹 ,143731.0,neutral,0.0,1.0,0.0,0.0
1ot41oa,1762747484.0,466,1.0,37,,Vidal is a stud Balling,17708.0,positive,0.0,1.0,0.0,0.0
1ot40qs,1762747399.0,738,1.0,27,,His Name is Ladd! FTR,20664.0,positive,0.0,1.0,0.0,0.0
1ot3drb,1762745440.0,108,1.0,2,,Let's go Bolts!! ⚡️⚡️⚡️ She's watching the game sideways 🤣,324.0,positive,0.0,1.0,0.0,0.0
1ot2k2i,1762742976.0,723,1.0,33,,Me watching that scoring drive at the end of the first half ,24582.0,neutral,0.0,1.0,0.0,0.0
1ot2i2t,1762742822.0,294,1.0,16,,Ladd TD before the half to take a two score lead ,4998.0,neutral,0.0,1.0,0.0,0.0
1ot0as5,1762736489.0,294,0.93,32,,Coffee keeping me Bolted Up ⚡️⚡️⚡️ ,9023.0,positive,0.0,1.0,0.0,0.0
1oszvuh,1762735353.0,108,1.0,10,,WE OUT HERE! LIGHTS OUT FOR SUNDAY NIGHT! ,1188.0,positive,0.0,1.0,0.0,0.0
1osyiwp,1762731621.0,143,0.99,102,,333 Checking in! Where you watching from? Salute to all who have served🫡! And a special salute to you!!! BoltUp🤘🏼,14582.0,positive,0.0,0.823,0.177,0.5951
1osq890,1762711720.0,291,0.99,18,,"Rollin’ into SoFi like…”Hey, Steelers…” ",5474.0,neutral,0.0,1.0,0.0,0.0
1osov33,1762708543.0,281,0.99,5,,Gameday Ready ,1669.0,positive,0.0,0.286,0.714,0.3612
1osmyvo,1762704094.0,404,0.95,34,,Time to Bolt Up and go get the Dub ⚡️⚡️⚡️ ,13433.0,positive,0.0,1.0,0.0,0.0
1osltom,1762701274.0,139,1.0,11,,Los Angeles Chargers Week 10 Gameday Doodle! ,1668.0,neutral,0.0,1.0,0.0,0.0
1os0hgc,1762635866.0,239,1.0,16,,"[Popper] #Chargers activated LS Josh Harris, CB Deane Leonard and DL Da'Shawn Hand off IR. They also elevated RBs Jaret Patterson and Trayveon Williams off the p squad for tomorrow night. ",4063.0,neutral,0.0,0.901,0.099,0.4939
1ori6hs,1762582944.0,134,0.94,35,,Is this our greatest ever jersey design? ⚡️⬆️💙 ,4535.0,positive,0.0,0.625,0.375,0.6369
1or9oa5,1762557770.0,126,0.92,28,,"If we feed Herbert 12,000 calories per day, could he be our center next year? Imagine it. I mean we already know he’s 6’7. If he could pack on some extra poundage and become chunky Herbert, perhaps he could replace bozeman as the new center? 

It also opens up a bunch of possibilities in the playbook. When has a center had top 5 arm talent all time? 

Correct me if I’m wrong, but there’s no reason a center couldn’t just snap it to himself? I’d like to see teams try to beat that. 

Just thinking about maybe some outside of the box strategies that could help us out. 

FYI mods this is NOT low effort. I’ve spent multiple days thinking about this and drafting my thoughts before posting it. Thank you. 

Have a great weekend",3362.0,neutral,0.032,0.797,0.171,0.9667
1or5k9o,1762547855.0,321,1.0,30,,[Popper] Omarion Hampton is working off to the side today at #Chargers practice. Positive sign for the rookie RB as he works his way back from an ankle injury. ,9951.0,positive,0.084,0.808,0.108,0.2023
1or5ixz,1762547764.0,109,0.97,95,,"[Popper] #Chargers OL today: LT Austin Deculus, LG Zion Johnson, C Bradley Bozeman, RG Mekhi Becton, RT Trey Pipkins ",10150.0,neutral,0.0,1.0,0.0,0.0
1oqes21,1762472356.0,197,1.0,58,,"[Insdorf] Chargers OC Greg Roman calls the tackle spot a competition as Trevor Penning gets acclimated: ""The best players are going to play."" ",11623.0,neutral,0.0,0.833,0.167,0.6369
1oqddzm,1762468909.0,458,0.99,65,,Either way - we win! I'm just gonna enjoy watching one of these teams lose tonight.,29926.0,positive,0.123,0.546,0.332,0.68
1oq9sqp,1762460521.0,121,0.99,3,,Chargers v Vikings ,479.0,neutral,0.0,1.0,0.0,0.0
1oq7x9l,1762456280.0,136,1.0,26,,Social Media team trapped Justin in a room long enough to ask him his favorite movies. ,3672.0,neutral,0.175,0.67,0.155,-0.1027
1oq6naq,1762453400.0,258,1.0,26,,A wild brochacho was spotted! ,6966.0,positive,0.0,1.0,0.0,0.0
1oq3zru,1762447534.0,231,1.0,15,,"Ask 4 Help!!  In light of tragic news out of Dallas today, just a reminder that if you know anyone who may harm themselves, take a moment to reach out. TON of great organizations out there with professionals who can intervene.  As a veteran this hits close to home.  ",3696.0,neutral,0.118,0.727,0.154,0.2462
1oq3wt3,1762447347.0,229,0.99,18,,My neighbor is a Field Tech for the Chargers and gave me this leftover practice ball he found in one of the equipment rooms. Pretty neat. ,4307.0,positive,0.0,0.788,0.212,0.7351
1opx5k5,1762430803.0,155,0.89,135,,How on God's green earth are we favored against the Steelers? Are oddsmakers not paying attention to our situation? We have the literal worst oline in the league by a mile and by some metrics recent memory in the NFL. And Steelers just handled the best team in the league last week BECAUSE they smacked them at the line. That stadium is gonna be 3/4ths black and yellow. We're gonna need legendary heroics from Herbert just to keep this remotely close. ,18761.0,negative,0.045,0.836,0.118,0.7691
1opp3jd,1762402180.0,978,0.99,72,,Justin Herbert meeting his newest bodyguard ,70680.0,neutral,0.0,1.0,0.0,0.0
1opnh1z,1762397498.0,124,0.94,53,,"[OC] Bold Prediction: Trevor Penning is going to be our offensive Teair Tart I was just thinking about this today and wanted to put this out there because I think there are actually quite a few similarities between their careers.

Obviously the major difference between the two is that Penning was a first round pick selection while Tart was undrafted, however, both players had a very rocky start to their career.

On the field, Tart is well known as a violent athlete who plays an aggressive (sometimes *too aggressive*) style of football. While Tart was a decent performer in Tennessee at times, it was reported that he was released by them for effort and attitude issues. However, those issues actually go even further back to when he played at East Mississippi Community College (which you may know from Last Chance U) where he was thrown off the roster for similar reasons. 

Those same issues continued as Tart was cut by 3 different teams in 14 months (Titans, Texans, Dolphins) with similar issues regarding his effort and attitude being cited as primary factors in the decisions. Miami even cut Tart after just four months and took a $500k dead cap to do it. Since being brought in by the Chargers, Tart has completely turned his career around and despite still having some on-field behavior issues (which we all have seen), he has become one of the better DTs in the league and is currently rated as the 4th best DT in the league this season by PFF.

Now to Penning, and why I think he is similar:

First of all, Penning, similarly to Tart, is very well known as a violent and aggressive player. During the pre-draft process, Penning famously told reporters that his favorite part of playing football, and offensive line specifically, was “legally assaulting the person across from you”.

This attitude of Penning’s translated into numerous issues to start his career, including during his rookie offseason where he was kicked out of practice after having incidents where tempers flared with teammates three days in a row. Apart from the offseason issues, Penning’s behavior problems also carried onto the field in both college and the pros as he got many penalties for being too aggressive towards other players.

Penning’s performance as a player has been inconsistent in the NFL and, notably, he has moved been moved all over the Saints offensive line in his short career as he has played 3 different positions. Similarly to Tart, Penning has never played on a particularly good team or unit prior to coming to the Chargers, and I believe the Saints moving him around so much early in his career hindered his development instead of helping it. Instead of moving him around, New Orleans should have focused on fixing the fundamental issues in his game that have been there since college because apart from those, the physical traits and intangibles are there.

You can’t teach a player to be as large as someone like Penning and Alt, and while you can encourage a player to play aggressively, it’s much easier to get a player with a natural penchant for aggression reined in rather than the other way around.

I believe that the example of how the Chargers were able to take in Tart and change him for the better could be the blueprint towards how they approach Penning, who is still a relatively young and raw player in many ways. I’m not saying that he will instantly be good or that he will even come close to approaching the level of tackle play that we had going into this season, but I do think it’s reasonable to expect that a leader like Harbaugh, who is used to dealing with players like Penning, may be able to turn him into a serviceable starter.

That all said, it’s entirely possible that Penning doesn’t work out and is just another guy in our offensive line room, however, I called this a bold prediction for a reason. Regardless, Penning should be excited for the opportunity ahead of him to revitalize his career under a great head coach and protecting one of the best QBs in the NFL.

TLDR:

Tart was a violent player with behavior issues before he came to the Chargers and so was Penning. Penning issues largely stem from that and technique issues that were never resolved, partly because he was moved between positions. I believe Penning could be reformed in LA similarly to Tart.",6294.0,neutral,0.052,0.858,0.09,0.979
1oplbvn,1762391569.0,199,0.92,69,,"[Insdorf] Chargers HC Jim Harbaugh says Dodgers Manager Dave Roberts was a tremendous inspiration to him during the MLB playoffs.

""The Dodgers have set the bar."" ",12816.0,neutral,0.0,0.876,0.124,0.5267
1opg7ao,1762378930.0,191,1.0,27,,[Highlight] Quentin Johnston makes a tough catch on a back shoulder fade ,5348.0,positive,0.143,0.857,0.0,-0.128
1opfeiq,1762377161.0,155,1.0,27,,"[Popper] Jim Harbaugh said Trevor Penning will work at both tackle spots in practice this week ""to begin with."" But he added that he likes Penning's ""versatility"" at guard, as well. Mentioned Penning's toughness and finishing. 

""I think he’s kind of like what we like,"" Harbaugh said. ",4340.0,neutral,0.024,0.804,0.171,0.8343
1opfchz,1762377038.0,138,0.99,93,,"[Popper] Jim Harbaugh on if the personnel management on special teams has impacted the #Chargers performance in that phase: ""That's not a noble, real question."" ",12842.0,neutral,0.091,0.809,0.099,0.0567
1opevga,1762376007.0,106,0.99,5,,🤏 that close ! ,630.0,neutral,0.0,1.0,0.0,0.0
1opdn7y,1762373258.0,144,1.0,17,,[Rhim] Jim Harbaugh said the Chargers are opening the practice window for DT Da’Shawn Hand. ,2592.0,neutral,0.0,0.814,0.186,0.4939
1opct7k,1762371440.0,361,0.97,57,,so your telling me there's a chance? is this post slop? yes.,20310.0,neutral,0.0,0.64,0.36,0.6199
1opbgi8,1762368505.0,385,1.0,32,,Roman's new protection scheme for Herbo against the Steelers. Still not sure it'll be enough. ,12705.0,negative,0.123,0.877,0.0,-0.2411
1op8mze,1762362547.0,139,1.0,10,,TIL the chargers claimed deion sanders off waivers to spite the raiders in 2002 Even during a late season collapse its Family Trust Respect,1529.0,neutral,0.206,0.594,0.2,-0.0516
1op82mx,1762361350.0,142,0.95,25,,I suck at making memes but this is how I feel about great value Joe Alt ,3507.0,neutral,0.09,0.507,0.403,0.8316
1oop3i0,1762304436.0,325,0.99,82,,"PSA: Trevor Penning was the ONLY offensive lineman traded today I know some people have expressed unhappiness at the Penning trade since he hasn’t graded out super favorably in recent years, but I thought it was worth noting that he was literally the ONLY offensive lineman who got traded today before the deadline.

I personally like the move a lot. It’s a low risk move that could pay off massively if the coaching staff is able to draw some of that first round potential out of him. He definitely plays with a mean streak at minimum. Hortiz continues to find bargain options to help this team.",26705.0,positive,0.123,0.701,0.176,0.7615
1ooorr2,1762303567.0,187,0.81,76,,"Canceled.... ""If I may, why are you canceling your season tickets?""

""Wow. Haha. I realize you probably have to ask that, and nothing personal, but let me answer, and I'm sure you've already heard it and more:

1. I re-upped my tickets the day before you gave my best home game away, the season opener, with no compensation - not even a discount if we went to Brazil. I get it, spirit of the law versus the letter of the law. You screwed me.

2. I got ONE single bobble head as a 6-year, 3-seat, season ticket holder as my STH gift. I guess that they were the leftovers you gave away in Brazil for game 1.

3. A beer in SoFi now is $18-$21 PER BEER.

4. A 10% discount at SoFi stores is laughable - doesn't even cover sales tax

5. I feel like I put more effort getting in and out of SoFi than the coaches and, sometimes, players do on the field

I have already purchased season tickets to watch the Chargers on my couch next year, so I am booked.""

""Oh, okay. Thank you for your feedback.""

God bless customer service people. I was VERY nice, he seemed nice, but I would hate to be in his chair. Glad I didn't pony up for the 75k PSLs

Go Bolts   
""We almost always almost win""",11663.0,negative,0.047,0.75,0.203,0.9905
1oolw1j,1762296320.0,133,0.84,75,,The Chargers are the only team that can win a game and still go down in the power rankings ,8491.0,neutral,0.0,0.817,0.183,0.5859
1ookqtw,1762293698.0,195,0.99,93,,[Popper] #Chargers announce they've traded CB Ja'Sir Taylor to the Jets for a 2028 conditional seventh-round pick. ,18147.0,neutral,0.0,1.0,0.0,0.0
1oojvar,1762291721.0,137,1.0,76,,(Schefter) Trade comp: Saints traded OL Trevor Penning to the Chargers for a 2027 sixth-round pick. ,10549.0,neutral,0.0,1.0,0.0,0.0
1ooj54v,1762289954.0,449,0.99,322,,"[Schefter] Deadline deal: Saints are trading OL Trevor Penning to the Chargers, per source. ",143577.0,neutral,0.0,1.0,0.0,0.0
1ooikcx,1762288608.0,234,0.94,53,,Please? ,11878.0,neutral,0.0,0.0,1.0,0.3182
1ooiepa,1762288236.0,148,0.99,22,,"Chargers are just 1 of 3 teams to rack up 300+ yards of total offense in all 9 games, joining the Colts and Patriots ",3370.0,neutral,0.091,0.909,0.0,-0.25
1oogg6w,1762283861.0,274,0.97,120,,In court they call this gross negligence Considered tagging NSFW,32159.0,neutral,0.287,0.713,0.0,-0.561
1ooexf3,1762280572.0,172,0.98,48,,"The Chargers have the 5th best offense and 6th best defense based off of yards/game, have the 6th best record in the AFC, and are only one game out of first place in the AFC West. This is in spite of all their injuries. Losing Alt is a huge blow with how many other injuries we have had this year, but let's acknowledge how well the Chargers have performed so far despite all the issues they have had to deal with. Being a Chargers fan for over 50 years I'm probably more used to disappointment than the average fan, but there is still room for optimism about this season.",8259.0,positive,0.081,0.732,0.187,0.9128
1oobbdb,1762272728.0,186,0.98,63,,"[Insdorf] The Chargers have an argument for worst special teams in the league.

32nd in kickoff coverage: 29.3 yards per attempt
32nd in punt coverage: 18.0 yards per attempt
29th in punt return: 7.1 yards per attempt

Nine games in-fair to say a crisis for Ryan Ficken's group, imo. ",11666.0,negative,0.186,0.767,0.047,-0.8402
1ontgmk,1762217109.0,197,1.0,106,,"[Insdorf] Jim Harbaugh on OT after loss of Joe Alt + Bobby Hart: ""Our tackles moving forward are Trey Pipkins, Austin Deculus, Jamaree Salyer, Foster Sarell has flexibility out there as well.""

He expects RG Mekhi Becton to practice this week.

""We'll see how the week of practice goes."" ",21079.0,neutral,0.045,0.907,0.047,0.0258
1onrglv,1762211944.0,226,0.91,126,,"As long as we have Justin Herbert, our season is alive. Losing Alt is obviously a massive blow to our chances of competing for anything major this season, but acting like all hope is gone when we will have 10 back there is crazy.

Joe Burrow was able to go to the Super Bowl with an awful offensive line, why can't the Chargers do the same? Herbert is an elite, top 3 QB in the prime of his career with a coach that understands him and is doing everything in his power to put him in a position to succeed.

I truly believe that the only player that this team is truly reliant on to have a chance of winning is Justin. Losing players at other key positions obviously doesn't help, but Justin is by far our most important player and can/has single-handedly carried us to wins multiple times. I'm not giving up faith in this team winning games as long as number 10 is on the field.

  
If Super Bowls were won on paper, then why do we even need to play the games? Let's see what this team is made of with the culture that Harbaugh has instilled. I damn well guarantee that they aren't giving up on the season right now like this fanbase seems to be.

  
Lastly, to the individuals in this subreddit making fun of people like me who are still optimistic about the team and the rest of the season - get a fucking life. I'm sorry that you are incapable of enjoying watching and cheering for your team, regardless of circumstances. It is genuinely pathetic and sad that some of you find joy in attempting to make other fans just as miserable as you are.",26119.0,positive,0.127,0.617,0.256,0.9946
1onq0wr,1762208528.0,138,0.93,117,,"Don’t doom just yet… If we lose against the Steelers, then I will give you permission to doom. But, if we beat the Steelers, our next three weeks are Jags-Bye-Raiders, we could realistically be 9-3. We would basically be a shoe-in for the playoffs, and as we all know anything can happen there. Most people said coming into the season that a playoff win was the goal, and that’s still well within reach! If we get the momentum of a playoff dub, plug a few holes in the offseason with our crazy amount of cap room, and get our All-Pro tackle duo back, we would enter 2026 in an amazing place.  

Don’t doom just yet! Let’s see if we can get a win vs the Steelers, if we do the season is very much alive! ",15144.0,positive,0.079,0.765,0.156,0.9422
1onp7id,1762206638.0,150,1.0,24,,[Daniel Popper] Jim Harbaugh said he does not expect Omarion Hampton’s activation window to be opened until after the Week 12. ,3750.0,neutral,0.0,1.0,0.0,0.0
1ononlb,1762205379.0,568,0.99,398,,"[Popper] Joe Alt will undergo season-ending ankle surgery, the #Chargers announce ",224366.0,negative,0.0,1.0,0.0,0.0
1onid97,1762191646.0,247,1.0,16,,A W is a W ,4199.0,positive,0.0,1.0,0.0,0.0
1onfzdf,1762186469.0,555,1.0,54,,Justin Herbert leads all QBs in rushing yards (305)through 9 games. ,30525.0,neutral,0.0,1.0,0.0,0.0
1on49il,1762150073.0,225,1.0,45,,"[Fehoko] I had a high ankle couple years ago and had the infamous tight rope surgery. If it means anything I was back in 3 weeks. However everyone’s body is different. @JoeAlt7 lots of Juven, Cherrie drinks, & Game Ready! You’ll be good by week 13. ",10350.0,neutral,0.0,0.873,0.127,0.69
1omynjw,1762132577.0,563,0.99,17,,Prayers to the most high 🙏 Prayers up for the Henley family 🙏,10033.0,neutral,0.0,1.0,0.0,0.0
1omw26p,1762125493.0,225,0.93,125,,"Protect Justin Herbert We need to make a move before the trade deadline with our O-line. It's beyond ridiculous at this point and I really don't want to see Justin get hurt. With Alt likely going back on IR, I would be willing to talk draft picks and trades. 

Playing the Steelers and TJ Watt next week is going to be a nightmare with what we currently have. The Tennessee Titans just ran up 6 sacks on us for god sakes. Please just do something.",26366.0,negative,0.083,0.818,0.099,0.1026
1omvz6v,1762125269.0,216,1.0,9,,"After having 0 sacks through 5 games in Baltimore, Odafe Oweh now has 4 sacks in 4 games for the Chargers. ",2160.0,neutral,0.0,1.0,0.0,0.0
1omvqfj,1762124638.0,483,1.0,45,,Odafe Oweh Appreciation Post ,22218.0,positive,0.0,0.476,0.524,0.5106
1omufw5,1762121325.0,416,1.0,132,,"Chargers LT Joe Alt is believed to have suffered another high ankle sprain, only this time it could require a procedure to repair, per sources. Alt will undergo an MRI on Monday to confirm the diagnosis on the same right ankle he injured earlier this season at the Giants. ",55328.0,negative,0.114,0.886,0.0,-0.7096
1omty9f,1762120108.0,116,1.0,4,,Jim Harbaugh on learning how to say Odafe Oweh’s name ,580.0,neutral,0.0,1.0,0.0,0.0
1omtw18,1762119957.0,256,0.96,78,,We’re cooked ,19415.0,negative,0.0,1.0,0.0,0.0
1omtpq7,1762119522.0,826,0.99,38,,Henley on Instagram ,31892.0,neutral,0.0,1.0,0.0,0.0
1omsvgj,1762117511.0,555,1.0,25,,f*ck it... We'll Do It LIVE! ,14430.0,positive,0.0,1.0,0.0,0.0
1omsl19,1762116839.0,247,1.0,10,,Charger Charge Power Surge into a DUB ,2717.0,positive,0.0,1.0,0.0,0.0
1omsk4v,1762116779.0,190,0.94,12,,Jim Harbaugh Jim Harbaugh ,2322.0,neutral,0.0,1.0,0.0,0.0
1omsjmn,1762116744.0,134,0.99,263,,"Post Game Thread: Los Angeles Chargers at Tennessee Titans #Los Angeles Chargers at Tennessee Titans

[ESPN Gamecast](https://www.espn.com/nfl/game/_/gameId/401772764/chargers-titans)

Nissan Stadium- Nashville, TN

Network(s): CBS 

***

|Time Clock|
|:--:|
|Final|

**Scoreboard**

||Q1|Q2|Q3|Q4|Total|
|:--:|:--:|:--:|:--:|:--:|:--:|
|LAC|7|13|0|7|27|
|TEN|14|3|0|3|20|


**Scoring Plays**

| Team | Quarter | Type | Description |
|:--|:--|:--|:--|
| TEN | 1 | TD | Cody Barton 24 Yd Interception Return (Joey Slye Kick) |
| LAC | 1 | TD | Scott Matlock 2 Yd pass from Justin Herbert (Cameron Dicker Kick) |
| TEN | 1 | TD | Chimere Dike 67 Yd Punt Return (Joey Slye Kick) (Joey Slye Kick) |
| LAC | 2 | FG | Cameron Dicker 27 Yd Field Goal  |
| LAC | 2 | TD | Quentin Johnston 19 Yd pass from Justin Herbert (Cameron Dicker Kick) |
| TEN | 2 | FG | Joey Slye 49 Yd Field Goal |
| LAC | 2 | FG | Cameron Dicker 52 Yd Field Goal |
| LAC | 4 | TD | Justin Herbert 1 Yd Rush (Cameron Dicker Kick) |
| TEN | 4 | FG | Joey Slye 37 Yd Field Goal |




**Passing Leaders**

|Team|Player|C/ATT|YDS|TD|INT|SACKS|
|:--|:--|--:|--:|--:|--:|--:|
| LAC | Justin Herbert | 19/29 | 250 | 2 | 1 | 6-38 |
| TEN | Cam Ward | 12/21 | 145 | 0 | 0 | 4-27 |

**Rushing Leaders**

|Team|Player|CAR|YDS|AVG|TD|LONG|
|:--|:--|--:|--:|--:|--:|--:|
| LAC | Justin Herbert | 9 | 57 | 6.3 | 1 | 29 |
| TEN | Tony Pollard | 10 | 56 | 5.6 | 0 | 16 |

**Receiving Leaders**

|Team|Player|REC|YDS|AVG|TD|LONG|TGTS|
|:--|:--|--:|--:|--:|--:|--:|--:|
| LAC | Oronde Gadsden II | 5 | 68 | 13.6 | 0 | 34 | 5 |
| TEN | Elic Ayomanor | 3 | 46 | 15.3 | 0 | 29 | 6 |


***

Use [reddit-stream.com](https://reddit-stream.com/comments/auto) to get an autorefreshing version of this page

^This ^was ^created ^by ^a ^bot. ^For ^issues ^or ^suggestions ^please ^message ^nfl_gdt_bot.

^Last ^updated: ^2025-11-02_16:22:46.600975-05:00",35022.0,neutral,0.0,1.0,0.0,0.0
1omsj54,1762116710.0,247,0.99,19,,THE CHARGERS SURVIVE THE TRAP GAME AND HOLD OFF THE TITANS UPBOLT PARTY ⚡️⚡️⚡️ ,4891.0,positive,0.164,0.65,0.186,0.1027
1omrzu8,1762115444.0,203,0.96,23,,Good Luck charm? ,4677.0,neutral,0.0,0.0,1.0,0.8225
1omqx0d,1762112938.0,161,0.97,108,,Replay of Joe Alt’s right ankle injury ,17023.0,neutral,0.318,0.682,0.0,-0.4215
1omqp9v,1762112443.0,115,1.0,3,,[Highlight] Justin Herbert zips a pass to FB/DT Scott Matlock for the TD to tie up the game ,460.0,positive,0.0,1.0,0.0,0.0
1ompbey,1762109175.0,206,0.94,17,,"For those that crave a life of danger Welcome to the Offensive Line, here’s your knee surgery voucher. ",3486.0,negative,0.274,0.598,0.128,-0.5267
1omj69q,1762094904.0,300,1.0,19,,Just found this tucked away Autographed by Kris Dielman. He went to my high school and hung out with my cousin. the reason I’m a chargers fan. ,6000.0,positive,0.0,0.916,0.084,0.3182
1olxhbs,1762027310.0,148,0.99,72,,[Chargers] we have placed RB hassan haskins on reserve/injured + elevated RB amar johnson and RB jaret patterson from the practice squad for sunday’s game ,10696.0,neutral,0.0,1.0,0.0,0.0
1ols45v,1762014408.0,181,0.94,15,,Justin Herbert TVs Saw this at Target. Maybe for the NFL script.,2722.0,neutral,0.0,1.0,0.0,0.0
1oloo86,1762005934.0,319,0.98,11,,"Herbert: Oh man, I'm being pressured and everyone's covered. If only there was someone I could throw to! Oronde Gadsden: ",3751.0,neutral,0.109,0.891,0.0,-0.2942
1olc58y,1761961511.0,276,0.96,95,,Something spooky for Halloween ,25436.0,neutral,0.0,1.0,0.0,0.0
1olahyw,1761956422.0,112,0.98,2,,"⚡️Happy Halloween, Bolt Fam!⚡️ Just wanted to share one of my favorite wallpapers from back when DJ was still wearing 33. Have a great night and be safe!",329.0,positive,0.0,0.643,0.357,0.915
1ol7r4k,1761948656.0,518,1.0,13,,Vile people ,7252.0,negative,0.804,0.196,0.0,-0.6249
1ol3m50,1761938225.0,126,1.0,9,,Chargers TNF game against Vikings averaged 13.12M viewers ,1260.0,neutral,0.0,1.0,0.0,0.0
1ol32sc,1761936942.0,105,0.73,54,,The chargers should change the color of blue to real powder blue The color blue they’ve been using since 2020 has always bugged me. It’s not real powder blue. Or even baby blue. ,4216.0,neutral,0.0,1.0,0.0,0.0
1ol22vi,1761934611.0,324,1.0,44,,"With 4 receptions on Sunday, Keenan Allen would pass Antonio Gates to become the new franchise leader ",14580.0,neutral,0.0,1.0,0.0,0.0
1ol18ef,1761932686.0,139,1.0,62,,"[Schefter] Titans ruled out WR Calvin Ridley, DT Jeffery Simmons, OLB Arden Key and S Xavier Woods for Sunday’s game against the Chargers. ",8757.0,neutral,0.0,1.0,0.0,0.0
1okyp32,1761926894.0,340,0.95,98,,"Anyone else thankful Miami chose Tua and not Justin? After last night’s debacle (and the past five years’ worth of Miami losses, concussions, and endless boos) I hope everyone understands the bullet we dodged by the Dolphins “tanking for Tua”, only to let the Chargers draft our boy, Justin, only one pick later. Yes, Virginia, there is a Santa Claus. And he made our wish come true.",31977.0,neutral,0.035,0.749,0.216,0.9186
1okv16g,1761918345.0,102,0.93,109,,JK Dobbins “That was with the Chargers…forget those guys” What’re your opinions on Dobbins? ,10435.0,neutral,0.0,0.832,0.168,0.3885
1okp0bi,1761899150.0,235,1.0,11,,"Nothing to see here, just a 22 year old tight end that has exploded onto the scene the past three weeks with 309 yards and 2 TD's ",2820.0,positive,0.0,1.0,0.0,0.0
1okkc3s,1761881672.0,268,1.0,6,,"Chargers Flags flying in Downtown Nashville In Nashville for the game on Sunday, Lucky Bastard Saloon as 2 Chargers flags flying right out front! ",1876.0,positive,0.137,0.761,0.101,-0.2481
1okfd1i,1761867553.0,306,0.99,42,,"Who remembers Shawn Merriman getting hype. This would always get me fired up. As annoying as it may have been to other teams, I felt like we had a strong identity on D. Bolt up ⚡️⚡️",13026.0,positive,0.15,0.713,0.138,-0.128
1oke6hi,1761864530.0,216,1.0,19,,"[Popper] Derwin James said he initially couldn't stand or put pressure on the ankle he injured in the first quarter against the Vikings. 

""I was a little scared at first,"" James said. 

But he said the ankle ""healed up"" and he is feeling ""fresh"" coming out of the mini bye. ",4320.0,neutral,0.101,0.865,0.034,-0.3619
1okdxtx,1761863916.0,166,0.92,108,,"I genuinely think Herbert is the best quarterback we’ve ever had As a fan for over 30 years, and knowing the history (and having met) Dan Fouts, I just don’t think anyone really comes close. 

I’ve never trusted someone more. Every time he throws I feel like it’s on the money. He has bad throws sometimes but it’s so rare. With how much he’s pressured and hit and dealt with lack of talent, he always is good. 

I want a super bowl, but more than anything I want him to stay with us for his career",16646.0,positive,0.086,0.712,0.202,0.9095
1okdkab,1761862951.0,291,0.99,31,,"Justin Herbert has one of the lowest ""Bad Throw %"" despite facing the highest pressure rate in the NFL this year. This blew my mind. Herbert with a competent o-line is going to be beyond unstoppable. ",9219.0,positive,0.238,0.708,0.054,-0.7783
1okd42i,1761861801.0,103,0.99,25,,"[Popper] Jim Harbaugh on if Will Dissly was a healthy scratch for TNF last week: ""Yes."" 

Why? 

""We felt the other four (TEs) fit that game plan better, and they were the healthiest, too."" 

So health was a factor? 

""Yes."" 

Harbaugh said Dissly had an MCL injury earlier this year. ",2651.0,neutral,0.051,0.796,0.153,0.6868
1okargx,1761856115.0,165,1.0,21,,[Popper] #Chargers have opened the activation window for LS Josh Harris (chest). He was limited today. ,3630.0,neutral,0.112,0.888,0.0,-0.2263
1ok7k0x,1761848762.0,154,0.96,53,,"If Herbert can drop 420 yards with no run game and still look calm, how high is his ceiling with real help? Even in a loss, Justin Herbert looked like a star. 420 yards, 3 touchdowns, and a whole lot of throws that only a handful of guys in the league can make. The guy’s arm is different. And he’s doing it with constant pressure and a patchwork run game.  
Games like this don’t just pad stats, they remind you what the Chargers have at QB. Herbert can be *the guy* for a long time. With the right pieces around him, how far do you think he can go?

Source: [https://sportsorca.com/nfl/justin-herbert-420-yard-loss-colts/](https://sportsorca.com/nfl/justin-herbert-420-yard-loss-colts/)",7983.0,positive,0.076,0.834,0.09,0.3736
1ok74ax,1761847782.0,1048,1.0,90,,Chargers All-Navy Uniforms Returning for Super Chargers Game vs. Texans ,95368.0,neutral,0.0,0.698,0.302,0.5994
1ok6gaz,1761846303.0,137,0.99,2,,Los Angeles Chargers Week 9 Matchup Doodle (Halloween Edition) ,407.0,neutral,0.0,1.0,0.0,0.0
1ojoe4m,1761792171.0,144,0.99,9,,Quite Possibly my Favorite Segment of a Charger Vid. Ignore the former name mentioned.,1426.0,neutral,0.149,0.656,0.195,0.1935
1ojj3t7,1761777936.0,149,0.97,82,,"Price increase after getting the chiefs game stolen from us. I'm founders club, and all pro status season ticket holder and I'm done. ",11996.0,negative,0.121,0.792,0.087,-0.2263
1ojfkoz,1761769513.0,113,1.0,54,,"[Rhim] Not practicing: RB Hassan Haskins, CB Tarheeb Still, TE Will Dissly, S Tony Jefferson: 

G Mekhi Becton went through stretching then headed into the facility ",6215.0,neutral,0.0,1.0,0.0,0.0
1ojea8v,1761766575.0,186,0.99,21,,"[Popper] With Tarheeb Still expected to miss this week, it sounds like rookie Nikko Reed will be next man up at nickel when Derwin James is not playing there. 

""Nikko Reed will get a real first opportunity,"" #Chargers DC Jesse Minter said, ""which I'm really excited about."" ",4051.0,neutral,0.063,0.834,0.103,0.459
1ojbawh,1761759934.0,429,0.98,113,,It's a TRAP !!! ,47928.0,neutral,0.662,0.338,0.0,-0.6006
1oj7w88,1761752422.0,158,0.99,9,,⚡️🔥 ,1564.0,neutral,0.0,1.0,0.0,0.0
1oj6bit,1761748775.0,123,0.99,9,,Herb to QJ TD against the colts ,1218.0,neutral,0.0,1.0,0.0,0.0
1oiq6ev,1761697130.0,101,0.99,8,,Some Old LA  (Then SD Chargers) Photos ,900.0,neutral,0.0,1.0,0.0,0.0
1oiphk0,1761695311.0,133,0.99,13,,"[Royer] Was #BoltUp quarterback Justin Herbert ready to pitch for the Dodgers last night if needed?

“It’s been a while, I don't think so. I’m not sure if my arm could take that.”  Herbert said he could top out in the low-90s once upon a time. ",1843.0,neutral,0.048,0.86,0.092,0.2673
1oipg7l,1761695218.0,555,1.0,49,,"[Popper] Justin Herbert said he did not stay for all 18 innings of the epic Dodgers World Series win last night. 

“I wish I did,” he said, “but I had to be up early for work.” ",27750.0,neutral,0.0,0.831,0.169,0.7579
1oionv4,1761693249.0,344,1.0,37,,Oronde is special ,13072.0,positive,0.0,0.426,0.574,0.4019
1oijgn4,1761681006.0,211,1.0,33,,"[Popper] Harbaugh on RT competition moving forward: ""Bobby's played great. He graded out 90 percent. Game ball. Nothing but respect for the way Bobby has played. ...We'll do what we do. We'll go through a week of practice and when we get to the game, the best, healthiest five will start."" ",7174.0,neutral,0.054,0.732,0.214,0.8695
1oiiklo,1761678955.0,147,0.99,33,,[Rhim] Jim Harbaugh said the Chargers are opening the practice window for CB Deane Leonard to return from IR. LS Josh Harris remains on IR ,4948.0,neutral,0.0,1.0,0.0,0.0
1oiibky,1761678370.0,158,1.0,50,,[Rhim] Jim Harbaugh said that he expects Derwin James (ankle) and Mekhi Becton (knee) to be practicing today. Both didn’t finish the game last Thursday. Said Tarheeb Still is working through something and likely won’t play Sunday against the Titans. ,8058.0,neutral,0.0,0.942,0.058,0.34
1oih6q5,1761675794.0,255,0.99,207,,Reminder that the chargers have the 2nd most cap space next year ,52510.0,neutral,0.0,1.0,0.0,0.0
1oi3hiz,1761638377.0,343,0.97,39,,Justin Herbert is greeted by Justin Bieber at the World Series ,13308.0,neutral,0.0,0.826,0.174,0.2732
1oi2idz,1761634278.0,299,0.8,89,,Make the call Dave We're out of pitchers dawg. Plus this would be extra brownie points with Maddie 😭😭,21528.0,neutral,0.0,1.0,0.0,0.0
1ohzkde,1761623351.0,387,0.92,59,,Justin loved the Angels First FYI,21362.0,neutral,0.0,0.383,0.617,0.7531
1ohxhrc,1761617119.0,609,0.94,191,,Justin Herbert at the World Series ,109912.0,neutral,0.0,1.0,0.0,0.0
1ohq6vj,1761598313.0,135,0.94,30,,"As someone who attended Thursday’s game against the Vikings… First of all, SoFi is amazing! Probably the hands down the best stadium concept in the NFL. Second, the greatest uniform the chargers have ever had (in my opinion) and growing up watching them in San Diego it was awesome to see them in the navy blues. The last thing, they never once said or mentioned San Diego. It’s like a forbidden word that was scrubbed from every video they played about the uniforms, and all merch that had “super chargers” was just San Diego Chargers merchandise. I’m not sure if anyone noticed that too, I get they are the Los Angeles chargers now, but it’s kinda weird they don’t/wont acknowledge where they came from and where they arguably played the best football. ",3934.0,neutral,0.05,0.787,0.162,0.9489
1ohh8bw,1761578345.0,203,1.0,40,,What playing for Mike McCoy does to a mf ,8323.0,negative,0.0,0.795,0.205,0.2023
1ohejac,1761572019.0,493,0.97,48,,Justin at the Top! ,23432.0,positive,0.0,0.589,0.411,0.2714
1oh8c0l,1761551002.0,192,0.98,27,,Ladd’s has been the Milkman for a minute now. Time to make it his offical nickname. ,5268.0,positive,0.0,1.0,0.0,0.0
1oh62zq,1761542097.0,287,0.99,5,,He had to celebrate early ,1705.0,neutral,0.0,0.519,0.481,0.5719
1oh56it,1761538877.0,638,0.98,56,,Herbert really hates cameras 😂 ,35639.0,neutral,0.516,0.484,0.0,-0.4927
1oh4cch,1761536116.0,648,1.0,17,,No off days ,11664.0,neutral,0.524,0.476,0.0,-0.296
1oh19ic,1761526899.0,404,0.99,18,,Ladd as the milkman next to Herbert and his gf is such a vibe ,7599.0,positive,0.0,1.0,0.0,0.0
1oh0mx7,1761525144.0,200,0.99,7,,"Halloween Ready, Brochachos! ",1584.0,positive,0.0,0.417,0.583,0.4199
1ogylv6,1761519558.0,468,0.99,86,,Chargers Halloween Party Costume Thread! ,40309.0,neutral,0.0,0.572,0.428,0.4574
1ogulhe,1761509431.0,160,0.98,74,Unofficial FTB Game Thread,"We are all Cowboys fans today… As reprehensible as it may seem and no matter how you feel about them, we are all Cowboys fans today… and then tomorrow we have to all forget about what Washington did to us, and we all are going to be Commanders fans…not sure which one’s more difficult to swallow, but whatever we need to do for that #1 spot back…",11760.0,neutral,0.071,0.89,0.039,-0.3064
1ogoqov,1761495550.0,178,0.99,59,,"CB Tarheeb Still, who left Thursday night’s win with a knee injury, suffered an MCL sprain that is likely to sideline him 2-4 weeks, per source. ",10573.0,neutral,0.189,0.692,0.119,-0.296
1ogm478,1761489166.0,193,0.99,24,,After the TNF game I was sold on this jersey. It’s my new favorite by far. ,4777.0,positive,0.0,0.824,0.176,0.4588
1ogau2v,1761450454.0,272,0.97,27,,"[Highlight] Chris Long: “If you think Herbert is a bad QB, I want you on a sex offender list. I don’t want you within 200 yards of a school. I don’t want you near my house. I’m gonna start asking DoorDash drivers if they think he is good because if you don’t, you might breathe through your mouth.” ",7388.0,positive,0.102,0.782,0.116,-0.296
1og94dy,1761444875.0,145,0.99,34,,$60 purchase… oh well ⚡️ ,5024.0,neutral,0.0,0.656,0.344,0.2732
1og15c4,1761422511.0,579,1.0,42,,The Chargers with Joe Alt vs without Joe Alt. ,24897.0,neutral,0.0,1.0,0.0,0.0
1ofxhx0,1761413624.0,1108,0.98,81,,LeBron James dapping up Justin Herbert at the Lakers game ,89039.0,neutral,0.0,1.0,0.0,0.0
1ofwbvi,1761410839.0,477,0.99,58,,Who’a got it better than us ⚡️⚡️⚡️ ,27862.0,positive,0.0,0.674,0.326,0.4404
1ofmi4e,1761381554.0,133,0.97,29,,"Herbert has 4 batted passes on the season. All 4 have resulted in an interception Just an unreal stat to me. He has a reputation for getting a lot of batted balls and the stats back that up - he's been near the top of the league in bats the last few seasons. But this year he's actually been very good at avoiding them.
 
  

His 4 bats has him tied for 21st in the league despite leading the league in pass attempts. That's just a 1.4 bat%, which is the lowest in the league. Yet no QB has been intercepted off bats more than him. 


  

For comparison, Mahomes is 3rd in the league in bats with 8 but none of those have resulted in a turnover. Insanity",3870.0,neutral,0.111,0.846,0.043,-0.8766
1ofm9nv,1761380630.0,776,0.99,45,,The amount of aura my goat has🔥🔥🔥 ,35339.0,positive,0.0,1.0,0.0,0.0
1ofigeg,1761366456.0,476,0.99,38,,First game at Sofi/Crypto arena. First time in LA ,18378.0,neutral,0.0,1.0,0.0,0.0
1ofhbck,1761362655.0,1706,0.95,165,,Madison Beer dragging Herbert out to sit court side for the Lakers game is awesome ,269036.0,positive,0.0,0.773,0.227,0.6249
1ofdbz4,1761350431.0,352,0.99,16,,Didn't see that coming ,5924.0,neutral,0.0,1.0,0.0,0.0
1ofayng,1761343835.0,108,0.99,19,,Got this beauty in time for last night’s win 😍 ,2138.0,positive,0.0,0.479,0.521,0.8225
1ofaeg6,1761342359.0,670,1.0,56,,I can’t stop thinking about these uniforms ⚡️🥹 San Diego days 🥹,38190.0,positive,0.196,0.804,0.0,-0.296
1of8mnk,1761337947.0,216,1.0,24,,"[Highlight] Justin Eboigbe and Tuli Tuipulotu run a beautiful stunt to free Tuli, Eboigbe launches the center and finishes the sack. ",5400.0,neutral,0.0,0.714,0.286,0.802
1of8bro,1761337212.0,328,1.0,5,,Joseph Alternator ,1968.0,neutral,0.0,1.0,0.0,0.0
1of4d2m,1761327905.0,156,1.0,11,,Herbert looking great against The Vikings!! O-line definitely improved with Alt coming back. ,1872.0,positive,0.0,0.488,0.512,0.8881
1of396b,1761325349.0,974,1.0,40,,Best pic of the season! ,39934.0,positive,0.0,0.471,0.529,0.6696
1of2c2s,1761323235.0,101,1.0,2,,How I felt after last nights dub ,303.0,neutral,0.0,1.0,0.0,0.0
1of26vg,1761322895.0,285,1.0,88,,"[Pelissero] #Chargers safety Derwin James is believed to have suffered a low-ankle sprain Thursday night against Minnesota, per sources. James will undergo an MRI today. But the hope is it’s nothing major ",25365.0,neutral,0.059,0.781,0.16,0.5647
1of21dv,1761322551.0,321,1.0,22,,The throwback graphics to the dot matrix scoreboard at Qualcomm was the coolest part of yesterday’s game. Amazing work by the graphics team! ,7383.0,positive,0.0,0.843,0.157,0.6239
1of1ttn,1761322062.0,153,0.94,19,,"17 hours and still Bolting Up, loving the feeling of Victory again ⚡️⚡️⚡️ ",2876.0,positive,0.0,0.671,0.329,0.6597
1of16lh,1761320598.0,165,1.0,16,,"Thank you Bobby Hart Good game, Bobby. ",2805.0,positive,0.0,0.481,0.519,0.6597
1oezstq,1761317429.0,115,0.97,24,,[Highlight] Chargers OG Foster Sarell gets called for a false start on the goal line with possibly the smallest flinch ever ,2789.0,neutral,0.0,1.0,0.0,0.0
1oeyr3h,1761314963.0,114,0.97,55,,[Highlight] Dallas Turner gets called for roughing the passer after launching himself helmet-first at Justin Herbert ,6192.0,neutral,0.0,1.0,0.0,0.0
1oey064,1761313119.0,620,1.0,48,,Kimani Vidal appreciation post Talk about stepping up and making a difference. I hope we keep him around in coming years. ,30380.0,positive,0.0,0.733,0.267,0.7351
1oeq4gm,1761286008.0,349,1.0,50,,"[Gridiron Grading] The Chargers starting RT tonight was Bobby Hart. Hart allowed 0 pressures on 34 pass blocking opportunities, per PFF’s initial charting. Yes, that Bobby Hart. ",17799.0,positive,0.152,0.683,0.165,0.1027
1oeq3hk,1761285909.0,160,0.99,11,,What a game ,1901.0,positive,0.0,1.0,0.0,0.0
1oepw57,1761285162.0,204,0.95,28,,Can we make this our primary colorway and field?! ⚡️⚡️⚡️ ,5620.0,positive,0.0,1.0,0.0,0.0
1oepjmj,1761283850.0,151,1.0,11,,Oronde Gadsden ,1812.0,neutral,0.0,1.0,0.0,0.0
1oepa6r,1761282882.0,142,0.98,15,,Gadsden ,2227.0,neutral,0.0,1.0,0.0,0.0
1oep7cx,1761282602.0,708,1.0,20,,"Vidal blocking two dudes out of the play, freeing up Justin for the first down Vidal had some pretty good blocks in pass pro and on this run -- just like Haskins had last week!!!!",14868.0,positive,0.094,0.586,0.32,0.8949
1oeogv0,1761280038.0,146,1.0,14,,"[Rhim] Tarheeb Still said that his left knee got hit in a pile but that he's not worried about missing any time with the injury. ""I'll be good though. I'll be great, my bad."" ",2190.0,neutral,0.081,0.611,0.309,0.8876
1oeoet8,1761279845.0,944,1.0,29,,Herbert and Alt back at it again 🥹 ,28320.0,positive,0.0,1.0,0.0,0.0
1oeocyn,1761279672.0,262,1.0,24,,Victory Speech ,6550.0,positive,0.0,1.0,0.0,0.0
1oeo6vx,1761279102.0,103,1.0,2,,Next up: Tennessee. ,309.0,neutral,0.0,1.0,0.0,0.0
1oeo25e,1761278675.0,385,1.0,22,,Find someone who loves you like Justin Herbert loves his teammates. ,8855.0,positive,0.0,0.447,0.553,0.872
1oenzth,1761278477.0,191,1.0,4,,We put up 37 for 37 Welcome to the chargers Hall of Fame Rodney,955.0,positive,0.0,0.67,0.33,0.7096
1oenzdd,1761278444.0,155,0.95,56,,The taste of victory here at 5am ⚡️⚡️⚡️ ,8393.0,positive,0.0,1.0,0.0,0.0
1oenu3f,1761277966.0,676,1.0,75,,The future is bright y'all ⚡ ,51376.0,positive,0.0,0.58,0.42,0.4404
1oeni8r,1761276901.0,252,1.0,7,,THERE GOES MY HERO~ ,2016.0,positive,0.0,1.0,0.0,0.0
1oencto,1761276427.0,617,1.0,56,,"Joe Alt https://preview.redd.it/qo08lso2bzwf1.jpg?width=1280&format=pjpg&auto=webp&s=8adcde5aefa7ba7152f4ff8a9bf7049e4c6fd188

Joe Alt",35169.0,neutral,0.0,1.0,0.0,0.0
1oenbzv,1761276358.0,316,1.0,15,,WE BACK?! ,5056.0,positive,0.0,1.0,0.0,0.0
1oen88x,1761276028.0,1005,0.99,42,,We’re So Back Super Chargers,42783.0,positive,0.0,0.489,0.511,0.6344
1oen7mv,1761275975.0,120,0.96,3,,Justin Herbert ,461.0,neutral,0.0,1.0,0.0,0.0
1oen6oc,1761275894.0,122,0.98,5,,CHARGERS DOMINATE THE VIKINGS ON TNF UPOLT PARTY!!!WINS ARE BACK ON THE MENU BOYS ⚡️⚡️⚡️ ,717.0,positive,0.182,0.818,0.0,-0.4782
1oen6gp,1761275875.0,172,0.96,16,,Jim Harbaugh Jim Harbaugh ,2807.0,neutral,0.0,1.0,0.0,0.0
1oen68h,1761275856.0,164,0.94,33,,"Work today is gonna be sweet, time for a bacon sandwich ⚡️⚡️⚡️ ",5241.0,positive,0.0,0.769,0.231,0.4588
1oemtmi,1761274795.0,147,0.99,9,,"Flew out here from KC for this shit, immaculate vibes!! BOLT TF UP BROCHACHOS ",1455.0,positive,0.271,0.729,0.0,-0.7035
1oemkkk,1761274023.0,332,1.0,7,,#86 ,2656.0,neutral,0.0,1.0,0.0,0.0
1oemjjv,1761273936.0,2450,0.96,329,,"Can we just bring back the navy uniforms for all home games? I feel like I’m watching the team I watched as a child. It’s amazing 😍 Hopefully, we win multiple Super Bowls though 🙏",776160.0,positive,0.0,0.6,0.4,0.9493
1oemc8z,1761273328.0,496,0.99,33,,PUT SOME RESPECT ON HIS NAME ,16695.0,positive,0.0,0.617,0.383,0.4767
1oelryw,1761271628.0,206,1.0,19,,Could’ve Been a Receiver JK got some hands could’ve been a receiver chose to be a punter ,4120.0,neutral,0.0,0.832,0.168,0.3885
1oeku25,1761268826.0,126,0.91,24,,You may only have 1 nice thing ,2867.0,neutral,0.0,0.641,0.359,0.4215
1oekmf8,1761268179.0,313,0.98,21,,One word: Oronde Gadsden ,6748.0,neutral,0.0,1.0,0.0,0.0
1oej0ld,1761263487.0,373,1.0,25,,"Joe Alt On The Field That ankle is taped up REAL good!  Hope it doesn't give him any problems and he can help keep Herbert from taking any more big hits from his blind side!

Bolt Up ⚡",9698.0,neutral,0.116,0.688,0.195,0.5696
1oehle7,1761259592.0,216,1.0,49,,[Popper] - LT Joe Alt (ankle) and RT Trey Pipkins (knee) are both active tonight vs Vikings. ,10800.0,neutral,0.0,0.847,0.153,0.4019
1oehj4l,1761259423.0,132,0.99,7,,Oronde Gadsden Voted Pepsi Rookie of the Week! ,1045.0,neutral,0.0,1.0,0.0,0.0
1oeh089,1761258037.0,203,0.99,25,,Via chargers instagram ,5225.0,neutral,0.0,1.0,0.0,0.0
1oeaq1u,1761243244.0,607,0.99,57,,We should all be more like SanDiegoSteve ,34854.0,positive,0.0,0.682,0.318,0.4201
1oe80ko,1761237121.0,238,0.95,23,,"Top and bottom of gearing up for a 1am kick off in the UK ⚡️⬆️🤣 Sleep soon, then up for coffee and bacon sandwich ready.for game time ⚡️⚡️⚡️",5426.0,positive,0.0,0.935,0.065,0.2023
1oe7rkr,1761236553.0,205,1.0,10,,that time baby ⚡ ,2255.0,positive,0.0,1.0,0.0,0.0
1oe5k9z,1761231565.0,248,1.0,13,,Bolted up!! Gameday!! Let's gooooo Beat the Vikings!!!!,3472.0,positive,0.0,1.0,0.0,0.0
1oe35rq,1761225811.0,112,1.0,8,,"'J Herbo' has turned on the turbo: Justin Herbert is having a career-best rushing season -- because he has to >But in his sixth season, Herbert has been running more often than ever -- partly because he doesn't have a choice. Herbert is first in the league in yards per scramble with 11.9, no other qualified quarterback has above 10 yards per scramble, according to NFL Next Gen Stats. While scrambling has always been part of his game, Herbert has often been forced to in 2025 because of how much he has been under pressure.  
  
Defenses have pressured Herbert 135 times this season, with sixty of those pressures coming within 2.5 seconds of his dropback, both the most in the NFL",1008.0,neutral,0.092,0.895,0.013,-0.836
1odrgxv,1761185796.0,305,1.0,16,,Glorious King Herbert ⚡️ ,5185.0,positive,0.0,0.417,0.583,0.6369
1odpmiz,1761180428.0,141,0.99,33,,Elijah Molden got 15 screws in his thumb (per his dad on IG) ,4746.0,neutral,0.143,0.857,0.0,-0.25
1odnw2s,1761175608.0,265,0.99,36,,[Highlight] Danny Woodhead scoring touchdowns with the Chargers ,9707.0,neutral,0.0,1.0,0.0,0.0
1odhcuh,1761159928.0,130,0.95,26,,"Initially I was worried about Adam rank, but... Patra predicting a very reasonable 209 point outing from the chargers might offset the Adam rank curse.",3334.0,neutral,0.213,0.787,0.0,-0.6908
1odgqmf,1761158567.0,172,0.93,13,,I'm in the Dan Fouts Google search more than Dan Fouts 🤣🤣🤣 ,2239.0,neutral,0.0,1.0,0.0,0.0
1odd8sq,1761150921.0,125,0.98,23,,Put all four in! ,2940.0,neutral,0.0,1.0,0.0,0.0
1odd65x,1761150758.0,108,0.98,30,,"[OptaSTATS] Justin Herbert is the first player in NFL history (regular or postseason) to have 35+ completions, 420+ pass yards, 3+ pass TD and 30+ rush yards in a loss. ",3281.0,neutral,0.076,0.924,0.0,-0.3182
1odb2np,1761146141.0,103,0.99,49,,STH reseller deterrent Chargers finally doing something about all the resellers that bought sth. Mandating at least 2 games attendance or have their next season price increase by an additional 10% on top of the standard increase. Should be a couple to few years before it's not worth it for them and they drop their seats. Or will it only increase the market prices?,5098.0,neutral,0.055,0.818,0.127,0.6038
1od87ww,1761139534.0,154,1.0,19,,"[OC] Who leads NFL TEs in average YAC above expectation and in receiving success rate? The same player who ranks 2nd among TEs to only Kincaid in yards per target: Oronde Gadsden II. He also ranks:

3rd in ESPN Analytics’ overall receiver score (10th in the NFL)

9th in receiving yards

11th in catch %

19th in receptions",3080.0,neutral,0.0,0.938,0.062,0.5719
1ocw32m,1761099221.0,139,1.0,20,,Things will be fine... ,2919.0,neutral,0.0,1.0,0.0,0.0
1ocup5k,1761095245.0,142,1.0,53,,"Tre' Harris All Catches Through Week 7 Preseason not included. 

He looks pretty good out there, and Herbert seems comfortable going to him on high pressure downs. 

How does the team get him more involved? He's stuck behind a very good WR trio. ",7668.0,neutral,0.086,0.676,0.238,0.8332
1octs1w,1761092721.0,251,0.99,17,,[Rhim] Q to Joe Alt: “Are you we gonna see you Thursday?” Alt: “That’s the plan.” ,4473.0,neutral,0.0,1.0,0.0,0.0
1ocsz1h,1761090505.0,112,1.0,16,,"[Popper] Jim Harbaugh on if LT Joe Alt (ankle) will play Thursday vs. Vikings: ""He's doing anything and everything he can to."" On if RT Trey Pipkins (knee) has a chance to play this week: ""Possible. We'll see today. Those will be game-time decisions, day-of-game decisions."" ",1904.0,neutral,0.0,0.861,0.139,0.7003
1ocsl2b,1761089465.0,307,1.0,85,,"[Popper] Justin Herbert has been hit 62 times this season, most in the league. Only one other QB (Cam Ward) has been hit more than 44 times this season. ",26402.0,neutral,0.0,1.0,0.0,0.0
1ocs9d2,1761088592.0,132,0.99,25,,"[Rhim] Just Hassan Haskins (hamstring) not at practice today for the Chargers. Jim Harbaugh said he’s doubtful for Thursday’s game. Joe Alt and Trey Pipkins were back out there. Alt’s right ankle heavily taped, Pipkins wearing a brace on his left knee. ",3398.0,neutral,0.057,0.943,0.0,-0.34
1ocnwl9,1761078116.0,343,1.0,30,,I did a deep dive into Oronde Gadsden's stats and think I uncovered something alarming for the league. ,10633.0,negative,0.097,0.903,0.0,-0.128
1ocl18g,1761071759.0,101,0.99,63,,[Schefter] Vikings QB Carson Wentz will start Thursday night versus the Chargers. ,6399.0,neutral,0.0,1.0,0.0,0.0
1ochiwh,1761063903.0,218,0.98,45,,Time To Bolt Up Again ⚡️⚡️⚡️ ,9827.0,positive,0.0,1.0,0.0,0.0
1oc68bj,1761030524.0,108,0.86,60,,"The whining about Caleb Murphy is beyond stupid The amount of people I’ve seen calling for Hortiz’ job over losing Caleb Murphy is fucking nuts and I think a portion of this fanbase has truly lost its marbles. Caleb Murphy barely even made the team to start the season, and then when he played (AND GOT SIGNIFICANT OPPORTUNITIES) he did absolutely nothing and got replaced by Kennard and Eboigbe.

In fact, he was so bad as a pass rusher and overall edge that we had to trade for Oweh just to get another playable option in the room. Literally the only value that Murphy provided was as an average special teamer. Yes, Tuli replaced him and fucked up one kickoff return, but Tuli also started on special teams all year last year and the unit was much better as whole.

It would have been nice to keep him around for depth, but acting like this somehow means Hortiz is a bad GM is just insanity. I’m even disappointed in some groups like GAC for pushing a narrative that somehow this is indicative of poor roster building even though we have seen Hortiz make numerous fantastic moves so far.

This fanbase is so fucking mercurial that I can’t stand it. Half of y’all literally act like we are going to win the Super Bowl when we win and then call for the FO to get fired and Herbert to get traded when we lose. Just absolute insanity and Caleb Murphy is yet another example of it.",5666.0,negative,0.149,0.687,0.164,0.5977
1obzxjw,1761010143.0,512,0.98,26,,too soon? ,13548.0,neutral,0.0,1.0,0.0,0.0
1obz2hq,1761007768.0,122,1.0,16,,"[Popper] Khalil Mack (elbow) played 12 snaps Sunday in his first game since Week 2. When asked if he is going to be on a snap count progression, Mack deferred to the coaching  and medical staffs. 

""I know what I'm planning on doing,"" Mack said. ""Hopefully everyone's in agreeance."" ",2074.0,neutral,0.0,0.9,0.1,0.6249
1obz1xa,1761007724.0,179,0.99,7,,"[Popper] Khalil Mack: ""It put a bad taste in everybody's mouth, so you got that sense of how bad we want this next one. ...At times like this, it takes more than just talk. It takes a little more action. Just want to see a lot more action-based things at this pivotal time of the season."" ",1418.0,neutral,0.116,0.799,0.085,-0.5994
1obxzhr,1761004800.0,245,0.99,40,,"[Insdorf] Jesse Minter: ""I would say we're not where we want to be. For whatever reason, we're not getting the results we want each particular play. I always look at myself first. Always have, always will. The results of the last couple games, we haven't played the run as well as we would've liked."" ",9945.0,neutral,0.079,0.842,0.079,0.2547
1obvq39,1760998896.0,294,0.98,22,,"Shout out to JK Scott for the OUTSTANDING job he has done holding the past two weeks The game winning FG snap against the Dolphins was BEHIND Scott, and there was a FG yesterday that landed short of Scott.  He still got both down in rhythm for Dicker to hit the FGs.

Lovato is doing a very poor job on long snaps, and we cannot get Harris back soon enough, but if you weren't paying attention you would never notice how great a job Scott is doing covering up Lovato's flaws.",6627.0,positive,0.069,0.86,0.071,-0.1912
1obu2vs,1760994964.0,117,1.0,38,,"[Popper] OC Greg Roman confirms that OL Jamaree Salyer was an ""emergency"" player yesterday. Salyer has been dealing with a knee injury. ""Trying to give Jamaree more time to get right,"" Roman said. Explains some of the OL rotations after Austin Deculus got hurt. ",4563.0,neutral,0.131,0.869,0.0,-0.7351
1obp1lj,1760983387.0,236,1.0,27,,"[Rhim] Oronde Gadsden is the 4th rookie TE in the Super Bowl era to record 150 Rec yds in a game.
 
Gadsden & Keenan Allen are the first pair of Chargers teammates with 100 Rec yds and a Rec TD in a game since 2012 vs Raiders (Malcom Floyd & Antonio Gates) ",6608.0,neutral,0.0,0.922,0.078,0.5994
1obmu64,1760977237.0,137,0.99,51,,[Guilty As Charged] Justin Herbert dropped back to pass 61 times against the Colts yesterday. They blitzed him on just 12 of those 61 dropbacks but were still able to generate pressure on 27 of them (44%). This was the third highest pressure % allowed on the season. ,7053.0,neutral,0.111,0.889,0.0,-0.6808
1obitt8,1760966459.0,105,0.85,62,,"That's it? Y'all done? Hey Bolt Society, are we done feeling sorry? Are we done with the season? I, like many of you have moments of wavering thoughts in our season. Our boys are beat up right now. The niners injury bug bit them in the ass and we can surely feel and see the damages.

I'm not gonna come on here and act like I didn't hiss negativity towards the team, that's the last thing I- we should be doing. Yesterday stung, yesterday I hope was a wake up call to the team. The way they operated early in the season is very different now. They can absolutely go back to it, we've seen it before. 

We're gonna get our bois back. Alt will join the fray once more and hopefully(lmao but seriously) T. pipkins even potentially Salyer. I think if we're to be bit by the injury bug id rather deal with it early on rather than later in the season. Our guys are coming back online and healthy and ready to fight again. Do not lose faith.

Don't not lose faith because on Thursday, our boys get to brandish that signature Navy Blue. The Super Chargers of legends. We all remember the days at the Q seeing those glorious Navy Blues. Do not lose faith, yesterday was a stinger, Thursday will be wrath. BTFU",5623.0,positive,0.094,0.754,0.152,0.9435
1obbnf1,1760937953.0,293,0.93,110,,"The discourse surrounding these two is tiring, and disappointing. I thought we had one of the better, more morally-inclined fanbases. But seeing how fans, primarily on Twitter, are wanting these guys fired is absolutely fucking stupid. 

Jim Harbaugh will never openly judge his staff or his players. That’s not what a true leader does, it’s not in his blood. This mentality is expressed by Herbert as well. He never takes the credit, but takes all the blame. Why is that concept so fucking hard for fans to understand? Jim Harbaugh’s not with the Chargers to win fucking media points with press conferences. He’s with the team to win the fucking locker room, and build a winning franchise. That NEVER includes openly judging your team to the media. 

They know the team’s been fucking shit. They don’t review film with rose-tinted glasses, oblivious to their obvious flaws. If players want to talk about how they’re not playing well, they can. As long as they do it like Derwin did today, and not how AJ Brown does just creating drama. Jim Harbaugh openly criticizing his team isn’t going to magically make shit better. It’s almost like fans never knew who Jim was before he came to the Chargers. Dude’s been this way for a long, long time. That’s how he built Stanford, San Francisco, and Michigan. Deflect all the credit, take all the blame. 

So if you want either of these two guys fired, or think they’re “*frauds*”, I beg you to please remember who the Spani had as their general manager for 11 fucking years. I beg you to please remember the three fucking idiots they hired as head coaches. Think back to a time where they were hiring dudes who will never sniff another head coaching job in their lives. Think about the guys from their staff they let go without giving them a proper shot. Oh yeah, one of them’s won a Super Bowl, and the other just fucking killed this team today. Jim Harbaugh and Joe Hortiz are the present, and the future. They haven’t even been with the team two full fucking years… give it some fucking time. ",30246.0,negative,0.137,0.732,0.132,-0.6398
1ob89xn,1760927371.0,107,0.84,61,,It must've been the yellow 🙁 the team failed miserably today. new jersey curse?,5573.0,negative,0.497,0.503,0.0,-0.872
1ob7h18,1760924959.0,465,0.98,107,,"“Our guys fought today, they battled” ",49216.0,neutral,0.315,0.685,0.0,-0.3182
1ob7a4a,1760924367.0,315,0.94,29,,Guess it’s back to the basement to live amongst the convicts ,8883.0,negative,0.0,1.0,0.0,0.0
1ob6ris,1760922855.0,165,0.99,5,,Pain Stadium got real loud on defense after Herbert and Co. scored a touchdown to open up the second half. Only to let the Colts answer right back smh. ,980.0,negative,0.174,0.779,0.047,-0.6249
1ob6kyd,1760922324.0,124,0.94,6,,"Gutted about today's result but gotta stay positive, Bolt Up and move on to TNF. Got so much love for the jacket today, glad I listened to you all and wore it ⚡️⚡️⚡️ ",816.0,neutral,0.0,0.657,0.343,0.9525
1ob5rqe,1760919935.0,273,0.98,31,,I want to die Now I gotta listen to my Donkey supporting friend,8561.0,negative,0.213,0.383,0.404,0.3612
1ob5ahc,1760918678.0,457,0.98,60,,Brutal 🫩⚡️ ,27319.0,negative,0.804,0.196,0.0,-0.6249
1ob4yow,1760917829.0,793,0.99,90,,Oronde Gadsden Appreciation Post ,71441.0,positive,0.0,0.476,0.524,0.5106
1ob4tck,1760917415.0,559,1.0,172,,[Rhim] Derwin James: “We looked like shit today. We looked like trash today. We gave up 40 points in our own stadium.” Said the loss was on the defense and that they haven’t been right the last few games. Hopes to get it fixed on Thursday ,96707.0,negative,0.107,0.725,0.168,0.34
1ob4fve,1760916391.0,193,0.98,10,,Every year😭 ,2081.0,negative,0.0,1.0,0.0,0.0
1ob37az,1760913058.0,166,1.0,12,,Please just cover your man 😭😭😭 Imma need some bleach after watching this defense today,2158.0,negative,0.0,0.768,0.232,0.4451
1ob34l6,1760912863.0,365,0.99,38,,"Please, we had a chance ",14093.0,neutral,0.0,0.317,0.683,0.5106
1oaz7js,1760903396.0,167,0.98,16,,Jim Harbaugh Jim Harbaugh ,2782.0,neutral,0.0,1.0,0.0,0.0
1oayimw,1760901770.0,119,1.0,3,,Met Daniel Jeremiah before the game! #boltup ,476.0,neutral,0.0,1.0,0.0,0.0
1oawcwx,1760896793.0,152,1.0,13,,[Ramirez] Chargers LT Joe Alt is on the field going through a vigorous workout. He has missed the last two games (and 3/4 of the Giants game) with an ankle injury. ,2128.0,neutral,0.152,0.848,0.0,-0.6124
1oavix9,1760894853.0,143,1.0,8,,Found this a few months back while I was thrifting. Perfect to rock today. BOLT UP!!! ⚡️ ,1287.0,positive,0.0,0.754,0.246,0.6784
1oav207,1760893742.0,156,1.0,9,,Bolt Family! Gold Jersey Day!,1560.0,positive,0.0,1.0,0.0,0.0
1oasbc1,1760887265.0,426,0.98,32,,🤝 ,13777.0,neutral,0.0,0.0,0.0,0.0
1oajkuv,1760859277.0,172,0.93,10,,Wembley bound ⚡️⚡️⚡️ ,1760.0,positive,0.0,1.0,0.0,0.0
1oafnbo,1760845192.0,139,0.99,7,,"Justin Herbert goes fishing with Michael Pittman Jr Thought I’d bring this video back from pre-draft 2020. I’m a USC fan so I’ll always root for Michael Pittman and if you haven’t seen it, this is a fun video to watch heading into the Colts game. ",1101.0,neutral,0.0,0.882,0.118,0.6808
1oa9zjk,1760828186.0,313,0.96,71,,"[Chargers] thankful for the mems, mel 🫶 (Melvin Gordon has retired as a Charger) ",21635.0,neutral,0.0,0.748,0.252,0.5719
1oa95v7,1760825970.0,113,1.0,5,,Herbert Birthday Cake Go bolts! ,678.0,positive,0.0,1.0,0.0,0.0
1oa7jbi,1760821916.0,121,0.99,16,,[Popper] #Chargers released WR Jalen Reagor from the practice squad. ,2036.0,neutral,0.0,1.0,0.0,0.0
1oa5qeo,1760817689.0,515,1.0,55,,[Popper] #Chargers have activated edge rusher Khalil Mack (elbow) and LB Denzel Perryman (ankle) off IR. ,28840.0,neutral,0.0,1.0,0.0,0.0
1oa02ig,1760804393.0,600,0.98,58,,"Where it all began as a Charger.... 21st October 2018, Wembley Stadium ⚡️⚡️⚡️ ",34692.0,neutral,0.0,1.0,0.0,0.0
1o9xe3e,1760797967.0,168,0.99,12,,We gonna be in a good mood Sunday? ,2162.0,neutral,0.0,0.674,0.326,0.4404
1o9ptqk,1760773882.0,172,0.98,25,,Debating whether to wear this to Wembley tomorrow or stick with one of my many jerseys? ⚡️⚡️⚡️ ,4383.0,neutral,0.0,1.0,0.0,0.0
1o9dzt7,1760737016.0,176,0.98,13,,My brother and I are ready for the game Sunday. Unfortunately he's a dumb colts fan ,2415.0,negative,0.278,0.488,0.234,-0.2263
1o9cgw5,1760733354.0,116,1.0,53,,"[Chargers] #INDvsLAC game status: QUESTIONABLE - Derius Davis, Troy Dye, Hassan Haskins, Khalil Mack, Denzel Perryman, Jamaree Sayler. DOUBTFUL - Joe Alt and Elijah Molden. OUT- Trey Pipkins #INDvsLAC game status    

QUESTIONABLE — Derius Davis, Troy Dye, Hassan Haskins, Khalil Mack, Denzel Perryman, Jamaree Salyer

DOUBTFUL — Joe Alt, Elijah Molden

OUT — Trey Pipkins",6264.0,neutral,0.209,0.791,0.0,-0.9028
1o9b9md,1760730554.0,116,1.0,22,,"[Rhim] Joe Alt worked in some reps with the O line while we were out there today, but not the group the Chargers started last Sunday

Video: ",2668.0,neutral,0.0,1.0,0.0,0.0
1o97w2h,1760722761.0,320,1.0,11,,Fresh paint ⚡️ ,3840.0,positive,0.0,0.465,0.535,0.3182
1o97elo,1760721659.0,156,0.98,39,,Just thought I’d bring this back to the forefront of everyone’s mind. ,6115.0,neutral,0.0,1.0,0.0,0.0
1o94wzr,1760716033.0,326,0.99,58,,WAS IT EVER A QUESTION?!?! ,19042.0,neutral,0.0,1.0,0.0,0.0
1o939wx,1760712352.0,570,1.0,54,,The highest graded IDL in football ,31350.0,neutral,0.0,1.0,0.0,0.0
1o8rw8b,1760675336.0,283,0.98,13,,Battlefield 6 Which one of yall dirty bastards is this,3883.0,negative,0.613,0.387,0.0,-0.8591
1o8qtrp,1760671970.0,432,1.0,88,,Nice Shall we take first on Sunday?! ⚡️,38448.0,positive,0.0,0.694,0.306,0.4753
1o8lvpx,1760657803.0,151,1.0,11,,"[Royer] #BoltUp safety Derwin James Jr. said he suffered his wrist injury against Denver, sacking Bo Nix. 

He put pressure down on the ground, rather than against Nix’s body, creating the ailment that’s impacted him since then. ",1812.0,neutral,0.181,0.708,0.111,-0.4939
1o8koj6,1760654666.0,218,1.0,20,,"[Rhim] Khalil Mack said he feels good enough to play Sunday, but leaving that decision up to the medical/coaching staff. “I’m slightly ready to go. I can’t give you percentage wise, but it feel good. It don’t hurt at all.” ",4578.0,neutral,0.088,0.634,0.278,0.8343
1o8ho6x,1760647309.0,442,1.0,34,,Priorities ,15470.0,neutral,0.0,1.0,0.0,0.0
1o8h9gb,1760646348.0,139,0.98,105,,"[Insdorf] Greg Roman on Bradley Bozeman's increasing pressures allowed: ""I thought Boze had one of his best games and our grading system is the one I pay attention to. That's the only one that matters."" ",14439.0,neutral,0.095,0.797,0.108,0.3612
1o8ghgo,1760644610.0,402,1.0,62,,Joe Alt back at practice ,25326.0,neutral,0.0,1.0,0.0,0.0
1o8dd0e,1760637620.0,201,1.0,8,,Los Angeles Chargers Week 7 Matchup Doodle :) ,1809.0,neutral,0.0,0.667,0.333,0.4588
1o863ff,1760621139.0,297,1.0,17,,Antonio Gates HOF Ring Ceremony this Sunday I just noticed this on the Chargers website. Looking forward to the ceremony. ,5346.0,positive,0.0,1.0,0.0,0.0
1o7t16q,1760577319.0,133,1.0,8,,Just got this back from PSA ,1197.0,neutral,0.0,1.0,0.0,0.0
1o7syfx,1760577097.0,210,0.99,23,,"[Rhim] LT Joe Alt on playing Sunday: ""I'm not going to say I can't or can't. I'm just going to say that, like I said, I'm back on the field now and we're just going to continue to progress and see where it means for me going forward."" ",4990.0,neutral,0.0,0.858,0.142,0.7269
1o7sb2d,1760575227.0,425,1.0,132,,Something to keep an eye on: Andre James seemingly taking some first team center reps at practice today. ,56525.0,neutral,0.0,1.0,0.0,0.0
1o7qdj1,1760570087.0,103,0.99,35,,[Chargers] wednesday’s #INDvsLAC injury report ,3671.0,neutral,0.412,0.588,0.0,-0.4215
1o7pjdr,1760568045.0,205,1.0,17,,"[Insdorf] Chargers HC Jim Harbaugh on WR Tre' Harris' performance: ""Heck of a game. Game ball went to Tre'."" ",3690.0,neutral,0.0,1.0,0.0,0.0
1o7oxbf,1760566479.0,354,0.98,97,,"ADAM RANK NO! welp, pack it up. ",33998.0,negative,0.35,0.65,0.0,-0.4981
1o7mf9e,1760560558.0,159,0.99,45,,"[Popper] #Chargers practice notes

• Not practicing: Joe Alt, Trey Pipkins, Elijah Molden, Troy Dye, Keenan Allen 
• Back at practice: Derius Davis, Khalil Mack, Jamaree Salyer
• Quentin Johnston practicing 
• Alt working off to the side ",7241.0,neutral,0.0,1.0,0.0,0.0
1o7lyhv,1760559494.0,358,1.0,16,,THE RETURN OF THE MACK ,6086.0,positive,0.0,1.0,0.0,0.0
1o7lud2,1760559233.0,103,1.0,30,,"[Rhim] Derius Davis, who hasn’t been out there since Week 3, is at practice with a brace on his right knee. ",3193.0,neutral,0.0,1.0,0.0,0.0
1o7keq7,1760555948.0,186,0.99,21,,"[Popper] X-rays on Derwin James' wrist after Sunday's game came back negative, per Jim Harbaugh. ",4051.0,neutral,0.209,0.791,0.0,-0.5719
1o7k38o,1760555233.0,358,1.0,38,,"[Popper] #Chargers will be opening the activation window for Khalil Mack, per Jim Harbaugh. Mack will practice today in some capacity. ",13962.0,neutral,0.0,1.0,0.0,0.0
1o7jqt5,1760554490.0,110,0.97,63,,Actually surprised there are two teams worse than the Bolts. ,6829.0,negative,0.238,0.615,0.146,-0.296
1o7i8pk,1760551170.0,189,1.0,7,,Cameron Dicker Earns AFC Special Teams Player of the Week Honors for Week 6 ,1512.0,positive,0.0,0.647,0.353,0.7184
1o6zxwe,1760497504.0,389,0.99,50,,"For all my charger fans attending the game this week, IMPORTANT AFC MATCHUP ‼️ ",19641.0,neutral,0.0,0.837,0.163,0.368
1o6vmfx,1760485398.0,425,1.0,43,,[Highlight] Ladd McConkey after his 40+ yard game-winning catch: “I do this! Give me the f*cking ball!” ,18700.0,positive,0.0,1.0,0.0,0.0
1o6urgz,1760483148.0,265,1.0,26,,Beautiful ⚡️ ,7155.0,positive,0.0,0.204,0.796,0.5994
1o6pn4a,1760471176.0,260,1.0,26,,Haven’t seen enough Eboigbe love in this sub. Incredible special teams plays. ,7020.0,positive,0.0,0.503,0.497,0.836
1o6ougo,1760469392.0,165,0.99,23,,[Chargers] Every Justin Herbert Game-Winning Drive Of His Career ,3920.0,neutral,0.0,1.0,0.0,0.0
1o6oa2o,1760468128.0,162,0.99,110,,"[JosinaAnderson]The #Chargers are still making preliminary inquiries at the running back and tackle position, as the Nov.4 trade deadline approaches, a league source told me. ",17802.0,neutral,0.0,1.0,0.0,0.0
1o6i2o2,1760454465.0,219,1.0,64,,"[Haglund] Bradley Bozeman has allowed 16 pressures in 6 games for the Chargers this season, per PFF. 
If that pace holds for 17 games he would be the first center in the league since Matt Paradis on the Panthers in 2019 to allow more than 40 pressures in a regular season. He also notes Andre James had 17 total pressures last season and Linsley had 17 over 2021-2022 combined.",14235.0,neutral,0.096,0.877,0.026,-0.6124
1o6ho56,1760453573.0,288,0.97,54,,"We wear these sick gold uniforms this week! I know it’s a bit controversial, but I personally love them! What do you guys think?",15365.0,neutral,0.127,0.644,0.229,0.7035
1o6hj4u,1760453259.0,317,0.98,57,,They’re back ,18018.0,positive,0.0,1.0,0.0,0.0
1o6hf7s,1760453008.0,611,0.97,48,,What a Game What an amazing game to be at. Herbert is unreal. ,29041.0,positive,0.0,0.743,0.257,0.5859
1o6gnga,1760451213.0,179,0.83,103,,"Will Spanos ever bring back the Chargers girls? NFL cheerleaders make about $22,500 a year.  28 Cheerleaders would cost $630,000 a year. 

Is there any reason aside from $630k that is keeping us from getting the Chargers girls back?",15451.0,neutral,0.0,0.88,0.12,0.5803
1o6fkxx,1760448657.0,133,0.99,4,,Me watching Roman's new game plan ,658.0,neutral,0.0,1.0,0.0,0.0
1o6f8dt,1760447778.0,124,1.0,6,,There can be only one ,868.0,neutral,0.0,1.0,0.0,0.0
1o6897t,1760424075.0,156,0.99,11,,⚡️ ,1853.0,neutral,0.0,1.0,0.0,0.0
1o63lmc,1760408843.0,468,0.99,48,,#1 seed up for grabs next week? ,22703.0,neutral,0.0,1.0,0.0,0.0
1o627ze,1760404914.0,106,0.96,43,,The Current Playoff Picture ,4477.0,neutral,0.0,1.0,0.0,0.0
1o60uwz,1760401132.0,119,0.98,15,,"Why not both? 52 run block snaps for TEs v 7 pass block snaps for TEs, with two matadors at tackle",1866.0,neutral,0.254,0.746,0.0,-0.7003
1o607a6,1760399338.0,171,0.94,50,,Herbert and Beer Confirmed by ET ,8198.0,neutral,0.0,1.0,0.0,0.0
1o5yca4,1760394468.0,261,1.0,21,,"[Highlight] In his first game since 1/8/22, Nyheim Hines had this 40 yard kickoff return that set up the Chargers game-winning drive ",5742.0,positive,0.0,1.0,0.0,0.0
1o5xwxh,1760393422.0,446,1.0,18,,"[Popper] Jim Harbaugh said he was watching Mission: Impossible The Final Reckoning on the flight home from Miami and it reminded him of Justin Herbert’s game-winning throw to Ladd McConkey. “He’s like Ethan Hunt,” Harbaugh said of Herbert. “That was Mission: Impossible, that play.” ",8474.0,positive,0.0,0.945,0.055,0.3612
1o5uauh,1760385287.0,150,0.99,23,,"[Kelly] This could be nothing, or it could something.....but I witnessed Charges safety Derwin James Jr. being taken to the x-ray room at Hard Rock Stadium in his uniform after the game. Usually, that's when a player is being examined for a medical ailment. ",3564.0,neutral,0.079,0.858,0.063,0.0772
1o5r79b,1760378590.0,874,0.99,60,,[Highlight] Hassan Haskins makes two critical blocks with outstanding hustle on Ladd McConkey’s game-winning play ,52781.0,positive,0.194,0.509,0.296,0.4939
1o5pydz,1760375947.0,147,1.0,13,,"Haskins Blocking Appreciation Post https://www.instagram.com/reel/DPwW_2eAHXv/?igsh=MWV2YnhnYjRibDRq

Vidal rightly got his flowers for the run game but this extra effort got McConkey roughly another 15 yards. That's the difference between Dicker's 33 yarder and likely ~50 yards (McConkey would have been tackled inbounds, we use our Timeout and may not have progressed the ball). Dicker is pretty automatic but eventually this streak will end, and it'd be the most Chargers thing for it to have been _this_ kick.",2058.0,positive,0.022,0.898,0.079,0.6858
1o5omiw,1760373127.0,142,0.99,4,,Keenan Allen has become the only player in NFL history to record 400+ catches from multiple passers ,703.0,neutral,0.0,1.0,0.0,0.0
1o5mk9v,1760368664.0,367,1.0,18,,"Justin Herbert has now led 14 4th-quarter comebacks in his career, 9 of which have come on the road For context, that's [tied for the 10th most](https://stathead.com/tiny/kqxFL/reddit) among active quarterbacks.",6973.0,neutral,0.0,0.912,0.088,0.4019
1o5cjmw,1760338035.0,139,1.0,9,,"[Karen] Lightning Rally First!! Justin Herbert drove by, slowed down, did a fist pump, rolled his window down and yelled out “BOLT UP”!!  😱😱😱😱 ",1390.0,positive,0.0,1.0,0.0,0.0
1o5bdoi,1760333788.0,161,0.99,18,,Cameron Dicker has only missed 6 field goals so far in his career (out of 106 attempts).  Justin Tucker missed 6 field goals in his first 74 attempts. ,3028.0,neutral,0.155,0.845,0.0,-0.5267
1o59leu,1760327844.0,183,0.95,46,,"I have a confession/apology to make… I gotta commend Greg Roman’s quite genius adjustment to the O line scheme this week… Him adding Dissly to the O line as basically just an extra pass blocking lineman made a pivotal difference in the game this week. 

Despite my usually high criticism and frustration with Roman, I gotta give credit where it’s due this week. Bravo Greg Roman, please make genius adjustments like that every week going forward 🙏🤞⚡️",8171.0,positive,0.105,0.769,0.126,0.1779
1o598kh,1760326761.0,459,1.0,40,,[Highlight] Justin Herbert switched the ball from his right hand to his left hand mid-play to avoid a strip sack before his 40+ yard completion to McConkey ,18819.0,neutral,0.07,0.728,0.203,0.6369
1o58unq,1760325596.0,252,0.98,60,,"[Rhim] Derwin James said he felt like the defense played great in spots but did a lot of ""little dumb stupid stuff. We supposed to blow them out today. I feel like we had a great start to blow 'em out."" ",15065.0,neutral,0.151,0.552,0.297,0.7147
1o567zv,1760317858.0,1044,1.0,107,,"Kimani Vidal Appreciation Post Looking back at his highlight reel, I'm shocked by how well Vidal performed, even though  he was elevated from PS from just this past week. Dude went 124 yards for 18 carries, average 6.9 Yards/carry. Even scored a TD! Very nice :)  ",112752.0,positive,0.041,0.699,0.259,0.9035
1o54ps8,1760313431.0,381,0.99,32,,[Highlight] All three of Justin Herbert’s massive clutch plays so far this season ,12447.0,positive,0.0,0.857,0.143,0.25
1o53fji,1760309861.0,188,0.99,127,,Chargers pass blocking grades against Miami ,23823.0,neutral,0.342,0.658,0.0,-0.3818
1o53b41,1760309530.0,289,0.99,13,,[Highlight] Jim Harbaugh on Justin Herbert’s 40+ yard completion to Ladd McConkey: “That play will be burned in my mind until they throw dirt overtop of me.” ,4006.0,neutral,0.081,0.839,0.081,0.0
1o5352e,1760309095.0,238,1.0,31,,[Highlight] Odafe Oweh gets his first sack of the season in his first game with the Chargers ,7616.0,neutral,0.0,1.0,0.0,0.0
1o52pm5,1760307982.0,155,0.95,14,,I know we've got the best of all time here but if he needs a backup..... ⚡️⚡️⚡️ ,2209.0,neutral,0.0,0.843,0.157,0.3818
1o50p1j,1760302978.0,590,0.99,18,,Thank You Adam Rank! ,11098.0,neutral,0.0,0.518,0.482,0.4199
1o50fgl,1760302357.0,468,1.0,33,,You love to see it Even if it feels streaky as hell!,15912.0,positive,0.256,0.524,0.22,-0.1759
1o50709,1760301808.0,546,1.0,36,,"Unsung Hero Props to JK Scott for handling that bad snap perfectly. It could have ended in yet another heartbreak, specially after what Herbert and Ladd pulled.",20202.0,positive,0.182,0.555,0.263,0.4995
1o500sp,1760301401.0,454,0.99,108,,"[Insdorf] Bobby Hart and Austin Deculus at the tackle spots. Down to his 3rd and 4th string backs and tackles, injuries everywhere. An underwhelming day for the defense. 46 seconds left. Pressure after sack after pressure. Justin Herbert gets in done in Miami. Winner. ",48991.0,positive,0.112,0.782,0.106,0.1779
1o4zu6c,1760300981.0,231,1.0,5,,That's my quarterback ,1386.0,positive,0.0,1.0,0.0,0.0
1o4zsca,1760300865.0,547,1.0,39,,[Highlight] Cameron Dicker's game winning FG ,21880.0,positive,0.0,0.595,0.405,0.5267
1o4zkxw,1760300403.0,275,0.99,17,,Justin Herbert ,4900.0,neutral,0.0,1.0,0.0,0.0
1o4zij1,1760300247.0,467,1.0,9,,IM SO HAPPY I CAN POST THIS AGAIN ,4670.0,positive,0.0,0.6,0.4,0.6115
1o4zgpy,1760300132.0,528,1.0,45,,[Highlight] Ladd McConkey big gain in the final minute ,24288.0,positive,0.0,0.702,0.298,0.5267
1o4z9mu,1760299676.0,802,0.98,100,,😭 Same 'ol Chargers... i going to turn of my TV now.......  WAIT !! ,79382.0,negative,0.0,1.0,0.0,0.0
1o4z8o3,1760299611.0,149,0.99,3,,GAME. BLOUSES. ,590.0,neutral,0.0,1.0,0.0,0.0
1o4z82h,1760299571.0,306,1.0,5,,I Wana Live ,1836.0,neutral,0.0,1.0,0.0,0.0
1o4z7p1,1760299546.0,173,1.0,0,,⚡️ ,173.0,neutral,0.0,1.0,0.0,0.0
1o4z5g6,1760299398.0,194,0.99,11,,Dicker ,2305.0,neutral,0.0,1.0,0.0,0.0
1o4z4w6,1760299361.0,335,0.99,35,,THE CHARGERS RALLY LATE AND KNOCK OFF THE DOLPHINS IN MIAMI UPBOLT PARTY!! ⚡️⚡️⚡️ Fuck me this team is gonna kill me ,11939.0,positive,0.281,0.609,0.11,-0.7469
1o4z4d7,1760299327.0,131,0.96,401,,"Post Game Thread: Los Angeles Chargers at Miami Dolphins #Los Angeles Chargers at Miami Dolphins

[ESPN Gamecast](https://www.espn.com/nfl/game/_/gameId/401772750/chargers-dolphins)

Hard Rock Stadium- Miami Gardens, FL

Network(s): CBS 

***

|Time Clock|
|:--:|
|Final|

**Scoreboard**

||Q1|Q2|Q3|Q4|Total|
|:--:|:--:|:--:|:--:|:--:|:--:|
|LAC|6|3|14|6|29|
|MIA|7|6|0|14|27|


**Scoring Plays**

| Team | Quarter | Type | Description |
|:--|:--|:--|:--|
| LAC | 1 | FG | Cameron Dicker 35 Yd Field Goal |
| MIA | 1 | TD | De'Von Achane 49 Yd Rush (Riley Patterson Kick) |
| LAC | 1 | FG | Cameron Dicker 31 Yd Field Goal |
| LAC | 2 | FG | Cameron Dicker 29 Yd Field Goal  |
| MIA | 2 | FG | Riley Patterson 47 Yd Field Goal |
| MIA | 2 | FG | Riley Patterson 27 Yd Field Goal |
| LAC | 3 | TD | Ladd McConkey 5 Yd pass from Justin Herbert (Cameron Dicker Kick) |
| LAC | 3 | TD | Kimani Vidal 7 Yd pass from Justin Herbert (Cameron Dicker Kick) |
| LAC | 4 | FG | Cameron Dicker 35 Yd Field Goal |
| MIA | 4 | TD | De'Von Achane 4 Yd Rush (Riley Patterson Kick) |
| MIA | 4 | TD | Darren Waller 7 Yd pass from Tua Tagovailoa (Riley Patterson Kick) |
| LAC | 4 | FG | Cameron Dicker 33 Yd Field Goal  |




**Passing Leaders**

|Team|Player|C/ATT|YDS|TD|INT|SACKS|
|:--|:--|--:|--:|--:|--:|--:|
| LAC | Justin Herbert | 29/38 | 264 | 2 | 0 | 1-1 |
| MIA | Tua Tagovailoa | 21/32 | 205 | 1 | 3 | 2-9 |

**Rushing Leaders**

|Team|Player|CAR|YDS|AVG|TD|LONG|
|:--|:--|--:|--:|--:|--:|--:|
| LAC | Kimani Vidal | 18 | 124 | 6.9 | 0 | 38 |
| MIA | De'Von Achane | 16 | 128 | 8.0 | 2 | 49 |

**Receiving Leaders**

|Team|Player|REC|YDS|AVG|TD|LONG|TGTS|
|:--|:--|--:|--:|--:|--:|--:|--:|
| LAC | Ladd McConkey | 7 | 100 | 14.3 | 1 | 42 | 9 |
| MIA | Jaylen Waddle | 6 | 95 | 15.8 | 0 | 45 | 8 |


***

Use [reddit-stream.com](https://reddit-stream.com/comments/auto) to get an autorefreshing version of this page

^This ^was ^created ^by ^a ^bot. ^For ^issues ^or ^suggestions ^please ^message ^nfl_gdt_bot.

^Last ^updated: ^2025-10-12_16:32:29.608965-04:00",50556.0,neutral,0.101,0.899,0.0,-0.9715
1o4u6xq,1760287993.0,121,1.0,16,,"BOLT UP Let's get the W!!!! Atmosphere is great, the fish fans have been awesome to talk to.  I'll still take sofi stadium anyday. Hope that Nebraska couple got their money's worth 😎 BOLT UP ⚡⚡⚡⚡⚡",2057.0,positive,0.0,0.686,0.314,0.9345
1o4tk1e,1760286532.0,262,0.98,8,,Please stop I'm tired I need a break ,2311.0,negative,0.49,0.288,0.221,-0.4215
1o4rl6m,1760281939.0,123,0.98,22,,Justin stretching Justi,2772.0,neutral,0.0,1.0,0.0,0.0
1o4oj7l,1760274232.0,195,0.99,15,,Gonna be on TV on NBC UK ⚡️⚡️⚡️ ,3089.0,neutral,0.0,1.0,0.0,0.0
1o4dvwh,1760236856.0,148,0.99,49,,"[Fowler] Chargers wide receiver Quentin Johnston (questionable, hamstring) is trending toward missing Sunday’s game vs. Dolphins, per source. Barring late change, L.A. expected to be without another playmaker. ",7326.0,neutral,0.075,0.925,0.0,-0.296
1o4dnfh,1760236129.0,229,1.0,18,,Myles Garrett Says Justin Herbert Will Be A Hall Of Famer ,4351.0,positive,0.0,1.0,0.0,0.0
1o4b0t4,1760228157.0,112,0.98,75,,"Chargers have called teams for running back help, per @rapsheet.bsky.social, Mike Garafolo. ",8342.0,neutral,0.0,0.803,0.197,0.4019
1o49bei,1760223375.0,197,0.97,20,,Found this Jackson jersey at a vintage street fair here in Boston and had to pick it up! Didn’t think I would find any Chargers stuff. RIP to 83,4013.0,neutral,0.0,0.909,0.091,0.3802
1o45jaf,1760213568.0,115,1.0,54,,"[Popper] #Chargers placed DL Da'Shawn Hand (groin) on IR, signed OT Bobby Hart to the active roster and elevated RB Nyheim Hines and OT David Sharpe from the practice squad for tomorrow. ",6325.0,neutral,0.0,0.836,0.164,0.7096
1o3h2m7,1760140744.0,241,0.99,31,,"⚡️⚡️Going to Miami in style ⚡️⚡️ This look is so clean, but I’m excited to see the Alternate sunshine gold Jerseys soon",7635.0,positive,0.0,0.663,0.337,0.864
1o3ca3q,1760128622.0,387,0.99,59,,"[Kennedy] Justin Herbert, with an offensive line surrendering the the best pass rush win rate the Giants defense has EVER recorded in the history of the statistic, lead the offense to more points than the Eagles had last night ",22988.0,positive,0.103,0.701,0.196,0.6705
1o39kse,1760122425.0,154,0.99,2,,Los Angeles Chargers Week 6 Matchup Doodle :) ,457.0,neutral,0.0,0.667,0.333,0.4588
1o382oq,1760119030.0,127,0.99,79,,"[Rhim] OT Joe Alt (ankle) and Trey Pipkins (knee) not a practice again, haven’t practiced all week. 

Derius Davis (knee) also not out here hasn’t practiced since Week 3.  

Da’Shawn Hand (groin) also not out here In a follow up tweet he says the starting 5 at practice are:

LT Deculus   
LG Zion   
C Bozeman   
RG Mekhi   
RT Bobby Hart",10058.0,neutral,0.0,0.945,0.055,0.4939
1o3283b,1760105999.0,308,0.91,45,,"So I picked up my 1st ever pro cut team issue jersey..... Won't get many opportunities to wear it but still, what a pick up ⚡️⚡️⚡️ ",12893.0,neutral,0.125,0.875,0.0,-0.2828
1o2hxcg,1760044004.0,253,0.99,41,,"[Smith] #Chargers DC Jesse Minter compared Odafe Oweh's season to date with Tuli Tuipulotu's before his 4.0-sack game. ""You're not going to be shocked when all of the sudden he goes out there has has 3 sacks."" ",10520.0,neutral,0.062,0.938,0.0,-0.3182
1o1qkg6,1759965681.0,357,1.0,42,,"[Rhim] Joe Alt was walking around the locker room today without a walking boot. Jim Harbaugh said earlier today he's doing ""really well."" ",15351.0,neutral,0.0,1.0,0.0,0.0
1o1ot5p,1759961111.0,242,0.99,26,,"These were listed as Michigan colored pants... y'all, the holy grail ⚡(and my favorite Chargers shirt) My gameday pants for the foreseeable future 😍 and the 1992 Chargers had no business designing the hardest blood drive shirt of all time. ",6469.0,positive,0.052,0.877,0.071,0.2023
1o1o0uj,1759959158.0,110,1.0,47,,"[Rhim] In two weeks without Alt LAC Pass block win rates among lineman via TruMedia: 

Bradley Bozeman (54th)
Trey Pipkins (115th) 
Zion Johnson (144)
Jamaree Salyer (147) 
Austin Deculus (162) - last in the NFL, only lineman under 70% ",5280.0,neutral,0.068,0.843,0.089,0.2263
1o1mxrk,1759956555.0,243,1.0,20,,"[Rhim] Jim Harbaugh said he expects OLB Odafe Oweh to play this Sunday against the Dolphins: “He’s a lot like Khalil Mack. Direct rusher, but has speed, has depth, has ability to set the edge. Been a very good, productive young player, in the prime of his career.” ",5103.0,neutral,0.0,0.797,0.203,0.8654
1o1jxvt,1759950707.0,204,1.0,36,,[Rhim] Jim Harbaugh said Joe Alt won’t practice today but he’s doing “really well.” ,7548.0,neutral,0.0,1.0,0.0,0.0
1o1juji,1759950504.0,170,0.99,34,,"Representing the Bolts in London. First time throwing properly as a Brit. We queued for almost 2 hours, and whereas I did see some people with much better spirals, I didn't notice anyone else hit 100%.

Proud moment as a Brit who is more accustomed to kicking than throwing. Thought I'd share. Bolt up!",5890.0,positive,0.0,0.844,0.156,0.8172
1o1j958,1759949212.0,420,1.0,17,,Odafe Oweh has arrived at The Bolt ,7560.0,positive,0.0,1.0,0.0,0.0
1o1iuwh,1759948347.0,135,1.0,18,,"[Schefter] Chargers officially placed running back Omarion Hampton on injured reserve today. In a corresponding move, they signed running back Kimani Vidal to the active roster from the practice squad, and signed running back Nyheim Hines to the practice squad. ",2565.0,neutral,0.064,0.873,0.064,0.0
1o1hq7k,1759946140.0,320,0.98,94,,Adam rank per usual ,29792.0,neutral,0.0,1.0,0.0,0.0
1o1gvdm,1759944266.0,376,1.0,36,,Herbert to Bozeman I’m sure this is how the conversation went in the locker room 😂,13912.0,neutral,0.0,0.859,0.141,0.3182
1o1f2il,1759940320.0,222,1.0,98,,Herbert’s Protectors - Then Vs Now Did I miss anyone? (I know Alt was LT when he got injured but I didn’t want to list him twice),21978.0,neutral,0.123,0.82,0.057,-0.1779
1o1cny6,1759935082.0,244,1.0,10,,Thank you Alohi you were one of a kind bolt up ⚡️⚡️⚡️ ,2684.0,positive,0.0,0.604,0.396,0.7096
1o0skpq,1759874161.0,132,0.99,54,,"[Wilson] #Chargers worked out (RBs) D'Onta Foreman, Royce Freeman, Nyheim Miller-Hines (signed), Trayveon Williams ",7187.0,neutral,0.0,0.828,0.172,0.4019
1o0s3my,1759873065.0,205,0.99,60,,"With the departure of Alohi Gilman, Justin Herbert is now the only remaining Charger from the 2020 draft class The 2020 draft class:

- QB Justin Herbert (Round 1, Pick 6)

- LB Kenneth Murray (Round 1, Pick 23)

- RB Joshua Kelley (Round 4, Pick 112)

- WR Joe Reed (Round 5, Pick 151)

- S Alohi Gilman (Round 6, Pick 186)

- WR/CB K.J. Hill (Round 7, Pick 220)

Also interesting to note is that only three of these six players are still in the NFL with Justin Herbert (obviously) still on the Chargers, Kenneth Murray on the Cowboys, and now Alohi Gilman on the Ravens.

Joshua Kelley was on the Titans roster briefly last season but appears to be a free agent currently and Joe Reed and K.J. Hill both appeared to flame out entirely after leaving the Chargers.",12380.0,neutral,0.0,0.954,0.046,0.743
1o0rjjj,1759871776.0,146,0.99,37,,Chargers new EDGE Odafe Oweh putting Rashawn Slater on skates ,5493.0,positive,0.0,1.0,0.0,0.0
1o0qqxz,1759869992.0,820,0.98,79,,"Alohi Appreciation Post Where were you when Alohi Gilman ripped the ball out of John Metchie’s hands?

Where were you when Alohi Gilman intercepted Josh Allen’s bomb to Diggs to give breath to the Easton Stick Charger’s?

Pay this man his respect. He might be liability in coverage, but he gave MOMENTS.",64288.0,positive,0.09,0.835,0.075,0.2168
1o0qkvm,1759869614.0,214,1.0,62,,"[Rhim] Oweh, a first-round pick in 2021, is 33rd in the NFL in pressure rate (11%), according to TruMedia. Second on the Chargers to Tuli Tuipulotu (12th). The next highest pressure rate among LA edge rushers is Caleb Murphy, who ranks 131st. ",13482.0,neutral,0.101,0.899,0.0,-0.5267
1o0qb0r,1759869004.0,423,0.99,252,,"[Rapoport] The #Chargers are trading for #Ravens edge Odafe Oweh, per me and @MikeGarafolo. A major move. ",105949.0,neutral,0.0,1.0,0.0,0.0
1o0i2es,1759851136.0,419,1.0,57,,Tillery and Tranquill running into each other on the Jags winning Touchdown should be a meme already. I'll never get bored of watching it ⚡️⬆️ ,24302.0,neutral,0.0,0.808,0.192,0.6386
1o0e7g4,1759842249.0,280,1.0,104,,"[Highlight] Herbert shouts ""NO"" at center's call out right before getting sacked ",29400.0,neutral,0.0,1.0,0.0,0.0
1o04m52,1759809513.0,117,0.9,50,,"Guys it's not all bad All this doom is ridiculous we could literally have been born jets fans (take a look at their sub rn it's hilarious) or god forbid raid*rs fans. I want you all to BTFU and trust Harbaugh, our great leader Herbert, and (what remains of) the team. Yeah the injuries suck but what's really been killing us is a lack of discipline. This can be fixed and I know no man better than Harbaugh to get things in order. We're leading the division, chiefs are 2-3, and the Raiders lost again last week. Vidal looked promising. I get that coming down from the high of a 3-0 start against division opponents sucks, but we're still playoff contenders. 
See you guys on Sunday when we wreck the fins",5370.0,positive,0.191,0.691,0.118,-0.9215
1o0455x,1759807998.0,755,0.98,65,,"Still #1 in the division 😝 What a game to keep the chiefs down on our division bracket. Sucks we lost, but always good to see them lose. ",48833.0,neutral,0.212,0.671,0.117,-0.2732
1o03zrg,1759807543.0,129,0.92,65,,"The Chargers will go 3-1 in the next 4 games: A hot take to offer some light during this doom gloom. May I start first with the reality. Every team gets injured, but no teams have their stars get injured as often as the Chargers. 

That being said, if there was ever a time during our schedule to get blasted by injuries, it’s during this stretch. 

The next 4 are very winnable games with our players becoming eligible to return with each week. 

However, the next 4 games are still going to offer tests to show exactly how our coaches can deal with adversity with the rosters they have, particularly Jesse Minter. 

1) **Dolphins (1-4)**
The Dolphins have been a trainwreck and have found every way to lose this season. Their defense is shot, Tyreek is gone, and Tua is always looking to throw the ball away. That being said, **De’Von Achane may very well destroy our spotty run defense**. If we cannot seal the middle or the edges, it will be a long day. 

Counter: Denzel Berryman begins his window to return this week. Troy Dye has done his best, but Daiyan and Denz are a high football IQ pairing that just work well. Denz does 2 things better than Dye - he pass rushes better and he defends the run better. 

84.9 PFF run defense grade in 2023-24. That dropped with injuries in 2024-25. It’s a big IF, that he stays on the field, but when he’s healthy, he is a difference maker.

2) **Colts (4-1)**
I don’t think they are the hardest opponent we face, but their record says otherwise. **They’ve beaten 3. COUNT THEM, THREE 1-4 TEAMS. The Raiders, Titans, and Dolphins are all 1-4. A collective 3-12 record.** I cannot overstate how much the Colts can turn into a pumpkin against us.

That being said, Jonathan Taylor may very tell turn out the defense, while the chemistry that Danny Dimes, Pittman, Tyler Warren, and Downs are building is beyond commendable. 

Counter: Khalil Mack can come back this game. Yes, it was a dislocated elbow. Yes, this is the most hopeful timeline. I don’t care. He can come back. 

That being said, this is a Minter special. *Daniel Jones has been actually good, dare I say elite, against the blitz this year*. So this is a game for the line. The Rams beat the Colts by covering the receivers allowing Verse and Young to get Daniel Jones. 

This is why Mack coming back here is crucial. 

3) **Vikings (3-2)**
This is the hardest game in the next 4 weeks. **Brian Flores will get Herbert killed.** Vikings Offense aside, we lose this game if our offense can’t get off the tarmac.

Counter: Joe Alt needs to come back this game, or 10 gets his ass beaten for 4 quarters. Turner, Van Ginkel, and Greenard are nasty. If they go unblocked, expect 10 to get injured and your Texans PTSD to get triggered.

4) **Titans (1-4)**
Trap game. They fell into their “1”. All it takes is a bunch of mistakes for us to lose this one.

Counter: Jim Harbaugh. History says he will manage this team to victory. But, recency says otherwise. If he allows this team to crumble like they did versus the Giants and the Commanders versus this Titans team - he may need to reevaluate his staff.

Titans line can’t block. The receivers can’t catch. The running backs are just backs, because they can’t run. 

TLDR; This stretch is winnable. We have players coming back at the right times if everything goes our way (which it may not, because that’s how the cookie crumbles for us). Get the doom out of your system, because more than ever, this is when we need to BTFU. 
",7833.0,neutral,0.106,0.798,0.096,-0.6085
1o01qpt,1759801017.0,113,0.99,34,,Rap: Omarion Hampton (ankle) has “good chance” to return after just 4 games. Underdog NFL (@UnderdogNFL) on X ,3915.0,neutral,0.0,1.0,0.0,0.0
1nzy4sw,1759791216.0,375,0.99,78,,[Director] Najee Harris. Never missed a game in his 4 year NFL career. On IR by week 3 on the Chargers. Omarion Hampton. Never missed a game at UNC. On IR by week 5 on the Chargers. ,29329.0,neutral,0.0,0.888,0.112,0.4168
1nzx4m5,1759788693.0,156,0.95,26,,⛈️ I haven’t felt this hopeless about the team in a while. I am concerned for Herbert’s long-term health at this point.,4001.0,negative,0.163,0.837,0.0,-0.5423
1nzvi62,1759784925.0,216,0.9,157,,"[Haglund] I’m not going to buy into the injury sympathy card for the Chargers. Every team in the NFL deals with injuries at some point during each season. Great coaches are supposed to be able to overcome them. The Buccaneers have been largely playing 3 backups on their OL all season Full tweet by Haglund: 

> I’m not going to buy into the injury sympathy card for the Chargers. Every team in the NFL deals with injuries at some point during each season. Great coaches are supposed to be able to overcome them.
The Tampa Bay Buccaneers have been largely playing 3 backups on their offensive line all season, including a 3 game stint where their usual starting center was playing left tackle. Chris Godwin, Mike Evans, and Bucky Irving have all missed time due to injuries. They have a first time play caller for like the 4th year in a row. Still a top 10 offense and are 4-1. 
Figure it out.",30715.0,neutral,0.072,0.786,0.142,0.8885
1nzv88v,1759784332.0,204,0.94,47,,We’ll always have September ,9204.0,neutral,0.0,1.0,0.0,0.0
1nzulkg,1759782942.0,360,0.99,256,,[Rhim] Jim Harbaugh said Omarion Hampton will go on injured reserve with an ankle injury. He’ll miss at least the next four games ,91595.0,neutral,0.262,0.738,0.0,-0.7269
1nzu8zn,1759782193.0,168,1.0,24,,Highest rated DT in the NFL through 5 weeks: Teair Tart. 3rd highest rated DT in the NFL through 5 weeks: Poona Ford Happy for Tart but it does sting knowing we couldve had the most dominant interior duo in the league if Hortiz had paid up,4200.0,neutral,0.0,0.949,0.051,0.3291
1nzsbji,1759778007.0,222,1.0,78,,"[Daniel Popper] Since entering the NFL in 2020, Justin Herbert has been hit more times (525) than any QB in the league. Only one other QB, Russell Wilson, has been hit more than 490 times in that span. ",17538.0,neutral,0.0,1.0,0.0,0.0
1nzneph,1759767081.0,222,0.99,83,,"Bradley Bozeman is worse than just bad Bozeman is an active hinderance to the entire offense. He's ranked 46/46 for a reason. This clip outlines very clearly why.
In this play, Justin calls out a protection adjustment (likely sees the blitzing LB on the right side, probably has the line shift right to account for it). Bozeman calls out his own protection adjustment right after. Justin hears/sees it and knows its wrong, and screams ""No!"" and the ball is snapped. Bozeman doubles the DT (#97) with the LG, and lets the DE (#94) go completely free in the A gap to his right. 5-on-5 and they get a guy free.
This disaster repeats the rest of the day, where a blitzing LB in the B gap just works every single time.

Its malpractice to put this double agent back on the field. I'll take a lesser physical talent that can make correct adjustments over an average physical talent blatantly getting them wrong every snap.",18462.0,negative,0.114,0.77,0.116,0.1081
1nzn9oy,1759766769.0,123,0.82,59,,"TOO MUCH DOOM !! BOLT THE FUCK UP !! We are going to handle business against miami. 

khalil mack, joe alt, denzel perryman, mekhi becton, omarion hampton return to full health, you guys will be singing a different tune!! 

colts will be tough, but if alt is back, we should win

vikings will be tough, but we should win.

titans should be manageable. 

worst case, 5 - 4 , while 3 - 0 in the division, best case, 7 - 2 while 3 - 0 in the division. 

i wish we were 5 - 0 but sometimes it's good for ego's not to get too inflated. harbaugh is a good coach, and i doubt he lost the locker room. 

lets see how they react this week, see if they make any trades, and how they respond to miami.

but this sub needs to calm the fuck down with the negativity. 

the season has not been lost. bolt up ",6052.0,positive,0.179,0.656,0.165,0.5768
1nzmjlh,1759765224.0,497,0.99,157,,"[Daniel Popper] Andrew Luck was hit 580 times in his six NFL seasons. Justin Herbert is on pace to be hit 625 times through his first six NFL seasons. Since entering the NFL in 2020, Justin Herbert has been hit more times (525) than any QB in the league. Only one other QB, Russell Wilson, has been hit more than 490 times in that span.",77741.0,neutral,0.0,0.955,0.045,0.4588
1nzkjyl,1759760801.0,514,1.0,41,,I think this photo perfectly sums up how the Chargers 2025 season is going ,21588.0,neutral,0.0,0.741,0.259,0.6369
1nzfig1,1759747113.0,134,0.9,19,,"The Jersey was very popular with the Browns fans yesterday, young and old they gave it a lot of love. AG Ohio connection runs deep ⚡️⚡️⚡️ ",2412.0,neutral,0.0,0.759,0.241,0.807
1nz7zba,1759719769.0,216,0.99,87,,"Over the last 3 games, defenses the Chargers have faced have had 81 combined pressures (per PFF) For reference, Josh Allen was pressured 80 times last season",18818.0,neutral,0.145,0.796,0.059,-0.3612
1ogulhe,1761510899.0,160,0.98,74,Unofficial FTB Game Thread,"We are all Cowboys fans today… As reprehensible as it may seem and no matter how you feel about them, we are all Cowboys fans today… and then tomorrow we have to all forget about what Washington did to us, and we all are going to be Commanders fans…not sure which one’s more difficult to swallow, but whatever we need to do for that #1 spot back… I set the default sort to New if y'all want this as an unofficial game thread.",11760.0,neutral,0.058,0.893,0.049,-0.2014
1ogulhe,1761512440.0,2720,0.98,74,Unofficial FTB Game Thread,"We are all Cowboys fans today… As reprehensible as it may seem and no matter how you feel about them, we are all Cowboys fans today… and then tomorrow we have to all forget about what Washington did to us, and we all are going to be Commanders fans…not sure which one’s more difficult to swallow, but whatever we need to do for that #1 spot back… https://preview.redd.it/5e07cmqusixf1.jpeg?width=1320&format=pjpg&auto=webp&s=020a6351fabd8e5f87beee4ccb8edb2fe1cb810a

Just remember",199920.0,neutral,0.068,0.895,0.037,-0.3064
1ogulhe,1761519333.0,2080,0.98,74,Unofficial FTB Game Thread,"We are all Cowboys fans today… As reprehensible as it may seem and no matter how you feel about them, we are all Cowboys fans today… and then tomorrow we have to all forget about what Washington did to us, and we all are going to be Commanders fans…not sure which one’s more difficult to swallow, but whatever we need to do for that #1 spot back… Broncos win…but Cowboys lose..?

![gif](giphy|9t6xpYZ9npJmM)",152880.0,neutral,0.07,0.894,0.036,-0.3692
1ogulhe,1761509688.0,1440,0.98,74,Unofficial FTB Game Thread,"We are all Cowboys fans today… As reprehensible as it may seem and no matter how you feel about them, we are all Cowboys fans today… and then tomorrow we have to all forget about what Washington did to us, and we all are going to be Commanders fans…not sure which one’s more difficult to swallow, but whatever we need to do for that #1 spot back… ![gif](giphy|dOl2LFw0RbTMc)",105840.0,neutral,0.074,0.888,0.038,-0.3692
1ogulhe,1761512653.0,1600,0.98,74,Unofficial FTB Game Thread,"We are all Cowboys fans today… As reprehensible as it may seem and no matter how you feel about them, we are all Cowboys fans today… and then tomorrow we have to all forget about what Washington did to us, and we all are going to be Commanders fans…not sure which one’s more difficult to swallow, but whatever we need to do for that #1 spot back… *~sigh~* Why is Dallas so ass?



Outside of our own victory and the Bengals losing, I don’t think a single game this week has gone in our favor. Can’t even have a good time hate-watching.",117600.0,negative,0.127,0.785,0.088,-0.6687
1ogulhe,1761510526.0,1600,0.98,74,Unofficial FTB Game Thread,"We are all Cowboys fans today… As reprehensible as it may seem and no matter how you feel about them, we are all Cowboys fans today… and then tomorrow we have to all forget about what Washington did to us, and we all are going to be Commanders fans…not sure which one’s more difficult to swallow, but whatever we need to do for that #1 spot back… Oh shit trikweze bridges sighting lol",117600.0,neutral,0.12,0.802,0.078,-0.5341
1ogulhe,1761511099.0,1280,0.98,74,Unofficial FTB Game Thread,"We are all Cowboys fans today… As reprehensible as it may seem and no matter how you feel about them, we are all Cowboys fans today… and then tomorrow we have to all forget about what Washington did to us, and we all are going to be Commanders fans…not sure which one’s more difficult to swallow, but whatever we need to do for that #1 spot back… I’m not old enough to have a big issue with the cowboys haha",94080.0,neutral,0.058,0.862,0.079,0.4124
1ogulhe,1761511838.0,1120,0.98,74,Unofficial FTB Game Thread,"We are all Cowboys fans today… As reprehensible as it may seem and no matter how you feel about them, we are all Cowboys fans today… and then tomorrow we have to all forget about what Washington did to us, and we all are going to be Commanders fans…not sure which one’s more difficult to swallow, but whatever we need to do for that #1 spot back… Cowboys defense is trash",82320.0,negative,0.066,0.874,0.06,-0.1272
1ogulhe,1761512461.0,1120,0.98,74,Unofficial FTB Game Thread,"We are all Cowboys fans today… As reprehensible as it may seem and no matter how you feel about them, we are all Cowboys fans today… and then tomorrow we have to all forget about what Washington did to us, and we all are going to be Commanders fans…not sure which one’s more difficult to swallow, but whatever we need to do for that #1 spot back… Man the Cowboys are ass.",82320.0,negative,0.124,0.842,0.034,-0.7904
1ogulhe,1761510632.0,1120,0.98,74,Unofficial FTB Game Thread,"We are all Cowboys fans today… As reprehensible as it may seem and no matter how you feel about them, we are all Cowboys fans today… and then tomorrow we have to all forget about what Washington did to us, and we all are going to be Commanders fans…not sure which one’s more difficult to swallow, but whatever we need to do for that #1 spot back… I actually don’t mind the cowboys. You can be asking for a lot worse like cheering for the Steelers or patriots..",82320.0,neutral,0.093,0.8,0.107,0.319
1ogulhe,1761511667.0,960,0.98,74,Unofficial FTB Game Thread,"We are all Cowboys fans today… As reprehensible as it may seem and no matter how you feel about them, we are all Cowboys fans today… and then tomorrow we have to all forget about what Washington did to us, and we all are going to be Commanders fans…not sure which one’s more difficult to swallow, but whatever we need to do for that #1 spot back… Kenneth Murray still sucks.",70560.0,negative,0.108,0.856,0.036,-0.6701
1ogulhe,1761513176.0,1120,0.98,74,Unofficial FTB Game Thread,"We are all Cowboys fans today… As reprehensible as it may seem and no matter how you feel about them, we are all Cowboys fans today… and then tomorrow we have to all forget about what Washington did to us, and we all are going to be Commanders fans…not sure which one’s more difficult to swallow, but whatever we need to do for that #1 spot back… Unfortunately that broncos defense is very legit",82320.0,neutral,0.101,0.843,0.056,-0.5569
1ogulhe,1761513279.0,1280,0.98,74,Unofficial FTB Game Thread,"We are all Cowboys fans today… As reprehensible as it may seem and no matter how you feel about them, we are all Cowboys fans today… and then tomorrow we have to all forget about what Washington did to us, and we all are going to be Commanders fans…not sure which one’s more difficult to swallow, but whatever we need to do for that #1 spot back… Cowboys are doo doo",94080.0,negative,0.067,0.896,0.037,-0.3064
1ogulhe,1761509663.0,2080,0.98,74,Unofficial FTB Game Thread,"We are all Cowboys fans today… As reprehensible as it may seem and no matter how you feel about them, we are all Cowboys fans today… and then tomorrow we have to all forget about what Washington did to us, and we all are going to be Commanders fans…not sure which one’s more difficult to swallow, but whatever we need to do for that #1 spot back… Yep, I'm about to cheer on the Cowgirls. Seems kinda wrong, but it is what it is lol.",152880.0,positive,0.088,0.773,0.139,0.7178
1ogulhe,1761510608.0,800,0.98,74,Unofficial FTB Game Thread,"We are all Cowboys fans today… As reprehensible as it may seem and no matter how you feel about them, we are all Cowboys fans today… and then tomorrow we have to all forget about what Washington did to us, and we all are going to be Commanders fans…not sure which one’s more difficult to swallow, but whatever we need to do for that #1 spot back… Bo Nix throwing a pick so early against this horrid Cowboys defense is hilarious",58800.0,negative,0.117,0.794,0.088,-0.5624
1ogulhe,1761512586.0,960,0.98,74,Unofficial FTB Game Thread,"We are all Cowboys fans today… As reprehensible as it may seem and no matter how you feel about them, we are all Cowboys fans today… and then tomorrow we have to all forget about what Washington did to us, and we all are going to be Commanders fans…not sure which one’s more difficult to swallow, but whatever we need to do for that #1 spot back… How did the Cowboys score 44 last week and fucking look like ass today.",70560.0,negative,0.112,0.818,0.07,-0.5754
1ogulhe,1761513339.0,960,0.98,74,Unofficial FTB Game Thread,"We are all Cowboys fans today… As reprehensible as it may seem and no matter how you feel about them, we are all Cowboys fans today… and then tomorrow we have to all forget about what Washington did to us, and we all are going to be Commanders fans…not sure which one’s more difficult to swallow, but whatever we need to do for that #1 spot back… Dak looks a little sluggish today.  The Mile-High thin air?  ",70560.0,neutral,0.1,0.867,0.033,-0.655
1ogulhe,1761515909.0,960,0.98,74,Unofficial FTB Game Thread,"We are all Cowboys fans today… As reprehensible as it may seem and no matter how you feel about them, we are all Cowboys fans today… and then tomorrow we have to all forget about what Washington did to us, and we all are going to be Commanders fans…not sure which one’s more difficult to swallow, but whatever we need to do for that #1 spot back… I was worried about the Cowboys game earlier this season. Yeah I was 100% wrong. They’re straight rat ass.",70560.0,negative,0.169,0.751,0.08,-0.8688
1ogulhe,1761518690.0,800,0.98,74,Unofficial FTB Game Thread,"We are all Cowboys fans today… As reprehensible as it may seem and no matter how you feel about them, we are all Cowboys fans today… and then tomorrow we have to all forget about what Washington did to us, and we all are going to be Commanders fans…not sure which one’s more difficult to swallow, but whatever we need to do for that #1 spot back… Cowboys D is so ass",58800.0,negative,0.142,0.824,0.034,-0.8585
1ogulhe,1761510971.0,640,0.98,74,Unofficial FTB Game Thread,"We are all Cowboys fans today… As reprehensible as it may seem and no matter how you feel about them, we are all Cowboys fans today… and then tomorrow we have to all forget about what Washington did to us, and we all are going to be Commanders fans…not sure which one’s more difficult to swallow, but whatever we need to do for that #1 spot back… Surtain just had to be helped off the field.  Looks like a knee injury.",47040.0,neutral,0.099,0.833,0.068,-0.4012
