id,created_utc,score,upvote_ratio,num_comments,link_flair_text,text,populairity,sentiment,vader_neg,vader_neu,vader_pos,vader_compound
1p57r6d,1763958768.0,183,0.99,21,,"With a 9th loss, #Raiders are assured of not having a winning record for the 21st time in last 23 seasons. The only other team with fewer than 6 winning records in that span is the Browns (3) ",3986.0,negative,0.19,0.75,0.06,-0.6544
1p512o8,1763939693.0,379,0.97,55,,Mood after today's IND-KC game ,20587.0,neutral,0.0,1.0,0.0,0.0
1p4zrdu,1763936368.0,937,0.99,133,,Jerry Jeudy sucks Shit like this is why I'm glad we don't have him on the team anymore.,124302.0,negative,0.238,0.547,0.215,-0.1531
1p4yxdm,1763934309.0,437,1.0,39,,"Even with the Chiefs winning, they dropped from the 9 seed to the 10 seed They were #9 before the game and now they’re #10 despite the win",17480.0,neutral,0.098,0.794,0.108,0.0844
1p4yp89,1763933748.0,205,0.98,32,,"Unbelievable! Well, Bo will get the 2-0 vs Kansas anyways ",6630.0,positive,0.0,0.656,0.344,0.4926
1p4wtxm,1763929191.0,277,0.98,24,,Oh the irony…. Came across this in the Chiefs game day thread 😂 ,6786.0,neutral,0.0,1.0,0.0,0.0
1p4uxw9,1763924646.0,135,0.95,14,,New Nix Thrist Trap Inbound ,1924.0,neutral,0.365,0.635,0.0,-0.3182
1p4tici,1763921261.0,679,0.99,49,,Why would you want the Chiefs to lose if the Colts losing helps your playoff seeding? ,33610.0,neutral,0.25,0.566,0.184,-0.34
1p4t8pq,1763920653.0,247,0.75,181,,The struggle is real ,33716.0,negative,0.434,0.566,0.0,-0.3182
1p4s20f,1763917878.0,461,1.0,28,,Some old pics of Tim “Barrelman’ Mckernan Broncos Country is lucky to have such a rich legacy that includes this super fan. ,13369.0,positive,0.0,0.561,0.439,0.9235
1p4qbas,1763913729.0,1001,0.97,132,,It makes me sick ,129139.0,negative,0.524,0.476,0.0,-0.5106
1p4ed1v,1763874820.0,114,0.91,15,,Sean Payton’s Daughter Gets Married ,1660.0,neutral,0.0,1.0,0.0,0.0
1p4dtim,1763873051.0,630,1.0,18,,Came across this beauty ,11970.0,neutral,0.0,0.4,0.6,0.6705
1p41r29,1763839265.0,177,0.98,10,,"Wanted to share this edit I made of our win over the Cowboys, hope y’all like it! Imagine waking up in 1973 and putting this edit in your VCR",1908.0,positive,0.0,0.672,0.328,0.8932
1p3zvqh,1763834750.0,310,0.91,58,,Sutton so good I need him in my mouth ,16644.0,positive,0.0,0.687,0.313,0.4927
1p3ddt8,1763766511.0,1190,1.0,79,,[Klis] Source confirms Broncos and K Wil Lutz have agreed on three-year contract extension. That’s on top of this year’s deal. ,95200.0,neutral,0.0,0.822,0.178,0.4404
1p3chli,1763764319.0,249,1.0,25,,The Broncos have six players with three or more sacks so far this season. Just thought that was a pretty crazy stat. Talk about a team effort. ,6474.0,positive,0.084,0.804,0.112,0.2023
1p34b2x,1763745150.0,949,0.96,144,Misleading,Interesting…. Stay the course Nix FC ,132101.0,neutral,0.0,1.0,0.0,0.0
1p349p3,1763745061.0,113,0.99,31,,"An Ode to Broncos Country who brought it on Sunday I loved how loud the game was on Sunday. It reminded me of the good old days of Mile High Stadium. 

There are also some fun memories and videos from old games I attended; Tebow to DT, 1997 Broncos-Patriots and more. 

Thanks for bringing the noise, Broncos Country! You can’t convince me the crowd noise didn’t help Denver win. 

Go Broncos! ",3580.0,positive,0.0,0.735,0.265,0.9697
1p30ig6,1763736460.0,125,0.99,6,Highlights,A cinematic recap of the Broncos' dramatic divisional win over the Chiefs | Sights and Sounds ,866.0,neutral,0.0,0.774,0.226,0.5859
1p2qn14,1763703779.0,203,0.96,108,,"Good For The Broncos Is it just me or was the Texans win over the Bills good for the Broncos?

It keeps Houston ahead of the Chiefs in the playoff picture. It also drops the Bills closer to being out of the playoffs while the Bills retain the tiebreaker over the Chiefs. I am truly cheering for the Colts to beat the Chiefs this weekend. I have seen some Broncos fans wanting the Chiefs to win to knock the Colts down and make it easier for the Broncos to get the 1 seed. Personally, I am more scared of a Chiefs team that barely squeaks into the playoffs with tons of playoff experience than I am of a 14-3 or 13-4 Colts team. We have already proven we can beat the Colts and should have if it weren’t for that bs leverage penalty. Thoughts Broncos Country?",21242.0,positive,0.039,0.818,0.143,0.9483
1p2pgdf,1763699865.0,227,0.95,33,,Good thing Moss wasn't out there. Might have been flagged ,7332.0,neutral,0.0,0.756,0.244,0.4404
1p2pdfc,1763699602.0,251,0.92,120,,"Down to Broncos and Pats for the #1 Seed Colts have to play THIS Texans team twice still?!  Yeah nah.  Bills are an empty shell of their former selves, so it’s a 2 team race for the bye.  Tell me I’m wrong!  I’m stoked our boys beat this Texans team.  Craziest pass rush I’ve seen in a loooooong time.",27941.0,positive,0.129,0.798,0.073,-0.3578
1p2oyfj,1763698281.0,634,0.99,112,,"Our Broncos beat this Texans Defense Watching this AFC TNF battle makes me appreciate our offense even more. The Texans are absolutely harassing a QB who put up 6 total touchdowns on Sunday. They've sacked Allen six times and there's still half of the 4th quarter to play. Josh has nowhere to go with the ball, and he's failing to escape the pocket and keep plays alive. 

Our O-line and Bo's elusiveness only allowed one sack. Bo passed for 2 TDs as well. And our elite defense kept the Texans to 15 points. No, it wasn't pretty, but plays were made when they were needed, and they got the win. 

I'm proud of this team.

Edit: OK, that Hook n Ladder play was pretty legit tho.

Edit 2: Allen takes two more sacks and throws an INT with the game on the line. Holy crap. ",70926.0,positive,0.107,0.709,0.184,0.9
1p2i5ya,1763679894.0,477,1.0,13,,[Broncos] Protect the QB on offense ✅ Get after the QB on defense ✅ ,6678.0,neutral,0.132,0.596,0.272,0.2732
1p2c7m8,1763666195.0,355,1.0,38,,[Andrew Siciliano] Teams with worst records against teams currently in a playoffs spot. ,13845.0,neutral,0.272,0.728,0.0,-0.6249
1p2ah13,1763662500.0,183,0.97,147,,"Remaining schedules for the Broncos, Colts, and Patriots: I really like our chances at the #1 seed. Pats have the easiest remaining schedule but they have the Bills and Ravens back to back. I don’t see any way the Colts can win out with what they have coming up.",26271.0,positive,0.0,0.803,0.197,0.86
1p28lfp,1763658259.0,270,0.99,33,,Cam Skattebo Bo-lieves Cam Skattebo offers his SB predictions on Neons stream,9088.0,neutral,0.0,1.0,0.0,0.0
1p2824t,1763657052.0,340,0.98,33,,Murph is ready to get snaps out of the backfield Who am I to stop him? ,11329.0,neutral,0.124,0.734,0.141,0.0772
1p25mlh,1763651502.0,112,0.95,74,,All 32 NFL quarterbacks (including Bo Nix) ranked by Total QBR in Week 12 ,7980.0,neutral,0.0,1.0,0.0,0.0
1p1z84a,1763632431.0,125,0.97,10,,Number 1 bo nix supporter For a while I wasn't sure where to post this but I feel like it belongs here or in a Broncos group on Facebook. Idk either way here i go.  On the very first day of this year my father passed away. And he was the biggest supporter of Bo. He would tell me he's more nfl ready than other qb in that class and etc. He'd rub it in my face everyday because I'm a saint fan and we didn't move up two spots to take Bo lol. Now that I see that the Broncos are 9 and 2 all I can think of is him and him telling me I told you so 😆 ,1334.0,positive,0.025,0.818,0.156,0.9417
1p1up4t,1763615402.0,172,0.99,7,,So many things around town remind me of my favorite football team. Go Broncos! ,1362.0,positive,0.0,0.798,0.202,0.5093
1p1s6p0,1763607733.0,115,0.97,21,,Bo Nix Film Breakdown- Is this the biggest performance of his young career? [Bo Nix Week 10 All-22 Review: A Statement Response](https://gridironhunt.com/2025/11/19/bo-nix-week-10-all-22-review-a-statement-response/),2454.0,neutral,0.0,1.0,0.0,0.0
1p1rpss,1763606418.0,1080,1.0,78,,Jahdae Barron's Recent Instagram Story ,85320.0,neutral,0.0,1.0,0.0,0.0
1p1ptyu,1763601198.0,153,0.99,87,,"Ja’Quan Mcmillian Since the moment we drafted Jahdae Barron I got worried about J-Mac’s future on the team. He’s a restricted free agent that would be very valuable to corner needy teams. He just played lights out against the chiefs. Do you use your first round pick as the fourth corner on the depth chart? Surtain and Moss are both locked in on the boundary. Ja’Quan feels like the odd man out in this corner room. Especially with the draft capital they spent on Barron. The Broncos could potentially match or exceed any offers to keep him if a team offers on him to ensure they keep him due to his restricted tag. 

What do you think they will do with J-Mac? Sign him to a multi-year contract, match his RFA offers, or trade him in the offseason. 
He has really embodied being a Bronco. Coming from a UDFA to a versatile piece of this all-time caliber defense. 

This team is playing out of their minds defensively and I’d love to see it stay together ",13329.0,positive,0.072,0.812,0.116,0.8538
1p1pakn,1763599712.0,719,0.99,112,,Who should we root for? There’s only one answer ,80435.0,neutral,0.0,1.0,0.0,0.0
1p1onk7,1763598022.0,102,1.0,14,,"My dad's favorite player, in card form It's hanging up in his living room. ",1530.0,positive,0.0,0.812,0.188,0.4588
1p1ogvv,1763597545.0,196,0.99,54,,"Sean Payton and Vance Joseph out-coached Andy Reid and Steve Spagnuolo on Sunday Mina Kimes and Dominique Foxworth talked about it on Kimes' podcast today. I used their great quotes, along with lots of other info, to write the piece. 

Sean Payton out-coaching Andy Reid is massive. Especially when Reid won 85% of his games off the bye before Sunday. And Reid being arguably the best coach in the NFL right now. 

We in Broncos Country remember recently how Denver would get out-coached week after week with past coaches. ",10672.0,positive,0.02,0.855,0.125,0.9055
1p1gzzw,1763579964.0,145,0.98,40,,John Elway Reveals What He Told Bo Nix After Harsh Criticism Hit Broncos QB ,5826.0,neutral,0.326,0.674,0.0,-0.7003
1p1fwth,1763577607.0,296,0.99,36,,A relic from another time I wish we could get $24.50 tickets still ,10842.0,neutral,0.0,0.787,0.213,0.4019
1p1f10p,1763575750.0,540,0.99,71,,We have come full circle ,38491.0,neutral,0.0,1.0,0.0,0.0
1p1e1lb,1763573586.0,1128,1.0,26,,Wil Lutz is your AFC Special Teams Player of the Week ,30456.0,positive,0.0,0.787,0.213,0.4019
1p1dry0,1763573009.0,201,0.99,19,,"[CBSSportsGang] Led by the Broncos’ win over the Chiefs, “NFL ON CBS” continues its record-breaking season with the most-watched program of the week with nearly 29 million viewers. ",3980.0,positive,0.0,0.877,0.123,0.5859
1p1dnt7,1763572753.0,135,0.99,40,,[BetMGM] The most expensive defenses in 2025 ,5480.0,neutral,0.0,0.752,0.248,0.2449
1p1d4pf,1763571602.0,174,0.99,80,,"[Underhill] The Saints and Brandin Cooks have mutually agreed to part ways, according to a source. Cooks will be a free agent ",13953.0,neutral,0.0,0.769,0.231,0.6597
1p1cuky,1763570967.0,103,0.92,49,,"The Broncos can win the Super Bowl Earlier this year, Sean Peyton said this Broncos team was his seventh that he thought had a chance to win the Super Bowl. At the time I thought that was overly optimistic—our window might open in the next year or two, depending on Bo Nix’s development, but it was still too early to shoot for a Super Bowl run. Yet, over the last 11 weeks, this team has proven Peyton right. If we compare the 2025 Broncos to the 2015 Super Bowl-winning team, there are some stark similarities between the two.

Let’s begin with the defensive statistics.  



|Stat|2015 Broncos|2025 Broncos (11 games)|
|:-|:-|:-|
|Points allowed per game|**18.5**|**17.5**|
|Total yards allowed per game|**283.1**|**274.4**|
|Yards per play allowed|**4.4**|**4.2**|
|Rush yards allowed per game|**83.6**|**88.5**|
|Yards per rush allowed|**3.3**|**3.6**|
|Pass yards allowed per game|**199.6**|**212.9**|
|Yards per pass allowed|**6.2**|**6.2**|
|Sacks per game|**3.25**|**4.6**|
|Interceptions per game|**0.875**|**0.545**|
|Red Zone Touchdowns|**56.5%**|**35.7%**|
|Defensive DVOA (lower is better)|**–25.8% DVOA**|**–15.7% DVOA**|



Overall, the 2015 defense is better, but the 2025 defense is still close on a number of important metrics. They’re allowing a full point less each game, with roughly similar total yards, rushing yards, and slightly more passing yards. Yards per pass is the same, yards per rush is a touch more, and yards per play is slightly lower. The biggest difference between the two defenses is the 2025 defense is much better at sacking the quarterback, while the 2015 defense was much better at getting interceptions.

The 2025 team is also much better at preventing touchdowns when the opposing team gets to the red zone, but that’s a double-edged sword. The 2015 team was better at preventing the opposing team from getting to the red zone *at all*, meaning the current bend-don’t-break defense is giving up more field goals. However, they’re still better at defending the red zone when the opponent gets there and, as noted before, are averaging fewer overall points per game.

Still, there’s a meaningful gap in their respective defensive DVOAs, with the 2015 defense getting a full -10.1% better DVOA than the 2025 defense. What partly accounts for this defensive DVOA difference, even given the otherwise similar stats, is the much better offense the 2025 defense is playing with. Here’s a comparison of the offensive statistics.



|Stat|2015 Broncos|2025 Broncos (11 games)|
|:-|:-|:-|
|Points per game|**22.2**|**23.4**|
|Total yards per game|**355.5**|**335.3**|
|Yards per play|**5.4**|**5.2**|
|Rushing yards per game|**107.4**|**122.3**|
|Yards per rush|**4.2**|**4.6**|
|Passing yards per game|**248.1**|**220.1**|
|Yards per pass attempt|**7.0**|**6.2**|
|3rd-down conversion rate|**35.3%**|**38.5%**|
|Turnovers per game|**1.94**|**0.9**|
|Red Zone Touchdowns|**46.1%**|**58.3%**|
|Offensive DVOA (higher is better)|**-8.8%**|**-0.2%**|



The 2015 defense had to deal with a significantly higher number of turnovers by their offense each game, with the 2015 offensive giving up slightly over 1 turnover more each game than the 2025 offense. The 2025 offense is also scoring 1+ more points per game than the 2015 offense, has a higher 3rd-down completion rate, and has a higher red zone touchdown rate. Yards per game, per play, passing yards, and yards per attempt are slightly lower, while the rushing yards and yards per rush are slightly higher. But the 2015 offensive DVOA is much better, being nearly equal to the gap between the 2025 and 2015 defensive DVOAs.

What this all means is that the 2025 Broncos have a slightly worse defense but a slightly better offense when compared to the 2015 Broncos. The only caveat I'd add is the 2025 Broncos have played an easier schedule so far compared to the 2015 Broncos (23rd vs 9th).

I also think the 2025 Broncos have more upside than the 2015 Broncos. The team is younger, Nix showed some great improvement against a solid Chiefs defense (it helped that Peyton got the calls out early, giving Nix time to settle in and evaluate the opposing defense), and we've been without our best defensive player for three games.

Since 2015, the NFL has been trending toward offense, but recently defenses have adjusted—bringing back the old adage that defense wins championships. Some of the best teams this year—the Broncos, Rams, Eagles, Seahawks, and Patriots—are in the hunt *because* of their defenses.

With a weak AFC, this is a perfect opportunity for the Broncos to make a run for the Super Bowl. They have an average offense by DVOA, and their defense, while not quite at the 2015 level, is still elite. That's a winning combination. The defense doesn't need to do as much as it did in 2015 to get to the Super Bowl, and if the offense can be more consistent there's no reason the Broncos can't win it all this year.

All hail Blucifer and make sure to check out the Black Friday deals at Wal-Mart.",4738.0,positive,0.07,0.724,0.206,0.9989
1p0z9lq,1763530522.0,382,0.92,84,,I noticed the Broncos have become really popular among the fans of this anime horse girl game ,29872.0,neutral,0.0,0.829,0.171,0.4754
1p0vemm,1763518869.0,104,0.96,19,,"John Elway on Giants vs Broncos I just saw a interview with John Elway on his new documentary and in the interview thats on Guerillasports on youtube..  John Elway said he heard from a very good source ""Sean Payton threw alot of screens vs Giants early purposely to tire their defense out.""  So thats what helped tire them out for the 4th Q.  Very interesting.  It's around 51min mark

[https://www.youtube.com/watch?v=-GHSsX4mxLc](https://www.youtube.com/watch?v=-GHSsX4mxLc)",1997.0,neutral,0.0,0.888,0.112,0.7933
1p0v03u,1763517724.0,124,0.99,44,,"Vance Joseph: We Built This Team to Beat the Chiefs | The Schrager Hour Cmon Walmart, you know what to do; 💰💰",5524.0,positive,0.0,1.0,0.0,0.0
1p0sl23,1763511147.0,385,0.99,34,,The 47 brand throwback hoodies are so clean 😤 ,13340.0,positive,0.0,0.667,0.333,0.541
1p0oza6,1763502362.0,119,1.0,8,,It's been a long time coming! ,1071.0,positive,0.0,1.0,0.0,0.0
1p0hww3,1763486493.0,310,1.0,36,,Sean Payton Rightly Predicted That the Chiefs Are a ‘First-Half’ Team ,11470.0,neutral,0.0,1.0,0.0,0.0
1p0ffll,1763481016.0,117,0.93,176,,"What are your guys' thoughts for after our week 12 BYE? What are your guy's realistic Win/Lose record thoughts for the rest of the season after this week 12 BYE week??

Just my Opinion, but the remainder of our Broncos season goes as follows. This is me trying to realistically assess an unbiased Win/Loss outcome. I am currently worried about only 2 teams -

@ Commanders - Broncos Win

@ Raiders - C'mon, Broncos Win again.

Packers @ Home - Broncos Win.

Jaguars @ Home - Broncos Win. This is one I'm not sure about because the Jags have been hit or miss. When they hit though, they really go in. BUT...with home field advantage in Denver and it being later in the season with teams making playoff runs, I think this is a field day for our physical Defense. We get Lawrence to crumble and get in his head with all the pressures. we throw him off and he plays an ugly game.

Christmas game @ Chiefs - The Broncos Win (I 80% believe that KC wins this but I BO-lieve enough in my bones that we go into Arrowhead dressed as the Grinch and perform a Christmas Miracle to get an upset win over the Chiefs . This is why --> I think Bonitto and co now know what it takes to get to Mahomes after this past week 11 game. We'll get PS2, Alex Singleton, and get Jonah Elliss back. DUDE! We won without these dominant players on the field. It's another statement game to show the Chiefs who owns the AFC West now. We feast this game and get to open presents on their field. lol

Chargers @ Home - Broncos Win. No Doubt seeing after how the chargers just played the Jags and getting wrecked, its the last game of the regular season, Bronco's take this one and ride into the playoffs with the #1 seed.

We just WIN. I truly believe we can finish the regular season 15-2. We're currently on a BYE week after that mini BYE week we just had before facing the Chiefs. If reports are true, players were given the entire week off away from football to just mentally reset. They come back fresh, healthy, and ready for a playoff run. The Broncos have just pulled off too many crazy insane comebacks to win this season to make me think otherwise. They find a way to win and honestly even though a couple of the remaining opponents worry me, they'll still find a way. I don't see why with the momentum they have that they plan to stop now. They're taking it all the way.",19259.0,positive,0.074,0.727,0.199,0.9975
1p0buzh,1763472334.0,419,0.95,90,,Who is the real king of the AFCW? Pls don’t look at Herbert’s stats. ,36223.0,neutral,0.0,0.909,0.091,0.0772
1p03u0a,1763444160.0,505,1.0,20,,Fuck it… Wil Lutz highlights ,10605.0,positive,0.467,0.533,0.0,-0.5423
1p022ce,1763438513.0,249,1.0,46,,I love this graphic. Especially the middle. Anyone else? ,11703.0,positive,0.0,0.625,0.375,0.6369
1ozzi3g,1763431319.0,244,1.0,4,,Wil is CLUTCH🏈🐴 He has the MOST game winning Field Goals in the NFL since 2023. ,1220.0,positive,0.0,0.774,0.226,0.6569
1ozy3nz,1763427493.0,343,0.99,34,,"Sean Payton has Turned the Denver Broncos into Contenders For all the talk about the Broncos being frauds, they just beat the Chiefs when everyone not named Adam Rank (and this subreddit) were picking Kansas City to win. 

  
They've now beat both reigning conference champions this year. 

  
And when you look back at when Sean Payton took over, these Broncos have grown a ton. There's no doubt they are true contenders now. Let's hope they stay that way for multiple years. But there's still a lot to get accomplished this season, too. ",11885.0,positive,0.055,0.822,0.123,0.7783
1ozxw7g,1763426929.0,170,0.99,11,,"Remember to soak it all in I grew up in the late Elway era, and didn't really understand how rare and lucky we were to have the type of success we had. That was just the standard. I proceeded to see us run QBs out of town, drop Shananhan, suffer through Josh McDaniels, and lived through Mr. Tebow's wild ride. We got Manning, and the Broncos were back. Of course we were a good team, that was the standard. We were the one thing between Brady and another Super Bowl, and we were perennial AFC West Champs. Again, I took it for granted. (Although, I am forever grateful for the GOAT 2015 defense and the fairy tale ending for Peyton.)

Then years of mediocrity. The defense fell apart. We churned through coaches and QBs. We lost all respect from the league, and worst of all the laughingstock Chiefs became the dominant team in the league. Remember, they never won the Lamar Hunt trophy until we fell off. It was miserable to see the standard gone. We were a joke, and for good reason. 

Paton, Payton (and Peyton before them) completely revitalized this team and have brought the standard back. We've broken losing streaks, been back to the playoffs, are competing for #1 in the AFC West and the entire AFC. 

This season, we've lost two games as the clock hit 0. One, after a penalty. That's it. In the meantime, we beat the #1 offense and #1 defense, and now both super bowl teams from last year. We have a young team that continues to improve. And our defense is absolutely incredible, led by Vance freaking Joseph in possibly the greatest redemption arc I've ever seen.

Enjoy this everyone. Cut out the negativity. Riley Moss is a damned good corner. Troy has drops but is practically a kid and getting better. Bo is our franchise QB, and we will be lucky to have him for another decade. Sean is the HC we needed to turn things around, I hope we have him until we can send him off to a nice retirement with another ring. We can reflect and be honest about things that need to improve (the run game, especially with Dobbins out; we can play to Bo's strengths better). But I'll be damned if this isn't the best Broncos football we have seen in a long time, and we are one of the best in the league. Enjoy it, because we don't know how long this will last. Enjoy it, because plenty of teams in this league have never seen any level of success. Enjoy it, because the Denver Broncos are fucking back.",2020.0,positive,0.083,0.752,0.165,0.9915
1ozxafl,1763425356.0,462,1.0,34,,"We’re Praising Everyone… But we’re Missing Someone who's impact was really missed the last 2 games Still dizzy from the win yesterday, and I’m loving all the posts giving flowers to our key players — but I feel like one name is getting slept on: Marvin Mims.

The dude missed two games, and our ST play during that stretch was rough. Against the Texans and Raiders, the return game was basically non-existent. Field position was a constant uphill battle.

Yesterday was different. Mims came back and immediately reminded everyone why he matters. His returns completely flipped field position and gave the offense a short field multiple times. That was a huge part of the momentum.

Per Chad Jensen Marvin Mims Jr. set a new career high with 101 punt return yards vs. the Chiefs. That’s the most by a Bronco in a single game since Trindon Holliday in 2013 (121 yards).

Special teams doesn’t always get the spotlight, but Mims deserves a ton of credit for the win. Let’s give the man his props.",16170.0,positive,0.086,0.724,0.19,0.9718
1ozt6pk,1763415396.0,136,0.99,6,,This brings me joy. ,942.0,positive,0.0,0.441,0.559,0.5859
1ozsy6c,1763414872.0,1139,1.0,100,,"[Stevens] Sean Payton gave the Broncos players and coaches the ENTIRE Bye Week off. Well deserved for the team with the best record in the NFL, longest win streak in the NFL, and the No.1 seed in the AFC. ",115039.0,positive,0.0,0.781,0.219,0.8779
1ozrtwl,1763412352.0,271,1.0,18,,Broncos have won 3 straight home games vs. the Chiefs for the first time since 2012-14 — they had lost 8 straight at home from 2015-2022 ,5149.0,neutral,0.08,0.66,0.26,0.6369
1ozrj4z,1763411672.0,694,0.99,66,,DROP THE BANNER Here is the video for anyone who doesn't get FS1.,46033.0,neutral,0.191,0.809,0.0,-0.4278
1ozql87,1763409600.0,453,0.98,43,,"Hats off to this man right here While the play calling may not always be what we want to see as fans, we have to tip our caps to Sean. The dude shifted the entire culture of this team since arriving and helped us completely skip a rebuild all while carrying Wilson's anchor of dead cap hit. He knows how to win divisions. In Payton and Paton we trust. Go Broncos. ",19533.0,positive,0.054,0.811,0.135,0.6705
1ozq4w2,1763408587.0,881,1.0,58,God Bless Bo Nix,[Stevens] Bo Nix has the most 4th quarter comebacks by a player in his first two seasons in NFL HISTORY ,51979.0,neutral,0.0,1.0,0.0,0.0
1ozq4rh,1763408579.0,453,0.97,58,,Lutz Game Winning Field Goal Lucky Lutz made the kick but a flag should’ve been thrown for “leveraging” against Kansas City.  This just shows that the refs choose when to screw the Broncos. ,25925.0,negative,0.046,0.836,0.118,0.3612
1ozpe3f,1763406916.0,194,0.99,9,,"Bo Nix has a passer rating of 101.6 with 2,092 yards, 16 touchdowns and 3 interceptions in 9 games against the AFC West in his career ",1921.0,neutral,0.0,1.0,0.0,0.0
1ozocm9,1763404638.0,211,1.0,40,,Bo Nix week 11 pass chart vs. Chiefs ,8651.0,neutral,0.0,1.0,0.0,0.0
1oznvj1,1763403626.0,380,1.0,4,,[DREW LITTON] Dust in the Win ,1900.0,neutral,0.0,0.568,0.432,0.5859
1ozn6tu,1763402173.0,345,1.0,63,,"[Jhabvala] Broncos-Commanders on SNF will NOT be flexed out of its primetime slot, per source ",22080.0,neutral,0.0,1.0,0.0,0.0
1ozn3g2,1763401966.0,1935,0.98,212,,"Denver Just Took Over the Entire Sports World. Denver is absolutely dominating right now. The Broncos are 9–2, leading the AFC West, and looking like the best team in the NFL. The Avalanche are crushing it in the NHL with a 13–1–5 record, sitting at the top of the Western Conference. And the Nuggets aren’t far behind, sitting 9–2 and second in the Western Conference, looking every bit like championship contenders. Football, hockey, basketball… no matter where you look, Colorado is at or near the top in every major sport, and it feels like the city is taking over the sports world. ",403912.0,positive,0.062,0.773,0.166,0.8781
1ozmw9r,1763401529.0,484,1.0,78,,"All hail George Paton Just a reminder that Jonathon Cooper was a 7th-round pick, we got Nik Bonitto at the tail end of the 2nd, and John Franklin-Myers only cost us a (delayed) 6th-round pick. All three anchor the best defensive front in the league. George Paton has made up for the RW/Hackett debacles and then some. One of the best GMs in the league—if not the best.",38236.0,positive,0.0,0.8,0.2,0.9325
1ozmbmr,1763400271.0,268,0.98,17,,First Things First will be good today ,4728.0,neutral,0.0,0.674,0.326,0.4404
1ozly9z,1763399454.0,114,0.98,47,,Wk 11 PFF grades ,5363.0,neutral,0.0,1.0,0.0,0.0
1ozl7rq,1763397817.0,218,1.0,8,,Victory Monday 🧡🏈💙 Enjoy it broncos fam 😁 and don’t let the naysayers get to ya ,1962.0,positive,0.0,0.814,0.186,0.4939
1ozkn5d,1763396553.0,439,1.0,115,,Patrick Tries for the Head Contact Call on 3rd down ,50924.0,neutral,0.0,1.0,0.0,0.0
1ozjsrk,1763394639.0,267,0.99,74,,"Surprisingly little discussion on Bryant today, fixing that ",19825.0,neutral,0.0,0.761,0.239,0.296
1ozj9mc,1763393398.0,523,1.0,19,,Grabbed this pic during the flyover yesterday (KC Sucks),10460.0,negative,0.0,1.0,0.0,0.0
1ozhsbq,1763389907.0,576,1.0,91,,Bo called out the Chief’s play Bo is that dude. Incredible. ,52992.0,positive,0.0,0.806,0.194,0.34
1ozhaq5,1763388697.0,1354,0.99,155,,"People can say what they want about the offense but this kid is a winner 5 fourth quarter comebacks and 8 game winning drives across his first two years. Best statistically in the 4th quarter Vs any other QB in the league this year, a 33 point 4th quarter comeback which is a record. A 19-9 win loss record in Denver. At times, the offense can look sloppy but Bo always shows up when it matters the most and has led this team to where they are now. Bo is also fifth among QB’s in total touchdowns with 52.  Kid is a winner and will continue to show that, especially this year in the playoffs. A first round bye would be amazing.",209112.0,positive,0.048,0.718,0.234,0.9842
1ozg0gw,1763385419.0,259,0.99,9,,Who’s your daddy Mahomes ,2564.0,neutral,0.0,1.0,0.0,0.0
1ozeeeg,1763380770.0,475,1.0,13,,Walk Off Wil🏈🏔️ This Guy Has Been CLUTCH For The Broncos🐴 ,6650.0,positive,0.0,1.0,0.0,0.0
1ozecfw,1763380586.0,641,1.0,30,,Locker Room Love After A HUGE W🏈🏔️FTC! ,19871.0,positive,0.0,0.347,0.653,0.8188
1ozbav5,1763369284.0,161,1.0,37,,Current odds Broncos make the playoffs  ,6118.0,neutral,0.0,1.0,0.0,0.0
1oz9w5u,1763363744.0,176,0.99,3,,This one's for Alex The man played his heart out after finding out he had cancer. Decided to play lights out and have surgery the next day. I believe the team stepped up their game to another level because they couldn't let him down. Thank you Alex for inspiring the team and getting everyone to play at their best.,697.0,positive,0.061,0.707,0.232,0.8834
1oz949i,1763360868.0,166,1.0,18,,Used to pray for times like this 😭 💯 ,3154.0,positive,0.0,0.51,0.49,0.5859
1oz7q9u,1763356103.0,216,1.0,4,,Good Night Broncos Country ,1080.0,neutral,0.0,0.508,0.492,0.4404
1oz7pdf,1763356021.0,334,0.99,46,,Pay the man Ja'quan McMilian is on an ERFA contract and is due for a contract. He's been in my opinion the best CB once Surtain went out. Do we pay him even though we just drafted Barron?,15541.0,neutral,0.068,0.829,0.102,0.5267
1oz7g3v,1763355210.0,586,0.98,140,,"How was this first down even in question, and what was up with the replay assistant only giving us like a 1/4 inch? It felt incredibly sus to me. ",80973.0,neutral,0.0,0.841,0.159,0.5994
1oz6otp,1763352828.0,655,0.97,149,,"How is nobody talking about Nix? The dude finally set his feet and just threw for 24/37 and 295 yards against a top 5 defense. No he didn’t throw any TDs, but he didn’t throw any INTs either. Dude played a good game when it mattered the most. ",95302.0,positive,0.031,0.781,0.187,0.7906
1oz660u,1763351208.0,1342,1.0,93,,"This man has been a difference-maker all year Hafunga has been BALLING OUT for us this season. Dude flies around the field, hits like a truck, and plays with amazing energy. 

But man… I swear he might lead the league in dropped interceptions.",126148.0,positive,0.03,0.805,0.166,0.5994
1oz60v6,1763350776.0,153,0.99,76,,Broncos’ Riley Moss promises to ‘put the boxing gloves on’ in practice to correct defensive penalties ,11663.0,neutral,0.0,0.791,0.209,0.4019
1oz5yb8,1763350561.0,914,1.0,50,,McMillan is the First CB in franchise history to record two sacks and an interception in a game.🏈🏔️ ,46614.0,positive,0.0,1.0,0.0,0.0
1oz5ufn,1763350232.0,515,0.98,39,,HE HAS DELIVERED US ,20188.0,positive,0.0,1.0,0.0,0.0
1oz5gzs,1763349150.0,1125,1.0,52,,Locker room hype after the dub ,59625.0,positive,0.0,1.0,0.0,0.0
1oz5brn,1763348729.0,254,1.0,14,,First in the league... How sweet it is... ,3810.0,positive,0.0,0.7,0.3,0.4588
1oz53nz,1763348108.0,166,0.99,6,,"SNF Halftime Show 
",1150.0,neutral,0.0,1.0,0.0,0.0
1oz521i,1763347985.0,331,0.99,37,,I’m not saying it’s all my doing but we are 8-0 since my wife got me this hat for my birthday. Worn it every game day. You’re welcome. ,12452.0,positive,0.085,0.793,0.122,0.296
1oz4z5b,1763347749.0,104,0.99,3,,Holy s*** we are 9-2 ,412.0,positive,0.0,1.0,0.0,0.0
1oz4qdm,1763347060.0,687,1.0,34,,"On a cloud I haven’t felt since a Decade ago & as a kid back in 90s. I’m so insanely proud to be Broncos Fan; I love you all 🧡💙 What a beautiful run it’s been. Felt a push to shout us out in Week 5, wanted to see how we were doing and present some awesome stats I found amazing. Around Week 9, I said Bo is out here putting out numbers like Elway did when he first  started on the broncos (got hell for that one; talking beginning Elway not prime), and overall just looking at us a team and getting to love/learn the new dynamic mixed with the old.

And now I’m just with my fellow Denver Fans just smiling at our phone screens, TVs, laughing with our friends and family, we are one hell of a fan base, a crazy ass one, but it’s the best in the league that’s for sure.

The team will always have things to work on and improve on and it still holds up that it shows they’re killing it 200% defense wise, SLOWLY progressing from stamina issues offensively, and just getting better as a unit.

I’m proud, you’re proud and WE are proud. WOW the pride is real after tonight and we’re gonna be riding it all week! Just think about how many people prayed on our downfall all week and we just to get to smile! 😊 

Have a beautiful week, BroncosNation 💙🧡

PS: FOREVER & ALWAYS SHOUTS OUT TO WIL LUTZ",24045.0,positive,0.068,0.663,0.269,0.9957
1oz4mii,1763346757.0,142,0.99,1,,Bolieving Intensifies! Anyone that wants to dog on 10 keep it coming. That’s our Quarterback!,281.0,positive,0.0,1.0,0.0,0.0
1oz3v5x,1763344617.0,160,1.0,3,,The Force is strong with this team… LFG!!! ,640.0,positive,0.0,0.626,0.374,0.6341
1oz3t7d,1763344462.0,786,0.99,121,,"[Mase] Broncos TE Adam Trautman fires back at the online critics of Bo Nix: “If you’re talking s*** about Bo online, you’re a coward. Absolute coward. … He blanks it out … We don’t care what other people think. We know what we have in the building, and we know what he’s made of, and… “…we don’t really care what people have to say, so, Dragonslayer69 with his 7-11 Slurpee in his mom’s basement, I don’t give a s*** what he has to say, right? And Bo doesn’t, either.””",94933.0,positive,0.088,0.844,0.068,-0.2023
1oz3das,1763343161.0,168,0.98,15,,"Worst 9-2 team Worst 9-2 team

Worst 10-2 team 

Worst 11-2 team 

Worst 13-2 team 

worst 14-2 team 

Worst 15-2 team 

Worst bye team

Worst divisional game winner 

Worst conference champion 

Worst Super Bowl champion 

Worst back to back Super Bowl champions 

Worst Dynasty 

Just the worst! 




Now I don’t know how to up space until 200 words so let’s go broncos fuck the chiefs we are going to be on top of the world, umm they better keep the mile high name for the new stadium, I hope to see a regular season game before they switch stadiums never got to go too expensive, anyways GO BRONCOS FUCK THE CHIEFS I BOLIEVE






",2634.0,positive,0.364,0.467,0.169,-0.9906
1oz369j,1763342624.0,193,0.91,32,,Play trash offense and come back in the 4th ,5796.0,negative,0.175,0.614,0.211,0.1027
1oz31in,1763342253.0,307,1.0,29,,[Highlight] Broncos game-winning drive vs. the Chiefs ,9210.0,neutral,0.0,1.0,0.0,0.0
1oz3046,1763342142.0,443,0.99,8,,What a game Feels good to get a victory against KC what a slugfest! ,3947.0,positive,0.0,0.758,0.242,0.4926
1oz2we0,1763341859.0,396,1.0,12,,"BIG NUTZ LUTZ IS CLUTCH!!! Week 6: 27-yd Go-Ahead FG vs Jets  
(Put Denver back on top late in the 4th)

Week 7: 39-yd Walk-Off vs Giants  
(33pts FOR DT!!!!)

Week 9: 34-yd Walk-Off vs Texans

Week 10: 32-yd Go-Ahead FG vs Raiders  
(Last score in the 7-7 slugfest)

Week 11: 35-yd Walk-Off vs Chiefs  
(Fuck the chiefs!!!)",5148.0,positive,0.0,0.951,0.049,0.453
1oz2ol8,1763341273.0,1446,1.0,61,,Candidate for the sidebar ,89652.0,neutral,0.0,1.0,0.0,0.0
1oz2oc9,1763341257.0,272,0.99,3,,9-2 Baby!!!!! ,1077.0,positive,0.0,1.0,0.0,0.0
1oz2kk5,1763340969.0,336,0.98,10,,"H̷E̷ ̵H̴A̴S̸ ̶C̸R̴U̴S̷H̶E̸D̷ ̶O̶U̸R̶ ̶E̶N̶E̷M̸I̶E̷S̶,̶ ̷A̷N̶D̶ ̵S̶E̵E̶N̷ ̷T̵H̷E̶M̶ ̷D̶R̴I̸V̸E̸N̶ ̶B̷E̵F̴O̴R̸E̶ ̶U̷S̷.̸ ̴H̸I̴S̴ ̸E̸T̶E̷R̵N̴A̷L̸ ̷L̶I̴G̶H̷T̷ ̴S̷H̵I̵N̸E̴S̵ ̷U̷P̸O̵N̶ ̸A̷L̸L̷ ̵W̶H̶O̸ ̴B̵O̶L̴I̴E̸V̴E̷☠̸ ̶⛧̵ ⛧ ",3622.0,positive,0.0,1.0,0.0,0.0
1oz2jz3,1763340928.0,131,1.0,2,,Where there’s a Wil there a way🏈🏔️ ,393.0,positive,0.0,1.0,0.0,0.0
1oz2ehg,1763340514.0,666,1.0,39,,This man So clutch. ,26640.0,positive,0.0,1.0,0.0,0.0
1oz2cvt,1763340393.0,133,0.99,29,,Bo Proving ‘em wrong!!!!! ,3950.0,positive,0.0,1.0,0.0,0.0
1oz2c5m,1763340338.0,1207,1.0,114,,DRINK IT IN LADIES AND GENTLEMEN!!!!! ,138805.0,positive,0.0,1.0,0.0,0.0
1oz2bp0,1763340304.0,261,1.0,7,,Adam Rank does it again ,2088.0,neutral,0.0,1.0,0.0,0.0
1oz2asp,1763340236.0,1709,0.99,401,,What happened Broncos on top,680148.0,positive,0.0,0.69,0.31,0.2023
1oz2aic,1763340214.0,414,0.99,17,,WHAT ARE THEY GONNA SAY NOW? ,7377.0,positive,0.0,1.0,0.0,0.0
1oz29dl,1763340126.0,118,1.0,0,,Yup ,118.0,neutral,0.0,1.0,0.0,0.0
1oz29di,1763340126.0,476,1.0,19,,That’s my QB ,9520.0,positive,0.0,1.0,0.0,0.0
1oz28yu,1763340095.0,2198,1.0,138,,Broncos WIN🏔️🏈 F*#K KC ,305522.0,positive,0.0,1.0,0.0,0.0
1oz28to,1763340085.0,102,1.0,1,,WE WON!! ,204.0,positive,0.0,0.189,0.811,0.6467
1oz27k5,1763339994.0,925,1.0,25,,LET’S GO FTC!! ,24050.0,positive,0.0,1.0,0.0,0.0
1oz2713,1763339957.0,564,1.0,21,,[Highlight] KC vs DEN - Wil Lutz game-winning FG against the Chiefs ,12408.0,neutral,0.0,1.0,0.0,0.0
1oz26qp,1763339934.0,235,1.0,29,,[Highlight] 32-yd completion to Franklin puts Broncos in excellent position ,7050.0,neutral,0.0,0.709,0.291,0.5719
1oz26p9,1763339930.0,1513,1.0,1183,Game Thread,[Post Game Thread] Denver Broncos (9-2) defeat Kansas City Chiefs (5-5) LETS GOOOOOOOOOOOOOOOOOOOOOOOOOOOOOOOOOOOOOOOOOOOOOOOOOOOOOOOOOOOOOOOOOOOOOOOOOOOOOOOOOOOOOOOOOOOOOOOOOOOOOOOOOOOOOOOOOOOOOOOOOOOOOOOOO,1791392.0,positive,0.2,0.8,0.0,-0.4588
1oz24qy,1763339782.0,101,1.0,2,,BO-LIEVE ,303.0,positive,0.0,1.0,0.0,0.0
1oz1vys,1763339122.0,178,1.0,17,,[Highlight] McMillian gets to Mahomes for the 11-yd sack on 3rd and 10 ,3204.0,neutral,0.0,1.0,0.0,0.0
1oz0jis,1763335449.0,279,1.0,55,,[Highlight] Sean Payton gets hit with an unsportsmanlike penalty for being in the way of a ref ,15624.0,neutral,0.167,0.833,0.0,-0.4588
1oz0h80,1763335285.0,190,1.0,9,,[Highlight] Ja'Quan McMillian intercepts Mahomes ,1900.0,neutral,0.0,1.0,0.0,0.0
1oyz4g5,1763331919.0,427,1.0,32,,Evan Pat agreed “That’s a really bad call”. ,14091.0,neutral,0.348,0.459,0.193,-0.4005
1oyyh7n,1763330344.0,254,1.0,6,,[Highlight] Marvin Mims returns the punt deep into opposing territory. ,1778.0,neutral,0.0,1.0,0.0,0.0
1oyww6d,1763326489.0,132,0.95,9,,Ready! Lily is ready for another week to BOLIEVE!  Just woke up from her nap and says LFG!,1254.0,positive,0.0,0.731,0.269,0.7074
1oywu9z,1763326361.0,208,1.0,9,,[Stevens] Justin Strnad is wearing the green dot for the Broncos defense today. He'll be the communication leader for Vance Joseph's squad today with Alex Singleton out. ,2080.0,neutral,0.0,0.945,0.055,0.128
1oyw5nm,1763324731.0,142,0.97,11504,Game Thread,"[GAME THREAD]: Denver Broncos (8-2) vs Kansas City Chiefs (5-4) ###Week 11
 
**[](/DEN) Denver Broncos (8-2) vs [](/KC) Kansas City Chiefs (5-4)**
###
 
---

[Game Preview](https://www.youtube.com/watch?v=Y2j8LbIJQbM)

---
 
#WEATHER/BROADCAST
 
4:25pm ET | 3:25pm CT | **2:25pm MT** | 1:25pm PT / Empower Field at Mile High Stadium
 
[Weather Forecast](https://weather.com/weather/hourbyhour/l/3f345b93f02bdea125a122a4798a6b17174a3153bb0f45b4d5238343613d7368)
 
- TV | CBS [](/CBS) Jim Nantz, Tony Romo, Tracy Wolfson
 
- [Check to see what game is on in your area](https://506sports.com/)
 
- Local Radio (**KOA - 850 AM/94.1 FM & The Fox - 103.5 FM:** )
 
^(***KOA broadcast only works on desktop, not mobile.***)
 
 
---
#INJURY
 
[](/DEN) [**DEN Injury Report**](http://www.denverbroncos.com/team/injury-report.html) | [](/KC) [**KC Injury Report**](https://www.chiefs.com/team/injury-report/)
 
---
 
#NEWS
 
---
#AROUND THE AFC WEST
 
Team |  | Opp. | Date | Time/Score
----|---|----|----|----
[](/r/chargers) LAC | | [](/JAC) JAC |11/16 [](/CBS) |
[](/r/kansascitychiefs) KC | |[](/DEN) DEN |11/16 [](/CBS)| 
[](/r/raiders) LV |@ |[](/DAL) DAL |11/17 [](/ESPN)|



---


#GOING TO THE GAME? [Consider parking at Lake Middle School!!](https://www.reddit.com/r/DenverBroncos/comments/1mochh7/if_you_are_going_to_a_broncos_game_during_the/)


 ---
 
#THREAD NOTES
 
This thread is ***specifically geared toward Broncos fans***. 
 
***Pick your flair*** in the sidebar. 	
 
Subscribe to **/r/denverbroncos**",1584699.0,neutral,0.042,0.958,0.0,-0.7611
1oyrd8o,1763313573.0,465,0.95,37,,"This lady one of yinz? made the national CBS broadcast, ",16786.0,neutral,0.0,1.0,0.0,0.0
1oyqirn,1763311614.0,224,0.98,7,,The secret to beating the Chiefs is simple [OC] ,1756.0,neutral,0.273,0.727,0.0,-0.4588
1oypvgr,1763310081.0,423,0.99,34,,"let’s go bogoz! Thanks to u/FistofNorris and his cute kiddo for cutest Broncos sign ever made (I cleaned it up for reposting). If anyone wants an “I love the bogoz” sticker, let me know!",14657.0,positive,0.0,0.674,0.326,0.938
1oykm8k,1763296454.0,490,0.99,10,,RISE AND SHINE! IT'S A GREAT DAY TO BEAT THE CHIEFS! ,5336.0,positive,0.0,0.658,0.342,0.6892
1oycnk7,1763268153.0,355,0.99,6,,If this sign doesn’t work I’m blaming the refs. ,2460.0,neutral,0.286,0.714,0.0,-0.4939
1oybw9a,1763265736.0,340,0.99,12,,Our field for tomorrow I really do love for the last year and a half our endzones have been painted it definitely adds a mystic element about mile high imo I’m ready for tomorrow go broncos! 🧡🏈💙,4376.0,positive,0.0,0.757,0.243,0.8741
1oyaibq,1763261483.0,130,0.95,5,,"Daughter repping near Fresno She wanted to wear some of my Broncos paraphernalia, and asked me to post it. 

Let's go BRONCOS! ",741.0,positive,0.0,1.0,0.0,0.0
1oy81z2,1763254341.0,1137,0.97,98,,"Lord Blucifer, hallowed be thy name. Though we have lost JK Dobbins to injury, may our Broncos vanquish the red menace tomorrow. May RJ Harvey run for over 100 yards and a touchdown. May Riley Moss suffer no more racial profiling. And may we all continue to Bolieve. Amen. ",109186.0,positive,0.239,0.716,0.045,-0.8851
1oy3qkn,1763242846.0,218,0.99,46,,[Stevens] Broncos waived WR Trent Sherfield (1st @mikeklis9news). CB Reese Taylor promoted to 53-man roster. Broncos signed Lil’Jordan Humphrey to 53 earlier this week. ,10144.0,neutral,0.0,0.891,0.109,0.4215
1oy3602,1763241398.0,148,0.99,21,,"[Klis] Per source, Broncos are elevating rookie ILB Jordan Taylor along with the vet of all veterans, TE Marcedes Lewis, from practice squad for game tomorrow against the Chiefs. Third elevation for Marcedes so he’ll have to be promoted to 53 to be used again. ",3223.0,neutral,0.0,0.94,0.06,0.4215
1oy2g62,1763239588.0,354,0.99,30,,"Let's see that potential rook! I think he'll do well since they will gameplay for his strengths now. Robbins loss will hurt but I think the depth is goid enough. The passing game will have to step it up too.
",10864.0,neutral,0.1,0.818,0.082,-0.1882
1oy20sx,1763238504.0,170,0.98,59,,"Schefter: Broncos RB J.K. Dobbins will be placed on injured reserve with a foot injury that requires surgery and likely end his season, per ESPN sources. Dobbins sustained the injury on a hip-drop tackle during the Broncos’ Thursday night win against the Raiders. Set to become a free agent after the year, Dobbins was fifth in the league in rushing and is expected to make a full recovery.",9996.0,neutral,0.112,0.793,0.095,-0.0516
1oy1xcm,1763238256.0,417,0.99,182,,"[Klis] Source confirms Broncos are placing RB J.K. Dobbins on IR with foot injury. (1st by @adamshefter). The injury requires surgery to repair. So Dobbins, a free agent after this season, is out for foreseeable future. ",75548.0,neutral,0.136,0.777,0.087,-0.2551
1oxy10z,1763228932.0,153,0.98,30,,Out of towner in town for the Broncos game. Does anyone know where I can find these downtown? ,4648.0,neutral,0.0,1.0,0.0,0.0
1oxxpik,1763228165.0,250,0.99,32,,"Broncos to wear Sunset Orange jerseys, Summit White pants vs. Chiefs ",8168.0,neutral,0.0,1.0,0.0,0.0
1oxpr0a,1763207321.0,375,0.99,30,,NFL Leaders For Sacks Let’s go! ,11509.0,positive,0.0,1.0,0.0,0.0
1oxg526,1763174076.0,102,0.96,18,,Behind Vance Joseph's Denver Broncos comeback story ,1860.0,neutral,0.0,1.0,0.0,0.0
1oxarx5,1763159655.0,380,0.98,26,,"Mims and Harvey backfield on Sunday? I think we all underestimated what Mims does for the offense.  

He's going to give them a boost.  I wonder if Payton is drawing up some mad scientist gadget plays where they both lineup in the backfield?

Maybe a double wheel route?",10055.0,neutral,0.152,0.757,0.091,-0.4836
1oxa8sf,1763158368.0,108,0.99,54,,Week 11 Friday Injury Report ,5881.0,neutral,0.412,0.588,0.0,-0.4215
1ox04kb,1763135433.0,448,0.99,90,,"[Highlight] Broncos QB Bo Nix has deleted all his social media to avoid the criticism from angry fans: “I delete all my social media. I don’t even have it. Unless somebody says it to my face, I don’t even hear it.” ",40360.0,neutral,0.189,0.811,0.0,-0.8126
1owy812,1763131163.0,169,0.97,79,,[Via PattonAnalytics on Twitter] Expected Points Added (or Lost) from Drops for QBs ,13114.0,neutral,0.0,1.0,0.0,0.0
1owujsw,1763121466.0,108,1.0,14,,[EssentiallySports] Champ Bailey Opens Up on Rookie RJ Harvey’s Explosiveness & Predicts Breakout Soon ,1620.0,neutral,0.0,0.795,0.205,0.4767
1owj8wg,1763083750.0,234,0.99,57,,[Tomasson] Broncos star guard Quinn Meinerz has been bogged down this season by an illness that hasn’t been diagnosed ,13436.0,neutral,0.13,0.87,0.0,-0.4019
1owiw85,1763082757.0,397,0.96,61,,The duality of men ,23629.0,neutral,0.0,1.0,0.0,0.0
1owf26r,1763072822.0,159,0.99,45,,Week 11 Thursday Injury Report ,7241.0,neutral,0.412,0.588,0.0,-0.4215
1owab73,1763061797.0,194,0.97,80,,"What's at stake this Sunday I don't think people are giving this run enough credit.  
  
Bengals W.   
Eagles W - Beat the undefeated SB champs.   
Jets W - London trash game.   
Giants W - One of the greatest comebacks in history.   
Cowboys W - Put the whomp down to keep the streak alive.   
Texans W - Against the #1 defense in their home.   
Raiders W - Short week rough win against a division rival in a terrible weather game in which not enough people realize how bad that wind was.    
    
Still no bye week. Now we're up against the friggin Disney Chiefs/Mahomes out of a bye week who are practically undefeated coming out of bye weeks. Chiefs have obviously had our number for years and matchup very well against us, especially without PS2 locking down their only elite WR threat. We're not the best against TE in the pass game so Kelce is definitely a threat as well.    
   
And I can not stress this enough, but this is also a must win game for the Chiefs. If they lose, then they are way behind in the division and will find themselves fighting for a playoff spot.  
   
If the Broncos lose (as apparently they're supposed to) then we can expect a tidal wave of ""frauds"" ""overrated"" etc. to head our way. But if we win, after this stretch of games, then this would be one of the all time great runs in Broncos history, and with a team that wasn't supposed to be this good yet.   
    
The future is very bright, finally, but this game is going to be insanely exciting to watch. I Bolieve!",15243.0,positive,0.077,0.752,0.172,0.9805
1owa8wn,1763061651.0,126,0.95,12,,Denver Broncos Week 11 Matchup Doodle :) ,1556.0,neutral,0.0,0.667,0.333,0.4588
1ovqpb4,1763004913.0,740,0.99,172,,[Evans] #Broncos QB Bo Nix spoke for 3 minutes straight today on a question of how he handles criticism. ,126740.0,neutral,0.146,0.758,0.096,-0.25
1ovqj1n,1763004409.0,349,0.97,6,,Who knew you could score in the other 3 quarters of the game? ,2370.0,neutral,0.0,1.0,0.0,0.0
1ovob4e,1762998287.0,129,0.97,30,,this is why we signed lil'jordan. hopefully our screen game takes off ,3879.0,neutral,0.0,0.803,0.197,0.4019
1ovoaya,1762998273.0,269,0.99,9,,"The big D Seriously: if the Broncos D gets a turnover in the red zone, can we just have the defense players stay on the field to get the TD?",2663.0,neutral,0.06,0.887,0.053,-0.0516
1ovn1nr,1762994868.0,448,1.0,22,,In RJ we trust If the reports are accurate. RJ needs to be ready for this. Let RJ loose ✊️✊️,10304.0,positive,0.092,0.677,0.231,0.5423
1ovl8p4,1762990271.0,688,0.98,144,,Excuse me? ,97765.0,neutral,0.0,0.435,0.565,0.0772
1ovjhae,1762986025.0,217,1.0,33,,"Courtland Sutton needs 70 receiving yards to become the 7th player to reach 6,000 with the Broncos Full Broncos receiving yards leaderboard: [https://www.pro-football-reference.com/teams/den/career-receiving.htm#receiving](https://www.pro-football-reference.com/teams/den/career-receiving.htm#receiving)",7378.0,neutral,0.0,0.952,0.048,0.0258
1ovgpj7,1762979829.0,276,0.98,26,,He’s inevitable ,7303.0,positive,0.0,1.0,0.0,0.0
1ovesuy,1762975595.0,892,0.99,214,,"[Schefter] Source: Broncos are signing WR Lil'Jordan Humphrey off the Giants’ practice squad. Humphrey now is returning to Denver, and he is likely to play Sunday vs. the Chiefs. ",189862.0,neutral,0.0,0.921,0.079,0.34
1ove9gb,1762974409.0,1082,0.99,111,,In Rank we Trust ,119972.0,neutral,0.0,0.476,0.524,0.5106
1ovc4t0,1762969913.0,127,0.89,172,,"Chiefs are a great matchup for Denver Does anyone remember Sean Payton saying he loved the matchup vs the Chiefs if they were to beat the Bills in last season's playoffs?  Here's the quote:

* **On the hypothetical Chiefs game:** Payton said, ""There's a lot of confidence in this team that if we could get past that game, the next game we had to play, we felt real good about"".

Since coming to Denver, Sean and VJ have held the queefs to 19, 9, 16 and 0 points.  Haven't scored 20 a single time.

Denver has won only 2 of those however one is a loss where Bo Nix killed the final 5 minutes (on the road) setting up the team for a GW 35 yard FG.  The only ""real"" loss is a Thursday night game (19-8) where Russ had 2 picks, 4 sacks and only 95 yards passing.  And Denver was still within 1 score late in the 4Q.

Since that 16-14 loss (Broncos led 14-3), Denver has gotten better and the queefs, worse.  That game was at arrowhead.  Sunday is in Denver.  

Broncos have won each of the last 2 games queefs have been to Denver.

KC isn't good running the ball and they aren't great at stopping the run and now Pacheco is OUT.  I think VJ is licking his chops this week.  The gameplan has to force them to win via the run.  Broncos have the DB's to overload the back.

Denver has a lot of confidence vs KC and for good reason.  They've had recent success.  Sure, they have caught them banged up with Singleton, PS2, Dobbins, Powers, Adkins all OUT but this is the Dre Greenlaw statement game.  He now has a couple games under his belt and his snap count will be 50+.  This is why he was brought in.  We seen what him and his mate Hufanga can do in the Texans game.

I think Broncos country makes the difference.  They have been waiting for a game like this for 10 years!  I'm getting chill bumps thinking about it.  Can't wait to see what Sean has dialed up.  

In short, the team relishes this matchup.  They are the better team and have home field.  Bring it on. ",19554.0,neutral,0.037,0.856,0.106,0.9707
1ov9ni5,1762964547.0,296,0.99,115,,Week 11 Broadcast Map ,33993.0,neutral,0.0,1.0,0.0,0.0
1ov82pi,1762961043.0,424,0.99,9,,When we're 8-2 and you start having 2015 flashbacks ,4198.0,neutral,0.0,1.0,0.0,0.0
1ousiox,1762912646.0,254,0.98,97,,"Weak Perimeter Blocking Here is another symptom of the screen / swing pass identity. It doesn’t work when your receiving group and tight ends aren’t doing their job on the outside. I love these guys, but if you aren’t pulling your weight by getting separation, or catching the majority of passes, at least have some heart in the run / screen game. ",24394.0,neutral,0.06,0.898,0.042,-0.0387
1ouky4l,1762893879.0,104,0.97,7,,"[Broncos] ILB Alex Singleton discusses successful surgery after testicular cancer diagnosis Here's the full presser from Alex. 

I don't ever want to hear anyone talking shit on this man again. He gives so much to this team man. Absolute all time Bronco.",807.0,positive,0.184,0.74,0.076,-0.6621
1ouk737,1762892143.0,323,0.98,182,,[Chris Tomasson] #Broncos I'm told are considering what to do with running back J.K. Dobbins and his foot injury. I was told placing him on injured reserve is being considered ,57927.0,neutral,0.169,0.831,0.0,-0.6705
1oujeit,1762890400.0,244,1.0,25,,"[Klis] Broncos have released WR/returner Michael Bandy, per source. Hope to bring him back on practice squad if he clears waivers tomorrow ",6344.0,neutral,0.0,0.826,0.174,0.4939
1ou02nr,1762835103.0,1085,0.98,65,,Duality of the NFL ,70178.0,neutral,0.0,1.0,0.0,0.0
1otzyjb,1762834760.0,218,0.98,25,,"Broncos…Eagles… Spider-Man . Gif? The Broncos defense is awesome and their offense is bad. 

The Eagles defense is great and their offense is bad. 

One’s a Super Bowl contender, one’s an up and coming team… ",5555.0,neutral,0.217,0.455,0.328,0.6808
1otyern,1762830166.0,709,0.98,62,,What will be the excuses for the poor prime time performances from the east coast glamour teams tomorrow? ,43774.0,neutral,0.138,0.711,0.151,0.0772
1otw7u0,1762824055.0,323,0.98,111,,COSTCO HAS THEM ,35452.0,neutral,0.0,1.0,0.0,0.0
1otv6xd,1762821300.0,555,1.0,13,,"[Stevens] John Franklin-Myers, Keidron Smith and other Bronco teammates showed up for Nik Bonitto’s annual Thanksgiving food drive. Really cool for teammates to support each other ",7770.0,positive,0.0,0.819,0.181,0.6478
1ottxig,1762818073.0,158,0.89,65,,Does this hat go hard or no? ,9281.0,neutral,0.419,0.581,0.0,-0.3818
1otmuon,1762801775.0,1265,1.0,109,,"[Schefter] After a random drug test two weeks ago, doctors discovered that Broncos LB Alex Singleton had a testicular cancerous tumor that they removed the day after Denver defeated the Raiders on Thursday night football. “The prognosis is excellent for me and my family,”… …” Singleton announced today. “For Broncos fans, I fully expect to return to the field very soon.””",139150.0,positive,0.089,0.854,0.057,-0.25
1otiggj,1762792318.0,553,1.0,78,,"[EssentiallySports] Champ Bailey Says Team Has a Championship Defense, Now It’s on Bo Nix to Finish the Job “I love the old cliche defense wins championships,” Bailey told EssentiallySports.",43687.0,neutral,0.0,0.566,0.434,0.9423
1otht45,1762790890.0,236,0.96,94,,"I guess this is how it feels to be relevant again Like 75% of my sports feed from this weekend currently consists of posts talking about how “The Broncos are the worst 8-2 team in history”. Most of which is rage bait, cherry-picking wins and stats. Can’t help but get a little chuckle over how many people are losing their minds. 

Do we have issues on offense and coaching? You bet. But no team has ever had a flawless season. 

See y’all in the playoffs. ",21523.0,positive,0.137,0.727,0.136,-0.0102
1ot0xqu,1762738324.0,513,0.99,16,,"Still 8-2 (my coloring page!) I started this on Thursday night. It’s meant to be a scary movie coloring page, but this seemed more appropriate for the game!",8634.0,neutral,0.097,0.903,0.0,-0.3987
1osqaf5,1762711857.0,600,1.0,27,,[Stevens] SACK ALLEN Zach Allen has at least 0.5 sack in six-straight games. His 6 sacks on the season lead the NFL among interior defensive lineman. ,16800.0,neutral,0.0,0.956,0.044,0.0258
1osq1fk,1762711280.0,157,0.97,27,,Bowling alley in Dublin has exactly 2 NFL photos ,4264.0,neutral,0.0,1.0,0.0,0.0
1osm5ql,1762702127.0,661,0.97,91,,Ahem… ,58988.0,neutral,0.0,1.0,0.0,0.0
1osketa,1762697636.0,238,0.98,35,,Elite thrift store find Super Bowl 32 hat,8397.0,positive,0.0,0.642,0.358,0.5994
1osigkd,1762692323.0,108,0.93,132,,"Bo Nix v other NFL starters after 27 starts https://preview.redd.it/lry0r09j580g1.png?width=979&format=png&auto=webp&s=61569956537319e2dbbc9e367e55cf43a0dbc813

There have been a few comparisons on here of Nix stats to HoF QBs but I think its more meaningful to compare Bo's first 27 starts to other current starting QBs who started their career in the past 10 years. (Stats from pro football reference). The table is sorted by TDs.

Bo's stats hold up pretty well across the board apart from yards per attempt which I guess is a function of our heavy screen-based game.

A few other things stand out:

\- Love throwing more TDs than Lamar who had an MVP year and led the league in passing TDs during that spell.

\- Bo's 18-9 record is bettered only by Mahomes and Lamar although it's tied with Dak and surprisingly Tua.

\- Allen's completion rate and low TD rate. At this stage of his career he was still considered a potential bust. His stats were almost identical to Mitch Trubisky who I didn't include in the table as he's not a current starter.

\- Stroud is basically Dak, despite a couple of years ago being talked of as the best rookie QB ever.

\- Lawrence's awful start given his status as a generational talent like Elway/Manning/Luck.",13359.0,neutral,0.03,0.83,0.141,0.9799
1os9w43,1762662144.0,123,0.96,18,,"NFL fines Texans LB Azeez Al-Shaair, again This was for the play when he blew up Dobbins (which should never have been thrown to him but that's beside the point)",2244.0,neutral,0.0,0.945,0.055,0.1779
1os7mn1,1762655217.0,453,0.97,91,,"I’m going to throw out a wild theory: Both guys have had rough spots. Both guys have had bright spots. Neither is wholly at fault, neither is as bad as it seems. Both are going to improve. That’s my theory. It’s not one or the other. ",40426.0,neutral,0.052,0.783,0.165,0.714
1os6udp,1762652906.0,401,0.95,86,,"Bo Nix leads the NFL with 4 game winning drives Defense wasn't on the field when Bo led those winning drives.

He has the best 4Q stats vs any other QB in the league.

Give the kid a chance to go win the game and he's going to deliver.

Oh yeah, he's also tied for 1st with 21 total TDs.

Broncos county has a gem!",33143.0,positive,0.061,0.678,0.261,0.932
1os1zh5,1762639696.0,237,0.98,119,,"How does the 2025 defense compare to the 2015 defense? In my opinion, the pass rush is far superior this season than in 2015 and I’d give the 2015 secondary the edge over 2025",27871.0,neutral,0.0,0.827,0.173,0.6705
1os1fm1,1762638270.0,156,0.95,47,,"Revisiting the last 8-2 Denver Broncos team Most Bronco fans who have been fans for at least a decade and who is over the age of 16 or so remember this season well, but not sure everyone remembers what the perception of the team was before you knew how the season ended. I'm not bringing this up to say this 8-2 team will have the same result (I don't know the future and neither do any of you), but remembering how people felt mid season about that team offers some interesting perspective.

That team started 7-0 and there was plenty of conversation about it being the worst 7-0 team of all time (especially when they were 6-0... the seventh win was perhaps the only impressive win up to that point). Among the wins were two games against mediocre Ravens and Raiders teams where they didn't score an offensive touchdown but won off of clutch defensive touchdowns. They had to go to overtime to beat a terrible Browns team, required 4th quarter comebacks against the Chiefs and Vikings.

They then lost two in a row, including a terrible home loss to the Chiefs which started the horrible streak that lasted until two seasons ago, in which they benched Peyton Manning. Just have to take a moment to consider what a wild situation that was, a 7-2 team benching their HOF starting QB. The next game with Brock Osweiler starting they squeaked out a win against the Bears to get to 8-2. This was in the Reddit era, so you can probably go back and look at the kinds of posts people were making about the team.

It didn't stop at 8-2 either, they had more bad losses including to the Raiders at home, but they still had a chance to clinch home field advantage for the playoffs on the last game of the regular season, a home game against a 4-11 Chargers team. And they nearly blew it... Osweiler was benched for Manning and they managed to pull it out. They finished the regular season with home field advantage, having benched their starting QB twice, and probably had two impressive wins all season.

Again, the point is not to suggest this 8-2 team is going to win the Super Bowl, it's just that a lot of fans tend to hyper focus on what happened lately, when it is often not a great predictor of the ebbs and flows of the course of the season and the playoffs. Not many people were confident about the 2015 Broncos in the regular season. Yet they scrapped their way to enough wins to get home field. This team has a chance to do the same, and you never know what will happen in the playoffs.

The big difference between this team and that team is that this is a younger team with a QB at the start of his career instead of at the end. This team's window is opening where as that team's window was closing. There really isn't that much reason to feel worse about this team than people felt about the 2015 regular season Broncos.

TLDR; A lot of fans also felt bad about the last 8-2 Broncos team that happened to win the Super Bowl that season.

EDIT: Some of you guys are proving exactly how much is forgotten about the 2015 season, which just proves my point. Reactionary fans never see the forest for the trees ",7114.0,neutral,0.078,0.784,0.138,0.9915
1orzkwc,1762633579.0,784,0.99,22,,😠 ,17852.0,negative,0.0,0.0,0.0,0.0
1orz1if,1762632220.0,107,0.97,5,,Nice we won ,623.0,positive,0.0,0.133,0.867,0.7579
1orwda3,1762625757.0,241,0.98,10,,Me watching the Broncos every week 8-2 Let’s Ride,2598.0,positive,0.0,1.0,0.0,0.0
1orvxrc,1762624767.0,960,0.97,150,,"Let yourselves enjoy this. Message from a Saints fan. As a longtime Saints fan I can tell you this is what it’s like when Sean Payton changes a losing culture into a winning culture. You are so used to losing and being disappointed that you can’t adjust. It’s like coming out of being in an abusive relationship for years so you start taking it out on everyone else. Yeah you won but you didn’t win good enough, okay you broke a record but you didn’t break it with enough style points. Yeah you’re at the top of the league but do you really deserve to be there? Then one day you look in the mirror and realize you look like a Falcons/Raiders fan and you’re going to look back and realize you were so worried about what was in the rearview mirror that you missed out on just enjoying the ride. 

With the Saints we had Drew Brees. Ya’ll have a second year QB in Nix. We had a crappy defense, ya’ll have a great defense. The difference is Nix is going to keep getting better, it took us until our 4th season under Payton to get a serviceable defense to get to the Super Bowl. If you want to know how important the culture shift is just look at us since Payton left. 

The important thing is that everyone else in the league is going to talk smack and point out every single flaw they can find and why you don’t deserve to be winning, we went through that too. At the end of the day though you’re 8-2 the top of the freaking league coming off one of the hardest time schedules in NFL history. As Payton always used to say good teams find a way to win no matter what the score is and that’s what winning cultures do. It’s football not every game is going to be pretty, it’s better to win ugly than lose pretty. Just enjoy the ride and don’t worry about what the rest of the league or media says, screw em this is about your team, your time, and the memories you get to have as Broncos fans.

So from a lifelong Saints fan; congratulations I’m happy for you guys and you deserve this, now just let yourselves enjoy it. The future is bright. ",140611.0,positive,0.087,0.647,0.266,0.9981
1orumfx,1762621563.0,561,0.98,46,,Saw a dude at Casa Bonita yesterday with a great shirt. You just gotta... ,25840.0,neutral,0.0,0.728,0.272,0.6249
1orttt9,1762619645.0,200,0.98,12,,The Mastermind of Sean Payton ,2548.0,neutral,0.0,1.0,0.0,0.0
1orsgb7,1762616316.0,144,0.88,117,,I still believe I still believe in you bo nix. Everybody thinks you are bad or regressing. I personally think it's just a bad season at the moment even though we are winning. I know you have potential to be a great QB. I believe the offense will get better just when we need it. I BOlieve it. Sincerely a Bronco fan. #fuckthechiefs #fucktheraiders #fuckthechargers,14953.0,positive,0.124,0.659,0.217,0.7783
1orro4j,1762614393.0,519,0.99,47,,"During their NFL-best seven-game winning streak, the Broncos' seven wins in a 39-day span tie the 1973 Dolphins and 2021 Packers for the most in the NFL since 1935, per @EliasSports. ",24663.0,neutral,0.0,0.798,0.202,0.7964
1orrdep,1762613668.0,134,0.96,41,,"7 games in 39 days = an nfl game every 5.5 days Despite how bad we’ve looked seeing the past 2 weeks, this stat eased me a little bit. Which includes a trip to Philly, Houston, and England, our Monday and Thursday night games as well all before our bye week. This is a ton of football with 0 routine for timing. So proud of this team it’s gotta be hard af",5403.0,positive,0.019,0.834,0.147,0.8459
1oroskf,1762606739.0,195,0.96,90,,"A little perspective after a sloppy win People don't realize how difficult this stretch is. Beat the #1 offense, the #1 defense, and the undefeated defending champs on the road. Played in London. Beat a division opponent on a short week after a physical road win. 8-2. Best record in the NFL.",17035.0,positive,0.032,0.633,0.335,0.9559
1ore24m,1762569858.0,144,1.0,4,,Time capsule to a different era Saved this many years ago and my father just found it in a box of my things he still had. Go Broncos!,720.0,positive,0.0,0.89,0.11,0.4753
1or9nq5,1762557728.0,492,1.0,43,,This defense is making history🏔️🏈 This D is RIDICULOUSLY GOOD🏈💪🏽 ,21648.0,positive,0.269,0.602,0.129,-0.3885
1or9mph,1762557656.0,105,0.96,15,,More locker room love after a HUGE win against the Raider🏔️🏈 ,1613.0,positive,0.0,0.383,0.617,0.9061
1or916z,1762556180.0,265,0.9,70,,you know your nfl team has made it when people start calling them frauds 🥹 yes there are some concerns with the offense i agree but oh my gosh you guys need to live a little. we are 8-2 and on top of the league. a few years ago we would be called poverty. now they are calling us frauds! enjoy it while it lasts!!,16934.0,positive,0.175,0.693,0.132,-0.6515
1or8tvm,1762555681.0,449,0.88,227,,"Sean Payton held back for next week It was clear Sean started planning for the Chiefs the second Denver beat the Texans.

He made a vanilla game plan knowing the team would win off talent alone.  Didn't expect it to be a 10-7.  Didn't expect Crawshaw to have his worst game.  Nonetheless, he saved everything for week 11.  Was it genius or idiotic?  

Marvin Mims was ready to go but he held him out.  Denver now gets to blow their entire load vs the Chiefs and have a week off afterwards.

Bo Nix will run.  Mims will be a joker.  Look for Harvey to be used exotically.  Right now, Sean is going through thousands of plays.  This is the STATEMENT game.

I bet Kansas City was watching last night, gaining confidence, thinking this is the team they are getting.  

He knows a win next Sunday, gives the Broncos a 3.5 game lead for the division (with 6 to play) which guarantees a home playoff game.  Denver will beat the Jags/Raiders/Commanders.

That leaves them with a minimum of 12 wins.  Get ready to see who the Denver Broncos are!",90087.0,positive,0.031,0.794,0.175,0.9828
1or7hun,1762552442.0,328,0.96,118,,[Underdog] Troy Franklin has just 6 less targets than Jaxon Smith-Njigba this season. Franklin has 523 less receiving yards than JSN. ,37471.0,neutral,0.0,1.0,0.0,0.0
1or6fzg,1762549921.0,189,0.97,10,,"Dondrea Tillman is the Joker we've been looking for I sat through every play of last night's game. I slept on what I saw, digested it, stared it straight in the eye. The takeaway is undeniable: Dondrea Tillman should be our Joker. 

  
We've now seen him with the ball in his hands twice in the last few weeks, and he's been absolutely electric both times. And I'm not suggesting that we fully take him out of the rotation on defense, just that we get him 9 to 14 schemed touches per game on offense. If Deion Sanders, Travis Hunter, and Shohei Ohtani can play both ways, there's no reason to think Tillman can't too. PFF clearly agrees--they've graded him at 92.6 as a runner, behind only Rico Dowdle.

It's been Dondrea the whole time.",2017.0,positive,0.047,0.872,0.081,0.4102
1or61nb,1762549000.0,485,0.99,53,,[JK] BAN OR ATLEAST CALL THE MUTHER FUCKIN HIP DROP TACKLE! ,25928.0,neutral,0.4,0.6,0.0,-0.7177
1or4b0u,1762544945.0,139,0.99,75,,"[Pelissero] Broncos RB J.K. Dobbins suffered a foot injury on what appeared to be a hip-drop tackle Thursday night against the Raiders and is awaiting a second opinion, per source. Dobbins still finished the game with two carries in the final drive to close out the win. ",10458.0,neutral,0.118,0.807,0.075,-0.296
1or3men,1762543339.0,407,0.89,158,Misleading,"Bo Nix ranks #1 overall with 21 TDs Nobody has more than Bo.  

Drops and penalties are holding the kid back but all he does is keep winning and putting up historic stats.  The ceiling is going to be scary.

(tied with Stafford/Mahomes)",57595.0,positive,0.086,0.822,0.092,0.0772
1oqz1ai,1762533022.0,127,0.94,9,,Broncos Country temperature check Got ,1194.0,neutral,0.0,1.0,0.0,0.0
1oqyz0w,1762532876.0,217,0.98,56,,"[Stevens] In filling Pat Surtain’s role, Kris Abrams-Draine played in 78% of the Broncos’ defensive snaps, while Jahdae Barron only played in 33%. ",12122.0,neutral,0.0,0.772,0.228,0.5994
1oqyllq,1762532038.0,479,0.92,193,,"Reminder: this team is in the middle of a rebuild We're not supposed to be breaking all the 2013 offensive records like you guys seem to think we should be.  We're 8-2 at the top of the league and you guys are acting like we're 2-8.   
   
Beating 7 NFL teams in a row - including the reigning SB champs - is a huge accomplishment for any team.  Try to relax and enjoy the ride we're on.  If you find yourself feeling nothing but doom and gloom right now, you're probably in the wrong fan base and should go back to Raider Nation where you belong.  At least they are actually 2-8 (or will be next week).",85492.0,positive,0.101,0.746,0.152,0.1373
1oqw2qk,1762526235.0,1484,0.99,51,,The rest of the AFC watching the Broncos win another shitty-ass Thursday night game. ,76396.0,negative,0.0,0.774,0.226,0.5859
1oqw0t1,1762526110.0,353,0.97,223,,"Nix, J.K. Unhappy with Offense I am glad the players are starting to speak up. This has been a week in week out problem that people seem to keep brushing under the rug. Our offense is trash and there is no excuse or covering it up. 

",76700.0,negative,0.221,0.698,0.081,-0.7506
1oqv2bm,1762523795.0,194,0.89,162,,"Let’s all remember. Bo is still only a 2 year pro I know we have high expectations, especially myself as an Oregon boy but let’s chill and remember, he was like the 5 qb in that draft and nobody expected him to perform as well as he has. That being said. Go broncos! 8-2 baby. ",28144.0,positive,0.0,0.888,0.112,0.7345
1oquhq2,1762522317.0,441,0.97,17,,Cowboys fan saying thanks Got to see the moment of silence yalls team held for the passing of Marshawn Kneeland and just wanted to say you guys are some of the classiest and respectful folks.  I shed a tear watching it and not only is your team good people but anytime I've interacted with Bronco fans it's been awesome.  So thank you to your team for showing some shots bigger than football and thanks to you guys for always being an awesome group of folks.,7700.0,positive,0.0,0.74,0.26,0.9785
1oqtmtq,1762520059.0,221,0.92,242,,[Chase Daniel] Bo Nix isn’t seeing it right now…stuff is open. He’s in a hurry for no reason & ball is dying on him on all throws to perimeter ,49407.0,neutral,0.078,0.922,0.0,-0.296
1oqm65t,1762493661.0,322,0.99,120,,[Hartitz] Bo Nix and Troy Franklin have connected on 2 of 24 targets (8.3%) thrown 30+ yards downfield over the past two seasons. The worst catch rate in the NFL. ,38572.0,neutral,0.128,0.872,0.0,-0.6249
1oqlrts,1762492312.0,185,0.98,117,,[Stevens] Sean Payton said he was looking at the wrong side of the 3rd down list throughout the game. Added he needs to be better. ,21393.0,neutral,0.107,0.793,0.1,-0.0516
1oqlig2,1762491488.0,830,0.99,39,,"""technically"" is the best kind of correct ",32868.0,neutral,0.0,0.588,0.412,0.6369
1oql5da,1762490287.0,392,0.99,28,,Another one ,11254.0,neutral,0.0,1.0,0.0,0.0
1oql2qe,1762490053.0,131,0.8,153,,"Sean Payton What is Sean Payton doing wrong? He handcrafted this team and it cannot execute. No matter how you slice it, the issues fall at his feet. The most penalized team in the nfl, an offense that is completely inept for long stretches of games, and special teams that regularly tries to lose games. The defense has its own head coach and they’re the one unit consistently kicking ass. 

I’m tired of the smug attitude like he’s gods gift to football. He has done amazing things for this team but he’s not immune from criticism. They have 10 days before the chiefs and a bye week. Sean has to show that this offense can perform regularly. If we have a lack of weapons, he’s the one who picked them out. 

I love this team and cannot believe they’re 8-2. I would be sick to see a championship defense completely wasted. ",16139.0,negative,0.174,0.68,0.147,-0.7101
1oql2pd,1762490050.0,1861,1.0,117,,This man has redeemed himself many times over. ,219598.0,positive,0.0,0.753,0.247,0.3182
1oql1tl,1762489971.0,112,0.96,19,,We have the best record in the NFL. HOW?!?! ,2150.0,positive,0.0,0.609,0.391,0.7306
1oql1sg,1762489968.0,352,1.0,24,,Insane stat ,8800.0,neutral,0.73,0.27,0.0,-0.4019
1oql06q,1762489830.0,226,0.92,67,,"I don't care how ugly it was, this feels pretty nice after what we've endured over the majority of the last decade. https://preview.redd.it/x5kh76sqirzf1.png?width=898&format=png&auto=webp&s=44ecd0ce8e5a8fbaa797e6630d21af43ac484469

",14139.0,positive,0.09,0.614,0.297,0.7248
1oqkzmv,1762489780.0,401,0.99,695,Game Thread,"[Post Game Thread] Denver Broncos (8-2) defeat Las Vegas Raiders (2-7) 10-7 Apparently even the auto mod was disgusted with that game and wants no part of it so I guess I’ll make the thread? 

What a truly awful game. ",276305.0,negative,0.244,0.695,0.061,-0.8271
1oqkvxy,1762489458.0,1296,0.98,188,,8-2 ,240045.0,neutral,0.0,1.0,0.0,0.0
1oqkt63,1762489221.0,107,0.92,31,,BEST RECORD IN THE NFL BABY ,3150.0,positive,0.0,0.543,0.457,0.6369
1oqjxad,1762486515.0,194,0.98,3,,Jersey of the year ,760.0,neutral,0.0,1.0,0.0,0.0
1oqijo1,1762482494.0,1092,0.99,39,,I feel like this is Vance Joseph every half time ,43243.0,neutral,0.0,0.762,0.238,0.3612
1oqic4w,1762481891.0,361,0.97,19,,Please Please,7003.0,neutral,0.0,0.0,1.0,0.5574
1oqgoma,1762477311.0,131,1.0,14,,Throwback Thursday!! ,1965.0,neutral,0.0,1.0,0.0,0.0
1oqfn7t,1762474542.0,150,0.99,12493,Game Thread,"[GAME THREAD]: Denver Broncos (7-2) vs Las Vegas Raiders (2-6) ###Week 10
 
**[](/DEN) Denver Broncos (7-2) @ [](/LV) Las Vegas Raiders (2-6)**
###
 
---

# [GAME PREVIEW](https://www.youtube.com/watch?v=k-LXfPRyZtw)

---
 
#WEATHER/BROADCAST
 
8:15pm ET | 7:15pm CT | **6:15pm MT** | 5:15pm PT / Empower Field at Mile High Stadium
 
[Weather Forecast](https://weather.com/weather/hourbyhour/l/3f345b93f02bdea125a122a4798a6b17174a3153bb0f45b4d5238343613d7368)
 
- TV | [](/PRIME) Amazon Prime | Al Michaels, Kirk Herbstreit, Kaylee Hartung

- [Streaming on Twitch (free!!) & available on ABC7 Denver](https://www.reddit.com/r/DenverBroncos/comments/1oovyen/if_you_are_in_denver_a_reminder_that_thursdays/)
 
- [Check to see what game is on in your area](https://506sports.com/)
 
- Local Radio (**KOA - 850 AM/94.1 FM & The Fox - 103.5 FM:** )
 
^(***KOA broadcast only works on desktop, not mobile.***)
 
 
---
#INJURY
 
[](/DEN) [**DEN Injury Report**](http://www.denverbroncos.com/team/injury-report.html) | [](/LV) [**LV Injury Report**](https://www.raiders.com/team/injury-report/)
 
---
 
#NEWS
 
---
#AROUND THE AFC WEST
 
Team |  | Opp. | Date | Time/Score
----|---|----|----|----
[](/r/chargers) LAC | | [](/PIT) PIT |11/9 [](/NBC) NBC| 6:20pm
[](/r/kansascitychiefs) KC | |BYE | BYE |
[](/r/raiders) LV |@ |[](/DEN) DEN |11/6 [](/PRIME)| 6:15pm


---


#GOING TO THE GAME? [Consider parking at Lake Middle School!!](https://www.reddit.com/r/DenverBroncos/comments/1onhht2/important_information_for_parking_at_lake_middle/)


 ---
 
#THREAD NOTES
 
This thread is ***specifically geared toward Broncos fans***. 
 
***Pick your flair*** in the sidebar. 	
 
Subscribe to **/r/denverbroncos**",1855359.0,neutral,0.042,0.947,0.01,-0.7527
1oqff1w,1762473963.0,267,1.0,4,,Let’s gooooo First home game this year. So stoked! ,1335.0,positive,0.0,1.0,0.0,0.0
1oqduc8,1762470042.0,278,0.99,17,,"hate, hate, double hate the raiders ftr",4954.0,negative,0.735,0.265,0.0,-0.9022
1oqdf38,1762468986.0,173,0.97,25,,Happy early birthday to myself! ,4363.0,positive,0.0,0.501,0.499,0.6114
1oqcmt7,1762467069.0,213,0.91,166,,Fanduel's Denver Broncos Top 10 Players of All Time. ,32370.0,neutral,0.0,0.816,0.184,0.2023
1oqbnmw,1762464793.0,126,0.98,32,,[Stevens] Marcedes Lewis is one again being elevated to the Broncos gameday roster for tonight’s game against the Raiders. Broncos also elevating CB Reese Taylor. ,4075.0,neutral,0.0,1.0,0.0,0.0
1oqalsm,1762462415.0,563,0.99,16,,GO BRONCOS -- FTR ,9475.0,positive,0.0,1.0,0.0,0.0
1oqa6dk,1762461402.0,141,0.99,68,,[Klis] Broncos are promoting WR/punt returner Michael Bandy to their 53-man roster per source. He takes spot vacated by J.T. Gray release. ,9632.0,neutral,0.0,0.894,0.106,0.3612
1oq0ua6,1762440427.0,229,0.99,20,,GAMEDAY #FTR ,4761.0,positive,0.0,1.0,0.0,0.0
1opwbiq,1762428076.0,103,0.99,25,,Rushing leaders among the Class of 2025 after nine weeks of action ,2651.0,neutral,0.0,1.0,0.0,0.0
1optsgd,1762418741.0,178,0.94,44,,The bar I worked at for 16 years switched to being a Raiders bar Man this hurt. We were always a Colorado team based bar. I just found out they are having a Raiders party. Blasphemy. ,7529.0,negative,0.112,0.812,0.076,-0.3182
1oprh90,1762409979.0,152,0.98,15,,"4 year old me is screaming Went to Shanahan's and got to hold the 32 Lombardi (exact replica made by the NFL)

Pretty sure I saw Shanahan walking out with Peggy after a meal too. Maybe I did, maybe I didn't but it looked like them so I'm just gonna believe it was them.

God damn what an experience.",2383.0,positive,0.085,0.762,0.153,0.5106
1opq3mo,1762405357.0,547,0.94,71,,FTR!! Out for dinner with the wife on our honeymoon and look who’s sitting at the table next to us… was on best behaviour and didn’t shout anything at him! ,37021.0,neutral,0.0,0.851,0.149,0.7249
1ophvjh,1762382800.0,490,1.0,294,,2 months into the season who’s impressed you the most so far? Mine has been dobs been absolutely solid and it’s nice to have a run game with him and Harvey as 1-2 combo ,144550.0,positive,0.0,0.788,0.212,0.7778
1oph0nz,1762380813.0,151,0.99,21,,[Klis] #Broncos hosted a visit with former Bronco WR Jalen Virgil today. ,3289.0,neutral,0.0,1.0,0.0,0.0
1opgc3y,1762379248.0,119,0.93,6,,"Aww, the Denver Broncos??? ",775.0,neutral,0.0,1.0,0.0,0.0
1opfde9,1762377092.0,214,0.99,79,,Game Preview Picks Week 10 vs Raiders FTR,16949.0,neutral,0.0,1.0,0.0,0.0
1opaql3,1762366950.0,158,1.0,52,,Preliminary map of Burnham Yard area submitted today Via Peter Gabriel from the Denver Post,8374.0,neutral,0.0,1.0,0.0,0.0
1opaml0,1762366720.0,140,0.92,148,,"Of all the AFC teams currently in a playoff position, the Denver Broncos have the lowest strength of victory. In fact, they have the 2nd lowest strength of victory in the entire conference. ",19191.0,neutral,0.131,0.707,0.162,0.296
1oovyen,1762325364.0,178,0.97,19,,"If you are in Denver, a reminder that Thursday's game will be aired for free on Channel 7 at 6:15 PM. ",3453.0,neutral,0.0,0.845,0.155,0.5106
1oottbo,1762317962.0,119,0.92,4,,Decided to draw bo nix ,547.0,neutral,0.0,1.0,0.0,0.0
1oot80i,1762316080.0,114,0.96,33,,Nix - week 9 passing chart 4/14 on passes over 10 yds. ,3721.0,neutral,0.0,1.0,0.0,0.0
1oonztd,1762301534.0,142,1.0,36,,Tuesday injury report ,5254.0,neutral,0.583,0.417,0.0,-0.4215
1ookkc9,1762293290.0,360,0.99,217,,[Stevens] Sean Payton said no trades were close today: “That’s just how it turned out” ,77695.0,neutral,0.136,0.864,0.0,-0.296
1oojbvs,1762290362.0,161,0.98,79,,"[Hughes] The #Dolphins did listen to calls for Jaylen Waddle. They wanted a first-round pick plus, I'm told. That was too rich for most receiver-needy teams. ",12622.0,neutral,0.0,0.87,0.13,0.5574
1ooj9z7,1762290246.0,497,1.0,31,,[PFF] Garrett Bolles got the job done against the Texans' elite edge rusher duo ,15904.0,neutral,0.0,1.0,0.0,0.0
1oofq0d,1762282278.0,116,1.0,15,,Dave Logan 600 games and counting The best,1856.0,positive,0.0,0.625,0.375,0.6369
1ooee0f,1762279430.0,138,0.98,56,,"[Gabriel] Another deadline consideration for the #Broncos, particularly if you're thinking about potentially splashy moves: NFLPA data has Denver at $4.62 million in cap space. So taking on any meaningful salary would likely require moving money around/creating room/shedding salary, etc. ",7709.0,neutral,0.0,0.944,0.056,0.3182
1ooe34v,1762278777.0,217,0.98,22,,Merry early Christmas (to myself) 😅 ,4891.0,positive,0.0,0.533,0.467,0.5423
1ooe0u6,1762278635.0,163,0.97,85,,[Rapaport] Sources: The #Jets are trading Sauce Gardner to the #Colts. Blockbuster. ,13597.0,neutral,0.0,0.738,0.262,0.5994
1oobwdm,1762274009.0,179,0.99,58,,[Schefter] ESPN sources: Raiders are trading WR Jakobi Meyers to the Jacksonville Jaguars in exchange for fourth- and sixth-round picks. ,10455.0,neutral,0.0,1.0,0.0,0.0
1ooazeh,1762272013.0,408,0.98,25,,"Dre Greenlaw is that dog Look at Greenlaw, this dude and Hufanga are going to be incredible for this team down the stretch.",10396.0,positive,0.0,1.0,0.0,0.0
1ooa4hx,1762270078.0,548,0.99,106,,PFT has the Broncos at 2 👀 ,58050.0,neutral,0.0,1.0,0.0,0.0
1oo9z60,1762269743.0,363,0.83,185,,"Bo Nix is better than (young) John Elway Did you see the stats they posted on Sunday’s game, of Elway and Nix’s stats through 25 games? 

I went through and added the latest game and expanded on the stats. Nix’s TD/INT ratio is WAY better. Also discussed this being a different era of football. 

Hope you all enjoy: 

https://www.thebroncosblitz.com/bo-nix-is-better-than-john-elway/

Go Broncos!",56040.0,positive,0.0,0.819,0.181,0.9041
1oo9bzx,1762268275.0,166,0.89,76,,Anyone else over here refreshing Reddit for trade deadline news? C,11376.0,neutral,0.0,1.0,0.0,0.0
1onxfb2,1762228205.0,186,0.94,41,,"Javonte Williams I’m glad he’s doing well with the Cowboys. I wanted nothing more than to be successful and the same runner he was in his rookie year where he had those huge runs breaking 5+ tackles. But it was time to let him go and it was a win-win with us signing JK and drafting Harvey. I hope he hits 1,000 yards this year and keeps balling out over the next few years as long as long he doesn’t do it against us. ",7343.0,neutral,0.0,0.834,0.166,0.9169
1onvus7,1762223650.0,110,0.99,55,,Injury report heading into week 10 ,6098.0,neutral,0.359,0.641,0.0,-0.4215
1ontxok,1762218374.0,141,0.86,29,,Broncos Nation for Life!!! My small Broncos section began at the beginning of the season.  Going to keep adding until we win the Superbowl on February 🏆 Let's go Broncos!!!,3638.0,positive,0.0,0.849,0.151,0.7156
1onndlr,1762202546.0,982,1.0,71,,They’re baaaaccckkkk! And cheers for another win too boot 😁,70704.0,positive,0.0,0.493,0.507,0.8016
1onm6f8,1762199893.0,177,0.99,13,,"Aqib Talib is a fan of Boss Moss ""2️⃣1️⃣ respect 🤝 #broncos #nfl #jersey #shorts"" Me too Aqib. ",2453.0,neutral,0.0,0.722,0.278,0.6597
1onluk9,1762199157.0,156,0.95,42,,"Helmet to Helmet on JK Dobbins I’m not looking to complain, just hoping someone can clear this up for me. With 3:40 left in the 4th quarter, Nix dumped a pass to Dobbins who was immediately tackled by Al-Shaair. To me this looked like helmet to helmet on a defenseless receiver. The broadcast never mentioned it and Denver never complained. Are there different rules for running backs coming out of the backfield? Genuinely curious here. The Texans have a video of the hit on their website. ",6373.0,neutral,0.065,0.756,0.178,0.8721
1onkglf,1762196106.0,714,0.99,34,,Pissing the neighbors off out in Texas Go Bronco ,24740.0,positive,0.252,0.748,0.0,-0.4019
1oniwuu,1762192781.0,257,0.99,14,,ITS RAIDERS HATE WEEK ,3816.0,positive,0.552,0.448,0.0,-0.5719
1oni2j5,1762191016.0,403,0.96,31,,"Fourth Quarter Fire (this may be the dumbest thing I've ever spent 2 hours on, go Broncos)",12380.0,positive,0.289,0.711,0.0,-0.6908
1onhol9,1762190181.0,133,0.91,25,,"Raiders ownership appreciation post Because the Raiders are so perennially mismanaged and display consistent poor performance, they have few fans. The implication is that there are always (cheap?) seats available for Broncos COUNTRY. We effectively have one more home game every season.

Thank you for your incompetence, Raiders ownership. 

EDIT: Corrected Broncos Nation to Broncos Country!",3147.0,negative,0.096,0.768,0.135,0.3802
1onhht2,1762189760.0,116,0.97,4,Look Here!,"IMPORTANT INFORMATION FOR PARKING AT LAKE MIDDLE SCHOOL ON 11/6 TNF VS THE RAIDERS. Hey everyone. I woke up to a ton of messages about parking at Lake for TNF and it is easier for me to just make a thread about it.

Yes we are still going to be offering parking for the game, but it is going to be run differently. Not only is it a school day, but we also have a home football game that day. Because of this, I am going to be locking up the main lot until after the football game at about 445-5. 

The MNF went smoothly, but there was no after school activity happening at the same time. I would not show up till about 4:30 and even then I might not be selling spots yet.

Please do not start lining up for spots in the street or anything like that. It is not going to be run like normal so I am going to try to be as flexible as possible. Thank you all for your patience while I navigate the chaos that comes with Broncos vs Raiders.",563.0,neutral,0.04,0.855,0.105,0.8663
1ong8rn,1762187040.0,478,0.99,39,,Broncos are a THREAT ! Raiders hate week starts now ! ,18929.0,positive,0.584,0.416,0.0,-0.8561
1onelo0,1762183377.0,523,0.99,25,,"Riley Moss and Co. 🤑 Hell yea to our entire defense against the Texans this week! Multiple men stepping up in the absence of PS2. Man oh man. Ugly, gritty, massive win. How about those goal line stands!! Let’s go Broncos! Seven in a row y’all! 🔷🔶🔷🔶",13462.0,positive,0.164,0.74,0.096,-0.6973
1onegah,1762183034.0,198,0.99,71,,"[Stevens] Sean Payton stated special teams coaching is ""outstanding"" Added the issues are with players not being on the field or being late on the field. ""Is that crystal clear"" ",14113.0,neutral,0.0,0.841,0.159,0.6486
1onc3v3,1762177435.0,178,0.99,854,Look Here!,[MEGA THREAD] Trade Deadline Wanna blindly speculate on trade targets? This is the place! Wanna get excited about trade? This is the place! Wanna bemoan a missed opportunity? This is the place!,150668.0,neutral,0.06,0.761,0.18,0.6615
1onb67w,1762175010.0,609,0.99,89,,AFC Playoff Picture ,54262.0,neutral,0.0,1.0,0.0,0.0
1ona466,1762172023.0,134,0.99,28,,WAKE UP BRONCOS COUNTRY IT'S RAIDERS HATE WEEK ,3847.0,positive,0.346,0.654,0.0,-0.5719
1on1x87,1762142140.0,208,1.0,44,,"A player that I am excited for going forward is Pat Bryant I honestly did not love the draft pick at the time because from watching his tape/highlights, he did not look like he got a lot of separation. He almost looked more like a Liljordan Humphrey clone. 

But watching him play the past couple of weeks, he has pretty good hands, blocks hard, and plays smart and all the coaches including Sean Payton love him for a reason. 

George Paton's draft picks usually take a few years before they develop into being a really good player too, example like Nik Bonnito and Riley Moss. I think with this in mind, Pat Bryant has a potential to be a future #1 WR on this team.",9360.0,positive,0.117,0.706,0.177,0.8857
1on194d,1762140088.0,157,0.99,15,,"Only Two Teams with Six Game Winning Streak as of Nov 2 2025 As of November 2, 2025, two NFL teams have won six consecutive games: the Denver Broncos and the New England Patriots. 
",2487.0,neutral,0.0,0.814,0.186,0.7964
1on0tzo,1762138829.0,110,0.98,6,,What a great day in Houston! Broncos Country SHOWED up today! Shoutout to the fans I met in section 139 and at the bar afterwards. ,755.0,positive,0.0,0.824,0.176,0.6892
1omzp6n,1762135536.0,345,1.0,6,,I've Been Waiting Years For This SEVEN AND TWOOOOO!!!!,2415.0,positive,0.0,1.0,0.0,0.0
1omz28j,1762133741.0,414,0.99,12,,It’s been fun Texas… ,5328.0,positive,0.0,0.476,0.524,0.5106
1omye05,1762131828.0,505,0.95,201,,"Bo Nix is 2nd in the NFL with 17 TD passes Only Herbert has more.

All this sub will do is rip Nix.

54 TDs through his first 26 games.

Only Lamar, Josh, Baker and Goff have more over that span.

Kid is elite.  Top 10 QB.  Only getting better and a franchise guy.

You fans are going to be mad mad because Nix is staying here for 10 years.",96910.0,positive,0.084,0.854,0.062,-0.4019
1omxssz,1762130200.0,351,1.0,25,,Broncos gave Houston the D🏔️🏈 NO TD’s ALLOWED💪🏽 ,9126.0,positive,0.295,0.705,0.0,-0.4466
1omxong,1762129880.0,212,0.98,31,,Right where we belong ☺️ ,6648.0,positive,0.0,1.0,0.0,0.0
1omxo84,1762129848.0,909,0.99,68,,Why tf did I take this job to coach this sorry ass franchise ,62094.0,negative,0.328,0.672,0.0,-0.596
1omwi70,1762126693.0,448,1.0,45,,"Can we give Crawshaw some love? Dude was BOOMING it all game! Average 53.5 with a long of 76. I know many of us were iffy after his preseason performance, but the guy has been kicking so well.",20608.0,positive,0.0,0.839,0.161,0.7582
1omwatz,1762126146.0,356,0.99,19,,Locker Room Love after a BIG WIN🏔️🏈 ,7049.0,positive,0.0,0.543,0.457,0.6369
1omvfds,1762123854.0,242,1.0,8,,Walk off Wil with the W🏔️🏈 ,2178.0,positive,0.0,1.0,0.0,0.0
1omumu2,1762121805.0,912,0.99,95,,Feels good to be the 2nd best team in the league so far 7-2 only second to Indy Gatta love it here’s to many more victories no matter how much we get stressed out about it 😂 go broncos! ,86676.0,positive,0.098,0.642,0.26,0.8433
1omtz5c,1762120171.0,387,1.0,72,,[Gabriel] Payton on a bad day on special teams: “We’ll get that cleaned up or we’ll find somebody that will.” ,28251.0,neutral,0.151,0.733,0.116,-0.2023
1omtnpq,1762119389.0,758,0.98,21,,Us all season long ,16342.0,neutral,0.0,1.0,0.0,0.0
1omtn51,1762119352.0,680,1.0,530,Look Here!,[POST GAME THREAD] Denver Broncos @ Houston Texans We’re going streaking,361080.0,positive,0.0,1.0,0.0,0.0
1omthae,1762118961.0,166,0.99,7,,I love you I love you I love you will Thank god for Will Lutz,1315.0,positive,0.0,0.289,0.711,0.9531
1omth0f,1762118942.0,564,1.0,14,,"Death, Taxes and the 4th Quarter of a Broncos Game ",8460.0,neutral,0.328,0.672,0.0,-0.5994
1omtgjp,1762118910.0,197,0.97,9,,What a win!! 7-2 feels good! ,1911.0,positive,0.0,0.284,0.716,0.8213
1omtep9,1762118787.0,199,1.0,22,,"[Highlight] Broncos win on last-second field goal, score 11 points in 4th quarter for another comeback ",4577.0,positive,0.0,0.798,0.202,0.5859
1omtec1,1762118761.0,844,1.0,34,,Win🏔️🏈 ,29540.0,positive,0.0,1.0,0.0,0.0
1omtcmf,1762118646.0,1234,1.0,168,Highlights,[Highlight] Wil Lutz hits the 34-yarder and Broncos come back to win again! ,208546.0,positive,0.0,0.746,0.254,0.6239
1omt8qn,1762118391.0,433,1.0,37,,[Highlight] Bo Nix scrambles for 25 yards ,16454.0,positive,0.0,1.0,0.0,0.0
1oms8s2,1762116029.0,157,1.0,3,,[Highlight] Bo Nix hits RJ Harvey for the 27-yard touchdown! ,628.0,positive,0.0,1.0,0.0,0.0
1omrdie,1762114000.0,124,0.83,40,,"Special teams coach need to go! Blocked field goal, dropped punt, bad kickoff reception (caught on, not in end zone) and bad punt coverage. ",4220.0,negative,0.293,0.623,0.084,-0.7712
1ompzfb,1762110744.0,314,0.99,7,,[Highlight] Bo Nix down the sideline to Courtland Sutton for a 30-yard TD ,2487.0,positive,0.0,1.0,0.0,0.0
1omnqqp,1762105486.0,242,0.97,9,,GO BRONCOS! Lilys ready for a good Broncos game and she does Bo-lieve!,2347.0,positive,0.0,0.626,0.374,0.717
1ommmni,1762102903.0,141,0.98,8871,Game Thread,"[GAME THREAD]: Denver Broncos (6-2) @ Houston Texans (3-4) ###Week 9
 
**[](/DEN) Denver Broncos (6-2) @ [](/HOU) Houston Texans (3-4)**
###
 
---

#[Game Preview](https://www.youtube.com/watch?v=ogBJ2isVnnw)

---
 
#WEATHER/BROADCAST
 
1pm ET | 12pm CT | **11am MT** | 10am PT / NRG Stadium
 
[Weather Forecast](https://weather.com/weather/hourbyhour/l/da00666b99e29819289c87a0c1e7c4813ce274131a5131564adbb59caf76fcfe)
 
- TV | FOX [](/FOX)
 
- [Check to see what game is on in your area](https://506sports.com/)
 
- Local Radio (**KOA - 850 AM/94.1 FM & The Fox - 103.5 FM:** )
 
^(***KOA broadcast only works on desktop, not mobile.***)
 
 
---
#INJURY
 
[](/DEN) [**DEN Injury Report**](http://www.denverbroncos.com/team/injury-report.html) | [](/HOU) [**HOU Injury Report**](https://www.houstontexans.com/team/injury-report/)
 
---
 
#NEWS

[[Pelissero] Back for more: Veteran TE Marcedes Lewis is signing with the Broncos practice squad, sources tell The Insiders. At age 41, Lewis returns for a 20th NFL season as the lone active member of the 2006 draft class.](https://www.reddit.com/r/DenverBroncos/comments/1oj68o5/pelissero_back_for_more_veteran_te_marcedes_lewis/)
 
---
#AROUND THE AFC WEST
 
Team |  | Opp. | Date | Time/Score
----|---|----|----|----
[](/r/chargers) LAC | @ | [](/TEN) TEN |11/2 11am|
[](/r/kansascitychiefs) KC | @ |[](/BUF) BUF |11/2 2:25pm|
[](/r/raiders) LV | |[](/JAC) JAC | 11/2 2:05pm|

---
 
#THREAD NOTES
 
This thread is ***specifically geared toward Broncos fans***. 
 
***Pick your flair*** in the sidebar. 	
 
Subscribe to **/r/denverbroncos**",1225933.0,neutral,0.045,0.939,0.016,-0.6124
1omkj1d,1762098072.0,310,1.0,29,,"[Klis] Broncos only have have 4 cornerbacks dressed for this game: Moss, McMillian, Barron, Abrams-Draine. They’ll all get their snaps. ",9300.0,neutral,0.0,1.0,0.0,0.0
1om3n0y,1762043364.0,766,1.0,49,,10 years ago today Packers at Broncos. Both teams 6-0. Both coming off bye weeks. Broncos crushed the Packers. One of my favorite regular season games ever. This gem needs a mention today.,38300.0,positive,0.078,0.838,0.084,0.0516
1om2nb2,1762040558.0,639,0.94,108,,"Do you want the Broncos to bring back JK Dobbins beyond this season? I definitely do, and think he deserves an extension. The RB situation has improved noticeably ever since he was signed and has played well the entire season ",65472.0,positive,0.0,0.699,0.301,0.9049
1om2at4,1762039615.0,127,0.98,34,,"[Rapoport] Dolphins will ""at least consider"" trade offers for Jaylen Waddle. ",4356.0,neutral,0.0,1.0,0.0,0.0
1olxgff,1762027253.0,339,1.0,58,,"[Rapoport] Sources: The #Broncos plan to elevate veteran TE Marcedes Lewis, who they signed earlier this week to their practice squad. At 41-years-young, Lewis will be on the field Sunday. ",20001.0,neutral,0.0,1.0,0.0,0.0
1olxbxb,1762026946.0,160,1.0,12,,"[Klis] Per source, Broncos are elevating punt returner/slot WR Michael Bandy from practice squad. Logical move with Marvin Mims Jr. out with concussion. ",2080.0,neutral,0.0,1.0,0.0,0.0
1olr4s0,1762012027.0,117,0.95,36,,"Silver lining to Pat’s injury Here’s my take on Surtain’s injury that I haven’t really heard anyone else talk about, while it is obviously devastating, it won’t keep him out for the year and he’ll be back for the most important stretch of the season. Also, with Pat out, it will force Baron and KAD into the lineup giving them valuable experience they might not have otherwise had helping them out come November/December and hopefully, late into January (and maybe February if SP is correct in his prediction🤞). It’s a long season so if those 2 can grow in his absence, it’s only a positive. What are everyone else’s thoughts?",4113.0,neutral,0.08,0.789,0.131,0.6361
1olqg4h,1762010374.0,225,0.98,56,,"Broncos to wear Summit White jerseys, Sunset Orange pants vs. Texans in Week 9 ",12568.0,neutral,0.0,1.0,0.0,0.0
1oll5sr,1761995427.0,107,0.94,12,,"Introducing the NIX: Net Impact eXtended I got tired of all the Bo Nix haters, so I created a new advanced stat that accurately captures his impact we all see on the field every week.

The NIX is a comprehensive quarterback evaluation metric designed to integrate both passing efficiency and total offensive impact into a single, intuitive score. Unlike traditional ratings that focus narrowly on completion percentage or passer rating, the NIX captures a quarterback’s true field value by balancing accuracy, productivity, mobility, decision-making, and ball security within one normalized formula. It incorporates per-game averages of completion percentage, yards per attempt, total touchdowns, interceptions, fumbles, sack rate, rushing output, and overall yardage, weighting each according to its demonstrated impact on winning outcomes. Efficiency and scoring are emphasized most heavily, while penalties for turnovers and sacks are scaled to reflect situational resilience rather than raw mistakes. The result is a metric that rewards quarterbacks who sustain drives, create offense through both air and ground, and minimize negative plays—traits that define consistent success.

The NIX is valuable because it bridges the gap between traditional box-score analysis and complex advanced metrics, producing a score that is both data-rich and context-honest. By accounting for total offensive contribution, not just passing, it distinguishes between quarterbacks who rely on volume and those who deliver balanced, efficient performance under pressure. In short, the NIX highlights who truly drives team success—not merely who throws for the most yards.

Below are the inputs to the formula and their weight:

1. Efficiency — Completion% × (YardsPerAttempt ÷ 8)
Weight: 25%
Rewards accurate and efficient passing.

2. Scoring — (TotalTouchdowns ÷ GamesPlayed) × 3
Weight: 20%
Measures consistent touchdown production per game.

3. Ball Security — –(Interceptions + (0.7 × Fumbles)) ÷ GamesPlayed
Weight: 10%
Penalizes turnovers, with fumbles counted less heavily than interceptions.

4. Productivity — (TotalYards ÷ GamesPlayed) ÷ 50
Weight: 15%
Captures overall offensive output per game.

5. Mobility Bonus — ((RushingYards ÷ GamesPlayed) ÷ 20) + (RushingTouchdowns × 0.5)
Weight: 15%
Rewards quarterbacks who add rushing value and red-zone versatility.

6. Sack Resilience — (1 – (SackRate ÷ 10)) × 10
Weight: 10%
Gives credit for avoiding negative plays and maintaining drive efficiency.

7. Team Impact — Win% × 5
Weight: 5%
Reflects contribution to overall team success.

Each category’s contribution is multiplied by its weight, then the sum is multiplied by 10 to produce the final NIX score (average ≈ 75, elite ≥ 90).

Below is the 2025 NIX ranking for every QB who has played in at least 3 games this season, through Week 8:

1. Bo Nix (Broncos) — 94.8
2. Drake Maye (Patriots) — 91.5
3. Patrick Mahomes (Chiefs) — 89.3
4. Daniel Jones (Colts) — 88.6
5. Josh Allen (Bills) — 87.9
6. Jordan Love (Packers) — 86.4
7. Jalen Hurts (Eagles) — 85.8
8. Justin Herbert (Chargers) — 84.9
9. Baker Mayfield (Buccaneers) — 83.6
10. Dak Prescott (Cowboys) — 82.8
11. Matthew Stafford (Rams) — 82.1
12. C.J. Stroud (Texans) — 81.7
13. Spencer Rattler (Saints) — 81.0
14. Caleb Williams (Bears) — 79.5
15. Jayden Daniels (Commanders) — 78.9
16. Aaron Rodgers (Steelers) — 77.8
17. Trevor Lawrence (Jaguars) — 76.5
18. Cam Ward (Titans) — 74.3
19. Geno Smith (Raiders) — 73.9
20. Bryce Young (Panthers) — 72.7
21. Marcus Mariota (Commanders) — 70.8
22. Joe Flacco (Bengals/Browns) — 68.2
23. Russell Wilson (Giants) — 67.9

My formula was AI generated. As a result, I accept zero responsibility for any errors and 100% responsibility for all its successes. 

Throw this unbiased, objective stat in the face of any and every Bo Nix hater you come across in your life.

Go Broncos!",1308.0,positive,0.065,0.794,0.141,0.9925
1olay4c,1761957798.0,278,0.97,112,,[Renck] Paxton Lynch signs with local arena league team Colorado Spartans. ,30472.0,neutral,0.0,1.0,0.0,0.0
1ol9u4l,1761954496.0,232,0.98,6,,Send this to your favorite cowboys fan 🎃 ,1592.0,neutral,0.0,0.485,0.515,0.6486
1ol8h7j,1761950644.0,677,0.99,12,,SHEEEEESH 🤣 ,8713.0,positive,0.0,1.0,0.0,0.0
1ol6zkk,1761946585.0,444,0.98,122,,to the DHgate warriors… I’m laughing my ass off,53520.0,neutral,0.255,0.511,0.234,-0.0772
1ol6e4k,1761945060.0,107,0.97,42,,"[Denver Broncos] Friday Injury Report: PS2, Mims, Locke, and Adkins ruled OUT. ",4463.0,neutral,0.203,0.797,0.0,-0.4215
1ol63ja,1761944317.0,108,0.97,16,,"Friendly reminder - this is a good football team getting better I see some negativity around here, especially during game subs. So I think it's worth getting a hefty reminder of why we should be optimistic and potentially very excited for the rest of the season. 

We're 6-2, and number 1 in the AFC West. Those two losses came from field goals with 0s on the clock, and one of those was only after a penalty was involved. We've beaten good teams (Eagles) and beat up on bad teams (Cowboys). Heck, the Cowboys were the #1 offense in the NFL and we got them to give up and bench their star QB without Pat Surtain. We've scored 77 points in the last 5 quarters. Bo has been doing great (of course with room for improvement, which I believe he has done throughout the season), with no hint of a somphomore slump. Our rookies are starting to turn it on. Riley Moss is incredible and I won't take any more Moss slander. JK Dobbins. We've demonstrated that we are never out of a game. Our team is young (Marcedes Lewis aside) and is absolutely gelling. Bonitto/Cooper is looking like what Von/Chubb could've been 

We came to and made DT proud when it looked like we were completely beaten.

Overall, this is the best season and best team we've had in a long while. Remember 2015. We had four losses, and almost lost to a very bad Browns team and would've lost to the Chargers without some of the last Manning Magic. CJ Anderson's TD run in the snow in overtime to get us past Brady and the Pats. That team won the super bowl. I'm not saying that's an expectation for this year, but a reminder that things can and will go wrong for this team and that's ok. Sometimes we will pull through, as we've already shown, and other times we might not. Enjoy the ride that we're on, because I think it's a good one.

LFB, FTC, FTR, FTB, in Blucifer we trust. 

15-2 until we're not.",1781.0,positive,0.08,0.793,0.127,0.938
1ol5hba,1761942779.0,280,0.99,29,,"[Stevens] Sean Payton said he will NEVER have WRs that just play one position X, Z, etc… “If that’s what you’re looking for, you’ll need to wait till I’m gone” ",8316.0,neutral,0.0,0.924,0.076,0.34
1ol50ey,1761941618.0,425,1.0,4,,Happy Halloween Broncos County!!! ,2125.0,positive,0.0,0.396,0.604,0.6784
1ol0ptw,1761931504.0,139,1.0,19,,Top 20 EDGE Rushers In Pressure Rate (Minimum 50 Pass Rush Snaps) ,2780.0,neutral,0.157,0.714,0.129,-0.1027
1okx24a,1761923161.0,239,0.96,43,,New Hitch Cover Getting ready for the Broncos to come to Houston ,10095.0,neutral,0.0,0.815,0.185,0.3612
1okn4lb,1761891434.0,291,0.98,104,,"Since the 70-20 game... The Dolphins are 18-21 and are in a downward spiral, they have many questions on offense and defense.

 
We're  24-15 since then and have rebuilt our defense into one of the best in the league and have a promising young Quarterback. ",29944.0,positive,0.04,0.762,0.198,0.7845
1okmzs2,1761890901.0,151,0.96,16,,"Before the start of Bovember, wanted to share my favorite throw of Seantober. What's yours? ",2464.0,neutral,0.0,0.714,0.286,0.6369
1okc2hw,1761859228.0,388,1.0,22,,"[Kelberman] #Broncos RB J.K. Dobbins has the second-most carries of 10-plus yards (19) of any RB in the NFL this year, per @NextGenStats. Dobbins also ranks third in total rushing yards (634) and third in rushing yards over expected (+158). ",8924.0,neutral,0.0,1.0,0.0,0.0
1ok9ayt,1761852713.0,513,0.99,95,,Had to get one after I saw the coaches wearing them on the sidelines last weekend ,48756.0,neutral,0.0,1.0,0.0,0.0
1ok6jlj,1761846508.0,212,0.98,8,,Denver Broncos Week 9 Matchup Doodle (Halloween Edition) ,1870.0,neutral,0.0,1.0,0.0,0.0
1ok3upy,1761840515.0,535,1.0,16,,Let's go Lutz! ,9095.0,positive,0.0,1.0,0.0,0.0
1ok30fn,1761838647.0,714,1.0,13,,"Tell em what it is, RJ! ",9996.0,neutral,0.0,1.0,0.0,0.0
1ok2g8z,1761837351.0,810,1.0,20,,[Stevens] RJ Harvey was named NFL Rookie of the Week after his 3 TD performance against the Cowboys ,17010.0,positive,0.0,1.0,0.0,0.0
1ok1sfr,1761835830.0,123,1.0,15,,[The 33rd Team] Pressure rate leaders among players with 100+ pass rush snaps this season: We have the best EDGE duo in the league,1968.0,positive,0.077,0.775,0.148,0.4588
1ok1j4f,1761835227.0,183,0.97,17,,"Through 25 career games, Broncos QB Bo Nix has the 5th most touchdowns (52) of any player in NFL history ",3195.0,positive,0.0,1.0,0.0,0.0
1oju7z8,1761813194.0,168,0.97,117,,I wasn’t alive during the Elway era what was it like to watch during that time ? ,19229.0,neutral,0.0,0.718,0.282,0.6249
1ojms6t,1761787644.0,1152,0.99,32,,This edit of RJ Harvey is 🔥 ,37636.0,positive,0.0,1.0,0.0,0.0
1ojm84i,1761786086.0,238,1.0,44,,"Broncos are 3rd in Team Rushing and have the a third highest rusher in the league If last year you would have told me this was where we would be in 2025, I would have kicked you out of my house.

We should easily have a 1,000 yard back. ",10710.0,positive,0.0,0.949,0.051,0.34
1ojl0xl,1761782784.0,618,0.99,45,,"[Stevens] Pat Surtain II is a BIG fan of Riley Moss, said he's ""ballin"" and 100% had his back on the flags thrown on him: ""I think they racial profiling my dawg Added the flags thrown on Riley are ""egregious"" ",28144.0,neutral,0.0,0.943,0.057,0.3182
1oji2fl,1761775385.0,113,1.0,46,Injury Report,Week 9 Wednesday Injury Report ,5311.0,neutral,0.483,0.517,0.0,-0.4215
1ojh6ij,1761773277.0,249,1.0,11,,"[Stevens] Bo Nix remembers watching Marcedes Lewis growing up. Now they aren’t just teammates, but locker mates. ",2988.0,neutral,0.0,0.922,0.078,0.09
1ojgq6b,1761772194.0,216,0.85,92,,"Sports illustrated wants this to happen. I do too! Thoughts? https://www.instagram.com/p/DQZ0f_uASlU/?img_index=2&igsh=NTc4MTIwNjQ2YQ==

Would be cool if it happens. A third could do it too! Thoughts?",17075.0,neutral,0.0,0.86,0.14,0.5305
1ojckfx,1761762729.0,210,1.0,2,,[Smith] The 2025 Broncos are the first team in NFL history with at least 35 sacks on defense and 10 or fewer sacks allowed on offense in the first eight games of a season. ,630.0,neutral,0.058,0.899,0.043,-0.128
1ojbo5b,1761760738.0,294,1.0,65,,Game Preview Picks Week 9 @ Houston As a Houston kid growing up a Broncos fan this is gonna be a fun one. The Top-2 defense in the league going at it in what’s sure to be an interesting game. Can’t wait to watch my favorite team take down all my friends’ favorite team!,19404.0,positive,0.0,0.671,0.329,0.9523
1ojag6t,1761758083.0,215,0.97,87,Rumor,Broncos interest in Jakobi Meyers I think Meyers is truly one of the more underrated WR's in the league -- What would you guys think if this move gets done? I dont think it will being that its with an in division opponent. ,18352.0,neutral,0.0,0.869,0.131,0.7096
1oj8jox,1761753869.0,209,0.98,32,,Just got one of my grail cards Game used patch from the falcons 4TD game his rookie year ,6759.0,neutral,0.0,1.0,0.0,0.0
1oj89xp,1761753287.0,948,0.99,146,,Aqib Talib says Bo Nix is the best QB in his class ,137962.0,positive,0.0,0.724,0.276,0.6369
1oj721f,1761750499.0,215,1.0,59,,"[Roark] Still see plenty of folks confusing Jahdae Barron’s vision — Sean Payton has said time and time again that the vision for him was inside, although he possesses the ability to be a flex player outside. Abrams-Draine is an outside cornerback… …”Could see them maybe split time there, but my guess would be KAD’s time is right now.”",12900.0,neutral,0.025,0.897,0.079,0.296
1oj68o5,1761748595.0,385,0.99,109,Roster Move,"[Pelissero] Back for more: Veteran TE Marcedes Lewis is signing with the Broncos practice squad, sources tell The Insiders. At age 41, Lewis returns for a 20th NFL season as the lone active member of the 2006 draft class. ",41926.0,neutral,0.051,0.882,0.066,0.1531
1oj2fan,1761738735.0,317,1.0,55,Injury Report,"[Ian Rapoport] The #Broncos are not planning to place reigning DPOY Pat Surtain II on Injured Reserve, source said, and it’s possible that he only misses 3 games with his pec strain.

Denver plays the #Texans,  #Raiders, #Chiefs, then has a Week 12 bye. Surtain could return vs the #Commanders. So that's nice. Would we be shocked if he came back against the Chiefs?

[https://www.nfl.com/news/broncos-not-planning-on-placing-cb-pat-surtain-ii-pectoral-injured-reserve?campaign=Twitter\_atn](https://www.nfl.com/news/broncos-not-planning-on-placing-cb-pat-surtain-ii-pectoral-injured-reserve?campaign=Twitter_atn)",17752.0,neutral,0.122,0.806,0.072,-0.374
1oivz7k,1761714454.0,542,0.97,60,,"NFL refs disproportionately ruled in favor of the Chiefs, say researchers I thought I’d share this, since it’s been such a hot topic lately.

An analysis of more than 13,000 penalty calls spanning from 2015 to 2023, found that postseason officiating has disproportionately favored the Mahomes–era Kansas City Chiefs.

They suggest this could be tied to financial pressure on the league, noting that the findings show correlation but not proof of corruption.",32070.0,neutral,0.05,0.877,0.072,0.1576
1oiv28b,1761711324.0,815,1.0,95,,"[Kelberman] Through 25 career games, #Broncos QB Bo Nix has the fifth-most touchdowns (52) of any player in NFL history ",78240.0,neutral,0.0,1.0,0.0,0.0
1oit3fr,1761705257.0,257,0.96,52,,I love our O-line but Bo Nix is a big part of why they are always ranked #1. (a HUGE part) ,13076.0,positive,0.0,0.719,0.281,0.7684
1oimcs3,1761687641.0,234,0.97,92,,"[Mase] Mercedes Lewis, the veteran tight end the Broncos had in for a tryout today, is 41. He for Chicago last season. He’s been remarkably durable as he’s aged; he’s missed just one game over the previous eight seasons. ",21109.0,neutral,0.056,0.944,0.0,-0.296
1oii0i3,1761677680.0,207,0.98,3,,Bo and Izzy at a Halloween party dressed up as Sonny Hayes from the Formula 1 Movie ,811.0,neutral,0.0,0.838,0.162,0.4019
1oigvc8,1761675080.0,103,0.92,19,,Cowboys fan first time at Mile High Stadium: IMPRESSED! (Cowboys vs Broncos week 8) I saw this on my feed. This guy had a very positive experience at Empower despite his team getting blown out. He called Denver Broncos fans some of the best he's been around. ,1895.0,positive,0.0,0.697,0.303,0.9546
1oigbcr,1761673851.0,115,0.95,41,,"The Ringer Week 8 Winners and Losers: Loser? Sean Payton’s Impulse Control Not even going to post a link so S. Ruiz's garbage takes don't gain internet traction. But from the article, Sean Payton is damned if he does, damned if he doesn't.

""“We wanted to keep them in last,” Payton coldly said of the Cowboys’ last-ranked defense after the win, continuing his string of spicy press conferences after pissing off Russell Wilson last Sunday. Whether or not it was meant as a sign of disrespect, Payton insinuated that he built his game plan around the Cowboys defense being both bad and injured—and Payton showed little remorse for doing so. He set up mismatches for Nix to attack through the air, including one against cornerback Trikweze Bridges, a college teammate of both Nix and Denver receiver Troy Franklin, in what had to feel like a real-life re-creation of the crying Wesley Snipes meme for Denver’s Oregon alums.""

So Payton is a bully now for... game planning?

Their opinion will continue to be disregarded as they currently rank Geno Smith, Carson Wentz, Kyler Murray, and Spencer Rattler above Bo Nix. ",4588.0,negative,0.198,0.74,0.063,-0.9849
1oig1af,1761673236.0,203,0.99,25,,"QB Film Review: Bo Nix is commanding the line of scrimmage, and the Broncos are rolling ",5225.0,positive,0.0,1.0,0.0,0.0
1oie8d0,1761669251.0,359,0.99,214,,ESPN’s Adam Schefter says the Broncos are among the teams that have called teams about wide receivers ,76413.0,neutral,0.0,1.0,0.0,0.0
1oid51u,1761666857.0,543,0.99,77,,"Bo Nix is now the least sacked QB in the NFL He has only taken 8 sacks in 8 games.  

Sacks are drive killers and also expose you to fumbles.

Sure, Nix has one of the lower completion % but it's a positive trade off.  You throw it away you get 2nd and 10 vs 2nd and 17.  Night and day difference.

Daniel Jones has 9 sacks.  Dak 10.  Mahomes 14.  This is an elite skill and very impressive.

Nix only has 5 picks while having the 4th most passing attempts.  He's lost one career fumble in 25 games.

He simply doesn't turn the ball over or take sacks.  It's scary that he hasn't come close to his ceiling.  

",41930.0,positive,0.099,0.812,0.089,0.1629
1ohyhu3,1761620037.0,728,1.0,13,,Mile high 🫡 Love to see it every time it’s a big part of broncos history imo  ,10192.0,positive,0.0,0.769,0.231,0.6369
1ohusi1,1761609609.0,254,0.9,79,,"Remember everyone was saying ""Why did we draft defense 1st round"" Another classic example of: you are not smarter than the front office.

Last couple weeks I seen so many posts about Barron being a waste, we should have went offense, we aren't even playing Barron, blah blah blah

We have CB depth and Barron will get a lot more snaps.  KAD replaced PS2 yesterday but either way, Barron is going to get more playing time.

The good news is Surtain's injury is in the middle of a bye and 2 games vs the Raiders.  The best WR we will see during his absence is Scary Terry.  Drop PS2, add Greenlaw and we still have the deadline next week.  We'll be fine boys.",18288.0,positive,0.163,0.743,0.094,-0.5383
1ohtt3h,1761607067.0,244,0.98,190,Injury Report,Jordan Schultz (@jordanschultz) on Threads PS2 Out 4-6 Weeks with Pec Injury ,45672.0,neutral,0.203,0.797,0.0,-0.4215
1ohtcdl,1761605910.0,198,0.98,3,,Bo Nix Design Made a Bo Nix design awhile back after he got drafted and it caught some traction so I’m back for round 2 with a similar style for his sophomore season!,776.0,neutral,0.0,1.0,0.0,0.0
1ohqi9n,1761599067.0,858,1.0,101,,"[NFLonCBS] Most Total TD Among 2024 QB Draft Class: Bo Nix - 52, Jayden Daniels - 40, Drake Maye - 34, Caleb Williams - 31 ",87516.0,neutral,0.0,1.0,0.0,0.0
1ohpmtf,1761597045.0,279,0.97,91,,"Broncos go from facing worst defense to leagues best defense Texans are #1 points allowed

Texans are #1 in yards allowed

They are also top 5 in takeaways 

I think this is a very good challenge for Denver who is riding a league high 5 game winning streak.  ",24898.0,positive,0.073,0.622,0.305,0.8771
1ohpbw2,1761596364.0,208,0.99,12,,Made a card for my coworker. He’s a diehard Cowboys fan who lived in Dallas in the 90’s… ,2677.0,neutral,0.0,0.867,0.133,0.3182
1ohp50e,1761595928.0,679,1.0,50,Highlights,[Highlight] Broncos guard Quinn Meinerz takes out three defenders on RJ Harvey touchdown run ,34629.0,positive,0.0,0.909,0.091,0.0772
1ohnwmm,1761593155.0,638,1.0,5,,The Denver Broncos are now 8-0 vs the Dallas Cowboys since Homer took over team ownership ,3828.0,positive,0.0,1.0,0.0,0.0
1ohlyjf,1761588805.0,134,0.99,28,Injury Report,"[Mase] Sean Payton, on Pat Surtain II: ""Nothing to update you guys today on."" ",3847.0,neutral,0.0,1.0,0.0,0.0
1ohlmss,1761588092.0,383,1.0,13,,Bo giving Bryant his first TD ball 🏈 Really classy of Bo to do that! ,5362.0,positive,0.0,0.671,0.329,0.7082
1ohkvij,1761586429.0,192,0.95,119,,"[Bucky Brooks] Ranking top 10 players from loaded 2024 NFL Draft class: Jayden Daniels or Drake Maye at No. 1? Bo Nix not being a top 10 player in his own class despite being #1 in the following categories: Wins, Passing Yards, Passing Yards per Game, Total Touchdowns, Passing Touchdowns, Rushing Touchdowns, Road Wins, and Game Winning Drives. 

Bo Nix is currently second in total touchdowns in the NFL (he will likely be third after tonight because he is tied with Pat). 

I am just convinced Bo will never get the respect he deserves. ",21888.0,negative,0.045,0.794,0.162,0.9071
1ohkpy9,1761586084.0,138,0.95,17,,I'm going to watch this every gameday until I die ,2360.0,positive,0.328,0.672,0.0,-0.5994
1ohkcbt,1761585261.0,107,0.99,5,,"[Next Gen Stats] Bo Nix completed 19 of his 29 pass attempts for 247 yards, 4 TDs, and 1 INT against the Cowboys in Week 8. His 11.7 air yards per attempt is the 2nd-highest mark of his career. Nix completed 7 of 13 attempts over 10 air yards for 150 yards and 3 TDs. ",636.0,neutral,0.0,1.0,0.0,0.0
1ohk02r,1761584511.0,283,0.99,35,,Gotta Start em young. ,10086.0,neutral,0.0,1.0,0.0,0.0
1ohjdo3,1761583134.0,147,0.92,82,,Wk 8 PFF grades ,11225.0,neutral,0.0,1.0,0.0,0.0
1ohiyvj,1761582218.0,145,0.86,104,,"Broncos have a top 3 RB, Top 10 WR, Top 7 QB All the hate on Denver's offense and coach while they are 6-2 and in 1st place.

JK Dobbins is 3rd with 634 rushing yards

Sutton is 10th with 536 yards yet every fan says we don't have a WR1 lol

Nix is 7th with 1803 passing yards

Nix is 3rd with 15 passing TDs

Nix is 2nd overall with 18 total TDs

Dallas is the only other team with 3 top 10 players.

And the Broncos also have the games best defense.  

I really hope Payton gives up that play calling like everyone wants so maybe we could win some games.",13094.0,positive,0.062,0.709,0.229,0.9565
1ohgg62,1761576600.0,1422,1.0,49,Highlights,Pat Bryant's 1st TD celebration: the Mile High Salute (couldn't find a better/more complete shot of it) ,71100.0,positive,0.0,1.0,0.0,0.0
1ohftaf,1761575136.0,441,0.99,26,,Quadzilla alert ,11788.0,positive,0.0,0.312,0.688,0.296
1ohcs3h,1761567342.0,339,0.99,27,,My favorite moment from the game. Also the girl in the background was giggling alot for some reason if you go back and watch the footage. The poor guy on the ground in the picture looks like he is begging for his life.,9397.0,neutral,0.062,0.778,0.16,0.5994
1oh50aw,1761538294.0,106,1.0,3,,Throwback to when the Cowboys last beat the Broncos ,424.0,neutral,0.0,1.0,0.0,0.0
1oh4v4k,1761537798.0,169,0.98,57,,"After today's 4-TD performance, Bo Nix is now the 10th QB with the most TD passes in Broncos history GBBN",9606.0,positive,0.0,1.0,0.0,0.0
1oh4otx,1761537233.0,308,0.98,68,,"Singleton Credit where it’s due, he’s had a tough year, but I thought he looked stellar today. I think he’ll make an amazing LB2 when Greenlaw is in the full swing of things the rest of the season",20827.0,positive,0.031,0.795,0.174,0.775
1oh3i8g,1761533505.0,339,0.99,30,,[Broncos] “Maybe I was BORN to be a Bronco” -JK Dobbins 💙🧡 ,10404.0,positive,0.0,0.774,0.226,0.3885
1oh2plv,1761531125.0,378,0.99,37,,[Broncos] Bo Nix Joined HOF QBs Peyton Manning and John Elway as the only QBs in Broncos History with 3+ Wins with 4+ Passing Touchdowns ,14220.0,positive,0.0,0.866,0.134,0.5719
1oh2j1g,1761530575.0,1341,1.0,54,Highlights,Bo Nix secures rookie WR Pat Bryant II’s first NFL touchdown ball A ,73755.0,positive,0.0,0.827,0.173,0.3182
1oh2isp,1761530557.0,345,0.99,63,,NFL.com Playoff Picture Nice logo!,21859.0,positive,0.0,0.564,0.436,0.4753
1oh28r3,1761529764.0,101,0.99,10,,RJ Harvey scores three TDs in Broncos' 44-24 rout of Cowboys ,1100.0,positive,0.0,1.0,0.0,0.0
1oh1kdj,1761527783.0,853,0.93,92,,"I’m not sure if this post will be deleted or not but hopefully the mods let it stay. Because I really just need to give a HUGE THANK YOU to this community. Some of you know but most of you probably don’t, I wasn’t born in Colorado. I just moved here this past April from Texas. I’m gonna do my best to not make this post super political but there’s really not a way to tell my story without it. I moved here because I’m a trans woman, and Texas was quite literally trying to kill me. But they weren’t brave enough to do it themselves, instead they just tortured and tormented me and tried to make me so miserable I’d do it myself, and I very almost did.

When I was at the end of my rope, couldn’t take one more breath or step, a woman living in Aurora saw a post I made in an fb group we were both in. She sent me a message as a complete stranger, offering me to sleep on her couch in Aurora and stay with her there until I got on my feet. 36 hours later I had my car loaded up and was on my way driving here. I officially got to Colorado on April 27th.

The Avs were playing the Stars in the NHL playoffs. I grew up a big Cowboys, Stars etc fan. Had merchandise, jerseys, towels, collectibles. You name it. 34 years, a lifetimes worth of collecting. I also had a giant Texas flag. And yet when I got here and was watching the news talking about the Avs, I didn’t feel right.

It felt wrong to keep devoting time money and energy to teams representing a state who quite literally hated me, especially at the expense of the state who took me in and welcomed me with open arms, no asterisks.

I switched teams in the middle of that series and it all snowballed from there. I dumped the Cowboys for the Broncos, the Rangers for the Rockies and the Mavs for the Nuggets. FC Dallas for Colorado Rapids. The very first thing I did was throw my big Texas flag in a dumpster. The second thing I did was donate every bit of sports merch I had from Texas teams. I didn’t even want to sell it. I just wanted to be rid of it. NEEDED to be rid of it.

Colorado saved my life and welcomed me immensely. So my love for the local sports started to come naturally. I was at the Broncos opening game against the Titans. I tried like hell to make it to this one because of just how personal it was to me, but I simply couldn’t afford it. So I ended up watching it with some new chosen family instead.

To be welcomed like this, I need yall to understand I have no idea what that’s like. This is completely uncharted territory for me, it only happened a couple times at an Episcopal Church and later a UMC in Texas. But those were much smaller groups and definitely not a whole city or state. And after I started my transition I pretty much couldn’t go on Cowboys pages anymore. My own fanbase were disgusted by me and saw me as a freak. But I can see that I’m welcome and loved here. I’ve been on HRT/transitioning for close to 3 years. Between that and being in a much safer place I’m doing much much better.

I don’t know everything there is to know about Broncos history, I know the big name players obviously, but even before today I’m falling in love with this team. On other occasions someone may call me a bandwagon fan, but those here who have heard my story haven’t done that. They just understood and just welcomed me.

I was within an inch of killing myself right before I left Texas. Right before that literal angel messaged me. Now I’m happy, joyful, at peace and improving more each day. I’ve already gotten a Colorado license, and now my gender marker is correct for the first time in my life and I’m happy to say as of last week my name change has been finalized and is also on my license now. I have my own apartment in Denver thanks to that kind woman who I now call my sister helping me and giving me time.

I want NOTHING to do with Texas or anything from Texas anymore, including my bigoted family who still isn’t getting the point.

Thank you for welcoming this very broken girl and allowing her space and time to heal and find herself in the first somewhat safe environment she’s ever been in. You’ve made a lifelong fan. In that game today, I was cheering harder against the Cowboys than I ever did for them at any point in my life. This hate is real and will likely never go away, as won’t my love for our boys in orange.

Bottom line, I didn’t abandon Texas, Texas abandoned me. Bottom line, when Texas quite literally wanted me dead Colorado said “come here, we’ll have you”.

All I’ve ever wanted was a real chance at life, and Colorado has given me that. So thank you Colorado. Now let’s do the same thing to that “other” team from Texas next week.",73776.0,positive,0.086,0.744,0.17,0.998
1oh15xk,1761526618.0,340,1.0,40,,Gorgeous ,13940.0,positive,0.0,0.0,1.0,0.6124
1oh12nz,1761526355.0,592,1.0,47,,[Palmer] Heard from a few Broncos players that this was their best week of practice in a while. Some think this is the beginning of what they think they’re capable of. ,28416.0,positive,0.0,0.799,0.201,0.7783
1oh0hjp,1761524726.0,309,1.0,25,,"Broncos now lead the NFL in both defensive sacks and least offensive sacks Going into today's games, Indy led the NFL with 6 sacks given up; Denver & Dallas were tied for 2nd with 8 sacks given up.  Daniel Jones took 3 sacks today to bring Indy's total to 9; Bo Nix had zero sacks and Broncos sacked Dak Prescott 2 times.   So Denver continues to lead the NFL with 36 sacks and now leads with only 8 sacks given up.  These are exceptional O & D line-play team stats!   ",8034.0,neutral,0.0,0.953,0.047,0.4352
1oh0gjy,1761524646.0,411,0.98,28,,The sweep I’m thinking we can pull it off 🤘🏻,11681.0,positive,0.0,1.0,0.0,0.0
1oh0diu,1761524412.0,242,0.99,18,,Tillman jukes Prescott HARD… 🤣,4552.0,positive,0.0,1.0,0.0,0.0
1oh064p,1761523825.0,305,0.99,56,,[Klis] Marvin Mims Jr is in concussion protocol. ,17211.0,neutral,0.0,1.0,0.0,0.0
1ogzovy,1761522476.0,161,1.0,7,,Dak Prescott entered today’s game against Denver with 4 consecutive games of 3+ TDs and 0 INTs. It was the second-longest streak in NFL history. The Broncos held him to 0 TDs and 2 INTs. ,1288.0,neutral,0.0,1.0,0.0,0.0
1ogzmj5,1761522296.0,122,1.0,23,,The Broncos continue their ownage of the Cowboys. Last loss was over 30 years ago. Record should be 10-5 but hasn't updated yet ,2928.0,positive,0.07,0.93,0.0,-0.1655
1ogzm4q,1761522264.0,736,1.0,31,,3 and 0 in games I've attended Accepting donations to fun trips to any home games for an easy dub,23552.0,positive,0.0,0.63,0.37,0.8316
1ogzity,1761522015.0,246,1.0,19,,"Our 2025 rookie class stood out today. RJ with 3, Bryant with his 1st NFL TD, and Barron his 1st INT.  Well done kiddos.",4920.0,positive,0.0,0.916,0.084,0.2732
1ogzft0,1761521784.0,161,0.98,5,,Never a doubt! ,947.0,positive,0.0,0.294,0.706,0.3404
1ogzf0c,1761521720.0,880,0.99,510,Look Here!,[POST GAME THREAD] Dallas Cowboys (3-4-1) @ Denver Broncos (6-2) How bout them rookies?!,445183.0,positive,0.0,1.0,0.0,0.0
1ogzegr,1761521677.0,1633,1.0,73,,How ‘bout them Broncos🏈🐴 ,120842.0,positive,0.0,1.0,0.0,0.0
1ogyy17,1761520439.0,158,1.0,5,,[Highlight] RJ Harvey meets the end zone for the THIRD time today! ,948.0,positive,0.0,1.0,0.0,0.0
1ogyxbd,1761520385.0,122,1.0,10,,Simpsons curse > curse wheel. Homer Simpson wins again!,1342.0,neutral,0.456,0.313,0.231,-0.5562
1ogyp3l,1761519780.0,316,1.0,25,,[Highlight] Dondrea Tillman picks off Dak and takes it all the way to midfield! ,8216.0,positive,0.0,1.0,0.0,0.0
1ogyk39,1761519425.0,102,1.0,3,,[Highlight] Nix goes deep to Sutton for big gain. ,408.0,neutral,0.0,0.702,0.298,0.5267
1ogyhha,1761519228.0,1541,0.99,49,,No lies detected ,76280.0,neutral,0.833,0.167,0.0,-0.6124
1ogy974,1761518605.0,211,0.98,23,,"[Highlight] Controversial Call Alert! Cowboys fumble, but ruled recover by Dallas despite Denver defensive player maintaining the ball between his legs. ",4963.0,neutral,0.125,0.803,0.071,0.0979
1ogx814,1761515897.0,526,1.0,26,,[Highlight] Jahdae Barron picks off Dak Prescott to end the half ,14202.0,positive,0.0,1.0,0.0,0.0
1ogx5nl,1761515730.0,150,1.0,5,,[Highlight in Slow-mo] Rookie Pat Bryant II makes impressive catch for first career TD ,900.0,positive,0.0,0.798,0.202,0.5106
1ogx4d6,1761515640.0,247,1.0,10,,[Highlight] Bo Beautifully Connects to Pat Bryant For The TD!! ,2717.0,positive,0.0,0.678,0.322,0.6467
1ogx2m8,1761515517.0,142,0.99,5,,"[Highlight] J.K. Dobbins runs all the way to Cowboys bench, daps up CeeDee Lamb ",843.0,positive,0.0,1.0,0.0,0.0
1ogvied,1761511627.0,604,1.0,18,,[Highlight] RJ Harvey takes it 40 yards to the house ,11476.0,positive,0.0,1.0,0.0,0.0
1ogv58m,1761510744.0,109,0.95,10,,Sinjin says FTCowboys Sustained only mild scratches while getting him game ready,1139.0,neutral,0.0,0.815,0.185,0.3612
1oguon7,1761509644.0,513,0.99,16,,First ever game at Mile High. Lfggggggggggg ,8634.0,neutral,0.0,1.0,0.0,0.0
1ogth3e,1761506732.0,161,1.0,7679,Game Thread,"[GAME THREAD]: Denver Broncos (5-2) vs Dallas Cowboys (3-3-1) ###Week 8
 
**[](/DEN) Denver Broncos (5-2) vs [](/DAL) Dallas Cowboys (3-3-1)**
###
 
---

#[Game Preview](https://www.youtube.com/watch?v=8ps7PwOCNYg)
 
---
 
#WEATHER/BROADCAST
 
4:25pm ET | 3:25pm CT | **2:25pm MT** | 1:25pm PT / Empower Field at Mile High Stadium
 
[Weather Forecast](https://weather.com/weather/hourbyhour/l/3f345b93f02bdea125a122a4798a6b17174a3153bb0f45b4d5238343613d7368)
 
- TV | CBS [](/CBS) Jim Nantz, Tony Romo, Tracy Wolfson
 
- [Check to see what game is on in your area](https://506sports.com/)
 
- Local Radio (**KOA - 850 AM/94.1 FM & The Fox - 103.5 FM:** )
 
^(***KOA broadcast only works on desktop, not mobile.***)
 
 
---
#INJURY
 
[](/DEN) [**DEN Injury Report**](http://www.denverbroncos.com/team/injury-report.html) | [](/DAL) [**DAL Injury Report**](https://www.dallascowboys.com/team/injury-report/)
 
---
 

#AROUND THE AFC WEST
 
Team |  | Opp. | Date | Time/Score
----|---|----|----|----
[](/r/chargers) LAC | 5-3| [](/MIN) MIN |10/23 | 37 - 10
[](/r/kansascitychiefs) KC | 4-3|[](/WAS) WAS|10/27 [](/ESPN) Monday Night Football|
[](/r/raiders) LV |2-5 |BYE| -- | --

---


#GOING TO THE GAME? [Consider parking at Lake Middle School!!](https://www.reddit.com/r/DenverBroncos/comments/1mochh7/if_you_are_going_to_a_broncos_game_during_the/)


 ---
 
#THREAD NOTES
 
This thread is ***specifically geared toward Broncos fans***. 
 
***Pick your flair*** in the sidebar. 	
 
Subscribe to **/r/denverbroncos**",1236480.0,neutral,0.042,0.958,0.0,-0.7611
1ogsu8r,1761505226.0,140,0.99,2,,"At the Holy land today, LFG Broncos!!! ",416.0,positive,0.0,1.0,0.0,0.0
1ogp8dx,1761496734.0,211,0.99,14,,Broncos throwbacks vs Cowboys🐴🏈 LFG! ,3133.0,positive,0.0,1.0,0.0,0.0
1ogn54k,1761491694.0,463,1.0,14,,"Please scoreboard operator, keep this up all game. ",6945.0,neutral,0.0,0.753,0.247,0.3182
1ogbgxl,1761452623.0,389,0.98,117,,[Kelberman] RUMOR: The #Broncos have interest in trading for #Vikings TE TJ Hockenson ,44984.0,neutral,0.0,0.8,0.2,0.4588
1og5vrg,1761435088.0,649,1.0,29,,Beautiful isn’t it? Our field for tomorrow go broncos ! ,19470.0,positive,0.0,0.656,0.344,0.636
1og2xd3,1761427029.0,191,0.99,64,,Broncos LB Strnad fined for contact with referee ,12291.0,neutral,0.0,1.0,0.0,0.0
1og1aeu,1761422870.0,128,0.97,43,,A comparison of drafted QB's in their first seasons (20ish games) with the Broncos Two of them were rookies on the bench for championship teams.,5463.0,neutral,0.0,0.888,0.112,0.4404
1ofwzu7,1761412430.0,397,1.0,13,,"Went to the game on Sunday against the giants, got a few of the SB50 players to sign my DT jersey! ",5558.0,positive,0.0,1.0,0.0,0.0
1oftsk3,1761404662.0,229,0.98,57,,[IG] Jake Plummer shows why Bo Nix keeps getting passes tipped ,13016.0,neutral,0.0,1.0,0.0,0.0
1ofcrfd,1761348752.0,352,1.0,24,,“Dre Greenlaw the tone setting defender we’ve been needing since the Talib and Ward days” ,8800.0,positive,0.0,0.909,0.091,0.1027
1of96rc,1761339319.0,138,1.0,24,,Week 8 Friday Injury Report ,3450.0,neutral,0.483,0.517,0.0,-0.4215
1of7ihc,1761335264.0,420,1.0,44,,[Stevens] Cowboys CB Trevon Diggs is OUT against the Broncos. ,18900.0,neutral,0.0,1.0,0.0,0.0
1of513b,1761329423.0,211,0.99,7,,Denver Broncos Week 8 Matchup Doodle :) ,1671.0,positive,0.0,0.625,0.375,0.4588
1of1icf,1761321349.0,498,1.0,46,,‘Twas a Great Day ,23406.0,positive,0.0,0.328,0.672,0.6249
1oeyahy,1761313836.0,202,0.93,140,,"[Tomasson] In interview today with Pro Football Talk, NFL EVP Troy Vincent said ""there's no place in the game"" for what #Broncos LB Dre Greenlaw did in going after referee Brad Allen, which resulted in 1-game suspension. Vincent said LB Justin Strnad was fined for making contact with Allen. ",26488.0,neutral,0.044,0.956,0.0,-0.296
1oexkx8,1761312037.0,141,0.99,12,,"Bo Nix in 4th quarters: 494 yards, 4 TDs, 1 INT, and a 104.0 rating Plus, he’s run for 62 yards and 2 TDs, both his best of all four quarters. 

That, and a lot more stats about Nix in this piece: 

Denver Broncos Bo Nix: The Good, the Bo, and the Ugly | Broncos Blitz 

https://www.thebroncosblitz.com/denver-broncos-bo-nix-the-good-the-bo-and-the-ugly/ 

Why is he so great in the 4th vs quarters 1-3? ",1815.0,neutral,0.045,0.788,0.168,0.8762
1oepxw4,1761285340.0,111,0.94,23,,"The Broncos Have Beaten Worse Odds Than the Curse Wheel I refuse to believe in curses.
We were 1–112 when trailing by 14+ in the 4th quarter on the road…until the Eagles game.

The Giants had a 99.8% win probability after going up 26–8 with under 7 minutes left. I don’t remember the exact record for teams in that spot, but it was basically 0-for-thousands…until we bumped that 0 to a 1.

Perna’s curse wheel is 7–1 this year, but statistically it should be sitting around 50%. That’s better odds than we had against the Giants or Eagles in the 4th quarter.

Why are we believing the wheel? It’s absurd.

Cheer for our boys. They will be looking sharp this week in our throwback unis.

Go Broncos and FTR.",2504.0,positive,0.091,0.832,0.077,0.0387
1oeltyp,1761271791.0,804,0.99,92,,This was good to see Nix with the most wins and one of two with a winning overall record,74024.0,positive,0.0,0.593,0.407,0.8832
1oelt11,1761271710.0,115,0.98,10,,TBT Robin Williams https://kdvr.com/sports/denver-broncos/this-celebrity-was-the-first-male-broncos-cheerleader/amp/,1240.0,neutral,0.0,1.0,0.0,0.0
1oellmd,1761271113.0,122,0.98,0,,Can’t wait for Sunday funday!🧡💙 And can’t wait to see the throwbacks again! Go broncos! ,120.0,positive,0.0,1.0,0.0,0.0
1oekiyn,1761267883.0,277,0.9,58,,Chris Olave's Following 👀👀👀 ,14709.0,neutral,0.0,1.0,0.0,0.0
1oejpal,1761265443.0,506,0.99,43,,"Who remembers this episode of the Simpsons? The Dallas Cowboys haven’t beaten the Broncos since this episode aired in 1996. Homer Simpson always wanted to own the Dallas Cowboys, but was upset when he found out he was going to own the Denver Broncos instead. 😂 ",22041.0,neutral,0.11,0.89,0.0,-0.6486
1oeigx1,1761261961.0,454,0.98,55,,"Hole in Visiting Locker Room Wall After Giants Game Took a tour of Mile High today, the tour guide pointed out this hole in the wall of the Visiting Locker Room that definitely came from the Giants game. It was a good inch or two deep, honestly pretty impressive!

Let's ride!",24916.0,neutral,0.0,0.737,0.263,0.9401
1oeeqvg,1761252505.0,185,0.9,70,,[Segars] Drake Maye currently leads the league with a 116.4 passer rating Quarterbacks targeting Alex Singleton are posting a 129.3 passer rating ,11822.0,neutral,0.0,1.0,0.0,0.0
1oedcsk,1761249318.0,324,0.98,224,Rumor,"[Jones] Broncos expected to be in the market for a WR ahead of the deadline “Perhaps the biggest contender for a receiver is not the Steelers but instead the Broncos. Courtland Sutton is 30-years-old and just signed a four-year extension with an out after next season. Denver has all of its picks through the fifth round and added a fourth from the Saints in the preseason.”

…continued… 

“The Broncos are 5-2 with a top-ranked defense and a quarterback on his rookie deal for at least another season. Folks around the league are watching the Broncos to see how aggressive they may be.” ",71442.0,neutral,0.019,0.95,0.031,0.0258
1oe34bc,1761225704.0,158,0.92,86,,"Is anyone else thinking we could see shades of 2013 on Sunday? With how good the Cowboys are on offense and how bad they are on defense, I feel like this could be a shootout.",12646.0,neutral,0.136,0.693,0.171,0.1027
1odt07r,1761190445.0,217,1.0,20,,"Riley Moss has the lowest catch rate allowed (44.4%) among defensive backs with at least 30 targets, per Next Gen Stats ",4557.0,neutral,0.166,0.786,0.048,-0.4019
1odqpzx,1761183590.0,311,0.99,12,,Avs showing the Broncos some love with their alternate Quebec Nordiques sweater/jersey🏈🏒🔥 ,4003.0,positive,0.0,0.724,0.276,0.6369
1odpogj,1761180580.0,136,0.95,46,,Cool little graph showing remaining strength of schedule for each team Courtesy of sharpfootballanalysis.com,6072.0,neutral,0.0,0.579,0.421,0.7906
1odos66,1761178039.0,521,0.99,25,,NVP Well deserved! That’s our QB!! ,13411.0,positive,0.0,0.627,0.373,0.4545
1odnpwf,1761175151.0,152,0.96,31,,"The Giants did not play prevent. I haven't looked at All-22 as I don't have access, but I do enjoy Chris Simms and he breaks down what happened play by play quite well here: 

https://youtu.be/PEjSFhM7l_0?si=_eal0NEWe-LKu2Fy

Nix did not feast on prevent for anyone who wants to say that. Giants made mistakes, and Nix played enormously well when the chips were down.

Don't let anyone play down our lord and savior's work.",4669.0,positive,0.171,0.669,0.159,0.459
1odmu39,1761172829.0,217,0.86,121,,The Curse Wheel has chosen the Denver Broncos this week fuck,22768.0,negative,0.438,0.562,0.0,-0.7906
1odlv2n,1761170340.0,115,0.99,33,,Week 8 Wednesday Injury Report ,3871.0,neutral,0.483,0.517,0.0,-0.4215
1odldja,1761169155.0,228,0.98,46,,New York Giants release kicker after Denver Broncos defeat ,10502.0,neutral,0.273,0.727,0.0,-0.4588
1p34b2x,1763745284.0,287547,0.96,144,Misleading,Interesting…. Stay the course Nix FC  I’m going to ignore Josh Allen’s 10 rushing touchdowns and say that I 100% whole heartedly agree with everything in this post,40026542.0,neutral,0.083,0.833,0.083,0.0
1p34b2x,1763745556.0,81614,0.96,144,Misleading,Interesting…. Stay the course Nix FC  Doesn't Denver also lead the league in drops? That takes a hit on statistics also.,11360669.0,neutral,0.0,1.0,0.0,0.0
1p34b2x,1763749693.0,26572,0.96,144,Misleading,"Interesting…. Stay the course Nix FC  Bo isn’t a bust. He is so far from bust that anyone calling him a bust shouldn’t be taken serious. But he is not elite. Broncos fans keep deluding themselves about it but he really isn’t. Right now he is an above average starter and that is okay. There are probably 20 teams who would kill for a guy like Bo Nix. Thats not to say he couldn’t become an elite quarterback. If ever there was a quarterback who I would say had a chance it is him, but we won’t know that for another couple years so let’s just be patient and enjoy all of the success that he is having right now.",3698822.0,neutral,0.058,0.81,0.132,0.8674
1p34b2x,1763745343.0,52195,0.96,144,Misleading,Interesting…. Stay the course Nix FC  The Josh Allen one is a little silly because he has 10 rushing TDs too. I get the comparison but realistically Bo isn't there yet. It is absurd that people think he's a bust though because his performance overall this season has been good and very typical of a young player,7265544.0,neutral,0.02,0.912,0.069,0.5794
1p34b2x,1763745649.0,38909,0.96,144,Misleading,Interesting…. Stay the course Nix FC  I’ve started to accept that people will treat Bo like Jalen Hurts,5416133.0,neutral,0.124,0.562,0.313,0.5719
1p34b2x,1763749085.0,6643,0.96,144,Misleading,"Interesting…. Stay the course Nix FC  Try to look at this objectively and not at stats

The offense hasn’t looked good for the majority of multiple games. You can definitely argue Bo has been part of the problem at times, but it certainly hasn’t been all on him. Penalties, drops, play calls etc all play into stalled drives

What matters is he’s been clutch when we need it. Above all, that’s what matters most. I think when we add more explosive pieces the playbook will open up more and we’ll start scoring

Not every game is going to be a low scoring affair, it’s just not realistic. At some point, we’re going to have to keep up.

Happy to have a young Bo as our QB. Let’s just hope he continues to get better",924706.0,neutral,0.064,0.753,0.183,0.9598
1p34b2x,1763747979.0,14235,0.96,144,Misleading,"Interesting…. Stay the course Nix FC  Show me completion percentage comparison, or completions greater than 20 yards.  I love the Broncos, but cherry picking stats to pump sunshine is just that.",1981512.0,neutral,0.0,0.757,0.243,0.8248
1p34b2x,1763757955.0,4745,0.96,144,Misleading,Interesting…. Stay the course Nix FC  If he could just stop the Boverthrow...,660504.0,negative,0.155,0.845,0.0,-0.296
1p34b2x,1763746793.0,14235,0.96,144,Misleading,"Interesting…. Stay the course Nix FC  Crummy Bo Nix is 19th in QBR! Amazing Josh is 16th!

Allen has 28 sacks. Bo has 12. Bo also has over 100 yards less in sacks. 

Allen now has more interceptions than Bo too.

One guy is a 2nd year player who is getting better, one is the reigning MVP who I thought cleaned this stuff up.",1981512.0,negative,0.0,0.892,0.108,0.8065
1p34b2x,1763746742.0,4745,0.96,144,Misleading,"Interesting…. Stay the course Nix FC  I honestly like Bo, and am still pissed we took an edge rusher over Allen, after having sent scouts up to Laramie and everything. 

Allen's lower completion percentage in college never bugged me that much, because it's rather windy in Wyoming. I've never seen a detailed analysis of how much the wind would impact Wyoming QB's, but what's obvious is obvious, or something.",660504.0,neutral,0.059,0.888,0.053,-0.1154
1p34b2x,1763745836.0,19929,0.96,144,Misleading,Interesting…. Stay the course Nix FC  I love Bo. But these are cherry picked stats with no context. Bo is a sophomore QB and it shows:,2774117.0,neutral,0.102,0.803,0.095,-0.0516
1p34b2x,1763745630.0,5694,0.96,144,Misleading,Interesting…. Stay the course Nix FC  Josh Allen might also have the worst receiving corps in the league...,792605.0,neutral,0.194,0.806,0.0,-0.6249
1p34b2x,1763746375.0,3796,0.96,144,Misleading,Interesting…. Stay the course Nix FC  This sub lol. Guess that means we have a top 5 QB!!!!!,528403.0,positive,0.0,0.708,0.292,0.6973
1p34b2x,1763746449.0,4745,0.96,144,Misleading,"Interesting…. Stay the course Nix FC  Lots of QBs have a sophomore slump. Bo is winning through it though clearly has struggle some. Calling him a bust is insane but he’s not fucking Josh Allen. 

Also not a Broncos fan, just chirping in.",660504.0,positive,0.132,0.778,0.09,-0.2247
1p34b2x,1763749584.0,3796,0.96,144,Misleading,Interesting…. Stay the course Nix FC  Usually stats don’t lie but Bo has been one of the worst deep ball qbs in the league. We need to stop acting like he’s Tom Brady when he’s left probably close to 500 yards or more on the table because of his poor deep accuracy.,528403.0,negative,0.197,0.752,0.051,-0.8847
1p34b2x,1763746286.0,1898,0.96,144,Misleading,Interesting…. Stay the course Nix FC  It's crazy how his yards and TDs are so high with out offense being anemic 80% of the time.,264202.0,neutral,0.161,0.839,0.0,-0.5267
1p34b2x,1763748521.0,1898,0.96,144,Misleading,Interesting…. Stay the course Nix FC  People literally think he’s a bust only because he can’t connect on go routes with Franklin,264202.0,neutral,0.0,1.0,0.0,0.0
1p34b2x,1763753682.0,1898,0.96,144,Misleading,Interesting…. Stay the course Nix FC  They need to keep this narrative. I'm glad there has been a drop in price of Bo Nix cards so I can pick up more while they're cheaper.,264202.0,neutral,0.06,0.855,0.085,0.2263
1p34b2x,1763755271.0,1898,0.96,144,Misleading,Interesting…. Stay the course Nix FC  This video by Brett Kollerman made me feel a lot better about Nix. [https://youtu.be/ABoLgCdTgZc?si=IzuKQ4n7azl-Qxjc](https://youtu.be/ABoLgCdTgZc?si=IzuKQ4n7azl-Qxjc),264202.0,positive,0.0,0.847,0.153,0.504
1p34b2x,1763764233.0,1898,0.96,144,Misleading,"Interesting…. Stay the course Nix FC  Just gotta Bo-lieve. 

He’s got the right coach. A generational defense. And some grit. I like this dude a lot",264202.0,positive,0.0,0.84,0.16,0.4588
1p30ig6,1763736987.0,1750,0.99,6,Highlights,A cinematic recap of the Broncos' dramatic divisional win over the Chiefs | Sights and Sounds  Absolute Cinema!,12128.0,positive,0.0,0.786,0.214,0.6239
1p30ig6,1763740685.0,1375,0.99,6,Highlights,A cinematic recap of the Broncos' dramatic divisional win over the Chiefs | Sights and Sounds  Crazy that even in the highlights there’s an uncalled hold on half of Mahomes’s dropbacks,9529.0,neutral,0.072,0.813,0.114,0.34
1p30ig6,1763743843.0,875,0.99,6,Highlights,A cinematic recap of the Broncos' dramatic divisional win over the Chiefs | Sights and Sounds  ![gif](giphy|KyCLd6tCav6bm),6064.0,neutral,0.0,0.774,0.226,0.6239
1p30ig6,1763764249.0,375,0.99,6,Highlights,"A cinematic recap of the Broncos' dramatic divisional win over the Chiefs | Sights and Sounds  I don't pay attention to other teams Media productions or social media but Denver has to have one of the best!!  They do an incredible job.

Go Broncos!",2599.0,positive,0.0,0.788,0.212,0.8813
1ozq4w2,1763408944.0,166509,1.0,58,God Bless Bo Nix,[Stevens] Bo Nix has the most 4th quarter comebacks by a player in his first two seasons in NFL HISTORY  Thats actually a pretty great stat.,9824031.0,positive,0.0,0.751,0.249,0.8074
1ozq4w2,1763409498.0,85457,1.0,58,God Bless Bo Nix,"[Stevens] Bo Nix has the most 4th quarter comebacks by a player in his first two seasons in NFL HISTORY  This is so encouraging, to me at least. You really cannot teach mentality, clutch, calm, and leadership. Sean is an absolute gamer and is going to find ways to put players in position to make plays. If you have a moderately successful qb statistically and with the ability to be clutch, that’s how you win. The comfortability in the offense will come.",5041963.0,positive,0.021,0.78,0.198,0.9483
1ozq4w2,1763410128.0,50217,1.0,58,God Bless Bo Nix,"[Stevens] Bo Nix has the most 4th quarter comebacks by a player in his first two seasons in NFL HISTORY  He plays winning football. Manages the game and plays at his best when it matters the most.

He doesn’t turn the ball over. He doesn’t take sacks. He doesn’t fumble. He keeps his team close or ahead the entire game and then makes the big plays in the fourth quarter to put the game away. 

Bo will lead us to the promised land",2962803.0,positive,0.0,0.813,0.187,0.9349
1ozq4w2,1763411101.0,32597,1.0,58,God Bless Bo Nix,"[Stevens] Bo Nix has the most 4th quarter comebacks by a player in his first two seasons in NFL HISTORY  He’s clutch.

We really just need him to become more consistent. And to settle his fundamentals more. He was great yesterday and didn’t even throw a TD.",1923223.0,positive,0.0,0.91,0.09,0.6557
1ozq4w2,1763410585.0,19382,1.0,58,God Bless Bo Nix,[Stevens] Bo Nix has the most 4th quarter comebacks by a player in his first two seasons in NFL HISTORY  Praise Vance and the boys for keeping us in long enough for most of these to have occurred,1143538.0,positive,0.0,0.909,0.091,0.5574
1ozq4w2,1763411879.0,22025,1.0,58,God Bless Bo Nix,"[Stevens] Bo Nix has the most 4th quarter comebacks by a player in his first two seasons in NFL HISTORY  Bo is who we thought we were getting whem we traded for Wilson. 
We needed someone to operate the 2 minute drill, someone who could drive to win the game. 

He is so much better than his stats show. 
If our WRs caught 5 more balls a game instead of dropping them - we'd be an absolute goliath.",1299475.0,positive,0.0,0.911,0.089,0.7893
1ozq4w2,1763408970.0,42288,1.0,58,God Bless Bo Nix,"[Stevens] Bo Nix has the most 4th quarter comebacks by a player in his first two seasons in NFL HISTORY  Say what you want about nix, he has the clutch gene. The Xs and Os can be improved with coaching and practice, the clutch gene is something you either have or don't.",2494992.0,positive,0.0,0.918,0.082,0.5267
1ozq4w2,1763409703.0,56384,1.0,58,God Bless Bo Nix,[Stevens] Bo Nix has the most 4th quarter comebacks by a player in his first two seasons in NFL HISTORY  Not that I'm complaining about the wins but it sure would be nice if we didn't *need* to have so many comebacks,3326656.0,neutral,0.0,0.782,0.218,0.8517
1ozq4w2,1763409072.0,24668,1.0,58,God Bless Bo Nix,[Stevens] Bo Nix has the most 4th quarter comebacks by a player in his first two seasons in NFL HISTORY  Here’s to Bo the cause of and solution to all of life’s problems.,1455412.0,positive,0.077,0.857,0.066,-0.1027
1ozq4w2,1763410478.0,7048,1.0,58,God Bless Bo Nix,"[Stevens] Bo Nix has the most 4th quarter comebacks by a player in his first two seasons in NFL HISTORY  Smh 4th quarter merchant 

/s",415832.0,negative,0.091,0.909,0.0,-0.3182
1ozq4w2,1763410669.0,7929,1.0,58,God Bless Bo Nix,[Stevens] Bo Nix has the most 4th quarter comebacks by a player in his first two seasons in NFL HISTORY  2nd season ain’t even done yet,467811.0,neutral,0.0,1.0,0.0,0.0
1ozq4w2,1763414215.0,4405,1.0,58,God Bless Bo Nix,"[Stevens] Bo Nix has the most 4th quarter comebacks by a player in his first two seasons in NFL HISTORY  Can’t teach clutch 

everything that people complain about with Bo or talk shit on is all teachable he has the athletic and mental ability to be a force to reckon with in this league",259895.0,positive,0.106,0.854,0.04,-0.5859
1ozq4w2,1763409707.0,11453,1.0,58,God Bless Bo Nix,"[Stevens] Bo Nix has the most 4th quarter comebacks by a player in his first two seasons in NFL HISTORY  Bo is steady. Some QBs play worse when they're behind, this guy doesn't lose his bocus.

But this 4th quarter record is mostly a combination of great defense and three-quarters of offensive ineptitude. It's not quite the flex that it seems.",675727.0,neutral,0.087,0.76,0.154,0.5689
1ozq4w2,1763410726.0,3524,1.0,58,God Bless Bo Nix,[Stevens] Bo Nix has the most 4th quarter comebacks by a player in his first two seasons in NFL HISTORY  Genes like this win championships. Have to be able to grit it out in the 4th.,207916.0,positive,0.0,0.758,0.242,0.8807
1ozq4w2,1763413006.0,3524,1.0,58,God Bless Bo Nix,"[Stevens] Bo Nix has the most 4th quarter comebacks by a player in his first two seasons in NFL HISTORY  I'm all in on Bo Nix, dude is going to be a champion. Once he gets more experience he'll be an amazing QB. It's crazy imagining how good he will be when he relaxes and the game starts turning into a chess match against the defense for him.",207916.0,positive,0.032,0.776,0.192,0.9042
1ozq4w2,1763419372.0,1762,1.0,58,God Bless Bo Nix,[Stevens] Bo Nix has the most 4th quarter comebacks by a player in his first two seasons in NFL HISTORY  He keeps fighting! He keeps fooking fighting .. what kind of a man fights for a record 4th quarter comebacks in his first 2 years?! A madman… OR A KING!,103958.0,positive,0.173,0.827,0.0,-0.8213
1ozq4w2,1763423853.0,1762,1.0,58,God Bless Bo Nix,"[Stevens] Bo Nix has the most 4th quarter comebacks by a player in his first two seasons in NFL HISTORY  There’s still 6 games left in his second season

For context about how insane that number is.",103958.0,neutral,0.073,0.892,0.035,-0.34
1ozq4w2,1763427375.0,1762,1.0,58,God Bless Bo Nix,"[Stevens] Bo Nix has the most 4th quarter comebacks by a player in his first two seasons in NFL HISTORY  You're killing me Stevens, who are the top 3?.........Also, is McGlinchy playing air guitar in the background?",103958.0,neutral,0.115,0.798,0.087,-0.4871
1ozq4w2,1763434907.0,1762,1.0,58,God Bless Bo Nix,[Stevens] Bo Nix has the most 4th quarter comebacks by a player in his first two seasons in NFL HISTORY  Being that clutch is going to be so good during playoff runs,103958.0,positive,0.0,0.889,0.111,0.5777
1ozq4w2,1763437962.0,1762,1.0,58,God Bless Bo Nix,[Stevens] Bo Nix has the most 4th quarter comebacks by a player in his first two seasons in NFL HISTORY  But I was told he was trash by the media,103958.0,neutral,0.0,1.0,0.0,0.0
1oz26p9,1763344534.0,1513,1.0,1183,Game Thread,[Post Game Thread] Denver Broncos (9-2) defeat Kansas City Chiefs (5-5) LETS GOOOOOOOOOOOOOOOOOOOOOOOOOOOOOOOOOOOOOOOOOOOOOOOOOOOOOOOOOOOOOOOOOOOOOOOOOOOOOOOOOOOOOOOOOOOOOOOOOOOOOOOOOOOOOOOOOOOOOOOOOOOOOOOOO Friendly mod reminder: going into other teams' communities to troll is against our rules and will get you banned. Keep the memes and banter here.,1791392.0,positive,0.136,0.792,0.072,-0.4215
1oz26p9,1763339985.0,1644631,1.0,1183,Game Thread,"[Post Game Thread] Denver Broncos (9-2) defeat Kansas City Chiefs (5-5) LETS GOOOOOOOOOOOOOOOOOOOOOOOOOOOOOOOOOOOOOOOOOOOOOOOOOOOOOOOOOOOOOOOOOOOOOOOOOOOOOOOOOOOOOOOOOOOOOOOOOOOOOOOOOOOOOOOOOOOOOOOOOOOOOOOOO FUCK THE CHIEFS 

FUCK THE REFS

FUCK NICK WRIGHT",1947243104.0,positive,0.466,0.534,0.0,-0.9493
1oz26p9,1763340012.0,537115,1.0,1183,Game Thread,[Post Game Thread] Denver Broncos (9-2) defeat Kansas City Chiefs (5-5) LETS GOOOOOOOOOOOOOOOOOOOOOOOOOOOOOOOOOOOOOOOOOOOOOOOOOOOOOOOOOOOOOOOOOOOOOOOOOOOOOOOOOOOOOOOOOOOOOOOOOOOOOOOOOOOOOOOOOOOOOOOOOOOOOOOOO Feels A HUNDRED times sweeter because of what happened last year. Fuck you Kermit,635944160.0,positive,0.213,0.787,0.0,-0.7579
1oz26p9,1763340052.0,505342,1.0,1183,Game Thread,[Post Game Thread] Denver Broncos (9-2) defeat Kansas City Chiefs (5-5) LETS GOOOOOOOOOOOOOOOOOOOOOOOOOOOOOOOOOOOOOOOOOOOOOOOOOOOOOOOOOOOOOOOOOOOOOOOOOOOOOOOOOOOOOOOOOOOOOOOOOOOOOOOOOOOOOOOOOOOOOOOOOOOOOOOOO https://preview.redd.it/ml08xvrarp1g1.jpeg?width=1177&format=pjpg&auto=webp&s=8af6996ba307bbe50a49f7e75bcacf332433d69b,598324928.0,positive,0.188,0.812,0.0,-0.4588
1oz26p9,1763339988.0,1686995,1.0,1183,Game Thread,[Post Game Thread] Denver Broncos (9-2) defeat Kansas City Chiefs (5-5) LETS GOOOOOOOOOOOOOOOOOOOOOOOOOOOOOOOOOOOOOOOOOOOOOOOOOOOOOOOOOOOOOOOOOOOOOOOOOOOOOOOOOOOOOOOOOOOOOOOOOOOOOOOOOOOOOOOOOOOOOOOOOOOOOOOOO My favorite moment of the game was when Mahomes got sacked on 3rd down of the Chiefs' last possession and he was whining for a flag like a little bitch.,1997402080.0,negative,0.168,0.721,0.11,-0.4417
1oz26p9,1763339963.0,1833756,1.0,1183,Game Thread,"[Post Game Thread] Denver Broncos (9-2) defeat Kansas City Chiefs (5-5) LETS GOOOOOOOOOOOOOOOOOOOOOOOOOOOOOOOOOOOOOOOOOOOOOOOOOOOOOOOOOOOOOOOOOOOOOOOOOOOOOOOOOOOOOOOOOOOOOOOOOOOOOOOOOOOOOOOOOOOOOOOOOOOOOOOOO GO FUCK YOURSELF, KC!!!! LMAO!!!!!",2171167104.0,positive,0.344,0.656,0.0,-0.8556
1oz26p9,1763340126.0,285957,1.0,1183,Game Thread,[Post Game Thread] Denver Broncos (9-2) defeat Kansas City Chiefs (5-5) LETS GOOOOOOOOOOOOOOOOOOOOOOOOOOOOOOOOOOOOOOOOOOOOOOOOOOOOOOOOOOOOOOOOOOOOOOOOOOOOOOOOOOOOOOOOOOOOOOOOOOOOOOOOOOOOOOOOOOOOOOOOOOOOOOOOO https://preview.redd.it/5on5ztmirp1g1.jpeg?width=1889&format=pjpg&auto=webp&s=3d5a981cae2f0eb52c8b510e6f24f81da68cad61,338573088.0,neutral,0.188,0.812,0.0,-0.4588
1oz26p9,1763340002.0,267801,1.0,1183,Game Thread,[Post Game Thread] Denver Broncos (9-2) defeat Kansas City Chiefs (5-5) LETS GOOOOOOOOOOOOOOOOOOOOOOOOOOOOOOOOOOOOOOOOOOOOOOOOOOOOOOOOOOOOOOOOOOOOOOOOOOOOOOOOOOOOOOOOOOOOOOOOOOOOOOOOOOOOOOOOOOOOOOOOOOOOOOOOO Big Nutz Lutz,317076384.0,neutral,0.167,0.833,0.0,-0.4588
1oz26p9,1763340013.0,205768,1.0,1183,Game Thread,[Post Game Thread] Denver Broncos (9-2) defeat Kansas City Chiefs (5-5) LETS GOOOOOOOOOOOOOOOOOOOOOOOOOOOOOOOOOOOOOOOOOOOOOOOOOOOOOOOOOOOOOOOOOOOOOOOOOOOOOOOOOOOOOOOOOOOOOOOOOOOOOOOOOOOOOOOOOOOOOOOOOOOOOOOOO Even the refs couldn’t save em. FUKC THE CHIEFS,243629312.0,negative,0.115,0.763,0.122,0.0516
1oz26p9,1763339970.0,410023,1.0,1183,Game Thread,[Post Game Thread] Denver Broncos (9-2) defeat Kansas City Chiefs (5-5) LETS GOOOOOOOOOOOOOOOOOOOOOOOOOOOOOOOOOOOOOOOOOOOOOOOOOOOOOOOOOOOOOOOOOOOOOOOOOOOOOOOOOOOOOOOOOOOOOOOOOOOOOOOOOOOOOOOOOOOOOOOOOOOOOOOOO Calling my doctor in advance because I know I will be erect for 4+ hours,485467232.0,positive,0.107,0.893,0.0,-0.4588
1oz26p9,1763339941.0,1367752,1.0,1183,Game Thread,[Post Game Thread] Denver Broncos (9-2) defeat Kansas City Chiefs (5-5) LETS GOOOOOOOOOOOOOOOOOOOOOOOOOOOOOOOOOOOOOOOOOOOOOOOOOOOOOOOOOOOOOOOOOOOOOOOOOOOOOOOOOOOOOOOOOOOOOOOOOOOOOOOOOOOOOOOOOOOOOOOOOOOOOOOOO The Denver Broncos are now 9-0 when outscoring their opponents this season.,1619418368.0,neutral,0.111,0.889,0.0,-0.4588
1oz26p9,1763340140.0,195177,1.0,1183,Game Thread,[Post Game Thread] Denver Broncos (9-2) defeat Kansas City Chiefs (5-5) LETS GOOOOOOOOOOOOOOOOOOOOOOOOOOOOOOOOOOOOOOOOOOOOOOOOOOOOOOOOOOOOOOOOOOOOOOOOOOOOOOOOOOOOOOOOOOOOOOOOOOOOOOOOOOOOOOOOOOOOOOOOOOOOOOOOO You know what's just as sweet as that win. The thought that there is now a very real possibility that KC doesn't even make the playoffs.,231089568.0,positive,0.067,0.781,0.152,0.5859
1oz26p9,1763339952.0,189125,1.0,1183,Game Thread,[Post Game Thread] Denver Broncos (9-2) defeat Kansas City Chiefs (5-5) LETS GOOOOOOOOOOOOOOOOOOOOOOOOOOOOOOOOOOOOOOOOOOOOOOOOOOOOOOOOOOOOOOOOOOOOOOOOOOOOOOOOOOOOOOOOOOOOOOOOOOOOOOOOOOOOOOOOOOOOOOOOOOOOOOOOO BEST OF THE WEST,223924000.0,positive,0.131,0.654,0.215,0.4466
1oz26p9,1763340018.0,376737,1.0,1183,Game Thread,[Post Game Thread] Denver Broncos (9-2) defeat Kansas City Chiefs (5-5) LETS GOOOOOOOOOOOOOOOOOOOOOOOOOOOOOOOOOOOOOOOOOOOOOOOOOOOOOOOOOOOOOOOOOOOOOOOOOOOOOOOOOOOOOOOOOOOOOOOOOOOOOOOOOOOOOOOOOOOOOOOOOOOOOOOOO ![gif](giphy|r9o0WL63bvccGKa1MW),446056608.0,positive,0.202,0.798,0.0,-0.5093
1oz26p9,1763339966.0,164917,1.0,1183,Game Thread,[Post Game Thread] Denver Broncos (9-2) defeat Kansas City Chiefs (5-5) LETS GOOOOOOOOOOOOOOOOOOOOOOOOOOOOOOOOOOOOOOOOOOOOOOOOOOOOOOOOOOOOOOOOOOOOOOOOOOOOOOOOOOOOOOOOOOOOOOOOOOOOOOOOOOOOOOOOOOOOOOOOOOOOOOOOO And unclench,195261728.0,neutral,0.176,0.824,0.0,-0.4588
1oz26p9,1763340016.0,278392,1.0,1183,Game Thread,[Post Game Thread] Denver Broncos (9-2) defeat Kansas City Chiefs (5-5) LETS GOOOOOOOOOOOOOOOOOOOOOOOOOOOOOOOOOOOOOOOOOOOOOOOOOOOOOOOOOOOOOOOOOOOOOOOOOOOOOOOOOOOOOOOOOOOOOOOOOOOOOOOOOOOOOOOOOOOOOOOOOOOOOOOOO SHOUT OUT TO THE SPECIAL TEAMS! THEY FUCKING WON THIS GAME!,329616128.0,positive,0.09,0.627,0.283,0.8164
1oz26p9,1763339994.0,264775,1.0,1183,Game Thread,"[Post Game Thread] Denver Broncos (9-2) defeat Kansas City Chiefs (5-5) LETS GOOOOOOOOOOOOOOOOOOOOOOOOOOOOOOOOOOOOOOOOOOOOOOOOOOOOOOOOOOOOOOOOOOOOOOOOOOOOOOOOOOOOOOOOOOOOOOOOOOOOOOOOOOOOOOOOOOOOOOOOOOOOOOOOO I was not comfortable until the 3rd replay when I finally accepted the kick was good


Edit: and there was no flag. Go Team",313493600.0,positive,0.184,0.699,0.117,-0.4408
1oz26p9,1763339974.0,251158,1.0,1183,Game Thread,[Post Game Thread] Denver Broncos (9-2) defeat Kansas City Chiefs (5-5) LETS GOOOOOOOOOOOOOOOOOOOOOOOOOOOOOOOOOOOOOOOOOOOOOOOOOOOOOOOOOOOOOOOOOOOOOOOOOOOOOOOOOOOOOOOOOOOOOOOOOOOOOOOOOOOOOOOOOOOOOOOOOOOOOOOOO LETS FUCKING GO! NOT EVEN THE GOD AWFUL FLAGS ALL DAY COULD STOP US,297371072.0,positive,0.349,0.651,0.0,-0.9065
1oz26p9,1763340256.0,128605,1.0,1183,Game Thread,[Post Game Thread] Denver Broncos (9-2) defeat Kansas City Chiefs (5-5) LETS GOOOOOOOOOOOOOOOOOOOOOOOOOOOOOOOOOOOOOOOOOOOOOOOOOOOOOOOOOOOOOOOOOOOOOOOOOOOOOOOOOOOOOOOOOOOOOOOOOOOOOOOOOOOOOOOOOOOOOOOOOOOOOOOOO #GOD BLESS ADAM RANK,152268320.0,positive,0.139,0.697,0.164,0.1363
1oz26p9,1763340395.0,113475,1.0,1183,Game Thread,"[Post Game Thread] Denver Broncos (9-2) defeat Kansas City Chiefs (5-5) LETS GOOOOOOOOOOOOOOOOOOOOOOOOOOOOOOOOOOOOOOOOOOOOOOOOOOOOOOOOOOOOOOOOOOOOOOOOOOOOOOOOOOOOOOOOOOOOOOOOOOOOOOOOOOOOOOOOOOOOOOOOOOOOOOOOO Hardest win of the year. The refs really did all they could to keep KC in the game and they still got the W. 

This season is crazy. Broncos already took down the 2 superbowl teams from last season and are tied for the 1 seed. Way above my expectations for the year already.",134354400.0,positive,0.076,0.871,0.053,-0.1531
1oyw5nm,1763340057.0,142,0.97,11504,Game Thread,"[GAME THREAD]: Denver Broncos (8-2) vs Kansas City Chiefs (5-4) ###Week 11
 
**[](/DEN) Denver Broncos (8-2) vs [](/KC) Kansas City Chiefs (5-4)**
###
 
---

[Game Preview](https://www.youtube.com/watch?v=Y2j8LbIJQbM)

---
 
#WEATHER/BROADCAST
 
4:25pm ET | 3:25pm CT | **2:25pm MT** | 1:25pm PT / Empower Field at Mile High Stadium
 
[Weather Forecast](https://weather.com/weather/hourbyhour/l/3f345b93f02bdea125a122a4798a6b17174a3153bb0f45b4d5238343613d7368)
 
- TV | CBS [](/CBS) Jim Nantz, Tony Romo, Tracy Wolfson
 
- [Check to see what game is on in your area](https://506sports.com/)
 
- Local Radio (**KOA - 850 AM/94.1 FM & The Fox - 103.5 FM:** )
 
^(***KOA broadcast only works on desktop, not mobile.***)
 
 
---
#INJURY
 
[](/DEN) [**DEN Injury Report**](http://www.denverbroncos.com/team/injury-report.html) | [](/KC) [**KC Injury Report**](https://www.chiefs.com/team/injury-report/)
 
---
 
#NEWS
 
---
#AROUND THE AFC WEST
 
Team |  | Opp. | Date | Time/Score
----|---|----|----|----
[](/r/chargers) LAC | | [](/JAC) JAC |11/16 [](/CBS) |
[](/r/kansascitychiefs) KC | |[](/DEN) DEN |11/16 [](/CBS)| 
[](/r/raiders) LV |@ |[](/DAL) DAL |11/17 [](/ESPN)|



---


#GOING TO THE GAME? [Consider parking at Lake Middle School!!](https://www.reddit.com/r/DenverBroncos/comments/1mochh7/if_you_are_going_to_a_broncos_game_during_the/)


 ---
 
#THREAD NOTES
 
This thread is ***specifically geared toward Broncos fans***. 
 
***Pick your flair*** in the sidebar. 	
 
Subscribe to **/r/denverbroncos** [Post Game Thread](https://www.reddit.com/r/DenverBroncos/comments/1oz26p9/post_game_thread_denver_broncos_92_defeat_kansas/)",1584699.0,neutral,0.041,0.959,0.0,-0.7611
1oyw5nm,1763330327.0,11076,0.97,11504,Game Thread,"[GAME THREAD]: Denver Broncos (8-2) vs Kansas City Chiefs (5-4) ###Week 11
 
**[](/DEN) Denver Broncos (8-2) vs [](/KC) Kansas City Chiefs (5-4)**
###
 
---

[Game Preview](https://www.youtube.com/watch?v=Y2j8LbIJQbM)

---
 
#WEATHER/BROADCAST
 
4:25pm ET | 3:25pm CT | **2:25pm MT** | 1:25pm PT / Empower Field at Mile High Stadium
 
[Weather Forecast](https://weather.com/weather/hourbyhour/l/3f345b93f02bdea125a122a4798a6b17174a3153bb0f45b4d5238343613d7368)
 
- TV | CBS [](/CBS) Jim Nantz, Tony Romo, Tracy Wolfson
 
- [Check to see what game is on in your area](https://506sports.com/)
 
- Local Radio (**KOA - 850 AM/94.1 FM & The Fox - 103.5 FM:** )
 
^(***KOA broadcast only works on desktop, not mobile.***)
 
 
---
#INJURY
 
[](/DEN) [**DEN Injury Report**](http://www.denverbroncos.com/team/injury-report.html) | [](/KC) [**KC Injury Report**](https://www.chiefs.com/team/injury-report/)
 
---
 
#NEWS
 
---
#AROUND THE AFC WEST
 
Team |  | Opp. | Date | Time/Score
----|---|----|----|----
[](/r/chargers) LAC | | [](/JAC) JAC |11/16 [](/CBS) |
[](/r/kansascitychiefs) KC | |[](/DEN) DEN |11/16 [](/CBS)| 
[](/r/raiders) LV |@ |[](/DAL) DAL |11/17 [](/ESPN)|



---


#GOING TO THE GAME? [Consider parking at Lake Middle School!!](https://www.reddit.com/r/DenverBroncos/comments/1mochh7/if_you_are_going_to_a_broncos_game_during_the/)


 ---
 
#THREAD NOTES
 
This thread is ***specifically geared toward Broncos fans***. 
 
***Pick your flair*** in the sidebar. 	
 
Subscribe to **/r/denverbroncos** Romo bout to run on the field and eat mahomes ass",123606499.0,neutral,0.059,0.941,0.0,-0.8763
1oyw5nm,1763330332.0,5112,0.97,11504,Game Thread,"[GAME THREAD]: Denver Broncos (8-2) vs Kansas City Chiefs (5-4) ###Week 11
 
**[](/DEN) Denver Broncos (8-2) vs [](/KC) Kansas City Chiefs (5-4)**
###
 
---

[Game Preview](https://www.youtube.com/watch?v=Y2j8LbIJQbM)

---
 
#WEATHER/BROADCAST
 
4:25pm ET | 3:25pm CT | **2:25pm MT** | 1:25pm PT / Empower Field at Mile High Stadium
 
[Weather Forecast](https://weather.com/weather/hourbyhour/l/3f345b93f02bdea125a122a4798a6b17174a3153bb0f45b4d5238343613d7368)
 
- TV | CBS [](/CBS) Jim Nantz, Tony Romo, Tracy Wolfson
 
- [Check to see what game is on in your area](https://506sports.com/)
 
- Local Radio (**KOA - 850 AM/94.1 FM & The Fox - 103.5 FM:** )
 
^(***KOA broadcast only works on desktop, not mobile.***)
 
 
---
#INJURY
 
[](/DEN) [**DEN Injury Report**](http://www.denverbroncos.com/team/injury-report.html) | [](/KC) [**KC Injury Report**](https://www.chiefs.com/team/injury-report/)
 
---
 
#NEWS
 
---
#AROUND THE AFC WEST
 
Team |  | Opp. | Date | Time/Score
----|---|----|----|----
[](/r/chargers) LAC | | [](/JAC) JAC |11/16 [](/CBS) |
[](/r/kansascitychiefs) KC | |[](/DEN) DEN |11/16 [](/CBS)| 
[](/r/raiders) LV |@ |[](/DAL) DAL |11/17 [](/ESPN)|



---


#GOING TO THE GAME? [Consider parking at Lake Middle School!!](https://www.reddit.com/r/DenverBroncos/comments/1mochh7/if_you_are_going_to_a_broncos_game_during_the/)


 ---
 
#THREAD NOTES
 
This thread is ***specifically geared toward Broncos fans***. 
 
***Pick your flair*** in the sidebar. 	
 
Subscribe to **/r/denverbroncos** Romo is insufferable",57049153.0,neutral,0.041,0.959,0.0,-0.7611
1oyw5nm,1763336536.0,5112,0.97,11504,Game Thread,"[GAME THREAD]: Denver Broncos (8-2) vs Kansas City Chiefs (5-4) ###Week 11
 
**[](/DEN) Denver Broncos (8-2) vs [](/KC) Kansas City Chiefs (5-4)**
###
 
---

[Game Preview](https://www.youtube.com/watch?v=Y2j8LbIJQbM)

---
 
#WEATHER/BROADCAST
 
4:25pm ET | 3:25pm CT | **2:25pm MT** | 1:25pm PT / Empower Field at Mile High Stadium
 
[Weather Forecast](https://weather.com/weather/hourbyhour/l/3f345b93f02bdea125a122a4798a6b17174a3153bb0f45b4d5238343613d7368)
 
- TV | CBS [](/CBS) Jim Nantz, Tony Romo, Tracy Wolfson
 
- [Check to see what game is on in your area](https://506sports.com/)
 
- Local Radio (**KOA - 850 AM/94.1 FM & The Fox - 103.5 FM:** )
 
^(***KOA broadcast only works on desktop, not mobile.***)
 
 
---
#INJURY
 
[](/DEN) [**DEN Injury Report**](http://www.denverbroncos.com/team/injury-report.html) | [](/KC) [**KC Injury Report**](https://www.chiefs.com/team/injury-report/)
 
---
 
#NEWS
 
---
#AROUND THE AFC WEST
 
Team |  | Opp. | Date | Time/Score
----|---|----|----|----
[](/r/chargers) LAC | | [](/JAC) JAC |11/16 [](/CBS) |
[](/r/kansascitychiefs) KC | |[](/DEN) DEN |11/16 [](/CBS)| 
[](/r/raiders) LV |@ |[](/DAL) DAL |11/17 [](/ESPN)|



---


#GOING TO THE GAME? [Consider parking at Lake Middle School!!](https://www.reddit.com/r/DenverBroncos/comments/1mochh7/if_you_are_going_to_a_broncos_game_during_the/)


 ---
 
#THREAD NOTES
 
This thread is ***specifically geared toward Broncos fans***. 
 
***Pick your flair*** in the sidebar. 	
 
Subscribe to **/r/denverbroncos** We are at our most beat up, KC is their most healthy, the refs HEAVILY favoring KC. 

AND IT'S TIED WITH US HAVING A CHANCE TO TAKE THE LEAD. 

LET'S GO BRONCOS AND WIN THIS GAME!",57049153.0,negative,0.028,0.901,0.071,0.8656
1oyw5nm,1763336022.0,4828,0.97,11504,Game Thread,"[GAME THREAD]: Denver Broncos (8-2) vs Kansas City Chiefs (5-4) ###Week 11
 
**[](/DEN) Denver Broncos (8-2) vs [](/KC) Kansas City Chiefs (5-4)**
###
 
---

[Game Preview](https://www.youtube.com/watch?v=Y2j8LbIJQbM)

---
 
#WEATHER/BROADCAST
 
4:25pm ET | 3:25pm CT | **2:25pm MT** | 1:25pm PT / Empower Field at Mile High Stadium
 
[Weather Forecast](https://weather.com/weather/hourbyhour/l/3f345b93f02bdea125a122a4798a6b17174a3153bb0f45b4d5238343613d7368)
 
- TV | CBS [](/CBS) Jim Nantz, Tony Romo, Tracy Wolfson
 
- [Check to see what game is on in your area](https://506sports.com/)
 
- Local Radio (**KOA - 850 AM/94.1 FM & The Fox - 103.5 FM:** )
 
^(***KOA broadcast only works on desktop, not mobile.***)
 
 
---
#INJURY
 
[](/DEN) [**DEN Injury Report**](http://www.denverbroncos.com/team/injury-report.html) | [](/KC) [**KC Injury Report**](https://www.chiefs.com/team/injury-report/)
 
---
 
#NEWS
 
---
#AROUND THE AFC WEST
 
Team |  | Opp. | Date | Time/Score
----|---|----|----|----
[](/r/chargers) LAC | | [](/JAC) JAC |11/16 [](/CBS) |
[](/r/kansascitychiefs) KC | |[](/DEN) DEN |11/16 [](/CBS)| 
[](/r/raiders) LV |@ |[](/DAL) DAL |11/17 [](/ESPN)|



---


#GOING TO THE GAME? [Consider parking at Lake Middle School!!](https://www.reddit.com/r/DenverBroncos/comments/1mochh7/if_you_are_going_to_a_broncos_game_during_the/)


 ---
 
#THREAD NOTES
 
This thread is ***specifically geared toward Broncos fans***. 
 
***Pick your flair*** in the sidebar. 	
 
Subscribe to **/r/denverbroncos** Patriots fan here - my God this CBS crew is glazing the Chiefs. Usually this kind of thing is accompanied by gagging noises.",53879756.0,negative,0.036,0.94,0.024,-0.4843
1oyw5nm,1763336545.0,4260,0.97,11504,Game Thread,"[GAME THREAD]: Denver Broncos (8-2) vs Kansas City Chiefs (5-4) ###Week 11
 
**[](/DEN) Denver Broncos (8-2) vs [](/KC) Kansas City Chiefs (5-4)**
###
 
---

[Game Preview](https://www.youtube.com/watch?v=Y2j8LbIJQbM)

---
 
#WEATHER/BROADCAST
 
4:25pm ET | 3:25pm CT | **2:25pm MT** | 1:25pm PT / Empower Field at Mile High Stadium
 
[Weather Forecast](https://weather.com/weather/hourbyhour/l/3f345b93f02bdea125a122a4798a6b17174a3153bb0f45b4d5238343613d7368)
 
- TV | CBS [](/CBS) Jim Nantz, Tony Romo, Tracy Wolfson
 
- [Check to see what game is on in your area](https://506sports.com/)
 
- Local Radio (**KOA - 850 AM/94.1 FM & The Fox - 103.5 FM:** )
 
^(***KOA broadcast only works on desktop, not mobile.***)
 
 
---
#INJURY
 
[](/DEN) [**DEN Injury Report**](http://www.denverbroncos.com/team/injury-report.html) | [](/KC) [**KC Injury Report**](https://www.chiefs.com/team/injury-report/)
 
---
 
#NEWS
 
---
#AROUND THE AFC WEST
 
Team |  | Opp. | Date | Time/Score
----|---|----|----|----
[](/r/chargers) LAC | | [](/JAC) JAC |11/16 [](/CBS) |
[](/r/kansascitychiefs) KC | |[](/DEN) DEN |11/16 [](/CBS)| 
[](/r/raiders) LV |@ |[](/DAL) DAL |11/17 [](/ESPN)|



---


#GOING TO THE GAME? [Consider parking at Lake Middle School!!](https://www.reddit.com/r/DenverBroncos/comments/1mochh7/if_you_are_going_to_a_broncos_game_during_the/)


 ---
 
#THREAD NOTES
 
This thread is ***specifically geared toward Broncos fans***. 
 
***Pick your flair*** in the sidebar. 	
 
Subscribe to **/r/denverbroncos** Officials missing on GAME CRITICAL calls in KC favor….but we’re getting the nickel and dimes.  

In terms of real game impact it’s been heavily in favor of KC",47540961.0,negative,0.062,0.924,0.014,-0.8433
1oyw5nm,1763330350.0,3692,0.97,11504,Game Thread,"[GAME THREAD]: Denver Broncos (8-2) vs Kansas City Chiefs (5-4) ###Week 11
 
**[](/DEN) Denver Broncos (8-2) vs [](/KC) Kansas City Chiefs (5-4)**
###
 
---

[Game Preview](https://www.youtube.com/watch?v=Y2j8LbIJQbM)

---
 
#WEATHER/BROADCAST
 
4:25pm ET | 3:25pm CT | **2:25pm MT** | 1:25pm PT / Empower Field at Mile High Stadium
 
[Weather Forecast](https://weather.com/weather/hourbyhour/l/3f345b93f02bdea125a122a4798a6b17174a3153bb0f45b4d5238343613d7368)
 
- TV | CBS [](/CBS) Jim Nantz, Tony Romo, Tracy Wolfson
 
- [Check to see what game is on in your area](https://506sports.com/)
 
- Local Radio (**KOA - 850 AM/94.1 FM & The Fox - 103.5 FM:** )
 
^(***KOA broadcast only works on desktop, not mobile.***)
 
 
---
#INJURY
 
[](/DEN) [**DEN Injury Report**](http://www.denverbroncos.com/team/injury-report.html) | [](/KC) [**KC Injury Report**](https://www.chiefs.com/team/injury-report/)
 
---
 
#NEWS
 
---
#AROUND THE AFC WEST
 
Team |  | Opp. | Date | Time/Score
----|---|----|----|----
[](/r/chargers) LAC | | [](/JAC) JAC |11/16 [](/CBS) |
[](/r/kansascitychiefs) KC | |[](/DEN) DEN |11/16 [](/CBS)| 
[](/r/raiders) LV |@ |[](/DAL) DAL |11/17 [](/ESPN)|



---


#GOING TO THE GAME? [Consider parking at Lake Middle School!!](https://www.reddit.com/r/DenverBroncos/comments/1mochh7/if_you_are_going_to_a_broncos_game_during_the/)


 ---
 
#THREAD NOTES
 
This thread is ***specifically geared toward Broncos fans***. 
 
***Pick your flair*** in the sidebar. 	
 
Subscribe to **/r/denverbroncos** Pass Interference should be capped at 15yds MAX",41202166.0,negative,0.04,0.96,0.0,-0.7611
1oyw5nm,1763331119.0,3408,0.97,11504,Game Thread,"[GAME THREAD]: Denver Broncos (8-2) vs Kansas City Chiefs (5-4) ###Week 11
 
**[](/DEN) Denver Broncos (8-2) vs [](/KC) Kansas City Chiefs (5-4)**
###
 
---

[Game Preview](https://www.youtube.com/watch?v=Y2j8LbIJQbM)

---
 
#WEATHER/BROADCAST
 
4:25pm ET | 3:25pm CT | **2:25pm MT** | 1:25pm PT / Empower Field at Mile High Stadium
 
[Weather Forecast](https://weather.com/weather/hourbyhour/l/3f345b93f02bdea125a122a4798a6b17174a3153bb0f45b4d5238343613d7368)
 
- TV | CBS [](/CBS) Jim Nantz, Tony Romo, Tracy Wolfson
 
- [Check to see what game is on in your area](https://506sports.com/)
 
- Local Radio (**KOA - 850 AM/94.1 FM & The Fox - 103.5 FM:** )
 
^(***KOA broadcast only works on desktop, not mobile.***)
 
 
---
#INJURY
 
[](/DEN) [**DEN Injury Report**](http://www.denverbroncos.com/team/injury-report.html) | [](/KC) [**KC Injury Report**](https://www.chiefs.com/team/injury-report/)
 
---
 
#NEWS
 
---
#AROUND THE AFC WEST
 
Team |  | Opp. | Date | Time/Score
----|---|----|----|----
[](/r/chargers) LAC | | [](/JAC) JAC |11/16 [](/CBS) |
[](/r/kansascitychiefs) KC | |[](/DEN) DEN |11/16 [](/CBS)| 
[](/r/raiders) LV |@ |[](/DAL) DAL |11/17 [](/ESPN)|



---


#GOING TO THE GAME? [Consider parking at Lake Middle School!!](https://www.reddit.com/r/DenverBroncos/comments/1mochh7/if_you_are_going_to_a_broncos_game_during_the/)


 ---
 
#THREAD NOTES
 
This thread is ***specifically geared toward Broncos fans***. 
 
***Pick your flair*** in the sidebar. 	
 
Subscribe to **/r/denverbroncos** Romo calling the hit on Mahomes late but completely ignoring the 3 obvious holds by the o-line on the replay.",38032769.0,negative,0.049,0.951,0.0,-0.8287
1oyw5nm,1763331863.0,3550,0.97,11504,Game Thread,"[GAME THREAD]: Denver Broncos (8-2) vs Kansas City Chiefs (5-4) ###Week 11
 
**[](/DEN) Denver Broncos (8-2) vs [](/KC) Kansas City Chiefs (5-4)**
###
 
---

[Game Preview](https://www.youtube.com/watch?v=Y2j8LbIJQbM)

---
 
#WEATHER/BROADCAST
 
4:25pm ET | 3:25pm CT | **2:25pm MT** | 1:25pm PT / Empower Field at Mile High Stadium
 
[Weather Forecast](https://weather.com/weather/hourbyhour/l/3f345b93f02bdea125a122a4798a6b17174a3153bb0f45b4d5238343613d7368)
 
- TV | CBS [](/CBS) Jim Nantz, Tony Romo, Tracy Wolfson
 
- [Check to see what game is on in your area](https://506sports.com/)
 
- Local Radio (**KOA - 850 AM/94.1 FM & The Fox - 103.5 FM:** )
 
^(***KOA broadcast only works on desktop, not mobile.***)
 
 
---
#INJURY
 
[](/DEN) [**DEN Injury Report**](http://www.denverbroncos.com/team/injury-report.html) | [](/KC) [**KC Injury Report**](https://www.chiefs.com/team/injury-report/)
 
---
 
#NEWS
 
---
#AROUND THE AFC WEST
 
Team |  | Opp. | Date | Time/Score
----|---|----|----|----
[](/r/chargers) LAC | | [](/JAC) JAC |11/16 [](/CBS) |
[](/r/kansascitychiefs) KC | |[](/DEN) DEN |11/16 [](/CBS)| 
[](/r/raiders) LV |@ |[](/DAL) DAL |11/17 [](/ESPN)|



---


#GOING TO THE GAME? [Consider parking at Lake Middle School!!](https://www.reddit.com/r/DenverBroncos/comments/1mochh7/if_you_are_going_to_a_broncos_game_during_the/)


 ---
 
#THREAD NOTES
 
This thread is ***specifically geared toward Broncos fans***. 
 
***Pick your flair*** in the sidebar. 	
 
Subscribe to **/r/denverbroncos** I just want someone to hold me like Simmons has been holding Bonitto. 😭",39617468.0,negative,0.038,0.94,0.022,-0.5781
1oyw5nm,1763330343.0,2698,0.97,11504,Game Thread,"[GAME THREAD]: Denver Broncos (8-2) vs Kansas City Chiefs (5-4) ###Week 11
 
**[](/DEN) Denver Broncos (8-2) vs [](/KC) Kansas City Chiefs (5-4)**
###
 
---

[Game Preview](https://www.youtube.com/watch?v=Y2j8LbIJQbM)

---
 
#WEATHER/BROADCAST
 
4:25pm ET | 3:25pm CT | **2:25pm MT** | 1:25pm PT / Empower Field at Mile High Stadium
 
[Weather Forecast](https://weather.com/weather/hourbyhour/l/3f345b93f02bdea125a122a4798a6b17174a3153bb0f45b4d5238343613d7368)
 
- TV | CBS [](/CBS) Jim Nantz, Tony Romo, Tracy Wolfson
 
- [Check to see what game is on in your area](https://506sports.com/)
 
- Local Radio (**KOA - 850 AM/94.1 FM & The Fox - 103.5 FM:** )
 
^(***KOA broadcast only works on desktop, not mobile.***)
 
 
---
#INJURY
 
[](/DEN) [**DEN Injury Report**](http://www.denverbroncos.com/team/injury-report.html) | [](/KC) [**KC Injury Report**](https://www.chiefs.com/team/injury-report/)
 
---
 
#NEWS
 
---
#AROUND THE AFC WEST
 
Team |  | Opp. | Date | Time/Score
----|---|----|----|----
[](/r/chargers) LAC | | [](/JAC) JAC |11/16 [](/CBS) |
[](/r/kansascitychiefs) KC | |[](/DEN) DEN |11/16 [](/CBS)| 
[](/r/raiders) LV |@ |[](/DAL) DAL |11/17 [](/ESPN)|



---


#GOING TO THE GAME? [Consider parking at Lake Middle School!!](https://www.reddit.com/r/DenverBroncos/comments/1mochh7/if_you_are_going_to_a_broncos_game_during_the/)


 ---
 
#THREAD NOTES
 
This thread is ***specifically geared toward Broncos fans***. 
 
***Pick your flair*** in the sidebar. 	
 
Subscribe to **/r/denverbroncos** Romo is the worst",30109275.0,negative,0.065,0.935,0.0,-0.892
1oyw5nm,1763330349.0,3124,0.97,11504,Game Thread,"[GAME THREAD]: Denver Broncos (8-2) vs Kansas City Chiefs (5-4) ###Week 11
 
**[](/DEN) Denver Broncos (8-2) vs [](/KC) Kansas City Chiefs (5-4)**
###
 
---

[Game Preview](https://www.youtube.com/watch?v=Y2j8LbIJQbM)

---
 
#WEATHER/BROADCAST
 
4:25pm ET | 3:25pm CT | **2:25pm MT** | 1:25pm PT / Empower Field at Mile High Stadium
 
[Weather Forecast](https://weather.com/weather/hourbyhour/l/3f345b93f02bdea125a122a4798a6b17174a3153bb0f45b4d5238343613d7368)
 
- TV | CBS [](/CBS) Jim Nantz, Tony Romo, Tracy Wolfson
 
- [Check to see what game is on in your area](https://506sports.com/)
 
- Local Radio (**KOA - 850 AM/94.1 FM & The Fox - 103.5 FM:** )
 
^(***KOA broadcast only works on desktop, not mobile.***)
 
 
---
#INJURY
 
[](/DEN) [**DEN Injury Report**](http://www.denverbroncos.com/team/injury-report.html) | [](/KC) [**KC Injury Report**](https://www.chiefs.com/team/injury-report/)
 
---
 
#NEWS
 
---
#AROUND THE AFC WEST
 
Team |  | Opp. | Date | Time/Score
----|---|----|----|----
[](/r/chargers) LAC | | [](/JAC) JAC |11/16 [](/CBS) |
[](/r/kansascitychiefs) KC | |[](/DEN) DEN |11/16 [](/CBS)| 
[](/r/raiders) LV |@ |[](/DAL) DAL |11/17 [](/ESPN)|



---


#GOING TO THE GAME? [Consider parking at Lake Middle School!!](https://www.reddit.com/r/DenverBroncos/comments/1mochh7/if_you_are_going_to_a_broncos_game_during_the/)


 ---
 
#THREAD NOTES
 
This thread is ***specifically geared toward Broncos fans***. 
 
***Pick your flair*** in the sidebar. 	
 
Subscribe to **/r/denverbroncos** Refs spotted them down to the redzone on a bs PI and then call holding to make it not seem lopsided

You literally spotted them 3 points",34863371.0,negative,0.036,0.964,0.0,-0.7611
1oyw5nm,1763330609.0,2840,0.97,11504,Game Thread,"[GAME THREAD]: Denver Broncos (8-2) vs Kansas City Chiefs (5-4) ###Week 11
 
**[](/DEN) Denver Broncos (8-2) vs [](/KC) Kansas City Chiefs (5-4)**
###
 
---

[Game Preview](https://www.youtube.com/watch?v=Y2j8LbIJQbM)

---
 
#WEATHER/BROADCAST
 
4:25pm ET | 3:25pm CT | **2:25pm MT** | 1:25pm PT / Empower Field at Mile High Stadium
 
[Weather Forecast](https://weather.com/weather/hourbyhour/l/3f345b93f02bdea125a122a4798a6b17174a3153bb0f45b4d5238343613d7368)
 
- TV | CBS [](/CBS) Jim Nantz, Tony Romo, Tracy Wolfson
 
- [Check to see what game is on in your area](https://506sports.com/)
 
- Local Radio (**KOA - 850 AM/94.1 FM & The Fox - 103.5 FM:** )
 
^(***KOA broadcast only works on desktop, not mobile.***)
 
 
---
#INJURY
 
[](/DEN) [**DEN Injury Report**](http://www.denverbroncos.com/team/injury-report.html) | [](/KC) [**KC Injury Report**](https://www.chiefs.com/team/injury-report/)
 
---
 
#NEWS
 
---
#AROUND THE AFC WEST
 
Team |  | Opp. | Date | Time/Score
----|---|----|----|----
[](/r/chargers) LAC | | [](/JAC) JAC |11/16 [](/CBS) |
[](/r/kansascitychiefs) KC | |[](/DEN) DEN |11/16 [](/CBS)| 
[](/r/raiders) LV |@ |[](/DAL) DAL |11/17 [](/ESPN)|



---


#GOING TO THE GAME? [Consider parking at Lake Middle School!!](https://www.reddit.com/r/DenverBroncos/comments/1mochh7/if_you_are_going_to_a_broncos_game_during_the/)


 ---
 
#THREAD NOTES
 
This thread is ***specifically geared toward Broncos fans***. 
 
***Pick your flair*** in the sidebar. 	
 
Subscribe to **/r/denverbroncos** I think KC gameplan is deep bomb and hope for PI.",31693974.0,negative,0.057,0.926,0.017,-0.781
1oyw5nm,1763330652.0,2698,0.97,11504,Game Thread,"[GAME THREAD]: Denver Broncos (8-2) vs Kansas City Chiefs (5-4) ###Week 11
 
**[](/DEN) Denver Broncos (8-2) vs [](/KC) Kansas City Chiefs (5-4)**
###
 
---

[Game Preview](https://www.youtube.com/watch?v=Y2j8LbIJQbM)

---
 
#WEATHER/BROADCAST
 
4:25pm ET | 3:25pm CT | **2:25pm MT** | 1:25pm PT / Empower Field at Mile High Stadium
 
[Weather Forecast](https://weather.com/weather/hourbyhour/l/3f345b93f02bdea125a122a4798a6b17174a3153bb0f45b4d5238343613d7368)
 
- TV | CBS [](/CBS) Jim Nantz, Tony Romo, Tracy Wolfson
 
- [Check to see what game is on in your area](https://506sports.com/)
 
- Local Radio (**KOA - 850 AM/94.1 FM & The Fox - 103.5 FM:** )
 
^(***KOA broadcast only works on desktop, not mobile.***)
 
 
---
#INJURY
 
[](/DEN) [**DEN Injury Report**](http://www.denverbroncos.com/team/injury-report.html) | [](/KC) [**KC Injury Report**](https://www.chiefs.com/team/injury-report/)
 
---
 
#NEWS
 
---
#AROUND THE AFC WEST
 
Team |  | Opp. | Date | Time/Score
----|---|----|----|----
[](/r/chargers) LAC | | [](/JAC) JAC |11/16 [](/CBS) |
[](/r/kansascitychiefs) KC | |[](/DEN) DEN |11/16 [](/CBS)| 
[](/r/raiders) LV |@ |[](/DAL) DAL |11/17 [](/ESPN)|



---


#GOING TO THE GAME? [Consider parking at Lake Middle School!!](https://www.reddit.com/r/DenverBroncos/comments/1mochh7/if_you_are_going_to_a_broncos_game_during_the/)


 ---
 
#THREAD NOTES
 
This thread is ***specifically geared toward Broncos fans***. 
 
***Pick your flair*** in the sidebar. 	
 
Subscribe to **/r/denverbroncos** That play should NOT have been blown dead.",30109275.0,negative,0.064,0.922,0.014,-0.8571
1oyw5nm,1763332410.0,3124,0.97,11504,Game Thread,"[GAME THREAD]: Denver Broncos (8-2) vs Kansas City Chiefs (5-4) ###Week 11
 
**[](/DEN) Denver Broncos (8-2) vs [](/KC) Kansas City Chiefs (5-4)**
###
 
---

[Game Preview](https://www.youtube.com/watch?v=Y2j8LbIJQbM)

---
 
#WEATHER/BROADCAST
 
4:25pm ET | 3:25pm CT | **2:25pm MT** | 1:25pm PT / Empower Field at Mile High Stadium
 
[Weather Forecast](https://weather.com/weather/hourbyhour/l/3f345b93f02bdea125a122a4798a6b17174a3153bb0f45b4d5238343613d7368)
 
- TV | CBS [](/CBS) Jim Nantz, Tony Romo, Tracy Wolfson
 
- [Check to see what game is on in your area](https://506sports.com/)
 
- Local Radio (**KOA - 850 AM/94.1 FM & The Fox - 103.5 FM:** )
 
^(***KOA broadcast only works on desktop, not mobile.***)
 
 
---
#INJURY
 
[](/DEN) [**DEN Injury Report**](http://www.denverbroncos.com/team/injury-report.html) | [](/KC) [**KC Injury Report**](https://www.chiefs.com/team/injury-report/)
 
---
 
#NEWS
 
---
#AROUND THE AFC WEST
 
Team |  | Opp. | Date | Time/Score
----|---|----|----|----
[](/r/chargers) LAC | | [](/JAC) JAC |11/16 [](/CBS) |
[](/r/kansascitychiefs) KC | |[](/DEN) DEN |11/16 [](/CBS)| 
[](/r/raiders) LV |@ |[](/DAL) DAL |11/17 [](/ESPN)|



---


#GOING TO THE GAME? [Consider parking at Lake Middle School!!](https://www.reddit.com/r/DenverBroncos/comments/1mochh7/if_you_are_going_to_a_broncos_game_during_the/)


 ---
 
#THREAD NOTES
 
This thread is ***specifically geared toward Broncos fans***. 
 
***Pick your flair*** in the sidebar. 	
 
Subscribe to **/r/denverbroncos** I want way more Mims and Bryant


And none of Franklin ",34863371.0,negative,0.039,0.953,0.008,-0.7387
1oyw5nm,1763332419.0,3124,0.97,11504,Game Thread,"[GAME THREAD]: Denver Broncos (8-2) vs Kansas City Chiefs (5-4) ###Week 11
 
**[](/DEN) Denver Broncos (8-2) vs [](/KC) Kansas City Chiefs (5-4)**
###
 
---

[Game Preview](https://www.youtube.com/watch?v=Y2j8LbIJQbM)

---
 
#WEATHER/BROADCAST
 
4:25pm ET | 3:25pm CT | **2:25pm MT** | 1:25pm PT / Empower Field at Mile High Stadium
 
[Weather Forecast](https://weather.com/weather/hourbyhour/l/3f345b93f02bdea125a122a4798a6b17174a3153bb0f45b4d5238343613d7368)
 
- TV | CBS [](/CBS) Jim Nantz, Tony Romo, Tracy Wolfson
 
- [Check to see what game is on in your area](https://506sports.com/)
 
- Local Radio (**KOA - 850 AM/94.1 FM & The Fox - 103.5 FM:** )
 
^(***KOA broadcast only works on desktop, not mobile.***)
 
 
---
#INJURY
 
[](/DEN) [**DEN Injury Report**](http://www.denverbroncos.com/team/injury-report.html) | [](/KC) [**KC Injury Report**](https://www.chiefs.com/team/injury-report/)
 
---
 
#NEWS
 
---
#AROUND THE AFC WEST
 
Team |  | Opp. | Date | Time/Score
----|---|----|----|----
[](/r/chargers) LAC | | [](/JAC) JAC |11/16 [](/CBS) |
[](/r/kansascitychiefs) KC | |[](/DEN) DEN |11/16 [](/CBS)| 
[](/r/raiders) LV |@ |[](/DAL) DAL |11/17 [](/ESPN)|



---


#GOING TO THE GAME? [Consider parking at Lake Middle School!!](https://www.reddit.com/r/DenverBroncos/comments/1mochh7/if_you_are_going_to_a_broncos_game_during_the/)


 ---
 
#THREAD NOTES
 
This thread is ***specifically geared toward Broncos fans***. 
 
***Pick your flair*** in the sidebar. 	
 
Subscribe to **/r/denverbroncos** Bo is playing well so far. Franklin is the most frustrating player to watch. He gets open all the time but can't catch to save his life.",34863371.0,negative,0.055,0.929,0.016,-0.8091
1oyw5nm,1763332443.0,2840,0.97,11504,Game Thread,"[GAME THREAD]: Denver Broncos (8-2) vs Kansas City Chiefs (5-4) ###Week 11
 
**[](/DEN) Denver Broncos (8-2) vs [](/KC) Kansas City Chiefs (5-4)**
###
 
---

[Game Preview](https://www.youtube.com/watch?v=Y2j8LbIJQbM)

---
 
#WEATHER/BROADCAST
 
4:25pm ET | 3:25pm CT | **2:25pm MT** | 1:25pm PT / Empower Field at Mile High Stadium
 
[Weather Forecast](https://weather.com/weather/hourbyhour/l/3f345b93f02bdea125a122a4798a6b17174a3153bb0f45b4d5238343613d7368)
 
- TV | CBS [](/CBS) Jim Nantz, Tony Romo, Tracy Wolfson
 
- [Check to see what game is on in your area](https://506sports.com/)
 
- Local Radio (**KOA - 850 AM/94.1 FM & The Fox - 103.5 FM:** )
 
^(***KOA broadcast only works on desktop, not mobile.***)
 
 
---
#INJURY
 
[](/DEN) [**DEN Injury Report**](http://www.denverbroncos.com/team/injury-report.html) | [](/KC) [**KC Injury Report**](https://www.chiefs.com/team/injury-report/)
 
---
 
#NEWS
 
---
#AROUND THE AFC WEST
 
Team |  | Opp. | Date | Time/Score
----|---|----|----|----
[](/r/chargers) LAC | | [](/JAC) JAC |11/16 [](/CBS) |
[](/r/kansascitychiefs) KC | |[](/DEN) DEN |11/16 [](/CBS)| 
[](/r/raiders) LV |@ |[](/DAL) DAL |11/17 [](/ESPN)|



---


#GOING TO THE GAME? [Consider parking at Lake Middle School!!](https://www.reddit.com/r/DenverBroncos/comments/1mochh7/if_you_are_going_to_a_broncos_game_during_the/)


 ---
 
#THREAD NOTES
 
This thread is ***specifically geared toward Broncos fans***. 
 
***Pick your flair*** in the sidebar. 	
 
Subscribe to **/r/denverbroncos** Biggest off-season need gotta be another reliable receiver right?",31693974.0,negative,0.04,0.96,0.0,-0.7733
1oyw5nm,1763333013.0,2698,0.97,11504,Game Thread,"[GAME THREAD]: Denver Broncos (8-2) vs Kansas City Chiefs (5-4) ###Week 11
 
**[](/DEN) Denver Broncos (8-2) vs [](/KC) Kansas City Chiefs (5-4)**
###
 
---

[Game Preview](https://www.youtube.com/watch?v=Y2j8LbIJQbM)

---
 
#WEATHER/BROADCAST
 
4:25pm ET | 3:25pm CT | **2:25pm MT** | 1:25pm PT / Empower Field at Mile High Stadium
 
[Weather Forecast](https://weather.com/weather/hourbyhour/l/3f345b93f02bdea125a122a4798a6b17174a3153bb0f45b4d5238343613d7368)
 
- TV | CBS [](/CBS) Jim Nantz, Tony Romo, Tracy Wolfson
 
- [Check to see what game is on in your area](https://506sports.com/)
 
- Local Radio (**KOA - 850 AM/94.1 FM & The Fox - 103.5 FM:** )
 
^(***KOA broadcast only works on desktop, not mobile.***)
 
 
---
#INJURY
 
[](/DEN) [**DEN Injury Report**](http://www.denverbroncos.com/team/injury-report.html) | [](/KC) [**KC Injury Report**](https://www.chiefs.com/team/injury-report/)
 
---
 
#NEWS
 
---
#AROUND THE AFC WEST
 
Team |  | Opp. | Date | Time/Score
----|---|----|----|----
[](/r/chargers) LAC | | [](/JAC) JAC |11/16 [](/CBS) |
[](/r/kansascitychiefs) KC | |[](/DEN) DEN |11/16 [](/CBS)| 
[](/r/raiders) LV |@ |[](/DAL) DAL |11/17 [](/ESPN)|



---


#GOING TO THE GAME? [Consider parking at Lake Middle School!!](https://www.reddit.com/r/DenverBroncos/comments/1mochh7/if_you_are_going_to_a_broncos_game_during_the/)


 ---
 
#THREAD NOTES
 
This thread is ***specifically geared toward Broncos fans***. 
 
***Pick your flair*** in the sidebar. 	
 
Subscribe to **/r/denverbroncos** How is the booth not looking at that???",30109275.0,negative,0.043,0.957,0.0,-0.7989
1oyw5nm,1763333031.0,2982,0.97,11504,Game Thread,"[GAME THREAD]: Denver Broncos (8-2) vs Kansas City Chiefs (5-4) ###Week 11
 
**[](/DEN) Denver Broncos (8-2) vs [](/KC) Kansas City Chiefs (5-4)**
###
 
---

[Game Preview](https://www.youtube.com/watch?v=Y2j8LbIJQbM)

---
 
#WEATHER/BROADCAST
 
4:25pm ET | 3:25pm CT | **2:25pm MT** | 1:25pm PT / Empower Field at Mile High Stadium
 
[Weather Forecast](https://weather.com/weather/hourbyhour/l/3f345b93f02bdea125a122a4798a6b17174a3153bb0f45b4d5238343613d7368)
 
- TV | CBS [](/CBS) Jim Nantz, Tony Romo, Tracy Wolfson
 
- [Check to see what game is on in your area](https://506sports.com/)
 
- Local Radio (**KOA - 850 AM/94.1 FM & The Fox - 103.5 FM:** )
 
^(***KOA broadcast only works on desktop, not mobile.***)
 
 
---
#INJURY
 
[](/DEN) [**DEN Injury Report**](http://www.denverbroncos.com/team/injury-report.html) | [](/KC) [**KC Injury Report**](https://www.chiefs.com/team/injury-report/)
 
---
 
#NEWS
 
---
#AROUND THE AFC WEST
 
Team |  | Opp. | Date | Time/Score
----|---|----|----|----
[](/r/chargers) LAC | | [](/JAC) JAC |11/16 [](/CBS) |
[](/r/kansascitychiefs) KC | |[](/DEN) DEN |11/16 [](/CBS)| 
[](/r/raiders) LV |@ |[](/DAL) DAL |11/17 [](/ESPN)|



---


#GOING TO THE GAME? [Consider parking at Lake Middle School!!](https://www.reddit.com/r/DenverBroncos/comments/1mochh7/if_you_are_going_to_a_broncos_game_during_the/)


 ---
 
#THREAD NOTES
 
This thread is ***specifically geared toward Broncos fans***. 
 
***Pick your flair*** in the sidebar. 	
 
Subscribe to **/r/denverbroncos** That spot was horrendous",33278673.0,negative,0.063,0.937,0.0,-0.8845
1oyw5nm,1763334897.0,2840,0.97,11504,Game Thread,"[GAME THREAD]: Denver Broncos (8-2) vs Kansas City Chiefs (5-4) ###Week 11
 
**[](/DEN) Denver Broncos (8-2) vs [](/KC) Kansas City Chiefs (5-4)**
###
 
---

[Game Preview](https://www.youtube.com/watch?v=Y2j8LbIJQbM)

---
 
#WEATHER/BROADCAST
 
4:25pm ET | 3:25pm CT | **2:25pm MT** | 1:25pm PT / Empower Field at Mile High Stadium
 
[Weather Forecast](https://weather.com/weather/hourbyhour/l/3f345b93f02bdea125a122a4798a6b17174a3153bb0f45b4d5238343613d7368)
 
- TV | CBS [](/CBS) Jim Nantz, Tony Romo, Tracy Wolfson
 
- [Check to see what game is on in your area](https://506sports.com/)
 
- Local Radio (**KOA - 850 AM/94.1 FM & The Fox - 103.5 FM:** )
 
^(***KOA broadcast only works on desktop, not mobile.***)
 
 
---
#INJURY
 
[](/DEN) [**DEN Injury Report**](http://www.denverbroncos.com/team/injury-report.html) | [](/KC) [**KC Injury Report**](https://www.chiefs.com/team/injury-report/)
 
---
 
#NEWS
 
---
#AROUND THE AFC WEST
 
Team |  | Opp. | Date | Time/Score
----|---|----|----|----
[](/r/chargers) LAC | | [](/JAC) JAC |11/16 [](/CBS) |
[](/r/kansascitychiefs) KC | |[](/DEN) DEN |11/16 [](/CBS)| 
[](/r/raiders) LV |@ |[](/DAL) DAL |11/17 [](/ESPN)|



---


#GOING TO THE GAME? [Consider parking at Lake Middle School!!](https://www.reddit.com/r/DenverBroncos/comments/1mochh7/if_you_are_going_to_a_broncos_game_during_the/)


 ---
 
#THREAD NOTES
 
This thread is ***specifically geared toward Broncos fans***. 
 
***Pick your flair*** in the sidebar. 	
 
Subscribe to **/r/denverbroncos** This is fucking crazy with these game altering penalties",31693974.0,negative,0.055,0.945,0.0,-0.8495
1oyw5nm,1763335082.0,2698,0.97,11504,Game Thread,"[GAME THREAD]: Denver Broncos (8-2) vs Kansas City Chiefs (5-4) ###Week 11
 
**[](/DEN) Denver Broncos (8-2) vs [](/KC) Kansas City Chiefs (5-4)**
###
 
---

[Game Preview](https://www.youtube.com/watch?v=Y2j8LbIJQbM)

---
 
#WEATHER/BROADCAST
 
4:25pm ET | 3:25pm CT | **2:25pm MT** | 1:25pm PT / Empower Field at Mile High Stadium
 
[Weather Forecast](https://weather.com/weather/hourbyhour/l/3f345b93f02bdea125a122a4798a6b17174a3153bb0f45b4d5238343613d7368)
 
- TV | CBS [](/CBS) Jim Nantz, Tony Romo, Tracy Wolfson
 
- [Check to see what game is on in your area](https://506sports.com/)
 
- Local Radio (**KOA - 850 AM/94.1 FM & The Fox - 103.5 FM:** )
 
^(***KOA broadcast only works on desktop, not mobile.***)
 
 
---
#INJURY
 
[](/DEN) [**DEN Injury Report**](http://www.denverbroncos.com/team/injury-report.html) | [](/KC) [**KC Injury Report**](https://www.chiefs.com/team/injury-report/)
 
---
 
#NEWS
 
---
#AROUND THE AFC WEST
 
Team |  | Opp. | Date | Time/Score
----|---|----|----|----
[](/r/chargers) LAC | | [](/JAC) JAC |11/16 [](/CBS) |
[](/r/kansascitychiefs) KC | |[](/DEN) DEN |11/16 [](/CBS)| 
[](/r/raiders) LV |@ |[](/DAL) DAL |11/17 [](/ESPN)|



---


#GOING TO THE GAME? [Consider parking at Lake Middle School!!](https://www.reddit.com/r/DenverBroncos/comments/1mochh7/if_you_are_going_to_a_broncos_game_during_the/)


 ---
 
#THREAD NOTES
 
This thread is ***specifically geared toward Broncos fans***. 
 
***Pick your flair*** in the sidebar. 	
 
Subscribe to **/r/denverbroncos** ref literally tackling coach, the rigging is out of hand lol",30109275.0,negative,0.032,0.927,0.04,0.3278
1or3men,1762551296.0,92796,0.89,158,Misleading,"Bo Nix ranks #1 overall with 21 TDs Nobody has more than Bo.  

Drops and penalties are holding the kid back but all he does is keep winning and putting up historic stats.  The ceiling is going to be scary.

(tied with Stafford/Mahomes) I am from Germany. To watch this game I set my alarm for 4am and got up to watch the game before work... I did not really enjoy it. Asked myself why I would rob myself of some much needed sleep just to watch that shitshow.
Now that I have had some time to think on it and get in the right mood (i.e. drunk....)... I say what the fuck, we are 8 and 2 bitches, let' s fucking go!",13131562.0,positive,0.192,0.775,0.033,-0.9746
1or3men,1762546831.0,144078,0.89,158,Misleading,"Bo Nix ranks #1 overall with 21 TDs Nobody has more than Bo.  

Drops and penalties are holding the kid back but all he does is keep winning and putting up historic stats.  The ceiling is going to be scary.

(tied with Stafford/Mahomes) BO IS NOT BAD…but he has a lot to work on to get better.  Last night he was terrible and played like he was having some sort of a mental breakdown.  I don’t get it but I’m going to root for Bo his entire career because he’s a good dude and works hard.  I think his mental game needs to catch up to his physical abilities.  The quarterback position is extremely difficult and it takes most players years to figure it out.  I still have a lot of hope for this guy",20388478.0,neutral,0.088,0.751,0.161,0.9054
1or3men,1762546348.0,18315,0.89,158,Misleading,"Bo Nix ranks #1 overall with 21 TDs Nobody has more than Bo.  

Drops and penalties are holding the kid back but all he does is keep winning and putting up historic stats.  The ceiling is going to be scary.

(tied with Stafford/Mahomes) He’s got to play better, Sean has to design the offense differently, the WRs need to catch the ball, not at all giving up on Bo but he needs to play better",2591756.0,negative,0.099,0.706,0.195,0.8792
1or3men,1762543754.0,35002,0.89,158,Misleading,"Bo Nix ranks #1 overall with 21 TDs Nobody has more than Bo.  

Drops and penalties are holding the kid back but all he does is keep winning and putting up historic stats.  The ceiling is going to be scary.

(tied with Stafford/Mahomes) We really don't need to overcorrect from the Bo critiques with this fluff piece garbage. Let's see where he stands Tuesday morning.",4953133.0,neutral,0.06,0.876,0.064,0.0772
1or3men,1762547538.0,3256,0.89,158,Misleading,"Bo Nix ranks #1 overall with 21 TDs Nobody has more than Bo.  

Drops and penalties are holding the kid back but all he does is keep winning and putting up historic stats.  The ceiling is going to be scary.

(tied with Stafford/Mahomes) I BO-LIEVE",460757.0,positive,0.084,0.825,0.09,0.0772
1or3men,1762546831.0,9361,0.89,158,Misleading,"Bo Nix ranks #1 overall with 21 TDs Nobody has more than Bo.  

Drops and penalties are holding the kid back but all he does is keep winning and putting up historic stats.  The ceiling is going to be scary.

(tied with Stafford/Mahomes) How long before Josh Allen started being…Josh Allen?",1324675.0,neutral,0.074,0.846,0.079,0.0772
1or3men,1762551661.0,1628,0.89,158,Misleading,"Bo Nix ranks #1 overall with 21 TDs Nobody has more than Bo.  

Drops and penalties are holding the kid back but all he does is keep winning and putting up historic stats.  The ceiling is going to be scary.

(tied with Stafford/Mahomes) Bo had happy feet last night: and the play calling wasn’t helping him out either",230378.0,negative,0.059,0.728,0.213,0.9052
1or3men,1762546082.0,2849,0.89,158,Misleading,"Bo Nix ranks #1 overall with 21 TDs Nobody has more than Bo.  

Drops and penalties are holding the kid back but all he does is keep winning and putting up historic stats.  The ceiling is going to be scary.

(tied with Stafford/Mahomes) He has upside but has to fix his game, he is not playing well right now. Tape, sophomore slump.. whatever it is, it's a thing. TDs are great, but playing like Tebow is not a path to success in the NFL.",403162.0,negative,0.14,0.727,0.133,0.2973
1or3men,1762553437.0,4477,0.89,158,Misleading,"Bo Nix ranks #1 overall with 21 TDs Nobody has more than Bo.  

Drops and penalties are holding the kid back but all he does is keep winning and putting up historic stats.  The ceiling is going to be scary.

(tied with Stafford/Mahomes) That's cool. 

He's still playing like ass and is THE reason the offense has been bad. Don't know how many wide ass open plays he has to miss before you see that",633540.0,negative,0.224,0.625,0.151,-0.8573
1or3men,1762548017.0,1221,0.89,158,Misleading,"Bo Nix ranks #1 overall with 21 TDs Nobody has more than Bo.  

Drops and penalties are holding the kid back but all he does is keep winning and putting up historic stats.  The ceiling is going to be scary.

(tied with Stafford/Mahomes) ![gif](giphy|3oKIPrIQm4unOqCvLO)

That's my Bo right there.",172784.0,positive,0.077,0.836,0.087,0.1511
1or3men,1762548802.0,1221,0.89,158,Misleading,"Bo Nix ranks #1 overall with 21 TDs Nobody has more than Bo.  

Drops and penalties are holding the kid back but all he does is keep winning and putting up historic stats.  The ceiling is going to be scary.

(tied with Stafford/Mahomes) Even if we did replace him, who exactly are we signing/drafting that can actually do better? He may leave some to be desired but I don't think everyone jumping ship realizes we don't have lifeboats.",172784.0,neutral,0.063,0.812,0.125,0.7579
1or3men,1762552680.0,1221,0.89,158,Misleading,"Bo Nix ranks #1 overall with 21 TDs Nobody has more than Bo.  

Drops and penalties are holding the kid back but all he does is keep winning and putting up historic stats.  The ceiling is going to be scary.

(tied with Stafford/Mahomes) He was one of the best in red zone last year and he still is, but main problem has been we are struggling to move the chains. Running game is good, O-Line is good, receivers are underwhelming and Bo is a rhythm guy.

When we struggling to move chains Bo is a very cold and when he is cold he misses too much. He needs help from skill positions to keep moving the chains, make drives at least 2/3 mins. 

People forget that he is only in his sophomore year, and there is shit ton of pressure on him.

Receivers are dropping too much passes, on 50/50 passes only Court is good.

Pat looks promising, but he is having very rookie mistakes.

Troy can't catch/keep the ball in his hands he is very unreliable, also if DB has a good coverage he always misses the opportunity to adjust his body to catch the damn ball.

Mims is a good returner, but he is not Tyreeke.

Sutton is very solid but he is struggling to be strong WR1.

Engram?? fuck man he is so underwhelming to watch. How tf TE is struggling that much to get open when defenses are playing mostly zone? And when he is open mostly Bo misses him pr he drops the ball.

My conclusion is that Bo needs much more help from his skill position guys to keep drives going, which will translates that Bo will find the rhythm.",172784.0,negative,0.144,0.701,0.155,0.7061
1or3men,1762558298.0,1221,0.89,158,Misleading,"Bo Nix ranks #1 overall with 21 TDs Nobody has more than Bo.  

Drops and penalties are holding the kid back but all he does is keep winning and putting up historic stats.  The ceiling is going to be scary.

(tied with Stafford/Mahomes) Watch any film breakdown and you can see he's not setting his feet when he throws. He is also completing around 20% on deep throws. He has a lot of room for improvements and could fix these problems but it sounds like they are ignoring these criticisms and just hoping he plays better next week. He has a big ceiling but has to get better with the happy feet. If he improves down the stretch we will be scary with our defense.",172784.0,negative,0.112,0.67,0.218,0.9528
1or3men,1762560654.0,1221,0.89,158,Misleading,"Bo Nix ranks #1 overall with 21 TDs Nobody has more than Bo.  

Drops and penalties are holding the kid back but all he does is keep winning and putting up historic stats.  The ceiling is going to be scary.

(tied with Stafford/Mahomes) Defense is what’s winning us games.",172784.0,neutral,0.071,0.747,0.182,0.7684
1or3men,1762544442.0,8954,0.89,158,Misleading,"Bo Nix ranks #1 overall with 21 TDs Nobody has more than Bo.  

Drops and penalties are holding the kid back but all he does is keep winning and putting up historic stats.  The ceiling is going to be scary.

(tied with Stafford/Mahomes) Bro will you stop fucking posting these cherry-picked stats before other teams have even played their games",1267081.0,negative,0.1,0.791,0.109,0.1531
1or3men,1762546589.0,3256,0.89,158,Misleading,"Bo Nix ranks #1 overall with 21 TDs Nobody has more than Bo.  

Drops and penalties are holding the kid back but all he does is keep winning and putting up historic stats.  The ceiling is going to be scary.

(tied with Stafford/Mahomes) ITT: bunch of crybabies. 8-2! Act accordingly",460757.0,positive,0.075,0.839,0.086,0.1511
1or3men,1762549303.0,1628,0.89,158,Misleading,"Bo Nix ranks #1 overall with 21 TDs Nobody has more than Bo.  

Drops and penalties are holding the kid back but all he does is keep winning and putting up historic stats.  The ceiling is going to be scary.

(tied with Stafford/Mahomes) THAT'S MY QB

MY FRANCHISE QB",230378.0,positive,0.077,0.841,0.082,0.0772
1or3men,1762543681.0,4884,0.89,158,Misleading,"Bo Nix ranks #1 overall with 21 TDs Nobody has more than Bo.  

Drops and penalties are holding the kid back but all he does is keep winning and putting up historic stats.  The ceiling is going to be scary.

(tied with Stafford/Mahomes) Haven't had a bye week yet and played on Thursday night before other teams... But yeah, let's just say hes #1 and forget all the context",691135.0,neutral,0.083,0.786,0.131,0.5927
1or3men,1762553471.0,1221,0.89,158,Misleading,"Bo Nix ranks #1 overall with 21 TDs Nobody has more than Bo.  

Drops and penalties are holding the kid back but all he does is keep winning and putting up historic stats.  The ceiling is going to be scary.

(tied with Stafford/Mahomes) He’s played an extra game 🤡",172784.0,negative,0.075,0.789,0.135,0.5267
1or3men,1762546111.0,814,0.89,158,Misleading,"Bo Nix ranks #1 overall with 21 TDs Nobody has more than Bo.  

Drops and penalties are holding the kid back but all he does is keep winning and putting up historic stats.  The ceiling is going to be scary.

(tied with Stafford/Mahomes) Ok",115189.0,neutral,0.082,0.778,0.14,0.4767
1oqkzmv,1762489797.0,282705,0.99,695,Game Thread,"[Post Game Thread] Denver Broncos (8-2) defeat Las Vegas Raiders (2-7) 10-7 Apparently even the auto mod was disgusted with that game and wants no part of it so I guess I’ll make the thread? 

What a truly awful game.  Let us never speak of this evening again.",194795053.0,negative,0.209,0.739,0.052,-0.8271
1oqkzmv,1762489806.0,153182,0.99,695,Game Thread,"[Post Game Thread] Denver Broncos (8-2) defeat Las Vegas Raiders (2-7) 10-7 Apparently even the auto mod was disgusted with that game and wants no part of it so I guess I’ll make the thread? 

What a truly awful game.  Yet another sicko game for us on TNF.

Just gotta take advantage of the extra rest and get ready for KC. FTC",105548525.0,negative,0.161,0.736,0.103,-0.6369
1oqkzmv,1762489864.0,123107,0.99,695,Game Thread,"[Post Game Thread] Denver Broncos (8-2) defeat Las Vegas Raiders (2-7) 10-7 Apparently even the auto mod was disgusted with that game and wants no part of it so I guess I’ll make the thread? 

What a truly awful game.  How would we feel if we kept up the uninspiring wins all the way to a Lombardi Trophy?",84825647.0,negative,0.177,0.725,0.098,-0.6553
1oqkzmv,1762489941.0,40501,0.99,695,Game Thread,"[Post Game Thread] Denver Broncos (8-2) defeat Las Vegas Raiders (2-7) 10-7 Apparently even the auto mod was disgusted with that game and wants no part of it so I guess I’ll make the thread? 

What a truly awful game.  I can’t believe this team is 8-2. I’ll take it. Not complaining. But I’m genuinely in disbelief.",27906809.0,negative,0.132,0.813,0.055,-0.5505
1oqkzmv,1762489884.0,83007,0.99,695,Game Thread,"[Post Game Thread] Denver Broncos (8-2) defeat Las Vegas Raiders (2-7) 10-7 Apparently even the auto mod was disgusted with that game and wants no part of it so I guess I’ll make the thread? 

What a truly awful game.  That was the worst I've ever felt about beating the raiders",57195143.0,negative,0.294,0.66,0.046,-0.9413
1oqkzmv,1762489853.0,65363,0.99,695,Game Thread,"[Post Game Thread] Denver Broncos (8-2) defeat Las Vegas Raiders (2-7) 10-7 Apparently even the auto mod was disgusted with that game and wants no part of it so I guess I’ll make the thread? 

What a truly awful game.  Insert domino meme

Dolphins putting up 70 points on the Broncos ---> Broncos winning Super Bowl 60 with Vance Joseph leading an all time defense.",45037722.0,negative,0.148,0.702,0.149,0.0258
1oqkzmv,1762489820.0,87819,0.99,695,Game Thread,"[Post Game Thread] Denver Broncos (8-2) defeat Las Vegas Raiders (2-7) 10-7 Apparently even the auto mod was disgusted with that game and wants no part of it so I guess I’ll make the thread? 

What a truly awful game.  Troy Franklin makes my blood boil",60510804.0,negative,0.217,0.729,0.054,-0.8271
1oqkzmv,1762489815.0,68972,0.99,695,Game Thread,"[Post Game Thread] Denver Broncos (8-2) defeat Las Vegas Raiders (2-7) 10-7 Apparently even the auto mod was disgusted with that game and wants no part of it so I guess I’ll make the thread? 

What a truly awful game.  Are we good? Do we suck ass? I don't fucking know man",47524467.0,negative,0.284,0.627,0.089,-0.9143
1oqkzmv,1762489968.0,66566,0.99,695,Game Thread,"[Post Game Thread] Denver Broncos (8-2) defeat Las Vegas Raiders (2-7) 10-7 Apparently even the auto mod was disgusted with that game and wants no part of it so I guess I’ll make the thread? 

What a truly awful game.  Best record in football and got booed out of their own stadium twice this year where they are undefeated",45866637.0,negative,0.166,0.732,0.102,-0.5423
1oqkzmv,1762490225.0,40501,0.99,695,Game Thread,"[Post Game Thread] Denver Broncos (8-2) defeat Las Vegas Raiders (2-7) 10-7 Apparently even the auto mod was disgusted with that game and wants no part of it so I guess I’ll make the thread? 

What a truly awful game.  That 3 & 1 to Sutton will haunt me rest of the season",27906809.0,negative,0.242,0.709,0.049,-0.886
1oqkzmv,1762490081.0,16441,0.99,695,Game Thread,"[Post Game Thread] Denver Broncos (8-2) defeat Las Vegas Raiders (2-7) 10-7 Apparently even the auto mod was disgusted with that game and wants no part of it so I guess I’ll make the thread? 

What a truly awful game.  If this isn't proof that the Raiders are absolute ass, I don't know what is. We just played our worst game of the year, especially on offense, and still managed to beat them.",11328507.0,negative,0.245,0.695,0.06,-0.9449
1oqkzmv,1762490111.0,17243,0.99,695,Game Thread,"[Post Game Thread] Denver Broncos (8-2) defeat Las Vegas Raiders (2-7) 10-7 Apparently even the auto mod was disgusted with that game and wants no part of it so I guess I’ll make the thread? 

What a truly awful game.  I said it so many times in the game thread, but this passing game needs to get back to running through Sutton as the primary read. That’s when is the most successful. Franklin makes splash plays sometimes, but he is not near good enough to be the leading target getter on this team after 10 weeks. Give me Sutton and Bryant as the top 2 receivers going forward with Mims for the deep shots and gimmick plays.",11881117.0,negative,0.085,0.8,0.115,0.7078
1oqkzmv,1762489831.0,41303,0.99,695,Game Thread,"[Post Game Thread] Denver Broncos (8-2) defeat Las Vegas Raiders (2-7) 10-7 Apparently even the auto mod was disgusted with that game and wants no part of it so I guess I’ll make the thread? 

What a truly awful game.  It’s only awful if you lose, that was old school 1960s sicko football. ",28459419.0,negative,0.269,0.685,0.045,-0.9246
1oqkzmv,1762489834.0,70175,0.99,695,Game Thread,"[Post Game Thread] Denver Broncos (8-2) defeat Las Vegas Raiders (2-7) 10-7 Apparently even the auto mod was disgusted with that game and wants no part of it so I guess I’ll make the thread? 

What a truly awful game.  Bo Nix sucked

Payton’s playcalling was garbage

Both of these things can be true",48353382.0,negative,0.224,0.689,0.087,-0.836
1oqkzmv,1762489969.0,10426,0.99,695,Game Thread,"[Post Game Thread] Denver Broncos (8-2) defeat Las Vegas Raiders (2-7) 10-7 Apparently even the auto mod was disgusted with that game and wants no part of it so I guess I’ll make the thread? 

What a truly awful game.  SP is turning down the heat on purpose to not give away anything? Is this poker? WTF is going on",7183931.0,negative,0.233,0.727,0.041,-0.9297
1oqkzmv,1762490545.0,10426,0.99,695,Game Thread,"[Post Game Thread] Denver Broncos (8-2) defeat Las Vegas Raiders (2-7) 10-7 Apparently even the auto mod was disgusted with that game and wants no part of it so I guess I’ll make the thread? 

What a truly awful game.  Insane Copium: divisional game on a short week. A W is a W. Team desperately needs this 10 day rest and then the bye afterwards. I still think we can beat the Chiefs. Of any year of the last nine this is the one they can be had. Clean up the penalties, run the ball, don't make stupid decisions and turn the ball over. We can do it.",7183931.0,negative,0.144,0.784,0.071,-0.8188
1oqkzmv,1762489897.0,27669,0.99,695,Game Thread,"[Post Game Thread] Denver Broncos (8-2) defeat Las Vegas Raiders (2-7) 10-7 Apparently even the auto mod was disgusted with that game and wants no part of it so I guess I’ll make the thread? 

What a truly awful game.  We are 8-2. That was one of the most deflating wins I’ve ever experienced as a Broncos fan. BUT: we have everything ahead of us. I do believe we can figure the offense out. The defense is going to keep us in games. If we can somehow figure it out against KC, this feeling will be gone quickly. 

Go broncos, excited to have a team that has expectations.",19065048.0,negative,0.089,0.799,0.112,0.377
1oqkzmv,1762490190.0,26867,0.99,695,Game Thread,"[Post Game Thread] Denver Broncos (8-2) defeat Las Vegas Raiders (2-7) 10-7 Apparently even the auto mod was disgusted with that game and wants no part of it so I guess I’ll make the thread? 

What a truly awful game.  I'm going to die on the hill that our WR and TE room are terrible. That was on full display tonight. I don't see how you can make the argument that we shouldn't have tried to upgrade them. Signing a 40 year old isn't a real move.",18512438.0,negative,0.215,0.755,0.03,-0.9531
1oqkzmv,1762490152.0,9223,0.99,695,Game Thread,"[Post Game Thread] Denver Broncos (8-2) defeat Las Vegas Raiders (2-7) 10-7 Apparently even the auto mod was disgusted with that game and wants no part of it so I guess I’ll make the thread? 

What a truly awful game.  I just don’t understand when it’s bad EVERYONE is bad so when someone makes a play someone else shits the bed. I’ve never seen anything like it",6355016.0,negative,0.29,0.645,0.065,-0.9553
1oqkzmv,1762490190.0,16040,0.99,695,Game Thread,"[Post Game Thread] Denver Broncos (8-2) defeat Las Vegas Raiders (2-7) 10-7 Apparently even the auto mod was disgusted with that game and wants no part of it so I guess I’ll make the thread? 

What a truly awful game.  Bo nix needs to be better down the stretch",11052202.0,negative,0.199,0.702,0.099,-0.7003
1oqfn7t,1762474825.0,6600,0.99,12493,Game Thread,"[GAME THREAD]: Denver Broncos (7-2) vs Las Vegas Raiders (2-6) ###Week 10
 
**[](/DEN) Denver Broncos (7-2) @ [](/LV) Las Vegas Raiders (2-6)**
###
 
---

# [GAME PREVIEW](https://www.youtube.com/watch?v=k-LXfPRyZtw)

---
 
#WEATHER/BROADCAST
 
8:15pm ET | 7:15pm CT | **6:15pm MT** | 5:15pm PT / Empower Field at Mile High Stadium
 
[Weather Forecast](https://weather.com/weather/hourbyhour/l/3f345b93f02bdea125a122a4798a6b17174a3153bb0f45b4d5238343613d7368)
 
- TV | [](/PRIME) Amazon Prime | Al Michaels, Kirk Herbstreit, Kaylee Hartung

- [Streaming on Twitch (free!!) & available on ABC7 Denver](https://www.reddit.com/r/DenverBroncos/comments/1oovyen/if_you_are_in_denver_a_reminder_that_thursdays/)
 
- [Check to see what game is on in your area](https://506sports.com/)
 
- Local Radio (**KOA - 850 AM/94.1 FM & The Fox - 103.5 FM:** )
 
^(***KOA broadcast only works on desktop, not mobile.***)
 
 
---
#INJURY
 
[](/DEN) [**DEN Injury Report**](http://www.denverbroncos.com/team/injury-report.html) | [](/LV) [**LV Injury Report**](https://www.raiders.com/team/injury-report/)
 
---
 
#NEWS
 
---
#AROUND THE AFC WEST
 
Team |  | Opp. | Date | Time/Score
----|---|----|----|----
[](/r/chargers) LAC | | [](/PIT) PIT |11/9 [](/NBC) NBC| 6:20pm
[](/r/kansascitychiefs) KC | |BYE | BYE |
[](/r/raiders) LV |@ |[](/DEN) DEN |11/6 [](/PRIME)| 6:15pm


---


#GOING TO THE GAME? [Consider parking at Lake Middle School!!](https://www.reddit.com/r/DenverBroncos/comments/1onhht2/important_information_for_parking_at_lake_middle/)


 ---
 
#THREAD NOTES
 
This thread is ***specifically geared toward Broncos fans***. 
 
***Pick your flair*** in the sidebar. 	
 
Subscribe to **/r/denverbroncos** https://preview.redd.it/w2irbwxhaqzf1.jpeg?width=5712&format=pjpg&auto=webp&s=7ad7623214a4388b572ceefd751ad6128594a45f

Checking in. Go Broncos!",81635796.0,negative,0.042,0.948,0.01,-0.7655
1oqfn7t,1762475387.0,5250,0.99,12493,Game Thread,"[GAME THREAD]: Denver Broncos (7-2) vs Las Vegas Raiders (2-6) ###Week 10
 
**[](/DEN) Denver Broncos (7-2) @ [](/LV) Las Vegas Raiders (2-6)**
###
 
---

# [GAME PREVIEW](https://www.youtube.com/watch?v=k-LXfPRyZtw)

---
 
#WEATHER/BROADCAST
 
8:15pm ET | 7:15pm CT | **6:15pm MT** | 5:15pm PT / Empower Field at Mile High Stadium
 
[Weather Forecast](https://weather.com/weather/hourbyhour/l/3f345b93f02bdea125a122a4798a6b17174a3153bb0f45b4d5238343613d7368)
 
- TV | [](/PRIME) Amazon Prime | Al Michaels, Kirk Herbstreit, Kaylee Hartung

- [Streaming on Twitch (free!!) & available on ABC7 Denver](https://www.reddit.com/r/DenverBroncos/comments/1oovyen/if_you_are_in_denver_a_reminder_that_thursdays/)
 
- [Check to see what game is on in your area](https://506sports.com/)
 
- Local Radio (**KOA - 850 AM/94.1 FM & The Fox - 103.5 FM:** )
 
^(***KOA broadcast only works on desktop, not mobile.***)
 
 
---
#INJURY
 
[](/DEN) [**DEN Injury Report**](http://www.denverbroncos.com/team/injury-report.html) | [](/LV) [**LV Injury Report**](https://www.raiders.com/team/injury-report/)
 
---
 
#NEWS
 
---
#AROUND THE AFC WEST
 
Team |  | Opp. | Date | Time/Score
----|---|----|----|----
[](/r/chargers) LAC | | [](/PIT) PIT |11/9 [](/NBC) NBC| 6:20pm
[](/r/kansascitychiefs) KC | |BYE | BYE |
[](/r/raiders) LV |@ |[](/DEN) DEN |11/6 [](/PRIME)| 6:15pm


---


#GOING TO THE GAME? [Consider parking at Lake Middle School!!](https://www.reddit.com/r/DenverBroncos/comments/1onhht2/important_information_for_parking_at_lake_middle/)


 ---
 
#THREAD NOTES
 
This thread is ***specifically geared toward Broncos fans***. 
 
***Pick your flair*** in the sidebar. 	
 
Subscribe to **/r/denverbroncos** Have fun watching the game tonight everyone. We are undefeated when I don’t watch so I will continue to not watch tonight, despite how tempting it is lol.

Edit: The streak continues! Light work bby",64937565.0,negative,0.027,0.927,0.046,0.5759
1oqfn7t,1762479365.0,4800,0.99,12493,Game Thread,"[GAME THREAD]: Denver Broncos (7-2) vs Las Vegas Raiders (2-6) ###Week 10
 
**[](/DEN) Denver Broncos (7-2) @ [](/LV) Las Vegas Raiders (2-6)**
###
 
---

# [GAME PREVIEW](https://www.youtube.com/watch?v=k-LXfPRyZtw)

---
 
#WEATHER/BROADCAST
 
8:15pm ET | 7:15pm CT | **6:15pm MT** | 5:15pm PT / Empower Field at Mile High Stadium
 
[Weather Forecast](https://weather.com/weather/hourbyhour/l/3f345b93f02bdea125a122a4798a6b17174a3153bb0f45b4d5238343613d7368)
 
- TV | [](/PRIME) Amazon Prime | Al Michaels, Kirk Herbstreit, Kaylee Hartung

- [Streaming on Twitch (free!!) & available on ABC7 Denver](https://www.reddit.com/r/DenverBroncos/comments/1oovyen/if_you_are_in_denver_a_reminder_that_thursdays/)
 
- [Check to see what game is on in your area](https://506sports.com/)
 
- Local Radio (**KOA - 850 AM/94.1 FM & The Fox - 103.5 FM:** )
 
^(***KOA broadcast only works on desktop, not mobile.***)
 
 
---
#INJURY
 
[](/DEN) [**DEN Injury Report**](http://www.denverbroncos.com/team/injury-report.html) | [](/LV) [**LV Injury Report**](https://www.raiders.com/team/injury-report/)
 
---
 
#NEWS
 
---
#AROUND THE AFC WEST
 
Team |  | Opp. | Date | Time/Score
----|---|----|----|----
[](/r/chargers) LAC | | [](/PIT) PIT |11/9 [](/NBC) NBC| 6:20pm
[](/r/kansascitychiefs) KC | |BYE | BYE |
[](/r/raiders) LV |@ |[](/DEN) DEN |11/6 [](/PRIME)| 6:15pm


---


#GOING TO THE GAME? [Consider parking at Lake Middle School!!](https://www.reddit.com/r/DenverBroncos/comments/1onhht2/important_information_for_parking_at_lake_middle/)


 ---
 
#THREAD NOTES
 
This thread is ***specifically geared toward Broncos fans***. 
 
***Pick your flair*** in the sidebar. 	
 
Subscribe to **/r/denverbroncos** Broncos try not to be dogshit in the first ~~quarter~~ ~~half~~ ~~3~~ 3.5 quarters challenge. 

Level: IMPOSSIBLE",59371488.0,negative,0.039,0.945,0.016,-0.7293
1oqfn7t,1762483403.0,4350,0.99,12493,Game Thread,"[GAME THREAD]: Denver Broncos (7-2) vs Las Vegas Raiders (2-6) ###Week 10
 
**[](/DEN) Denver Broncos (7-2) @ [](/LV) Las Vegas Raiders (2-6)**
###
 
---

# [GAME PREVIEW](https://www.youtube.com/watch?v=k-LXfPRyZtw)

---
 
#WEATHER/BROADCAST
 
8:15pm ET | 7:15pm CT | **6:15pm MT** | 5:15pm PT / Empower Field at Mile High Stadium
 
[Weather Forecast](https://weather.com/weather/hourbyhour/l/3f345b93f02bdea125a122a4798a6b17174a3153bb0f45b4d5238343613d7368)
 
- TV | [](/PRIME) Amazon Prime | Al Michaels, Kirk Herbstreit, Kaylee Hartung

- [Streaming on Twitch (free!!) & available on ABC7 Denver](https://www.reddit.com/r/DenverBroncos/comments/1oovyen/if_you_are_in_denver_a_reminder_that_thursdays/)
 
- [Check to see what game is on in your area](https://506sports.com/)
 
- Local Radio (**KOA - 850 AM/94.1 FM & The Fox - 103.5 FM:** )
 
^(***KOA broadcast only works on desktop, not mobile.***)
 
 
---
#INJURY
 
[](/DEN) [**DEN Injury Report**](http://www.denverbroncos.com/team/injury-report.html) | [](/LV) [**LV Injury Report**](https://www.raiders.com/team/injury-report/)
 
---
 
#NEWS
 
---
#AROUND THE AFC WEST
 
Team |  | Opp. | Date | Time/Score
----|---|----|----|----
[](/r/chargers) LAC | | [](/PIT) PIT |11/9 [](/NBC) NBC| 6:20pm
[](/r/kansascitychiefs) KC | |BYE | BYE |
[](/r/raiders) LV |@ |[](/DEN) DEN |11/6 [](/PRIME)| 6:15pm


---


#GOING TO THE GAME? [Consider parking at Lake Middle School!!](https://www.reddit.com/r/DenverBroncos/comments/1onhht2/important_information_for_parking_at_lake_middle/)


 ---
 
#THREAD NOTES
 
This thread is ***specifically geared toward Broncos fans***. 
 
***Pick your flair*** in the sidebar. 	
 
Subscribe to **/r/denverbroncos** This game is a text book example why no one is taking the broncos too seriously. Another horrible showing by the offense against a bad team",53805411.0,negative,0.1,0.891,0.009,-0.954
1oqfn7t,1762483314.0,3450,0.99,12493,Game Thread,"[GAME THREAD]: Denver Broncos (7-2) vs Las Vegas Raiders (2-6) ###Week 10
 
**[](/DEN) Denver Broncos (7-2) @ [](/LV) Las Vegas Raiders (2-6)**
###
 
---

# [GAME PREVIEW](https://www.youtube.com/watch?v=k-LXfPRyZtw)

---
 
#WEATHER/BROADCAST
 
8:15pm ET | 7:15pm CT | **6:15pm MT** | 5:15pm PT / Empower Field at Mile High Stadium
 
[Weather Forecast](https://weather.com/weather/hourbyhour/l/3f345b93f02bdea125a122a4798a6b17174a3153bb0f45b4d5238343613d7368)
 
- TV | [](/PRIME) Amazon Prime | Al Michaels, Kirk Herbstreit, Kaylee Hartung

- [Streaming on Twitch (free!!) & available on ABC7 Denver](https://www.reddit.com/r/DenverBroncos/comments/1oovyen/if_you_are_in_denver_a_reminder_that_thursdays/)
 
- [Check to see what game is on in your area](https://506sports.com/)
 
- Local Radio (**KOA - 850 AM/94.1 FM & The Fox - 103.5 FM:** )
 
^(***KOA broadcast only works on desktop, not mobile.***)
 
 
---
#INJURY
 
[](/DEN) [**DEN Injury Report**](http://www.denverbroncos.com/team/injury-report.html) | [](/LV) [**LV Injury Report**](https://www.raiders.com/team/injury-report/)
 
---
 
#NEWS
 
---
#AROUND THE AFC WEST
 
Team |  | Opp. | Date | Time/Score
----|---|----|----|----
[](/r/chargers) LAC | | [](/PIT) PIT |11/9 [](/NBC) NBC| 6:20pm
[](/r/kansascitychiefs) KC | |BYE | BYE |
[](/r/raiders) LV |@ |[](/DEN) DEN |11/6 [](/PRIME)| 6:15pm


---


#GOING TO THE GAME? [Consider parking at Lake Middle School!!](https://www.reddit.com/r/DenverBroncos/comments/1onhht2/important_information_for_parking_at_lake_middle/)


 ---
 
#THREAD NOTES
 
This thread is ***specifically geared toward Broncos fans***. 
 
***Pick your flair*** in the sidebar. 	
 
Subscribe to **/r/denverbroncos** Denver might be the hardest to watch 7-2 team in league history.",42673257.0,negative,0.04,0.951,0.009,-0.7527
1oqfn7t,1762487259.0,3150,0.99,12493,Game Thread,"[GAME THREAD]: Denver Broncos (7-2) vs Las Vegas Raiders (2-6) ###Week 10
 
**[](/DEN) Denver Broncos (7-2) @ [](/LV) Las Vegas Raiders (2-6)**
###
 
---

# [GAME PREVIEW](https://www.youtube.com/watch?v=k-LXfPRyZtw)

---
 
#WEATHER/BROADCAST
 
8:15pm ET | 7:15pm CT | **6:15pm MT** | 5:15pm PT / Empower Field at Mile High Stadium
 
[Weather Forecast](https://weather.com/weather/hourbyhour/l/3f345b93f02bdea125a122a4798a6b17174a3153bb0f45b4d5238343613d7368)
 
- TV | [](/PRIME) Amazon Prime | Al Michaels, Kirk Herbstreit, Kaylee Hartung

- [Streaming on Twitch (free!!) & available on ABC7 Denver](https://www.reddit.com/r/DenverBroncos/comments/1oovyen/if_you_are_in_denver_a_reminder_that_thursdays/)
 
- [Check to see what game is on in your area](https://506sports.com/)
 
- Local Radio (**KOA - 850 AM/94.1 FM & The Fox - 103.5 FM:** )
 
^(***KOA broadcast only works on desktop, not mobile.***)
 
 
---
#INJURY
 
[](/DEN) [**DEN Injury Report**](http://www.denverbroncos.com/team/injury-report.html) | [](/LV) [**LV Injury Report**](https://www.raiders.com/team/injury-report/)
 
---
 
#NEWS
 
---
#AROUND THE AFC WEST
 
Team |  | Opp. | Date | Time/Score
----|---|----|----|----
[](/r/chargers) LAC | | [](/PIT) PIT |11/9 [](/NBC) NBC| 6:20pm
[](/r/kansascitychiefs) KC | |BYE | BYE |
[](/r/raiders) LV |@ |[](/DEN) DEN |11/6 [](/PRIME)| 6:15pm


---


#GOING TO THE GAME? [Consider parking at Lake Middle School!!](https://www.reddit.com/r/DenverBroncos/comments/1onhht2/important_information_for_parking_at_lake_middle/)


 ---
 
#THREAD NOTES
 
This thread is ***specifically geared toward Broncos fans***. 
 
***Pick your flair*** in the sidebar. 	
 
Subscribe to **/r/denverbroncos** Can we stop with the deep passes to Franklin? How many times does it have to not work to stop doing it",38962539.0,negative,0.061,0.93,0.009,-0.8752
1oqfn7t,1762485534.0,2700,0.99,12493,Game Thread,"[GAME THREAD]: Denver Broncos (7-2) vs Las Vegas Raiders (2-6) ###Week 10
 
**[](/DEN) Denver Broncos (7-2) @ [](/LV) Las Vegas Raiders (2-6)**
###
 
---

# [GAME PREVIEW](https://www.youtube.com/watch?v=k-LXfPRyZtw)

---
 
#WEATHER/BROADCAST
 
8:15pm ET | 7:15pm CT | **6:15pm MT** | 5:15pm PT / Empower Field at Mile High Stadium
 
[Weather Forecast](https://weather.com/weather/hourbyhour/l/3f345b93f02bdea125a122a4798a6b17174a3153bb0f45b4d5238343613d7368)
 
- TV | [](/PRIME) Amazon Prime | Al Michaels, Kirk Herbstreit, Kaylee Hartung

- [Streaming on Twitch (free!!) & available on ABC7 Denver](https://www.reddit.com/r/DenverBroncos/comments/1oovyen/if_you_are_in_denver_a_reminder_that_thursdays/)
 
- [Check to see what game is on in your area](https://506sports.com/)
 
- Local Radio (**KOA - 850 AM/94.1 FM & The Fox - 103.5 FM:** )
 
^(***KOA broadcast only works on desktop, not mobile.***)
 
 
---
#INJURY
 
[](/DEN) [**DEN Injury Report**](http://www.denverbroncos.com/team/injury-report.html) | [](/LV) [**LV Injury Report**](https://www.raiders.com/team/injury-report/)
 
---
 
#NEWS
 
---
#AROUND THE AFC WEST
 
Team |  | Opp. | Date | Time/Score
----|---|----|----|----
[](/r/chargers) LAC | | [](/PIT) PIT |11/9 [](/NBC) NBC| 6:20pm
[](/r/kansascitychiefs) KC | |BYE | BYE |
[](/r/raiders) LV |@ |[](/DEN) DEN |11/6 [](/PRIME)| 6:15pm


---


#GOING TO THE GAME? [Consider parking at Lake Middle School!!](https://www.reddit.com/r/DenverBroncos/comments/1onhht2/important_information_for_parking_at_lake_middle/)


 ---
 
#THREAD NOTES
 
This thread is ***specifically geared toward Broncos fans***. 
 
***Pick your flair*** in the sidebar. 	
 
Subscribe to **/r/denverbroncos** Trick play and long field goal. Sean Payton needs to give up playcalling.",33396462.0,negative,0.046,0.932,0.022,-0.6402
1oqfn7t,1762485457.0,2700,0.99,12493,Game Thread,"[GAME THREAD]: Denver Broncos (7-2) vs Las Vegas Raiders (2-6) ###Week 10
 
**[](/DEN) Denver Broncos (7-2) @ [](/LV) Las Vegas Raiders (2-6)**
###
 
---

# [GAME PREVIEW](https://www.youtube.com/watch?v=k-LXfPRyZtw)

---
 
#WEATHER/BROADCAST
 
8:15pm ET | 7:15pm CT | **6:15pm MT** | 5:15pm PT / Empower Field at Mile High Stadium
 
[Weather Forecast](https://weather.com/weather/hourbyhour/l/3f345b93f02bdea125a122a4798a6b17174a3153bb0f45b4d5238343613d7368)
 
- TV | [](/PRIME) Amazon Prime | Al Michaels, Kirk Herbstreit, Kaylee Hartung

- [Streaming on Twitch (free!!) & available on ABC7 Denver](https://www.reddit.com/r/DenverBroncos/comments/1oovyen/if_you_are_in_denver_a_reminder_that_thursdays/)
 
- [Check to see what game is on in your area](https://506sports.com/)
 
- Local Radio (**KOA - 850 AM/94.1 FM & The Fox - 103.5 FM:** )
 
^(***KOA broadcast only works on desktop, not mobile.***)
 
 
---
#INJURY
 
[](/DEN) [**DEN Injury Report**](http://www.denverbroncos.com/team/injury-report.html) | [](/LV) [**LV Injury Report**](https://www.raiders.com/team/injury-report/)
 
---
 
#NEWS
 
---
#AROUND THE AFC WEST
 
Team |  | Opp. | Date | Time/Score
----|---|----|----|----
[](/r/chargers) LAC | | [](/PIT) PIT |11/9 [](/NBC) NBC| 6:20pm
[](/r/kansascitychiefs) KC | |BYE | BYE |
[](/r/raiders) LV |@ |[](/DEN) DEN |11/6 [](/PRIME)| 6:15pm


---


#GOING TO THE GAME? [Consider parking at Lake Middle School!!](https://www.reddit.com/r/DenverBroncos/comments/1onhht2/important_information_for_parking_at_lake_middle/)


 ---
 
#THREAD NOTES
 
This thread is ***specifically geared toward Broncos fans***. 
 
***Pick your flair*** in the sidebar. 	
 
Subscribe to **/r/denverbroncos** What a stupid play. Why are we getting cute on 3 and 1?",33396462.0,negative,0.058,0.904,0.038,-0.6816
1oqfn7t,1762474656.0,2400,0.99,12493,Game Thread,"[GAME THREAD]: Denver Broncos (7-2) vs Las Vegas Raiders (2-6) ###Week 10
 
**[](/DEN) Denver Broncos (7-2) @ [](/LV) Las Vegas Raiders (2-6)**
###
 
---

# [GAME PREVIEW](https://www.youtube.com/watch?v=k-LXfPRyZtw)

---
 
#WEATHER/BROADCAST
 
8:15pm ET | 7:15pm CT | **6:15pm MT** | 5:15pm PT / Empower Field at Mile High Stadium
 
[Weather Forecast](https://weather.com/weather/hourbyhour/l/3f345b93f02bdea125a122a4798a6b17174a3153bb0f45b4d5238343613d7368)
 
- TV | [](/PRIME) Amazon Prime | Al Michaels, Kirk Herbstreit, Kaylee Hartung

- [Streaming on Twitch (free!!) & available on ABC7 Denver](https://www.reddit.com/r/DenverBroncos/comments/1oovyen/if_you_are_in_denver_a_reminder_that_thursdays/)
 
- [Check to see what game is on in your area](https://506sports.com/)
 
- Local Radio (**KOA - 850 AM/94.1 FM & The Fox - 103.5 FM:** )
 
^(***KOA broadcast only works on desktop, not mobile.***)
 
 
---
#INJURY
 
[](/DEN) [**DEN Injury Report**](http://www.denverbroncos.com/team/injury-report.html) | [](/LV) [**LV Injury Report**](https://www.raiders.com/team/injury-report/)
 
---
 
#NEWS
 
---
#AROUND THE AFC WEST
 
Team |  | Opp. | Date | Time/Score
----|---|----|----|----
[](/r/chargers) LAC | | [](/PIT) PIT |11/9 [](/NBC) NBC| 6:20pm
[](/r/kansascitychiefs) KC | |BYE | BYE |
[](/r/raiders) LV |@ |[](/DEN) DEN |11/6 [](/PRIME)| 6:15pm


---


#GOING TO THE GAME? [Consider parking at Lake Middle School!!](https://www.reddit.com/r/DenverBroncos/comments/1onhht2/important_information_for_parking_at_lake_middle/)


 ---
 
#THREAD NOTES
 
This thread is ***specifically geared toward Broncos fans***. 
 
***Pick your flair*** in the sidebar. 	
 
Subscribe to **/r/denverbroncos** https://preview.redd.it/ml34hn31aqzf1.jpeg?width=1020&format=pjpg&auto=webp&s=7b4a21f50d2da20a1c567ee7c4be71f9dd0e69b0",29685744.0,neutral,0.043,0.947,0.01,-0.7655
1oqfn7t,1762474740.0,2400,0.99,12493,Game Thread,"[GAME THREAD]: Denver Broncos (7-2) vs Las Vegas Raiders (2-6) ###Week 10
 
**[](/DEN) Denver Broncos (7-2) @ [](/LV) Las Vegas Raiders (2-6)**
###
 
---

# [GAME PREVIEW](https://www.youtube.com/watch?v=k-LXfPRyZtw)

---
 
#WEATHER/BROADCAST
 
8:15pm ET | 7:15pm CT | **6:15pm MT** | 5:15pm PT / Empower Field at Mile High Stadium
 
[Weather Forecast](https://weather.com/weather/hourbyhour/l/3f345b93f02bdea125a122a4798a6b17174a3153bb0f45b4d5238343613d7368)
 
- TV | [](/PRIME) Amazon Prime | Al Michaels, Kirk Herbstreit, Kaylee Hartung

- [Streaming on Twitch (free!!) & available on ABC7 Denver](https://www.reddit.com/r/DenverBroncos/comments/1oovyen/if_you_are_in_denver_a_reminder_that_thursdays/)
 
- [Check to see what game is on in your area](https://506sports.com/)
 
- Local Radio (**KOA - 850 AM/94.1 FM & The Fox - 103.5 FM:** )
 
^(***KOA broadcast only works on desktop, not mobile.***)
 
 
---
#INJURY
 
[](/DEN) [**DEN Injury Report**](http://www.denverbroncos.com/team/injury-report.html) | [](/LV) [**LV Injury Report**](https://www.raiders.com/team/injury-report/)
 
---
 
#NEWS
 
---
#AROUND THE AFC WEST
 
Team |  | Opp. | Date | Time/Score
----|---|----|----|----
[](/r/chargers) LAC | | [](/PIT) PIT |11/9 [](/NBC) NBC| 6:20pm
[](/r/kansascitychiefs) KC | |BYE | BYE |
[](/r/raiders) LV |@ |[](/DEN) DEN |11/6 [](/PRIME)| 6:15pm


---


#GOING TO THE GAME? [Consider parking at Lake Middle School!!](https://www.reddit.com/r/DenverBroncos/comments/1onhht2/important_information_for_parking_at_lake_middle/)


 ---
 
#THREAD NOTES
 
This thread is ***specifically geared toward Broncos fans***. 
 
***Pick your flair*** in the sidebar. 	
 
Subscribe to **/r/denverbroncos** Prediction: Denver gets at least 4 sacks. Pat Bryant gets a TD and Broncos win 30-10",29685744.0,positive,0.039,0.932,0.03,-0.3875
1oqfn7t,1762474858.0,2400,0.99,12493,Game Thread,"[GAME THREAD]: Denver Broncos (7-2) vs Las Vegas Raiders (2-6) ###Week 10
 
**[](/DEN) Denver Broncos (7-2) @ [](/LV) Las Vegas Raiders (2-6)**
###
 
---

# [GAME PREVIEW](https://www.youtube.com/watch?v=k-LXfPRyZtw)

---
 
#WEATHER/BROADCAST
 
8:15pm ET | 7:15pm CT | **6:15pm MT** | 5:15pm PT / Empower Field at Mile High Stadium
 
[Weather Forecast](https://weather.com/weather/hourbyhour/l/3f345b93f02bdea125a122a4798a6b17174a3153bb0f45b4d5238343613d7368)
 
- TV | [](/PRIME) Amazon Prime | Al Michaels, Kirk Herbstreit, Kaylee Hartung

- [Streaming on Twitch (free!!) & available on ABC7 Denver](https://www.reddit.com/r/DenverBroncos/comments/1oovyen/if_you_are_in_denver_a_reminder_that_thursdays/)
 
- [Check to see what game is on in your area](https://506sports.com/)
 
- Local Radio (**KOA - 850 AM/94.1 FM & The Fox - 103.5 FM:** )
 
^(***KOA broadcast only works on desktop, not mobile.***)
 
 
---
#INJURY
 
[](/DEN) [**DEN Injury Report**](http://www.denverbroncos.com/team/injury-report.html) | [](/LV) [**LV Injury Report**](https://www.raiders.com/team/injury-report/)
 
---
 
#NEWS
 
---
#AROUND THE AFC WEST
 
Team |  | Opp. | Date | Time/Score
----|---|----|----|----
[](/r/chargers) LAC | | [](/PIT) PIT |11/9 [](/NBC) NBC| 6:20pm
[](/r/kansascitychiefs) KC | |BYE | BYE |
[](/r/raiders) LV |@ |[](/DEN) DEN |11/6 [](/PRIME)| 6:15pm


---


#GOING TO THE GAME? [Consider parking at Lake Middle School!!](https://www.reddit.com/r/DenverBroncos/comments/1onhht2/important_information_for_parking_at_lake_middle/)


 ---
 
#THREAD NOTES
 
This thread is ***specifically geared toward Broncos fans***. 
 
***Pick your flair*** in the sidebar. 	
 
Subscribe to **/r/denverbroncos** No trap game here, please. 🙏",29685744.0,positive,0.066,0.912,0.023,-0.8238
1oqfn7t,1762484735.0,2400,0.99,12493,Game Thread,"[GAME THREAD]: Denver Broncos (7-2) vs Las Vegas Raiders (2-6) ###Week 10
 
**[](/DEN) Denver Broncos (7-2) @ [](/LV) Las Vegas Raiders (2-6)**
###
 
---

# [GAME PREVIEW](https://www.youtube.com/watch?v=k-LXfPRyZtw)

---
 
#WEATHER/BROADCAST
 
8:15pm ET | 7:15pm CT | **6:15pm MT** | 5:15pm PT / Empower Field at Mile High Stadium
 
[Weather Forecast](https://weather.com/weather/hourbyhour/l/3f345b93f02bdea125a122a4798a6b17174a3153bb0f45b4d5238343613d7368)
 
- TV | [](/PRIME) Amazon Prime | Al Michaels, Kirk Herbstreit, Kaylee Hartung

- [Streaming on Twitch (free!!) & available on ABC7 Denver](https://www.reddit.com/r/DenverBroncos/comments/1oovyen/if_you_are_in_denver_a_reminder_that_thursdays/)
 
- [Check to see what game is on in your area](https://506sports.com/)
 
- Local Radio (**KOA - 850 AM/94.1 FM & The Fox - 103.5 FM:** )
 
^(***KOA broadcast only works on desktop, not mobile.***)
 
 
---
#INJURY
 
[](/DEN) [**DEN Injury Report**](http://www.denverbroncos.com/team/injury-report.html) | [](/LV) [**LV Injury Report**](https://www.raiders.com/team/injury-report/)
 
---
 
#NEWS
 
---
#AROUND THE AFC WEST
 
Team |  | Opp. | Date | Time/Score
----|---|----|----|----
[](/r/chargers) LAC | | [](/PIT) PIT |11/9 [](/NBC) NBC| 6:20pm
[](/r/kansascitychiefs) KC | |BYE | BYE |
[](/r/raiders) LV |@ |[](/DEN) DEN |11/6 [](/PRIME)| 6:15pm


---


#GOING TO THE GAME? [Consider parking at Lake Middle School!!](https://www.reddit.com/r/DenverBroncos/comments/1onhht2/important_information_for_parking_at_lake_middle/)


 ---
 
#THREAD NOTES
 
This thread is ***specifically geared toward Broncos fans***. 
 
***Pick your flair*** in the sidebar. 	
 
Subscribe to **/r/denverbroncos** At 7-2, I shouldn’t question every week if we suck or not. Such an unusual team.",29685744.0,neutral,0.054,0.937,0.009,-0.8529
1oqfn7t,1762483627.0,2250,0.99,12493,Game Thread,"[GAME THREAD]: Denver Broncos (7-2) vs Las Vegas Raiders (2-6) ###Week 10
 
**[](/DEN) Denver Broncos (7-2) @ [](/LV) Las Vegas Raiders (2-6)**
###
 
---

# [GAME PREVIEW](https://www.youtube.com/watch?v=k-LXfPRyZtw)

---
 
#WEATHER/BROADCAST
 
8:15pm ET | 7:15pm CT | **6:15pm MT** | 5:15pm PT / Empower Field at Mile High Stadium
 
[Weather Forecast](https://weather.com/weather/hourbyhour/l/3f345b93f02bdea125a122a4798a6b17174a3153bb0f45b4d5238343613d7368)
 
- TV | [](/PRIME) Amazon Prime | Al Michaels, Kirk Herbstreit, Kaylee Hartung

- [Streaming on Twitch (free!!) & available on ABC7 Denver](https://www.reddit.com/r/DenverBroncos/comments/1oovyen/if_you_are_in_denver_a_reminder_that_thursdays/)
 
- [Check to see what game is on in your area](https://506sports.com/)
 
- Local Radio (**KOA - 850 AM/94.1 FM & The Fox - 103.5 FM:** )
 
^(***KOA broadcast only works on desktop, not mobile.***)
 
 
---
#INJURY
 
[](/DEN) [**DEN Injury Report**](http://www.denverbroncos.com/team/injury-report.html) | [](/LV) [**LV Injury Report**](https://www.raiders.com/team/injury-report/)
 
---
 
#NEWS
 
---
#AROUND THE AFC WEST
 
Team |  | Opp. | Date | Time/Score
----|---|----|----|----
[](/r/chargers) LAC | | [](/PIT) PIT |11/9 [](/NBC) NBC| 6:20pm
[](/r/kansascitychiefs) KC | |BYE | BYE |
[](/r/raiders) LV |@ |[](/DEN) DEN |11/6 [](/PRIME)| 6:15pm


---


#GOING TO THE GAME? [Consider parking at Lake Middle School!!](https://www.reddit.com/r/DenverBroncos/comments/1onhht2/important_information_for_parking_at_lake_middle/)


 ---
 
#THREAD NOTES
 
This thread is ***specifically geared toward Broncos fans***. 
 
***Pick your flair*** in the sidebar. 	
 
Subscribe to **/r/denverbroncos** I am unfazed. This is normal Broncos football and will result in an 8-2 record after tonight",27830385.0,positive,0.039,0.952,0.009,-0.7527
1oqfn7t,1762485446.0,2250,0.99,12493,Game Thread,"[GAME THREAD]: Denver Broncos (7-2) vs Las Vegas Raiders (2-6) ###Week 10
 
**[](/DEN) Denver Broncos (7-2) @ [](/LV) Las Vegas Raiders (2-6)**
###
 
---

# [GAME PREVIEW](https://www.youtube.com/watch?v=k-LXfPRyZtw)

---
 
#WEATHER/BROADCAST
 
8:15pm ET | 7:15pm CT | **6:15pm MT** | 5:15pm PT / Empower Field at Mile High Stadium
 
[Weather Forecast](https://weather.com/weather/hourbyhour/l/3f345b93f02bdea125a122a4798a6b17174a3153bb0f45b4d5238343613d7368)
 
- TV | [](/PRIME) Amazon Prime | Al Michaels, Kirk Herbstreit, Kaylee Hartung

- [Streaming on Twitch (free!!) & available on ABC7 Denver](https://www.reddit.com/r/DenverBroncos/comments/1oovyen/if_you_are_in_denver_a_reminder_that_thursdays/)
 
- [Check to see what game is on in your area](https://506sports.com/)
 
- Local Radio (**KOA - 850 AM/94.1 FM & The Fox - 103.5 FM:** )
 
^(***KOA broadcast only works on desktop, not mobile.***)
 
 
---
#INJURY
 
[](/DEN) [**DEN Injury Report**](http://www.denverbroncos.com/team/injury-report.html) | [](/LV) [**LV Injury Report**](https://www.raiders.com/team/injury-report/)
 
---
 
#NEWS
 
---
#AROUND THE AFC WEST
 
Team |  | Opp. | Date | Time/Score
----|---|----|----|----
[](/r/chargers) LAC | | [](/PIT) PIT |11/9 [](/NBC) NBC| 6:20pm
[](/r/kansascitychiefs) KC | |BYE | BYE |
[](/r/raiders) LV |@ |[](/DEN) DEN |11/6 [](/PRIME)| 6:15pm


---


#GOING TO THE GAME? [Consider parking at Lake Middle School!!](https://www.reddit.com/r/DenverBroncos/comments/1onhht2/important_information_for_parking_at_lake_middle/)


 ---
 
#THREAD NOTES
 
This thread is ***specifically geared toward Broncos fans***. 
 
***Pick your flair*** in the sidebar. 	
 
Subscribe to **/r/denverbroncos** 3rd and 1 and backward pass nice",27830385.0,negative,0.041,0.934,0.026,-0.5615
1oqfn7t,1762488359.0,2250,0.99,12493,Game Thread,"[GAME THREAD]: Denver Broncos (7-2) vs Las Vegas Raiders (2-6) ###Week 10
 
**[](/DEN) Denver Broncos (7-2) @ [](/LV) Las Vegas Raiders (2-6)**
###
 
---

# [GAME PREVIEW](https://www.youtube.com/watch?v=k-LXfPRyZtw)

---
 
#WEATHER/BROADCAST
 
8:15pm ET | 7:15pm CT | **6:15pm MT** | 5:15pm PT / Empower Field at Mile High Stadium
 
[Weather Forecast](https://weather.com/weather/hourbyhour/l/3f345b93f02bdea125a122a4798a6b17174a3153bb0f45b4d5238343613d7368)
 
- TV | [](/PRIME) Amazon Prime | Al Michaels, Kirk Herbstreit, Kaylee Hartung

- [Streaming on Twitch (free!!) & available on ABC7 Denver](https://www.reddit.com/r/DenverBroncos/comments/1oovyen/if_you_are_in_denver_a_reminder_that_thursdays/)
 
- [Check to see what game is on in your area](https://506sports.com/)
 
- Local Radio (**KOA - 850 AM/94.1 FM & The Fox - 103.5 FM:** )
 
^(***KOA broadcast only works on desktop, not mobile.***)
 
 
---
#INJURY
 
[](/DEN) [**DEN Injury Report**](http://www.denverbroncos.com/team/injury-report.html) | [](/LV) [**LV Injury Report**](https://www.raiders.com/team/injury-report/)
 
---
 
#NEWS
 
---
#AROUND THE AFC WEST
 
Team |  | Opp. | Date | Time/Score
----|---|----|----|----
[](/r/chargers) LAC | | [](/PIT) PIT |11/9 [](/NBC) NBC| 6:20pm
[](/r/kansascitychiefs) KC | |BYE | BYE |
[](/r/raiders) LV |@ |[](/DEN) DEN |11/6 [](/PRIME)| 6:15pm


---


#GOING TO THE GAME? [Consider parking at Lake Middle School!!](https://www.reddit.com/r/DenverBroncos/comments/1onhht2/important_information_for_parking_at_lake_middle/)


 ---
 
#THREAD NOTES
 
This thread is ***specifically geared toward Broncos fans***. 
 
***Pick your flair*** in the sidebar. 	
 
Subscribe to **/r/denverbroncos** Lol this is the worst game in NFL history",27830385.0,neutral,0.062,0.913,0.025,-0.8284
1oqfn7t,1762485932.0,2100,0.99,12493,Game Thread,"[GAME THREAD]: Denver Broncos (7-2) vs Las Vegas Raiders (2-6) ###Week 10
 
**[](/DEN) Denver Broncos (7-2) @ [](/LV) Las Vegas Raiders (2-6)**
###
 
---

# [GAME PREVIEW](https://www.youtube.com/watch?v=k-LXfPRyZtw)

---
 
#WEATHER/BROADCAST
 
8:15pm ET | 7:15pm CT | **6:15pm MT** | 5:15pm PT / Empower Field at Mile High Stadium
 
[Weather Forecast](https://weather.com/weather/hourbyhour/l/3f345b93f02bdea125a122a4798a6b17174a3153bb0f45b4d5238343613d7368)
 
- TV | [](/PRIME) Amazon Prime | Al Michaels, Kirk Herbstreit, Kaylee Hartung

- [Streaming on Twitch (free!!) & available on ABC7 Denver](https://www.reddit.com/r/DenverBroncos/comments/1oovyen/if_you_are_in_denver_a_reminder_that_thursdays/)
 
- [Check to see what game is on in your area](https://506sports.com/)
 
- Local Radio (**KOA - 850 AM/94.1 FM & The Fox - 103.5 FM:** )
 
^(***KOA broadcast only works on desktop, not mobile.***)
 
 
---
#INJURY
 
[](/DEN) [**DEN Injury Report**](http://www.denverbroncos.com/team/injury-report.html) | [](/LV) [**LV Injury Report**](https://www.raiders.com/team/injury-report/)
 
---
 
#NEWS
 
---
#AROUND THE AFC WEST
 
Team |  | Opp. | Date | Time/Score
----|---|----|----|----
[](/r/chargers) LAC | | [](/PIT) PIT |11/9 [](/NBC) NBC| 6:20pm
[](/r/kansascitychiefs) KC | |BYE | BYE |
[](/r/raiders) LV |@ |[](/DEN) DEN |11/6 [](/PRIME)| 6:15pm


---


#GOING TO THE GAME? [Consider parking at Lake Middle School!!](https://www.reddit.com/r/DenverBroncos/comments/1onhht2/important_information_for_parking_at_lake_middle/)


 ---
 
#THREAD NOTES
 
This thread is ***specifically geared toward Broncos fans***. 
 
***Pick your flair*** in the sidebar. 	
 
Subscribe to **/r/denverbroncos** Supposed to have one of the best O lines in the NFL against one of the worst pass rushes and they keep getting to Nix while rushing 4 or less. What the fuck are we doing",25975026.0,negative,0.069,0.903,0.028,-0.8613
1oqfn7t,1762486711.0,1950,0.99,12493,Game Thread,"[GAME THREAD]: Denver Broncos (7-2) vs Las Vegas Raiders (2-6) ###Week 10
 
**[](/DEN) Denver Broncos (7-2) @ [](/LV) Las Vegas Raiders (2-6)**
###
 
---

# [GAME PREVIEW](https://www.youtube.com/watch?v=k-LXfPRyZtw)

---
 
#WEATHER/BROADCAST
 
8:15pm ET | 7:15pm CT | **6:15pm MT** | 5:15pm PT / Empower Field at Mile High Stadium
 
[Weather Forecast](https://weather.com/weather/hourbyhour/l/3f345b93f02bdea125a122a4798a6b17174a3153bb0f45b4d5238343613d7368)
 
- TV | [](/PRIME) Amazon Prime | Al Michaels, Kirk Herbstreit, Kaylee Hartung

- [Streaming on Twitch (free!!) & available on ABC7 Denver](https://www.reddit.com/r/DenverBroncos/comments/1oovyen/if_you_are_in_denver_a_reminder_that_thursdays/)
 
- [Check to see what game is on in your area](https://506sports.com/)
 
- Local Radio (**KOA - 850 AM/94.1 FM & The Fox - 103.5 FM:** )
 
^(***KOA broadcast only works on desktop, not mobile.***)
 
 
---
#INJURY
 
[](/DEN) [**DEN Injury Report**](http://www.denverbroncos.com/team/injury-report.html) | [](/LV) [**LV Injury Report**](https://www.raiders.com/team/injury-report/)
 
---
 
#NEWS
 
---
#AROUND THE AFC WEST
 
Team |  | Opp. | Date | Time/Score
----|---|----|----|----
[](/r/chargers) LAC | | [](/PIT) PIT |11/9 [](/NBC) NBC| 6:20pm
[](/r/kansascitychiefs) KC | |BYE | BYE |
[](/r/raiders) LV |@ |[](/DEN) DEN |11/6 [](/PRIME)| 6:15pm


---


#GOING TO THE GAME? [Consider parking at Lake Middle School!!](https://www.reddit.com/r/DenverBroncos/comments/1onhht2/important_information_for_parking_at_lake_middle/)


 ---
 
#THREAD NOTES
 
This thread is ***specifically geared toward Broncos fans***. 
 
***Pick your flair*** in the sidebar. 	
 
Subscribe to **/r/denverbroncos** The offense is what made Meinerz ill.",24119667.0,neutral,0.067,0.923,0.01,-0.8814
1oqfn7t,1762487374.0,2100,0.99,12493,Game Thread,"[GAME THREAD]: Denver Broncos (7-2) vs Las Vegas Raiders (2-6) ###Week 10
 
**[](/DEN) Denver Broncos (7-2) @ [](/LV) Las Vegas Raiders (2-6)**
###
 
---

# [GAME PREVIEW](https://www.youtube.com/watch?v=k-LXfPRyZtw)

---
 
#WEATHER/BROADCAST
 
8:15pm ET | 7:15pm CT | **6:15pm MT** | 5:15pm PT / Empower Field at Mile High Stadium
 
[Weather Forecast](https://weather.com/weather/hourbyhour/l/3f345b93f02bdea125a122a4798a6b17174a3153bb0f45b4d5238343613d7368)
 
- TV | [](/PRIME) Amazon Prime | Al Michaels, Kirk Herbstreit, Kaylee Hartung

- [Streaming on Twitch (free!!) & available on ABC7 Denver](https://www.reddit.com/r/DenverBroncos/comments/1oovyen/if_you_are_in_denver_a_reminder_that_thursdays/)
 
- [Check to see what game is on in your area](https://506sports.com/)
 
- Local Radio (**KOA - 850 AM/94.1 FM & The Fox - 103.5 FM:** )
 
^(***KOA broadcast only works on desktop, not mobile.***)
 
 
---
#INJURY
 
[](/DEN) [**DEN Injury Report**](http://www.denverbroncos.com/team/injury-report.html) | [](/LV) [**LV Injury Report**](https://www.raiders.com/team/injury-report/)
 
---
 
#NEWS
 
---
#AROUND THE AFC WEST
 
Team |  | Opp. | Date | Time/Score
----|---|----|----|----
[](/r/chargers) LAC | | [](/PIT) PIT |11/9 [](/NBC) NBC| 6:20pm
[](/r/kansascitychiefs) KC | |BYE | BYE |
[](/r/raiders) LV |@ |[](/DEN) DEN |11/6 [](/PRIME)| 6:15pm


---


#GOING TO THE GAME? [Consider parking at Lake Middle School!!](https://www.reddit.com/r/DenverBroncos/comments/1onhht2/important_information_for_parking_at_lake_middle/)


 ---
 
#THREAD NOTES
 
This thread is ***specifically geared toward Broncos fans***. 
 
***Pick your flair*** in the sidebar. 	
 
Subscribe to **/r/denverbroncos** https://preview.redd.it/yfmup2iubrzf1.jpeg?width=666&format=pjpg&auto=webp&s=ce26fdeb525c67ecc71446f4f9bf0a09b03fd055",25975026.0,neutral,0.043,0.947,0.01,-0.7655
1oqfn7t,1762487686.0,2100,0.99,12493,Game Thread,"[GAME THREAD]: Denver Broncos (7-2) vs Las Vegas Raiders (2-6) ###Week 10
 
**[](/DEN) Denver Broncos (7-2) @ [](/LV) Las Vegas Raiders (2-6)**
###
 
---

# [GAME PREVIEW](https://www.youtube.com/watch?v=k-LXfPRyZtw)

---
 
#WEATHER/BROADCAST
 
8:15pm ET | 7:15pm CT | **6:15pm MT** | 5:15pm PT / Empower Field at Mile High Stadium
 
[Weather Forecast](https://weather.com/weather/hourbyhour/l/3f345b93f02bdea125a122a4798a6b17174a3153bb0f45b4d5238343613d7368)
 
- TV | [](/PRIME) Amazon Prime | Al Michaels, Kirk Herbstreit, Kaylee Hartung

- [Streaming on Twitch (free!!) & available on ABC7 Denver](https://www.reddit.com/r/DenverBroncos/comments/1oovyen/if_you_are_in_denver_a_reminder_that_thursdays/)
 
- [Check to see what game is on in your area](https://506sports.com/)
 
- Local Radio (**KOA - 850 AM/94.1 FM & The Fox - 103.5 FM:** )
 
^(***KOA broadcast only works on desktop, not mobile.***)
 
 
---
#INJURY
 
[](/DEN) [**DEN Injury Report**](http://www.denverbroncos.com/team/injury-report.html) | [](/LV) [**LV Injury Report**](https://www.raiders.com/team/injury-report/)
 
---
 
#NEWS
 
---
#AROUND THE AFC WEST
 
Team |  | Opp. | Date | Time/Score
----|---|----|----|----
[](/r/chargers) LAC | | [](/PIT) PIT |11/9 [](/NBC) NBC| 6:20pm
[](/r/kansascitychiefs) KC | |BYE | BYE |
[](/r/raiders) LV |@ |[](/DEN) DEN |11/6 [](/PRIME)| 6:15pm


---


#GOING TO THE GAME? [Consider parking at Lake Middle School!!](https://www.reddit.com/r/DenverBroncos/comments/1onhht2/important_information_for_parking_at_lake_middle/)


 ---
 
#THREAD NOTES
 
This thread is ***specifically geared toward Broncos fans***. 
 
***Pick your flair*** in the sidebar. 	
 
Subscribe to **/r/denverbroncos** Geno looks like he’s about to die out there and still looking better than Bo.",25975026.0,neutral,0.058,0.904,0.038,-0.7121
1oqfn7t,1762488380.0,1950,0.99,12493,Game Thread,"[GAME THREAD]: Denver Broncos (7-2) vs Las Vegas Raiders (2-6) ###Week 10
 
**[](/DEN) Denver Broncos (7-2) @ [](/LV) Las Vegas Raiders (2-6)**
###
 
---

# [GAME PREVIEW](https://www.youtube.com/watch?v=k-LXfPRyZtw)

---
 
#WEATHER/BROADCAST
 
8:15pm ET | 7:15pm CT | **6:15pm MT** | 5:15pm PT / Empower Field at Mile High Stadium
 
[Weather Forecast](https://weather.com/weather/hourbyhour/l/3f345b93f02bdea125a122a4798a6b17174a3153bb0f45b4d5238343613d7368)
 
- TV | [](/PRIME) Amazon Prime | Al Michaels, Kirk Herbstreit, Kaylee Hartung

- [Streaming on Twitch (free!!) & available on ABC7 Denver](https://www.reddit.com/r/DenverBroncos/comments/1oovyen/if_you_are_in_denver_a_reminder_that_thursdays/)
 
- [Check to see what game is on in your area](https://506sports.com/)
 
- Local Radio (**KOA - 850 AM/94.1 FM & The Fox - 103.5 FM:** )
 
^(***KOA broadcast only works on desktop, not mobile.***)
 
 
---
#INJURY
 
[](/DEN) [**DEN Injury Report**](http://www.denverbroncos.com/team/injury-report.html) | [](/LV) [**LV Injury Report**](https://www.raiders.com/team/injury-report/)
 
---
 
#NEWS
 
---
#AROUND THE AFC WEST
 
Team |  | Opp. | Date | Time/Score
----|---|----|----|----
[](/r/chargers) LAC | | [](/PIT) PIT |11/9 [](/NBC) NBC| 6:20pm
[](/r/kansascitychiefs) KC | |BYE | BYE |
[](/r/raiders) LV |@ |[](/DEN) DEN |11/6 [](/PRIME)| 6:15pm


---


#GOING TO THE GAME? [Consider parking at Lake Middle School!!](https://www.reddit.com/r/DenverBroncos/comments/1onhht2/important_information_for_parking_at_lake_middle/)


 ---
 
#THREAD NOTES
 
This thread is ***specifically geared toward Broncos fans***. 
 
***Pick your flair*** in the sidebar. 	
 
Subscribe to **/r/denverbroncos** Cannot wait to have Mims back",24119667.0,neutral,0.041,0.949,0.01,-0.7527
1onhht2,1762412125.0,232,0.97,4,Look Here!,"IMPORTANT INFORMATION FOR PARKING AT LAKE MIDDLE SCHOOL ON 11/6 TNF VS THE RAIDERS. Hey everyone. I woke up to a ton of messages about parking at Lake for TNF and it is easier for me to just make a thread about it.

Yes we are still going to be offering parking for the game, but it is going to be run differently. Not only is it a school day, but we also have a home football game that day. Because of this, I am going to be locking up the main lot until after the football game at about 445-5. 

The MNF went smoothly, but there was no after school activity happening at the same time. I would not show up till about 4:30 and even then I might not be selling spots yet.

Please do not start lining up for spots in the street or anything like that. It is not going to be run like normal so I am going to try to be as flexible as possible. Thank you all for your patience while I navigate the chaos that comes with Broncos vs Raiders. yeah that lake middle school spot is legit and they're still doing it for games this season for anyone wondering it's usually like 25 bucks and a pretty easy walk plus the money goes to the school which is cool it fills up crazy fast though so you have to get there early if you miss out on that your best bet is to check out the lots around ball arena or the aquarium they can be a bit of a trek but it beats stadium traffic the official lots at empower are mostly pre-sold and the few day of spots they have in lot c are like 55 bucks and you gotta be there when the sun comes up to snag one also a lot of people just find a cheap private driveway to park at in denver with the prked app to avoid the big lots altogether",1125.0,neutral,0.043,0.828,0.129,0.9836
1onhht2,1762733867.0,116,0.97,4,Look Here!,"IMPORTANT INFORMATION FOR PARKING AT LAKE MIDDLE SCHOOL ON 11/6 TNF VS THE RAIDERS. Hey everyone. I woke up to a ton of messages about parking at Lake for TNF and it is easier for me to just make a thread about it.

Yes we are still going to be offering parking for the game, but it is going to be run differently. Not only is it a school day, but we also have a home football game that day. Because of this, I am going to be locking up the main lot until after the football game at about 445-5. 

The MNF went smoothly, but there was no after school activity happening at the same time. I would not show up till about 4:30 and even then I might not be selling spots yet.

Please do not start lining up for spots in the street or anything like that. It is not going to be run like normal so I am going to try to be as flexible as possible. Thank you all for your patience while I navigate the chaos that comes with Broncos vs Raiders. Do you do parking every gameday? I’m traveling from Kansas City to watch the game next week and people in here have raved about this lot.",563.0,neutral,0.035,0.872,0.092,0.8663
1onc3v3,1762263172.0,178,0.99,854,Look Here!,[MEGA THREAD] Trade Deadline Wanna blindly speculate on trade targets? This is the place! Wanna get excited about trade? This is the place! Wanna bemoan a missed opportunity? This is the place! [Live Trade tracker](https://www.cbssports.com/nfl/news/2025-nfl-trade-deadline-live-updates-latest-rumors-buzz-and-news-in-final-two-days-to-make-deals/live/),150668.0,neutral,0.055,0.779,0.166,0.6615
1onc3v3,1762178900.0,12638,0.99,854,Look Here!,[MEGA THREAD] Trade Deadline Wanna blindly speculate on trade targets? This is the place! Wanna get excited about trade? This is the place! Wanna bemoan a missed opportunity? This is the place! After watching the game in person yesterday we need a wr that’ll get open. The only time I saw anyone open is when he overthrew Evan only because the defensive player fell down.,10697435.0,neutral,0.032,0.854,0.114,0.6722
1onc3v3,1762179436.0,10502,0.99,854,Look Here!,[MEGA THREAD] Trade Deadline Wanna blindly speculate on trade targets? This is the place! Wanna get excited about trade? This is the place! Wanna bemoan a missed opportunity? This is the place! I only want a WR that is just as good or better than Sutton. We have enough WR 2/3s,8889418.0,neutral,0.038,0.725,0.237,0.8889
1onc3v3,1762178716.0,4628,0.99,854,Look Here!,[MEGA THREAD] Trade Deadline Wanna blindly speculate on trade targets? This is the place! Wanna get excited about trade? This is the place! Wanna bemoan a missed opportunity? This is the place! Doesn’t feel like we desperately need someone but a premium WR wouldn’t be bad.,3917371.0,neutral,0.181,0.718,0.101,-0.7364
1onc3v3,1762214461.0,5162,0.99,854,Look Here!,"[MEGA THREAD] Trade Deadline Wanna blindly speculate on trade targets? This is the place! Wanna get excited about trade? This is the place! Wanna bemoan a missed opportunity? This is the place! I like the team, but it is a buy now market. We don't know when we will be back to 7-2. There is a chance, albeit small, that KC get snubbed out the 7th seed... LAC injured... Competing with a weak NE and an overperforming IND for the 1 seed. It could be us and Buffalo, a lot of things lining up halfway through this season.",4369375.0,neutral,0.106,0.818,0.076,-0.7198
1onc3v3,1762177648.0,13706,0.99,854,Look Here!,[MEGA THREAD] Trade Deadline Wanna blindly speculate on trade targets? This is the place! Wanna get excited about trade? This is the place! Wanna bemoan a missed opportunity? This is the place! Waddle pls thank you,11601444.0,neutral,0.052,0.704,0.244,0.8029
1onc3v3,1762185134.0,3560,0.99,854,Look Here!,"[MEGA THREAD] Trade Deadline Wanna blindly speculate on trade targets? This is the place! Wanna get excited about trade? This is the place! Wanna bemoan a missed opportunity? This is the place! I liked what Zac Stevens had to say about it on DNVR. Basically, if you’re gonna trade for someone make it a splash. Trading for someone like Shaheed doesn’t really move the needle and just adds on the the one-dimensional receivers we kinda already have. Instead, either don’t trade at all or trade for someone great like waddle or even olave",3013362.0,neutral,0.021,0.8,0.179,0.9461
1onc3v3,1762191637.0,4450,0.99,854,Look Here!,[MEGA THREAD] Trade Deadline Wanna blindly speculate on trade targets? This is the place! Wanna get excited about trade? This is the place! Wanna bemoan a missed opportunity? This is the place! My only hope is that the chiefs don’t rob the Jets for Breece Hall. Nightmare scenario imo,3766702.0,neutral,0.099,0.737,0.163,0.5742
1onc3v3,1762282540.0,3382,0.99,854,Look Here!,[MEGA THREAD] Trade Deadline Wanna blindly speculate on trade targets? This is the place! Wanna get excited about trade? This is the place! Wanna bemoan a missed opportunity? This is the place! Don't worry a trade is coming they just have to get it through the Fax machine,2862694.0,neutral,0.041,0.789,0.17,0.7797
1onc3v3,1762181429.0,3026,0.99,854,Look Here!,"[MEGA THREAD] Trade Deadline Wanna blindly speculate on trade targets? This is the place! Wanna get excited about trade? This is the place! Wanna bemoan a missed opportunity? This is the place! I don’t think we’ll make a move. If we do though, I hope it’s for either Waddle or Njoku",2561358.0,neutral,0.04,0.786,0.174,0.8082
1onc3v3,1762286717.0,3026,0.99,854,Look Here!,[MEGA THREAD] Trade Deadline Wanna blindly speculate on trade targets? This is the place! Wanna get excited about trade? This is the place! Wanna bemoan a missed opportunity? This is the place! SUPPORT YOUR LOCAL BO NIX,2561358.0,neutral,0.05,0.723,0.227,0.8338
1onc3v3,1762201280.0,2848,0.99,854,Look Here!,[MEGA THREAD] Trade Deadline Wanna blindly speculate on trade targets? This is the place! Wanna get excited about trade? This is the place! Wanna bemoan a missed opportunity? This is the place! Please get Jaylen Waddle!!,2410690.0,neutral,0.052,0.731,0.217,0.791
1onc3v3,1762194655.0,2670,0.99,854,Look Here!,"[MEGA THREAD] Trade Deadline Wanna blindly speculate on trade targets? This is the place! Wanna get excited about trade? This is the place! Wanna bemoan a missed opportunity? This is the place! I have a feeling we aren’t going to make a move. Team is 7-2, we have a lot more cap space coming in the offseason, Marcedes Lewis is here to fix the Nate Adkins problem

I’d love for us to go out and get a true alpha WR, but those big dogs aren’t often moved at the deadline and I don’t think the Jets or Dolphins are desperate to move their stud WRs",2260022.0,neutral,0.06,0.84,0.1,0.5213
1onc3v3,1762282346.0,2670,0.99,854,Look Here!,"[MEGA THREAD] Trade Deadline Wanna blindly speculate on trade targets? This is the place! Wanna get excited about trade? This is the place! Wanna bemoan a missed opportunity? This is the place! **Relax boys. We've been a 4th quarter team all season.** 

**Of course we would wait on a trade until the 11th hour...**",2260022.0,neutral,0.039,0.845,0.116,0.6615
1onc3v3,1762283533.0,2670,0.99,854,Look Here!,"[MEGA THREAD] Trade Deadline Wanna blindly speculate on trade targets? This is the place! Wanna get excited about trade? This is the place! Wanna bemoan a missed opportunity? This is the place! Gat damn the Jets are selling the farm

Go and get Garrett Wilson now",2260022.0,neutral,0.093,0.781,0.126,0.4051
1onc3v3,1762287783.0,2848,0.99,854,Look Here!,"[MEGA THREAD] Trade Deadline Wanna blindly speculate on trade targets? This is the place! Wanna get excited about trade? This is the place! Wanna bemoan a missed opportunity? This is the place! Jets should give us a discount on Wilson for sending Nuggets superstar and podcasting genius Michael ""Yeah Mike"" Porter, Junior to BKN.",2410690.0,neutral,0.037,0.813,0.149,0.7661
1onc3v3,1762186385.0,5518,0.99,854,Look Here!,[MEGA THREAD] Trade Deadline Wanna blindly speculate on trade targets? This is the place! Wanna get excited about trade? This is the place! Wanna bemoan a missed opportunity? This is the place! Give me one Njoku please. A blocking TE who can also be a red zone target would be a nice addition.,4670711.0,neutral,0.081,0.722,0.197,0.7855
1onc3v3,1762203881.0,2314,0.99,854,Look Here!,[MEGA THREAD] Trade Deadline Wanna blindly speculate on trade targets? This is the place! Wanna get excited about trade? This is the place! Wanna bemoan a missed opportunity? This is the place! I dont think we're making any moves. Feel like it would have happened by now.,1958685.0,neutral,0.042,0.784,0.174,0.7855
1onc3v3,1762278312.0,2136,0.99,854,Look Here!,[MEGA THREAD] Trade Deadline Wanna blindly speculate on trade targets? This is the place! Wanna get excited about trade? This is the place! Wanna bemoan a missed opportunity? This is the place! Daily reminder Sauce Gardner is ASS,1808017.0,neutral,0.17,0.717,0.113,-0.5645
1onc3v3,1762280476.0,2314,0.99,854,Look Here!,[MEGA THREAD] Trade Deadline Wanna blindly speculate on trade targets? This is the place! Wanna get excited about trade? This is the place! Wanna bemoan a missed opportunity? This is the place! Don’t worry everyone!!!! We’re just waiting for the 4th quarter to start for the trade deadline!!!,1958685.0,neutral,0.093,0.782,0.126,0.423
1omtn51,1762119413.0,563040,1.0,530,Look Here!,"[POST GAME THREAD] Denver Broncos @ Houston Texans We’re going streaking I don't care what the stats say.

We held the best performing offense in the league last week and overcame an outstanding defense this week.

The team is clutch and good teams win close games.",298974240.0,positive,0.08,0.638,0.283,0.9148
1omtn51,1762119434.0,151640,1.0,530,Look Here!,[POST GAME THREAD] Denver Broncos @ Houston Texans We’re going streaking Love being 7-2 feels good to win and being among the talk of the league,80520840.0,positive,0.0,0.669,0.331,0.8979
1omtn51,1762119766.0,138040,1.0,530,Look Here!,[POST GAME THREAD] Denver Broncos @ Houston Texans We’re going streaking Shit my pants when I saw the flag,73299240.0,positive,0.184,0.816,0.0,-0.5574
1omtn51,1762119470.0,240720,1.0,530,Look Here!,[POST GAME THREAD] Denver Broncos @ Houston Texans We’re going streaking Mims was missed a lot more than I expected. There’s a reason Bandy was on the practice squad,127822320.0,neutral,0.084,0.916,0.0,-0.296
1omtn51,1762119411.0,112200,1.0,530,Look Here!,[POST GAME THREAD] Denver Broncos @ Houston Texans We’re going streaking Big nuts Lutz coming in clutch,59578200.0,positive,0.133,0.867,0.0,-0.3182
1omtn51,1762119383.0,188360,1.0,530,Look Here!,[POST GAME THREAD] Denver Broncos @ Houston Texans We’re going streaking If you don't like that then you don't like Broncos football (my heart doesnt like Broncos football),100019160.0,positive,0.209,0.791,0.0,-0.652
1omtn51,1762119439.0,186320,1.0,530,Look Here!,"[POST GAME THREAD] Denver Broncos @ Houston Texans We’re going streaking https://preview.redd.it/xxuauzisxwyf1.jpeg?width=727&format=pjpg&auto=webp&s=b0dabb4261edae27f5df8db52411f74d68062f55

How I feel after watching 3 quarters of Broncos football",98935920.0,neutral,0.0,1.0,0.0,0.0
1omtn51,1762119547.0,88400,1.0,530,Look Here!,[POST GAME THREAD] Denver Broncos @ Houston Texans We’re going streaking Idc about the offensive woes today. On the road against the #1 defense in the league and we pulled it out in the clutch. Happy to celebrate another dub.,46940400.0,positive,0.121,0.697,0.182,0.4588
1omtn51,1762119434.0,59160,1.0,530,Look Here!,[POST GAME THREAD] Denver Broncos @ Houston Texans We’re going streaking Ugly ass win. I’ll take it.,31413960.0,positive,0.288,0.551,0.161,-0.4588
1omtn51,1762119390.0,149600,1.0,530,Look Here!,[POST GAME THREAD] Denver Broncos @ Houston Texans We’re going streaking Why waste time score lot point when few point do trick?,79437600.0,negative,0.174,0.826,0.0,-0.4588
1omtn51,1762119395.0,34000,1.0,530,Look Here!,[POST GAME THREAD] Denver Broncos @ Houston Texans We’re going streaking LET'S GO EVERYONE NOT NAMED RAIDERS OR CHIEFS,18054000.0,positive,0.0,1.0,0.0,0.0
1omtn51,1762119538.0,34000,1.0,530,Look Here!,[POST GAME THREAD] Denver Broncos @ Houston Texans We’re going streaking ![gif](giphy|uUgUyY3KZ6PH5VaM4Y|downsized),18054000.0,positive,0.0,1.0,0.0,0.0
1omtn51,1762119441.0,102000,1.0,530,Look Here!,[POST GAME THREAD] Denver Broncos @ Houston Texans We’re going streaking Love this team. Fuck this team.,54162000.0,negative,0.161,0.645,0.194,0.1779
1omtn51,1762119386.0,28560,1.0,530,Look Here!,[POST GAME THREAD] Denver Broncos @ Houston Texans We’re going streaking My butthole can now unclench once again,15165360.0,positive,0.0,1.0,0.0,0.0
1omtn51,1762119435.0,54400,1.0,530,Look Here!,[POST GAME THREAD] Denver Broncos @ Houston Texans We’re going streaking Go Bills F@ck the Chiefs,28886400.0,positive,0.0,1.0,0.0,0.0
1omtn51,1762119499.0,27200,1.0,530,Look Here!,[POST GAME THREAD] Denver Broncos @ Houston Texans We’re going streaking Crawshaw for ROTW?,14443200.0,neutral,0.0,1.0,0.0,0.0
1omtn51,1762119527.0,22440,1.0,530,Look Here!,[POST GAME THREAD] Denver Broncos @ Houston Texans We’re going streaking I’m glad we won’t play that Houston defense again.,11915640.0,positive,0.0,0.699,0.301,0.7096
1omtn51,1762119658.0,37400,1.0,530,Look Here!,[POST GAME THREAD] Denver Broncos @ Houston Texans We’re going streaking BREAKING NEWS: NFL QBS HAVE BAD GAMES (against the second ranked defense) (Bo still threw 2 TD's),19859400.0,neutral,0.145,0.855,0.0,-0.6408
1omtn51,1762119447.0,18360,1.0,530,Look Here!,"[POST GAME THREAD] Denver Broncos @ Houston Texans We’re going streaking As frustrating as these games can be for us, it’s got to be more frustrating to play against us in them!",9749160.0,positive,0.166,0.762,0.072,-0.5312
1omtn51,1762119587.0,31960,1.0,530,Look Here!,"[POST GAME THREAD] Denver Broncos @ Houston Texans We’re going streaking Bo Nix with god damn ice in his veins. This grown ass man just keeps going ""bet"" in the 4th and proceeds to drive down and win games on the last drive. What is that, the 5th fourth quarter comeback this season?!",16970760.0,positive,0.107,0.795,0.098,-0.1511
1omtcmf,1762118667.0,415858,1.0,168,Highlights,[Highlight] Wil Lutz hits the 34-yarder and Broncos come back to win again!  This team is not good for my heart,70280002.0,positive,0.094,0.745,0.16,0.3991
1omtcmf,1762118759.0,319606,1.0,168,Highlights,"[Highlight] Wil Lutz hits the 34-yarder and Broncos come back to win again!  On the road

Against best defense in the league

Got it when they needed it

Survive and advance

Fuck the Raiders on Thursday

7-2",54013414.0,positive,0.076,0.713,0.212,0.7424
1omtcmf,1762118772.0,93784,1.0,168,Highlights,[Highlight] Wil Lutz hits the 34-yarder and Broncos come back to win again!  Not pretty but my god it's fun to win games again and be in position to host a playoff game.,15849496.0,positive,0.041,0.616,0.342,0.9346
1omtcmf,1762118718.0,82678,1.0,168,Highlights,[Highlight] Wil Lutz hits the 34-yarder and Broncos come back to win again!  7-2 BABY,13972582.0,positive,0.0,0.774,0.226,0.6239
1omtcmf,1762118847.0,139442,1.0,168,Highlights,"[Highlight] Wil Lutz hits the 34-yarder and Broncos come back to win again!  I woke up late and forgot the Broncos were playing early. It wasn't the 4th quarter yet, so there was clearly an entire game left. Bo and behold....",23565698.0,positive,0.0,0.807,0.193,0.8341
1omtcmf,1762118687.0,107358,1.0,168,Highlights,[Highlight] Wil Lutz hits the 34-yarder and Broncos come back to win again!  #FREAKING CARDIAC PONIES!,18143502.0,positive,0.0,0.774,0.226,0.658
1omtcmf,1762118808.0,108592,1.0,168,Highlights,"[Highlight] Wil Lutz hits the 34-yarder and Broncos come back to win again!  Much respect to that Texans D. They gave us everything we could handle. If they ever start scoring touchdowns this season, they will be trouble down the stretch.",18352048.0,positive,0.056,0.793,0.15,0.6696
1omtcmf,1762118684.0,48126,1.0,168,Highlights,[Highlight] Wil Lutz hits the 34-yarder and Broncos come back to win again!  I BOLIEVE!!!!,8133294.0,positive,0.0,0.724,0.276,0.7156
1omtcmf,1762118862.0,43190,1.0,168,Highlights,[Highlight] Wil Lutz hits the 34-yarder and Broncos come back to win again!  ![gif](giphy|l4FATJpd4LWgeruTK),7299110.0,positive,0.0,0.748,0.252,0.658
1omtcmf,1762118956.0,48126,1.0,168,Highlights,"[Highlight] Wil Lutz hits the 34-yarder and Broncos come back to win again!  Ugly game but idk if people realize how good the texans D is. Good to finally be a team that finds a way to win games like that, we move",8133294.0,positive,0.067,0.594,0.339,0.9523
1omtcmf,1762119129.0,37020,1.0,168,Highlights,"[Highlight] Wil Lutz hits the 34-yarder and Broncos come back to win again!  Here's the obligatory ""We should be 9-0""!",6256380.0,positive,0.0,0.813,0.187,0.658
1omtcmf,1762118728.0,22212,1.0,168,Highlights,[Highlight] Wil Lutz hits the 34-yarder and Broncos come back to win again!  Go Broncos!!,3753828.0,positive,0.0,0.75,0.25,0.6884
1omtcmf,1762118814.0,17276,1.0,168,Highlights,[Highlight] Wil Lutz hits the 34-yarder and Broncos come back to win again!  4th quarters have me like 🥴,2919644.0,positive,0.0,0.708,0.292,0.7644
1omtcmf,1762118726.0,46892,1.0,168,Highlights,[Highlight] Wil Lutz hits the 34-yarder and Broncos come back to win again!  4th quarter merchants,7924748.0,positive,0.0,0.786,0.214,0.6239
1omtcmf,1762118899.0,12340,1.0,168,Highlights,[Highlight] Wil Lutz hits the 34-yarder and Broncos come back to win again!  I you don’t like that than you don’t like broncos football,2085460.0,positive,0.0,0.687,0.313,0.8439
1omtcmf,1762119019.0,9872,1.0,168,Highlights,[Highlight] Wil Lutz hits the 34-yarder and Broncos come back to win again!  Texans fans raiding this sub. What a bunch of cry babies.,1668368.0,positive,0.11,0.745,0.145,0.2481
1omtcmf,1762118859.0,14808,1.0,168,Highlights,[Highlight] Wil Lutz hits the 34-yarder and Broncos come back to win again!  This is like 2011 only the quarterback doesn’t totally suck.,2502552.0,positive,0.107,0.671,0.221,0.5266
1omtcmf,1762119134.0,4936,1.0,168,Highlights,[Highlight] Wil Lutz hits the 34-yarder and Broncos come back to win again!  Bo once again puts the team on his back to get the job done! Highly underrated QB. This kid is awesome,834184.0,positive,0.0,0.79,0.21,0.8585
1omtcmf,1762118806.0,33318,1.0,168,Highlights,[Highlight] Wil Lutz hits the 34-yarder and Broncos come back to win again!  [removed],5630742.0,neutral,0.0,0.761,0.239,0.6239
1omtcmf,1762118878.0,3702,1.0,168,Highlights,[Highlight] Wil Lutz hits the 34-yarder and Broncos come back to win again!  #YES!,625638.0,positive,0.0,0.748,0.252,0.658
1ommmni,1762103923.0,4230,0.98,8871,Game Thread,"[GAME THREAD]: Denver Broncos (6-2) @ Houston Texans (3-4) ###Week 9
 
**[](/DEN) Denver Broncos (6-2) @ [](/HOU) Houston Texans (3-4)**
###
 
---

#[Game Preview](https://www.youtube.com/watch?v=ogBJ2isVnnw)

---
 
#WEATHER/BROADCAST
 
1pm ET | 12pm CT | **11am MT** | 10am PT / NRG Stadium
 
[Weather Forecast](https://weather.com/weather/hourbyhour/l/da00666b99e29819289c87a0c1e7c4813ce274131a5131564adbb59caf76fcfe)
 
- TV | FOX [](/FOX)
 
- [Check to see what game is on in your area](https://506sports.com/)
 
- Local Radio (**KOA - 850 AM/94.1 FM & The Fox - 103.5 FM:** )
 
^(***KOA broadcast only works on desktop, not mobile.***)
 
 
---
#INJURY
 
[](/DEN) [**DEN Injury Report**](http://www.denverbroncos.com/team/injury-report.html) | [](/HOU) [**HOU Injury Report**](https://www.houstontexans.com/team/injury-report/)
 
---
 
#NEWS

[[Pelissero] Back for more: Veteran TE Marcedes Lewis is signing with the Broncos practice squad, sources tell The Insiders. At age 41, Lewis returns for a 20th NFL season as the lone active member of the 2006 draft class.](https://www.reddit.com/r/DenverBroncos/comments/1oj68o5/pelissero_back_for_more_veteran_te_marcedes_lewis/)
 
---
#AROUND THE AFC WEST
 
Team |  | Opp. | Date | Time/Score
----|---|----|----|----
[](/r/chargers) LAC | @ | [](/TEN) TEN |11/2 11am|
[](/r/kansascitychiefs) KC | @ |[](/BUF) BUF |11/2 2:25pm|
[](/r/raiders) LV | |[](/JAC) JAC | 11/2 2:05pm|

---
 
#THREAD NOTES
 
This thread is ***specifically geared toward Broncos fans***. 
 
***Pick your flair*** in the sidebar. 	
 
Subscribe to **/r/denverbroncos** https://preview.redd.it/lf5pt6knnvyf1.jpeg?width=2252&format=pjpg&auto=webp&s=d5461184119d8403a6ffa567cb78f9daf87a8ac4

Number 63 reporting as elligible",36777989.0,positive,0.046,0.932,0.023,-0.6199
1ommmni,1762105994.0,3525,0.98,8871,Game Thread,"[GAME THREAD]: Denver Broncos (6-2) @ Houston Texans (3-4) ###Week 9
 
**[](/DEN) Denver Broncos (6-2) @ [](/HOU) Houston Texans (3-4)**
###
 
---

#[Game Preview](https://www.youtube.com/watch?v=ogBJ2isVnnw)

---
 
#WEATHER/BROADCAST
 
1pm ET | 12pm CT | **11am MT** | 10am PT / NRG Stadium
 
[Weather Forecast](https://weather.com/weather/hourbyhour/l/da00666b99e29819289c87a0c1e7c4813ce274131a5131564adbb59caf76fcfe)
 
- TV | FOX [](/FOX)
 
- [Check to see what game is on in your area](https://506sports.com/)
 
- Local Radio (**KOA - 850 AM/94.1 FM & The Fox - 103.5 FM:** )
 
^(***KOA broadcast only works on desktop, not mobile.***)
 
 
---
#INJURY
 
[](/DEN) [**DEN Injury Report**](http://www.denverbroncos.com/team/injury-report.html) | [](/HOU) [**HOU Injury Report**](https://www.houstontexans.com/team/injury-report/)
 
---
 
#NEWS

[[Pelissero] Back for more: Veteran TE Marcedes Lewis is signing with the Broncos practice squad, sources tell The Insiders. At age 41, Lewis returns for a 20th NFL season as the lone active member of the 2006 draft class.](https://www.reddit.com/r/DenverBroncos/comments/1oj68o5/pelissero_back_for_more_veteran_te_marcedes_lewis/)
 
---
#AROUND THE AFC WEST
 
Team |  | Opp. | Date | Time/Score
----|---|----|----|----
[](/r/chargers) LAC | @ | [](/TEN) TEN |11/2 11am|
[](/r/kansascitychiefs) KC | @ |[](/BUF) BUF |11/2 2:25pm|
[](/r/raiders) LV | |[](/JAC) JAC | 11/2 2:05pm|

---
 
#THREAD NOTES
 
This thread is ***specifically geared toward Broncos fans***. 
 
***Pick your flair*** in the sidebar. 	
 
Subscribe to **/r/denverbroncos** https://preview.redd.it/1rifrswrtvyf1.jpeg?width=4080&format=pjpg&auto=webp&s=c2a3c49485a4223953d0c8e025f8fc5a4bb802c6

Almost looks like a home game!  Let's make some noise!",30648324.0,positive,0.047,0.926,0.027,-0.5751
1ommmni,1762119331.0,3807,0.98,8871,Game Thread,"[GAME THREAD]: Denver Broncos (6-2) @ Houston Texans (3-4) ###Week 9
 
**[](/DEN) Denver Broncos (6-2) @ [](/HOU) Houston Texans (3-4)**
###
 
---

#[Game Preview](https://www.youtube.com/watch?v=ogBJ2isVnnw)

---
 
#WEATHER/BROADCAST
 
1pm ET | 12pm CT | **11am MT** | 10am PT / NRG Stadium
 
[Weather Forecast](https://weather.com/weather/hourbyhour/l/da00666b99e29819289c87a0c1e7c4813ce274131a5131564adbb59caf76fcfe)
 
- TV | FOX [](/FOX)
 
- [Check to see what game is on in your area](https://506sports.com/)
 
- Local Radio (**KOA - 850 AM/94.1 FM & The Fox - 103.5 FM:** )
 
^(***KOA broadcast only works on desktop, not mobile.***)
 
 
---
#INJURY
 
[](/DEN) [**DEN Injury Report**](http://www.denverbroncos.com/team/injury-report.html) | [](/HOU) [**HOU Injury Report**](https://www.houstontexans.com/team/injury-report/)
 
---
 
#NEWS

[[Pelissero] Back for more: Veteran TE Marcedes Lewis is signing with the Broncos practice squad, sources tell The Insiders. At age 41, Lewis returns for a 20th NFL season as the lone active member of the 2006 draft class.](https://www.reddit.com/r/DenverBroncos/comments/1oj68o5/pelissero_back_for_more_veteran_te_marcedes_lewis/)
 
---
#AROUND THE AFC WEST
 
Team |  | Opp. | Date | Time/Score
----|---|----|----|----
[](/r/chargers) LAC | @ | [](/TEN) TEN |11/2 11am|
[](/r/kansascitychiefs) KC | @ |[](/BUF) BUF |11/2 2:25pm|
[](/r/raiders) LV | |[](/JAC) JAC | 11/2 2:05pm|

---
 
#THREAD NOTES
 
This thread is ***specifically geared toward Broncos fans***. 
 
***Pick your flair*** in the sidebar. 	
 
Subscribe to **/r/denverbroncos** Talanoa Hufanga. 


That's it. That's the tweet.",33100190.0,neutral,0.043,0.941,0.015,-0.6124
1ommmni,1762103349.0,3102,0.98,8871,Game Thread,"[GAME THREAD]: Denver Broncos (6-2) @ Houston Texans (3-4) ###Week 9
 
**[](/DEN) Denver Broncos (6-2) @ [](/HOU) Houston Texans (3-4)**
###
 
---

#[Game Preview](https://www.youtube.com/watch?v=ogBJ2isVnnw)

---
 
#WEATHER/BROADCAST
 
1pm ET | 12pm CT | **11am MT** | 10am PT / NRG Stadium
 
[Weather Forecast](https://weather.com/weather/hourbyhour/l/da00666b99e29819289c87a0c1e7c4813ce274131a5131564adbb59caf76fcfe)
 
- TV | FOX [](/FOX)
 
- [Check to see what game is on in your area](https://506sports.com/)
 
- Local Radio (**KOA - 850 AM/94.1 FM & The Fox - 103.5 FM:** )
 
^(***KOA broadcast only works on desktop, not mobile.***)
 
 
---
#INJURY
 
[](/DEN) [**DEN Injury Report**](http://www.denverbroncos.com/team/injury-report.html) | [](/HOU) [**HOU Injury Report**](https://www.houstontexans.com/team/injury-report/)
 
---
 
#NEWS

[[Pelissero] Back for more: Veteran TE Marcedes Lewis is signing with the Broncos practice squad, sources tell The Insiders. At age 41, Lewis returns for a 20th NFL season as the lone active member of the 2006 draft class.](https://www.reddit.com/r/DenverBroncos/comments/1oj68o5/pelissero_back_for_more_veteran_te_marcedes_lewis/)
 
---
#AROUND THE AFC WEST
 
Team |  | Opp. | Date | Time/Score
----|---|----|----|----
[](/r/chargers) LAC | @ | [](/TEN) TEN |11/2 11am|
[](/r/kansascitychiefs) KC | @ |[](/BUF) BUF |11/2 2:25pm|
[](/r/raiders) LV | |[](/JAC) JAC | 11/2 2:05pm|

---
 
#THREAD NOTES
 
This thread is ***specifically geared toward Broncos fans***. 
 
***Pick your flair*** in the sidebar. 	
 
Subscribe to **/r/denverbroncos** https://preview.redd.it/s1mojz4ylvyf1.jpeg?width=2252&format=pjpg&auto=webp&s=58612d809e080a66eae1aa38d9179cd50d0c7e4b

They them boys",26970525.0,neutral,0.046,0.938,0.015,-0.6553
1ommmni,1762104781.0,2961,0.98,8871,Game Thread,"[GAME THREAD]: Denver Broncos (6-2) @ Houston Texans (3-4) ###Week 9
 
**[](/DEN) Denver Broncos (6-2) @ [](/HOU) Houston Texans (3-4)**
###
 
---

#[Game Preview](https://www.youtube.com/watch?v=ogBJ2isVnnw)

---
 
#WEATHER/BROADCAST
 
1pm ET | 12pm CT | **11am MT** | 10am PT / NRG Stadium
 
[Weather Forecast](https://weather.com/weather/hourbyhour/l/da00666b99e29819289c87a0c1e7c4813ce274131a5131564adbb59caf76fcfe)
 
- TV | FOX [](/FOX)
 
- [Check to see what game is on in your area](https://506sports.com/)
 
- Local Radio (**KOA - 850 AM/94.1 FM & The Fox - 103.5 FM:** )
 
^(***KOA broadcast only works on desktop, not mobile.***)
 
 
---
#INJURY
 
[](/DEN) [**DEN Injury Report**](http://www.denverbroncos.com/team/injury-report.html) | [](/HOU) [**HOU Injury Report**](https://www.houstontexans.com/team/injury-report/)
 
---
 
#NEWS

[[Pelissero] Back for more: Veteran TE Marcedes Lewis is signing with the Broncos practice squad, sources tell The Insiders. At age 41, Lewis returns for a 20th NFL season as the lone active member of the 2006 draft class.](https://www.reddit.com/r/DenverBroncos/comments/1oj68o5/pelissero_back_for_more_veteran_te_marcedes_lewis/)
 
---
#AROUND THE AFC WEST
 
Team |  | Opp. | Date | Time/Score
----|---|----|----|----
[](/r/chargers) LAC | @ | [](/TEN) TEN |11/2 11am|
[](/r/kansascitychiefs) KC | @ |[](/BUF) BUF |11/2 2:25pm|
[](/r/raiders) LV | |[](/JAC) JAC | 11/2 2:05pm|

---
 
#THREAD NOTES
 
This thread is ***specifically geared toward Broncos fans***. 
 
***Pick your flair*** in the sidebar. 	
 
Subscribe to **/r/denverbroncos** Not everyones seated yet, but its swarming with orange out here. Broncos takeover af",25744592.0,neutral,0.03,0.96,0.01,-0.3612
1ommmni,1762109914.0,3102,0.98,8871,Game Thread,"[GAME THREAD]: Denver Broncos (6-2) @ Houston Texans (3-4) ###Week 9
 
**[](/DEN) Denver Broncos (6-2) @ [](/HOU) Houston Texans (3-4)**
###
 
---

#[Game Preview](https://www.youtube.com/watch?v=ogBJ2isVnnw)

---
 
#WEATHER/BROADCAST
 
1pm ET | 12pm CT | **11am MT** | 10am PT / NRG Stadium
 
[Weather Forecast](https://weather.com/weather/hourbyhour/l/da00666b99e29819289c87a0c1e7c4813ce274131a5131564adbb59caf76fcfe)
 
- TV | FOX [](/FOX)
 
- [Check to see what game is on in your area](https://506sports.com/)
 
- Local Radio (**KOA - 850 AM/94.1 FM & The Fox - 103.5 FM:** )
 
^(***KOA broadcast only works on desktop, not mobile.***)
 
 
---
#INJURY
 
[](/DEN) [**DEN Injury Report**](http://www.denverbroncos.com/team/injury-report.html) | [](/HOU) [**HOU Injury Report**](https://www.houstontexans.com/team/injury-report/)
 
---
 
#NEWS

[[Pelissero] Back for more: Veteran TE Marcedes Lewis is signing with the Broncos practice squad, sources tell The Insiders. At age 41, Lewis returns for a 20th NFL season as the lone active member of the 2006 draft class.](https://www.reddit.com/r/DenverBroncos/comments/1oj68o5/pelissero_back_for_more_veteran_te_marcedes_lewis/)
 
---
#AROUND THE AFC WEST
 
Team |  | Opp. | Date | Time/Score
----|---|----|----|----
[](/r/chargers) LAC | @ | [](/TEN) TEN |11/2 11am|
[](/r/kansascitychiefs) KC | @ |[](/BUF) BUF |11/2 2:25pm|
[](/r/raiders) LV | |[](/JAC) JAC | 11/2 2:05pm|

---
 
#THREAD NOTES
 
This thread is ***specifically geared toward Broncos fans***. 
 
***Pick your flair*** in the sidebar. 	
 
Subscribe to **/r/denverbroncos** If you’re seriously saying Mills is better than Nix, you may be an idiot",26970525.0,neutral,0.067,0.903,0.03,-0.7269
1ommmni,1762118863.0,3384,0.98,8871,Game Thread,"[GAME THREAD]: Denver Broncos (6-2) @ Houston Texans (3-4) ###Week 9
 
**[](/DEN) Denver Broncos (6-2) @ [](/HOU) Houston Texans (3-4)**
###
 
---

#[Game Preview](https://www.youtube.com/watch?v=ogBJ2isVnnw)

---
 
#WEATHER/BROADCAST
 
1pm ET | 12pm CT | **11am MT** | 10am PT / NRG Stadium
 
[Weather Forecast](https://weather.com/weather/hourbyhour/l/da00666b99e29819289c87a0c1e7c4813ce274131a5131564adbb59caf76fcfe)
 
- TV | FOX [](/FOX)
 
- [Check to see what game is on in your area](https://506sports.com/)
 
- Local Radio (**KOA - 850 AM/94.1 FM & The Fox - 103.5 FM:** )
 
^(***KOA broadcast only works on desktop, not mobile.***)
 
 
---
#INJURY
 
[](/DEN) [**DEN Injury Report**](http://www.denverbroncos.com/team/injury-report.html) | [](/HOU) [**HOU Injury Report**](https://www.houstontexans.com/team/injury-report/)
 
---
 
#NEWS

[[Pelissero] Back for more: Veteran TE Marcedes Lewis is signing with the Broncos practice squad, sources tell The Insiders. At age 41, Lewis returns for a 20th NFL season as the lone active member of the 2006 draft class.](https://www.reddit.com/r/DenverBroncos/comments/1oj68o5/pelissero_back_for_more_veteran_te_marcedes_lewis/)
 
---
#AROUND THE AFC WEST
 
Team |  | Opp. | Date | Time/Score
----|---|----|----|----
[](/r/chargers) LAC | @ | [](/TEN) TEN |11/2 11am|
[](/r/kansascitychiefs) KC | @ |[](/BUF) BUF |11/2 2:25pm|
[](/r/raiders) LV | |[](/JAC) JAC | 11/2 2:05pm|

---
 
#THREAD NOTES
 
This thread is ***specifically geared toward Broncos fans***. 
 
***Pick your flair*** in the sidebar. 	
 
Subscribe to **/r/denverbroncos** A leverage penalty away from the best record in the NFL",29422391.0,neutral,0.058,0.905,0.037,-0.4215
1ommmni,1762118897.0,3243,0.98,8871,Game Thread,"[GAME THREAD]: Denver Broncos (6-2) @ Houston Texans (3-4) ###Week 9
 
**[](/DEN) Denver Broncos (6-2) @ [](/HOU) Houston Texans (3-4)**
###
 
---

#[Game Preview](https://www.youtube.com/watch?v=ogBJ2isVnnw)

---
 
#WEATHER/BROADCAST
 
1pm ET | 12pm CT | **11am MT** | 10am PT / NRG Stadium
 
[Weather Forecast](https://weather.com/weather/hourbyhour/l/da00666b99e29819289c87a0c1e7c4813ce274131a5131564adbb59caf76fcfe)
 
- TV | FOX [](/FOX)
 
- [Check to see what game is on in your area](https://506sports.com/)
 
- Local Radio (**KOA - 850 AM/94.1 FM & The Fox - 103.5 FM:** )
 
^(***KOA broadcast only works on desktop, not mobile.***)
 
 
---
#INJURY
 
[](/DEN) [**DEN Injury Report**](http://www.denverbroncos.com/team/injury-report.html) | [](/HOU) [**HOU Injury Report**](https://www.houstontexans.com/team/injury-report/)
 
---
 
#NEWS

[[Pelissero] Back for more: Veteran TE Marcedes Lewis is signing with the Broncos practice squad, sources tell The Insiders. At age 41, Lewis returns for a 20th NFL season as the lone active member of the 2006 draft class.](https://www.reddit.com/r/DenverBroncos/comments/1oj68o5/pelissero_back_for_more_veteran_te_marcedes_lewis/)
 
---
#AROUND THE AFC WEST
 
Team |  | Opp. | Date | Time/Score
----|---|----|----|----
[](/r/chargers) LAC | @ | [](/TEN) TEN |11/2 11am|
[](/r/kansascitychiefs) KC | @ |[](/BUF) BUF |11/2 2:25pm|
[](/r/raiders) LV | |[](/JAC) JAC | 11/2 2:05pm|

---
 
#THREAD NOTES
 
This thread is ***specifically geared toward Broncos fans***. 
 
***Pick your flair*** in the sidebar. 	
 
Subscribe to **/r/denverbroncos** Bo Nix took us to the playoffs as a rookie. 

He has the 5th most TDs in his first 26 starts of any QB ever. 

He's got us to 7-2 this year for the first time since Manning. 

He has 20 TDs in 9 games this year. 

I swear some of you people will never be happy. Its like you guys dont realize that if we got rid of Bo we would be in QB purgatory for another 10 years. We found our guy be happy with him.",28196458.0,neutral,0.057,0.923,0.02,-0.8269
1ommmni,1762119380.0,3384,0.98,8871,Game Thread,"[GAME THREAD]: Denver Broncos (6-2) @ Houston Texans (3-4) ###Week 9
 
**[](/DEN) Denver Broncos (6-2) @ [](/HOU) Houston Texans (3-4)**
###
 
---

#[Game Preview](https://www.youtube.com/watch?v=ogBJ2isVnnw)

---
 
#WEATHER/BROADCAST
 
1pm ET | 12pm CT | **11am MT** | 10am PT / NRG Stadium
 
[Weather Forecast](https://weather.com/weather/hourbyhour/l/da00666b99e29819289c87a0c1e7c4813ce274131a5131564adbb59caf76fcfe)
 
- TV | FOX [](/FOX)
 
- [Check to see what game is on in your area](https://506sports.com/)
 
- Local Radio (**KOA - 850 AM/94.1 FM & The Fox - 103.5 FM:** )
 
^(***KOA broadcast only works on desktop, not mobile.***)
 
 
---
#INJURY
 
[](/DEN) [**DEN Injury Report**](http://www.denverbroncos.com/team/injury-report.html) | [](/HOU) [**HOU Injury Report**](https://www.houstontexans.com/team/injury-report/)
 
---
 
#NEWS

[[Pelissero] Back for more: Veteran TE Marcedes Lewis is signing with the Broncos practice squad, sources tell The Insiders. At age 41, Lewis returns for a 20th NFL season as the lone active member of the 2006 draft class.](https://www.reddit.com/r/DenverBroncos/comments/1oj68o5/pelissero_back_for_more_veteran_te_marcedes_lewis/)
 
---
#AROUND THE AFC WEST
 
Team |  | Opp. | Date | Time/Score
----|---|----|----|----
[](/r/chargers) LAC | @ | [](/TEN) TEN |11/2 11am|
[](/r/kansascitychiefs) KC | @ |[](/BUF) BUF |11/2 2:25pm|
[](/r/raiders) LV | |[](/JAC) JAC | 11/2 2:05pm|

---
 
#THREAD NOTES
 
This thread is ***specifically geared toward Broncos fans***. 
 
***Pick your flair*** in the sidebar. 	
 
Subscribe to **/r/denverbroncos** We are all bills fans for the next 4 hours",29422391.0,neutral,0.043,0.942,0.015,-0.6124
1ommmni,1762119431.0,3102,0.98,8871,Game Thread,"[GAME THREAD]: Denver Broncos (6-2) @ Houston Texans (3-4) ###Week 9
 
**[](/DEN) Denver Broncos (6-2) @ [](/HOU) Houston Texans (3-4)**
###
 
---

#[Game Preview](https://www.youtube.com/watch?v=ogBJ2isVnnw)

---
 
#WEATHER/BROADCAST
 
1pm ET | 12pm CT | **11am MT** | 10am PT / NRG Stadium
 
[Weather Forecast](https://weather.com/weather/hourbyhour/l/da00666b99e29819289c87a0c1e7c4813ce274131a5131564adbb59caf76fcfe)
 
- TV | FOX [](/FOX)
 
- [Check to see what game is on in your area](https://506sports.com/)
 
- Local Radio (**KOA - 850 AM/94.1 FM & The Fox - 103.5 FM:** )
 
^(***KOA broadcast only works on desktop, not mobile.***)
 
 
---
#INJURY
 
[](/DEN) [**DEN Injury Report**](http://www.denverbroncos.com/team/injury-report.html) | [](/HOU) [**HOU Injury Report**](https://www.houstontexans.com/team/injury-report/)
 
---
 
#NEWS

[[Pelissero] Back for more: Veteran TE Marcedes Lewis is signing with the Broncos practice squad, sources tell The Insiders. At age 41, Lewis returns for a 20th NFL season as the lone active member of the 2006 draft class.](https://www.reddit.com/r/DenverBroncos/comments/1oj68o5/pelissero_back_for_more_veteran_te_marcedes_lewis/)
 
---
#AROUND THE AFC WEST
 
Team |  | Opp. | Date | Time/Score
----|---|----|----|----
[](/r/chargers) LAC | @ | [](/TEN) TEN |11/2 11am|
[](/r/kansascitychiefs) KC | @ |[](/BUF) BUF |11/2 2:25pm|
[](/r/raiders) LV | |[](/JAC) JAC | 11/2 2:05pm|

---
 
#THREAD NOTES
 
This thread is ***specifically geared toward Broncos fans***. 
 
***Pick your flair*** in the sidebar. 	
 
Subscribe to **/r/denverbroncos** Let’s not forget the texans only allow 14 points on average against their D. Bo stepped up and clutched another one and the D played their heart out on the goal line.",26970525.0,neutral,0.038,0.92,0.042,-0.0088
1ommmni,1762103233.0,2679,0.98,8871,Game Thread,"[GAME THREAD]: Denver Broncos (6-2) @ Houston Texans (3-4) ###Week 9
 
**[](/DEN) Denver Broncos (6-2) @ [](/HOU) Houston Texans (3-4)**
###
 
---

#[Game Preview](https://www.youtube.com/watch?v=ogBJ2isVnnw)

---
 
#WEATHER/BROADCAST
 
1pm ET | 12pm CT | **11am MT** | 10am PT / NRG Stadium
 
[Weather Forecast](https://weather.com/weather/hourbyhour/l/da00666b99e29819289c87a0c1e7c4813ce274131a5131564adbb59caf76fcfe)
 
- TV | FOX [](/FOX)
 
- [Check to see what game is on in your area](https://506sports.com/)
 
- Local Radio (**KOA - 850 AM/94.1 FM & The Fox - 103.5 FM:** )
 
^(***KOA broadcast only works on desktop, not mobile.***)
 
 
---
#INJURY
 
[](/DEN) [**DEN Injury Report**](http://www.denverbroncos.com/team/injury-report.html) | [](/HOU) [**HOU Injury Report**](https://www.houstontexans.com/team/injury-report/)
 
---
 
#NEWS

[[Pelissero] Back for more: Veteran TE Marcedes Lewis is signing with the Broncos practice squad, sources tell The Insiders. At age 41, Lewis returns for a 20th NFL season as the lone active member of the 2006 draft class.](https://www.reddit.com/r/DenverBroncos/comments/1oj68o5/pelissero_back_for_more_veteran_te_marcedes_lewis/)
 
---
#AROUND THE AFC WEST
 
Team |  | Opp. | Date | Time/Score
----|---|----|----|----
[](/r/chargers) LAC | @ | [](/TEN) TEN |11/2 11am|
[](/r/kansascitychiefs) KC | @ |[](/BUF) BUF |11/2 2:25pm|
[](/r/raiders) LV | |[](/JAC) JAC | 11/2 2:05pm|

---
 
#THREAD NOTES
 
This thread is ***specifically geared toward Broncos fans***. 
 
***Pick your flair*** in the sidebar. 	
 
Subscribe to **/r/denverbroncos** Time for Cooper, JFM, Allen, and Casa Bonitto to eat",23292726.0,neutral,0.043,0.942,0.015,-0.6124
1ommmni,1762117303.0,2115,0.98,8871,Game Thread,"[GAME THREAD]: Denver Broncos (6-2) @ Houston Texans (3-4) ###Week 9
 
**[](/DEN) Denver Broncos (6-2) @ [](/HOU) Houston Texans (3-4)**
###
 
---

#[Game Preview](https://www.youtube.com/watch?v=ogBJ2isVnnw)

---
 
#WEATHER/BROADCAST
 
1pm ET | 12pm CT | **11am MT** | 10am PT / NRG Stadium
 
[Weather Forecast](https://weather.com/weather/hourbyhour/l/da00666b99e29819289c87a0c1e7c4813ce274131a5131564adbb59caf76fcfe)
 
- TV | FOX [](/FOX)
 
- [Check to see what game is on in your area](https://506sports.com/)
 
- Local Radio (**KOA - 850 AM/94.1 FM & The Fox - 103.5 FM:** )
 
^(***KOA broadcast only works on desktop, not mobile.***)
 
 
---
#INJURY
 
[](/DEN) [**DEN Injury Report**](http://www.denverbroncos.com/team/injury-report.html) | [](/HOU) [**HOU Injury Report**](https://www.houstontexans.com/team/injury-report/)
 
---
 
#NEWS

[[Pelissero] Back for more: Veteran TE Marcedes Lewis is signing with the Broncos practice squad, sources tell The Insiders. At age 41, Lewis returns for a 20th NFL season as the lone active member of the 2006 draft class.](https://www.reddit.com/r/DenverBroncos/comments/1oj68o5/pelissero_back_for_more_veteran_te_marcedes_lewis/)
 
---
#AROUND THE AFC WEST
 
Team |  | Opp. | Date | Time/Score
----|---|----|----|----
[](/r/chargers) LAC | @ | [](/TEN) TEN |11/2 11am|
[](/r/kansascitychiefs) KC | @ |[](/BUF) BUF |11/2 2:25pm|
[](/r/raiders) LV | |[](/JAC) JAC | 11/2 2:05pm|

---
 
#THREAD NOTES
 
This thread is ***specifically geared toward Broncos fans***. 
 
***Pick your flair*** in the sidebar. 	
 
Subscribe to **/r/denverbroncos** We don’t have a WR1 everyone be honest with themselves",18388994.0,neutral,0.042,0.925,0.033,-0.1779
1ommmni,1762117784.0,2115,0.98,8871,Game Thread,"[GAME THREAD]: Denver Broncos (6-2) @ Houston Texans (3-4) ###Week 9
 
**[](/DEN) Denver Broncos (6-2) @ [](/HOU) Houston Texans (3-4)**
###
 
---

#[Game Preview](https://www.youtube.com/watch?v=ogBJ2isVnnw)

---
 
#WEATHER/BROADCAST
 
1pm ET | 12pm CT | **11am MT** | 10am PT / NRG Stadium
 
[Weather Forecast](https://weather.com/weather/hourbyhour/l/da00666b99e29819289c87a0c1e7c4813ce274131a5131564adbb59caf76fcfe)
 
- TV | FOX [](/FOX)
 
- [Check to see what game is on in your area](https://506sports.com/)
 
- Local Radio (**KOA - 850 AM/94.1 FM & The Fox - 103.5 FM:** )
 
^(***KOA broadcast only works on desktop, not mobile.***)
 
 
---
#INJURY
 
[](/DEN) [**DEN Injury Report**](http://www.denverbroncos.com/team/injury-report.html) | [](/HOU) [**HOU Injury Report**](https://www.houstontexans.com/team/injury-report/)
 
---
 
#NEWS

[[Pelissero] Back for more: Veteran TE Marcedes Lewis is signing with the Broncos practice squad, sources tell The Insiders. At age 41, Lewis returns for a 20th NFL season as the lone active member of the 2006 draft class.](https://www.reddit.com/r/DenverBroncos/comments/1oj68o5/pelissero_back_for_more_veteran_te_marcedes_lewis/)
 
---
#AROUND THE AFC WEST
 
Team |  | Opp. | Date | Time/Score
----|---|----|----|----
[](/r/chargers) LAC | @ | [](/TEN) TEN |11/2 11am|
[](/r/kansascitychiefs) KC | @ |[](/BUF) BUF |11/2 2:25pm|
[](/r/raiders) LV | |[](/JAC) JAC | 11/2 2:05pm|

---
 
#THREAD NOTES
 
This thread is ***specifically geared toward Broncos fans***. 
 
***Pick your flair*** in the sidebar. 	
 
Subscribe to **/r/denverbroncos** ![gif](giphy|l4FATJpd4LWgeruTK)

Please, Broncos🙏🏻",18388994.0,neutral,0.046,0.926,0.029,-0.4574
1ommmni,1762119517.0,2397,0.98,8871,Game Thread,"[GAME THREAD]: Denver Broncos (6-2) @ Houston Texans (3-4) ###Week 9
 
**[](/DEN) Denver Broncos (6-2) @ [](/HOU) Houston Texans (3-4)**
###
 
---

#[Game Preview](https://www.youtube.com/watch?v=ogBJ2isVnnw)

---
 
#WEATHER/BROADCAST
 
1pm ET | 12pm CT | **11am MT** | 10am PT / NRG Stadium
 
[Weather Forecast](https://weather.com/weather/hourbyhour/l/da00666b99e29819289c87a0c1e7c4813ce274131a5131564adbb59caf76fcfe)
 
- TV | FOX [](/FOX)
 
- [Check to see what game is on in your area](https://506sports.com/)
 
- Local Radio (**KOA - 850 AM/94.1 FM & The Fox - 103.5 FM:** )
 
^(***KOA broadcast only works on desktop, not mobile.***)
 
 
---
#INJURY
 
[](/DEN) [**DEN Injury Report**](http://www.denverbroncos.com/team/injury-report.html) | [](/HOU) [**HOU Injury Report**](https://www.houstontexans.com/team/injury-report/)
 
---
 
#NEWS

[[Pelissero] Back for more: Veteran TE Marcedes Lewis is signing with the Broncos practice squad, sources tell The Insiders. At age 41, Lewis returns for a 20th NFL season as the lone active member of the 2006 draft class.](https://www.reddit.com/r/DenverBroncos/comments/1oj68o5/pelissero_back_for_more_veteran_te_marcedes_lewis/)
 
---
#AROUND THE AFC WEST
 
Team |  | Opp. | Date | Time/Score
----|---|----|----|----
[](/r/chargers) LAC | @ | [](/TEN) TEN |11/2 11am|
[](/r/kansascitychiefs) KC | @ |[](/BUF) BUF |11/2 2:25pm|
[](/r/raiders) LV | |[](/JAC) JAC | 11/2 2:05pm|

---
 
#THREAD NOTES
 
This thread is ***specifically geared toward Broncos fans***. 
 
***Pick your flair*** in the sidebar. 	
 
Subscribe to **/r/denverbroncos** Bocephus Nixon slander will not be tolerated.",20840860.0,neutral,0.043,0.941,0.015,-0.6124
1ommmni,1762108651.0,2115,0.98,8871,Game Thread,"[GAME THREAD]: Denver Broncos (6-2) @ Houston Texans (3-4) ###Week 9
 
**[](/DEN) Denver Broncos (6-2) @ [](/HOU) Houston Texans (3-4)**
###
 
---

#[Game Preview](https://www.youtube.com/watch?v=ogBJ2isVnnw)

---
 
#WEATHER/BROADCAST
 
1pm ET | 12pm CT | **11am MT** | 10am PT / NRG Stadium
 
[Weather Forecast](https://weather.com/weather/hourbyhour/l/da00666b99e29819289c87a0c1e7c4813ce274131a5131564adbb59caf76fcfe)
 
- TV | FOX [](/FOX)
 
- [Check to see what game is on in your area](https://506sports.com/)
 
- Local Radio (**KOA - 850 AM/94.1 FM & The Fox - 103.5 FM:** )
 
^(***KOA broadcast only works on desktop, not mobile.***)
 
 
---
#INJURY
 
[](/DEN) [**DEN Injury Report**](http://www.denverbroncos.com/team/injury-report.html) | [](/HOU) [**HOU Injury Report**](https://www.houstontexans.com/team/injury-report/)
 
---
 
#NEWS

[[Pelissero] Back for more: Veteran TE Marcedes Lewis is signing with the Broncos practice squad, sources tell The Insiders. At age 41, Lewis returns for a 20th NFL season as the lone active member of the 2006 draft class.](https://www.reddit.com/r/DenverBroncos/comments/1oj68o5/pelissero_back_for_more_veteran_te_marcedes_lewis/)
 
---
#AROUND THE AFC WEST
 
Team |  | Opp. | Date | Time/Score
----|---|----|----|----
[](/r/chargers) LAC | @ | [](/TEN) TEN |11/2 11am|
[](/r/kansascitychiefs) KC | @ |[](/BUF) BUF |11/2 2:25pm|
[](/r/raiders) LV | |[](/JAC) JAC | 11/2 2:05pm|

---
 
#THREAD NOTES
 
This thread is ***specifically geared toward Broncos fans***. 
 
***Pick your flair*** in the sidebar. 	
 
Subscribe to **/r/denverbroncos** If that was moss 3 flags would have been thrown for that PI",18388994.0,neutral,0.042,0.943,0.015,-0.6124
1ommmni,1762108874.0,2115,0.98,8871,Game Thread,"[GAME THREAD]: Denver Broncos (6-2) @ Houston Texans (3-4) ###Week 9
 
**[](/DEN) Denver Broncos (6-2) @ [](/HOU) Houston Texans (3-4)**
###
 
---

#[Game Preview](https://www.youtube.com/watch?v=ogBJ2isVnnw)

---
 
#WEATHER/BROADCAST
 
1pm ET | 12pm CT | **11am MT** | 10am PT / NRG Stadium
 
[Weather Forecast](https://weather.com/weather/hourbyhour/l/da00666b99e29819289c87a0c1e7c4813ce274131a5131564adbb59caf76fcfe)
 
- TV | FOX [](/FOX)
 
- [Check to see what game is on in your area](https://506sports.com/)
 
- Local Radio (**KOA - 850 AM/94.1 FM & The Fox - 103.5 FM:** )
 
^(***KOA broadcast only works on desktop, not mobile.***)
 
 
---
#INJURY
 
[](/DEN) [**DEN Injury Report**](http://www.denverbroncos.com/team/injury-report.html) | [](/HOU) [**HOU Injury Report**](https://www.houstontexans.com/team/injury-report/)
 
---
 
#NEWS

[[Pelissero] Back for more: Veteran TE Marcedes Lewis is signing with the Broncos practice squad, sources tell The Insiders. At age 41, Lewis returns for a 20th NFL season as the lone active member of the 2006 draft class.](https://www.reddit.com/r/DenverBroncos/comments/1oj68o5/pelissero_back_for_more_veteran_te_marcedes_lewis/)
 
---
#AROUND THE AFC WEST
 
Team |  | Opp. | Date | Time/Score
----|---|----|----|----
[](/r/chargers) LAC | @ | [](/TEN) TEN |11/2 11am|
[](/r/kansascitychiefs) KC | @ |[](/BUF) BUF |11/2 2:25pm|
[](/r/raiders) LV | |[](/JAC) JAC | 11/2 2:05pm|

---
 
#THREAD NOTES
 
This thread is ***specifically geared toward Broncos fans***. 
 
***Pick your flair*** in the sidebar. 	
 
Subscribe to **/r/denverbroncos** Not sure tf you do there as a defender",18388994.0,neutral,0.054,0.923,0.023,-0.6769
1ommmni,1762111244.0,2256,0.98,8871,Game Thread,"[GAME THREAD]: Denver Broncos (6-2) @ Houston Texans (3-4) ###Week 9
 
**[](/DEN) Denver Broncos (6-2) @ [](/HOU) Houston Texans (3-4)**
###
 
---

#[Game Preview](https://www.youtube.com/watch?v=ogBJ2isVnnw)

---
 
#WEATHER/BROADCAST
 
1pm ET | 12pm CT | **11am MT** | 10am PT / NRG Stadium
 
[Weather Forecast](https://weather.com/weather/hourbyhour/l/da00666b99e29819289c87a0c1e7c4813ce274131a5131564adbb59caf76fcfe)
 
- TV | FOX [](/FOX)
 
- [Check to see what game is on in your area](https://506sports.com/)
 
- Local Radio (**KOA - 850 AM/94.1 FM & The Fox - 103.5 FM:** )
 
^(***KOA broadcast only works on desktop, not mobile.***)
 
 
---
#INJURY
 
[](/DEN) [**DEN Injury Report**](http://www.denverbroncos.com/team/injury-report.html) | [](/HOU) [**HOU Injury Report**](https://www.houstontexans.com/team/injury-report/)
 
---
 
#NEWS

[[Pelissero] Back for more: Veteran TE Marcedes Lewis is signing with the Broncos practice squad, sources tell The Insiders. At age 41, Lewis returns for a 20th NFL season as the lone active member of the 2006 draft class.](https://www.reddit.com/r/DenverBroncos/comments/1oj68o5/pelissero_back_for_more_veteran_te_marcedes_lewis/)
 
---
#AROUND THE AFC WEST
 
Team |  | Opp. | Date | Time/Score
----|---|----|----|----
[](/r/chargers) LAC | @ | [](/TEN) TEN |11/2 11am|
[](/r/kansascitychiefs) KC | @ |[](/BUF) BUF |11/2 2:25pm|
[](/r/raiders) LV | |[](/JAC) JAC | 11/2 2:05pm|

---
 
#THREAD NOTES
 
This thread is ***specifically geared toward Broncos fans***. 
 
***Pick your flair*** in the sidebar. 	
 
Subscribe to **/r/denverbroncos** The Broncos leading the NFL in almost-interceptions.",19614927.0,neutral,0.043,0.941,0.015,-0.6124
1ommmni,1762113017.0,1974,0.98,8871,Game Thread,"[GAME THREAD]: Denver Broncos (6-2) @ Houston Texans (3-4) ###Week 9
 
**[](/DEN) Denver Broncos (6-2) @ [](/HOU) Houston Texans (3-4)**
###
 
---

#[Game Preview](https://www.youtube.com/watch?v=ogBJ2isVnnw)

---
 
#WEATHER/BROADCAST
 
1pm ET | 12pm CT | **11am MT** | 10am PT / NRG Stadium
 
[Weather Forecast](https://weather.com/weather/hourbyhour/l/da00666b99e29819289c87a0c1e7c4813ce274131a5131564adbb59caf76fcfe)
 
- TV | FOX [](/FOX)
 
- [Check to see what game is on in your area](https://506sports.com/)
 
- Local Radio (**KOA - 850 AM/94.1 FM & The Fox - 103.5 FM:** )
 
^(***KOA broadcast only works on desktop, not mobile.***)
 
 
---
#INJURY
 
[](/DEN) [**DEN Injury Report**](http://www.denverbroncos.com/team/injury-report.html) | [](/HOU) [**HOU Injury Report**](https://www.houstontexans.com/team/injury-report/)
 
---
 
#NEWS

[[Pelissero] Back for more: Veteran TE Marcedes Lewis is signing with the Broncos practice squad, sources tell The Insiders. At age 41, Lewis returns for a 20th NFL season as the lone active member of the 2006 draft class.](https://www.reddit.com/r/DenverBroncos/comments/1oj68o5/pelissero_back_for_more_veteran_te_marcedes_lewis/)
 
---
#AROUND THE AFC WEST
 
Team |  | Opp. | Date | Time/Score
----|---|----|----|----
[](/r/chargers) LAC | @ | [](/TEN) TEN |11/2 11am|
[](/r/kansascitychiefs) KC | @ |[](/BUF) BUF |11/2 2:25pm|
[](/r/raiders) LV | |[](/JAC) JAC | 11/2 2:05pm|

---
 
#THREAD NOTES
 
This thread is ***specifically geared toward Broncos fans***. 
 
***Pick your flair*** in the sidebar. 	
 
Subscribe to **/r/denverbroncos** JK Dobbins: 4 rushes for 24 yards…. Hasn’t touched the ball since the first DRIVE.. what the FUCK are we doing, Sean?",17163061.0,neutral,0.063,0.91,0.027,-0.7882
1ommmni,1762104415.0,1974,0.98,8871,Game Thread,"[GAME THREAD]: Denver Broncos (6-2) @ Houston Texans (3-4) ###Week 9
 
**[](/DEN) Denver Broncos (6-2) @ [](/HOU) Houston Texans (3-4)**
###
 
---

#[Game Preview](https://www.youtube.com/watch?v=ogBJ2isVnnw)

---
 
#WEATHER/BROADCAST
 
1pm ET | 12pm CT | **11am MT** | 10am PT / NRG Stadium
 
[Weather Forecast](https://weather.com/weather/hourbyhour/l/da00666b99e29819289c87a0c1e7c4813ce274131a5131564adbb59caf76fcfe)
 
- TV | FOX [](/FOX)
 
- [Check to see what game is on in your area](https://506sports.com/)
 
- Local Radio (**KOA - 850 AM/94.1 FM & The Fox - 103.5 FM:** )
 
^(***KOA broadcast only works on desktop, not mobile.***)
 
 
---
#INJURY
 
[](/DEN) [**DEN Injury Report**](http://www.denverbroncos.com/team/injury-report.html) | [](/HOU) [**HOU Injury Report**](https://www.houstontexans.com/team/injury-report/)
 
---
 
#NEWS

[[Pelissero] Back for more: Veteran TE Marcedes Lewis is signing with the Broncos practice squad, sources tell The Insiders. At age 41, Lewis returns for a 20th NFL season as the lone active member of the 2006 draft class.](https://www.reddit.com/r/DenverBroncos/comments/1oj68o5/pelissero_back_for_more_veteran_te_marcedes_lewis/)
 
---
#AROUND THE AFC WEST
 
Team |  | Opp. | Date | Time/Score
----|---|----|----|----
[](/r/chargers) LAC | @ | [](/TEN) TEN |11/2 11am|
[](/r/kansascitychiefs) KC | @ |[](/BUF) BUF |11/2 2:25pm|
[](/r/raiders) LV | |[](/JAC) JAC | 11/2 2:05pm|

---
 
#THREAD NOTES
 
This thread is ***specifically geared toward Broncos fans***. 
 
***Pick your flair*** in the sidebar. 	
 
Subscribe to **/r/denverbroncos** Jahdae Barron lining up on the outside in first team warmups

EDIT: KAD immediately took the next rep lol",17163061.0,neutral,0.04,0.922,0.038,-0.1027
1ommmni,1762104772.0,1974,0.98,8871,Game Thread,"[GAME THREAD]: Denver Broncos (6-2) @ Houston Texans (3-4) ###Week 9
 
**[](/DEN) Denver Broncos (6-2) @ [](/HOU) Houston Texans (3-4)**
###
 
---

#[Game Preview](https://www.youtube.com/watch?v=ogBJ2isVnnw)

---
 
#WEATHER/BROADCAST
 
1pm ET | 12pm CT | **11am MT** | 10am PT / NRG Stadium
 
[Weather Forecast](https://weather.com/weather/hourbyhour/l/da00666b99e29819289c87a0c1e7c4813ce274131a5131564adbb59caf76fcfe)
 
- TV | FOX [](/FOX)
 
- [Check to see what game is on in your area](https://506sports.com/)
 
- Local Radio (**KOA - 850 AM/94.1 FM & The Fox - 103.5 FM:** )
 
^(***KOA broadcast only works on desktop, not mobile.***)
 
 
---
#INJURY
 
[](/DEN) [**DEN Injury Report**](http://www.denverbroncos.com/team/injury-report.html) | [](/HOU) [**HOU Injury Report**](https://www.houstontexans.com/team/injury-report/)
 
---
 
#NEWS

[[Pelissero] Back for more: Veteran TE Marcedes Lewis is signing with the Broncos practice squad, sources tell The Insiders. At age 41, Lewis returns for a 20th NFL season as the lone active member of the 2006 draft class.](https://www.reddit.com/r/DenverBroncos/comments/1oj68o5/pelissero_back_for_more_veteran_te_marcedes_lewis/)
 
---
#AROUND THE AFC WEST
 
Team |  | Opp. | Date | Time/Score
----|---|----|----|----
[](/r/chargers) LAC | @ | [](/TEN) TEN |11/2 11am|
[](/r/kansascitychiefs) KC | @ |[](/BUF) BUF |11/2 2:25pm|
[](/r/raiders) LV | |[](/JAC) JAC | 11/2 2:05pm|

---
 
#THREAD NOTES
 
This thread is ***specifically geared toward Broncos fans***. 
 
***Pick your flair*** in the sidebar. 	
 
Subscribe to **/r/denverbroncos** Those of us in the stadium let’s get LOUD when we on D. Show them that we own this place",17163061.0,neutral,0.04,0.945,0.014,-0.6124
1oji2fl,1761775452.0,11300,1.0,46,Injury Report,Week 9 Wednesday Injury Report  Full for Greenlaw is great news!,531100.0,neutral,0.184,0.527,0.289,0.3802
1oji2fl,1761775746.0,4633,1.0,46,Injury Report,Week 9 Wednesday Injury Report  Would love to see tons of action from Bryant and Franklin with Mims probably being out. The Texans defense is spooky but maybe they can have a breakout,217751.0,neutral,0.056,0.83,0.114,0.2382
1oji2fl,1761775805.0,3842,1.0,46,Injury Report,"Week 9 Wednesday Injury Report  Hope Mims feels better soon, might need some big special teams play to get the team on the board. Do we see Jaleel if Mims can't go?",180574.0,neutral,0.071,0.655,0.275,0.7964
1oji2fl,1761777657.0,1130,1.0,46,Injury Report,"Week 9 Wednesday Injury Report  If mims is out who returns punts, Moss?

Other than that one muff, mims has been great for returns. Hope he’s able to play",53110.0,neutral,0.077,0.663,0.26,0.765
1oji2fl,1761786031.0,452,1.0,46,Injury Report,Week 9 Wednesday Injury Report  When did P.J. get hurt? Special teams?,21244.0,neutral,0.38,0.463,0.156,-0.594
1oji2fl,1761776640.0,1695,1.0,46,Injury Report,"Week 9 Wednesday Injury Report  Our injury luck with opposition team's is terrible looking just now. This is the stuff that's never reflected in the stats.

Cowboys get CeeDee back

Texans get Nico Collins back

Raiders get Brock Bowers

Chiefs have everyone

Commanders get Jayden Daniels and McLaurin

Meanwhile the chiefs are playing Mariotta",79665.0,neutral,0.141,0.78,0.078,-0.5994
1oji2fl,1761780997.0,226,1.0,46,Injury Report,Week 9 Wednesday Injury Report  Our boy Mims needs to be healthy !,10622.0,positive,0.209,0.608,0.183,-0.1007
1oji2fl,1761786075.0,226,1.0,46,Injury Report,Week 9 Wednesday Injury Report  Marvin 😭😭😭,10622.0,negative,0.359,0.641,0.0,-0.4215
1oji2fl,1761807319.0,113,1.0,46,Injury Report,"Week 9 Wednesday Injury Report  Man, I saw Locke seemingly go down after head-to-head contact on a kickoff return play towards the end of the game, but nobody said anything and he apparently got right off the field, so I assumed it was nothing. Given his fairly serious neck surgery in the offseason, this is the last thing you want to see.",5311.0,negative,0.055,0.893,0.052,-0.0516
1oji2fl,1761775757.0,113,1.0,46,Injury Report,Week 9 Wednesday Injury Report  When TF did mims pick up a conky? Did I miss that on Sunday?,5311.0,neutral,0.254,0.746,0.0,-0.5803
1ojag6t,1761759971.0,215,0.97,87,Rumor,"Broncos interest in Jakobi Meyers I think Meyers is truly one of the more underrated WR's in the league -- What would you guys think if this move gets done? I dont think it will being that its with an in division opponent.  - Discussion titles should be clear and descriptive
- Links should be titled as: ""[Reporter] Content of post.""",18352.0,positive,0.0,0.864,0.136,0.8176
1ojag6t,1761758344.0,26015,0.97,87,Rumor,"Broncos interest in Jakobi Meyers I think Meyers is truly one of the more underrated WR's in the league -- What would you guys think if this move gets done? I dont think it will being that its with an in division opponent.  We're all watching the Browns' boneheaded choice to revive their division rival from the dead and save the Bengals' season by trading Joe Flacco. I can't imagine there's a world where the Raiders trade anyone to us.

edit: fixed some questionable punctuation",2220640.0,negative,0.07,0.806,0.124,0.6124
1ojag6t,1761758423.0,6880,0.97,87,Rumor,Broncos interest in Jakobi Meyers I think Meyers is truly one of the more underrated WR's in the league -- What would you guys think if this move gets done? I dont think it will being that its with an in division opponent.  Why would the raiders trade him to us??? How often do we have in division trades with the raiders of all teams,587277.0,neutral,0.0,0.899,0.101,0.782
1ojag6t,1761758462.0,4515,0.97,87,Rumor,"Broncos interest in Jakobi Meyers I think Meyers is truly one of the more underrated WR's in the league -- What would you guys think if this move gets done? I dont think it will being that its with an in division opponent.  I think an in-division trade for a weapon like this is highly unlikely. I also question if he’s starting to fall down the other side of the hill of development. He’s missed some time with injuries this year and is turning 29 in a couple days.

Barring those two concerns I think Meyers would be a valuable piece. He’s played second fiddle to Adams (and now Bowers) for years but consistently gets good production with horrendous QBs.",385400.0,positive,0.067,0.826,0.107,0.4404
1ojag6t,1761758168.0,10320,0.97,87,Rumor,Broncos interest in Jakobi Meyers I think Meyers is truly one of the more underrated WR's in the league -- What would you guys think if this move gets done? I dont think it will being that its with an in division opponent.  Would,880915.0,neutral,0.0,0.871,0.129,0.7096
1ojag6t,1761760334.0,1505,0.97,87,Rumor,Broncos interest in Jakobi Meyers I think Meyers is truly one of the more underrated WR's in the league -- What would you guys think if this move gets done? I dont think it will being that its with an in division opponent.  Not under contract past this year btw,128467.0,neutral,0.0,0.886,0.114,0.7096
1ojag6t,1761760406.0,1505,0.97,87,Rumor,"Broncos interest in Jakobi Meyers I think Meyers is truly one of the more underrated WR's in the league -- What would you guys think if this move gets done? I dont think it will being that its with an in division opponent.  Tellin y’all. The league can’t let it happen. Bo Chapman with Meyers in Franklins role.. the middle field assassin and he doesn’t drop the ball. Also solid deep threat off these. 
Pat Bryant playing the modified Puka role in Sean’s 11 personnel. Mama Mia! 
Please Bluecifir, to your eternal red eyes. Let them Cook!",128467.0,positive,0.072,0.814,0.114,0.5399
1ojag6t,1761767478.0,645,0.97,87,Rumor,"Broncos interest in Jakobi Meyers I think Meyers is truly one of the more underrated WR's in the league -- What would you guys think if this move gets done? I dont think it will being that its with an in division opponent.  I’d rather give the young receivers at chance. I don’t think they should be burying Mims, Franklin, and Bryant taking away valuable playing time. TE is the biggest need and a 41 year old doesn’t fill that need to me.",55057.0,neutral,0.0,0.853,0.147,0.8957
1ojag6t,1761758949.0,2150,0.97,87,Rumor,"Broncos interest in Jakobi Meyers I think Meyers is truly one of the more underrated WR's in the league -- What would you guys think if this move gets done? I dont think it will being that its with an in division opponent.  No thanks. I don't actually think we need to get a WR before the deadline, but if we do, I'd prefer someone like Shaheed. 

Honestly would prefer a TE even more but I imagine the Marcedes signing addresses that.",183524.0,neutral,0.019,0.826,0.155,0.8898
1ojag6t,1761759255.0,1290,0.97,87,Rumor,Broncos interest in Jakobi Meyers I think Meyers is truly one of the more underrated WR's in the league -- What would you guys think if this move gets done? I dont think it will being that its with an in division opponent.  i dont think we’ll get anything done at the deadline tbh,110114.0,neutral,0.0,0.893,0.107,0.7096
1ojag6t,1761763932.0,645,0.97,87,Rumor,"Broncos interest in Jakobi Meyers I think Meyers is truly one of the more underrated WR's in the league -- What would you guys think if this move gets done? I dont think it will being that its with an in division opponent.  I’ll be shocked if raiders trade to us,",55057.0,neutral,0.042,0.849,0.109,0.5574
1ojag6t,1761769468.0,645,0.97,87,Rumor,"Broncos interest in Jakobi Meyers I think Meyers is truly one of the more underrated WR's in the league -- What would you guys think if this move gets done? I dont think it will being that its with an in division opponent.  
1st rounder for Garrett Wilson",55057.0,neutral,0.0,0.882,0.118,0.7096
1ojag6t,1761760199.0,430,0.97,87,Rumor,Broncos interest in Jakobi Meyers I think Meyers is truly one of the more underrated WR's in the league -- What would you guys think if this move gets done? I dont think it will being that its with an in division opponent.  That would be reaaaaaaallllllly funny,36705.0,neutral,0.0,0.83,0.17,0.8316
1ojag6t,1761759437.0,645,0.97,87,Rumor,"Broncos interest in Jakobi Meyers I think Meyers is truly one of the more underrated WR's in the league -- What would you guys think if this move gets done? I dont think it will being that its with an in division opponent.  Unless it’s AJ Brown or Waddle at a reasonable price, nty. I would rather our young guys get reps and continue improving. The more they play the more progress they make and will be impactful for the playoffs and years to come",55057.0,neutral,0.0,0.84,0.16,0.9256
1ojag6t,1761763180.0,430,0.97,87,Rumor,Broncos interest in Jakobi Meyers I think Meyers is truly one of the more underrated WR's in the league -- What would you guys think if this move gets done? I dont think it will being that its with an in division opponent.  I think Bryant and Franklin are fine.,36705.0,neutral,0.0,0.851,0.149,0.7717
1ojag6t,1761760528.0,215,0.97,87,Rumor,"Broncos interest in Jakobi Meyers I think Meyers is truly one of the more underrated WR's in the league -- What would you guys think if this move gets done? I dont think it will being that its with an in division opponent.  Doesn't really seem like the Raiders are super keen on trading him away 

https://preview.redd.it/2r0k54eja3yf1.png?width=598&format=png&auto=webp&s=cc9f7d62905dcc2607c22ffa6261b390ef24b929",18352.0,neutral,0.036,0.77,0.195,0.8845
1ojag6t,1761762119.0,215,0.97,87,Rumor,"Broncos interest in Jakobi Meyers I think Meyers is truly one of the more underrated WR's in the league -- What would you guys think if this move gets done? I dont think it will being that its with an in division opponent.  Would be malpractice if the Raiders made this trade lol

Last time the Broncos traded players with the Raiders was 2007 for Gerard Warren (who went to the Raiders)",18352.0,negative,0.0,0.885,0.115,0.8271
1ojag6t,1761767832.0,215,0.97,87,Rumor,Broncos interest in Jakobi Meyers I think Meyers is truly one of the more underrated WR's in the league -- What would you guys think if this move gets done? I dont think it will being that its with an in division opponent.  There is no way Tom Brady would allow his team to trade a player to a division rival given how Joe Flacco has worked out for the Bengals.,18352.0,neutral,0.03,0.863,0.107,0.6808
1ojag6t,1761767903.0,215,0.97,87,Rumor,Broncos interest in Jakobi Meyers I think Meyers is truly one of the more underrated WR's in the league -- What would you guys think if this move gets done? I dont think it will being that its with an in division opponent.  The Packers approach of having an infinite supply of WR2/3s would be an interesting route for the right price. I don’t really think we need to make any moves this year. Window really opens next year if we are serious competitors,18352.0,neutral,0.015,0.886,0.099,0.8074
1ojag6t,1761768385.0,215,0.97,87,Rumor,Broncos interest in Jakobi Meyers I think Meyers is truly one of the more underrated WR's in the league -- What would you guys think if this move gets done? I dont think it will being that its with an in division opponent.  Adkins and a 5th,18352.0,neutral,0.0,0.877,0.123,0.7096
1oj68o5,1761748692.0,95480,0.99,109,Roster Move,"[Pelissero] Back for more: Veteran TE Marcedes Lewis is signing with the Broncos practice squad, sources tell The Insiders. At age 41, Lewis returns for a 20th NFL season as the lone active member of the 2006 draft class.  Broncos legend Mercedes Lewis",10397772.0,positive,0.047,0.893,0.06,0.1531
1oj68o5,1761749084.0,53900,0.99,109,Roster Move,"[Pelissero] Back for more: Veteran TE Marcedes Lewis is signing with the Broncos practice squad, sources tell The Insiders. At age 41, Lewis returns for a 20th NFL season as the lone active member of the 2006 draft class.  He and DeMeco Ryans were in the same draft class",5869710.0,neutral,0.041,0.906,0.053,0.1531
1oj68o5,1761749232.0,24255,0.99,109,Roster Move,"[Pelissero] Back for more: Veteran TE Marcedes Lewis is signing with the Broncos practice squad, sources tell The Insiders. At age 41, Lewis returns for a 20th NFL season as the lone active member of the 2006 draft class.  Old man strength unlocked",2641370.0,positive,0.045,0.83,0.126,0.5859
1oj68o5,1761748795.0,20020,0.99,109,Roster Move,"[Pelissero] Back for more: Veteran TE Marcedes Lewis is signing with the Broncos practice squad, sources tell The Insiders. At age 41, Lewis returns for a 20th NFL season as the lone active member of the 2006 draft class.  Good mentor for Lohner",2180178.0,positive,0.045,0.835,0.12,0.5423
1oj68o5,1761749205.0,21560,0.99,109,Roster Move,"[Pelissero] Back for more: Veteran TE Marcedes Lewis is signing with the Broncos practice squad, sources tell The Insiders. At age 41, Lewis returns for a 20th NFL season as the lone active member of the 2006 draft class.  I like this move. Turns out blocking is important, who knew.",2347884.0,positive,0.086,0.786,0.128,0.3182
1oj68o5,1761750109.0,14630,0.99,109,Roster Move,"[Pelissero] Back for more: Veteran TE Marcedes Lewis is signing with the Broncos practice squad, sources tell The Insiders. At age 41, Lewis returns for a 20th NFL season as the lone active member of the 2006 draft class.  Same draft class as legend Jay Cutler",1593207.0,neutral,0.044,0.9,0.056,0.1531
1oj68o5,1761749195.0,20790,0.99,109,Roster Move,"[Pelissero] Back for more: Veteran TE Marcedes Lewis is signing with the Broncos practice squad, sources tell The Insiders. At age 41, Lewis returns for a 20th NFL season as the lone active member of the 2006 draft class.  6'6 270 and an athlete...

he will be a stud blocker for us in certain packages. low risk, huge for run game",2264031.0,positive,0.095,0.798,0.107,0.2023
1oj68o5,1761751468.0,4235,0.99,109,Roster Move,"[Pelissero] Back for more: Veteran TE Marcedes Lewis is signing with the Broncos practice squad, sources tell The Insiders. At age 41, Lewis returns for a 20th NFL season as the lone active member of the 2006 draft class.  He just like me fr. (I’m also 41 Jesus Christ how is he still doing this?)",461191.0,neutral,0.036,0.875,0.089,0.4767
1oj68o5,1761748669.0,6930,0.99,109,Roster Move,"[Pelissero] Back for more: Veteran TE Marcedes Lewis is signing with the Broncos practice squad, sources tell The Insiders. At age 41, Lewis returns for a 20th NFL season as the lone active member of the 2006 draft class.  I wonder if we’re not done if he’s only going to the practice squad for now",754677.0,neutral,0.038,0.914,0.048,0.1531
1oj68o5,1761748756.0,3850,0.99,109,Roster Move,"[Pelissero] Back for more: Veteran TE Marcedes Lewis is signing with the Broncos practice squad, sources tell The Insiders. At age 41, Lewis returns for a 20th NFL season as the lone active member of the 2006 draft class.  He can at the very least block",419265.0,neutral,0.106,0.84,0.054,-0.3774
1oj68o5,1761750579.0,4235,0.99,109,Roster Move,"[Pelissero] Back for more: Veteran TE Marcedes Lewis is signing with the Broncos practice squad, sources tell The Insiders. At age 41, Lewis returns for a 20th NFL season as the lone active member of the 2006 draft class.  I’m Imagininge he gets a Super Bowl with us",461191.0,positive,0.041,0.832,0.128,0.6705
1oj68o5,1761755169.0,1925,0.99,109,Roster Move,"[Pelissero] Back for more: Veteran TE Marcedes Lewis is signing with the Broncos practice squad, sources tell The Insiders. At age 41, Lewis returns for a 20th NFL season as the lone active member of the 2006 draft class.  At last we’ve found our joker.",209632.0,neutral,0.044,0.867,0.089,0.2732
1oj68o5,1761757008.0,1925,0.99,109,Roster Move,"[Pelissero] Back for more: Veteran TE Marcedes Lewis is signing with the Broncos practice squad, sources tell The Insiders. At age 41, Lewis returns for a 20th NFL season as the lone active member of the 2006 draft class.  Gonna be a chore to teach him how to use a surface tablet, idk if we still have paper playbooks for him",209632.0,neutral,0.057,0.899,0.044,0.0516
1oj68o5,1761748981.0,2695,0.99,109,Roster Move,"[Pelissero] Back for more: Veteran TE Marcedes Lewis is signing with the Broncos practice squad, sources tell The Insiders. At age 41, Lewis returns for a 20th NFL season as the lone active member of the 2006 draft class.  What happened to our other TEs? All I've seen the last few weeks are Engram and Adkins (who is kinda more FB/TE). Where have Trautman and Krull been?",293486.0,neutral,0.03,0.925,0.044,0.2406
1oj68o5,1761752639.0,1155,0.99,109,Roster Move,"[Pelissero] Back for more: Veteran TE Marcedes Lewis is signing with the Broncos practice squad, sources tell The Insiders. At age 41, Lewis returns for a 20th NFL season as the lone active member of the 2006 draft class.  Ayo wtf",125780.0,neutral,0.129,0.811,0.059,-0.4939
1oj68o5,1761749430.0,3465,0.99,109,Roster Move,"[Pelissero] Back for more: Veteran TE Marcedes Lewis is signing with the Broncos practice squad, sources tell The Insiders. At age 41, Lewis returns for a 20th NFL season as the lone active member of the 2006 draft class.  /u/aatencio91 we are making moves!",377338.0,positive,0.046,0.89,0.065,0.2244
1oj68o5,1761749483.0,1540,0.99,109,Roster Move,"[Pelissero] Back for more: Veteran TE Marcedes Lewis is signing with the Broncos practice squad, sources tell The Insiders. At age 41, Lewis returns for a 20th NFL season as the lone active member of the 2006 draft class.  Hope we still have a couple more moves in us",167706.0,neutral,0.041,0.851,0.108,0.5423
1oj68o5,1761754622.0,770,0.99,109,Roster Move,"[Pelissero] Back for more: Veteran TE Marcedes Lewis is signing with the Broncos practice squad, sources tell The Insiders. At age 41, Lewis returns for a 20th NFL season as the lone active member of the 2006 draft class.  I used to work with a guy that was related to him by marriage. Said he was a real jerk when it came to spending time with his kid and paying child support. Maybe he needs a paycheck.",83853.0,negative,0.058,0.873,0.069,0.2263
1oj68o5,1761757241.0,770,0.99,109,Roster Move,"[Pelissero] Back for more: Veteran TE Marcedes Lewis is signing with the Broncos practice squad, sources tell The Insiders. At age 41, Lewis returns for a 20th NFL season as the lone active member of the 2006 draft class.  I mean, the Avs have Burns, so maybe they're taking a page out of their book.",83853.0,neutral,0.038,0.912,0.049,0.1531
1oj68o5,1761779088.0,770,0.99,109,Roster Move,"[Pelissero] Back for more: Veteran TE Marcedes Lewis is signing with the Broncos practice squad, sources tell The Insiders. At age 41, Lewis returns for a 20th NFL season as the lone active member of the 2006 draft class.  What Shannon Sharpe wasn’t available?",83853.0,neutral,0.046,0.895,0.059,0.1531
1oj2fan,1761739237.0,42795,1.0,55,Injury Report,"[Ian Rapoport] The #Broncos are not planning to place reigning DPOY Pat Surtain II on Injured Reserve, source said, and it’s possible that he only misses 3 games with his pec strain.

Denver plays the #Texans,  #Raiders, #Chiefs, then has a Week 12 bye. Surtain could return vs the #Commanders. So that's nice. Would we be shocked if he came back against the Chiefs?

[https://www.nfl.com/news/broncos-not-planning-on-placing-cb-pat-surtain-ii-pectoral-injured-reserve?campaign=Twitter\_atn](https://www.nfl.com/news/broncos-not-planning-on-placing-cb-pat-surtain-ii-pectoral-injured-reserve?campaign=Twitter_atn) Not having him against KC is a blow, but I think we'll survive.

I think our defense (and pass rush especially) should be able to bottle up Houston, and Las Vegas are a bit of a joke right now.",2396520.0,neutral,0.058,0.858,0.083,0.5543
1oj2fan,1761742605.0,12363,1.0,55,Injury Report,"[Ian Rapoport] The #Broncos are not planning to place reigning DPOY Pat Surtain II on Injured Reserve, source said, and it’s possible that he only misses 3 games with his pec strain.

Denver plays the #Texans,  #Raiders, #Chiefs, then has a Week 12 bye. Surtain could return vs the #Commanders. So that's nice. Would we be shocked if he came back against the Chiefs?

[https://www.nfl.com/news/broncos-not-planning-on-placing-cb-pat-surtain-ii-pectoral-injured-reserve?campaign=Twitter\_atn](https://www.nfl.com/news/broncos-not-planning-on-placing-cb-pat-surtain-ii-pectoral-injured-reserve?campaign=Twitter_atn) Remember everyone bashing Payton for not taking the bye week after the London game? Lmao it actually came in handy ",692328.0,neutral,0.086,0.808,0.106,0.5911
1oj2fan,1761738899.0,3804,1.0,55,Injury Report,"[Ian Rapoport] The #Broncos are not planning to place reigning DPOY Pat Surtain II on Injured Reserve, source said, and it’s possible that he only misses 3 games with his pec strain.

Denver plays the #Texans,  #Raiders, #Chiefs, then has a Week 12 bye. Surtain could return vs the #Commanders. So that's nice. Would we be shocked if he came back against the Chiefs?

[https://www.nfl.com/news/broncos-not-planning-on-placing-cb-pat-surtain-ii-pectoral-injured-reserve?campaign=Twitter\_atn](https://www.nfl.com/news/broncos-not-planning-on-placing-cb-pat-surtain-ii-pectoral-injured-reserve?campaign=Twitter_atn) Great news",213024.0,positive,0.107,0.765,0.128,0.5601
1oj2fan,1761740237.0,6340,1.0,55,Injury Report,"[Ian Rapoport] The #Broncos are not planning to place reigning DPOY Pat Surtain II on Injured Reserve, source said, and it’s possible that he only misses 3 games with his pec strain.

Denver plays the #Texans,  #Raiders, #Chiefs, then has a Week 12 bye. Surtain could return vs the #Commanders. So that's nice. Would we be shocked if he came back against the Chiefs?

[https://www.nfl.com/news/broncos-not-planning-on-placing-cb-pat-surtain-ii-pectoral-injured-reserve?campaign=Twitter\_atn](https://www.nfl.com/news/broncos-not-planning-on-placing-cb-pat-surtain-ii-pectoral-injured-reserve?campaign=Twitter_atn) To me this says they are trying to have him back for the commanders, I think the chiefs game is too quick a turnaround",355040.0,neutral,0.093,0.852,0.055,-0.374
1oj2fan,1761743245.0,2853,1.0,55,Injury Report,"[Ian Rapoport] The #Broncos are not planning to place reigning DPOY Pat Surtain II on Injured Reserve, source said, and it’s possible that he only misses 3 games with his pec strain.

Denver plays the #Texans,  #Raiders, #Chiefs, then has a Week 12 bye. Surtain could return vs the #Commanders. So that's nice. Would we be shocked if he came back against the Chiefs?

[https://www.nfl.com/news/broncos-not-planning-on-placing-cb-pat-surtain-ii-pectoral-injured-reserve?campaign=Twitter\_atn](https://www.nfl.com/news/broncos-not-planning-on-placing-cb-pat-surtain-ii-pectoral-injured-reserve?campaign=Twitter_atn) Sucks but I think we will be alright. excited to see KAD get some real snaps!",159768.0,neutral,0.09,0.795,0.115,0.6335
1oj2fan,1761744121.0,2219,1.0,55,Injury Report,"[Ian Rapoport] The #Broncos are not planning to place reigning DPOY Pat Surtain II on Injured Reserve, source said, and it’s possible that he only misses 3 games with his pec strain.

Denver plays the #Texans,  #Raiders, #Chiefs, then has a Week 12 bye. Surtain could return vs the #Commanders. So that's nice. Would we be shocked if he came back against the Chiefs?

[https://www.nfl.com/news/broncos-not-planning-on-placing-cb-pat-surtain-ii-pectoral-injured-reserve?campaign=Twitter\_atn](https://www.nfl.com/news/broncos-not-planning-on-placing-cb-pat-surtain-ii-pectoral-injured-reserve?campaign=Twitter_atn) All I ask is we don’t rush him out. I know people want him to be out there for that chiefs game but it’s he’s not ready don’t play cause we have a bye right after that.",124264.0,neutral,0.113,0.842,0.045,-0.7286
1oj2fan,1761750977.0,2219,1.0,55,Injury Report,"[Ian Rapoport] The #Broncos are not planning to place reigning DPOY Pat Surtain II on Injured Reserve, source said, and it’s possible that he only misses 3 games with his pec strain.

Denver plays the #Texans,  #Raiders, #Chiefs, then has a Week 12 bye. Surtain could return vs the #Commanders. So that's nice. Would we be shocked if he came back against the Chiefs?

[https://www.nfl.com/news/broncos-not-planning-on-placing-cb-pat-surtain-ii-pectoral-injured-reserve?campaign=Twitter\_atn](https://www.nfl.com/news/broncos-not-planning-on-placing-cb-pat-surtain-ii-pectoral-injured-reserve?campaign=Twitter_atn) He completely changes how our defense plays and schemes.  I don't know how we can ask anymore out of our pass rush, but they'll need to carry these next 3 games as we're going to change from a man coverage scheme to primarily zone and any decent QB given time will eat up zone coverage all day ",124264.0,neutral,0.05,0.894,0.056,0.1972
1oj2fan,1761742063.0,2219,1.0,55,Injury Report,"[Ian Rapoport] The #Broncos are not planning to place reigning DPOY Pat Surtain II on Injured Reserve, source said, and it’s possible that he only misses 3 games with his pec strain.

Denver plays the #Texans,  #Raiders, #Chiefs, then has a Week 12 bye. Surtain could return vs the #Commanders. So that's nice. Would we be shocked if he came back against the Chiefs?

[https://www.nfl.com/news/broncos-not-planning-on-placing-cb-pat-surtain-ii-pectoral-injured-reserve?campaign=Twitter\_atn](https://www.nfl.com/news/broncos-not-planning-on-placing-cb-pat-surtain-ii-pectoral-injured-reserve?campaign=Twitter_atn) Makes sense. Otherwise he would be automatically out against the Commanders even after our bye. So best to wait until they know for sure to see if he can return against the Chiefs or the Commanders after the bye.",124264.0,neutral,0.071,0.821,0.108,0.7439
1oj2fan,1761740401.0,3487,1.0,55,Injury Report,"[Ian Rapoport] The #Broncos are not planning to place reigning DPOY Pat Surtain II on Injured Reserve, source said, and it’s possible that he only misses 3 games with his pec strain.

Denver plays the #Texans,  #Raiders, #Chiefs, then has a Week 12 bye. Surtain could return vs the #Commanders. So that's nice. Would we be shocked if he came back against the Chiefs?

[https://www.nfl.com/news/broncos-not-planning-on-placing-cb-pat-surtain-ii-pectoral-injured-reserve?campaign=Twitter\_atn](https://www.nfl.com/news/broncos-not-planning-on-placing-cb-pat-surtain-ii-pectoral-injured-reserve?campaign=Twitter_atn) The only reason he is not going on IR is the bye. For whatever reason, a bye week does not count toward the 4 weeks.",195272.0,neutral,0.092,0.854,0.054,-0.374
1oj2fan,1761751636.0,951,1.0,55,Injury Report,"[Ian Rapoport] The #Broncos are not planning to place reigning DPOY Pat Surtain II on Injured Reserve, source said, and it’s possible that he only misses 3 games with his pec strain.

Denver plays the #Texans,  #Raiders, #Chiefs, then has a Week 12 bye. Surtain could return vs the #Commanders. So that's nice. Would we be shocked if he came back against the Chiefs?

[https://www.nfl.com/news/broncos-not-planning-on-placing-cb-pat-surtain-ii-pectoral-injured-reserve?campaign=Twitter\_atn](https://www.nfl.com/news/broncos-not-planning-on-placing-cb-pat-surtain-ii-pectoral-injured-reserve?campaign=Twitter_atn) Has anyone said what grade the pec strain is? I'm assuming it's grade 2 but I'm wondering if anyone has heard anything official",53256.0,neutral,0.09,0.87,0.039,-0.3758
1oj2fan,1761745439.0,634,1.0,55,Injury Report,"[Ian Rapoport] The #Broncos are not planning to place reigning DPOY Pat Surtain II on Injured Reserve, source said, and it’s possible that he only misses 3 games with his pec strain.

Denver plays the #Texans,  #Raiders, #Chiefs, then has a Week 12 bye. Surtain could return vs the #Commanders. So that's nice. Would we be shocked if he came back against the Chiefs?

[https://www.nfl.com/news/broncos-not-planning-on-placing-cb-pat-surtain-ii-pectoral-injured-reserve?campaign=Twitter\_atn](https://www.nfl.com/news/broncos-not-planning-on-placing-cb-pat-surtain-ii-pectoral-injured-reserve?campaign=Twitter_atn) If we go 2-1 during that stretch we’ll still be fine",35504.0,neutral,0.105,0.812,0.083,-0.193
1oj2fan,1761749965.0,634,1.0,55,Injury Report,"[Ian Rapoport] The #Broncos are not planning to place reigning DPOY Pat Surtain II on Injured Reserve, source said, and it’s possible that he only misses 3 games with his pec strain.

Denver plays the #Texans,  #Raiders, #Chiefs, then has a Week 12 bye. Surtain could return vs the #Commanders. So that's nice. Would we be shocked if he came back against the Chiefs?

[https://www.nfl.com/news/broncos-not-planning-on-placing-cb-pat-surtain-ii-pectoral-injured-reserve?campaign=Twitter\_atn](https://www.nfl.com/news/broncos-not-planning-on-placing-cb-pat-surtain-ii-pectoral-injured-reserve?campaign=Twitter_atn) If the broncos continue playing this well, I would tread carefully with PS2. Don’t want him to come back early with a deep playoff push in Lund",35504.0,neutral,0.082,0.79,0.128,0.5413
1oj2fan,1761759597.0,634,1.0,55,Injury Report,"[Ian Rapoport] The #Broncos are not planning to place reigning DPOY Pat Surtain II on Injured Reserve, source said, and it’s possible that he only misses 3 games with his pec strain.

Denver plays the #Texans,  #Raiders, #Chiefs, then has a Week 12 bye. Surtain could return vs the #Commanders. So that's nice. Would we be shocked if he came back against the Chiefs?

[https://www.nfl.com/news/broncos-not-planning-on-placing-cb-pat-surtain-ii-pectoral-injured-reserve?campaign=Twitter\_atn](https://www.nfl.com/news/broncos-not-planning-on-placing-cb-pat-surtain-ii-pectoral-injured-reserve?campaign=Twitter_atn) I’m traveling to DC for the Commanders game and plan on wearing my Surtain jersey.   Would be nice if he was playing.",35504.0,neutral,0.085,0.805,0.11,0.5262
1oj2fan,1761780256.0,634,1.0,55,Injury Report,"[Ian Rapoport] The #Broncos are not planning to place reigning DPOY Pat Surtain II on Injured Reserve, source said, and it’s possible that he only misses 3 games with his pec strain.

Denver plays the #Texans,  #Raiders, #Chiefs, then has a Week 12 bye. Surtain could return vs the #Commanders. So that's nice. Would we be shocked if he came back against the Chiefs?

[https://www.nfl.com/news/broncos-not-planning-on-placing-cb-pat-surtain-ii-pectoral-injured-reserve?campaign=Twitter\_atn](https://www.nfl.com/news/broncos-not-planning-on-placing-cb-pat-surtain-ii-pectoral-injured-reserve?campaign=Twitter_atn) Fuck we needed him against the kc refs",35504.0,neutral,0.149,0.788,0.063,-0.7237
1oj2fan,1761752103.0,317,1.0,55,Injury Report,"[Ian Rapoport] The #Broncos are not planning to place reigning DPOY Pat Surtain II on Injured Reserve, source said, and it’s possible that he only misses 3 games with his pec strain.

Denver plays the #Texans,  #Raiders, #Chiefs, then has a Week 12 bye. Surtain could return vs the #Commanders. So that's nice. Would we be shocked if he came back against the Chiefs?

[https://www.nfl.com/news/broncos-not-planning-on-placing-cb-pat-surtain-ii-pectoral-injured-reserve?campaign=Twitter\_atn](https://www.nfl.com/news/broncos-not-planning-on-placing-cb-pat-surtain-ii-pectoral-injured-reserve?campaign=Twitter_atn) I would even go as far as to say we could probably rest him against the Commanders but after that game Scary Terry had last week, I think we’ll need him.",17752.0,neutral,0.11,0.855,0.036,-0.7469
1oj2fan,1761755949.0,317,1.0,55,Injury Report,"[Ian Rapoport] The #Broncos are not planning to place reigning DPOY Pat Surtain II on Injured Reserve, source said, and it’s possible that he only misses 3 games with his pec strain.

Denver plays the #Texans,  #Raiders, #Chiefs, then has a Week 12 bye. Surtain could return vs the #Commanders. So that's nice. Would we be shocked if he came back against the Chiefs?

[https://www.nfl.com/news/broncos-not-planning-on-placing-cb-pat-surtain-ii-pectoral-injured-reserve?campaign=Twitter\_atn](https://www.nfl.com/news/broncos-not-planning-on-placing-cb-pat-surtain-ii-pectoral-injured-reserve?campaign=Twitter_atn) Even though I admire his toughness, I hope he doesn't rush back. I think he pushed to stay in the game after his ankle injury. Yeah, the pec injury isn't directly related, but a bad ankle could have impacted his tackling form and made him more vulnerable for other injuries.",17752.0,neutral,0.154,0.771,0.074,-0.8356
1oj2fan,1761835476.0,317,1.0,55,Injury Report,"[Ian Rapoport] The #Broncos are not planning to place reigning DPOY Pat Surtain II on Injured Reserve, source said, and it’s possible that he only misses 3 games with his pec strain.

Denver plays the #Texans,  #Raiders, #Chiefs, then has a Week 12 bye. Surtain could return vs the #Commanders. So that's nice. Would we be shocked if he came back against the Chiefs?

[https://www.nfl.com/news/broncos-not-planning-on-placing-cb-pat-surtain-ii-pectoral-injured-reserve?campaign=Twitter\_atn](https://www.nfl.com/news/broncos-not-planning-on-placing-cb-pat-surtain-ii-pectoral-injured-reserve?campaign=Twitter_atn) KADs about to ball out!! Step up my man!",17752.0,neutral,0.118,0.819,0.063,-0.5327
1ohtt3h,1761607263.0,71492,0.98,190,Injury Report,"Jordan Schultz (@jordanschultz) on Threads PS2 Out 4-6 Weeks with Pec Injury  1) Fuck

2) This is why we drafted a CB in the 1st round",13381873.0,neutral,0.215,0.785,0.0,-0.743
1ohtt3h,1761607410.0,42944,0.98,190,Injury Report,"Jordan Schultz (@jordanschultz) on Threads PS2 Out 4-6 Weeks with Pec Injury  Call up Aqib Talib and tell him it’s 2015.

![gif](giphy|dBGi39HzazuTV21S15)",8038258.0,neutral,0.128,0.872,0.0,-0.4753
1ohtt3h,1761607097.0,17812,0.98,190,Injury Report,"Jordan Schultz (@jordanschultz) on Threads PS2 Out 4-6 Weeks with Pec Injury  Sources: Broncos star CB Patrick Surtain II is dealing with a pectoral injury and is expected to miss 4–6 weeks.

No surgery is needed, but I’m told the reigning Defensive Player of the Year will get a second opinion this week to confirm the timeline.",3334050.0,negative,0.116,0.864,0.02,-0.5499
1ohtt3h,1761607299.0,48312,0.98,190,Injury Report,"Jordan Schultz (@jordanschultz) on Threads PS2 Out 4-6 Weeks with Pec Injury  FUCK! That's brutal, but Raiders twice, a depleted Commanders once... Texans and the Chiefs, and a bye. Hopefully we can still do alright without him for that time period. Keep him out for the full 6 weeks and let him heal up.",9043040.0,neutral,0.124,0.774,0.102,-0.0794
1ohtt3h,1761607090.0,32452,0.98,190,Injury Report,Jordan Schultz (@jordanschultz) on Threads PS2 Out 4-6 Weeks with Pec Injury  The curse wheel with the last laugh,6074365.0,neutral,0.243,0.618,0.139,-0.4019
1ohtt3h,1761607292.0,12200,0.98,190,Injury Report,Jordan Schultz (@jordanschultz) on Threads PS2 Out 4-6 Weeks with Pec Injury  Yikes. At least it wasn’t a tear.,2283596.0,positive,0.141,0.859,0.0,-0.4215
1ohtt3h,1761607373.0,17568,0.98,190,Injury Report,"Jordan Schultz (@jordanschultz) on Threads PS2 Out 4-6 Weeks with Pec Injury  Here's the copium:


Next six weeks include the bye and two games against the Raiders. 


Texans next week may be without their WRs and even then Stroud is not good. 


Commanders in 5 weeks would be an issue with Terry and Deebo but they don't have much depth. 


And Chiefs in 3 weeks... Well that was going to be hard even with PS2.


Broncos could easily go 3-2 or 4-1 in the next 6 weeks.


He would be back for Packers, Jags, Chiefs and Chargers. ,",3288378.0,positive,0.052,0.89,0.058,0.3709
1ohtt3h,1761607780.0,7564,0.98,190,Injury Report,Jordan Schultz (@jordanschultz) on Threads PS2 Out 4-6 Weeks with Pec Injury  Next man up. It’s time for Barron to shine,1415830.0,neutral,0.123,0.877,0.0,-0.4215
1ohtt3h,1761607276.0,3904,0.98,190,Injury Report,Jordan Schultz (@jordanschultz) on Threads PS2 Out 4-6 Weeks with Pec Injury  Next man up.,730751.0,negative,0.167,0.833,0.0,-0.4215
1ohtt3h,1761607190.0,3416,0.98,190,Injury Report,Jordan Schultz (@jordanschultz) on Threads PS2 Out 4-6 Weeks with Pec Injury  FUCK,639407.0,positive,0.39,0.61,0.0,-0.7925
1ohtt3h,1761607674.0,2684,0.98,190,Injury Report,"Jordan Schultz (@jordanschultz) on Threads PS2 Out 4-6 Weeks with Pec Injury  The way I see it, we have the Texans, raiders, chiefs, bye, commanders, and raiders again. We can win all of the these even without our best player. We got this",502391.0,negative,0.126,0.796,0.078,-0.3331
1ohtt3h,1761607301.0,2440,0.98,190,Injury Report,Jordan Schultz (@jordanschultz) on Threads PS2 Out 4-6 Weeks with Pec Injury  Sadness all around me,456719.0,negative,0.289,0.711,0.0,-0.6908
1ohtt3h,1761607652.0,2196,0.98,190,Injury Report,Jordan Schultz (@jordanschultz) on Threads PS2 Out 4-6 Weeks with Pec Injury  Frustrating this happened after the leg injury scare,411047.0,neutral,0.422,0.578,0.0,-0.8934
1ohtt3h,1761607526.0,1464,0.98,190,Injury Report,Jordan Schultz (@jordanschultz) on Threads PS2 Out 4-6 Weeks with Pec Injury  ooof that hurts. well we finally get to see what kris abrams draine has.,274032.0,neutral,0.19,0.742,0.068,-0.5859
1ohtt3h,1761607783.0,1464,0.98,190,Injury Report,"Jordan Schultz (@jordanschultz) on Threads PS2 Out 4-6 Weeks with Pec Injury  Next man up. I saw way too many posts last week about ""All 53 are healthy"" so knew we had jinxed it.

Moss, Barron, KAD, etc. get to step up now and help us win some games.",274032.0,neutral,0.05,0.786,0.164,0.7506
1ohtt3h,1761608173.0,1464,0.98,190,Injury Report,"Jordan Schultz (@jordanschultz) on Threads PS2 Out 4-6 Weeks with Pec Injury  KAD and Barron, you’re up.

Our depth will truly be tested.",274032.0,neutral,0.105,0.787,0.109,0.0258
1ohtt3h,1761607581.0,1464,0.98,190,Injury Report,"Jordan Schultz (@jordanschultz) on Threads PS2 Out 4-6 Weeks with Pec Injury  Week 9: @Texans

Week 10: Raiders

Week 11: Chiefs

Week 12: Bye

Hope we can get him back after the bye. Going to be a tough one without him vs Chiefs",274032.0,negative,0.093,0.844,0.063,-0.1027
1ohtt3h,1761608037.0,1220,0.98,190,Injury Report,Jordan Schultz (@jordanschultz) on Threads PS2 Out 4-6 Weeks with Pec Injury  God damn it. Zac Stevens said 2 weeks on the pod. Guess he was wrong. Hopefully he’s back after the bye. Gonna miss the Chiefs game unless he rushed back.,228360.0,negative,0.204,0.7,0.096,-0.6597
1ohtt3h,1761607884.0,1220,0.98,190,Injury Report,Jordan Schultz (@jordanschultz) on Threads PS2 Out 4-6 Weeks with Pec Injury  Get fucked Dr Chao,228360.0,neutral,0.34,0.66,0.0,-0.802
1ohtt3h,1761608116.0,976,0.98,190,Injury Report,Jordan Schultz (@jordanschultz) on Threads PS2 Out 4-6 Weeks with Pec Injury  Honestly this is not bad news next two are still winnable without him chiefs will be tough then the bye,182688.0,positive,0.108,0.676,0.217,0.6542
1ohp50e,1761596811.0,79443,1.0,50,Highlights,[Highlight] Broncos guard Quinn Meinerz takes out three defenders on RJ Harvey touchdown run  Quinn doesn't care if the plates full he's gonna keep serving pancakes!,4051593.0,neutral,0.103,0.85,0.046,-0.3859
1ohp50e,1761597080.0,42777,1.0,50,Highlights,[Highlight] Broncos guard Quinn Meinerz takes out three defenders on RJ Harvey touchdown run  I still remember George Paton watching Quinn push trees over for his workout promo.,2181627.0,positive,0.0,0.952,0.048,0.0772
1ohp50e,1761596938.0,30555,1.0,50,Highlights,[Highlight] Broncos guard Quinn Meinerz takes out three defenders on RJ Harvey touchdown run  Absolutely one of my favorite Broncos.,1558305.0,positive,0.0,0.807,0.193,0.5106
1ohp50e,1761597269.0,16975,1.0,50,Highlights,"[Highlight] Broncos guard Quinn Meinerz takes out three defenders on RJ Harvey touchdown run  The blocking on this play was superb, even Mims made a crucial block and RJ read the openings and flowed with his blockers perfectly. Truly a thing of beauty",865725.0,positive,0.096,0.577,0.327,0.9217
1ohp50e,1761596271.0,25123,1.0,50,Highlights,[Highlight] Broncos guard Quinn Meinerz takes out three defenders on RJ Harvey touchdown run  THE BELLY!!!!!,1281273.0,positive,0.0,0.859,0.141,0.3544
1ohp50e,1761596934.0,10185,1.0,50,Highlights,[Highlight] Broncos guard Quinn Meinerz takes out three defenders on RJ Harvey touchdown run  That is awesome play from Meinerz. Hell of a lineman.,519435.0,positive,0.146,0.605,0.248,0.296
1ohp50e,1761597923.0,7469,1.0,50,Highlights,[Highlight] Broncos guard Quinn Meinerz takes out three defenders on RJ Harvey touchdown run  I LOVE QUINN,380919.0,positive,0.0,0.692,0.308,0.7378
1ohp50e,1761599110.0,6111,1.0,50,Highlights,[Highlight] Broncos guard Quinn Meinerz takes out three defenders on RJ Harvey touchdown run  Both Guards owned it on that play,311661.0,positive,0.0,0.837,0.163,0.4019
1ohp50e,1761601353.0,4074,1.0,50,Highlights,[Highlight] Broncos guard Quinn Meinerz takes out three defenders on RJ Harvey touchdown run  he basically moves like he was a giant wave in the ocean knocking over and then engulfing unsuspecting surfers,207774.0,positive,0.0,0.888,0.112,0.4215
1ohp50e,1761600751.0,4074,1.0,50,Highlights,[Highlight] Broncos guard Quinn Meinerz takes out three defenders on RJ Harvey touchdown run  koolaid man,207774.0,neutral,0.0,0.92,0.08,0.0772
1ohp50e,1761597481.0,1358,1.0,50,Highlights,[Highlight] Broncos guard Quinn Meinerz takes out three defenders on RJ Harvey touchdown run  I think he legally adopted number 50 on that play.,69258.0,positive,0.0,0.748,0.252,0.5267
1ohp50e,1761598481.0,2037,1.0,50,Highlights,[Highlight] Broncos guard Quinn Meinerz takes out three defenders on RJ Harvey touchdown run  Big man got to hit some people!,103887.0,positive,0.0,0.926,0.074,0.1511
1ohp50e,1761598802.0,2716,1.0,50,Highlights,[Highlight] Broncos guard Quinn Meinerz takes out three defenders on RJ Harvey touchdown run  Gotta love the GUT!,138516.0,positive,0.0,0.734,0.266,0.6996
1ohp50e,1761603269.0,2716,1.0,50,Highlights,[Highlight] Broncos guard Quinn Meinerz takes out three defenders on RJ Harvey touchdown run  pro bowler n all pro. Absolute mauler,138516.0,positive,0.0,0.936,0.064,0.0772
1ohp50e,1761599544.0,2037,1.0,50,Highlights,[Highlight] Broncos guard Quinn Meinerz takes out three defenders on RJ Harvey touchdown run  Make way for the Belly!,103887.0,positive,0.0,0.919,0.081,0.1511
1ohp50e,1761600118.0,2037,1.0,50,Highlights,[Highlight] Broncos guard Quinn Meinerz takes out three defenders on RJ Harvey touchdown run  Give me more!!  What a machine!,103887.0,positive,0.0,0.892,0.108,0.2905
1ohp50e,1761601213.0,2037,1.0,50,Highlights,[Highlight] Broncos guard Quinn Meinerz takes out three defenders on RJ Harvey touchdown run  I fucking love this so much,103887.0,positive,0.0,0.746,0.254,0.6997
1ohp50e,1761601609.0,2037,1.0,50,Highlights,[Highlight] Broncos guard Quinn Meinerz takes out three defenders on RJ Harvey touchdown run  Big Bad Quinn,103887.0,positive,0.177,0.758,0.066,-0.4939
1ohp50e,1761604717.0,2037,1.0,50,Highlights,"[Highlight] Broncos guard Quinn Meinerz takes out three defenders on RJ Harvey touchdown run  I'M THE JUGGERNAUT, BITCH!",103887.0,positive,0.218,0.723,0.059,-0.6731
1ohp50e,1761609569.0,2037,1.0,50,Highlights,"[Highlight] Broncos guard Quinn Meinerz takes out three defenders on RJ Harvey touchdown run  This is PFFs highest graded play all season!
Check the 7:05 mark below. 
https://m.youtube.com/watch?v=OuWHlU9-kOg",103887.0,neutral,0.0,0.867,0.133,0.4574
1ohlyjf,1761589386.0,11658,0.99,28,Injury Report,"[Mase] Sean Payton, on Pat Surtain II: ""Nothing to update you guys today on.""  Stevens said 2 weeks is expected. That's the best case scenario I think, Houston and Raiders are about as good a stretch as he can be absent on.",334701.0,neutral,0.0,0.839,0.161,0.7964
1ohlyjf,1761590135.0,3350,0.99,28,Injury Report,"[Mase] Sean Payton, on Pat Surtain II: ""Nothing to update you guys today on.""  Payton and VJ couldnt wait for an opportunity to play mind games with another teams OC like this 😭😭😭",96178.0,neutral,0.0,0.796,0.204,0.7717
1ohlyjf,1761589171.0,10318,0.99,28,Injury Report,"[Mase] Sean Payton, on Pat Surtain II: ""Nothing to update you guys today on.""  Yeah he's not going to say anything until the NFL forces him to.",296230.0,neutral,0.0,0.922,0.078,0.296
1ohlyjf,1761589385.0,1340,0.99,28,Injury Report,"[Mase] Sean Payton, on Pat Surtain II: ""Nothing to update you guys today on.""  Idk if this is good or bad",38471.0,positive,0.19,0.698,0.112,-0.25
1ohlyjf,1761597662.0,1072,0.99,28,Injury Report,"[Mase] Sean Payton, on Pat Surtain II: ""Nothing to update you guys today on.""  Patrick has been the best player on the field since he was drafted by the Denver Broncos

I don’t want to over hype Dre Greenlaw, but with PS2 out, Greenlaw has a chance to put his signature all over this squad

We will look a lot different with PS2 out, but Greenlaw will make plays that nobody else makes on a regular basis. His range and instincts will take him into big plays,

Hufanga has already been showing a lot of that similar kind of tenacity

We might just be OK. And this might be a great way to get other people playing time who otherwise wouldn’t, and when PS2 comes back, we will be better for it.",30777.0,neutral,0.0,0.813,0.187,0.9773
1ohlyjf,1761591211.0,402,0.99,28,Injury Report,"[Mase] Sean Payton, on Pat Surtain II: ""Nothing to update you guys today on.""  i wouldn't be surprised to see him play this weekend w/ a harness on it. I think its a sprained shoulder or ac joint",11541.0,neutral,0.046,0.887,0.067,0.1862
1ohlyjf,1761597107.0,134,0.99,28,Injury Report,"[Mase] Sean Payton, on Pat Surtain II: ""Nothing to update you guys today on.""  Shannon was implying it was a pinched nerve on Night Cap? Maybe he talked to someone in the know?",3847.0,neutral,0.0,1.0,0.0,0.0
1ohlyjf,1761621255.0,134,0.99,28,Injury Report,"[Mase] Sean Payton, on Pat Surtain II: ""Nothing to update you guys today on.""  Jahdae Barron slides from Nickel to CB1 for two weeks.",3847.0,neutral,0.0,1.0,0.0,0.0
1ohgg62,1761576951.0,597240,1.0,49,Highlights,"Pat Bryant's 1st TD celebration: the Mile High Salute (couldn't find a better/more complete shot of it)  The Broncos published this pic on their website. I would've used it for the sidebar but portrait works better than landscape 🤷‍♂️

https://preview.redd.it/02shmlno4oxf1.png?width=2560&format=png&auto=webp&s=f91afe3b6b262d6a32baeed4ab859e64639d607e",29862000.0,positive,0.0,0.906,0.094,0.5927
1ohgg62,1761577003.0,305730,1.0,49,Highlights,Pat Bryant's 1st TD celebration: the Mile High Salute (couldn't find a better/more complete shot of it)  Guys will see this and think “hell yeah”,15286500.0,positive,0.0,1.0,0.0,0.0
1ohgg62,1761576947.0,203346,1.0,49,Highlights,Pat Bryant's 1st TD celebration: the Mile High Salute (couldn't find a better/more complete shot of it)  The best TD celebration in professional football.,10167300.0,neutral,0.0,0.84,0.16,0.6369
1ohgg62,1761577524.0,184860,1.0,49,Highlights,Pat Bryant's 1st TD celebration: the Mile High Salute (couldn't find a better/more complete shot of it)  I love that the players still use the salute.,9243000.0,positive,0.0,0.846,0.154,0.6369
1ohgg62,1761576999.0,180594,1.0,49,Highlights,Pat Bryant's 1st TD celebration: the Mile High Salute (couldn't find a better/more complete shot of it)  ![gif](giphy|3oKIPrIQm4unOqCvLO),9029700.0,neutral,0.0,1.0,0.0,0.0
1ohgg62,1761579356.0,81054,1.0,49,Highlights,Pat Bryant's 1st TD celebration: the Mile High Salute (couldn't find a better/more complete shot of it)  I love that Pat Bryant chucked the ball in celebration and Bo made sure to track it down,4052700.0,positive,0.0,0.827,0.173,0.7579
1ohgg62,1761578019.0,55458,1.0,49,Highlights,Pat Bryant's 1st TD celebration: the Mile High Salute (couldn't find a better/more complete shot of it)  ![gif](giphy|2EPhnJnNl4GPqyz2zR),2772900.0,positive,0.0,1.0,0.0,0.0
1ohgg62,1761579175.0,62568,1.0,49,Highlights,"Pat Bryant's 1st TD celebration: the Mile High Salute (couldn't find a better/more complete shot of it)  My favorite play from yesterday. Contested catch for a rookie WR on a ""I Bolieve"" throw that wasn't a schemed completion.",3128400.0,positive,0.0,0.856,0.144,0.6597
1ohgg62,1761580148.0,35550,1.0,49,Highlights,Pat Bryant's 1st TD celebration: the Mile High Salute (couldn't find a better/more complete shot of it)  More players should understand the Broncos history and make the Mile High salute an every home game celebration,1777500.0,positive,0.0,1.0,0.0,0.0
1ohgg62,1761580086.0,25596,1.0,49,Highlights,Pat Bryant's 1st TD celebration: the Mile High Salute (couldn't find a better/more complete shot of it)  Rook understood the assignment,1279800.0,positive,0.0,1.0,0.0,0.0
1ohgg62,1761577829.0,24174,1.0,49,Highlights,"Pat Bryant's 1st TD celebration: the Mile High Salute (couldn't find a better/more complete shot of it)  https://youtu.be/cu1ra2P37BE?si=Q201WEMgF3FRD9xc

Love it",1208700.0,positive,0.0,0.811,0.189,0.6369
1ohgg62,1761579425.0,17064,1.0,49,Highlights,Pat Bryant's 1st TD celebration: the Mile High Salute (couldn't find a better/more complete shot of it)  This is how you know he’s gonna be a stud,853200.0,positive,0.0,1.0,0.0,0.0
1ohgg62,1761584182.0,11376,1.0,49,Highlights,Pat Bryant's 1st TD celebration: the Mile High Salute (couldn't find a better/more complete shot of it)  Pat did his thing yesterday. Really impressed me. Our receiver group isn’t as bad as most fans think. Would still love someone like Waddle though,568800.0,positive,0.069,0.731,0.199,0.7645
1ohgg62,1761589004.0,8532,1.0,49,Highlights,Pat Bryant's 1st TD celebration: the Mile High Salute (couldn't find a better/more complete shot of it)  God these uniforms are orgasmic. I never get tired of them.,426600.0,neutral,0.0,0.842,0.158,0.5432
1ohgg62,1761586284.0,8532,1.0,49,Highlights,"Pat Bryant's 1st TD celebration: the Mile High Salute (couldn't find a better/more complete shot of it)  Say, I kinda like this Pat Bryant fella",426600.0,positive,0.0,0.909,0.091,0.2975
1ohgg62,1761580775.0,5688,1.0,49,Highlights,Pat Bryant's 1st TD celebration: the Mile High Salute (couldn't find a better/more complete shot of it)  I definitely took note of that.,284400.0,positive,0.0,0.881,0.119,0.4019
1ohgg62,1761581019.0,4266,1.0,49,Highlights,Pat Bryant's 1st TD celebration: the Mile High Salute (couldn't find a better/more complete shot of it)  Love it,213300.0,positive,0.0,0.802,0.198,0.6369
1ohgg62,1761581511.0,4266,1.0,49,Highlights,Pat Bryant's 1st TD celebration: the Mile High Salute (couldn't find a better/more complete shot of it)  Respect,213300.0,positive,0.0,0.838,0.162,0.4767
1ohgg62,1761583819.0,2844,1.0,49,Highlights,Pat Bryant's 1st TD celebration: the Mile High Salute (couldn't find a better/more complete shot of it)  I just want to rewatch the game after that first drive our offense was fucking perfect,142200.0,positive,0.057,0.793,0.15,0.5095
1ohgg62,1761598751.0,2844,1.0,49,Highlights,Pat Bryant's 1st TD celebration: the Mile High Salute (couldn't find a better/more complete shot of it)  we were just talking about who would be the next player to pick up the mantle of the MH Salute. Hope to see many more of these from Bryant!,142200.0,positive,0.0,0.932,0.068,0.4926
1oh2j1g,1761530795.0,508239,1.0,54,Highlights,"Bo Nix secures rookie WR Pat Bryant II’s first NFL touchdown ball A  I think Bo did the same thing for RJ in the Bengals game too. And last year, Sutton made sure Bo got his first career passing TD ball in the Jets game. It seems like a no-brainer that the guys would do this for each other but you still love to see it",27953145.0,positive,0.0,0.845,0.155,0.8705
1oh2j1g,1761531530.0,268200,1.0,54,Highlights,"Bo Nix secures rookie WR Pat Bryant II’s first NFL touchdown ball A  I love this culture Denver seems to have with the right person under center. It makes nothing but sense that Courtland is that type of player too. I've heard Hufanga is cut from the same cloth. 

It's always been a Broncos thing. I'm sure other clubs do this but I love to see it being passed forward.",14751000.0,positive,0.035,0.796,0.17,0.8847
1oh2j1g,1761532301.0,101916,1.0,54,Highlights,Bo Nix secures rookie WR Pat Bryant II’s first NFL touchdown ball A  Bennie fowler knows ball and he is convinced Pat is going to be WR #1 or #2 by next season,5605380.0,positive,0.0,0.857,0.143,0.6124
1oh2j1g,1761530799.0,68391,1.0,54,Highlights,Bo Nix secures rookie WR Pat Bryant II’s first NFL touchdown ball A  That’s my QB!,3761505.0,positive,0.0,0.844,0.156,0.3802
1oh2j1g,1761531439.0,41571,1.0,54,Highlights,Bo Nix secures rookie WR Pat Bryant II’s first NFL touchdown ball A  And what a phenomenal throw/catch,2286405.0,positive,0.0,0.867,0.133,0.3182
1oh2j1g,1761531843.0,38889,1.0,54,Highlights,Bo Nix secures rookie WR Pat Bryant II’s first NFL touchdown ball A  Bo is a dude ❤️,2138895.0,neutral,0.0,0.867,0.133,0.3182
1oh2j1g,1761532750.0,28161,1.0,54,Highlights,"Bo Nix secures rookie WR Pat Bryant II’s first NFL touchdown ball A  Nice, thanks for posting!  He flipped the ball away after he scored and then the camera cut away. I was worried he wouldn’t get it back but then they showed him coming off the field with the ball.  Was hoping for a replay of how it got to him. I’m glad Bo had his back!",1548855.0,positive,0.042,0.774,0.184,0.8918
1oh2j1g,1761538124.0,21456,1.0,54,Highlights,Bo Nix secures rookie WR Pat Bryant II’s first NFL touchdown ball A  ![gif](giphy|9uoYC7cjcU6w8),1180080.0,positive,0.0,0.822,0.178,0.3802
1oh2j1g,1761531820.0,17433,1.0,54,Highlights,Bo Nix secures rookie WR Pat Bryant II’s first NFL touchdown ball A  Great catch,958815.0,positive,0.0,0.652,0.348,0.7506
1oh2j1g,1761542756.0,14751,1.0,54,Highlights,Bo Nix secures rookie WR Pat Bryant II’s first NFL touchdown ball A  that's my fuckin' qb,811305.0,positive,0.0,0.867,0.133,0.3182
1oh2j1g,1761532811.0,25479,1.0,54,Highlights,Bo Nix secures rookie WR Pat Bryant II’s first NFL touchdown ball A  Guys I can only get so erect,1401345.0,positive,0.0,0.881,0.119,0.3182
1oh2j1g,1761539168.0,10728,1.0,54,Highlights,Bo Nix secures rookie WR Pat Bryant II’s first NFL touchdown ball A  Great leader and looking out for his teammates fr. Love the culture on this team,590040.0,positive,0.0,0.694,0.306,0.891
1oh2j1g,1761572564.0,5364,1.0,54,Highlights,"Bo Nix secures rookie WR Pat Bryant II’s first NFL touchdown ball A  leadership, baby. a leader of men, on the field",295020.0,neutral,0.0,0.892,0.108,0.3182
1oh2j1g,1761572635.0,5364,1.0,54,Highlights,Bo Nix secures rookie WR Pat Bryant II’s first NFL touchdown ball A  Love this team. Love our CULTURE!,295020.0,positive,0.0,0.577,0.423,0.8999
1oh2j1g,1761561637.0,4023,1.0,54,Highlights,"Bo Nix secures rookie WR Pat Bryant II’s first NFL touchdown ball A  Its got to be so easy to be caught in the moment you forget to save that ball as a rookie. Everyone always says ""WHAT ARE YOU DOING!?"" but cmon. Its the heat of the moment!",221265.0,positive,0.028,0.841,0.131,0.6433
1oh2j1g,1761548939.0,8046,1.0,54,Highlights,Bo Nix secures rookie WR Pat Bryant II’s first NFL touchdown ball A  Man I really want Bo to be the guy.,442530.0,positive,0.0,0.822,0.178,0.4391
1oh2j1g,1761578662.0,2682,1.0,54,Highlights,Bo Nix secures rookie WR Pat Bryant II’s first NFL touchdown ball A  That’s my QB 💙🧡,147510.0,positive,0.0,0.867,0.133,0.3182
1oh2j1g,1761574085.0,1341,1.0,54,Highlights,"Bo Nix secures rookie WR Pat Bryant II’s first NFL touchdown ball A  Good boy, Bo.",73755.0,positive,0.0,0.714,0.286,0.6369
1ogzf0c,1761521744.0,580800,0.99,510,Look Here!,[POST GAME THREAD] Dallas Cowboys (3-4-1) @ Denver Broncos (6-2) How bout them rookies?! Our point differential in 3 games of the throwbacks is +76 btw,293820912.0,positive,0.0,1.0,0.0,0.0
1ogzf0c,1761521750.0,367840,0.99,510,Look Here!,[POST GAME THREAD] Dallas Cowboys (3-4-1) @ Denver Broncos (6-2) How bout them rookies?! Bo Nix with 4TDS 💪,186086578.0,positive,0.0,1.0,0.0,0.0
1ogzf0c,1761521756.0,197120,0.99,510,Look Here!,"[POST GAME THREAD] Dallas Cowboys (3-4-1) @ Denver Broncos (6-2) How bout them rookies?! Incredible Game.   Great Win and Play-calling by Payton

Bo Nix is really special...

8 total touchdowns over the past 5 quarters❗️",99721037.0,neutral,0.0,0.786,0.214,0.8478
1ogzf0c,1761521753.0,189200,0.99,510,Look Here!,"[POST GAME THREAD] Dallas Cowboys (3-4-1) @ Denver Broncos (6-2) How bout them rookies?! Death, taxes, and blowing out the Cowboys",95714388.0,positive,0.181,0.819,0.0,-0.636
1ogzf0c,1761521781.0,320320,0.99,510,Look Here!,[POST GAME THREAD] Dallas Cowboys (3-4-1) @ Denver Broncos (6-2) How bout them rookies?! Please be ok PS2,162046685.0,positive,0.0,0.758,0.242,0.5848
1ogzf0c,1761521765.0,155760,0.99,510,Look Here!,[POST GAME THREAD] Dallas Cowboys (3-4-1) @ Denver Broncos (6-2) How bout them rookies?! My glorious king PS II please take my energy to heal up from the injury,78797426.0,positive,0.078,0.672,0.249,0.7263
1ogzf0c,1761521748.0,469920,0.99,510,Look Here!,"[POST GAME THREAD] Dallas Cowboys (3-4-1) @ Denver Broncos (6-2) How bout them rookies?! I know Dallas' D is ass, but man it was so nice to see our offense perform all 4 quarters.",237727829.0,positive,0.128,0.73,0.141,0.3541
1ogzf0c,1761521741.0,179520,0.99,510,Look Here!,"[POST GAME THREAD] Dallas Cowboys (3-4-1) @ Denver Broncos (6-2) How bout them rookies?! https://preview.redd.it/ud9e2sqikjxf1.jpeg?width=2853&format=pjpg&auto=webp&s=ee750771bf02e5b16b52fa21f72faf9bab7b7909

[https://youtu.be/n\_kUnSclAC0?si=JH3D\_pPdrDeqI930](https://youtu.be/n_kUnSclAC0?si=JH3D_pPdrDeqI930)",90817373.0,positive,0.0,1.0,0.0,0.0
1ogzf0c,1761521863.0,245520,0.99,510,Look Here!,[POST GAME THREAD] Dallas Cowboys (3-4-1) @ Denver Broncos (6-2) How bout them rookies?! The Denver Broncos are now 6-0 when out scoring their opponent this season.,124206113.0,neutral,0.0,1.0,0.0,0.0
1ogzf0c,1761521764.0,74800,0.99,510,Look Here!,[POST GAME THREAD] Dallas Cowboys (3-4-1) @ Denver Broncos (6-2) How bout them rookies?! Really needed this game for my heart health and sanity.,37840572.0,positive,0.0,1.0,0.0,0.0
1ogzf0c,1761522082.0,73920,0.99,510,Look Here!,[POST GAME THREAD] Dallas Cowboys (3-4-1) @ Denver Broncos (6-2) How bout them rookies?! Do we think Moss gets flagged on the way home?,37395389.0,positive,0.0,1.0,0.0,0.0
1ogzf0c,1761521757.0,69520,0.99,510,Look Here!,[POST GAME THREAD] Dallas Cowboys (3-4-1) @ Denver Broncos (6-2) How bout them rookies?! Amazing game. Now we pray Pat is okay!,35169473.0,negative,0.0,0.677,0.323,0.8217
1ogzf0c,1761521752.0,65120,0.99,510,Look Here!,"[POST GAME THREAD] Dallas Cowboys (3-4-1) @ Denver Broncos (6-2) How bout them rookies?! We fucking deserved a win like this!

Hell yeah boys, let's fucking gooo!!!!",32943557.0,positive,0.128,0.586,0.285,0.6818
1ogzf0c,1761521737.0,215600,0.99,510,Look Here!,[POST GAME THREAD] Dallas Cowboys (3-4-1) @ Denver Broncos (6-2) How bout them rookies?! Why don't we always play the worst defense in the league? Are we stupid?,109069884.0,positive,0.297,0.66,0.043,-0.871
1ogzf0c,1761521767.0,47520,0.99,510,Look Here!,[POST GAME THREAD] Dallas Cowboys (3-4-1) @ Denver Broncos (6-2) How bout them rookies?! THE STREAK CONTINUES!!,24039893.0,neutral,0.0,1.0,0.0,0.0
1ogzf0c,1761521805.0,42240,0.99,510,Look Here!,[POST GAME THREAD] Dallas Cowboys (3-4-1) @ Denver Broncos (6-2) How bout them rookies?! We beat the wheel!,21368794.0,neutral,0.0,1.0,0.0,0.0
1ogzf0c,1761521859.0,41360,0.99,510,Look Here!,[POST GAME THREAD] Dallas Cowboys (3-4-1) @ Denver Broncos (6-2) How bout them rookies?! Hope PS2 is ok,20923610.0,neutral,0.0,0.736,0.264,0.6588
1ogzf0c,1761521965.0,37840,0.99,510,Look Here!,[POST GAME THREAD] Dallas Cowboys (3-4-1) @ Denver Broncos (6-2) How bout them rookies?! At 6-2 we are tied with the Pats and only behind the Colts at 7-1 (who we really should have beaten week 2) in the AFC… this season is turning out very interesting,19142878.0,positive,0.067,0.874,0.059,-0.0932
1ogzf0c,1761521769.0,39600,0.99,510,Look Here!,[POST GAME THREAD] Dallas Cowboys (3-4-1) @ Denver Broncos (6-2) How bout them rookies?! Denver Defense Dad Dicks Dallas … again,20033244.0,positive,0.0,0.909,0.091,0.2003
1ogzf0c,1761521801.0,66880,0.99,510,Look Here!,"[POST GAME THREAD] Dallas Cowboys (3-4-1) @ Denver Broncos (6-2) How bout them rookies?! Breathing calmly during the 4th quarter of a broncos game is crazy work!

Great job by offense and defense.

Onto Houston!",33833923.0,positive,0.107,0.68,0.213,0.6571
1ogth3e,1761516141.0,6118,1.0,7679,Game Thread,"[GAME THREAD]: Denver Broncos (5-2) vs Dallas Cowboys (3-3-1) ###Week 8
 
**[](/DEN) Denver Broncos (5-2) vs [](/DAL) Dallas Cowboys (3-3-1)**
###
 
---

#[Game Preview](https://www.youtube.com/watch?v=8ps7PwOCNYg)
 
---
 
#WEATHER/BROADCAST
 
4:25pm ET | 3:25pm CT | **2:25pm MT** | 1:25pm PT / Empower Field at Mile High Stadium
 
[Weather Forecast](https://weather.com/weather/hourbyhour/l/3f345b93f02bdea125a122a4798a6b17174a3153bb0f45b4d5238343613d7368)
 
- TV | CBS [](/CBS) Jim Nantz, Tony Romo, Tracy Wolfson
 
- [Check to see what game is on in your area](https://506sports.com/)
 
- Local Radio (**KOA - 850 AM/94.1 FM & The Fox - 103.5 FM:** )
 
^(***KOA broadcast only works on desktop, not mobile.***)
 
 
---
#INJURY
 
[](/DEN) [**DEN Injury Report**](http://www.denverbroncos.com/team/injury-report.html) | [](/DAL) [**DAL Injury Report**](https://www.dallascowboys.com/team/injury-report/)
 
---
 

#AROUND THE AFC WEST
 
Team |  | Opp. | Date | Time/Score
----|---|----|----|----
[](/r/chargers) LAC | 5-3| [](/MIN) MIN |10/23 | 37 - 10
[](/r/kansascitychiefs) KC | 4-3|[](/WAS) WAS|10/27 [](/ESPN) Monday Night Football|
[](/r/raiders) LV |2-5 |BYE| -- | --

---


#GOING TO THE GAME? [Consider parking at Lake Middle School!!](https://www.reddit.com/r/DenverBroncos/comments/1mochh7/if_you_are_going_to_a_broncos_game_during_the/)


 ---
 
#THREAD NOTES
 
This thread is ***specifically geared toward Broncos fans***. 
 
***Pick your flair*** in the sidebar. 	
 
Subscribe to **/r/denverbroncos** HUGE day for the rookies

1st round pick Barron with his first INT

2nd round pick Harvey with TWO touchdowns

3rd round pick Bryant with his first NFL touchdown on a 24 yard dime

I am ecstatic!! GO Broncos",46986240.0,positive,0.028,0.932,0.04,0.5042
1ogth3e,1761521922.0,6279,1.0,7679,Game Thread,"[GAME THREAD]: Denver Broncos (5-2) vs Dallas Cowboys (3-3-1) ###Week 8
 
**[](/DEN) Denver Broncos (5-2) vs [](/DAL) Dallas Cowboys (3-3-1)**
###
 
---

#[Game Preview](https://www.youtube.com/watch?v=8ps7PwOCNYg)
 
---
 
#WEATHER/BROADCAST
 
4:25pm ET | 3:25pm CT | **2:25pm MT** | 1:25pm PT / Empower Field at Mile High Stadium
 
[Weather Forecast](https://weather.com/weather/hourbyhour/l/3f345b93f02bdea125a122a4798a6b17174a3153bb0f45b4d5238343613d7368)
 
- TV | CBS [](/CBS) Jim Nantz, Tony Romo, Tracy Wolfson
 
- [Check to see what game is on in your area](https://506sports.com/)
 
- Local Radio (**KOA - 850 AM/94.1 FM & The Fox - 103.5 FM:** )
 
^(***KOA broadcast only works on desktop, not mobile.***)
 
 
---
#INJURY
 
[](/DEN) [**DEN Injury Report**](http://www.denverbroncos.com/team/injury-report.html) | [](/DAL) [**DAL Injury Report**](https://www.dallascowboys.com/team/injury-report/)
 
---
 

#AROUND THE AFC WEST
 
Team |  | Opp. | Date | Time/Score
----|---|----|----|----
[](/r/chargers) LAC | 5-3| [](/MIN) MIN |10/23 | 37 - 10
[](/r/kansascitychiefs) KC | 4-3|[](/WAS) WAS|10/27 [](/ESPN) Monday Night Football|
[](/r/raiders) LV |2-5 |BYE| -- | --

---


#GOING TO THE GAME? [Consider parking at Lake Middle School!!](https://www.reddit.com/r/DenverBroncos/comments/1mochh7/if_you_are_going_to_a_broncos_game_during_the/)


 ---
 
#THREAD NOTES
 
This thread is ***specifically geared toward Broncos fans***. 
 
***Pick your flair*** in the sidebar. 	
 
Subscribe to **/r/denverbroncos** Why can't all the games be that fun and stress free? 

GO BRONCOS!",48222720.0,negative,0.056,0.906,0.038,-0.4966
1ogth3e,1761517308.0,4508,1.0,7679,Game Thread,"[GAME THREAD]: Denver Broncos (5-2) vs Dallas Cowboys (3-3-1) ###Week 8
 
**[](/DEN) Denver Broncos (5-2) vs [](/DAL) Dallas Cowboys (3-3-1)**
###
 
---

#[Game Preview](https://www.youtube.com/watch?v=8ps7PwOCNYg)
 
---
 
#WEATHER/BROADCAST
 
4:25pm ET | 3:25pm CT | **2:25pm MT** | 1:25pm PT / Empower Field at Mile High Stadium
 
[Weather Forecast](https://weather.com/weather/hourbyhour/l/3f345b93f02bdea125a122a4798a6b17174a3153bb0f45b4d5238343613d7368)
 
- TV | CBS [](/CBS) Jim Nantz, Tony Romo, Tracy Wolfson
 
- [Check to see what game is on in your area](https://506sports.com/)
 
- Local Radio (**KOA - 850 AM/94.1 FM & The Fox - 103.5 FM:** )
 
^(***KOA broadcast only works on desktop, not mobile.***)
 
 
---
#INJURY
 
[](/DEN) [**DEN Injury Report**](http://www.denverbroncos.com/team/injury-report.html) | [](/DAL) [**DAL Injury Report**](https://www.dallascowboys.com/team/injury-report/)
 
---
 

#AROUND THE AFC WEST
 
Team |  | Opp. | Date | Time/Score
----|---|----|----|----
[](/r/chargers) LAC | 5-3| [](/MIN) MIN |10/23 | 37 - 10
[](/r/kansascitychiefs) KC | 4-3|[](/WAS) WAS|10/27 [](/ESPN) Monday Night Football|
[](/r/raiders) LV |2-5 |BYE| -- | --

---


#GOING TO THE GAME? [Consider parking at Lake Middle School!!](https://www.reddit.com/r/DenverBroncos/comments/1mochh7/if_you_are_going_to_a_broncos_game_during_the/)


 ---
 
#THREAD NOTES
 
This thread is ***specifically geared toward Broncos fans***. 
 
***Pick your flair*** in the sidebar. 	
 
Subscribe to **/r/denverbroncos** Alright I’m convinced there’s an agenda against Moss at this point",34621440.0,negative,0.039,0.934,0.028,-0.4299
1ogth3e,1761517329.0,4830,1.0,7679,Game Thread,"[GAME THREAD]: Denver Broncos (5-2) vs Dallas Cowboys (3-3-1) ###Week 8
 
**[](/DEN) Denver Broncos (5-2) vs [](/DAL) Dallas Cowboys (3-3-1)**
###
 
---

#[Game Preview](https://www.youtube.com/watch?v=8ps7PwOCNYg)
 
---
 
#WEATHER/BROADCAST
 
4:25pm ET | 3:25pm CT | **2:25pm MT** | 1:25pm PT / Empower Field at Mile High Stadium
 
[Weather Forecast](https://weather.com/weather/hourbyhour/l/3f345b93f02bdea125a122a4798a6b17174a3153bb0f45b4d5238343613d7368)
 
- TV | CBS [](/CBS) Jim Nantz, Tony Romo, Tracy Wolfson
 
- [Check to see what game is on in your area](https://506sports.com/)
 
- Local Radio (**KOA - 850 AM/94.1 FM & The Fox - 103.5 FM:** )
 
^(***KOA broadcast only works on desktop, not mobile.***)
 
 
---
#INJURY
 
[](/DEN) [**DEN Injury Report**](http://www.denverbroncos.com/team/injury-report.html) | [](/DAL) [**DAL Injury Report**](https://www.dallascowboys.com/team/injury-report/)
 
---
 

#AROUND THE AFC WEST
 
Team |  | Opp. | Date | Time/Score
----|---|----|----|----
[](/r/chargers) LAC | 5-3| [](/MIN) MIN |10/23 | 37 - 10
[](/r/kansascitychiefs) KC | 4-3|[](/WAS) WAS|10/27 [](/ESPN) Monday Night Football|
[](/r/raiders) LV |2-5 |BYE| -- | --

---


#GOING TO THE GAME? [Consider parking at Lake Middle School!!](https://www.reddit.com/r/DenverBroncos/comments/1mochh7/if_you_are_going_to_a_broncos_game_during_the/)


 ---
 
#THREAD NOTES
 
This thread is ***specifically geared toward Broncos fans***. 
 
***Pick your flair*** in the sidebar. 	
 
Subscribe to **/r/denverbroncos** That 2nd DPI is bullshit ",37094400.0,negative,0.063,0.937,0.0,-0.8845
1ogth3e,1761517335.0,4025,1.0,7679,Game Thread,"[GAME THREAD]: Denver Broncos (5-2) vs Dallas Cowboys (3-3-1) ###Week 8
 
**[](/DEN) Denver Broncos (5-2) vs [](/DAL) Dallas Cowboys (3-3-1)**
###
 
---

#[Game Preview](https://www.youtube.com/watch?v=8ps7PwOCNYg)
 
---
 
#WEATHER/BROADCAST
 
4:25pm ET | 3:25pm CT | **2:25pm MT** | 1:25pm PT / Empower Field at Mile High Stadium
 
[Weather Forecast](https://weather.com/weather/hourbyhour/l/3f345b93f02bdea125a122a4798a6b17174a3153bb0f45b4d5238343613d7368)
 
- TV | CBS [](/CBS) Jim Nantz, Tony Romo, Tracy Wolfson
 
- [Check to see what game is on in your area](https://506sports.com/)
 
- Local Radio (**KOA - 850 AM/94.1 FM & The Fox - 103.5 FM:** )
 
^(***KOA broadcast only works on desktop, not mobile.***)
 
 
---
#INJURY
 
[](/DEN) [**DEN Injury Report**](http://www.denverbroncos.com/team/injury-report.html) | [](/DAL) [**DAL Injury Report**](https://www.dallascowboys.com/team/injury-report/)
 
---
 

#AROUND THE AFC WEST
 
Team |  | Opp. | Date | Time/Score
----|---|----|----|----
[](/r/chargers) LAC | 5-3| [](/MIN) MIN |10/23 | 37 - 10
[](/r/kansascitychiefs) KC | 4-3|[](/WAS) WAS|10/27 [](/ESPN) Monday Night Football|
[](/r/raiders) LV |2-5 |BYE| -- | --

---


#GOING TO THE GAME? [Consider parking at Lake Middle School!!](https://www.reddit.com/r/DenverBroncos/comments/1mochh7/if_you_are_going_to_a_broncos_game_during_the/)


 ---
 
#THREAD NOTES
 
This thread is ***specifically geared toward Broncos fans***. 
 
***Pick your flair*** in the sidebar. 	
 
Subscribe to **/r/denverbroncos** Another fucking weak PI call.

Im backing moss",30912000.0,negative,0.059,0.935,0.007,-0.8637
1ogth3e,1761518725.0,4347,1.0,7679,Game Thread,"[GAME THREAD]: Denver Broncos (5-2) vs Dallas Cowboys (3-3-1) ###Week 8
 
**[](/DEN) Denver Broncos (5-2) vs [](/DAL) Dallas Cowboys (3-3-1)**
###
 
---

#[Game Preview](https://www.youtube.com/watch?v=8ps7PwOCNYg)
 
---
 
#WEATHER/BROADCAST
 
4:25pm ET | 3:25pm CT | **2:25pm MT** | 1:25pm PT / Empower Field at Mile High Stadium
 
[Weather Forecast](https://weather.com/weather/hourbyhour/l/3f345b93f02bdea125a122a4798a6b17174a3153bb0f45b4d5238343613d7368)
 
- TV | CBS [](/CBS) Jim Nantz, Tony Romo, Tracy Wolfson
 
- [Check to see what game is on in your area](https://506sports.com/)
 
- Local Radio (**KOA - 850 AM/94.1 FM & The Fox - 103.5 FM:** )
 
^(***KOA broadcast only works on desktop, not mobile.***)
 
 
---
#INJURY
 
[](/DEN) [**DEN Injury Report**](http://www.denverbroncos.com/team/injury-report.html) | [](/DAL) [**DAL Injury Report**](https://www.dallascowboys.com/team/injury-report/)
 
---
 

#AROUND THE AFC WEST
 
Team |  | Opp. | Date | Time/Score
----|---|----|----|----
[](/r/chargers) LAC | 5-3| [](/MIN) MIN |10/23 | 37 - 10
[](/r/kansascitychiefs) KC | 4-3|[](/WAS) WAS|10/27 [](/ESPN) Monday Night Football|
[](/r/raiders) LV |2-5 |BYE| -- | --

---


#GOING TO THE GAME? [Consider parking at Lake Middle School!!](https://www.reddit.com/r/DenverBroncos/comments/1mochh7/if_you_are_going_to_a_broncos_game_during_the/)


 ---
 
#THREAD NOTES
 
This thread is ***specifically geared toward Broncos fans***. 
 
***Pick your flair*** in the sidebar. 	
 
Subscribe to **/r/denverbroncos** Run out the cock???",33384960.0,positive,0.054,0.946,0.0,-0.8291
1ogth3e,1761507456.0,3864,1.0,7679,Game Thread,"[GAME THREAD]: Denver Broncos (5-2) vs Dallas Cowboys (3-3-1) ###Week 8
 
**[](/DEN) Denver Broncos (5-2) vs [](/DAL) Dallas Cowboys (3-3-1)**
###
 
---

#[Game Preview](https://www.youtube.com/watch?v=8ps7PwOCNYg)
 
---
 
#WEATHER/BROADCAST
 
4:25pm ET | 3:25pm CT | **2:25pm MT** | 1:25pm PT / Empower Field at Mile High Stadium
 
[Weather Forecast](https://weather.com/weather/hourbyhour/l/3f345b93f02bdea125a122a4798a6b17174a3153bb0f45b4d5238343613d7368)
 
- TV | CBS [](/CBS) Jim Nantz, Tony Romo, Tracy Wolfson
 
- [Check to see what game is on in your area](https://506sports.com/)
 
- Local Radio (**KOA - 850 AM/94.1 FM & The Fox - 103.5 FM:** )
 
^(***KOA broadcast only works on desktop, not mobile.***)
 
 
---
#INJURY
 
[](/DEN) [**DEN Injury Report**](http://www.denverbroncos.com/team/injury-report.html) | [](/DAL) [**DAL Injury Report**](https://www.dallascowboys.com/team/injury-report/)
 
---
 

#AROUND THE AFC WEST
 
Team |  | Opp. | Date | Time/Score
----|---|----|----|----
[](/r/chargers) LAC | 5-3| [](/MIN) MIN |10/23 | 37 - 10
[](/r/kansascitychiefs) KC | 4-3|[](/WAS) WAS|10/27 [](/ESPN) Monday Night Football|
[](/r/raiders) LV |2-5 |BYE| -- | --

---


#GOING TO THE GAME? [Consider parking at Lake Middle School!!](https://www.reddit.com/r/DenverBroncos/comments/1mochh7/if_you_are_going_to_a_broncos_game_during_the/)


 ---
 
#THREAD NOTES
 
This thread is ***specifically geared toward Broncos fans***. 
 
***Pick your flair*** in the sidebar. 	
 
Subscribe to **/r/denverbroncos** If we can just remember that we’re allowed to score points in the first 3 quarters of the game as well, that’d be great.",29675520.0,positive,0.031,0.93,0.039,0.3703
1ogth3e,1761510919.0,3220,1.0,7679,Game Thread,"[GAME THREAD]: Denver Broncos (5-2) vs Dallas Cowboys (3-3-1) ###Week 8
 
**[](/DEN) Denver Broncos (5-2) vs [](/DAL) Dallas Cowboys (3-3-1)**
###
 
---

#[Game Preview](https://www.youtube.com/watch?v=8ps7PwOCNYg)
 
---
 
#WEATHER/BROADCAST
 
4:25pm ET | 3:25pm CT | **2:25pm MT** | 1:25pm PT / Empower Field at Mile High Stadium
 
[Weather Forecast](https://weather.com/weather/hourbyhour/l/3f345b93f02bdea125a122a4798a6b17174a3153bb0f45b4d5238343613d7368)
 
- TV | CBS [](/CBS) Jim Nantz, Tony Romo, Tracy Wolfson
 
- [Check to see what game is on in your area](https://506sports.com/)
 
- Local Radio (**KOA - 850 AM/94.1 FM & The Fox - 103.5 FM:** )
 
^(***KOA broadcast only works on desktop, not mobile.***)
 
 
---
#INJURY
 
[](/DEN) [**DEN Injury Report**](http://www.denverbroncos.com/team/injury-report.html) | [](/DAL) [**DAL Injury Report**](https://www.dallascowboys.com/team/injury-report/)
 
---
 

#AROUND THE AFC WEST
 
Team |  | Opp. | Date | Time/Score
----|---|----|----|----
[](/r/chargers) LAC | 5-3| [](/MIN) MIN |10/23 | 37 - 10
[](/r/kansascitychiefs) KC | 4-3|[](/WAS) WAS|10/27 [](/ESPN) Monday Night Football|
[](/r/raiders) LV |2-5 |BYE| -- | --

---


#GOING TO THE GAME? [Consider parking at Lake Middle School!!](https://www.reddit.com/r/DenverBroncos/comments/1mochh7/if_you_are_going_to_a_broncos_game_during_the/)


 ---
 
#THREAD NOTES
 
This thread is ***specifically geared toward Broncos fans***. 
 
***Pick your flair*** in the sidebar. 	
 
Subscribe to **/r/denverbroncos** Damnnn you PERNAAAA!!!!",24729600.0,positive,0.045,0.955,0.0,-0.798
1ogth3e,1761515900.0,3220,1.0,7679,Game Thread,"[GAME THREAD]: Denver Broncos (5-2) vs Dallas Cowboys (3-3-1) ###Week 8
 
**[](/DEN) Denver Broncos (5-2) vs [](/DAL) Dallas Cowboys (3-3-1)**
###
 
---

#[Game Preview](https://www.youtube.com/watch?v=8ps7PwOCNYg)
 
---
 
#WEATHER/BROADCAST
 
4:25pm ET | 3:25pm CT | **2:25pm MT** | 1:25pm PT / Empower Field at Mile High Stadium
 
[Weather Forecast](https://weather.com/weather/hourbyhour/l/3f345b93f02bdea125a122a4798a6b17174a3153bb0f45b4d5238343613d7368)
 
- TV | CBS [](/CBS) Jim Nantz, Tony Romo, Tracy Wolfson
 
- [Check to see what game is on in your area](https://506sports.com/)
 
- Local Radio (**KOA - 850 AM/94.1 FM & The Fox - 103.5 FM:** )
 
^(***KOA broadcast only works on desktop, not mobile.***)
 
 
---
#INJURY
 
[](/DEN) [**DEN Injury Report**](http://www.denverbroncos.com/team/injury-report.html) | [](/DAL) [**DAL Injury Report**](https://www.dallascowboys.com/team/injury-report/)
 
---
 

#AROUND THE AFC WEST
 
Team |  | Opp. | Date | Time/Score
----|---|----|----|----
[](/r/chargers) LAC | 5-3| [](/MIN) MIN |10/23 | 37 - 10
[](/r/kansascitychiefs) KC | 4-3|[](/WAS) WAS|10/27 [](/ESPN) Monday Night Football|
[](/r/raiders) LV |2-5 |BYE| -- | --

---


#GOING TO THE GAME? [Consider parking at Lake Middle School!!](https://www.reddit.com/r/DenverBroncos/comments/1mochh7/if_you_are_going_to_a_broncos_game_during_the/)


 ---
 
#THREAD NOTES
 
This thread is ***specifically geared toward Broncos fans***. 
 
***Pick your flair*** in the sidebar. 	
 
Subscribe to **/r/denverbroncos** Barron with a pick.
Bryant with a TD
Harvey w/ TDs.

Great draft lmao",24729600.0,positive,0.032,0.916,0.052,0.6535
1ogth3e,1761516408.0,3703,1.0,7679,Game Thread,"[GAME THREAD]: Denver Broncos (5-2) vs Dallas Cowboys (3-3-1) ###Week 8
 
**[](/DEN) Denver Broncos (5-2) vs [](/DAL) Dallas Cowboys (3-3-1)**
###
 
---

#[Game Preview](https://www.youtube.com/watch?v=8ps7PwOCNYg)
 
---
 
#WEATHER/BROADCAST
 
4:25pm ET | 3:25pm CT | **2:25pm MT** | 1:25pm PT / Empower Field at Mile High Stadium
 
[Weather Forecast](https://weather.com/weather/hourbyhour/l/3f345b93f02bdea125a122a4798a6b17174a3153bb0f45b4d5238343613d7368)
 
- TV | CBS [](/CBS) Jim Nantz, Tony Romo, Tracy Wolfson
 
- [Check to see what game is on in your area](https://506sports.com/)
 
- Local Radio (**KOA - 850 AM/94.1 FM & The Fox - 103.5 FM:** )
 
^(***KOA broadcast only works on desktop, not mobile.***)
 
 
---
#INJURY
 
[](/DEN) [**DEN Injury Report**](http://www.denverbroncos.com/team/injury-report.html) | [](/DAL) [**DAL Injury Report**](https://www.dallascowboys.com/team/injury-report/)
 
---
 

#AROUND THE AFC WEST
 
Team |  | Opp. | Date | Time/Score
----|---|----|----|----
[](/r/chargers) LAC | 5-3| [](/MIN) MIN |10/23 | 37 - 10
[](/r/kansascitychiefs) KC | 4-3|[](/WAS) WAS|10/27 [](/ESPN) Monday Night Football|
[](/r/raiders) LV |2-5 |BYE| -- | --

---


#GOING TO THE GAME? [Consider parking at Lake Middle School!!](https://www.reddit.com/r/DenverBroncos/comments/1mochh7/if_you_are_going_to_a_broncos_game_during_the/)


 ---
 
#THREAD NOTES
 
This thread is ***specifically geared toward Broncos fans***. 
 
***Pick your flair*** in the sidebar. 	
 
Subscribe to **/r/denverbroncos** That was the best halftime report I've heard about the Broncos in 10 years",28439040.0,neutral,0.038,0.938,0.024,-0.3278
1ogth3e,1761517303.0,3220,1.0,7679,Game Thread,"[GAME THREAD]: Denver Broncos (5-2) vs Dallas Cowboys (3-3-1) ###Week 8
 
**[](/DEN) Denver Broncos (5-2) vs [](/DAL) Dallas Cowboys (3-3-1)**
###
 
---

#[Game Preview](https://www.youtube.com/watch?v=8ps7PwOCNYg)
 
---
 
#WEATHER/BROADCAST
 
4:25pm ET | 3:25pm CT | **2:25pm MT** | 1:25pm PT / Empower Field at Mile High Stadium
 
[Weather Forecast](https://weather.com/weather/hourbyhour/l/3f345b93f02bdea125a122a4798a6b17174a3153bb0f45b4d5238343613d7368)
 
- TV | CBS [](/CBS) Jim Nantz, Tony Romo, Tracy Wolfson
 
- [Check to see what game is on in your area](https://506sports.com/)
 
- Local Radio (**KOA - 850 AM/94.1 FM & The Fox - 103.5 FM:** )
 
^(***KOA broadcast only works on desktop, not mobile.***)
 
 
---
#INJURY
 
[](/DEN) [**DEN Injury Report**](http://www.denverbroncos.com/team/injury-report.html) | [](/DAL) [**DAL Injury Report**](https://www.dallascowboys.com/team/injury-report/)
 
---
 

#AROUND THE AFC WEST
 
Team |  | Opp. | Date | Time/Score
----|---|----|----|----
[](/r/chargers) LAC | 5-3| [](/MIN) MIN |10/23 | 37 - 10
[](/r/kansascitychiefs) KC | 4-3|[](/WAS) WAS|10/27 [](/ESPN) Monday Night Football|
[](/r/raiders) LV |2-5 |BYE| -- | --

---


#GOING TO THE GAME? [Consider parking at Lake Middle School!!](https://www.reddit.com/r/DenverBroncos/comments/1mochh7/if_you_are_going_to_a_broncos_game_during_the/)


 ---
 
#THREAD NOTES
 
This thread is ***specifically geared toward Broncos fans***. 
 
***Pick your flair*** in the sidebar. 	
 
Subscribe to **/r/denverbroncos** Moss gets insanely stupid flags called on him. How was that DPI?! Even Romo was like “ooof, I dunno”",24729600.0,positive,0.059,0.927,0.014,-0.8367
1ogth3e,1761517413.0,3059,1.0,7679,Game Thread,"[GAME THREAD]: Denver Broncos (5-2) vs Dallas Cowboys (3-3-1) ###Week 8
 
**[](/DEN) Denver Broncos (5-2) vs [](/DAL) Dallas Cowboys (3-3-1)**
###
 
---

#[Game Preview](https://www.youtube.com/watch?v=8ps7PwOCNYg)
 
---
 
#WEATHER/BROADCAST
 
4:25pm ET | 3:25pm CT | **2:25pm MT** | 1:25pm PT / Empower Field at Mile High Stadium
 
[Weather Forecast](https://weather.com/weather/hourbyhour/l/3f345b93f02bdea125a122a4798a6b17174a3153bb0f45b4d5238343613d7368)
 
- TV | CBS [](/CBS) Jim Nantz, Tony Romo, Tracy Wolfson
 
- [Check to see what game is on in your area](https://506sports.com/)
 
- Local Radio (**KOA - 850 AM/94.1 FM & The Fox - 103.5 FM:** )
 
^(***KOA broadcast only works on desktop, not mobile.***)
 
 
---
#INJURY
 
[](/DEN) [**DEN Injury Report**](http://www.denverbroncos.com/team/injury-report.html) | [](/DAL) [**DAL Injury Report**](https://www.dallascowboys.com/team/injury-report/)
 
---
 

#AROUND THE AFC WEST
 
Team |  | Opp. | Date | Time/Score
----|---|----|----|----
[](/r/chargers) LAC | 5-3| [](/MIN) MIN |10/23 | 37 - 10
[](/r/kansascitychiefs) KC | 4-3|[](/WAS) WAS|10/27 [](/ESPN) Monday Night Football|
[](/r/raiders) LV |2-5 |BYE| -- | --

---


#GOING TO THE GAME? [Consider parking at Lake Middle School!!](https://www.reddit.com/r/DenverBroncos/comments/1mochh7/if_you_are_going_to_a_broncos_game_during_the/)


 ---
 
#THREAD NOTES
 
This thread is ***specifically geared toward Broncos fans***. 
 
***Pick your flair*** in the sidebar. 	
 
Subscribe to **/r/denverbroncos** What in the genuine fuck is Riley supposed to do? Is he just not allowed to play corner in the NFL?",23493120.0,positive,0.07,0.93,0.0,-0.9132
1ogth3e,1761517797.0,3703,1.0,7679,Game Thread,"[GAME THREAD]: Denver Broncos (5-2) vs Dallas Cowboys (3-3-1) ###Week 8
 
**[](/DEN) Denver Broncos (5-2) vs [](/DAL) Dallas Cowboys (3-3-1)**
###
 
---

#[Game Preview](https://www.youtube.com/watch?v=8ps7PwOCNYg)
 
---
 
#WEATHER/BROADCAST
 
4:25pm ET | 3:25pm CT | **2:25pm MT** | 1:25pm PT / Empower Field at Mile High Stadium
 
[Weather Forecast](https://weather.com/weather/hourbyhour/l/3f345b93f02bdea125a122a4798a6b17174a3153bb0f45b4d5238343613d7368)
 
- TV | CBS [](/CBS) Jim Nantz, Tony Romo, Tracy Wolfson
 
- [Check to see what game is on in your area](https://506sports.com/)
 
- Local Radio (**KOA - 850 AM/94.1 FM & The Fox - 103.5 FM:** )
 
^(***KOA broadcast only works on desktop, not mobile.***)
 
 
---
#INJURY
 
[](/DEN) [**DEN Injury Report**](http://www.denverbroncos.com/team/injury-report.html) | [](/DAL) [**DAL Injury Report**](https://www.dallascowboys.com/team/injury-report/)
 
---
 

#AROUND THE AFC WEST
 
Team |  | Opp. | Date | Time/Score
----|---|----|----|----
[](/r/chargers) LAC | 5-3| [](/MIN) MIN |10/23 | 37 - 10
[](/r/kansascitychiefs) KC | 4-3|[](/WAS) WAS|10/27 [](/ESPN) Monday Night Football|
[](/r/raiders) LV |2-5 |BYE| -- | --

---


#GOING TO THE GAME? [Consider parking at Lake Middle School!!](https://www.reddit.com/r/DenverBroncos/comments/1mochh7/if_you_are_going_to_a_broncos_game_during_the/)


 ---
 
#THREAD NOTES
 
This thread is ***specifically geared toward Broncos fans***. 
 
***Pick your flair*** in the sidebar. 	
 
Subscribe to **/r/denverbroncos** Another 2 great plays by Bo that won’t show up cuz of a drop and a bullshit call",28439040.0,positive,0.07,0.896,0.034,-0.7464
1ogth3e,1761518687.0,4186,1.0,7679,Game Thread,"[GAME THREAD]: Denver Broncos (5-2) vs Dallas Cowboys (3-3-1) ###Week 8
 
**[](/DEN) Denver Broncos (5-2) vs [](/DAL) Dallas Cowboys (3-3-1)**
###
 
---

#[Game Preview](https://www.youtube.com/watch?v=8ps7PwOCNYg)
 
---
 
#WEATHER/BROADCAST
 
4:25pm ET | 3:25pm CT | **2:25pm MT** | 1:25pm PT / Empower Field at Mile High Stadium
 
[Weather Forecast](https://weather.com/weather/hourbyhour/l/3f345b93f02bdea125a122a4798a6b17174a3153bb0f45b4d5238343613d7368)
 
- TV | CBS [](/CBS) Jim Nantz, Tony Romo, Tracy Wolfson
 
- [Check to see what game is on in your area](https://506sports.com/)
 
- Local Radio (**KOA - 850 AM/94.1 FM & The Fox - 103.5 FM:** )
 
^(***KOA broadcast only works on desktop, not mobile.***)
 
 
---
#INJURY
 
[](/DEN) [**DEN Injury Report**](http://www.denverbroncos.com/team/injury-report.html) | [](/DAL) [**DAL Injury Report**](https://www.dallascowboys.com/team/injury-report/)
 
---
 

#AROUND THE AFC WEST
 
Team |  | Opp. | Date | Time/Score
----|---|----|----|----
[](/r/chargers) LAC | 5-3| [](/MIN) MIN |10/23 | 37 - 10
[](/r/kansascitychiefs) KC | 4-3|[](/WAS) WAS|10/27 [](/ESPN) Monday Night Football|
[](/r/raiders) LV |2-5 |BYE| -- | --

---


#GOING TO THE GAME? [Consider parking at Lake Middle School!!](https://www.reddit.com/r/DenverBroncos/comments/1mochh7/if_you_are_going_to_a_broncos_game_during_the/)


 ---
 
#THREAD NOTES
 
This thread is ***specifically geared toward Broncos fans***. 
 
***Pick your flair*** in the sidebar. 	
 
Subscribe to **/r/denverbroncos** Broncos called for helmet to helmet on that 100/100 times but whatever",32148480.0,positive,0.029,0.971,0.0,-0.5781
1ogth3e,1761518719.0,3381,1.0,7679,Game Thread,"[GAME THREAD]: Denver Broncos (5-2) vs Dallas Cowboys (3-3-1) ###Week 8
 
**[](/DEN) Denver Broncos (5-2) vs [](/DAL) Dallas Cowboys (3-3-1)**
###
 
---

#[Game Preview](https://www.youtube.com/watch?v=8ps7PwOCNYg)
 
---
 
#WEATHER/BROADCAST
 
4:25pm ET | 3:25pm CT | **2:25pm MT** | 1:25pm PT / Empower Field at Mile High Stadium
 
[Weather Forecast](https://weather.com/weather/hourbyhour/l/3f345b93f02bdea125a122a4798a6b17174a3153bb0f45b4d5238343613d7368)
 
- TV | CBS [](/CBS) Jim Nantz, Tony Romo, Tracy Wolfson
 
- [Check to see what game is on in your area](https://506sports.com/)
 
- Local Radio (**KOA - 850 AM/94.1 FM & The Fox - 103.5 FM:** )
 
^(***KOA broadcast only works on desktop, not mobile.***)
 
 
---
#INJURY
 
[](/DEN) [**DEN Injury Report**](http://www.denverbroncos.com/team/injury-report.html) | [](/DAL) [**DAL Injury Report**](https://www.dallascowboys.com/team/injury-report/)
 
---
 

#AROUND THE AFC WEST
 
Team |  | Opp. | Date | Time/Score
----|---|----|----|----
[](/r/chargers) LAC | 5-3| [](/MIN) MIN |10/23 | 37 - 10
[](/r/kansascitychiefs) KC | 4-3|[](/WAS) WAS|10/27 [](/ESPN) Monday Night Football|
[](/r/raiders) LV |2-5 |BYE| -- | --

---


#GOING TO THE GAME? [Consider parking at Lake Middle School!!](https://www.reddit.com/r/DenverBroncos/comments/1mochh7/if_you_are_going_to_a_broncos_game_during_the/)


 ---
 
#THREAD NOTES
 
This thread is ***specifically geared toward Broncos fans***. 
 
***Pick your flair*** in the sidebar. 	
 
Subscribe to **/r/denverbroncos** Yes Jim Nantz, we must “run out the cock” now",25966080.0,positive,0.039,0.945,0.016,-0.5919
1ogth3e,1761519714.0,3703,1.0,7679,Game Thread,"[GAME THREAD]: Denver Broncos (5-2) vs Dallas Cowboys (3-3-1) ###Week 8
 
**[](/DEN) Denver Broncos (5-2) vs [](/DAL) Dallas Cowboys (3-3-1)**
###
 
---

#[Game Preview](https://www.youtube.com/watch?v=8ps7PwOCNYg)
 
---
 
#WEATHER/BROADCAST
 
4:25pm ET | 3:25pm CT | **2:25pm MT** | 1:25pm PT / Empower Field at Mile High Stadium
 
[Weather Forecast](https://weather.com/weather/hourbyhour/l/3f345b93f02bdea125a122a4798a6b17174a3153bb0f45b4d5238343613d7368)
 
- TV | CBS [](/CBS) Jim Nantz, Tony Romo, Tracy Wolfson
 
- [Check to see what game is on in your area](https://506sports.com/)
 
- Local Radio (**KOA - 850 AM/94.1 FM & The Fox - 103.5 FM:** )
 
^(***KOA broadcast only works on desktop, not mobile.***)
 
 
---
#INJURY
 
[](/DEN) [**DEN Injury Report**](http://www.denverbroncos.com/team/injury-report.html) | [](/DAL) [**DAL Injury Report**](https://www.dallascowboys.com/team/injury-report/)
 
---
 

#AROUND THE AFC WEST
 
Team |  | Opp. | Date | Time/Score
----|---|----|----|----
[](/r/chargers) LAC | 5-3| [](/MIN) MIN |10/23 | 37 - 10
[](/r/kansascitychiefs) KC | 4-3|[](/WAS) WAS|10/27 [](/ESPN) Monday Night Football|
[](/r/raiders) LV |2-5 |BYE| -- | --

---


#GOING TO THE GAME? [Consider parking at Lake Middle School!!](https://www.reddit.com/r/DenverBroncos/comments/1mochh7/if_you_are_going_to_a_broncos_game_during_the/)


 ---
 
#THREAD NOTES
 
This thread is ***specifically geared toward Broncos fans***. 
 
***Pick your flair*** in the sidebar. 	
 
Subscribe to **/r/denverbroncos** THICK PICK",28439040.0,positive,0.042,0.958,0.0,-0.7611
1ogth3e,1761519762.0,3220,1.0,7679,Game Thread,"[GAME THREAD]: Denver Broncos (5-2) vs Dallas Cowboys (3-3-1) ###Week 8
 
**[](/DEN) Denver Broncos (5-2) vs [](/DAL) Dallas Cowboys (3-3-1)**
###
 
---

#[Game Preview](https://www.youtube.com/watch?v=8ps7PwOCNYg)
 
---
 
#WEATHER/BROADCAST
 
4:25pm ET | 3:25pm CT | **2:25pm MT** | 1:25pm PT / Empower Field at Mile High Stadium
 
[Weather Forecast](https://weather.com/weather/hourbyhour/l/3f345b93f02bdea125a122a4798a6b17174a3153bb0f45b4d5238343613d7368)
 
- TV | CBS [](/CBS) Jim Nantz, Tony Romo, Tracy Wolfson
 
- [Check to see what game is on in your area](https://506sports.com/)
 
- Local Radio (**KOA - 850 AM/94.1 FM & The Fox - 103.5 FM:** )
 
^(***KOA broadcast only works on desktop, not mobile.***)
 
 
---
#INJURY
 
[](/DEN) [**DEN Injury Report**](http://www.denverbroncos.com/team/injury-report.html) | [](/DAL) [**DAL Injury Report**](https://www.dallascowboys.com/team/injury-report/)
 
---
 

#AROUND THE AFC WEST
 
Team |  | Opp. | Date | Time/Score
----|---|----|----|----
[](/r/chargers) LAC | 5-3| [](/MIN) MIN |10/23 | 37 - 10
[](/r/kansascitychiefs) KC | 4-3|[](/WAS) WAS|10/27 [](/ESPN) Monday Night Football|
[](/r/raiders) LV |2-5 |BYE| -- | --

---


#GOING TO THE GAME? [Consider parking at Lake Middle School!!](https://www.reddit.com/r/DenverBroncos/comments/1mochh7/if_you_are_going_to_a_broncos_game_during_the/)


 ---
 
#THREAD NOTES
 
This thread is ***specifically geared toward Broncos fans***. 
 
***Pick your flair*** in the sidebar. 	
 
Subscribe to **/r/denverbroncos** This is the lowest amount of anxiety I have had this season.",24729600.0,positive,0.064,0.936,0.0,-0.8703
1ogth3e,1761520876.0,3542,1.0,7679,Game Thread,"[GAME THREAD]: Denver Broncos (5-2) vs Dallas Cowboys (3-3-1) ###Week 8
 
**[](/DEN) Denver Broncos (5-2) vs [](/DAL) Dallas Cowboys (3-3-1)**
###
 
---

#[Game Preview](https://www.youtube.com/watch?v=8ps7PwOCNYg)
 
---
 
#WEATHER/BROADCAST
 
4:25pm ET | 3:25pm CT | **2:25pm MT** | 1:25pm PT / Empower Field at Mile High Stadium
 
[Weather Forecast](https://weather.com/weather/hourbyhour/l/3f345b93f02bdea125a122a4798a6b17174a3153bb0f45b4d5238343613d7368)
 
- TV | CBS [](/CBS) Jim Nantz, Tony Romo, Tracy Wolfson
 
- [Check to see what game is on in your area](https://506sports.com/)
 
- Local Radio (**KOA - 850 AM/94.1 FM & The Fox - 103.5 FM:** )
 
^(***KOA broadcast only works on desktop, not mobile.***)
 
 
---
#INJURY
 
[](/DEN) [**DEN Injury Report**](http://www.denverbroncos.com/team/injury-report.html) | [](/DAL) [**DAL Injury Report**](https://www.dallascowboys.com/team/injury-report/)
 
---
 

#AROUND THE AFC WEST
 
Team |  | Opp. | Date | Time/Score
----|---|----|----|----
[](/r/chargers) LAC | 5-3| [](/MIN) MIN |10/23 | 37 - 10
[](/r/kansascitychiefs) KC | 4-3|[](/WAS) WAS|10/27 [](/ESPN) Monday Night Football|
[](/r/raiders) LV |2-5 |BYE| -- | --

---


#GOING TO THE GAME? [Consider parking at Lake Middle School!!](https://www.reddit.com/r/DenverBroncos/comments/1mochh7/if_you_are_going_to_a_broncos_game_during_the/)


 ---
 
#THREAD NOTES
 
This thread is ***specifically geared toward Broncos fans***. 
 
***Pick your flair*** in the sidebar. 	
 
Subscribe to **/r/denverbroncos** Lol at Romo just being completely wrong about the rules with confidence",27202560.0,positive,0.057,0.908,0.035,-0.5909
1ogth3e,1761521195.0,3703,1.0,7679,Game Thread,"[GAME THREAD]: Denver Broncos (5-2) vs Dallas Cowboys (3-3-1) ###Week 8
 
**[](/DEN) Denver Broncos (5-2) vs [](/DAL) Dallas Cowboys (3-3-1)**
###
 
---

#[Game Preview](https://www.youtube.com/watch?v=8ps7PwOCNYg)
 
---
 
#WEATHER/BROADCAST
 
4:25pm ET | 3:25pm CT | **2:25pm MT** | 1:25pm PT / Empower Field at Mile High Stadium
 
[Weather Forecast](https://weather.com/weather/hourbyhour/l/3f345b93f02bdea125a122a4798a6b17174a3153bb0f45b4d5238343613d7368)
 
- TV | CBS [](/CBS) Jim Nantz, Tony Romo, Tracy Wolfson
 
- [Check to see what game is on in your area](https://506sports.com/)
 
- Local Radio (**KOA - 850 AM/94.1 FM & The Fox - 103.5 FM:** )
 
^(***KOA broadcast only works on desktop, not mobile.***)
 
 
---
#INJURY
 
[](/DEN) [**DEN Injury Report**](http://www.denverbroncos.com/team/injury-report.html) | [](/DAL) [**DAL Injury Report**](https://www.dallascowboys.com/team/injury-report/)
 
---
 

#AROUND THE AFC WEST
 
Team |  | Opp. | Date | Time/Score
----|---|----|----|----
[](/r/chargers) LAC | 5-3| [](/MIN) MIN |10/23 | 37 - 10
[](/r/kansascitychiefs) KC | 4-3|[](/WAS) WAS|10/27 [](/ESPN) Monday Night Football|
[](/r/raiders) LV |2-5 |BYE| -- | --

---


#GOING TO THE GAME? [Consider parking at Lake Middle School!!](https://www.reddit.com/r/DenverBroncos/comments/1mochh7/if_you_are_going_to_a_broncos_game_during_the/)


 ---
 
#THREAD NOTES
 
This thread is ***specifically geared toward Broncos fans***. 
 
***Pick your flair*** in the sidebar. 	
 
Subscribe to **/r/denverbroncos** Romo getting roasted by Jim Nantz lmfao",28439040.0,positive,0.04,0.939,0.021,-0.4667
1oedcsk,1761249963.0,117612,0.98,224,Rumor,"[Jones] Broncos expected to be in the market for a WR ahead of the deadline “Perhaps the biggest contender for a receiver is not the Steelers but instead the Broncos. Courtland Sutton is 30-years-old and just signed a four-year extension with an out after next season. Denver has all of its picks through the fifth round and added a fourth from the Saints in the preseason.”

…continued… 

“The Broncos are 5-2 with a top-ranked defense and a quarterback on his rookie deal for at least another season. Folks around the league are watching the Broncos to see how aggressive they may be.”  Garrett Wilson please",25933446.0,positive,0.018,0.924,0.058,0.4678
1oedcsk,1761250100.0,40500,0.98,224,Rumor,"[Jones] Broncos expected to be in the market for a WR ahead of the deadline “Perhaps the biggest contender for a receiver is not the Steelers but instead the Broncos. Courtland Sutton is 30-years-old and just signed a four-year extension with an out after next season. Denver has all of its picks through the fifth round and added a fourth from the Saints in the preseason.”

…continued… 

“The Broncos are 5-2 with a top-ranked defense and a quarterback on his rookie deal for at least another season. Folks around the league are watching the Broncos to see how aggressive they may be.”  Garrett Wilson immediately por favor.",8930250.0,positive,0.018,0.92,0.062,0.5647
1oedcsk,1761249679.0,50544,0.98,224,Rumor,"[Jones] Broncos expected to be in the market for a WR ahead of the deadline “Perhaps the biggest contender for a receiver is not the Steelers but instead the Broncos. Courtland Sutton is 30-years-old and just signed a four-year extension with an out after next season. Denver has all of its picks through the fifth round and added a fourth from the Saints in the preseason.”

…continued… 

“The Broncos are 5-2 with a top-ranked defense and a quarterback on his rookie deal for at least another season. Folks around the league are watching the Broncos to see how aggressive they may be.”  Gotta check in on Garret Wilson. You can give up a 1 for him, still young.",11144952.0,positive,0.017,0.956,0.027,0.0258
1oedcsk,1761250062.0,31104,0.98,224,Rumor,"[Jones] Broncos expected to be in the market for a WR ahead of the deadline “Perhaps the biggest contender for a receiver is not the Steelers but instead the Broncos. Courtland Sutton is 30-years-old and just signed a four-year extension with an out after next season. Denver has all of its picks through the fifth round and added a fourth from the Saints in the preseason.”

…continued… 

“The Broncos are 5-2 with a top-ranked defense and a quarterback on his rookie deal for at least another season. Folks around the league are watching the Broncos to see how aggressive they may be.”  Interested in Waddle, Ridley, Shaheed, Wilson. Someone has to be available for cheap.

The Jet’s owner is desperate.",6858432.0,positive,0.04,0.905,0.054,0.1779
1oedcsk,1761249784.0,25596,0.98,224,Rumor,"[Jones] Broncos expected to be in the market for a WR ahead of the deadline “Perhaps the biggest contender for a receiver is not the Steelers but instead the Broncos. Courtland Sutton is 30-years-old and just signed a four-year extension with an out after next season. Denver has all of its picks through the fifth round and added a fourth from the Saints in the preseason.”

…continued… 

“The Broncos are 5-2 with a top-ranked defense and a quarterback on his rookie deal for at least another season. Folks around the league are watching the Broncos to see how aggressive they may be.”  I wouldn't believe any rumor at this point.  we are 13 days away.

that being said, im guessing but I have been saying for 2 weeks now I believe wal mart makes a huge splash at WR.  it's a glaring hole on the offense.  

and bo nix isn't on his rookie deal for ""at least another season"".",5643918.0,positive,0.029,0.932,0.039,0.1406
1oedcsk,1761249488.0,35316,0.98,224,Rumor,"[Jones] Broncos expected to be in the market for a WR ahead of the deadline “Perhaps the biggest contender for a receiver is not the Steelers but instead the Broncos. Courtland Sutton is 30-years-old and just signed a four-year extension with an out after next season. Denver has all of its picks through the fifth round and added a fourth from the Saints in the preseason.”

…continued… 

“The Broncos are 5-2 with a top-ranked defense and a quarterback on his rookie deal for at least another season. Folks around the league are watching the Broncos to see how aggressive they may be.”  1 Waddle please",7787178.0,positive,0.019,0.923,0.058,0.4678
1oedcsk,1761250652.0,8100,0.98,224,Rumor,"[Jones] Broncos expected to be in the market for a WR ahead of the deadline “Perhaps the biggest contender for a receiver is not the Steelers but instead the Broncos. Courtland Sutton is 30-years-old and just signed a four-year extension with an out after next season. Denver has all of its picks through the fifth round and added a fourth from the Saints in the preseason.”

…continued… 

“The Broncos are 5-2 with a top-ranked defense and a quarterback on his rookie deal for at least another season. Folks around the league are watching the Broncos to see how aggressive they may be.”  Waddle and Wilson are likely to be on the block with how bad their teams are.",1786050.0,positive,0.087,0.888,0.025,-0.8591
1oedcsk,1761250433.0,5508,0.98,224,Rumor,"[Jones] Broncos expected to be in the market for a WR ahead of the deadline “Perhaps the biggest contender for a receiver is not the Steelers but instead the Broncos. Courtland Sutton is 30-years-old and just signed a four-year extension with an out after next season. Denver has all of its picks through the fifth round and added a fourth from the Saints in the preseason.”

…continued… 

“The Broncos are 5-2 with a top-ranked defense and a quarterback on his rookie deal for at least another season. Folks around the league are watching the Broncos to see how aggressive they may be.”  Olave?",1214514.0,positive,0.019,0.95,0.03,0.0258
1oedcsk,1761252294.0,5184,0.98,224,Rumor,"[Jones] Broncos expected to be in the market for a WR ahead of the deadline “Perhaps the biggest contender for a receiver is not the Steelers but instead the Broncos. Courtland Sutton is 30-years-old and just signed a four-year extension with an out after next season. Denver has all of its picks through the fifth round and added a fourth from the Saints in the preseason.”

…continued… 

“The Broncos are 5-2 with a top-ranked defense and a quarterback on his rookie deal for at least another season. Folks around the league are watching the Broncos to see how aggressive they may be.”  Hope so.  I wouldn't write off Mims and Franklin yet, but they are still underdeveloped and don't perform on any kind of consistent basis.  Engram looks like a baller if Sean can figure out how to involve him consistently, but we need another threat that can stretch the defense.",1143072.0,positive,0.042,0.881,0.077,0.5187
1oedcsk,1761250918.0,4536,0.98,224,Rumor,"[Jones] Broncos expected to be in the market for a WR ahead of the deadline “Perhaps the biggest contender for a receiver is not the Steelers but instead the Broncos. Courtland Sutton is 30-years-old and just signed a four-year extension with an out after next season. Denver has all of its picks through the fifth round and added a fourth from the Saints in the preseason.”

…continued… 

“The Broncos are 5-2 with a top-ranked defense and a quarterback on his rookie deal for at least another season. Folks around the league are watching the Broncos to see how aggressive they may be.”  I’ll take one Garrett Wilson please",1000188.0,positive,0.018,0.926,0.056,0.4678
1oedcsk,1761251649.0,9072,0.98,224,Rumor,"[Jones] Broncos expected to be in the market for a WR ahead of the deadline “Perhaps the biggest contender for a receiver is not the Steelers but instead the Broncos. Courtland Sutton is 30-years-old and just signed a four-year extension with an out after next season. Denver has all of its picks through the fifth round and added a fourth from the Saints in the preseason.”

…continued… 

“The Broncos are 5-2 with a top-ranked defense and a quarterback on his rookie deal for at least another season. Folks around the league are watching the Broncos to see how aggressive they may be.”  Prime Jerry Rice pls",2000376.0,positive,0.019,0.938,0.043,0.1406
1oedcsk,1761249519.0,7776,0.98,224,Rumor,"[Jones] Broncos expected to be in the market for a WR ahead of the deadline “Perhaps the biggest contender for a receiver is not the Steelers but instead the Broncos. Courtland Sutton is 30-years-old and just signed a four-year extension with an out after next season. Denver has all of its picks through the fifth round and added a fourth from the Saints in the preseason.”

…continued… 

“The Broncos are 5-2 with a top-ranked defense and a quarterback on his rookie deal for at least another season. Folks around the league are watching the Broncos to see how aggressive they may be.”  Yes please but I wouldn’t expect any big names but we need a solid WR2",1714608.0,positive,0.016,0.886,0.098,0.8176
1oedcsk,1761250187.0,5508,0.98,224,Rumor,"[Jones] Broncos expected to be in the market for a WR ahead of the deadline “Perhaps the biggest contender for a receiver is not the Steelers but instead the Broncos. Courtland Sutton is 30-years-old and just signed a four-year extension with an out after next season. Denver has all of its picks through the fifth round and added a fourth from the Saints in the preseason.”

…continued… 

“The Broncos are 5-2 with a top-ranked defense and a quarterback on his rookie deal for at least another season. Folks around the league are watching the Broncos to see how aggressive they may be.”  Ideally id like Waddle or Wilson if the price isn’t too high. 

If we are looking for a low price guy maybe see if someone like Bateman, or Calvin Ridley",1214514.0,positive,0.034,0.869,0.097,0.8248
1oedcsk,1761251512.0,3564,0.98,224,Rumor,"[Jones] Broncos expected to be in the market for a WR ahead of the deadline “Perhaps the biggest contender for a receiver is not the Steelers but instead the Broncos. Courtland Sutton is 30-years-old and just signed a four-year extension with an out after next season. Denver has all of its picks through the fifth round and added a fourth from the Saints in the preseason.”

…continued… 

“The Broncos are 5-2 with a top-ranked defense and a quarterback on his rookie deal for at least another season. Folks around the league are watching the Broncos to see how aggressive they may be.”  Wilson or waddle if the price is right. I would say a 2nd would be reasonable",785862.0,positive,0.017,0.956,0.027,0.0258
1oedcsk,1761250363.0,1620,0.98,224,Rumor,"[Jones] Broncos expected to be in the market for a WR ahead of the deadline “Perhaps the biggest contender for a receiver is not the Steelers but instead the Broncos. Courtland Sutton is 30-years-old and just signed a four-year extension with an out after next season. Denver has all of its picks through the fifth round and added a fourth from the Saints in the preseason.”

…continued… 

“The Broncos are 5-2 with a top-ranked defense and a quarterback on his rookie deal for at least another season. Folks around the league are watching the Broncos to see how aggressive they may be.”  I've not heard of this guy before and it comes off more as speculation, but I'm intrigued nonetheless",357210.0,neutral,0.016,0.958,0.026,0.0258
1oedcsk,1761254582.0,2592,0.98,224,Rumor,"[Jones] Broncos expected to be in the market for a WR ahead of the deadline “Perhaps the biggest contender for a receiver is not the Steelers but instead the Broncos. Courtland Sutton is 30-years-old and just signed a four-year extension with an out after next season. Denver has all of its picks through the fifth round and added a fourth from the Saints in the preseason.”

…continued… 

“The Broncos are 5-2 with a top-ranked defense and a quarterback on his rookie deal for at least another season. Folks around the league are watching the Broncos to see how aggressive they may be.”  Y’all clamoring for Wilson but we’re gonna get Christian Kirk and you’re gonna like it! 😂",571536.0,negative,0.016,0.927,0.057,0.5635
1oedcsk,1761259319.0,2592,0.98,224,Rumor,"[Jones] Broncos expected to be in the market for a WR ahead of the deadline “Perhaps the biggest contender for a receiver is not the Steelers but instead the Broncos. Courtland Sutton is 30-years-old and just signed a four-year extension with an out after next season. Denver has all of its picks through the fifth round and added a fourth from the Saints in the preseason.”

…continued… 

“The Broncos are 5-2 with a top-ranked defense and a quarterback on his rookie deal for at least another season. Folks around the league are watching the Broncos to see how aggressive they may be.”  Trade for Devon Vele?",571536.0,negative,0.019,0.952,0.029,0.0258
1oedcsk,1761250321.0,3564,0.98,224,Rumor,"[Jones] Broncos expected to be in the market for a WR ahead of the deadline “Perhaps the biggest contender for a receiver is not the Steelers but instead the Broncos. Courtland Sutton is 30-years-old and just signed a four-year extension with an out after next season. Denver has all of its picks through the fifth round and added a fourth from the Saints in the preseason.”

…continued… 

“The Broncos are 5-2 with a top-ranked defense and a quarterback on his rookie deal for at least another season. Folks around the league are watching the Broncos to see how aggressive they may be.”  I don't see us acquiring anyone but maybe I am wrong. I think our WR play is the symptom and not the problem. Mims could have easily emerged as a #2 this year and every time he gets a jump ball he comes down with it. Instead, he gets nothing but swing passes and gadget plays.

Franklin has seriously stepped up. Bryant coming into his own. 

I see the scheme as the primary reason we cannot support a 2nd WR, and I'm not sure anybody but Wilson fixes that. And maybe even he can't replicate what he's been doing here. There's just a lot of mouths right now in what feels like a scheme that can't support one, let alone two dominant WRs.",785862.0,negative,0.081,0.842,0.077,-0.2453
1oedcsk,1761250801.0,1944,0.98,224,Rumor,"[Jones] Broncos expected to be in the market for a WR ahead of the deadline “Perhaps the biggest contender for a receiver is not the Steelers but instead the Broncos. Courtland Sutton is 30-years-old and just signed a four-year extension with an out after next season. Denver has all of its picks through the fifth round and added a fourth from the Saints in the preseason.”

…continued… 

“The Broncos are 5-2 with a top-ranked defense and a quarterback on his rookie deal for at least another season. Folks around the league are watching the Broncos to see how aggressive they may be.”  With the Russ cap gone next year, no way in hell the Broncos go hard with picks right now. Next year is they’ll have more or less this roster, a fresh set of picks, and tons of cap.",428652.0,,0.088,0.873,0.039,-0.846
1oedcsk,1761249883.0,1944,0.98,224,Rumor,"[Jones] Broncos expected to be in the market for a WR ahead of the deadline “Perhaps the biggest contender for a receiver is not the Steelers but instead the Broncos. Courtland Sutton is 30-years-old and just signed a four-year extension with an out after next season. Denver has all of its picks through the fifth round and added a fourth from the Saints in the preseason.”

…continued… 

“The Broncos are 5-2 with a top-ranked defense and a quarterback on his rookie deal for at least another season. Folks around the league are watching the Broncos to see how aggressive they may be.”  Anything to make this offense watchable for more than a quarter a game.",428652.0,,0.043,0.93,0.027,-0.4166
