id,created_utc,score,upvote_ratio,num_comments,link_flair_text,text,populairity,sentiment,vader_neg,vader_neu,vader_pos,vader_compound
1p4vb8t,1763925522.0,121,0.97,16,,"Rams star Kobie Turner highlights immigrant rights via ‘My Cause My Cleats’ campaign Hi! I talked to Kobie Turner about his cleats for “My Clause, My Cleats.” The cause is very near and dear to him. I hope yall like the story.",1995.0,positive,0.0,0.812,0.188,0.8203
1p4h9o9,1763885263.0,170,1.0,21,,"IT'S GAMEDAY, LADIES AND GENTLEMEN!!! Under the lights at SoFi for SNF. ",3740.0,positive,0.0,1.0,0.0,0.0
1p49wf3,1763861022.0,178,0.98,42,,I Drunkenly Bought a Mayfield Jersey at 3am After He Had The Comeback Against The Raiders AMA I am so excited to wear it tomorrow night to the game. Baker is a great dude and I'm so happy for his success after finding his love for the game again with us. ,7501.0,positive,0.0,0.679,0.321,0.9677
1p49rrk,1763860649.0,150,0.99,15,,"I Have This Feeling in my Gut….BREAKOUT GAME INCOMING!! Have a feeling McVay will finally unleash the young fella, I think we’re in for something special! I can’t wait!",2376.0,positive,0.0,0.762,0.238,0.7067
1p447vt,1763845618.0,520,0.99,21,MEMES,Feeling honored they “used” the meme ,11326.0,neutral,0.0,0.43,0.57,0.6486
1p41dtr,1763838364.0,516,0.97,50,,This is still satisfying to look at 😊 ,25527.0,positive,0.0,0.667,0.333,0.4588
1p40rjp,1763836872.0,532,1.0,44,PHOTOS,"This slaps! Source:https://www.latimes.com/sports/rams/story/2025-11-22/rams-pass-rushing-stars-new-fearsome-foursome by Gary Klein, the LA Rams writer for the LA Times.
 ",23940.0,positive,0.0,1.0,0.0,0.0
1p3yz50,1763832604.0,127,1.0,8,,3y 22.5m 7.5m APY. So basically what we paid for Parkinson. Absolute value of a deal. I love this guy and this team. FWIW Ernest Jones got 3y 33m. I'd take Landman any day.,1143.0,positive,0.0,0.82,0.18,0.765
1p3yei1,1763831217.0,463,1.0,21,,LETS GOOO ,10186.0,positive,0.0,1.0,0.0,0.0
1p3y9sx,1763830905.0,747,0.99,136,NEWS,"[Schefter] Rams signed LB Nate Landman to a contract extension, per @_SportsTrust. Per X and SportsTrust Advisors. Details to come.

UPDATE: 3 year, $22.5M contract extension per Schefter",101316.0,neutral,0.0,1.0,0.0,0.0
1p3xyul,1763830212.0,213,0.98,24,,"This HAS to be one of the greatest draft runs in NFL history! At a time when it looked like the organization may have realistically been heading back towards the bottom due to “F Dem Picks”. Ramsey gone, Bobby Wagner gone, Allen Robinson bust, Stafford hurt (and contemplating retirement), Donald contemplating retirement, Kupp coming off a major injury (which we now know he would never fully recover from), McVay contemplating retirement.It honestly looked like the glory days were ending almost as abruptly as they began. 

Looking back at it, there’s no way we could have known at the time, but our franchise literally changed over night due to these picks. 4 pro bowl level talents, all taken OUTSIDE of the 1st round. Honestly, if we win a Super Bowl, there should be documentaries made about THIS draft and just how legendary it was. An absolute masterclass in rebuilding through the draft from Snead!",5218.0,positive,0.033,0.796,0.171,0.9771
1p3vi05,1763824119.0,220,1.0,24,,Power rankings? McVay don't care about no stinking power rankings! ,5500.0,neutral,0.416,0.46,0.124,-0.6632
1p3bhjy,1763761891.0,534,0.96,41,PHOTOS,"Don't know if this has been posted here before, but this makes me feel emotional. The photo says a lot itself. They just prayed after the game was over! ",21531.0,neutral,0.0,0.925,0.075,0.2942
1p391it,1763756038.0,171,0.99,96,,On a scale of 1-10 how confident are you about this game? ,16421.0,neutral,0.0,0.758,0.242,0.4939
1p38gbp,1763754646.0,322,0.98,26,,K-pop group Meovv repping rams ,8520.0,neutral,0.0,1.0,0.0,0.0
1p31qwp,1763739338.0,150,0.95,46,DISCUSSIONS,"Why is 98% of the stuff in our fan shop fugly? If one of you could get in contact with the team and fix this issue, that would be great. We just want majority to be cool vintage/ retro stuff and some new modern stuff. Thanks!",6698.0,negative,0.0,0.757,0.243,0.9041
1p2s4j5,1763709088.0,350,0.98,69,,Just for shits and giggles 🤭 ,24010.0,neutral,0.392,0.38,0.228,-0.3182
1p2lftm,1763688469.0,201,1.0,12,,How I feel about the season so far... ,2613.0,neutral,0.0,1.0,0.0,0.0
1p2kenp,1763685733.0,119,0.98,21,,"[CBS Sports] Matthew Stafford has 24 consecutive passing touchdowns without an interception, second longest streak of all time. I wish they had stated what the record is. Baller![](https://www.reddit.com/submit/?source_id=t3_1p2izmk)",2566.0,positive,0.0,0.897,0.103,0.4574
1p2h7lz,1763677595.0,135,1.0,14,,[Los Angeles Rams] The GOAT made a visit to practice. 🐐 [https://x.com/RamsNFL/status/1991632211267973209/video/1](https://x.com/RamsNFL/status/1991632211267973209/video/1),2025.0,positive,0.0,1.0,0.0,0.0
1p2cubr,1763667607.0,219,1.0,22,,Gameday Uniform - White & Sol ,5037.0,neutral,0.0,1.0,0.0,0.0
1p2cr4x,1763667407.0,111,0.93,85,,"Visiting Buccs fan here, what was left of our offense got hit with the plague 
Mark my words we will meet again someday on more favorable terms. Itll be a miracle if we somehow win",8878.0,negative,0.045,0.655,0.3,0.9061
1p2cp1q,1763667270.0,126,0.99,0,PHOTOS,Los Angeles Rams SNF Week 12 Matchup Doodle ! ,125.0,neutral,0.0,1.0,0.0,0.0
1p2bep5,1763664432.0,135,0.95,21,,Can we take a moment and appreciate how awesome it is seeing this team finally live up to the potential we all knew they had? ,2822.0,positive,0.0,0.764,0.236,0.7783
1p2159u,1763639391.0,106,0.98,26,NEWS,Bucs vs Rams Wednesday injury report. Baker Mayfield among 6 Buccaneers' starters limited with illness. ,2805.0,neutral,0.402,0.598,0.0,-0.7506
1p1r7so,1763605059.0,257,0.99,38,,"Sorry, Baker ",9923.0,negative,0.565,0.435,0.0,-0.0772
1p1ovqt,1763598621.0,316,1.0,21,NEWS,"""I feel like LA adopted me"": Aaron Donald There is another great news. The first 60,000 fabs will get a limited edition Aaron Donald Bobblehead giveaway upon entry at the gates.

How many are going on Sunday? I'm sure that it is an unmissable event


https://sportscondensed.com/news/la-adopted-me-aaron-donald-pleased-with-rams-celebration-game 
 ",6952.0,positive,0.037,0.792,0.172,0.7906
1p1laky,1763589644.0,110,0.98,83,,"Lake, Havenstein, and Higbee to IR The Rams are placing three starters on injured reserve:

- S Quentin Lake (elbow)
- RT Rob Havenstein (ankle)
- TE Tyler Higbee (ankle)

Lake dislocated his elbow and had surgery today.

The Rams hope to get all three back this year.

WR Xavier Smith is in concussion protocol.",9055.0,neutral,0.11,0.839,0.051,-0.5267
1p1jbj7,1763585174.0,153,0.99,8,,[Highlight] Nate Landman is elite at performing the peanut punch ,1363.0,positive,0.0,1.0,0.0,0.0
1p1iuzy,1763584113.0,514,0.99,70,DISCUSSIONS,Brady expects Stafford to join him in the 45 club. ,36129.0,neutral,0.0,0.804,0.196,0.296
1p1isqe,1763583965.0,263,1.0,20,PHOTOS,Chris Shula appreciation post! ,5523.0,positive,0.0,0.455,0.545,0.5562
1p1gurx,1763579646.0,207,1.0,30,,Lake Update https://x.com/RapSheet/status/1991216375612809325,6417.0,neutral,0.0,1.0,0.0,0.0
1p1glm0,1763579079.0,179,0.91,72,DISCUSSIONS,Ideal permanent rebrand for 2026 and beyond. Top 3 Unis in the league. ,11891.0,positive,0.0,0.658,0.342,0.6369
1p1dt5i,1763573080.0,158,1.0,11,,Ethan Evans named NFC Special Teams Player of the Week for Week 11 he also won as a rookie 2 years ago on the exact same week and against the same opponent and in the same stadium: week 11 vs the Seahawks at SoFi,1896.0,positive,0.089,0.783,0.128,0.2422
1p1dnj1,1763572734.0,472,0.99,48,,Nice ,22897.0,neutral,0.0,0.0,1.0,0.4215
1p1covl,1763570619.0,260,0.98,82,DISCUSSIONS,"L.A. Slowly Becoming a Rams Town Again Hi there, I moved up to Oregon a few weeks ago, but was down in SoCal visiting one of my best friends from college who lives in the area. We went to the Seahawks vs. Rams game. It was my first time to SoFi Stadium, which is beautiful. Great game, but what struck me was that the stadium was sold out and how many of those fans were wearing Rams gear. I know the joke is L.A. doesn't care about the NFL and opposing fans fill the stadium on game day, but it sure seemed like fans were at the game and getting into it. Maybe now that this year nine since their return they have built up support again, or maybe because the team has been pretty competitive since they returned, I'm not sure, but it feels like L.A. is starting to become a Rams town again. Obviously, I don't think the Rams fandom is at the same level as the Lakers or Dodgers yet, but I think the gap between them and those two franchises is closing. ",21148.0,positive,0.027,0.76,0.212,0.9918
1p1ceku,1763570008.0,165,0.95,107,,Holy crap! Top 5 pick incoming.  I don’t think cousins can beat the Jets.,16929.0,neutral,0.197,0.681,0.123,-0.2714
1p1bn2n,1763568320.0,159,0.99,6,,It’s the white Mike Tyson’s Birthday today! Happy birthday right hand Landman 🥊 🥊 ,1102.0,positive,0.0,0.582,0.418,0.8016
1p19zzu,1763564595.0,308,0.96,99,,Look familiar? This looks like the Rams subreddit from 2019/20,29568.0,neutral,0.0,0.783,0.217,0.3612
1p17fq7,1763558255.0,1123,1.0,83,DISCUSSIONS,"Seven Years Ago Today What was possibly the greatest Monday Night Football game that was ever played!

The game featured 14 total touchdowns, 1,001 combined offensive yards, and 105 total points.                  

* Final Score: Rams 54, Chiefs 51
* Combined Yards: 1,001
* Combined Touchdowns:14
* Total Points: 105
* Lead Changes: 8 

Quarterback stats
* Patrick Mahomes (Chiefs): 478 passing yards, 6 touchdowns, 2 interceptions
* Jared Goff (Rams): 413 passing yards, 4 touchdowns, 1 rushing touchdown 

Other notable stats
* Tyreek Hill (Chiefs): 215 receiving yards on 10 catches
* Todd Gurley (Rams):Reached 1,000 rushing yards for the season
* Defensive Touchdowns:Three total, with two scored by the Rams' Samson Ebukam and one by the Chiefs' Allen Bailey 
",94332.0,positive,0.027,0.902,0.071,0.6114
1p0z9nd,1763530526.0,247,0.98,32,,"Kyren Williams appreciation post. That's it, that's the post.  Last three games 280 yards 4 tds and 5+ ypc

After the way some of yall were talking crazy about him after the first 9irs games now would be the time to apologize.

",7988.0,positive,0.053,0.843,0.104,0.3182
1p0szsd,1763512252.0,198,1.0,11,,Jimmy G walks by giant Aaron Donald bobblehead ,2376.0,neutral,0.0,1.0,0.0,0.0
1p0macx,1763496199.0,161,0.98,13,NEWS,The rams turns nobody's into champions ,2209.0,neutral,0.0,0.595,0.405,0.5267
1p0m3mt,1763495787.0,367,0.98,108,DISCUSSIONS,This is why getting that bye is very important imo.. Title.,39203.0,positive,0.0,0.827,0.173,0.2716
1p0fvn5,1763482005.0,203,0.99,30,,Oz the Mentalist leaves McVay speechless ,6230.0,positive,0.0,1.0,0.0,0.0
1p0f2r8,1763480176.0,277,0.99,25,,#1 on ESPN power rankings! I know some of y’all can give a rats ass about these rankings. But I look forward to them every Tuesday. It’s refreshing to see us be at 1.,7130.0,positive,0.078,0.922,0.0,-0.3699
1p0ew1r,1763479740.0,677,0.99,17,,🔥 Matty Stafford is on a heater!,12064.0,positive,0.0,1.0,0.0,0.0
1p0emx0,1763479165.0,104,0.98,11,,Got my Nike air max 90s. These are so clean. Blue or white laces? ,1223.0,neutral,0.0,0.788,0.212,0.541
1p0e8mx,1763478222.0,165,0.94,146,,"Bizarre narrative coming from sports media and Seahawks’ fans following Seattle’s defeat to the Rams The narrative from media/Seahawks fans seems to be…If Darnold doesn’t throw 4 pics, the Seahawks blow out the Rams because they are the better team. It’s as if those 4 pics happened in a vacuum and there wasn’t a defense pressuring Darnold to throw the ball sooner than he wanted to, and it’s not as if that same defense kept Seattle out of end zone on every Drive, but one. Right? And it’s not as if the Rams didn’t also turn the ball over or win the special teams battle which helped seal the win. 

Our defense kept them out of the end zone and their defense allowed 3 TDs. 

Their offense only scored 1 TD and our offense scored 3 TDS.

Our punter pinned them down on their own 1 yard line and their punter didn’t do shit.

That’s all 3 phases that were won by the Rams.

So explains to me how the Seachickens were the better team???

I kinda get this losers mentality and excuses from the Seahawks’ fan base, but hearing it from the media it’s just farcical.",22800.0,neutral,0.105,0.742,0.153,0.9012
1p07yfp,1763459696.0,120,0.99,24,DISCUSSIONS,We are now at a top 8 pick… ,2970.0,neutral,0.0,0.735,0.265,0.2023
1ozynql,1763428988.0,427,1.0,24,,"[Highlight] LA Rams HC Sean Mcvay's electric post victory breakdown: ""How bout that f****** win!!"" ",10675.0,positive,0.0,1.0,0.0,0.0
1ozy67q,1763427676.0,139,0.85,45,PHOTOS,These should be permanent ,5435.0,positive,0.0,1.0,0.0,0.0
1oztr4n,1763416705.0,245,0.89,112,,Am I the only one who misses these uniforms? ,24640.0,neutral,0.213,0.787,0.0,-0.2263
1ozpa3r,1763406661.0,203,0.99,86,,"Huge Uniform Rumors 👀 Reports say the Rams have officially filed for new uniforms in 2026, expected to build off the “Midnight Mode” Rivalries look with a full ram horn on the sleeve. 

What are your hopes for a future uniform refresh? Personally I think you do some minor tweaks (nametag patch, more golden yellow, drop the gradients) and it’s great",17484.0,neutral,0.037,0.821,0.142,0.7806
1ozoe4f,1763404730.0,102,1.0,21,,We are now rooting for every 1 and 2 win team! Go Raiders! ,2244.0,neutral,0.0,0.695,0.305,0.658
1ozn8ls,1763402286.0,362,1.0,29,PHOTOS,Shoutout Tae for these 😭 ,10860.0,positive,0.0,1.0,0.0,0.0
1ozm38q,1763399757.0,659,1.0,50,,"""There's no way he's ever made a better punt"" ",33609.0,neutral,0.198,0.541,0.261,0.1779
1ozkp79,1763396677.0,367,0.98,40,DISCUSSIONS,I don’t care! Yesterday’s stats may have been down. Seattle’s defense is legit. The man still had 2 touchdowns and 0 interceptions. He is still going to be your 2025 NFL MVP!,14746.0,positive,0.0,0.836,0.164,0.6467
1ozkkwp,1763396418.0,480,1.0,68,,It's Buccaneers Week. 2 divisional leaders under the spotlight at SoFi Stadium for SNF.,33120.0,neutral,0.0,1.0,0.0,0.0
1ozgylr,1763387870.0,147,0.93,82,DISCUSSIONS,"Why don’t the Rams just pay their successful coordinators Head Coach money? Let me just say that Chris Shula is him. I would love his partnership with McVay to last longer. And just like every successful year, other teams are salivating to the thought of poaching another successful coordinator in the McVay coaching tree in the form of Shula (I know the job’s not finished until we get that Super Bowl ring but Shula has definitely earned the respect of the NFL circles, making it successful for him).

That being said, some have failed to replicate the Rams’ success in their own teams like Brandon Staley. If that’s the case, wouldn’t it be intriguing for a coordinator to remain on the team and get paid top dollar head coach money to stay as a DC while still building his reputation with a stable and a top-tier football culture? I honestly don’t know how the coaching staff money works so you can call me out on that.

It’s just that as someone who grew together since college to the pros, I would love to see the McVay-Shula duo lead us for more years to come. And with them having that long-lasting friendship bond, maybe it’s on the table?",11347.0,positive,0.023,0.752,0.225,0.9938
1ozgsi5,1763387442.0,181,0.99,7,,"RAMS with the W A close one, but a dub is a dub. video via ig.",1434.0,positive,0.0,1.0,0.0,0.0
1ozfxke,1763385204.0,343,0.99,50,,"Emmanuel Forbes breakout szn Dude has really come on strong as of late. I’ve always been a Forbes fan, but to see him play so well against JSN while also delivering a couple of big hits on Seattle’s TEs certainly felt good.",17318.0,positive,0.0,0.659,0.341,0.9485
1ozbx19,1763371749.0,279,0.99,131,,Thoughts about the new uniforms? ,36460.0,neutral,0.0,1.0,0.0,0.0
1oz95p2,1763361010.0,200,1.0,8,MEMES,Kam Kinchens ,1800.0,neutral,0.0,1.0,0.0,0.0
1oz7hcx,1763355325.0,201,1.0,10,HIGHLIGHTS,"Davante Adams reaches 1,000 career receptions. 17th player in NFL history to reach this milestone. 4 straight weeks with a touchdown. 10 TDs for the season 💪 ",2211.0,positive,0.0,0.833,0.167,0.296
1oz6oix,1763352801.0,848,0.99,97,,"Kupp emotional post-game while talking with Rams players and coaches I’m not crying, you’re crying! 😭 This season’s Rams team is something special, but man, this one still hurts. ",82273.0,positive,0.122,0.674,0.205,-0.1872
1oz497h,1763345712.0,716,0.99,39,,Couldn’t have gone any better 😏 ,28354.0,positive,0.0,0.58,0.42,0.4404
1oz3zxm,1763344986.0,149,1.0,7,,Love the view from the top of the NFC West. ,1192.0,positive,0.254,0.402,0.344,0.1449
1oz3jin,1763343675.0,132,1.0,27,DISCUSSIONS,Since signing Mevis the Rams haven't tried to kick a field goal. I just find this amusing. Discuss if you'd like lol,3696.0,neutral,0.0,0.672,0.328,0.8074
1oz2z13,1763342060.0,135,0.99,22,DISCUSSIONS,"OK, that was fire! I get that we have a lot of criticism of how our offense sputtered today with play calls and execution, but this tweet from Blaine Grisak, a good writer of the Turf Show Time (I know it sucks now, but he's a quality one) that should say something. Offense has a lot of issues given how elite Seahawks' defense is (kudos to them), but having all points with TDs was worth it. One fumble by Puka, bad run design, and incomplete passes nearly costed us, but we get points we need to get without having to defer to a FG.   
",3074.0,positive,0.138,0.742,0.12,-0.4577
1oz2sfe,1763341559.0,215,1.0,9,,Last thing a Seattle qb wants to see ,2150.0,neutral,0.0,1.0,0.0,0.0
1oz29w8,1763340166.0,552,0.99,60,DISCUSSIONS,How nice is this? ,33335.0,neutral,0.0,0.517,0.483,0.4215
1oz294c,1763340106.0,253,0.99,22,,"Game ball goes to Evan’s, and I will fight anyone that disagrees That punt goes anywhere else, other than where it landed, we are 7-3. Honorable mentions go to Williams and our outstanding DBs. RAMS HOUSE!!",5761.0,positive,0.111,0.705,0.184,0.6351
1oz27lq,1763339998.0,218,0.99,19,HIGHLIGHTS,All 4 interceptions against the Seahawks ,4316.0,neutral,0.0,1.0,0.0,0.0
1oz1sjd,1763338868.0,217,1.0,11,,Another victory ,2604.0,positive,0.0,1.0,0.0,0.0
1oz1s28,1763338831.0,110,0.99,7,,"Kameron “cooking in the kitchen” Kinchens Kameron Kinchens and the rest of the defense SAVED US today. K2 had:

2 INTs
2 PBUs
4 Tackles 

My Los Angeles Rams are #1 in the division and are officially the best in the west!!! 

Whose house?!?!?!?",871.0,positive,0.0,0.77,0.23,0.9074
1oz1rig,1763338788.0,431,1.0,38,HIGHLIGHTS,Evan Evans appreciation post LFG,16809.0,positive,0.0,0.548,0.452,0.5106
1oz1oot,1763338571.0,156,0.98,16,,"Our glorious MVP We really couldn’t have done it without you!

Holy fuck that was stressful lol",2599.0,positive,0.125,0.492,0.384,0.7809
1oz1nt2,1763338507.0,719,1.0,71,DISCUSSIONS,Ethan Evans appreciation! His kickoff and punt have been on point today. Can't win without him! ,51768.0,positive,0.147,0.668,0.185,0.2052
1oz1nd7,1763338472.0,411,1.0,34,,MYERS MISSES THE KICK! RAMS WIN!! ,14385.0,positive,0.18,0.378,0.442,0.5826
1oz1mjw,1763338412.0,748,0.99,40,,LANDMAN COLLECTS MORE LAND ,30361.0,positive,0.0,1.0,0.0,0.0
1oz1ljo,1763338337.0,972,0.97,75,,VICTORY SHITPOST - SEEING GHOSTS (8-2) ,71656.0,positive,0.0,1.0,0.0,0.0
1oz1l5f,1763338304.0,175,0.99,366,,"Post Game Thread: Seattle Seahawks at Los Angeles Rams #Seattle Seahawks at Los Angeles Rams

[ESPN Gamecast](https://www.espn.com/nfl/game/_/gameId/401772884/seahawks-rams)

SoFi Stadium- Inglewood, CA

Network(s): FOX 

***

|Time Clock|
|:--:|
|Final|

**Scoreboard**

||Q1|Q2|Q3|Q4|Total|
|:--:|:--:|:--:|:--:|:--:|:--:|
|SEA|3|6|3|7|19|
|LAR|14|0|0|7|21|


**Scoring Plays**

| Team | Quarter | Type | Description |
|:--|:--|:--|:--|
| LAR | 1 | TD | Kyren Williams 1 Yd Rush (Harrison Mevis Kick) |
| SEA | 1 | FG | Jason Myers 57 Yd Field Goal |
| LAR | 1 | TD | Davante Adams 1 Yd pass from Matthew Stafford (Harrison Mevis Kick) |
| SEA | 2 | FG | Jason Myers 30 Yd Field Goal |
| SEA | 2 | FG | Jason Myers 22 Yd Field Goal |
| SEA | 3 | FG | Jason Myers 29 Yd Field Goal |
| LAR | 4 | TD | Colby Parkinson 6 Yd pass from Matthew Stafford (Harrison Mevis Kick) |
| SEA | 4 | TD | Kenneth Walker III 1 Yd Rush (Jason Myers Kick) |




**Passing Leaders**

|Team|Player|C/ATT|YDS|TD|INT|SACKS|
|:--|:--|--:|--:|--:|--:|--:|
| SEA | Sam Darnold | 29/44 | 279 | 0 | 4 | 0-0 |
| LAR | Matthew Stafford | 15/28 | 130 | 2 | 0 | 0-0 |

**Rushing Leaders**

|Team|Player|CAR|YDS|AVG|TD|LONG|
|:--|:--|--:|--:|--:|--:|--:|
| SEA | Kenneth Walker III | 16 | 67 | 4.2 | 1 | 25 |
| LAR | Kyren Williams | 12 | 91 | 7.6 | 1 | 34 |

**Receiving Leaders**

|Team|Player|REC|YDS|AVG|TD|LONG|TGTS|
|:--|:--|--:|--:|--:|--:|--:|--:|
| SEA | Jaxon Smith-Njigba | 9 | 105 | 11.7 | 0 | 28 | 12 |
| LAR | Puka Nacua | 7 | 75 | 10.7 | 0 | 19 | 8 |


***

Use [reddit-stream.com](https://reddit-stream.com/comments/auto) to get an autorefreshing version of this page

^This ^was ^created ^by ^a ^bot. ^For ^issues ^or ^suggestions ^please ^message ^nfl_gdt_bot.

^Last ^updated: ^2025-11-16_19:42:04.565205-05:00",63583.0,neutral,0.0,1.0,0.0,0.0
1oz0sc7,1763336117.0,301,0.99,2,,👻 ,894.0,neutral,0.0,0.0,0.0,0.0
1oyzh9q,1763332790.0,105,0.97,11,,[Highlight] Rams intercept Sam Darnold for the 2nd time ,1222.0,positive,0.0,1.0,0.0,0.0
1oyxw8w,1763328903.0,547,1.0,69,,ATLANTA LOSES their fifth in a row!!! EVERYONE GET IN HERE! Bryce Young is my second favorite quarterback this week!,38290.0,positive,0.174,0.702,0.124,-0.2962
1oywl8a,1763325765.0,650,0.91,128,,"Anyone wanna keep up the narrative we don’t have fans? You can officially shut up. Rams fans showed out for a huge divisional rivalry game. easily 70% rams fans, this is the last time I wanna hear people say we’re prone to being overtaken ",76304.0,positive,0.0,0.895,0.105,0.5719
1oywgo5,1763325462.0,107,0.96,21,,"[Highlight] Matthew Stafford in the Rams debut of the ""Midnight Mode"" NFL Nike Rivalries uniforms ",2260.0,positive,0.0,1.0,0.0,0.0
1oyvg23,1763323086.0,119,0.98,3789,,"Game Thread: Seattle Seahawks (7-2) at Los Angeles Rams (7-2) #Seattle Seahawks at Los Angeles Rams

[ESPN Gamecast](https://www.espn.com/nfl/game/_/gameId/401772884/seahawks-rams)

SoFi Stadium- Inglewood, CA

Network(s): FOX 

***

|Time Clock|
|:--:|
|Final|

**Scoreboard**

||Q1|Q2|Q3|Q4|Total|
|:--:|:--:|:--:|:--:|:--:|:--:|
|SEA|3|6|3|7|19|
|LAR|14|0|0|7|21|


**Scoring Plays**

| Team | Quarter | Type | Description |
|:--|:--|:--|:--|
| LAR | 1 | TD | Kyren Williams 1 Yd Rush (Harrison Mevis Kick) |
| SEA | 1 | FG | Jason Myers 57 Yd Field Goal |
| LAR | 1 | TD | Davante Adams 1 Yd pass from Matthew Stafford (Harrison Mevis Kick) |
| SEA | 2 | FG | Jason Myers 30 Yd Field Goal |
| SEA | 2 | FG | Jason Myers 22 Yd Field Goal |
| SEA | 3 | FG | Jason Myers 29 Yd Field Goal |
| LAR | 4 | TD | Colby Parkinson 6 Yd pass from Matthew Stafford (Harrison Mevis Kick) |
| SEA | 4 | TD | Kenneth Walker III 1 Yd Rush (Jason Myers Kick) |




**Passing Leaders**

|Team|Player|C/ATT|YDS|TD|INT|SACKS|
|:--|:--|--:|--:|--:|--:|--:|
| SEA | Sam Darnold | 29/44 | 279 | 0 | 4 | 0-0 |
| LAR | Matthew Stafford | 15/28 | 130 | 2 | 0 | 0-0 |

**Rushing Leaders**

|Team|Player|CAR|YDS|AVG|TD|LONG|
|:--|:--|--:|--:|--:|--:|--:|
| SEA | Kenneth Walker III | 16 | 67 | 4.2 | 1 | 25 |
| LAR | Kyren Williams | 12 | 91 | 7.6 | 1 | 34 |

**Receiving Leaders**

|Team|Player|REC|YDS|AVG|TD|LONG|TGTS|
|:--|:--|--:|--:|--:|--:|--:|--:|
| SEA | Jaxon Smith-Njigba | 9 | 105 | 11.7 | 0 | 28 | 12 |
| LAR | Puka Nacua | 7 | 75 | 10.7 | 0 | 19 | 8 |


***

Use [reddit-stream.com](https://reddit-stream.com/comments/auto) to get an autorefreshing version of this page

^This ^was ^created ^by ^a ^bot. ^For ^issues ^or ^suggestions ^please ^message ^nfl_gdt_bot.

^Last ^updated: ^2025-11-16_19:42:04.565205-05:00",441990.0,neutral,0.0,1.0,0.0,0.0
1oyunbu,1763321219.0,324,1.0,17,,"Puka, Matthew, and Kupp catching up before the game ",5832.0,positive,0.0,1.0,0.0,0.0
1oyu1q0,1763319798.0,830,0.99,22,,"My Heart…… Will
",18899.0,neutral,0.0,1.0,0.0,0.0
1oyr577,1763313059.0,396,0.99,34,,ITS MY BIRTHDAY BOYS AND ALL I WANT IS A RAMS WIN!!! RAMS UP BABY!!!! RAM IT!!!!,13721.0,positive,0.0,0.675,0.325,0.7405
1oyg1cr,1763280073.0,276,1.0,8,,"IT'S GAMEDAY, LADIES AND GENTLEMEN!!! Take back the NFC West!!!!",2484.0,positive,0.384,0.616,0.0,-0.765
1oy7mba,1763253149.0,112,0.98,6,,Saw this bad boy At The Wonders of Wildlife Museum. Who says Rams aren’t intimidating? ,768.0,positive,0.33,0.67,0.0,-0.7506
1oy7e7u,1763252543.0,115,1.0,4,,Sean McVay is (again) revolutionizing football. ,575.0,positive,0.0,1.0,0.0,0.0
1oy4ozt,1763245311.0,115,1.0,30,,A couple key stats going into tomorrow's game ,3565.0,neutral,0.0,1.0,0.0,0.0
1oxzyu2,1763233514.0,224,0.97,75,,Thoughts? Made this hat with an embroidery machine at home. What do you guys think?,16513.0,neutral,0.0,1.0,0.0,0.0
1oxxwar,1763228622.0,515,0.99,10,PHOTOS,"Landman is everywhere Collecting more land & billboards 
",5608.0,positive,0.0,1.0,0.0,0.0
1oxxkfe,1763227818.0,150,0.99,7,,"Awesome find in Bisbee, AZ Go Rams!!!!",1188.0,positive,0.0,0.532,0.468,0.7405
1oxw0m4,1763224164.0,131,1.0,6,,[College GameDay] Aaron Donald is returning to Pitt to be this week's guest picker and have his jersey retired [https://x.com/CollegeGameDay/status/1989061174843900334](https://x.com/CollegeGameDay/status/1989061174843900334),917.0,neutral,0.0,1.0,0.0,0.0
1oxfxff,1763173473.0,108,1.0,32,,"Costco SFV Woodland Hills, CA ",3564.0,neutral,0.0,1.0,0.0,0.0
1ox7evx,1763151655.0,103,0.9,21,,GLOCK 9 Original fan art work by me,2039.0,neutral,0.0,0.521,0.479,0.5574
1ox5qap,1763147803.0,159,0.96,9,HIGHLIGHTS,[Highlight] Breaking Down how Sean McVay and the Rams Offense Dominated the 49'ers Defense ,1526.0,neutral,0.129,0.774,0.097,-0.128
1ox38lj,1763142264.0,429,0.97,310,DISCUSSIONS,On a scale of 1-10 how confident you are about this game? ,129416.0,neutral,0.0,0.758,0.242,0.4939
1ox227v,1763139660.0,161,0.99,22,PHOTOS,"Puka Nacua Says Facing Cooper Kupp Will Feel “Foreign” in First Matchup Since Rams Exit https://sportscondensed.com/news/puka-nacua-says-facing-cooper-kupp-will-feel-foreign-in-first-matchup-since-rams-exit 
 -via Sports Condensed",3666.0,neutral,0.0,1.0,0.0,0.0
1own8ic,1763095320.0,373,0.99,28,,"Blake Corum has the highest rate of explosive runs in the NFL! Really cool stat that matches the eye test. Corum has been hitting at least a big run or two every game. I love our new backfield distribution. Feels like it has resulted in a slightly more spry Kyren as well.

If this run game continues, no reason this won’t be the best playoff offense in the NFL.",10709.0,neutral,0.053,0.746,0.201,0.9133
1own7p7,1763095244.0,106,0.99,7,NEWS,Listen to our conductor and his side quest! You can tell that he’s resting his back and enjoying his life! ,840.0,positive,0.0,0.827,0.173,0.6103
1owllun,1763090405.0,293,0.96,29,,"The Rams Own Tush Push? Source: [https://www.instagram.com/film.watchers1](https://www.instagram.com/film.watchers1) 

I can't really argue with this. Ever since the Jaguars game, the Rams in the red zone has been money.",8438.0,positive,0.0,0.917,0.083,0.3078
1owe336,1763070489.0,305,0.99,45,,Stafford wants AD back like the rest of us 🫡 ,13890.0,positive,0.0,0.762,0.238,0.3612
1owddev,1763068837.0,654,0.99,56,,"Look….I Hope This Man Gets a Standing Ovation on Sunday! I understand this is going to be the biggest division game in a long time, and tension/emotions will be running high. As soon as the first kickoff takes place, Kupp will obviously become the enemy.

With that being said I hope they give him a moment before the game for the fans to appreciate him in his first return. The man gave a ton to this team and was an intricate part of not just the SB season, but even bringing the Rams franchise from the darkness that was the pre-McVay era. He deserves his flowers.",36905.0,positive,0.045,0.886,0.069,0.1511
1owaybt,1763063273.0,284,1.0,15,,Can it be Sunday already?!!!! I’m ready to see this recreated with Verse & friends 🔥🔥🔥🔥 RAMS!!!,4544.0,positive,0.0,0.674,0.326,0.7762
1owa748,1763061534.0,127,0.99,4,SUB MASCOTS,Los Angles Rams Week 11 Matchup Doodle :) ,629.0,neutral,0.0,0.7,0.3,0.4588
1ow5j92,1763051167.0,349,1.0,8,HIGHLIGHTS,This slo-mo shot of Stafford’s sidearm sling last Sunday is so cool FT9,3141.0,positive,0.0,0.8,0.2,0.4572
1ovtl3a,1763014091.0,176,0.99,6,,Early Down Success of NFL Teams [https://xcancel.com/PFF\_Moo/status/1988352558000210118/photo/1](https://xcancel.com/PFF_Moo/status/1988352558000210118/photo/1),1220.0,neutral,0.0,0.619,0.381,0.5719
1ovra4p,1763006625.0,140,0.99,20,,V8 jawing with a fan after Forbes interception ,2911.0,neutral,0.0,0.723,0.277,0.3182
1ovpvdn,1763002568.0,313,0.99,11,MEMES,Nate Landman's PUNCHOUT!! (now with 100% less AI slop),3718.0,neutral,0.0,1.0,0.0,0.0
1ovpuxc,1763002535.0,121,0.96,15,,Still a long season ahead… but just imagine winning a SB in the whiners stadium this year 😂. Would officially have to rename it Sofi North! ,1859.0,positive,0.066,0.764,0.17,0.6114
1ovn0ia,1762994781.0,319,1.0,23,,Gameday Uniform - Midnight Mode 🌃 ,7656.0,neutral,0.0,1.0,0.0,0.0
1ovlc1n,1762990512.0,115,0.99,12,,Fresh pick up ❄️ ,1480.0,neutral,0.0,0.566,0.434,0.3182
1ovi6fs,1762983121.0,600,0.99,69,,What a beautiful sight ,41580.0,positive,0.0,0.339,0.661,0.5994
1ovhtxx,1762982337.0,103,0.88,91,DISCUSSIONS,"On this day 30 years ago, the Dome at America's Center, the home of the Rams from 1995 to 2015, opened its doors for the first time. Located next door to the America's Center convention center, the Rams played their home games at the Dome from its opening to 2015, during their tenure in St. Louis, Missouri. The Dome opened with [a 28-17 Rams victory against the Panthers](https://youtu.be/haPw_9W2TeM?si=UkcGhEx4_wAVeKQX); the Rams' last game at the Dome was [a 31-23 victory against the Buccaneers on December 17, 2015](https://youtu.be/NXWsaVBEhlQ?si=vgHqjXmC1Rc2XmAT). The Dome, which was known as the Trans World Dome from its opening until 2001 and the Edward Jones Dome from 2002 to 2016, is currently the home of the UFL's St. Louis Battlehawks, who began play in 2020.",8339.0,neutral,0.0,0.96,0.04,0.6322
1oveq3l,1762975420.0,336,0.99,30,,Time for our defense to get those sack numbers back up ,10312.0,neutral,0.0,0.87,0.13,0.128
1ovbf7x,1762968362.0,212,1.0,9,PHOTOS,Rams Hype Video for Seahawks game Saw this posted on TikTok. Man I’m even more hyped now ,2120.0,positive,0.0,1.0,0.0,0.0
1ov6xhr,1762958493.0,121,0.96,64,DISCUSSIONS,I screamed 'NO' at my computer when I saw the ttle on ESPN ,7550.0,neutral,0.187,0.813,0.0,-0.3182
1out1cj,1762914062.0,230,0.99,92,,Costco Starter Jacket A couple of weeks ago there was a post on this sub asking if any local Costcos were selling Rams starter jackets. Just wanted to give everyone a heads up that I finally found them at my local Costco! They won’t show up on the app so you’ll have to go in person to see if they’re available. ,21176.0,neutral,0.0,1.0,0.0,0.0
1our3dr,1762908755.0,418,0.99,43,,"I’m not worried about the Seahawks, just gotta bring back some memories ",18208.0,positive,0.0,0.854,0.146,0.2235
1ouqqyk,1762907831.0,125,0.98,14,DISCUSSIONS,"Can we give some extra appreciation to Dotson and Landman Kev Dotson has had some great PFF numbers and was absolutely outstanding against the Red/Gold Bums. And I just can't keep thinking of how much Landman and his punches have helped changed the course of the games. Landman also broke the franchise tackles record couple games ago, all for a cool $1M....",1838.0,positive,0.039,0.766,0.195,0.9041
1ouqmdj,1762907491.0,329,1.0,15,,Leads the league… in shimmy’s!,5264.0,neutral,0.0,1.0,0.0,0.0
1ounuem,1762900542.0,142,0.99,41,,"Favorite Cooper Kupp moment?? 44-yard reception from Matthew Stafford with 25 seconds left of the 4th quarter of the 2021 NFC Divisional playoffs against the defending Super Bowl Champion, Tampa Bay Buccaneers. ",5904.0,neutral,0.102,0.642,0.256,0.7735
1oumf3u,1762897211.0,122,0.96,40,,Should I get it or too much? ,4802.0,neutral,0.0,1.0,0.0,0.0
1ouhran,1762886787.0,365,0.99,49,,A special throwback to Cooper Kupp for his return to LA Sunday ,18068.0,positive,0.0,0.787,0.213,0.4019
1ouggzs,1762884006.0,378,0.98,66,,Joe Davis & Greg Olsen will be on the call for Rams/Seahawks on FOX ,24819.0,neutral,0.0,1.0,0.0,0.0
1oucawm,1762874788.0,294,0.99,34,,All the way up to #2 in ESPN PR We gotta take care of business against the Seahawks. They need humbled. The media hype for them is 🤢 but I love this spot! Rams!,10187.0,positive,0.0,0.78,0.22,0.8585
1ou20bj,1762841543.0,306,1.0,9,DISCUSSIONS,"Run defense appreciation post! I think the upgraded run defense has not been mentioned enough. They have held top tier RBs to less than 100 yards (except King Henry). CMC finished 30 and 50 on 2 games. Saquon less than 60. JTaylor less than 80. NONE of them scored a TD against us. We’re tied 1st with rushing TD allowed (3). I believe Ford, Landman and Lake is a great part of that. Credit to BY and V8 on keeping the edge and not overpersuiting the qb.
",3060.0,positive,0.0,0.834,0.166,0.92
1ou07vu,1762835559.0,906,0.98,55,,Aaron Donald talking that talk!! I love that our GOAT hates em just as much as we do 😂,49721.0,positive,0.128,0.661,0.211,0.4374
1otxtz6,1762828546.0,119,1.0,15,PHOTOS,"Our OL from KDot’s instagram post! A bend-but-not-break line is good when healthy! 
Need to have more guys in the next draft!!  ",1904.0,positive,0.0,0.737,0.263,0.7762
1otu08v,1762818261.0,353,1.0,18,,Tight end appreciation post ,6707.0,positive,0.0,0.476,0.524,0.5106
1otncqm,1762802893.0,150,1.0,52,,"Rams waive LS Alex Ward, sign LS Jake McQuaide from practice squad to active roster ",7950.0,neutral,0.0,0.838,0.162,0.4019
1otmo3n,1762801369.0,177,0.99,5,PHOTOS,"Since at least 1970, Matthew Stafford is the only QB to have 20+ passing TDs and 0 INTs over a 6-game span ",1051.0,neutral,0.0,1.0,0.0,0.0
1otkz1q,1762797751.0,449,0.98,176,,"Hypothetical Scenario: If Stafford wins MVP AND another SB, does he surpass Kurt Warner as the Rams greatest QB of all-time? Stafford would then have 2 SB’s to Kurt Warner’s 1, Warner would have two MVP’s to Stafford’s 1.

Thoughts??",77884.0,neutral,0.0,0.814,0.186,0.857
1otkbde,1762796355.0,139,0.99,19,DISCUSSIONS,"Stafford sets NFL Record never seen before ESPN Research, Matthew Stafford became the first QB ever with four touchdown passes and zero interceptions in three straight games",2752.0,neutral,0.0,0.932,0.068,0.2263
1otjtoc,1762795284.0,107,1.0,21,,"Notable PFF Grades from Win in Santa Clara: OL's Best Day of 2025? KDot 91.3\* 

McCollough 91.1 (15 snaps) 

Parkinson 89.7\^ 

Stafford 87.6 

Shelton 87.2+ 

Avila 86.5+ 

Alaric 81.7 

Puka 81.6 

Davante 81.4 

QLake 81.3 

TDavis 81.2 (second straight week 80+) 

\*Season-hi 

\^Best as a Ram 

\+Career-hi

",2354.0,neutral,0.0,0.813,0.187,0.872
1othw4i,1762791078.0,338,0.99,70,,It's Seahawks Week. It's the battle for 1st place in the NFC West. ,23758.0,neutral,0.39,0.61,0.0,-0.7925
1othoiu,1762790623.0,179,1.0,4,,It’s a glorious day Ramily ,895.0,positive,0.0,0.417,0.583,0.6369
1oth6zk,1762789523.0,305,0.98,7,,Just had to share this to the RAMILY! video via LA Rams Instagram.,2391.0,positive,0.0,0.828,0.172,0.3595
1otgck9,1762787601.0,382,0.99,10,MEMES,"Target Darnold locked, launch sequence initiated. And now we wait. Verse impact expected Sunday. 🚀",4160.0,neutral,0.0,1.0,0.0,0.0
1otgbp9,1762787547.0,537,0.99,57,DISCUSSIONS,"For the first time in his career, Matthew Stafford is .500 with a record of 115-115-1 ",30835.0,neutral,0.0,1.0,0.0,0.0
1ot91c6,1762765496.0,142,0.99,6,,Puka Appreciation from SEA ,984.0,positive,0.0,0.476,0.524,0.5106
1ot8tlq,1762764660.0,402,1.0,17,,Rams fans reactions ranked: ,7236.0,neutral,0.0,1.0,0.0,0.0
1ot7oh6,1762760196.0,398,0.99,44,MEMES,Harrison Mevis appreciation post 5/5 on PATs,17731.0,positive,0.0,0.645,0.355,0.5106
1ot4ke9,1762749164.0,325,1.0,12,PHOTOS,Davante Adams has 6 TDs in his last 3 games 😤 9 TDs for the season ,4225.0,neutral,0.0,1.0,0.0,0.0
1ot3otf,1762746364.0,121,1.0,5,MEMES,"""The Rams are peaking right now"" ",726.0,positive,0.0,1.0,0.0,0.0
1ot3kfw,1762746001.0,318,1.0,19,,MVP! Allen is out of the running. Taylor would have a shot but a RB has not won since Peterson in 2012. Maye is a legit contender but Stafford is going to be this years MVP. ,6360.0,positive,0.116,0.837,0.047,-0.5483
1ot2nnh,1762743267.0,134,1.0,2,,"Matthew Stafford becomes first player to record 4 TDs, O INTs for 3 straight games What impressed me more was Matthew gave a humble response when he was told about this record in the team presser. ""Happy to help the team win,"" was his response. 

Later Tom Brady declared him the LFG player of the Week for tonigh's impressive performance.


https://sportscondensed.com/news/matthew-stafford-achieves-rare-nfl-record",402.0,neutral,0.0,0.78,0.22,0.9287
1ot1azm,1762739362.0,273,0.99,41,DISCUSSIONS,Resign Landman now He been a game changer for us so can we please resign him ASAP. ,11351.0,positive,0.236,0.638,0.126,-0.3041
1ot0y4n,1762738353.0,125,1.0,3,,Good night rams fans 👏 ,500.0,positive,0.0,0.508,0.492,0.4404
1ot0pin,1762737650.0,982,0.99,21,PHOTOS,Someone likes the win today! Keep it up!,21388.0,positive,0.0,0.455,0.545,0.8011
1ot0bf1,1762736538.0,251,0.9,24,MEMES,Belt to ass ,5648.0,negative,0.636,0.364,0.0,-0.5423
1ot0669,1762736142.0,920,0.99,30,,Stafford Shimmmmy ,28235.0,positive,0.0,1.0,0.0,0.0
1oszrjc,1762735024.0,248,0.95,32,MEMES,Seattle… BE READY FOR THIS WHOPPING. LA COMING TO COLONIZE THE  NFC WEST🐏 ,7775.0,positive,0.237,0.589,0.173,-0.296
1oszoft,1762734780.0,135,0.99,5,PHOTOS,Matthew Stafford’s arm? Pure artillery. ,802.0,positive,0.0,1.0,0.0,0.0
1oszmal,1762734615.0,211,1.0,8,MEMES,Matthew Stafford Ladies and gentlemen ,1899.0,positive,0.0,1.0,0.0,0.0
1oszm5n,1762734606.0,536,0.99,29,,Matthew Stafford is the first player in NFL History with 4TD/0INT in 3 consecutive games. Let the MVP talk begin.,15919.0,positive,0.0,1.0,0.0,0.0
1oszges,1762734154.0,898,1.0,30,,BANG BANG LANDMAN GANG ,27838.0,positive,0.0,1.0,0.0,0.0
1oszfyo,1762734118.0,825,1.0,37,,VICTORY SHITPOST - BANG BANG ESCALATOR GANG (7-2) ,31350.0,positive,0.0,1.0,0.0,0.0
1oszfwp,1762734115.0,214,0.98,212,,"Post Game Thread: Los Angeles Rams at San Francisco 49ers #Los Angeles Rams at San Francisco 49ers

[ESPN Gamecast](https://www.espn.com/nfl/game/_/gameId/401772879/rams-49ers)

Levi's Stadium- Santa Clara, CA

Network(s): FOX 

***

|Time Clock|
|:--:|
|Final|

**Scoreboard**

||Q1|Q2|Q3|Q4|Total|
|:--:|:--:|:--:|:--:|:--:|:--:|
|LAR|14|7|7|14|42|
|SF|0|7|7|12|26|


**Scoring Plays**

| Team | Quarter | Type | Description |
|:--|:--|:--|:--|
| LAR | 1 | TD | Kyren Williams 2 Yd Rush (Harrison Mevis Kick) |
| LAR | 1 | TD | Puka Nacua 22 Yd pass from Matthew Stafford (Harrison Mevis Kick) |
| LAR | 2 | TD | Davis Allen 4 Yd pass from Matthew Stafford (Harrison Mevis Kick) |
| SF | 2 | TD | Jauan Jennings 6 Yd pass from Mac Jones (Eddy Pineiro Kick) |
| SF | 3 | TD | Brian Robinson Jr. 1 Yd Rush (Eddy Pineiro Kick) |
| LAR | 3 | TD | Davante Adams 2 Yd pass from Matthew Stafford (Harrison Mevis Kick) |
| SF | 4 | TD | Luke Farrell 9 Yd pass from Mac Jones (Eddy Pineiro PAT blocked) |
| LAR | 4 | TD | Kyren Williams 7 Yd Rush (Harrison Mevis Kick) |
| LAR | 4 | TD | Colby Parkinson 16 Yd pass from Matthew Stafford (Harrison Mevis Kick) |
| SF | 4 | TD | George Kittle 13 Yd pass from Mac Jones (Two-Point Pass Conversion Failed) |




**Passing Leaders**

|Team|Player|C/ATT|YDS|TD|INT|SACKS|
|:--|:--|--:|--:|--:|--:|--:|
| LAR | Matthew Stafford | 24/36 | 280 | 4 | 0 | 1-5 |
| SF | Mac Jones | 33/39 | 319 | 3 | 1 | 0-0 |

**Rushing Leaders**

|Team|Player|CAR|YDS|AVG|TD|LONG|
|:--|:--|--:|--:|--:|--:|--:|
| LAR | Kyren Williams | 14 | 73 | 5.2 | 2 | 12 |
| SF | Brian Robinson Jr. | 8 | 41 | 5.1 | 1 | 13 |

**Receiving Leaders**

|Team|Player|REC|YDS|AVG|TD|LONG|TGTS|
|:--|:--|--:|--:|--:|--:|--:|--:|
| LAR | Davante Adams | 6 | 77 | 12.8 | 1 | 23 | 8 |
| SF | George Kittle | 9 | 84 | 9.3 | 1 | 20 | 9 |


***

Use [reddit-stream.com](https://reddit-stream.com/comments/auto) to get an autorefreshing version of this page

^This ^was ^created ^by ^a ^bot. ^For ^issues ^or ^suggestions ^please ^message ^nfl_gdt_bot.

^Last ^updated: ^2025-11-09_19:52:15.636946-05:00",44670.0,neutral,0.0,1.0,0.0,0.0
1osz8j1,1762733539.0,181,1.0,14,MEMES,George Kittle and the Niners down 16 celebrating a touchdown with 3 minutes left ,2715.0,neutral,0.0,0.748,0.252,0.5719
1osz7kd,1762733466.0,110,0.91,79,,At least just wear one team's gear at a time 😑 ,8008.0,neutral,0.0,1.0,0.0,0.0
1osz5gj,1762733300.0,673,0.98,56,MEMES,Live look of the faithful at SoFi North ,37594.0,neutral,0.0,0.707,0.293,0.4404
1osz4ii,1762733228.0,181,0.99,17,,I hate the 49ers ,3225.0,negative,0.649,0.351,0.0,-0.5719
1osz3uk,1762733177.0,242,0.99,13,,MATTHEW JOHN STAFFORD MVP MVP MVP!!!!!,3354.0,positive,0.0,1.0,0.0,0.0
1osyuua,1762732510.0,118,1.0,10,,[Highlight] Forbes comes up with the ball on the deflection ,1298.0,neutral,0.0,1.0,0.0,0.0
1osxgtk,1762728887.0,1018,0.95,53,,WE OUT HERE! RAM IT ,52223.0,positive,0.0,1.0,0.0,0.0
1osx6wy,1762728200.0,361,1.0,7,MEMES,NO ONE IS SAFE FROM THE LANDMAN ,2888.0,positive,0.218,0.495,0.287,0.1779
1oswspz,1762727224.0,192,0.99,4,,😳😱 ,950.0,neutral,0.0,1.0,0.0,0.0
1oswlf8,1762726723.0,232,1.0,5,NEWS,Stafford reaches 400 pass TDs! HOF bound.,1392.0,positive,0.0,0.801,0.199,0.126
1osw5eb,1762725653.0,454,1.0,28,,Landman! One punch man again! This dude is an expert on punching out the ball.,13166.0,positive,0.0,1.0,0.0,0.0
1osvb6h,1762723653.0,111,1.0,5,,Rams House North 😌 ,666.0,positive,0.0,1.0,0.0,0.0
1ostlgs,1762719560.0,127,0.98,2771,,"Game Thread: Los Angeles Rams (6-2) at San Francisco 49ers (6-3) #Los Angeles Rams at San Francisco 49ers

[ESPN Gamecast](https://www.espn.com/nfl/game/_/gameId/401772879/rams-49ers)

Levi's Stadium- Santa Clara, CA

Network(s): FOX 

***

|Time Clock|
|:--:|
|Final|

**Scoreboard**

||Q1|Q2|Q3|Q4|Total|
|:--:|:--:|:--:|:--:|:--:|:--:|
|LAR|14|7|7|14|42|
|SF|0|7|7|12|26|


**Scoring Plays**

| Team | Quarter | Type | Description |
|:--|:--|:--|:--|
| LAR | 1 | TD | Kyren Williams 2 Yd Rush (Harrison Mevis Kick) |
| LAR | 1 | TD | Puka Nacua 22 Yd pass from Matthew Stafford (Harrison Mevis Kick) |
| LAR | 2 | TD | Davis Allen 4 Yd pass from Matthew Stafford (Harrison Mevis Kick) |
| SF | 2 | TD | Jauan Jennings 6 Yd pass from Mac Jones (Eddy Pineiro Kick) |
| SF | 3 | TD | Brian Robinson Jr. 1 Yd Rush (Eddy Pineiro Kick) |
| LAR | 3 | TD | Davante Adams 2 Yd pass from Matthew Stafford (Harrison Mevis Kick) |
| SF | 4 | TD | Luke Farrell 9 Yd pass from Mac Jones (Eddy Pineiro PAT blocked) |
| LAR | 4 | TD | Kyren Williams 7 Yd Rush (Harrison Mevis Kick) |
| LAR | 4 | TD | Colby Parkinson 16 Yd pass from Matthew Stafford (Harrison Mevis Kick) |
| SF | 4 | TD | George Kittle 13 Yd pass from Mac Jones (Two-Point Pass Conversion Failed) |




**Passing Leaders**

|Team|Player|C/ATT|YDS|TD|INT|SACKS|
|:--|:--|--:|--:|--:|--:|--:|
| LAR | Matthew Stafford | 24/36 | 280 | 4 | 0 | 1-5 |
| SF | Mac Jones | 33/39 | 319 | 3 | 1 | 0-0 |

**Rushing Leaders**

|Team|Player|CAR|YDS|AVG|TD|LONG|
|:--|:--|--:|--:|--:|--:|--:|
| LAR | Kyren Williams | 14 | 73 | 5.2 | 2 | 12 |
| SF | Brian Robinson Jr. | 8 | 41 | 5.1 | 1 | 13 |

**Receiving Leaders**

|Team|Player|REC|YDS|AVG|TD|LONG|TGTS|
|:--|:--|--:|--:|--:|--:|--:|--:|
| LAR | Davante Adams | 6 | 77 | 12.8 | 1 | 23 | 8 |
| SF | George Kittle | 9 | 84 | 9.3 | 1 | 20 | 9 |


***

Use [reddit-stream.com](https://reddit-stream.com/comments/auto) to get an autorefreshing version of this page

^This ^was ^created ^by ^a ^bot. ^For ^issues ^or ^suggestions ^please ^message ^nfl_gdt_bot.

^Last ^updated: ^2025-11-09_19:52:15.636946-05:00",345003.0,neutral,0.0,1.0,0.0,0.0
1ossfk3,1762716837.0,244,0.98,19,SUB MASCOT,Checking in from Sofi North! LFG RAMS! ,4782.0,positive,0.0,1.0,0.0,0.0
1osps78,1762710683.0,319,0.99,60,,FALCONS LOSE!!! Better than an early morning coffee? Better draft pick ,19264.0,neutral,0.19,0.442,0.369,0.5012
1ospry1,1762710667.0,140,0.97,19,,Atlanta drops another party!!!! I can smell the top 10 pic!!!!,2716.0,neutral,0.0,0.752,0.248,0.453
1osntgg,1762706094.0,108,0.97,30,NEWS,Is Jimmy Garoppolo ready for one more chance at a starting job? Read for free here: https://www.nytimes.com/athletic/6790713/2025/11/09/jimmy-garoppolo-rams-49ers-future-free-agency/,3248.0,neutral,0.0,0.616,0.384,0.796
1osmbr1,1762702543.0,142,0.97,6,,GAME DAY!!! F******** THE 49ERS!!!!! ,964.0,positive,0.0,1.0,0.0,0.0
1osdqe0,1762675379.0,129,0.98,12,,"LADIES AND GENTLEMEN, IT'S GAMEDAY!!! Let's Make It 3 Straight Wins at Levi's Stadium. ",1643.0,positive,0.0,0.629,0.371,0.7562
1os8mwy,1762658244.0,271,0.99,51,DISCUSSIONS,What grade does this Duo get so far? ,13951.0,neutral,0.0,1.0,0.0,0.0
1os5icu,1762649128.0,239,0.98,8,,"Played with Kobie Turner on Rocket League earlier today! ""Tryna get right b4 we go beat these 49ers"" 😂",2108.0,neutral,0.0,0.863,0.137,0.4003
1or8912,1762554260.0,107,1.0,12,,"another NFL First for the Thicker Kicker Evans weights 250

Mevis weighs 243\*

https://preview.redd.it/hcucyzppuwzf1.png?width=1254&format=png&auto=webp&s=fd8c0cc7a058524ac0ed0a603a2cb7bf2da9728a

Runner up is Sebastian Janikowski and Shane Lechler at 490lb",1391.0,neutral,0.0,1.0,0.0,0.0
1or7zwa,1762553653.0,148,0.97,67,DISCUSSIONS,This is rough ngl ,9762.0,negative,0.0,1.0,0.0,0.0
1or6gdy,1762549950.0,255,0.99,38,,Super Bowl run starts now 💪🏼💪🏼💪🏼 Lead us to the promised land Mevis!!,9846.0,positive,0.0,0.612,0.388,0.7896
1or4dzr,1762545142.0,163,0.99,21,,From ESPN ,3550.0,neutral,0.0,1.0,0.0,0.0
1or3a3n,1762542568.0,564,0.99,106,NEWS,New starting kicker!!! Excited to see what this guy can do ,59745.0,positive,0.0,0.753,0.247,0.5067
1or1smh,1762539228.0,267,1.0,36,DISCUSSIONS,Kyren Williams has rushed for 50+ yards in 22 straight games — no other player has an active streak over 5 games ,9879.0,neutral,0.092,0.714,0.193,0.34
1oqznee,1762534417.0,270,0.98,195,DISCUSSIONS,"On a scale of 1-10, how confident are you about this game? ",51862.0,neutral,0.0,0.758,0.242,0.4939
1oqb210,1762463421.0,179,1.0,17,NEWS,Jared Verse reveals cool details about how much Aaron Donald reaches out to help him Should the whole DL talk smack to get a workout with him? ,3222.0,neutral,0.0,0.788,0.212,0.6369
1oqathk,1762462895.0,173,0.99,22,,Gameday Uniform - White & Royal Fuck the whiners!!!,3939.0,positive,0.544,0.456,0.0,-0.7163
1oq4h8l,1762448625.0,571,0.99,31,,"Prayers to Kneeland’s loved ones and teammates Tragic. This brought tears to my eyes. 

We’re all football family here. If you’re struggling, talk to someone. Your people love you.

If you don’t want to “burden” them, talk to me. I’ll ALWAYS welcome new friends and talk football with you all day if I have to. Stay good to yourselves, Ramily.",18089.0,positive,0.101,0.657,0.242,0.8934
1oq0s43,1762440287.0,327,0.93,141,,"How good is it to be an LA sports fan right now? Rams are 6-2 (could be 8-0) and elite.
Dodgers are World Champions.
Lakers are 7-2 and Lebron isn’t even back yet.


In a dark world these three teams give me joy. Cue the Randy Newman!
",43184.0,positive,0.0,0.768,0.232,0.9134
1oplrvh,1762392796.0,210,1.0,45,RUMORS,Rams reportedly brought in Blankenship in addition to Mevis ,9660.0,neutral,0.0,1.0,0.0,0.0
1opcoh6,1762371152.0,294,0.97,46,,"(baow, baow, baow, baow, baow) Y’all some booty cheeks ",13403.0,negative,0.0,1.0,0.0,0.0
1op9bad,1762363970.0,403,1.0,101,NEWS,We signed a kicker ,41106.0,neutral,0.0,1.0,0.0,0.0
1op8x2d,1762363139.0,287,1.0,29,,"Brady-esque Stafford! https://sportscondensed.com/news/bill-belichick-says-matthew-stafford-is-aging-like-tom-brady
—via Sports Condensed",8610.0,positive,0.0,1.0,0.0,0.0
1op74n3,1762359284.0,707,1.0,25,,First time Verse has ever been speechless ,18382.0,neutral,0.0,1.0,0.0,0.0
1op6ent,1762357684.0,189,0.99,29,,Kevin Burkhardt and Tom Brady will be on the call for Rams/49ers on FOX (Red) Blue: Commanders-Lions,5613.0,neutral,0.0,1.0,0.0,0.0
1ooryt4,1762312369.0,108,1.0,36,DISCUSSIONS,"Biggest 3 game stretch of the season coming up 49ers, Seahawks, Bucs.

Rams have put themselves in great position being at 6-2 but these next 3 games will show us truly where we are with the big dogs of the NFC.

All 3 feel like a must win but I think 2-1 will be fine. Anything less and you’re likely looking at a road playoff game. 

Huge chance to get 2 division wins and 1 conference win against a likely division winner. Chance to go up essentially 2 games on the 49ers as well.

I believe in this team and staff to get it done. Going to be a fun November! LFG! ",3996.0,positive,0.044,0.613,0.343,0.9918
1oop2cv,1762304352.0,183,0.99,11,,Quality over quantity trades All this drama 🥱 rams won the deadline,2174.0,positive,0.0,0.73,0.27,0.5719
1oomqyt,1762298347.0,355,1.0,30,DISCUSSIONS,Just want to appreciate our punter Ethan Evans for his quiet but important punts to put us in good position on the field at different times! Probably one of the few guys from the special team who does pretty well with his job! Just do his job day-in & day-out.,11005.0,positive,0.0,0.676,0.324,0.9592
1ookb2k,1762292692.0,504,0.98,71,,Bout Time! We’re #1,35562.0,positive,0.0,1.0,0.0,0.0
1oojy45,1762291884.0,136,1.0,6,,"TFerg: I'd rather get guys water on the Rams than play more on a losing team What's up, Team. Like my children, I'm supposed to love all Rams Revealed episodes equally. But I think this one's special. Would you mind giving it a watch and sharing with those you think would enjoy it? Appreciate y'all, as always! ",952.0,neutral,0.027,0.63,0.343,0.9705
1ooicjq,1762288097.0,286,0.96,42,MEMES,"This Sunday, We Will Humble 49ers Fans 🔵🟡 ",11806.0,positive,0.0,1.0,0.0,0.0
1oofbqv,1762281414.0,102,1.0,28,,"Rams bringing back LS Jake McQuaide Cut OL Wyatt Bowles

https://x.com/AdamGrosbard/status/1985776924829106303",2958.0,neutral,0.174,0.826,0.0,-0.2732
1ooelki,1762279868.0,167,0.99,16,PHOTOS,Here's a clear and quality photo of Puka after catching a TD pass from Stafford and the Ramily roaring up behind! Courtesey of Brevin Townsell on the Rams website! Use it as a wallpaper as you wish!,2811.0,positive,0.0,0.838,0.162,0.7332
1ood2ru,1762276552.0,168,0.95,17,,"Make the call, Les ",2873.0,neutral,0.0,1.0,0.0,0.0
1ooc50o,1762274546.0,160,1.0,40,,What's your favorite Puka catch? ,6560.0,neutral,0.0,0.571,0.429,0.4588
1oobcro,1762272811.0,136,0.99,6,,Been repping my boys since 98 Still repping the old logo. I’d give anything to go back to it! ,942.0,neutral,0.0,1.0,0.0,0.0
1oo5siq,1762258731.0,102,0.98,25,,"Terrance Ferguson is Quietly Becoming a Key Weapon for This Offense I've been really impressed with rookie TE Terrance Ferguson over these last couple weeks. After dealing with injuries in training camp and preseason, he was flying under the radar, but he's starting to emerge as a legitimate playmaker for this Rams offense.

Look at his last two games:

* Week 7 @ JAX: 3 receptions, 31 yards, 1 TD
* Week 9 vs NO: 2 receptions, 54 yards

And his PFF grades have been trending up 85.2 overall last week, shows he's figuring it out.

What's getting me most excited is what he's doing on film:

As a receiver: He's making plays downfield. He's already shown he can beat safeties one-on-one on vertical routes and he's reliable in traffic.

As a run blocker: He's got this tenacity where he actually *wants* to put people in the dirt. It's not just going through the motions, he's driving defenders off the ball. Had a 77.2 PFF grade in the Jags game.

Lined up all over: H-back, slot receiver, traditional tight end position. McVay's using him everywhere, which means defenses can't scheme for him.

With Puka Nakua dealing with injuries, Ferguson could legitimately become a game-changer. He's got the skill set, the mentality, and the coaching staff clearly trusts him.

Anybody else seeing this breakout?",2599.0,positive,0.054,0.847,0.098,0.8775
1onx2rm,1762227147.0,220,0.98,64,,Sean McVay confirms they are making moves to tryout other kickers this week ,14014.0,neutral,0.0,1.0,0.0,0.0
1onuyxn,1762221197.0,171,1.0,4,,Rams media dropped the latest Stafford meme template ,855.0,neutral,0.0,1.0,0.0,0.0
1onu7aq,1762219086.0,122,1.0,55,,Are we going to end up with a top 10 pick? ,6832.0,neutral,0.0,0.833,0.167,0.2023
1onpzue,1762208461.0,223,1.0,15,,"With a win this week, Stafford will finally get to .500 career record (115-115-1) Lions  12 seasons (74-90-1)

Rams  5 seasons (40-25)",3568.0,neutral,0.0,0.833,0.167,0.5859
1onjmna,1762194294.0,516,0.98,68,,Is it time to start talking about it? Mathew Stafford is a legitimate MVP candidate. ,34892.0,positive,0.0,1.0,0.0,0.0
1onidw2,1762191682.0,106,0.98,12,PHOTOS,"Courtesy of 1st & Tuna, a Rams content creator and frequent poster here. This photo of Puka with Rams fans packing behind slaps hard!!!!! I hope this is allowed! What a wonderful and majestic photo here!   
We can dispute the caption that he's a king of LA, but this photo itself is awesome!",1350.0,positive,0.032,0.745,0.223,0.9005
1onhjv6,1762189882.0,102,0.99,7,,Jourdan Wrote A Poem About the Rams Good to see Jourdan talking about the Rams.,808.0,positive,0.0,0.818,0.182,0.4404
1ongp9j,1762188055.0,112,0.99,22,,"PFF grades from Rams 6th win: Tight End Takeover Puka 91.6 

DAllen 85.4 

TFerg 85.2\^ 

Stafford 85.0 

TDavis 83.5\^ 

Kinchens 81.9 

Davante 81.1 

Shelton 81.0\* 

Speights 77.9 

Kyren 75.6 



\*Season-high \^Career-high

[](https://x.com/JB_Long/status/1985385465063919807/photo/1)",2550.0,neutral,0.0,0.891,0.109,0.5859
1ong85w,1762187002.0,218,0.99,10,DISCUSSIONS,This is what I look forward to every week. Thank you Paul_McBellamy and Rockblazer23 I feel like the Rams association as a whole needs to embrace shrink the face based on how long it's been going on. Have they ever publicly acknowledged it?,2374.0,neutral,0.0,0.835,0.165,0.743
1onffvs,1762185275.0,367,0.99,80,,It's Whiners Week. Don't get swept. ,29430.0,positive,0.242,0.758,0.0,-0.1531
1onet53,1762183848.0,143,0.89,38,,"This Confuses Me - Help? How can the Rams have a higher probability of making the playoffs than do the Seahawks, when the Seahawks are higher seeded (as of today)?",4964.0,neutral,0.073,0.829,0.098,0.1926
1ondt6s,1762181576.0,134,1.0,5,,Stafford post game on his block for Blake Corum ,804.0,neutral,0.266,0.734,0.0,-0.4404
1on7ncv,1762163419.0,541,0.99,33,HIGHLIGHTS,Now that McVay has figured out how to use him Davante Adams is becoming the red zone threat we brought him here to be and now leads the NFL in receiving touchdowns. ,18210.0,positive,0.099,0.901,0.0,-0.5267
1on41tp,1762149308.0,422,0.96,37,MEMES,"Say it one more time, Brenda. ",15395.0,neutral,0.0,1.0,0.0,0.0
1on1gki,1762140729.0,206,1.0,20,,Love the effort but he's definitely to old for that ,4326.0,negative,0.0,0.565,0.435,0.7311
1omzant,1762134408.0,328,0.98,26,,Kobie throwing up the Dodgers Hit Celly?!?! ,8679.0,neutral,0.0,1.0,0.0,0.0
1omz9pj,1762134334.0,190,0.97,123,,What is Karty's future on this team? ,22853.0,neutral,0.0,1.0,0.0,0.0
1omy1vn,1762130905.0,179,0.99,5,,Nate Landman > Roman Reigns ,1063.0,neutral,0.0,1.0,0.0,0.0
1omxl20,1762129610.0,124,1.0,7,,"HC McVay on Puka Nacua's injury: ""I think he's going to be good. He got his ribs. He could have come back in the game, but we kind of had command. Felt like it was the smart thing."" ",992.0,neutral,0.043,0.761,0.196,0.7814
1omxa6y,1762128773.0,103,0.99,24,DISCUSSIONS,"Sean in post game sounds completely fed up with the FG operation, I think it’ll get fixed Title summed it up ",2549.0,neutral,0.0,1.0,0.0,0.0
1omwybj,1762127898.0,460,1.0,14,,VICTORY SHITPOST - WHEN THE RAMS GO MARCHING IN (6-2) ,6900.0,positive,0.0,1.0,0.0,0.0
1omwx9e,1762127817.0,679,1.0,16,MEMES,LANDMAN COLLECTS MORE LAND ,11543.0,neutral,0.0,1.0,0.0,0.0
1omw2yl,1762125552.0,491,1.0,24,,[Highlight] ONE PUNCH LANDMAN with another perfect peanut punch to force a fumble ,12275.0,neutral,0.0,0.748,0.252,0.5719
1omvxtf,1762125170.0,668,1.0,17,MEMES,Landman when he sees a ball carrier in his general vicinity ,12024.0,neutral,0.0,1.0,0.0,0.0
1omuvg3,1762122416.0,207,0.95,88,,Fix this shit! ASAP,17502.0,negative,0.565,0.435,0.0,-0.5983
1omue7v,1762121205.0,165,1.0,4,,[Highlight] Puka Nacua makes insane grab for Rams TD ,825.0,neutral,0.252,0.748,0.0,-0.4019
1omt0dy,1762117840.0,314,1.0,61,,Falcons lose another! Everyone get in here! We’re gonna have a top 10 pick from them!,19468.0,positive,0.195,0.707,0.098,-0.4168
1ompi44,1762109614.0,179,0.96,27,,FUCK THE NINERS!!!! That’s it. That’s the post. Rams by 100 today 💪🏼,4812.0,positive,0.31,0.69,0.0,-0.7507
1omjz2d,1762096786.0,386,0.96,105,MEMES,I feel like a chargers fan 😔 ,39279.0,negative,0.0,0.294,0.706,0.5859
1omjfre,1762095541.0,929,0.97,45,,"Clayton Keyshawn wearing a Rams hat during his post-game interviews last night… …obviously everyone knows about the Stafford connection, hopefully the city can add a superbowl to its World Series soon 🏈⚾️",41452.0,neutral,0.0,0.915,0.085,0.4019
1omau59,1762067035.0,144,0.99,15,,"IT'S GAMEDAY, LADIES AND GENTLEMEN!!!! ",2281.0,positive,0.0,1.0,0.0,0.0
1om8olg,1762059139.0,855,0.92,49,,"Congratulations, Dodgers!!!! Los Angeles is the city of Champions, once again. ",39330.0,positive,0.0,0.515,0.485,0.858
1olv1wp,1762021425.0,841,0.8,224,,"Rams fam, I know this isn’t a Dodgers sub, but let’s send some good vibes their way they’re gonna need it!!!!! ",151380.0,positive,0.0,0.782,0.218,0.72
1oley8u,1761970969.0,1365,0.99,35,MEMES,Rams rookie LB Shaun Dolac dressed up as Sean McVay for Halloween ,48649.0,neutral,0.0,1.0,0.0,0.0
1ol6u86,1761946212.0,142,0.99,7,PHOTOS,"Saw this flag hanging on the price sign of a Shell gas station in Garden Grove, CA, where I live! Don’t know why there were bottles below, but I hope there will be a different flag after winning an another Lombardi trophy! ",1125.0,neutral,0.0,0.799,0.201,0.876
1ol12qa,1761932328.0,104,0.97,25,,Greg Zuerlein sends the Rams to Super Bowl LIII. ,2623.0,positive,0.0,0.672,0.328,0.5994
1okkoi1,1761882731.0,173,0.99,25,NEWS,Puka has Baby Boy War Daddy is an actual daddy. Congrats to Puka! ,4453.0,positive,0.225,0.592,0.183,-0.2003
1okenfz,1761865710.0,470,0.87,53,PHOTOS,My Dorm Room 🐏 ,22081.0,neutral,0.0,1.0,0.0,0.0
1ok6si2,1761847056.0,358,0.99,18,,WHOSE OFFICE? ,6734.0,neutral,0.0,1.0,0.0,0.0
1ok6l46,1761846602.0,147,1.0,4,,Los Angeles Rams Week 9 Matchup Doodle (Halloween Edition) ,735.0,neutral,0.0,1.0,0.0,0.0
1ojky0k,1761782569.0,119,0.93,111,,Convince me this is not a Trap Game. The Rams always play up to the best and down to the least.  Please convince me this is not a Trap Game.,12395.0,neutral,0.052,0.56,0.387,0.8901
1ojduvn,1761765601.0,226,1.0,18,,Gameday Uniform - Royal & Sol ,4294.0,neutral,0.0,1.0,0.0,0.0
1ojcham,1761762533.0,222,0.99,43,,"MJD is thinking blowout, I hope he's right ",9670.0,neutral,0.0,0.674,0.326,0.4404
1ojc76q,1761761888.0,131,0.99,24,DISCUSSIONS,"Verse & BY Probably Happy AF in the Group Chat We're going to be having real discussions soon about how we're going to pay/keep all of our defensive difference-makers...

And there's also Puka's contract...

I love this squad and wish we could keep everyone, but I know that's not the reality.",3242.0,positive,0.0,0.849,0.151,0.705
1oja9z6,1761757701.0,174,0.98,16,PHOTOS,"Those new merch look fire! Rosey Grier, the only living member of the Fearsome Foursome, and V8, the member of our current DL.   
[https://www.instagram.com/p/DQZjBFkifpq/](https://www.instagram.com/p/DQZjBFkifpq/)",2899.0,positive,0.197,0.803,0.0,-0.6588
1oirdoi,1761700428.0,127,0.84,92,,How do we feel a out this? ,9921.0,neutral,0.0,1.0,0.0,0.0
1oie8ej,1761669253.0,184,0.99,72,NEWS,Saints to start QB Tyler Shough Week 9 vs. Rams. (via @rapsheet) 📸: Adrian Kraus/AP,13298.0,neutral,0.0,1.0,0.0,0.0
1ohwshp,1761615137.0,108,0.99,5,,Missin my rams G,642.0,neutral,0.0,1.0,0.0,0.0
1ohvxd9,1761612718.0,441,0.99,7,DISCUSSIONS,"If anyone remembers from last season’s playoffs, here is the GRAM-RAM. She has made it officially to another season! Here is her best “LA” gang sign uuuup haha. She is as bright as ever despite her COPD and being all skin and bones 😘. 

Think she could nab Ram fan of the year at a future rams game? (Here pictured without her Ram gear). ",3493.0,positive,0.0,0.823,0.177,0.9134
1ohswns,1761604817.0,214,0.98,14,PHOTOS,"Somebody called shot, and someone pulled the plug!!! They went with it 5 days later! 
Edit: Pulled the trigger!!!",3146.0,neutral,0.0,1.0,0.0,0.0
1ohp4q2,1761595910.0,151,0.98,86,NEWS,[Schefter] Rams placed WR Tutu Atwell on injured reserve. Per X.,12874.0,neutral,0.213,0.787,0.0,-0.4019
1ohndy1,1761592002.0,202,0.97,30,,Can Someone Explain To Me Why The Titans Accepted This Trade? It doesn’t make sense to me.,6074.0,neutral,0.0,0.884,0.116,0.2732
1ohmald,1761589543.0,248,1.0,25,,"[Grosbard] Rams WR Puka Nacua (ankle) is expected to practice Wednesday and play this week, Sean McVay says ",6448.0,neutral,0.0,0.876,0.124,0.34
1ohm4zh,1761589198.0,122,0.98,15,,The Roger McCreary Los Angeles Rams TRADE Is HIGHWAY Robbery... | Rams News | Ramily!! Watch this and you’ll see what he brings to the table. Snead & Mcvay liked what they saw when we played the Titans week 2 and made it happen. Horns up Ramily!! ,1913.0,positive,0.0,0.866,0.134,0.7482
1ohkw54,1761586470.0,186,0.99,7,,First look at Roger Mcreary in horns! ,1473.0,neutral,0.0,1.0,0.0,0.0
1ohk1sx,1761584618.0,359,0.99,110,NEWS,"[Schefter] Trade: Titans are sending CB Roger McCreary to the Rams for a conditional 5th/6th round pick swap, per sources. Conditions: Titans get 5th-round pick closer to the beginning of the round, which most likely be Titans original 5th round pick. Rams receive the 6th-round pick that is closet to the end of the round.  Titans currently have three 6th-round picks.

Per X.",39451.0,neutral,0.0,0.964,0.036,0.3182
1ohhtus,1761579682.0,324,0.99,52,PHOTOS,Game Room Work in progress but thought I’d use the Bye to show my Rams Game Room. ,17000.0,neutral,0.0,0.894,0.106,0.2263
1ohgoja,1761577133.0,439,0.98,97,,It's Saints week. ,42162.0,neutral,0.0,1.0,0.0,0.0
1ogyubv,1761520160.0,123,0.96,1,,Bwahahahabahahaha! ,236.0,neutral,0.0,1.0,0.0,0.0
1ogx31y,1761515549.0,510,0.97,31,,Sorry I'm late! Time to start the music! ,15830.0,neutral,0.212,0.788,0.0,-0.2225
1ogus43,1761509878.0,762,0.99,56,,Did we just win our bye? ,43000.0,neutral,0.0,0.568,0.432,0.5859
1ogun78,1761509545.0,184,0.94,9,,"Bwahahaha! 49ers are now in 2nd place behind the Rams, as it should be. Proper order in the universe has now been restored. ",1730.0,positive,0.0,0.891,0.109,0.4003
1ogui8i,1761509216.0,1494,0.93,113,,49ers LOSE PARTY 🥳🐏 ,158394.0,positive,0.387,0.226,0.387,0.0
1ogszeg,1761505555.0,157,1.0,20,,Texans & Dolphins doing the Lords work on this great Sunday 🙏🏻🙏🏻🙏🏻🙏🏻🙏🏻🙏🏻🙏🏻🙏🏻🙏🏻🙏🏻🙏🏻🙏🏻,3297.0,positive,0.0,0.672,0.328,0.7073
1ogsyjx,1761505500.0,280,0.97,22,,Fuck the niners Im thoroughly enjoying the Texans beating the niners,6247.0,negative,0.357,0.44,0.203,-0.4228
1ogrh68,1761502021.0,145,1.0,9,PHOTOS,"Happy Sunday & Weekend from V8!!! 8, 0, 91, 95, 55, 53, 48, 56, 37, and 90!!!!!!!!",1450.0,neutral,0.0,0.755,0.245,0.7067
1ogmir6,1761490187.0,307,0.96,35,,Go Texans Go FTN!!!,10610.0,neutral,0.0,1.0,0.0,0.0
1oglx8g,1761488682.0,343,0.99,48,MEMES,During Rams bye week ,16639.0,neutral,0.0,1.0,0.0,0.0
1og6lie,1761437139.0,121,1.0,11,,Quentin Lake has played really well over the first 7 weeks of the season Is there anyone else on the team that's had a underrated performance?,1452.0,neutral,0.0,0.821,0.179,0.5849
1og0xmi,1761421995.0,140,0.99,72,,The time is coming. Which of our 2023 picks gets the bag this off season and how much do we think? ,10118.0,neutral,0.0,1.0,0.0,0.0
1ofyh35,1761415951.0,132,0.97,22,,"Per Diana Russini: “The Ravens, Colts, Lions and Rams are making calls for a corner.” It’s buried deep in the full article. But Rams are at least actively searching for CB help.",2945.0,neutral,0.0,0.817,0.183,0.7579
1of9sq5,1761340833.0,117,0.98,6,,Rams-Jags International matchup averaged 5.26M viewers for NFL Network ,803.0,neutral,0.0,1.0,0.0,0.0
1of4q17,1761328730.0,115,0.99,9,,"Stafford and mcvay commercial Just saw this commercial on comedy central 

https://youtu.be/-66xnq7FPkM?si=SPERJcNVmYo_08M9",1138.0,neutral,0.0,0.815,0.185,0.3612
1oelmf1,1761271181.0,216,0.95,23,PHOTOS,"I love how online Rams president Kevin Demoff is! I see his tweets from time to time, and some are quite direct & vocal in a way that a team’s president doesn’t always do. Maybe that’s just me!",4925.0,neutral,0.0,0.87,0.13,0.6988
1oefazx,1761253787.0,389,0.98,48,,Rich Eisen laying out how this season will get Stafford into the HoF ,18680.0,neutral,0.0,0.769,0.231,0.5574
1odz4qh,1761213244.0,142,1.0,13,DISCUSSIONS,"The Rams defense has given just one TD in their opponents’ last 27 drives (over 170 min of game time) Of those 27 drives, the defense has:
(5) 3 and outs
(1) INT
(2) fumble recoveries
(8) turnovers on downs",1988.0,neutral,0.0,0.925,0.075,0.25
1odntze,1761175459.0,609,0.98,67,,Look at that DEFENSE 💪🏼 ,40584.0,positive,0.0,0.642,0.358,0.3034
1odlv7o,1761170349.0,204,0.99,15,,[Mic'd Up] Travis Hunter meets up with Matthew Stafford and Davante Adams postgame ,3231.0,neutral,0.0,1.0,0.0,0.0
1od798a,1761137098.0,187,1.0,15,,Marshall! Marshall! Marshall! (In my Chris Berman voice) what a privilege it was watching this guy growing up. Could take it to the house on any given play 🔥🔥🔥,2992.0,positive,0.0,0.77,0.23,0.7562
1octnlh,1761092377.0,306,0.99,29,,Went with a classic for my next jersey! The (hopefully soon to be) hall of famer!,9088.0,positive,0.0,1.0,0.0,0.0
1ocji9o,1761068392.0,231,0.95,35,,"If eagles can have Brandon Graham back, can we have Aaron Donald back please? Brandon Graham returns to Eagles: Impact on pass rush, trade deadline plans - CBS Sports https://share.google/Snw2t47HPJKhhtj6j

AD99 please! Imagine the hype and fear put back into the league. ",7900.0,positive,0.069,0.824,0.106,0.1759
1oc6hn2,1761031552.0,159,0.99,47,,NFC West standings after week 7. ,7556.0,neutral,0.47,0.53,0.0,-0.6633
1oc3mpp,1761021222.0,138,0.99,45,DISCUSSIONS,"McVay’s statement is interesting here. Any thoughts? I know that it was situational at best, but the execution went pretty well which caught the opponent off guard. That doesn’t make games easier, but given the hint of something like 12-personnel, I find the openness and adaptability encouraging and commendable from McVay, who has something up his sleeve!",6285.0,neutral,0.0,0.641,0.359,0.9784
1obx0cz,1761002147.0,193,0.93,31,,Joe buck talking about Goff all night ,5744.0,neutral,0.0,1.0,0.0,0.0
1obwbm3,1761000389.0,134,0.97,28,,The offensive scheme McVay rolled out against us was honestly a masterclass in game planning ,3769.0,positive,0.167,0.667,0.167,0.0
1obsccw,1760991075.0,158,1.0,20,,The offensive scheme McVay rolled out against the Jaguars was honestly a masterclass in game planning This guy did a great job calling out how McVay completely caught the Jaguars on their heals with 13 personnel packages.,3318.0,positive,0.071,0.76,0.169,0.6249
1obrd2p,1760988927.0,103,0.98,5,,"Touchdown Celebrations What a great day yesterday at Wembley. It was my 5th time seeing the Rams in London, but I took my girlfriend for the first time. She was proudly wearing her Donald 99 jersey (who else?) and now she is hooked! 

Managed to get a nice action shot of one of the Touchdown celebrations from Adams and co. 

Go Rams!",606.0,positive,0.0,0.827,0.173,0.9142
1obqa07,1760986501.0,142,0.99,12,PLAYER STATISTICS,"Fun fact: Stafford is the 4th QB in the Super Bowl Era to have 5+ passing TDs and fewer than 200 passing yards in a game The 3 others were: 

1. Jameis Winston (148 passing yards) in 2021: [https://www.pro-football-reference.com/boxscores/202109120nor.htm](https://www.pro-football-reference.com/boxscores/202109120nor.htm)
2. Lamar Jackson (169 passing yards) in 2019: [https://www.pro-football-reference.com/boxscores/201911250ram.htm](https://www.pro-football-reference.com/boxscores/201911250ram.htm)
3. Boomer Esiason (197 passing yards) in 1989: [https://www.pro-football-reference.com/boxscores/198910290cin.htm](https://www.pro-football-reference.com/boxscores/198910290cin.htm)

([Source](https://stathead.com/tiny/R833G/reddit))",1828.0,neutral,0.0,0.882,0.118,0.802
1obhmzt,1760963106.0,173,0.99,9,,"First Rams game experience As an Irish fan, finally got to experience my first NFL/Rams game.
Started it off by going to the “Feed the Yak” bar where the international Rams fans were set up. Must say the outfits and costumes were amazing and really set the mood for the game to come.

Inside the stadium I have to say the rams fans really did get loud for the team on scores and big plays, much better than the Jags fans despite being their home game.

Really really enjoyed the game, felt absolutely privileged to get to watch it and I hope the team gets more international games in the future.

And to cap it all off we really did put belt to as*, Stafford really is him 🥲🐏
",1713.0,positive,0.0,0.851,0.149,0.9636
1obgqpc,1760960409.0,151,0.99,11,,Met Kelly Stafford before the London game ,1794.0,neutral,0.0,1.0,0.0,0.0
1ob999u,1760930338.0,163,0.98,57,,YOU HAD ONE JOB RAHEEM!!! BEAT THE FN NINERS!  That is all :-).  ,9265.0,negative,0.0,1.0,0.0,0.0
1ob82cv,1760926744.0,163,0.98,2,,Are you not entertained!! My man had a game today 💪🏼 ,479.0,positive,0.24,0.76,0.0,-0.4295
1ob4452,1760915523.0,228,0.99,12,,"Full English breakfast, anyone? ",2934.0,neutral,0.0,1.0,0.0,0.0
1oazeh8,1760903852.0,153,0.96,15,,Davante Adams just scored the same number of touchdowns as Puka scored all of last season. This is why we were so excited to get him this year. Here’s to a lot more end zone catches moving forward. ,2350.0,positive,0.0,0.888,0.112,0.5293
1oaytee,1760902466.0,130,0.99,8,,So happy right now on the way home from Wembley (3rd Adams TD view from row 4) ,1158.0,positive,0.0,0.8,0.2,0.6115
1oayok0,1760902156.0,266,1.0,7,,"What an experience Great game, great win.

No BS, just ball from our boys. 💙💛 

Greetings from London ✊🤝",2128.0,positive,0.071,0.452,0.477,0.9274
1oaxsz2,1760900103.0,165,0.92,5,,Ferg is the name ,911.0,neutral,0.0,1.0,0.0,0.0
1oawb6w,1760896679.0,196,0.99,11,PHOTOS,"No 12, no problem because we have the same but different 9 & 17! Still love our Puka tho!!!!!! Courtesy of the NFL on FOX!",2328.0,positive,0.152,0.541,0.307,0.8469
1oav1a1,1760893692.0,421,1.0,15,,Can we somehow get this plastered all over the sub? ,6736.0,neutral,0.0,1.0,0.0,0.0
1oauxdh,1760893438.0,268,1.0,11,,Say it with me 🗣️ MVP!!! MVP!!! MVP!!!,3216.0,positive,0.0,1.0,0.0,0.0
1oaup4n,1760892903.0,637,0.99,38,,VICTORY SHITPOST - INTERNATIONAL DUB (5-2) ,24595.0,positive,0.0,1.0,0.0,0.0
1oaul78,1760892639.0,125,0.96,165,,"Post Game Thread: Los Angeles Rams at Jacksonville Jaguars #Los Angeles Rams at Jacksonville Jaguars

[ESPN Gamecast](https://www.espn.com/nfl/game/_/gameId/401772635/rams-jaguars)



Network(s): NFL Net NFL+ 

***

|Time Clock|
|:--:|
|Final|

**Scoreboard**

||Q1|Q2|Q3|Q4|Total|
|:--:|:--:|:--:|:--:|:--:|:--:|
|LAR|14|7|0|14|35|
|JAX|0|0|0|7|7|


**Scoring Plays**

| Team | Quarter | Type | Description |
|:--|:--|:--|:--|
| LAR | 1 | TD | Konata Mumpfield 5 Yd pass from Matthew Stafford (Joshua Karty Kick) |
| LAR | 1 | TD | Davante Adams 2 Yd pass from Matthew Stafford (Joshua Karty Kick) |
| LAR | 2 | TD | Davante Adams 1 Yd pass from Matthew Stafford (Joshua Karty Kick) |
| LAR | 4 | TD | Terrance Ferguson 31 Yd pass from Matthew Stafford (Joshua Karty Kick) |
| JAX | 4 | TD | Travis Hunter 34 Yd pass from Trevor Lawrence (Cam Little Kick) |
| LAR | 4 | TD | Davante Adams 1 Yd pass from Matthew Stafford (Joshua Karty Kick) |




**Passing Leaders**

|Team|Player|C/ATT|YDS|TD|INT|SACKS|
|:--|:--|--:|--:|--:|--:|--:|
| LAR | Matthew Stafford | 21/33 | 182 | 5 | 0 | 0-0 |
| JAX | Trevor Lawrence | 23/48 | 296 | 1 | 0 | 7-32 |

**Rushing Leaders**

|Team|Player|CAR|YDS|AVG|TD|LONG|
|:--|:--|--:|--:|--:|--:|--:|
| LAR | Kyren Williams | 12 | 54 | 4.5 | 0 | 10 |
| JAX | Travis Etienne Jr. | 8 | 44 | 5.5 | 0 | 13 |

**Receiving Leaders**

|Team|Player|REC|YDS|AVG|TD|LONG|TGTS|
|:--|:--|--:|--:|--:|--:|--:|--:|
| LAR | Colby Parkinson | 3 | 47 | 15.7 | 0 | 23 | 3 |
| JAX | Travis Hunter | 8 | 101 | 12.6 | 1 | 34 | 14 |


***

Use [reddit-stream.com](https://reddit-stream.com/comments/auto) to get an autorefreshing version of this page

^This ^was ^created ^by ^a ^bot. ^For ^issues ^or ^suggestions ^please ^message ^nfl_gdt_bot.

^Last ^updated: ^2025-10-19_13:20:59.901481-04:00",19920.0,neutral,0.02,0.98,0.0,-0.5994
1oaui04,1760892431.0,1134,0.98,49,MEMES,LANDMAN COLLECTS MORE LAND ,55566.0,positive,0.0,1.0,0.0,0.0
1oau7fi,1760891743.0,462,1.0,30,,Stafford has his 5th passing TD of the game! And Davante his third! 5 passing TDs is an international record!,14322.0,positive,0.0,1.0,0.0,0.0
1oatnkh,1760890445.0,423,1.0,19,,Terrance Ferguson’s first TD!! Great day for the rookies,8460.0,positive,0.0,0.631,0.369,0.6892
1oashkk,1760887679.0,170,1.0,9,,"First Rams game in London - so happy right now Screaming my lungs out for our Defense- but sincerely the Jags fans aren't showing up. 

Horns up \@/",1700.0,positive,0.054,0.695,0.25,0.7558
1oaqcue,1760882391.0,266,0.99,11,,"FROM NOW ON, YOU SHALL HENCEFORTH BE KNOWN AS PUMPFIELD ",3160.0,positive,0.0,1.0,0.0,0.0
1oaomvq,1760877652.0,761,1.0,36,MEMES,Me this morning ,28157.0,neutral,0.0,1.0,0.0,0.0
1oaob0b,1760876671.0,140,0.99,2134,,"Game Thread: Los Angeles Rams (4-2) at Jacksonville Jaguars (4-2) #Los Angeles Rams at Jacksonville Jaguars

[ESPN Gamecast](https://www.espn.com/nfl/game/_/gameId/401772635/rams-jaguars)



Network(s): NFL Net NFL+ 

***

|Time Clock|
|:--:|
|Final|

**Scoreboard**

||Q1|Q2|Q3|Q4|Total|
|:--:|:--:|:--:|:--:|:--:|:--:|
|LAR|14|7|0|14|35|
|JAX|0|0|0|7|7|


**Scoring Plays**

| Team | Quarter | Type | Description |
|:--|:--|:--|:--|
| LAR | 1 | TD | Konata Mumpfield 5 Yd pass from Matthew Stafford (Joshua Karty Kick) |
| LAR | 1 | TD | Davante Adams 2 Yd pass from Matthew Stafford (Joshua Karty Kick) |
| LAR | 2 | TD | Davante Adams 1 Yd pass from Matthew Stafford (Joshua Karty Kick) |
| LAR | 4 | TD | Terrance Ferguson 31 Yd pass from Matthew Stafford (Joshua Karty Kick) |
| JAX | 4 | TD | Travis Hunter 34 Yd pass from Trevor Lawrence (Cam Little Kick) |
| LAR | 4 | TD | Davante Adams 1 Yd pass from Matthew Stafford (Joshua Karty Kick) |




**Passing Leaders**

|Team|Player|C/ATT|YDS|TD|INT|SACKS|
|:--|:--|--:|--:|--:|--:|--:|
| LAR | Matthew Stafford | 21/33 | 182 | 5 | 0 | 0-0 |
| JAX | Trevor Lawrence | 23/48 | 296 | 1 | 0 | 7-32 |

**Rushing Leaders**

|Team|Player|CAR|YDS|AVG|TD|LONG|
|:--|:--|--:|--:|--:|--:|--:|
| LAR | Kyren Williams | 12 | 54 | 4.5 | 0 | 10 |
| JAX | Travis Etienne Jr. | 8 | 44 | 5.5 | 0 | 13 |

**Receiving Leaders**

|Team|Player|REC|YDS|AVG|TD|LONG|TGTS|
|:--|:--|--:|--:|--:|--:|--:|--:|
| LAR | Colby Parkinson | 3 | 47 | 15.7 | 0 | 23 | 3 |
| JAX | Travis Hunter | 8 | 101 | 12.6 | 1 | 34 | 14 |


***

Use [reddit-stream.com](https://reddit-stream.com/comments/auto) to get an autorefreshing version of this page

^This ^was ^created ^by ^a ^bot. ^For ^issues ^or ^suggestions ^please ^message ^nfl_gdt_bot.

^Last ^updated: ^2025-10-20_09:04:56.267155-04:00",295911.0,neutral,0.02,0.98,0.0,-0.5994
1oalpvu,1760867645.0,350,1.0,11,,Ramily representing in London Great turnout by Ram fans that made it to London and Tory Holt was pouring drinks at the bar last night!!🍻🍻,4200.0,positive,0.0,0.837,0.163,0.6892
1oaizfp,1760857020.0,103,0.98,4,PHOTOS,"It's gameday! See you at Wembley! If you see me there today, say Hi!",505.0,neutral,0.0,1.0,0.0,0.0
1oab0l8,1760831005.0,184,0.93,92,DISCUSSIONS,"Non-rams fan here, has Stafford actually been crazy good or are the stats lying here? I'm not watching Rams games (except for SF-LAR), but the numbers Matt's got seem insane from an outsider perspective, especially since the Rams are pretty much contenders in the NFC. All I'm saying is, he's got:

- 1684 passing yards (almost 300 ypg)
- 2 ints (tied for 2nd least interceptions thrown by a starter qb)
- 12 td (top 5 itl)
- 67% completion percentage 
- 4th best ratio of TD-INT

Like, these are insane numbers for a quarterback, especially one that has been in the league for so long, arguably being top 5, possibly being the second best quarterback in the league (though that might be somewhat of a reach), even with Puka, these numbers are crazy. But do they actually matter when in game?
",15914.0,neutral,0.139,0.702,0.159,0.5095
1oa94xs,1760825902.0,257,1.0,32,,Ready for that 6:30 am start ,8481.0,neutral,0.0,0.667,0.333,0.3612
1oa0gb9,1760805340.0,206,0.87,65,,Now the Niners DT can’t punch Kyren in the face to cause fumbles 🙄 ,11829.0,negative,0.0,1.0,0.0,0.0
1o9nkxp,1760765587.0,1005,0.98,65,,Can he play WR too? ,65003.0,neutral,0.0,0.625,0.375,0.34
1o9jlu5,1760752705.0,174,0.94,39,PHOTOS,"Feel Like Bone Is Underrated Managed to snag this for around $65! Have never paid more than $80-$90 for any of the jerseys I have pictured as I wait for sales. All except the pre-2020 uni-change AD jersey are vapor limited/FUSE limited, imo way better than the game quality and fit wise. ",6542.0,positive,0.033,0.773,0.194,0.8553
1o97udz,1760722654.0,169,0.87,310,DISCUSSIONS,What is the most popular sport team globally that comes from Los Angeles? ,45726.0,neutral,0.0,0.795,0.205,0.4754
1o94jvt,1760715192.0,111,0.98,76,,"Puka Ruled Out Knew it would happen but now it is official.  How we feeling? Wittington break out game? Does Tay put the team on his back?

I'm happy to get Puka some rest and to recover but I did want him to stay on track for a 2k yard season.",8376.0,neutral,0.0,0.84,0.16,0.8312
1o8lmrs,1760657153.0,319,0.97,24,,Oh? ,7736.0,neutral,0.0,1.0,0.0,0.0
1o8d3jw,1760637042.0,206,1.0,7,,Los Angeles Rams Week 7 London Games Matchup Doodle :) ,1648.0,positive,0.0,0.727,0.273,0.4588
1o8bpup,1760634024.0,275,0.99,21,,Coming to a QB near you 🐂💪🏼 ,5990.0,positive,0.0,1.0,0.0,0.0
1o8bm3i,1760633802.0,284,0.93,65,,These got to be the most hideous combo in history. ,17432.0,negative,0.0,1.0,0.0,0.0
1o89ei6,1760628901.0,152,1.0,23,,"London NFL Pop-Up Shop I heard the merch lines were hours long at the games in the UK.  Got an email about this shop.  We walked in when it opened and nobody was there but the cashier said there will be a line to get in later in the day and they run out out of certain items.   LFG Rams!!!

Address:  5-7 Carnaby St, Carnaby, London W1F 9PB, UK",3648.0,positive,0.0,0.949,0.051,0.5463
1o7scly,1760575348.0,126,0.99,15,,Gameday Uniform - White & Royal ,1996.0,neutral,0.0,1.0,0.0,0.0
1o7ospt,1760566152.0,269,0.99,58,,Rich Eisen and Kurt Warner will be on the call for Rams/Jags on NFL Network ,15712.0,neutral,0.0,0.795,0.205,0.5574
1o7jwry,1760554847.0,227,0.98,41,,Let's see the boys get an overseas W ,9343.0,positive,0.0,1.0,0.0,0.0
1o6jf70,1760457464.0,263,0.97,57,,Falcons vs 49ers week ,14796.0,neutral,0.0,1.0,0.0,0.0
1o6je1d,1760457395.0,481,1.0,47,,[Mic'd Up] Puka Nacua motivates teammates on sidelines ,23088.0,positive,0.0,1.0,0.0,0.0
1o655mz,1760413415.0,190,1.0,5,,Best wr in the league ,1140.0,positive,0.0,0.488,0.512,0.6369
1o6544d,1760413291.0,887,1.0,31,,Ugly game but a win is a win 4-2 ,28384.0,positive,0.13,0.242,0.628,0.882
1o5yra3,1760395532.0,220,0.83,98,DISCUSSIONS,"Why Joshua Karty missed the 25 yard field goal. I would LOVE to see someone recreate this play in an indoor field. Anyways, there's a GOOD ASS reason Sean McVay still wants to keep Karty.",18077.0,positive,0.141,0.612,0.247,0.708
1o5xq06,1760392950.0,147,0.98,139,,"McVay: ""The protection on kicks was terrific vs Baltimore.  The execution is a problem but Karty is someone I'm ready to stick with."" Looks like we are sticking with Karty for the time being.  ",20168.0,neutral,0.047,0.736,0.217,0.7717
1o5tqke,1760384045.0,156,1.0,3,SOCIAL MEDIA,"The GOAT loves it!!!! We're doing well to make him retire deservingly, aren't we?",624.0,positive,0.0,0.633,0.367,0.7887
1o5s8vq,1760380825.0,727,0.99,35,,Nate Landman has set the Rams franchise record for tackles in a game (17) 🐏 ,25910.0,positive,0.0,1.0,0.0,0.0
1o5qwvm,1760377994.0,103,1.0,33,,Mcvay: Puka Nacua is day-to-day and felt good coming in on Monday https://www.facebook.com/share/r/17VhkaPQH4/,3502.0,neutral,0.0,0.805,0.195,0.4404
1o5mzdc,1760369562.0,266,0.95,226,,"On a scale of 1 to 10, how worried should we be about Karty? ",57363.0,neutral,0.167,0.833,0.0,-0.296
1o5lh8y,1760366263.0,218,1.0,68,,It's Jaguars Week. ,15042.0,neutral,0.0,1.0,0.0,0.0
1o5l23u,1760365305.0,230,0.99,63,,"Puka likely to miss next week against Jacksonville, per RapSheet ",14573.0,neutral,0.151,0.849,0.0,-0.1531
1o5l0uu,1760365227.0,105,1.0,32,,"Dolac, McClendon Earn Career-High PFF Grades Notable PFF grades from a Rams win in Baltimore:

Captain Q - 87.3

Dolac - 84.2\*

DWill - 80.8\^

Landman - 78.3

Stewart - 77.6

Forbes - 76.3\^

McClendon - 75.9\*

Kyren - 75.5

Verse - 74.9

KDot - 74.4

Alaric - 73.7

\*Career-high

\^Season-high",3465.0,neutral,0.0,0.907,0.093,0.5859
1o5jr99,1760362195.0,356,1.0,13,,went to my first rams game yesterday! had an absolute blast. fans were great and it was seriously so much better than watching on tv,4984.0,positive,0.054,0.704,0.242,0.7827
1o54mlk,1760313181.0,255,0.98,38,VIDEOS,"Verse’s impressive take to shred blockers to stop Henry from running By far the key stop of this game! It says a lot about our defense’s ability to do so this season that stops further bleeding. It’s not just this game only.
Source: ramsdayeveryday on Instagram! ",9746.0,positive,0.126,0.767,0.107,0.2924
1o54gqu,1760312715.0,151,0.94,61,DISCUSSIONS,"49ers LB Fred Warner Out For Season Damn!

  
9ers getting hit hard with the injury bug,

Broken ankle.

",8800.0,negative,0.424,0.576,0.0,-0.8516
1o548ad,1760312055.0,435,0.96,61,,Really lame for the refs to take this play from V8. He clearly got the ball out before the play was called dead. ,25891.0,negative,0.22,0.536,0.244,-0.0498
1o53yh9,1760311304.0,151,1.0,3,MEMES,Nate Landman anytime he sees an undersized receiver with one hand on the ball ,604.0,positive,0.0,0.802,0.198,0.4939
1o52tb9,1760308246.0,446,1.0,37,,VICTORY SHITPOST - THE BONE ZONE STRIKES BACK (4-2) ,16948.0,positive,0.316,0.684,0.0,-0.4995
1o522s3,1760306374.0,529,1.0,26,,Nate Landman I was very skeptical when we signed him. But man has he brought a physical nature to a position of major need of the last few years. I have such an appreciation for this guy! ,14283.0,positive,0.048,0.826,0.126,0.6053
1o50sxm,1760303235.0,740,1.0,23,MEMES,LANDMAN CLAIMS MORE LAND ,17760.0,positive,0.0,1.0,0.0,0.0
1o5076q,1760301821.0,213,1.0,25,,"Nate Landman & Quentin Lake are playing All Pro Football These guys get 0 credit in national media. Even locally I don’t hear enough about Lake specifically. These guys are playing their position at about the highest level possible.

Not to mention they’re not taking up a significant part of the cap, and are playing at the 2nd and 3rd level (not necessarily our strongest side of the D).

Just wanted to show those two some love.",5538.0,positive,0.019,0.798,0.183,0.9101
1o504kd,1760301646.0,276,0.92,144,,"Who should we bring in for kicker tryouts? Younghoe Koo is the only guy that comes to mind for me. Bring him in to at very least push Karty in practice. Figure out who looks better by next Sunday. 

Anyone else floating out there with a solid track record as a kicker?",36818.0,neutral,0.0,0.908,0.092,0.594
1o4zt49,1760300916.0,109,0.96,17,,Damn One sided ,1884.0,neutral,0.574,0.426,0.0,-0.4019
1o4zbvh,1760299817.0,593,0.99,43,PHOTOS,Credit is where it's due! Kyren with a great catch! Courtesy of the Los Angeles Rams! ,25831.0,positive,0.0,0.544,0.456,0.8772
1o4zbr0,1760299810.0,108,0.99,8,,"Rams Win! Rammy Rammy Dance! Good night, Ravens!

17-3 Rams!!

(I’m about to get so downvoted but it’s all good 😂)",962.0,positive,0.0,0.658,0.342,0.8544
1o4yywy,1760298968.0,198,1.0,9,PLAYER STATISTICS,"Matthew Stafford Passes Dan Marino for 9th on NFL’s All-Time Passing List — 🐐 https://sportscondensed.com/news/matthew-stafford-passes-dan-marino-for-9th-on-nfl-s-all-time-passing-list 
 -via Sports Condensed",1980.0,positive,0.0,1.0,0.0,0.0
1o4yxkw,1760298884.0,1061,0.98,49,MEMES,Nice we won ,51989.0,positive,0.0,0.133,0.867,0.7579
1o4ywhr,1760298816.0,105,0.96,180,,"Post Game Thread: Los Angeles Rams at Baltimore Ravens #Los Angeles Rams at Baltimore Ravens

[ESPN Gamecast](https://www.espn.com/nfl/game/_/gameId/401772855/rams-ravens)

M&T Bank Stadium- Baltimore, MD

Network(s): FOX 

***

|Time Clock|
|:--:|
|Final|

**Scoreboard**

||Q1|Q2|Q3|Q4|Total|
|:--:|:--:|:--:|:--:|:--:|:--:|
|LAR|0|3|14|0|17|
|BAL|3|0|0|0|3|


**Scoring Plays**

| Team | Quarter | Type | Description |
|:--|:--|:--|:--|
| BAL | 1 | FG | Tyler Loop 37 Yd Field Goal |
| LAR | 2 | FG | Joshua Karty 36 Yd Field Goal |
| LAR | 3 | TD | Kyren Williams 3 Yd Rush (Joshua Karty Kick) |
| LAR | 3 | TD | Tyler Higbee 8 Yd pass from Matthew Stafford (Joshua Karty Kick) |




**Passing Leaders**

|Team|Player|C/ATT|YDS|TD|INT|SACKS|
|:--|:--|--:|--:|--:|--:|--:|
| LAR | Matthew Stafford | 17/26 | 181 | 1 | 0 | 2-14 |
| BAL | Cooper Rush | 11/19 | 72 | 0 | 1 | 0-0 |

**Rushing Leaders**

|Team|Player|CAR|YDS|AVG|TD|LONG|
|:--|:--|--:|--:|--:|--:|--:|
| LAR | Kyren Williams | 13 | 50 | 3.8 | 1 | 13 |
| BAL | Derrick Henry | 24 | 122 | 5.1 | 0 | 12 |

**Receiving Leaders**

|Team|Player|REC|YDS|AVG|TD|LONG|TGTS|
|:--|:--|--:|--:|--:|--:|--:|--:|
| LAR | Tyler Higbee | 4 | 40 | 10.0 | 1 | 24 | 4 |
| BAL | Zay Flowers | 6 | 46 | 7.7 | 0 | 18 | 10 |


***

Use [reddit-stream.com](https://reddit-stream.com/comments/auto) to get an autorefreshing version of this page

^This ^was ^created ^by ^a ^bot. ^For ^issues ^or ^suggestions ^please ^message ^nfl_gdt_bot.

^Last ^updated: ^2025-10-12_16:24:35.630151-04:00",18245.0,neutral,0.0,1.0,0.0,0.0
1o4yhqb,1760297860.0,175,0.99,9,PHOTOS,My view of today’s game from the nosebleeds ,1732.0,neutral,0.0,1.0,0.0,0.0
1o4xhmn,1760295534.0,245,1.0,11,SHITPOSTS,LandMan Punch! ,2940.0,positive,0.0,1.0,0.0,0.0
1o4wmff,1760293544.0,442,0.99,40,,Proposed goal post change (just when Karty kicks). ,17941.0,neutral,0.0,1.0,0.0,0.0
1o4ss8s,1760284747.0,149,0.97,19,,McVay’s gameday fits are next level ,2891.0,positive,0.0,1.0,0.0,0.0
1o4smlz,1760284370.0,120,0.96,3549,,"Game Thread: Los Angeles Rams (3-2) at Baltimore Ravens (1-4) #Los Angeles Rams at Baltimore Ravens

[ESPN Gamecast](https://www.espn.com/nfl/game/_/gameId/401772855/rams-ravens)

M&T Bank Stadium- Baltimore, MD

Network(s): FOX 

***

|Time Clock|
|:--:|
|Final|

**Scoreboard**

||Q1|Q2|Q3|Q4|Total|
|:--:|:--:|:--:|:--:|:--:|:--:|
|LAR|0|3|14|0|17|
|BAL|3|0|0|0|3|


**Scoring Plays**

| Team | Quarter | Type | Description |
|:--|:--|:--|:--|
| BAL | 1 | FG | Tyler Loop 37 Yd Field Goal |
| LAR | 2 | FG | Joshua Karty 36 Yd Field Goal |
| LAR | 3 | TD | Kyren Williams 3 Yd Rush (Joshua Karty Kick) |
| LAR | 3 | TD | Tyler Higbee 8 Yd pass from Matthew Stafford (Joshua Karty Kick) |




**Passing Leaders**

|Team|Player|C/ATT|YDS|TD|INT|SACKS|
|:--|:--|--:|--:|--:|--:|--:|
| LAR | Matthew Stafford | 17/26 | 181 | 1 | 0 | 2-14 |
| BAL | Cooper Rush | 11/19 | 72 | 0 | 1 | 0-0 |

**Rushing Leaders**

|Team|Player|CAR|YDS|AVG|TD|LONG|
|:--|:--|--:|--:|--:|--:|--:|
| LAR | Kyren Williams | 13 | 50 | 3.8 | 1 | 13 |
| BAL | Derrick Henry | 24 | 122 | 5.1 | 0 | 12 |

**Receiving Leaders**

|Team|Player|REC|YDS|AVG|TD|LONG|TGTS|
|:--|:--|--:|--:|--:|--:|--:|--:|
| LAR | Tyler Higbee | 4 | 40 | 10.0 | 1 | 24 | 4 |
| BAL | Zay Flowers | 6 | 46 | 7.7 | 0 | 18 | 10 |


***

Use [reddit-stream.com](https://reddit-stream.com/comments/auto) to get an autorefreshing version of this page

^This ^was ^created ^by ^a ^bot. ^For ^issues ^or ^suggestions ^please ^message ^nfl_gdt_bot.

^Last ^updated: ^2025-10-12_16:24:35.630151-04:00",408960.0,neutral,0.0,1.0,0.0,0.0
1o4sagp,1760283593.0,160,1.0,28,,Heading into enemy territory today B’more is cool though. No Rams harassment that I've seen. ,4640.0,neutral,0.409,0.489,0.102,-0.7845
1o4qtn8,1760280117.0,113,0.99,28,,Can we just… WIN COMFORTABLY TODAY!!! I’m close to investing in a heart fibrillator from this year already 😭 ,3244.0,negative,0.0,0.627,0.373,0.8733
1o4ie7o,1760252488.0,121,1.0,11,,"LADIES AND GENTLEMEN, IT'S GAMEDAY!!! Roast Those Ravens!!!",1452.0,positive,0.0,1.0,0.0,0.0
1o4a4pi,1760225595.0,131,0.99,6,,It Gets Loud in the Rams’ House! I occasionally do art on ig @lillman.art,908.0,positive,0.0,1.0,0.0,0.0
1o44g4d,1760210871.0,169,0.98,44,,Kevin Burkhardt & Tom Brady have the call for Rams/Ravens tomorrow on FOX (Red) 🔴 Rams @ Ravens🔵 Cowboys @ Panthers🟢 Titans @ Raiders (LATE) (+HI)🟡 Seahawks @ Jaguars (+AK)🟠 Cardinals @ Colts,7453.0,neutral,0.0,1.0,0.0,0.0
1o3hrs9,1760142698.0,236,1.0,16,,Just got my Verse rivalry jersey Such an awesome jersey to have in the collection. Looks even better in person,4012.0,positive,0.0,0.72,0.28,0.7906
1o3d9st,1760130932.0,445,1.0,48,,Steven Jackson! Big SJ39 is eligible for the 2026 hall of fame. One of my favorite Rams of all time ,21805.0,positive,0.0,0.744,0.256,0.7345
1o3aqn9,1760125100.0,176,0.97,8,,Los Angeles Rams Week 6 Matchup Doodle :) ,1536.0,neutral,0.0,0.667,0.333,0.4588
1o2s27w,1760072646.0,359,0.96,14,MEMES,Rams could learn something ,5170.0,neutral,0.0,1.0,0.0,0.0
1o2qtz5,1760068687.0,289,0.96,22,,"Successful Philly hate watch Successful Philly hate watch

Washed away that 9ers loss",6381.0,positive,0.383,0.316,0.3,-0.2732
1o2pv72,1760065716.0,219,0.97,41,MEMES,"On one hand, this is hilarious and I love it. On the other hand, it would mean we lost to a team that lost to the Giants.. ",8922.0,neutral,0.125,0.515,0.36,0.8658
1o2oi4c,1760061704.0,265,0.94,85,,"The Rams have been avenged, Phuck Philly! LETS GO DODGERS!!!  ONTO THE NLCS!!!

PHUCK PHILLY",21423.0,positive,0.0,1.0,0.0,0.0
1o2d3yp,1760032928.0,224,0.98,42,,Gameday Uniform - The Bone Zone ,9439.0,neutral,0.0,1.0,0.0,0.0
1o27vnt,1760021187.0,187,0.96,32,,We're def gettin the W in this situation ,5924.0,positive,0.0,1.0,0.0,0.0
1o1rsyc,1759969180.0,193,0.75,164,,"Eric Dickerson on Bad Bunny performing the SB Halftime Show: ""If you don't like the US get your ass out of here"" ",23884.0,neutral,0.324,0.676,0.0,-0.8446
1o1paf8,1759962358.0,138,0.89,37,,"Still very annoyed we lost to the 9ers last Thursday Title says it.

They got national media talking about Shanahan being COTY when all they did dink and dunk on us cause we couldn’t cover underneath.

Let’s get a damn CB",4667.0,negative,0.181,0.819,0.0,-0.7996
1o1i71f,1759947141.0,320,0.99,69,,"Just get it done, please ",22176.0,negative,0.0,0.635,0.365,0.3182
1o1hnbe,1759945969.0,149,0.93,56,PLAYER STATISTICS,"Kyren Williams has logged 50+ yards from scrimmage in 33 consecutive games, the longest active streak in the NFL ",7898.0,neutral,0.0,0.87,0.13,0.4019
1o0ynem,1759890439.0,442,1.0,9,,"Happy birthday, Super Bowl Champion, Tutu Atwell. ",4420.0,positive,0.0,0.258,0.742,0.91
1o0voxs,1759882105.0,196,1.0,11,SOCIAL MEDIA,K Dot’s story on Instagram! Dude loves being a Ram!,2352.0,positive,0.0,0.62,0.38,0.6467
1o0nsnh,1759863476.0,141,0.98,53,DISCUSSIONS,"Came across this tweet today, and he's right! Any additional thoughts? I'll add that there should be less incomplete passes, stupid penalties, and better coverage outside soft zone or whatever it is because as soon as teams go for the passing game, it's atrocious to see how exposed we're! ",7462.0,neutral,0.093,0.853,0.054,-0.2779
1o0ih3x,1759852034.0,122,0.98,36,,Coach Mcvay I listen to that podcast he does with JB Long every week and man after some of these crushing close losses he always seems to make me feel better and ready to go for the next game. Got me thinking that if he leaves the organization it would never be the same. ,4424.0,neutral,0.087,0.822,0.091,0.0516
1o0f7pz,1759844760.0,140,0.97,114,,"Best Rams jersey? This has probably been asked, but I want to know. Which era of Rams jersey is your favorite??

1. Eric Dickerson era/early St Louis era 

2. Navy/Gold era - Marshall Faulk is pictured, of course

3. Current era jersey - our boy Tyler Higbee needed to be featured in here too! 

My personal favorite, the Eric Dickerson era. Those jerseys popped under the lights! ",15617.0,positive,0.0,0.82,0.18,0.9213
1o08o8x,1759824109.0,308,1.0,12,PHOTOS,Met Ahkello Witherspoon at my work the other night!! Such a cool dude… wish he didn’t get hurt … told him we needed him back asap he said “I’m getting there” ,4004.0,positive,0.097,0.743,0.16,0.2924
1p447vt,1763846036.0,89960,0.99,21,MEMES,Feeling honored they “used” the meme  Social media teams definitely check Reddit too haha.,1959329.0,positive,0.0,0.476,0.524,0.875
1p447vt,1763847680.0,13000,0.99,21,MEMES,Feeling honored they “used” the meme  To preface the title for the post they used gets cut off,283140.0,neutral,0.094,0.67,0.237,0.4939
1p447vt,1763849210.0,6760,0.99,21,MEMES,Feeling honored they “used” the meme  Absolutely deserved! What a dawg,147233.0,positive,0.0,0.589,0.411,0.68
1p447vt,1763862227.0,4160,0.99,21,MEMES,Feeling honored they “used” the meme  Landman can set his sights on acquiring Australia next year. ,90605.0,positive,0.0,0.725,0.275,0.6486
1p447vt,1763845883.0,5720,0.99,21,MEMES,Feeling honored they “used” the meme  Huh,124582.0,neutral,0.0,0.485,0.515,0.6486
1p447vt,1763855005.0,1040,0.99,21,MEMES,Feeling honored they “used” the meme  LETS GOOO!  Love our FO,22651.0,positive,0.0,0.45,0.55,0.8687
1p447vt,1763859860.0,1040,0.99,21,MEMES,Feeling honored they “used” the meme  I’ve never seen a guy who earned a big mid season extension more than Landman.  I expect there to be a Captain’s C on his jersey next year!,22651.0,positive,0.0,0.828,0.172,0.68
1p447vt,1763899778.0,1040,0.99,21,MEMES,Feeling honored they “used” the meme  Bro I can smell the ring….,22651.0,positive,0.0,0.629,0.371,0.6486
1p447vt,1763864576.0,520,0.99,21,MEMES,Feeling honored they “used” the meme  I was right!,11326.0,positive,0.0,0.518,0.482,0.68
1p447vt,1763869804.0,520,0.99,21,MEMES,Feeling honored they “used” the meme  Awesome job Landman! BTW wonder who will be extended next?!,11326.0,positive,0.0,0.566,0.434,0.8745
1p40rjp,1763838126.0,26068,1.0,44,PHOTOS,"This slaps! Source:https://www.latimes.com/sports/rams/story/2025-11-22/rams-pass-rushing-stars-new-fearsome-foursome by Gary Klein, the LA Rams writer for the LA Times.
  They’ve been quiet lately. Hope they come alive against them Bucs",1173060.0,positive,0.0,0.799,0.201,0.6996
1p40rjp,1763840932.0,11704,1.0,44,PHOTOS,"This slaps! Source:https://www.latimes.com/sports/rams/story/2025-11-22/rams-pass-rushing-stars-new-fearsome-foursome by Gary Klein, the LA Rams writer for the LA Times.
  I know everyone wants more sacks but the pressures and run stopping is bailing our secondary out a lot this year. Love this.",526680.0,positive,0.113,0.745,0.142,0.501
1p40rjp,1763837200.0,30324,1.0,44,PHOTOS,"This slaps! Source:https://www.latimes.com/sports/rams/story/2025-11-22/rams-pass-rushing-stars-new-fearsome-foursome by Gary Klein, the LA Rams writer for the LA Times.
  Need more sacks",1364580.0,positive,0.0,1.0,0.0,0.0
1p40rjp,1763838023.0,7448,1.0,44,PHOTOS,"This slaps! Source:https://www.latimes.com/sports/rams/story/2025-11-22/rams-pass-rushing-stars-new-fearsome-foursome by Gary Klein, the LA Rams writer for the LA Times.
  This is amazing",335160.0,positive,0.0,0.796,0.204,0.6239
1p40rjp,1763840202.0,6384,1.0,44,PHOTOS,"This slaps! Source:https://www.latimes.com/sports/rams/story/2025-11-22/rams-pass-rushing-stars-new-fearsome-foursome by Gary Klein, the LA Rams writer for the LA Times.
  I’m old enough to have watched those OG guys. They were badass together but alas, never had a winning season.

1963-1966: The Rams did not have a great record in the four years the original ""Fearsome Foursome"" played together.

1967: Rosey Grier (ruptured Achilles tendon) was replaced by Roger Brown. The Rams finished the season with an 11-1-2 record under coach George Allen, which was the best they had during the ""Fearsome Foursome"" era and ranked first in the NFL in points allowed.

Dick Butkus called them “the most dominant line in football history.”",287280.0,positive,0.181,0.729,0.09,-0.9011
1p40rjp,1763846098.0,2128,1.0,44,PHOTOS,"This slaps! Source:https://www.latimes.com/sports/rams/story/2025-11-22/rams-pass-rushing-stars-new-fearsome-foursome by Gary Klein, the LA Rams writer for the LA Times.
  I saw the fearsome foursome in the Colosseum! Amazing group!",95760.0,positive,0.095,0.74,0.165,0.4545
1p40rjp,1763850678.0,1596,1.0,44,PHOTOS,"This slaps! Source:https://www.latimes.com/sports/rams/story/2025-11-22/rams-pass-rushing-stars-new-fearsome-foursome by Gary Klein, the LA Rams writer for the LA Times.
  They’re not leading the league in sacks, but we have a legit group of game wreckers that generate pressure, disrupt passing lanes, and shut down top running games regularly. They’ve been a fun group to watch. And the best part is how young this group is, I hope we keep them together but I’m willing to bet we’ll have to let at least one of them go unless we get some serious home town discounts",71820.0,positive,0.042,0.793,0.165,0.9365
1p40rjp,1763853429.0,1596,1.0,44,PHOTOS,"This slaps! Source:https://www.latimes.com/sports/rams/story/2025-11-22/rams-pass-rushing-stars-new-fearsome-foursome by Gary Klein, the LA Rams writer for the LA Times.
  Sacks don't matter. We weren't a big sack team last year and still dominated. I'm not tripping on stats, all that matters is the low scores from others and Winning!",71820.0,positive,0.067,0.825,0.108,0.4423
1p40rjp,1763859647.0,1596,1.0,44,PHOTOS,"This slaps! Source:https://www.latimes.com/sports/rams/story/2025-11-22/rams-pass-rushing-stars-new-fearsome-foursome by Gary Klein, the LA Rams writer for the LA Times.
  I’m just still ecstatic we resigned Landman ",71820.0,positive,0.081,0.773,0.146,0.3802
1p40rjp,1763840727.0,2128,1.0,44,PHOTOS,"This slaps! Source:https://www.latimes.com/sports/rams/story/2025-11-22/rams-pass-rushing-stars-new-fearsome-foursome by Gary Klein, the LA Rams writer for the LA Times.
  We need to bring back those white horns.",95760.0,positive,0.0,1.0,0.0,0.0
1p40rjp,1763841038.0,1064,1.0,44,PHOTOS,"This slaps! Source:https://www.latimes.com/sports/rams/story/2025-11-22/rams-pass-rushing-stars-new-fearsome-foursome by Gary Klein, the LA Rams writer for the LA Times.
  If the original is the Fearsome Foursome, what is the nickname for the 2025 DLine Men?",47880.0,neutral,0.09,0.841,0.069,-0.1759
1p40rjp,1763846973.0,1064,1.0,44,PHOTOS,"This slaps! Source:https://www.latimes.com/sports/rams/story/2025-11-22/rams-pass-rushing-stars-new-fearsome-foursome by Gary Klein, the LA Rams writer for the LA Times.
  Ram It",47880.0,positive,0.0,1.0,0.0,0.0
1p40rjp,1763856891.0,1064,1.0,44,PHOTOS,"This slaps! Source:https://www.latimes.com/sports/rams/story/2025-11-22/rams-pass-rushing-stars-new-fearsome-foursome by Gary Klein, the LA Rams writer for the LA Times.
  😤😤😤",47880.0,neutral,0.0,1.0,0.0,0.0
1p40rjp,1763865463.0,1064,1.0,44,PHOTOS,"This slaps! Source:https://www.latimes.com/sports/rams/story/2025-11-22/rams-pass-rushing-stars-new-fearsome-foursome by Gary Klein, the LA Rams writer for the LA Times.
  Damn it, time… you’ve done it again, you flat, circular bitch! So what nickname does this d-line get?

1. Rush Hour (you’re going nowhere, fast)
2. The Great Wall
3. The Blue Meanies
4. Assault & Battery
(Feel free to come up with more, I’m drawing blanks now hahaha)",47880.0,negative,0.145,0.757,0.098,-0.5399
1p40rjp,1763885648.0,1064,1.0,44,PHOTOS,"This slaps! Source:https://www.latimes.com/sports/rams/story/2025-11-22/rams-pass-rushing-stars-new-fearsome-foursome by Gary Klein, the LA Rams writer for the LA Times.
  I love these! Old school photo.",47880.0,positive,0.0,0.79,0.21,0.6988
1p40rjp,1763910590.0,532,1.0,44,PHOTOS,"This slaps! Source:https://www.latimes.com/sports/rams/story/2025-11-22/rams-pass-rushing-stars-new-fearsome-foursome by Gary Klein, the LA Rams writer for the LA Times.
  Great photos.",23940.0,positive,0.0,0.774,0.226,0.6588
1p3y9sx,1763831128.0,333162,0.99,136,NEWS,"[Schefter] Rams signed LB Nate Landman to a contract extension, per @_SportsTrust. Per X and SportsTrust Advisors. Details to come.

UPDATE: 3 year, $22.5M contract extension per Schefter CALL THIS LAND EXPANSION!!!! NOT EVEN THE LOUISIANA PURCHASE WAS AS GOOD A DEAL AS THIS!",45186762.0,positive,0.0,0.89,0.11,0.7004
1p3y9sx,1763831107.0,156123,0.99,136,NEWS,"[Schefter] Rams signed LB Nate Landman to a contract extension, per @_SportsTrust. Per X and SportsTrust Advisors. Details to come.

UPDATE: 3 year, $22.5M contract extension per Schefter LOCK HIM IN 🔒💪",21174962.0,positive,0.0,1.0,0.0,0.0
1p3y9sx,1763831207.0,138195,0.99,136,NEWS,"[Schefter] Rams signed LB Nate Landman to a contract extension, per @_SportsTrust. Per X and SportsTrust Advisors. Details to come.

UPDATE: 3 year, $22.5M contract extension per Schefter Guess you can say we are Land locked now

![gif](giphy|lA5c3zWtgIIvBUpvKt|downsized)",18743388.0,neutral,0.0,1.0,0.0,0.0
1p3y9sx,1763831270.0,122508,0.99,136,NEWS,"[Schefter] Rams signed LB Nate Landman to a contract extension, per @_SportsTrust. Per X and SportsTrust Advisors. Details to come.

UPDATE: 3 year, $22.5M contract extension per Schefter https://preview.redd.it/5ojefoqxbu2g1.jpeg?width=1080&format=pjpg&auto=webp&s=78d2c7f04b7fe0fe951a23c7aa1aa1e9e0246a96",16615760.0,positive,0.0,1.0,0.0,0.0
1p3y9sx,1763831399.0,112050,0.99,136,NEWS,"[Schefter] Rams signed LB Nate Landman to a contract extension, per @_SportsTrust. Per X and SportsTrust Advisors. Details to come.

UPDATE: 3 year, $22.5M contract extension per Schefter Appreciate you letting him walk, Falcons -- and for the first-rounder too!",15197342.0,positive,0.0,0.923,0.077,0.4574
1p3y9sx,1763831557.0,46314,0.99,136,NEWS,"[Schefter] Rams signed LB Nate Landman to a contract extension, per @_SportsTrust. Per X and SportsTrust Advisors. Details to come.

UPDATE: 3 year, $22.5M contract extension per Schefter Most obvious extension. So happy we upgraded at LB. Man I love the Land Mine.",6281568.0,positive,0.0,0.819,0.181,0.8479
1p3y9sx,1763831732.0,42579,0.99,136,NEWS,"[Schefter] Rams signed LB Nate Landman to a contract extension, per @_SportsTrust. Per X and SportsTrust Advisors. Details to come.

UPDATE: 3 year, $22.5M contract extension per Schefter What the fuck that's so cheap",5774990.0,positive,0.104,0.896,0.0,-0.5423
1p3y9sx,1763831393.0,34362,0.99,136,NEWS,"[Schefter] Rams signed LB Nate Landman to a contract extension, per @_SportsTrust. Per X and SportsTrust Advisors. Details to come.

UPDATE: 3 year, $22.5M contract extension per Schefter Love this, for him and for the team. Love that the org rewarded him mid season for being an absolute dawg.",4660518.0,positive,0.0,0.788,0.212,0.9118
1p3y9sx,1763831331.0,29880,0.99,136,NEWS,"[Schefter] Rams signed LB Nate Landman to a contract extension, per @_SportsTrust. Per X and SportsTrust Advisors. Details to come.

UPDATE: 3 year, $22.5M contract extension per Schefter Dude is forcing 3 turnovers tomorrow",4052624.0,neutral,0.0,1.0,0.0,0.0
1p3y9sx,1763831324.0,25398,0.99,136,NEWS,"[Schefter] Rams signed LB Nate Landman to a contract extension, per @_SportsTrust. Per X and SportsTrust Advisors. Details to come.

UPDATE: 3 year, $22.5M contract extension per Schefter ![gif](giphy|u3wxhL63uuhMqoMKQF)",3444731.0,positive,0.0,1.0,0.0,0.0
1p3y9sx,1763831153.0,17928,0.99,136,NEWS,"[Schefter] Rams signed LB Nate Landman to a contract extension, per @_SportsTrust. Per X and SportsTrust Advisors. Details to come.

UPDATE: 3 year, $22.5M contract extension per Schefter Let’s go!! In Landman we trust 🫡",2431575.0,positive,0.0,0.885,0.115,0.5972
1p3y9sx,1763831502.0,14193,0.99,136,NEWS,"[Schefter] Rams signed LB Nate Landman to a contract extension, per @_SportsTrust. Per X and SportsTrust Advisors. Details to come.

UPDATE: 3 year, $22.5M contract extension per Schefter Nice can we do Lake next please",1924997.0,positive,0.0,0.855,0.145,0.6249
1p3y9sx,1763833132.0,13446,0.99,136,NEWS,"[Schefter] Rams signed LB Nate Landman to a contract extension, per @_SportsTrust. Per X and SportsTrust Advisors. Details to come.

UPDATE: 3 year, $22.5M contract extension per Schefter Dude absolutely could’ve gotten more. He wants to stay here",1823681.0,positive,0.0,1.0,0.0,0.0
1p3y9sx,1763832593.0,12699,0.99,136,NEWS,"[Schefter] Rams signed LB Nate Landman to a contract extension, per @_SportsTrust. Per X and SportsTrust Advisors. Details to come.

UPDATE: 3 year, $22.5M contract extension per Schefter Great player, glad to see we’re valuing a quality linebacker for once",1722365.0,neutral,0.0,0.776,0.224,0.8591
1p3y9sx,1763831801.0,11205,0.99,136,NEWS,"[Schefter] Rams signed LB Nate Landman to a contract extension, per @_SportsTrust. Per X and SportsTrust Advisors. Details to come.

UPDATE: 3 year, $22.5M contract extension per Schefter ![gif](giphy|bGS7xG5Vxlst2)",1519734.0,neutral,0.0,1.0,0.0,0.0
1p3y9sx,1763832249.0,11205,0.99,136,NEWS,"[Schefter] Rams signed LB Nate Landman to a contract extension, per @_SportsTrust. Per X and SportsTrust Advisors. Details to come.

UPDATE: 3 year, $22.5M contract extension per Schefter **ENTER LANDMAN**",1519734.0,neutral,0.0,1.0,0.0,0.0
1p3y9sx,1763832034.0,9711,0.99,136,NEWS,"[Schefter] Rams signed LB Nate Landman to a contract extension, per @_SportsTrust. Per X and SportsTrust Advisors. Details to come.

UPDATE: 3 year, $22.5M contract extension per Schefter https://i.redd.it/pmo7s8q7eu2g1.gif",1317103.0,positive,0.0,1.0,0.0,0.0
1p3y9sx,1763833451.0,6723,0.99,136,NEWS,"[Schefter] Rams signed LB Nate Landman to a contract extension, per @_SportsTrust. Per X and SportsTrust Advisors. Details to come.

UPDATE: 3 year, $22.5M contract extension per Schefter What a steal. That’s not even in the top 20 paid LBs in the league and he’s playing at a top 5 level now. Locked him up early. Love to see it.",911840.0,positive,0.052,0.793,0.155,0.6597
1p3y9sx,1763831174.0,5976,0.99,136,NEWS,"[Schefter] Rams signed LB Nate Landman to a contract extension, per @_SportsTrust. Per X and SportsTrust Advisors. Details to come.

UPDATE: 3 year, $22.5M contract extension per Schefter Hell yeah!!!",810525.0,positive,0.168,0.765,0.067,-0.6458
1p3y9sx,1763833353.0,5976,0.99,136,NEWS,"[Schefter] Rams signed LB Nate Landman to a contract extension, per @_SportsTrust. Per X and SportsTrust Advisors. Details to come.

UPDATE: 3 year, $22.5M contract extension per Schefter 15 mil guaranteed that's awesome for him, he deserves every cent",810525.0,negative,0.0,0.895,0.105,0.6249
1p3bhjy,1763762027.0,36312,0.96,41,PHOTOS,"Don't know if this has been posted here before, but this makes me feel emotional. The photo says a lot itself. They just prayed after the game was over!  I wish we could have kept him and had him as our WR3 this season :(",1464100.0,positive,0.078,0.807,0.116,0.2244
1p3bhjy,1763762587.0,17088,0.96,41,PHOTOS,"Don't know if this has been posted here before, but this makes me feel emotional. The photo says a lot itself. They just prayed after the game was over!  You should have seen what happend before this. 

The Onions were strong with that one.",688988.0,negative,0.0,0.861,0.139,0.7678
1p3bhjy,1763762520.0,6408,0.96,41,PHOTOS,"Don't know if this has been posted here before, but this makes me feel emotional. The photo says a lot itself. They just prayed after the game was over!  Miss him bad. Won’t ever forget all he’s done for us.",258371.0,negative,0.201,0.758,0.041,-0.8122
1p3bhjy,1763765720.0,5340,0.96,41,PHOTOS,"Don't know if this has been posted here before, but this makes me feel emotional. The photo says a lot itself. They just prayed after the game was over!  Miss Coop 😞",215309.0,positive,0.06,0.881,0.06,0.0
1p3bhjy,1763764027.0,3204,0.96,41,PHOTOS,"Don't know if this has been posted here before, but this makes me feel emotional. The photo says a lot itself. They just prayed after the game was over!  Who’s cutting onion again?! 

Gosh my face leaked when I saw him wiping his eyes in one of the videos. Bittersweet. 

Will always be Rams Legend Cooper Kupp to me. 🫶",129185.0,positive,0.109,0.86,0.031,-0.5905
1p3bhjy,1763762859.0,6408,0.96,41,PHOTOS,"Don't know if this has been posted here before, but this makes me feel emotional. The photo says a lot itself. They just prayed after the game was over!  That's great photo!!",258371.0,negative,0.0,0.775,0.225,0.8565
1p3bhjy,1763765549.0,2670,0.96,41,PHOTOS,"Don't know if this has been posted here before, but this makes me feel emotional. The photo says a lot itself. They just prayed after the game was over!  If only the contract wasn’t so long and we could’ve signed him to a cheaper deal to stay 😢",107654.0,positive,0.0,0.953,0.047,0.2942
1p3bhjy,1763772899.0,1602,0.96,41,PHOTOS,"Don't know if this has been posted here before, but this makes me feel emotional. The photo says a lot itself. They just prayed after the game was over!  I named my son after him",64593.0,positive,0.0,0.936,0.064,0.2942
1p3bhjy,1763780237.0,1602,0.96,41,PHOTOS,"Don't know if this has been posted here before, but this makes me feel emotional. The photo says a lot itself. They just prayed after the game was over!  I want those Rams colorway AirMax 90s.",64593.0,neutral,0.0,0.898,0.102,0.3903
1p3bhjy,1763788762.0,1068,0.96,41,PHOTOS,"Don't know if this has been posted here before, but this makes me feel emotional. The photo says a lot itself. They just prayed after the game was over!  We still think of you",43062.0,positive,0.0,0.936,0.064,0.2942
1p3bhjy,1763824064.0,1068,0.96,41,PHOTOS,"Don't know if this has been posted here before, but this makes me feel emotional. The photo says a lot itself. They just prayed after the game was over!  The prayer circle occurs after every NFL game. Usually a handful of players. But as someone else mentioned, the Rams ""hug line"" for Kupp was very special.",43062.0,positive,0.0,0.832,0.168,0.8842
1p3bhjy,1763824194.0,1068,0.96,41,PHOTOS,"Don't know if this has been posted here before, but this makes me feel emotional. The photo says a lot itself. They just prayed after the game was over!  He just wants to be with his friends 🥺",43062.0,positive,0.0,0.843,0.157,0.7463
1p3bhjy,1763826681.0,1068,0.96,41,PHOTOS,"Don't know if this has been posted here before, but this makes me feel emotional. The photo says a lot itself. They just prayed after the game was over!  That triple crown year will forever be cherished",43062.0,positive,0.0,0.837,0.163,0.7678
1p3bhjy,1763848846.0,1068,0.96,41,PHOTOS,"Don't know if this has been posted here before, but this makes me feel emotional. The photo says a lot itself. They just prayed after the game was over!  Coop is RAMILY FOR LIFE! #10",43062.0,neutral,0.0,0.93,0.07,0.3578
1p3bhjy,1763878987.0,1068,0.96,41,PHOTOS,"Don't know if this has been posted here before, but this makes me feel emotional. The photo says a lot itself. They just prayed after the game was over!  Love and care. Sport is…sport",43062.0,positive,0.0,0.709,0.291,0.923
1p3bhjy,1763763586.0,1602,0.96,41,PHOTOS,"Don't know if this has been posted here before, but this makes me feel emotional. The photo says a lot itself. They just prayed after the game was over!  Such a nice photo.  And damn, Puka with the Jordan XI cleats.",64593.0,positive,0.078,0.792,0.13,0.3274
1p3bhjy,1763772619.0,1602,0.96,41,PHOTOS,"Don't know if this has been posted here before, but this makes me feel emotional. The photo says a lot itself. They just prayed after the game was over!  I’m agnostic to the fullest, but much respect to all them 🫡",64593.0,positive,0.0,0.854,0.146,0.7463
1p3bhjy,1763782904.0,2136,0.96,41,PHOTOS,"Don't know if this has been posted here before, but this makes me feel emotional. The photo says a lot itself. They just prayed after the game was over!  Me too and I’m not even a Christian. Really nice camaraderie and joy between those former teammates and friends.",86124.0,neutral,0.0,0.728,0.272,0.9492
1p3bhjy,1763769967.0,534,0.96,41,PHOTOS,"Don't know if this has been posted here before, but this makes me feel emotional. The photo says a lot itself. They just prayed after the game was over!  [removed]",21531.0,neutral,0.0,0.927,0.073,0.2942
1p3bhjy,1763785153.0,534,0.96,41,PHOTOS,"Don't know if this has been posted here before, but this makes me feel emotional. The photo says a lot itself. They just prayed after the game was over!  [removed]",21531.0,negative,0.0,0.927,0.073,0.2942
1p31qwp,1763740231.0,10650,0.95,46,DISCUSSIONS,"Why is 98% of the stuff in our fan shop fugly? If one of you could get in contact with the team and fix this issue, that would be great. We just want majority to be cool vintage/ retro stuff and some new modern stuff. Thanks! And way overpriced",475522.0,negative,0.0,0.769,0.231,0.9041
1p31qwp,1763741670.0,8250,0.95,46,DISCUSSIONS,"Why is 98% of the stuff in our fan shop fugly? If one of you could get in contact with the team and fix this issue, that would be great. We just want majority to be cool vintage/ retro stuff and some new modern stuff. Thanks! Because Fanatics designers are lazy and just color swap merch designs for every single team",368362.0,negative,0.035,0.778,0.187,0.8655
1p31qwp,1763748396.0,1800,0.95,46,DISCUSSIONS,"Why is 98% of the stuff in our fan shop fugly? If one of you could get in contact with the team and fix this issue, that would be great. We just want majority to be cool vintage/ retro stuff and some new modern stuff. Thanks! Because the Rams (if not each nfl team) would rather just pay focus groups and designers within this box of what’s commercially acceptable to a certain demographic. Plus they know they can stick with vanilla, boring and ugly designs because it costs less and they’ll make a ton of profit anyways , since a lot of fans just but anything that says “Rams” on it. 

Long-winded here but I’ve long had a bone to pick with the Rams lack of willingness to fully embrace the fact they are in LA, a fashion city and actually do something unique. 

I would buy non-licensed merch from guys on IG 10/10 times before I go to the official shop because of those reasons. 

This is personal taste to end my rant:
I enjoy the oversized shirts with graphics on the front&back, it’s a current trend for a lot of people. As a sports team in LA, why not create and sell the same thing? There’s a reason there’s a market for those items right now and they just refuse to follow trends.",80370.0,neutral,0.069,0.824,0.107,0.7918
1p31qwp,1763741556.0,2850,0.95,46,DISCUSSIONS,"Why is 98% of the stuff in our fan shop fugly? If one of you could get in contact with the team and fix this issue, that would be great. We just want majority to be cool vintage/ retro stuff and some new modern stuff. Thanks! People say the new rebrand sucks, which is a valid opinion, but it doesn’t excuse the ugly gear. There is absolutely something to be done, it is just utterly ugly, bad designs, bad use of colours. I actively want to buy gear and I don’t , because there’s nothing in there that makes sense to actually wear walking around",127252.0,negative,0.171,0.709,0.119,-0.9257
1p31qwp,1763739825.0,3750,0.95,46,DISCUSSIONS,"Why is 98% of the stuff in our fan shop fugly? If one of you could get in contact with the team and fix this issue, that would be great. We just want majority to be cool vintage/ retro stuff and some new modern stuff. Thanks! Because our  rebrand sucks",167438.0,neutral,0.042,0.737,0.221,0.8655
1p31qwp,1763740669.0,1350,0.95,46,DISCUSSIONS,"Why is 98% of the stuff in our fan shop fugly? If one of you could get in contact with the team and fix this issue, that would be great. We just want majority to be cool vintage/ retro stuff and some new modern stuff. Thanks! I actually love this shirt. Is my fashion out of touch? lol",60278.0,neutral,0.0,0.709,0.291,0.9615
1p31qwp,1763739614.0,1350,0.95,46,DISCUSSIONS,"Why is 98% of the stuff in our fan shop fugly? If one of you could get in contact with the team and fix this issue, that would be great. We just want majority to be cool vintage/ retro stuff and some new modern stuff. Thanks! Vintage / retro stuff is unlikely because then they have to admit they where in St. Louis lol. Same thing they do when talking about the first Superbowl Win.",60278.0,negative,0.0,0.753,0.247,0.9617
1p31qwp,1763741919.0,300,0.95,46,DISCUSSIONS,"Why is 98% of the stuff in our fan shop fugly? If one of you could get in contact with the team and fix this issue, that would be great. We just want majority to be cool vintage/ retro stuff and some new modern stuff. Thanks! We actually have a lot of great stuff on there, there's just a good amount of ugly NFL merch. Go check out the Titans merch if you want to feel better about our selection",13395.0,neutral,0.034,0.711,0.255,0.9589
1p31qwp,1763742224.0,300,0.95,46,DISCUSSIONS,"Why is 98% of the stuff in our fan shop fugly? If one of you could get in contact with the team and fix this issue, that would be great. We just want majority to be cool vintage/ retro stuff and some new modern stuff. Thanks! Did fanatics stop doing coupons/sales on jerseys?",13395.0,negative,0.035,0.749,0.216,0.8847
1p31qwp,1763745307.0,300,0.95,46,DISCUSSIONS,"Why is 98% of the stuff in our fan shop fugly? If one of you could get in contact with the team and fix this issue, that would be great. We just want majority to be cool vintage/ retro stuff and some new modern stuff. Thanks! I started looking away from Fanatics because I couldn’t find anything. Except no one stocked anything Rams this year. I would have swept the Abercrombie NFL collection but there was not a single new Rams item in it this year. Must be great to be a Chiefs, Eagles, Niners fan. 😒",13395.0,negative,0.016,0.81,0.174,0.9354
1p31qwp,1763747545.0,300,0.95,46,DISCUSSIONS,"Why is 98% of the stuff in our fan shop fugly? If one of you could get in contact with the team and fix this issue, that would be great. We just want majority to be cool vintage/ retro stuff and some new modern stuff. Thanks! The designer they hire has some unbelievable blackmail on Kevin Demoff",13395.0,negative,0.0,0.773,0.227,0.9184
1p31qwp,1763752962.0,300,0.95,46,DISCUSSIONS,"Why is 98% of the stuff in our fan shop fugly? If one of you could get in contact with the team and fix this issue, that would be great. We just want majority to be cool vintage/ retro stuff and some new modern stuff. Thanks! I miss the old colors. I don’t want to be out there looking like the Savannah bananas",13395.0,negative,0.022,0.74,0.237,0.9245
1p31qwp,1763754767.0,300,0.95,46,DISCUSSIONS,"Why is 98% of the stuff in our fan shop fugly? If one of you could get in contact with the team and fix this issue, that would be great. We just want majority to be cool vintage/ retro stuff and some new modern stuff. Thanks! Fanatics is the shittiest thing to happen to sports gear the past 125 years.  The worst",13395.0,neutral,0.111,0.717,0.172,0.4003
1p31qwp,1763741797.0,150,0.95,46,DISCUSSIONS,"Why is 98% of the stuff in our fan shop fugly? If one of you could get in contact with the team and fix this issue, that would be great. We just want majority to be cool vintage/ retro stuff and some new modern stuff. Thanks! [removed]",6698.0,neutral,0.0,0.761,0.239,0.9041
1p31qwp,1763747922.0,150,0.95,46,DISCUSSIONS,"Why is 98% of the stuff in our fan shop fugly? If one of you could get in contact with the team and fix this issue, that would be great. We just want majority to be cool vintage/ retro stuff and some new modern stuff. Thanks! [removed]",6698.0,negative,0.0,0.761,0.239,0.9041
1p31qwp,1763747944.0,150,0.95,46,DISCUSSIONS,"Why is 98% of the stuff in our fan shop fugly? If one of you could get in contact with the team and fix this issue, that would be great. We just want majority to be cool vintage/ retro stuff and some new modern stuff. Thanks! 98% of every team store in every sport is ugly stuff that doesn't look like anything related to the team.",6698.0,negative,0.07,0.76,0.17,0.7771
1p31qwp,1763752420.0,150,0.95,46,DISCUSSIONS,"Why is 98% of the stuff in our fan shop fugly? If one of you could get in contact with the team and fix this issue, that would be great. We just want majority to be cool vintage/ retro stuff and some new modern stuff. Thanks! Yea, I want to rep my Rams fandom so I get things off of third party sites.  Even most of that stuff sucks as well.  Need more Ram skull stuff.",6698.0,negative,0.029,0.749,0.222,0.9299
1p31qwp,1763773537.0,150,0.95,46,DISCUSSIONS,"Why is 98% of the stuff in our fan shop fugly? If one of you could get in contact with the team and fix this issue, that would be great. We just want majority to be cool vintage/ retro stuff and some new modern stuff. Thanks! I think it’s because it’s cheaper to make things ugly. People say the rebrand is what makes it bad, but put any NFL team there and it still looks whack. I think the “Midnight” color wave proved that. The designers (actual designers seemed to have been hired) went all out, made clean yet elegant designs, and charge a pretty penny for it (using some of Nike’s premium trims) - all while using our same “LA” logo.",6698.0,negative,0.033,0.808,0.159,0.9417
1p31qwp,1763815499.0,150,0.95,46,DISCUSSIONS,"Why is 98% of the stuff in our fan shop fugly? If one of you could get in contact with the team and fix this issue, that would be great. We just want majority to be cool vintage/ retro stuff and some new modern stuff. Thanks! I hate are new logo as well. It looks like the chargers logo it’s just awful. I hate these teams that get rid of there old logos for this ai slop. I like my og rams draft hat as I call it. First year in LA and we picked Goff. Coolest hat ever. A lot of the teams apparel has taken a nose dive an become to plain.",6698.0,negative,0.081,0.76,0.159,0.784
1p31qwp,1763913325.0,150,0.95,46,DISCUSSIONS,"Why is 98% of the stuff in our fan shop fugly? If one of you could get in contact with the team and fix this issue, that would be great. We just want majority to be cool vintage/ retro stuff and some new modern stuff. Thanks! because the logo is on it. Worst logo in the league.",6698.0,neutral,0.06,0.747,0.193,0.7959
1p2159u,1763642731.0,6678,0.98,26,NEWS,Bucs vs Rams Wednesday injury report. Baker Mayfield among 6 Buccaneers' starters limited with illness.  Are we about to have an injury bowl with the Buccs? Cause we’ve got some key players out now too.,176700.0,neutral,0.254,0.746,0.0,-0.8481
1p2159u,1763645081.0,5406,0.98,26,NEWS,Bucs vs Rams Wednesday injury report. Baker Mayfield among 6 Buccaneers' starters limited with illness.  Did half the team share a fork or something?,143043.0,neutral,0.268,0.652,0.08,-0.6369
1p2159u,1763645979.0,2438,0.98,26,NEWS,Bucs vs Rams Wednesday injury report. Baker Mayfield among 6 Buccaneers' starters limited with illness.  Don’t get us sick pls,64509.0,positive,0.412,0.538,0.05,-0.8555
1p2159u,1763652054.0,2014,0.98,26,NEWS,Bucs vs Rams Wednesday injury report. Baker Mayfield among 6 Buccaneers' starters limited with illness.  Still don’t take this game lightly go all in for the W,53290.0,neutral,0.252,0.748,0.0,-0.7506
1p2159u,1763648682.0,1272,0.98,26,NEWS,Bucs vs Rams Wednesday injury report. Baker Mayfield among 6 Buccaneers' starters limited with illness.  Must have had some tainted buffalo wings over the weekend.,33657.0,negative,0.261,0.739,0.0,-0.7506
1p2159u,1763654581.0,530,0.98,26,NEWS,Bucs vs Rams Wednesday injury report. Baker Mayfield among 6 Buccaneers' starters limited with illness.  Tampa is apparently a petri dish,14024.0,neutral,0.316,0.684,0.0,-0.7506
1p2159u,1763666222.0,530,0.98,26,NEWS,Bucs vs Rams Wednesday injury report. Baker Mayfield among 6 Buccaneers' starters limited with illness.  ![gif](giphy|Z1LYiyIPhnG9O),14024.0,positive,0.391,0.609,0.0,-0.7712
1p2159u,1763662168.0,318,0.98,26,NEWS,"Bucs vs Rams Wednesday injury report. Baker Mayfield among 6 Buccaneers' starters limited with illness.  Damn, I want to see the Rams defense sack Mayfield. I hope he plays",8414.0,negative,0.282,0.503,0.215,-0.5267
1p2159u,1763651594.0,742,0.98,26,NEWS,Bucs vs Rams Wednesday injury report. Baker Mayfield among 6 Buccaneers' starters limited with illness.  I don't want to win this game this way. ,19633.0,positive,0.408,0.592,0.0,-0.8656
1p1ovqt,1763599536.0,18012,1.0,21,NEWS,"""I feel like LA adopted me"": Aaron Donald There is another great news. The first 60,000 fabs will get a limited edition Aaron Donald Bobblehead giveaway upon entry at the gates.

How many are going on Sunday? I'm sure that it is an unmissable event


https://sportscondensed.com/news/la-adopted-me-aaron-donald-pleased-with-rams-celebration-game 
  I love Donald. Hope we get the win for him",396264.0,neutral,0.028,0.684,0.288,0.9578
1p1ovqt,1763599776.0,13904,1.0,21,NEWS,"""I feel like LA adopted me"": Aaron Donald There is another great news. The first 60,000 fabs will get a limited edition Aaron Donald Bobblehead giveaway upon entry at the gates.

How many are going on Sunday? I'm sure that it is an unmissable event


https://sportscondensed.com/news/la-adopted-me-aaron-donald-pleased-with-rams-celebration-game 
  Donald will always be my favorite Ram",305888.0,positive,0.031,0.773,0.196,0.875
1p1ovqt,1763600084.0,6952,1.0,21,NEWS,"""I feel like LA adopted me"": Aaron Donald There is another great news. The first 60,000 fabs will get a limited edition Aaron Donald Bobblehead giveaway upon entry at the gates.

How many are going on Sunday? I'm sure that it is an unmissable event


https://sportscondensed.com/news/la-adopted-me-aaron-donald-pleased-with-rams-celebration-game 
  I'll be there and I'll be sure to lose my voice!",152944.0,positive,0.07,0.757,0.174,0.784
1p1ovqt,1763598833.0,5372,1.0,21,NEWS,"""I feel like LA adopted me"": Aaron Donald There is another great news. The first 60,000 fabs will get a limited edition Aaron Donald Bobblehead giveaway upon entry at the gates.

How many are going on Sunday? I'm sure that it is an unmissable event


https://sportscondensed.com/news/la-adopted-me-aaron-donald-pleased-with-rams-celebration-game 
  https://youtu.be/_37IdlWkKlk?si=0rvun9wNgTn-DMsp


Here’s the full interview if you want to listen to it directly",118184.0,positive,0.029,0.81,0.161,0.8253
1p1ovqt,1763602578.0,4424,1.0,21,NEWS,"""I feel like LA adopted me"": Aaron Donald There is another great news. The first 60,000 fabs will get a limited edition Aaron Donald Bobblehead giveaway upon entry at the gates.

How many are going on Sunday? I'm sure that it is an unmissable event


https://sportscondensed.com/news/la-adopted-me-aaron-donald-pleased-with-rams-celebration-game 
  Absolutely. The greatest LA Ram of all time 🥇",97328.0,neutral,0.03,0.759,0.211,0.9096
1p1ovqt,1763601738.0,1896,1.0,21,NEWS,"""I feel like LA adopted me"": Aaron Donald There is another great news. The first 60,000 fabs will get a limited edition Aaron Donald Bobblehead giveaway upon entry at the gates.

How many are going on Sunday? I'm sure that it is an unmissable event


https://sportscondensed.com/news/la-adopted-me-aaron-donald-pleased-with-rams-celebration-game 
  AD bobble head night!",41712.0,neutral,0.034,0.802,0.164,0.807
1p1ovqt,1763603702.0,4108,1.0,21,NEWS,"""I feel like LA adopted me"": Aaron Donald There is another great news. The first 60,000 fabs will get a limited edition Aaron Donald Bobblehead giveaway upon entry at the gates.

How many are going on Sunday? I'm sure that it is an unmissable event


https://sportscondensed.com/news/la-adopted-me-aaron-donald-pleased-with-rams-celebration-game 
  Greatest LA ram",90376.0,positive,0.033,0.741,0.226,0.9042
1p1ovqt,1763601747.0,1264,1.0,21,NEWS,"""I feel like LA adopted me"": Aaron Donald There is another great news. The first 60,000 fabs will get a limited edition Aaron Donald Bobblehead giveaway upon entry at the gates.

How many are going on Sunday? I'm sure that it is an unmissable event


https://sportscondensed.com/news/la-adopted-me-aaron-donald-pleased-with-rams-celebration-game 
  I thought those were major circles under his eyes but hes wearing glasses.",27808.0,positive,0.024,0.877,0.099,0.5423
1p1ovqt,1763604792.0,632,1.0,21,NEWS,"""I feel like LA adopted me"": Aaron Donald There is another great news. The first 60,000 fabs will get a limited edition Aaron Donald Bobblehead giveaway upon entry at the gates.

How many are going on Sunday? I'm sure that it is an unmissable event


https://sportscondensed.com/news/la-adopted-me-aaron-donald-pleased-with-rams-celebration-game 
  I was gonna drop a like, but its at 99",13904.0,positive,0.052,0.815,0.133,0.5719
1p1ovqt,1763614915.0,632,1.0,21,NEWS,"""I feel like LA adopted me"": Aaron Donald There is another great news. The first 60,000 fabs will get a limited edition Aaron Donald Bobblehead giveaway upon entry at the gates.

How many are going on Sunday? I'm sure that it is an unmissable event


https://sportscondensed.com/news/la-adopted-me-aaron-donald-pleased-with-rams-celebration-game 
  The bloodline continues ",13904.0,positive,0.035,0.803,0.162,0.7906
1p1ovqt,1763617943.0,632,1.0,21,NEWS,"""I feel like LA adopted me"": Aaron Donald There is another great news. The first 60,000 fabs will get a limited edition Aaron Donald Bobblehead giveaway upon entry at the gates.

How many are going on Sunday? I'm sure that it is an unmissable event


https://sportscondensed.com/news/la-adopted-me-aaron-donald-pleased-with-rams-celebration-game 
  Been waiting for this game for a long time. Gonna be 🔥.",13904.0,neutral,0.03,0.828,0.142,0.7906
1p1ovqt,1763613658.0,632,1.0,21,NEWS,"""I feel like LA adopted me"": Aaron Donald There is another great news. The first 60,000 fabs will get a limited edition Aaron Donald Bobblehead giveaway upon entry at the gates.

How many are going on Sunday? I'm sure that it is an unmissable event


https://sportscondensed.com/news/la-adopted-me-aaron-donald-pleased-with-rams-celebration-game 
  Dude will unretire before the divisional round. He wants that second ring. Please Daddy Donald! PLEASE!",13904.0,positive,0.026,0.767,0.207,0.9172
1p1ovqt,1763649978.0,316,1.0,21,NEWS,"""I feel like LA adopted me"": Aaron Donald There is another great news. The first 60,000 fabs will get a limited edition Aaron Donald Bobblehead giveaway upon entry at the gates.

How many are going on Sunday? I'm sure that it is an unmissable event


https://sportscondensed.com/news/la-adopted-me-aaron-donald-pleased-with-rams-celebration-game 
  I will be there! Looking forward to adding that bobblehead to my collection.",6952.0,positive,0.03,0.827,0.143,0.807
1p1ovqt,1763600480.0,316,1.0,21,NEWS,"""I feel like LA adopted me"": Aaron Donald There is another great news. The first 60,000 fabs will get a limited edition Aaron Donald Bobblehead giveaway upon entry at the gates.

How many are going on Sunday? I'm sure that it is an unmissable event


https://sportscondensed.com/news/la-adopted-me-aaron-donald-pleased-with-rams-celebration-game 
  ![gif](giphy|h2evfJLrv2cPPZwYnr|downsized)",6952.0,positive,0.036,0.791,0.173,0.807
1p1ovqt,1763605024.0,316,1.0,21,NEWS,"""I feel like LA adopted me"": Aaron Donald There is another great news. The first 60,000 fabs will get a limited edition Aaron Donald Bobblehead giveaway upon entry at the gates.

How many are going on Sunday? I'm sure that it is an unmissable event


https://sportscondensed.com/news/la-adopted-me-aaron-donald-pleased-with-rams-celebration-game 
  Hell yeah brother, cheers from Iraq.",6952.0,positive,0.1,0.68,0.219,0.7717
1p1iuzy,1763584434.0,95604,0.99,70,DISCUSSIONS,"Brady expects Stafford to join him in the 45 club.  Sign me up, Stafford will likely be 2nd in pass stats and TDs. Add 2-3 more SBs.",6720005.0,neutral,0.0,0.922,0.078,0.296
1p1iuzy,1763584300.0,44718,0.99,70,DISCUSSIONS,Brady expects Stafford to join him in the 45 club.  It would be insane and so cool if Staff played that long. Especially since people have been questioning if he should retire since he got his SB ring.,3143228.0,neutral,0.093,0.745,0.162,0.4754
1p1iuzy,1763584556.0,33924,0.99,70,DISCUSSIONS,Brady expects Stafford to join him in the 45 club.  If Staff looks like he does this season and we can use those 2 1sts on other positions....... that's going to be a hell of a good team.,2384518.0,neutral,0.106,0.718,0.176,0.25
1p1iuzy,1763585322.0,11308,0.99,70,DISCUSSIONS,"Brady expects Stafford to join him in the 45 club.  I think Stafford could stay competitive for a few more seasons, but he’s been beat up a lot more in his career than Brady. No way he goes anywhere close to that age.",794839.0,neutral,0.065,0.865,0.069,-0.2144
1p1iuzy,1763584775.0,6168,0.99,70,DISCUSSIONS,Brady expects Stafford to join him in the 45 club.  Seems crazy. Seems unlikely but i was ready for the Stafford sunset this year but not anymore.  Hoping for another few years.,433549.0,positive,0.129,0.739,0.133,0.0392
1p1iuzy,1763584617.0,20046,0.99,70,DISCUSSIONS,"Brady expects Stafford to join him in the 45 club.  I dont think Stafford is willing to miss that much family time, honestly.


Would absolutely kill to see it - he could honestly be top 3 all time if he did at the pace hes been on. But im doubtful he even makes it past 2026.",1409033.0,neutral,0.122,0.762,0.116,-0.3392
1p1iuzy,1763585285.0,10794,0.99,70,DISCUSSIONS,"Brady expects Stafford to join him in the 45 club.  Isn't Staff basically fighting a back condition to even stay in the league right now?

I love him and would like to see more but... man, I would like to also see him have a standard quality of life post NFL.",758710.0,neutral,0.0,0.757,0.243,0.9102
1p1iuzy,1763584625.0,7710,0.99,70,DISCUSSIONS,Brady expects Stafford to join him in the 45 club.  If he takes the Brady pay cut we are in for a real ride as Rams fans.,541936.0,neutral,0.122,0.801,0.077,-0.0772
1p1iuzy,1763586439.0,3598,0.99,70,DISCUSSIONS,Brady expects Stafford to join him in the 45 club.  Kelly might give him 1 maybeeee 2 more seasons.,252903.0,neutral,0.0,0.879,0.121,0.296
1p1iuzy,1763588270.0,1542,0.99,70,DISCUSSIONS,"Brady expects Stafford to join him in the 45 club.  If the Rams win the Super Bowl. And we all hope they do! I think Stafford is as good as gone. I think he wants 1 more ring to cement his Hall of Fame legacy and is still having fun playing the game chasing it, so the beat goes on. But he also has a family with 4 (?) young daughters and his body has taken a beating. I think he goes out on top if we can win it.",108387.0,neutral,0.04,0.723,0.237,0.9387
1p1iuzy,1763598372.0,1542,0.99,70,DISCUSSIONS,Brady expects Stafford to join him in the 45 club.  Brady really likes and respects Stafford. He was pushing hard to recruit Stafford to the Raiders last offseason,108387.0,neutral,0.042,0.722,0.236,0.7548
1p1iuzy,1763586308.0,3598,0.99,70,DISCUSSIONS,"Brady expects Stafford to join him in the 45 club.  Staff actually cares about spending time with his wife and family, Tom.  Don’t count on it.",252903.0,neutral,0.0,0.822,0.178,0.6369
1p1iuzy,1763586516.0,1542,0.99,70,DISCUSSIONS,"Brady expects Stafford to join him in the 45 club.  However you want to say the reason was for it, Brady didnt take nearly the amount of hard hits as other qbs.

It would be awesome if Stafford made it that long- more so if it was with the Rams, but it seems unlikely.",108387.0,neutral,0.021,0.885,0.094,0.4767
1p1iuzy,1763599861.0,1542,0.99,70,DISCUSSIONS,Brady expects Stafford to join him in the 45 club.  Stafford has the talent and smarts but he might not want to with his back.,108387.0,positive,0.048,0.76,0.192,0.4528
1p1iuzy,1763584319.0,5140,0.99,70,DISCUSSIONS,Brady expects Stafford to join him in the 45 club.  So no Joe Burrow?,361291.0,neutral,0.149,0.719,0.132,-0.0754
1p1iuzy,1763587095.0,1028,0.99,70,DISCUSSIONS,Brady expects Stafford to join him in the 45 club.  Tom looks unwell,72258.0,negative,0.0,0.845,0.155,0.296
1p1iuzy,1763595118.0,1028,0.99,70,DISCUSSIONS,"Brady expects Stafford to join him in the 45 club.  I mean shit… TB12 has forgotten more than I’ll ever know about quarterbacking, so I’m gonna choose to believe he’s correct",72258.0,positive,0.059,0.872,0.069,0.0772
1p1iuzy,1763599907.0,1028,0.99,70,DISCUSSIONS,Brady expects Stafford to join him in the 45 club.  As a Ram hopefully,72258.0,neutral,0.0,0.692,0.308,0.5994
1p1iuzy,1763648728.0,1028,0.99,70,DISCUSSIONS,"Brady expects Stafford to join him in the 45 club.  My response to anything that Tom Brady says even if it's something positive:

""Shut up you tw@t""",72258.0,positive,0.0,0.812,0.188,0.7003
1p1iuzy,1763587091.0,1028,0.99,70,DISCUSSIONS,Brady expects Stafford to join him in the 45 club.  He’s 37 now so that means 9 more super bowls and that means 10 total and that means staff is the goat,72258.0,positive,0.0,0.819,0.181,0.7501
1p1isqe,1763585472.0,5786,1.0,20,PHOTOS,"Chris Shula appreciation post!  When he becomes a head coach next season you think we bring back Raheem or hire someone fresh?

Edit: not saying I want Raheem back or anything, just curious of peoples thoughts",121506.0,positive,0.031,0.761,0.208,0.7888
1p1isqe,1763586566.0,3682,1.0,20,PHOTOS,Chris Shula appreciation post!  Congratulations New York Giants on your new head coach,77322.0,neutral,0.0,0.595,0.405,0.8172
1p1isqe,1763586136.0,2893,1.0,20,PHOTOS,"Chris Shula appreciation post!  He's even got the face of a defensive coordinator.  Look at that nose!

But he'll be a very good head coach.",60753.0,negative,0.0,0.712,0.288,0.7949
1p1isqe,1763605453.0,1841,1.0,20,PHOTOS,"Chris Shula appreciation post!  This man is killing it, but when I look at this picture this is what I see

https://preview.redd.it/op6t25jgob2g1.jpeg?width=2160&format=pjpg&auto=webp&s=75286a34e7d5ec1d20b9ae47986ca9fca8c4ef94",38661.0,negative,0.129,0.778,0.093,-0.2124
1p1isqe,1763589282.0,1578,1.0,20,PHOTOS,Chris Shula appreciation post!  Remember when people were crying about him? Lol,33138.0,positive,0.168,0.487,0.346,0.5093
1p1isqe,1763638790.0,789,1.0,20,PHOTOS,"Chris Shula appreciation post!  Just in case teams read this post and plan on hiring him as a HC. 

He sucks and should stay a million miles away from any football field",16569.0,negative,0.073,0.821,0.105,0.2714
1p1isqe,1763641565.0,789,1.0,20,PHOTOS,Chris Shula appreciation post!  BuT tHe RaMs DeFeNsE iSnT eLiTe!!!,16569.0,positive,0.0,0.612,0.388,0.6209
1p1isqe,1763662154.0,526,1.0,20,PHOTOS,"Chris Shula appreciation post!  Tell the dolphins to kick rocks. Really, tell the whole NFL to kick rocks, leave our coaches alone",11046.0,positive,0.124,0.737,0.139,0.3382
1p1isqe,1763683122.0,526,1.0,20,PHOTOS,"Chris Shula appreciation post!  wdym Shula is awful! worst defensive coordinator in football! no team should even CONSIDER hiring him away from the Rams to be their head coach!!!!!!1!!!

![gif](giphy|wrBURfbZmqqXu)",11046.0,positive,0.263,0.627,0.11,-0.7946
1p1isqe,1763805786.0,526,1.0,20,PHOTOS,"Chris Shula appreciation post!  Genuinely was calling for his head in his first 5 weeks last year. Never been more wrong. This man is a genius. 

Also you have to rate Aubrey Pleasant and the DB coaches for creating this unit from zero high draft picks or expensive free agents.",11046.0,neutral,0.0,0.739,0.261,0.9344
1p1glm0,1763580181.0,18974,0.91,72,DISCUSSIONS,Ideal permanent rebrand for 2026 and beyond. Top 3 Unis in the league.  Am I the only one who HATED the helmet not matching?,1260443.0,positive,0.169,0.652,0.178,-0.186
1p1glm0,1763580274.0,9308,0.91,72,DISCUSSIONS,"Ideal permanent rebrand for 2026 and beyond. Top 3 Unis in the league.  https://preview.redd.it/2zgl03cll92g1.png?width=1169&format=png&auto=webp&s=4f95b080073d4bb0c2380a27a258cafe1f68566c

This is better",618330.0,neutral,0.0,0.616,0.384,0.7964
1p1glm0,1763580650.0,2327,0.91,72,DISCUSSIONS,"Ideal permanent rebrand for 2026 and beyond. Top 3 Unis in the league.  My only complaint about our current uniforms are the plastic numbers. The helmet grew on me, but I still prefer the old horns on the helmet.",154583.0,negative,0.041,0.867,0.092,0.25
1p1glm0,1763579567.0,4833,0.91,72,DISCUSSIONS,"Ideal permanent rebrand for 2026 and beyond. Top 3 Unis in the league.  They really just had to do those uniforms, I’ll never understand why they thought they had to rock the boat so hard",321056.0,negative,0.049,0.814,0.137,0.5161
1p1glm0,1763580318.0,1074,0.91,72,DISCUSSIONS,Ideal permanent rebrand for 2026 and beyond. Top 3 Unis in the league.  Make the helmet base color match the uniform base color and those unis would have been the best ever,71346.0,positive,0.0,0.749,0.251,0.8555
1p1glm0,1763605304.0,895,0.91,72,DISCUSSIONS,Ideal permanent rebrand for 2026 and beyond. Top 3 Unis in the league.  Blue and whites for me,59455.0,negative,0.0,0.743,0.257,0.6369
1p1glm0,1763579427.0,1969,0.91,72,DISCUSSIONS,Ideal permanent rebrand for 2026 and beyond. Top 3 Unis in the league.  Bring back the old ram with the new colors. It looks way cooler and doesn’t have a hidden dick in it like the new ram.,130801.0,positive,0.077,0.744,0.179,0.5267
1p1glm0,1763590457.0,537,0.91,72,DISCUSSIONS,"Ideal permanent rebrand for 2026 and beyond. Top 3 Unis in the league.  I would love to have the old horns back, but match the blue of the helmet with jersey.

The new horns fucking suck and always will",35673.0,positive,0.099,0.759,0.143,-0.0231
1p1glm0,1763592834.0,537,0.91,72,DISCUSSIONS,"Ideal permanent rebrand for 2026 and beyond. Top 3 Unis in the league.  Make the helmet match, and it's easily the best uniform in the NFL.",35673.0,positive,0.0,0.64,0.36,0.8957
1p1glm0,1763579332.0,1790,0.91,72,DISCUSSIONS,Ideal permanent rebrand for 2026 and beyond. Top 3 Unis in the league.  Pretty much. Don’t let those finooks designers try to do design them again. Just stick to the classics.,118910.0,positive,0.0,0.763,0.237,0.8126
1p1glm0,1763580086.0,1253,0.91,72,DISCUSSIONS,"Ideal permanent rebrand for 2026 and beyond. Top 3 Unis in the league.  Nope. What’s done is done, it’s 2025. The new unis should look even more future-forward than the current ones, and the current ones are great.
I do agree that the Rams Head logo stinks though, but that should be something completely new and not what you pictured",83237.0,positive,0.024,0.849,0.127,0.6597
1p1glm0,1763588684.0,358,0.91,72,DISCUSSIONS,Ideal permanent rebrand for 2026 and beyond. Top 3 Unis in the league.  The throwback unis are best in the league without a doubt,23782.0,neutral,0.0,0.61,0.39,0.8888
1p1glm0,1763611003.0,358,0.91,72,DISCUSSIONS,Ideal permanent rebrand for 2026 and beyond. Top 3 Unis in the league.  The first one with modern colors and a matching helmet would go crazy ngl,23782.0,positive,0.081,0.743,0.176,0.4215
1p1glm0,1763594513.0,537,0.91,72,DISCUSSIONS,Ideal permanent rebrand for 2026 and beyond. Top 3 Unis in the league.  Am I the only one who loves our uniforms that we have now,35673.0,positive,0.0,0.702,0.298,0.836
1p1glm0,1763589713.0,358,0.91,72,DISCUSSIONS,Ideal permanent rebrand for 2026 and beyond. Top 3 Unis in the league.  Bruh give me the all whites and dark blue aalllllllll dayy,23782.0,positive,0.0,0.802,0.198,0.6369
1p1glm0,1763581123.0,179,0.91,72,DISCUSSIONS,Ideal permanent rebrand for 2026 and beyond. Top 3 Unis in the league.  I like all but the yellow/gold tops personally. Would rather  keep bone or midnight blue as a alternate uni,11891.0,positive,0.0,0.718,0.282,0.8316
1p1glm0,1763581527.0,179,0.91,72,DISCUSSIONS,Ideal permanent rebrand for 2026 and beyond. Top 3 Unis in the league.  The third one was always the best.,11891.0,positive,0.0,0.63,0.37,0.8555
1p1glm0,1763581744.0,179,0.91,72,DISCUSSIONS,Ideal permanent rebrand for 2026 and beyond. Top 3 Unis in the league.  If they carry over the current colors to the Midnight layout we'll be set. ,11891.0,positive,0.0,0.822,0.178,0.6369
1p1glm0,1763584477.0,179,0.91,72,DISCUSSIONS,"Ideal permanent rebrand for 2026 and beyond. Top 3 Unis in the league.  These would be the best uniforms in NFL.  
I love all four designs and logo.",11891.0,positive,0.0,0.618,0.382,0.9274
1p1glm0,1763584827.0,179,0.91,72,DISCUSSIONS,"Ideal permanent rebrand for 2026 and beyond. Top 3 Unis in the league.  Match the helmet, and we’re cooking with gas. 

Also, no to the Lou ram head.",11891.0,positive,0.07,0.764,0.166,0.4588
1p1covl,1763571417.0,35100,0.98,82,DISCUSSIONS,"L.A. Slowly Becoming a Rams Town Again Hi there, I moved up to Oregon a few weeks ago, but was down in SoCal visiting one of my best friends from college who lives in the area. We went to the Seahawks vs. Rams game. It was my first time to SoFi Stadium, which is beautiful. Great game, but what struck me was that the stadium was sold out and how many of those fans were wearing Rams gear. I know the joke is L.A. doesn't care about the NFL and opposing fans fill the stadium on game day, but it sure seemed like fans were at the game and getting into it. Maybe now that this year nine since their return they have built up support again, or maybe because the team has been pretty competitive since they returned, I'm not sure, but it feels like L.A. is starting to become a Rams town again. Obviously, I don't think the Rams fandom is at the same level as the Lakers or Dodgers yet, but I think the gap between them and those two franchises is closing.  Been a Rams fan since GSOT and have been in and out of LA the last 20 years. It's wild how much growth there's been in the past 10 years.

Went to Disneyland and didn't see one Niners jersey. Saw 15-20 Rams jerseys.",2855034.0,positive,0.023,0.778,0.199,0.9937
1p1covl,1763572095.0,21320,0.98,82,DISCUSSIONS,"L.A. Slowly Becoming a Rams Town Again Hi there, I moved up to Oregon a few weeks ago, but was down in SoCal visiting one of my best friends from college who lives in the area. We went to the Seahawks vs. Rams game. It was my first time to SoFi Stadium, which is beautiful. Great game, but what struck me was that the stadium was sold out and how many of those fans were wearing Rams gear. I know the joke is L.A. doesn't care about the NFL and opposing fans fill the stadium on game day, but it sure seemed like fans were at the game and getting into it. Maybe now that this year nine since their return they have built up support again, or maybe because the team has been pretty competitive since they returned, I'm not sure, but it feels like L.A. is starting to become a Rams town again. Obviously, I don't think the Rams fandom is at the same level as the Lakers or Dodgers yet, but I think the gap between them and those two franchises is closing.  The gap between the Lakers & Dodgers and the Rams is not closing, its way too big. but I think there are way more Rams fans than there had been previously, so that’s a small victory.",1734169.0,positive,0.024,0.792,0.184,0.9918
1p1covl,1763572239.0,16380,0.98,82,DISCUSSIONS,"L.A. Slowly Becoming a Rams Town Again Hi there, I moved up to Oregon a few weeks ago, but was down in SoCal visiting one of my best friends from college who lives in the area. We went to the Seahawks vs. Rams game. It was my first time to SoFi Stadium, which is beautiful. Great game, but what struck me was that the stadium was sold out and how many of those fans were wearing Rams gear. I know the joke is L.A. doesn't care about the NFL and opposing fans fill the stadium on game day, but it sure seemed like fans were at the game and getting into it. Maybe now that this year nine since their return they have built up support again, or maybe because the team has been pretty competitive since they returned, I'm not sure, but it feels like L.A. is starting to become a Rams town again. Obviously, I don't think the Rams fandom is at the same level as the Lakers or Dodgers yet, but I think the gap between them and those two franchises is closing.  We were never going to immediately win over a ton of adults with long-time allegiances to existing teams like the Raiders, 49ers, etc.   That's just not human nature. That was never the goal.

The goal is to win over the *next* generation of Angeleno football fans (and each subsequent generation going forward)....the kids.  Because I don't care how much his daddy loved the Raiders, little Johnny from L.A. is not going to keep sporting jerseys of his daddy's perennially 4-13 Raiders when his hometown Rams are winning Super Bowls and gaining national attention.  Loyalties are often developed in childhood, and current kids aren't going to have the same ""bond"" with franchises like the Raiders and 49ers like the previous generation of Angelenos did.  Especially if those teams suck.  Why would they rep a shitty non-local team (and the subsequent embarrassment) with no ties to their lives or where they're from?

Making the Rams ""L.A.'s team"" is going to eventually happen, but requires the previous generation(s) of Angelenos with other brand loyalties to die out (not to be morbid, but true) and the current young generation who grew up with the winning L.A. Rams taking over.  That will take a decade or so, but it will happen rest assured.  The old guard won't be around to rep other teams anymore.",1332349.0,positive,0.054,0.74,0.206,0.9977
1p1covl,1763576067.0,3640,0.98,82,DISCUSSIONS,"L.A. Slowly Becoming a Rams Town Again Hi there, I moved up to Oregon a few weeks ago, but was down in SoCal visiting one of my best friends from college who lives in the area. We went to the Seahawks vs. Rams game. It was my first time to SoFi Stadium, which is beautiful. Great game, but what struck me was that the stadium was sold out and how many of those fans were wearing Rams gear. I know the joke is L.A. doesn't care about the NFL and opposing fans fill the stadium on game day, but it sure seemed like fans were at the game and getting into it. Maybe now that this year nine since their return they have built up support again, or maybe because the team has been pretty competitive since they returned, I'm not sure, but it feels like L.A. is starting to become a Rams town again. Obviously, I don't think the Rams fandom is at the same level as the Lakers or Dodgers yet, but I think the gap between them and those two franchises is closing.  I'm not in LA but live in the Inland Empire, I see a lot of rams stuff now compared to when I was a kid, would say it's definitely top 3 in terms of football fandom here",296078.0,positive,0.024,0.772,0.205,0.9935
1p1covl,1763584985.0,3120,0.98,82,DISCUSSIONS,"L.A. Slowly Becoming a Rams Town Again Hi there, I moved up to Oregon a few weeks ago, but was down in SoCal visiting one of my best friends from college who lives in the area. We went to the Seahawks vs. Rams game. It was my first time to SoFi Stadium, which is beautiful. Great game, but what struck me was that the stadium was sold out and how many of those fans were wearing Rams gear. I know the joke is L.A. doesn't care about the NFL and opposing fans fill the stadium on game day, but it sure seemed like fans were at the game and getting into it. Maybe now that this year nine since their return they have built up support again, or maybe because the team has been pretty competitive since they returned, I'm not sure, but it feels like L.A. is starting to become a Rams town again. Obviously, I don't think the Rams fandom is at the same level as the Lakers or Dodgers yet, but I think the gap between them and those two franchises is closing.  Fanbase is definitely growing. I see merch in every retail store and in public you'll see people rocking Rams gear. Definitely helps that they've built a competitive/winning culture since returning to LA. With that being said, the gap between the Rams and the Dodgers or Lakers is still massive. It won’t even get close unless the Rams win multiple Lombardis. The Lakers are THE global NBA brand and have been winning forever, while the Dodgers’ popularity has blown up recently. Both teams have been part of LA’s culture and history for decades so Rams have a long way to go.",253781.0,positive,0.018,0.765,0.218,0.997
1p1covl,1763589329.0,2860,0.98,82,DISCUSSIONS,"L.A. Slowly Becoming a Rams Town Again Hi there, I moved up to Oregon a few weeks ago, but was down in SoCal visiting one of my best friends from college who lives in the area. We went to the Seahawks vs. Rams game. It was my first time to SoFi Stadium, which is beautiful. Great game, but what struck me was that the stadium was sold out and how many of those fans were wearing Rams gear. I know the joke is L.A. doesn't care about the NFL and opposing fans fill the stadium on game day, but it sure seemed like fans were at the game and getting into it. Maybe now that this year nine since their return they have built up support again, or maybe because the team has been pretty competitive since they returned, I'm not sure, but it feels like L.A. is starting to become a Rams town again. Obviously, I don't think the Rams fandom is at the same level as the Lakers or Dodgers yet, but I think the gap between them and those two franchises is closing.  “L.A. doesn't care about the NFL and opposing fans fill the stadium on game day”

I don’t get why L.A gets a bad rap when I have seen others stadiums fill up with opposing fans. “Monday Night” was a perfect example when Cowboy fans took over Allegiant Stadium.",232632.0,positive,0.052,0.759,0.188,0.9905
1p1covl,1763584544.0,2600,0.98,82,DISCUSSIONS,"L.A. Slowly Becoming a Rams Town Again Hi there, I moved up to Oregon a few weeks ago, but was down in SoCal visiting one of my best friends from college who lives in the area. We went to the Seahawks vs. Rams game. It was my first time to SoFi Stadium, which is beautiful. Great game, but what struck me was that the stadium was sold out and how many of those fans were wearing Rams gear. I know the joke is L.A. doesn't care about the NFL and opposing fans fill the stadium on game day, but it sure seemed like fans were at the game and getting into it. Maybe now that this year nine since their return they have built up support again, or maybe because the team has been pretty competitive since they returned, I'm not sure, but it feels like L.A. is starting to become a Rams town again. Obviously, I don't think the Rams fandom is at the same level as the Lakers or Dodgers yet, but I think the gap between them and those two franchises is closing.  To my fellow rams fans dont shame people for jumping in late. I saw some guy making fun of some other guy because he says new fan I could tell Puka jersey.",211484.0,positive,0.023,0.754,0.223,0.9948
1p1covl,1763608911.0,2600,0.98,82,DISCUSSIONS,"L.A. Slowly Becoming a Rams Town Again Hi there, I moved up to Oregon a few weeks ago, but was down in SoCal visiting one of my best friends from college who lives in the area. We went to the Seahawks vs. Rams game. It was my first time to SoFi Stadium, which is beautiful. Great game, but what struck me was that the stadium was sold out and how many of those fans were wearing Rams gear. I know the joke is L.A. doesn't care about the NFL and opposing fans fill the stadium on game day, but it sure seemed like fans were at the game and getting into it. Maybe now that this year nine since their return they have built up support again, or maybe because the team has been pretty competitive since they returned, I'm not sure, but it feels like L.A. is starting to become a Rams town again. Obviously, I don't think the Rams fandom is at the same level as the Lakers or Dodgers yet, but I think the gap between them and those two franchises is closing.  Never understood why so many LA people still root for the bum ass Raiders. That is a true poverty franchise.",211484.0,positive,0.062,0.736,0.202,0.9888
1p1covl,1763572790.0,2080,0.98,82,DISCUSSIONS,"L.A. Slowly Becoming a Rams Town Again Hi there, I moved up to Oregon a few weeks ago, but was down in SoCal visiting one of my best friends from college who lives in the area. We went to the Seahawks vs. Rams game. It was my first time to SoFi Stadium, which is beautiful. Great game, but what struck me was that the stadium was sold out and how many of those fans were wearing Rams gear. I know the joke is L.A. doesn't care about the NFL and opposing fans fill the stadium on game day, but it sure seemed like fans were at the game and getting into it. Maybe now that this year nine since their return they have built up support again, or maybe because the team has been pretty competitive since they returned, I'm not sure, but it feels like L.A. is starting to become a Rams town again. Obviously, I don't think the Rams fandom is at the same level as the Lakers or Dodgers yet, but I think the gap between them and those two franchises is closing.  It's definitely growing, I went on a 3 day cruise, on sunday Surprisingly just as many Rams jerseys as Niner jerseys. It was nice that we beat them down.",169187.0,positive,0.024,0.745,0.232,0.9949
1p1covl,1763572538.0,3640,0.98,82,DISCUSSIONS,"L.A. Slowly Becoming a Rams Town Again Hi there, I moved up to Oregon a few weeks ago, but was down in SoCal visiting one of my best friends from college who lives in the area. We went to the Seahawks vs. Rams game. It was my first time to SoFi Stadium, which is beautiful. Great game, but what struck me was that the stadium was sold out and how many of those fans were wearing Rams gear. I know the joke is L.A. doesn't care about the NFL and opposing fans fill the stadium on game day, but it sure seemed like fans were at the game and getting into it. Maybe now that this year nine since their return they have built up support again, or maybe because the team has been pretty competitive since they returned, I'm not sure, but it feels like L.A. is starting to become a Rams town again. Obviously, I don't think the Rams fandom is at the same level as the Lakers or Dodgers yet, but I think the gap between them and those two franchises is closing.  This was always going to be a “rebuilding process”
After losing 20 years of not having a team.  But, so far, the Rams organization has been doing almost everything right.  But ultimately, in this bandwagon town, every winning season is going to be what eventually gets LA football back to what it always should have been.",296078.0,positive,0.034,0.783,0.183,0.9924
1p1covl,1763576508.0,1300,0.98,82,DISCUSSIONS,"L.A. Slowly Becoming a Rams Town Again Hi there, I moved up to Oregon a few weeks ago, but was down in SoCal visiting one of my best friends from college who lives in the area. We went to the Seahawks vs. Rams game. It was my first time to SoFi Stadium, which is beautiful. Great game, but what struck me was that the stadium was sold out and how many of those fans were wearing Rams gear. I know the joke is L.A. doesn't care about the NFL and opposing fans fill the stadium on game day, but it sure seemed like fans were at the game and getting into it. Maybe now that this year nine since their return they have built up support again, or maybe because the team has been pretty competitive since they returned, I'm not sure, but it feels like L.A. is starting to become a Rams town again. Obviously, I don't think the Rams fandom is at the same level as the Lakers or Dodgers yet, but I think the gap between them and those two franchises is closing.  The only reason 49ers fans sell out stadiums is because I think they have a lot of booster clubs similar to Pantone 294 that organize to sell out as they travel.  

And the 49ers promote the booster clubs directly on their website.

49ers are directly supporting their “12 Man”.

https://www.49ers.com/photos/49ers-booster-clubs-18865846",105742.0,positive,0.022,0.781,0.197,0.9941
1p1covl,1763607074.0,1300,0.98,82,DISCUSSIONS,"L.A. Slowly Becoming a Rams Town Again Hi there, I moved up to Oregon a few weeks ago, but was down in SoCal visiting one of my best friends from college who lives in the area. We went to the Seahawks vs. Rams game. It was my first time to SoFi Stadium, which is beautiful. Great game, but what struck me was that the stadium was sold out and how many of those fans were wearing Rams gear. I know the joke is L.A. doesn't care about the NFL and opposing fans fill the stadium on game day, but it sure seemed like fans were at the game and getting into it. Maybe now that this year nine since their return they have built up support again, or maybe because the team has been pretty competitive since they returned, I'm not sure, but it feels like L.A. is starting to become a Rams town again. Obviously, I don't think the Rams fandom is at the same level as the Lakers or Dodgers yet, but I think the gap between them and those two franchises is closing.  I’ve been seeing so many Rams hats around my area it’s nice to see",105742.0,positive,0.025,0.762,0.213,0.9931
1p1covl,1763576074.0,1300,0.98,82,DISCUSSIONS,"L.A. Slowly Becoming a Rams Town Again Hi there, I moved up to Oregon a few weeks ago, but was down in SoCal visiting one of my best friends from college who lives in the area. We went to the Seahawks vs. Rams game. It was my first time to SoFi Stadium, which is beautiful. Great game, but what struck me was that the stadium was sold out and how many of those fans were wearing Rams gear. I know the joke is L.A. doesn't care about the NFL and opposing fans fill the stadium on game day, but it sure seemed like fans were at the game and getting into it. Maybe now that this year nine since their return they have built up support again, or maybe because the team has been pretty competitive since they returned, I'm not sure, but it feels like L.A. is starting to become a Rams town again. Obviously, I don't think the Rams fandom is at the same level as the Lakers or Dodgers yet, but I think the gap between them and those two franchises is closing.  It’s been slow going but, yeah, it is.  I’ve always thought it would take about 20 years to get the fanbase where it should be.  Have to get a new generation to grow with the Rams while the fans of adopted teams die out.",105742.0,positive,0.042,0.774,0.184,0.9903
1p1covl,1763598463.0,1300,0.98,82,DISCUSSIONS,"L.A. Slowly Becoming a Rams Town Again Hi there, I moved up to Oregon a few weeks ago, but was down in SoCal visiting one of my best friends from college who lives in the area. We went to the Seahawks vs. Rams game. It was my first time to SoFi Stadium, which is beautiful. Great game, but what struck me was that the stadium was sold out and how many of those fans were wearing Rams gear. I know the joke is L.A. doesn't care about the NFL and opposing fans fill the stadium on game day, but it sure seemed like fans were at the game and getting into it. Maybe now that this year nine since their return they have built up support again, or maybe because the team has been pretty competitive since they returned, I'm not sure, but it feels like L.A. is starting to become a Rams town again. Obviously, I don't think the Rams fandom is at the same level as the Lakers or Dodgers yet, but I think the gap between them and those two franchises is closing.  We’re having a great season so I think that helps but I think I have seen more Rams gear this season than any other season since they moved back to LA.",105742.0,positive,0.024,0.756,0.221,0.9947
1p1covl,1763583817.0,1040,0.98,82,DISCUSSIONS,"L.A. Slowly Becoming a Rams Town Again Hi there, I moved up to Oregon a few weeks ago, but was down in SoCal visiting one of my best friends from college who lives in the area. We went to the Seahawks vs. Rams game. It was my first time to SoFi Stadium, which is beautiful. Great game, but what struck me was that the stadium was sold out and how many of those fans were wearing Rams gear. I know the joke is L.A. doesn't care about the NFL and opposing fans fill the stadium on game day, but it sure seemed like fans were at the game and getting into it. Maybe now that this year nine since their return they have built up support again, or maybe because the team has been pretty competitive since they returned, I'm not sure, but it feels like L.A. is starting to become a Rams town again. Obviously, I don't think the Rams fandom is at the same level as the Lakers or Dodgers yet, but I think the gap between them and those two franchises is closing.  Slowly but surely yes, but thats what a 20 year hiatus will do to a local fan base. It is steadily growing and one more SB win either this season or in the next upcoming seasons would likely convert alot of other local fans who root for other teams into Rams fans. Who's Houuuuse???",84594.0,positive,0.021,0.75,0.229,0.9961
1p1covl,1763592420.0,1040,0.98,82,DISCUSSIONS,"L.A. Slowly Becoming a Rams Town Again Hi there, I moved up to Oregon a few weeks ago, but was down in SoCal visiting one of my best friends from college who lives in the area. We went to the Seahawks vs. Rams game. It was my first time to SoFi Stadium, which is beautiful. Great game, but what struck me was that the stadium was sold out and how many of those fans were wearing Rams gear. I know the joke is L.A. doesn't care about the NFL and opposing fans fill the stadium on game day, but it sure seemed like fans were at the game and getting into it. Maybe now that this year nine since their return they have built up support again, or maybe because the team has been pretty competitive since they returned, I'm not sure, but it feels like L.A. is starting to become a Rams town again. Obviously, I don't think the Rams fandom is at the same level as the Lakers or Dodgers yet, but I think the gap between them and those two franchises is closing.  There are now few dozens of us than before!",84594.0,positive,0.026,0.769,0.205,0.992
1p1covl,1763583458.0,1560,0.98,82,DISCUSSIONS,"L.A. Slowly Becoming a Rams Town Again Hi there, I moved up to Oregon a few weeks ago, but was down in SoCal visiting one of my best friends from college who lives in the area. We went to the Seahawks vs. Rams game. It was my first time to SoFi Stadium, which is beautiful. Great game, but what struck me was that the stadium was sold out and how many of those fans were wearing Rams gear. I know the joke is L.A. doesn't care about the NFL and opposing fans fill the stadium on game day, but it sure seemed like fans were at the game and getting into it. Maybe now that this year nine since their return they have built up support again, or maybe because the team has been pretty competitive since they returned, I'm not sure, but it feels like L.A. is starting to become a Rams town again. Obviously, I don't think the Rams fandom is at the same level as the Lakers or Dodgers yet, but I think the gap between them and those two franchises is closing.  Give it another decade and it'll reach the level of a true hometown advantage. I grew up in LA (lived in SD the last 12 years), but in the 90s through the 00s there was just no local football at all. So you've got a whole generation of people like me in their late 20s/early 30s who just had nothing local to root for. I got into the Rams after they moved back and because one of my buddies is a diehard since St. Louis, and over the last 5 years I went from a casual watcher to a diehard that watches every game, highlight recaps the next day, and goes to 1-2 games a year. It hits you fast once you have a team to root for.  

In ten years you'll have a whole generation that reaches their teenage years/early 20s who could have been raised on the Rams being in LA their entire youth and that will supplement the fanbase big time. You'll still run into things like certain teams flooding the stadium for their one game every few years (that's just inevitable), but the home field advantage will continue to grow over time. I've been to the Seattle @ SOFI game each of the last three years and the number of Rams fans has just continued to grow per outing. 

Some more sustained success and just the passage of time will make LA eventually a real football town again. It's the same thing with the Dodgers who were a far second to the Lakers when I grew up, but new ownership and being a ridiculously successful team has led to them overtaking the Lakers locally in the last few years.",126890.0,positive,0.023,0.813,0.164,0.9971
1p1covl,1763580000.0,780,0.98,82,DISCUSSIONS,"L.A. Slowly Becoming a Rams Town Again Hi there, I moved up to Oregon a few weeks ago, but was down in SoCal visiting one of my best friends from college who lives in the area. We went to the Seahawks vs. Rams game. It was my first time to SoFi Stadium, which is beautiful. Great game, but what struck me was that the stadium was sold out and how many of those fans were wearing Rams gear. I know the joke is L.A. doesn't care about the NFL and opposing fans fill the stadium on game day, but it sure seemed like fans were at the game and getting into it. Maybe now that this year nine since their return they have built up support again, or maybe because the team has been pretty competitive since they returned, I'm not sure, but it feels like L.A. is starting to become a Rams town again. Obviously, I don't think the Rams fandom is at the same level as the Lakers or Dodgers yet, but I think the gap between them and those two franchises is closing.  Vivid Seats shows that ticket sales from LA, OC, Ventura, Kern, San Bernardino, Santa Barbara, and Inyo indicate a decent Rams support plus random out of state areas, so I take it as a great thing.  
[https://www.vividseats.com/blog/most-popular-nfl-teams-by-state-county](https://www.vividseats.com/blog/most-popular-nfl-teams-by-state-county)",63445.0,positive,0.023,0.763,0.214,0.9947
1p1covl,1763732669.0,780,0.98,82,DISCUSSIONS,"L.A. Slowly Becoming a Rams Town Again Hi there, I moved up to Oregon a few weeks ago, but was down in SoCal visiting one of my best friends from college who lives in the area. We went to the Seahawks vs. Rams game. It was my first time to SoFi Stadium, which is beautiful. Great game, but what struck me was that the stadium was sold out and how many of those fans were wearing Rams gear. I know the joke is L.A. doesn't care about the NFL and opposing fans fill the stadium on game day, but it sure seemed like fans were at the game and getting into it. Maybe now that this year nine since their return they have built up support again, or maybe because the team has been pretty competitive since they returned, I'm not sure, but it feels like L.A. is starting to become a Rams town again. Obviously, I don't think the Rams fandom is at the same level as the Lakers or Dodgers yet, but I think the gap between them and those two franchises is closing.  I’ve lived in LA most of my life.  I was a Raider fan until they left in 1995.  Then I stopped watching the NFL.   After the Rams came back I became a Rams fan.  LA is embracing the Rams in a big way.   Still a ways to go.",63445.0,positive,0.031,0.771,0.197,0.993
1p1covl,1763661941.0,520,0.98,82,DISCUSSIONS,"L.A. Slowly Becoming a Rams Town Again Hi there, I moved up to Oregon a few weeks ago, but was down in SoCal visiting one of my best friends from college who lives in the area. We went to the Seahawks vs. Rams game. It was my first time to SoFi Stadium, which is beautiful. Great game, but what struck me was that the stadium was sold out and how many of those fans were wearing Rams gear. I know the joke is L.A. doesn't care about the NFL and opposing fans fill the stadium on game day, but it sure seemed like fans were at the game and getting into it. Maybe now that this year nine since their return they have built up support again, or maybe because the team has been pretty competitive since they returned, I'm not sure, but it feels like L.A. is starting to become a Rams town again. Obviously, I don't think the Rams fandom is at the same level as the Lakers or Dodgers yet, but I think the gap between them and those two franchises is closing.  Ready for Sunday",42297.0,positive,0.027,0.751,0.222,0.9929
1p17fq7,1763559660.0,161712,1.0,83,DISCUSSIONS,"Seven Years Ago Today What was possibly the greatest Monday Night Football game that was ever played!

The game featured 14 total touchdowns, 1,001 combined offensive yards, and 105 total points.                  

* Final Score: Rams 54, Chiefs 51
* Combined Yards: 1,001
* Combined Touchdowns:14
* Total Points: 105
* Lead Changes: 8 

Quarterback stats
* Patrick Mahomes (Chiefs): 478 passing yards, 6 touchdowns, 2 interceptions
* Jared Goff (Rams): 413 passing yards, 4 touchdowns, 1 rushing touchdown 

Other notable stats
* Tyreek Hill (Chiefs): 215 receiving yards on 10 catches
* Todd Gurley (Rams):Reached 1,000 rushing yards for the season
* Defensive Touchdowns:Three total, with two scored by the Rams' Samson Ebukam and one by the Chiefs' Allen Bailey 
 I had to be to work at 4am that next morning. I never thought that game was gonna end lol we’d get a comfortable lead. Then it would vanish and then we were behind. There was no defense, but there was defense. All in all, that’s the best game I’ve ever seen in 26 years of watching football.",13583808.0,positive,0.021,0.872,0.107,0.9168
1p17fq7,1763559978.0,93209,1.0,83,DISCUSSIONS,"Seven Years Ago Today What was possibly the greatest Monday Night Football game that was ever played!

The game featured 14 total touchdowns, 1,001 combined offensive yards, and 105 total points.                  

* Final Score: Rams 54, Chiefs 51
* Combined Yards: 1,001
* Combined Touchdowns:14
* Total Points: 105
* Lead Changes: 8 

Quarterback stats
* Patrick Mahomes (Chiefs): 478 passing yards, 6 touchdowns, 2 interceptions
* Jared Goff (Rams): 413 passing yards, 4 touchdowns, 1 rushing touchdown 

Other notable stats
* Tyreek Hill (Chiefs): 215 receiving yards on 10 catches
* Todd Gurley (Rams):Reached 1,000 rushing yards for the season
* Defensive Touchdowns:Three total, with two scored by the Rams' Samson Ebukam and one by the Chiefs' Allen Bailey 
 Best game ever attended...",7829556.0,positive,0.025,0.873,0.102,0.8478
1p17fq7,1763558916.0,51658,1.0,83,DISCUSSIONS,"Seven Years Ago Today What was possibly the greatest Monday Night Football game that was ever played!

The game featured 14 total touchdowns, 1,001 combined offensive yards, and 105 total points.                  

* Final Score: Rams 54, Chiefs 51
* Combined Yards: 1,001
* Combined Touchdowns:14
* Total Points: 105
* Lead Changes: 8 

Quarterback stats
* Patrick Mahomes (Chiefs): 478 passing yards, 6 touchdowns, 2 interceptions
* Jared Goff (Rams): 413 passing yards, 4 touchdowns, 1 rushing touchdown 

Other notable stats
* Tyreek Hill (Chiefs): 215 receiving yards on 10 catches
* Todd Gurley (Rams):Reached 1,000 rushing yards for the season
* Defensive Touchdowns:Three total, with two scored by the Rams' Samson Ebukam and one by the Chiefs' Allen Bailey 
 I live in the UK, the time difference makes so I can almost never stay up to watch prime time games. I decided randomly to stay up for this one game and I'm so glad I did",4339272.0,positive,0.02,0.9,0.08,0.8342
1p17fq7,1763560297.0,39305,1.0,83,DISCUSSIONS,"Seven Years Ago Today What was possibly the greatest Monday Night Football game that was ever played!

The game featured 14 total touchdowns, 1,001 combined offensive yards, and 105 total points.                  

* Final Score: Rams 54, Chiefs 51
* Combined Yards: 1,001
* Combined Touchdowns:14
* Total Points: 105
* Lead Changes: 8 

Quarterback stats
* Patrick Mahomes (Chiefs): 478 passing yards, 6 touchdowns, 2 interceptions
* Jared Goff (Rams): 413 passing yards, 4 touchdowns, 1 rushing touchdown 

Other notable stats
* Tyreek Hill (Chiefs): 215 receiving yards on 10 catches
* Todd Gurley (Rams):Reached 1,000 rushing yards for the season
* Defensive Touchdowns:Three total, with two scored by the Rams' Samson Ebukam and one by the Chiefs' Allen Bailey 
 This is the greatest football game I have ever watched and up there as one of the best games of all time.",3301620.0,positive,0.022,0.861,0.118,0.9245
1p17fq7,1763559952.0,87594,1.0,83,DISCUSSIONS,"Seven Years Ago Today What was possibly the greatest Monday Night Football game that was ever played!

The game featured 14 total touchdowns, 1,001 combined offensive yards, and 105 total points.                  

* Final Score: Rams 54, Chiefs 51
* Combined Yards: 1,001
* Combined Touchdowns:14
* Total Points: 105
* Lead Changes: 8 

Quarterback stats
* Patrick Mahomes (Chiefs): 478 passing yards, 6 touchdowns, 2 interceptions
* Jared Goff (Rams): 413 passing yards, 4 touchdowns, 1 rushing touchdown 

Other notable stats
* Tyreek Hill (Chiefs): 215 receiving yards on 10 catches
* Todd Gurley (Rams):Reached 1,000 rushing yards for the season
* Defensive Touchdowns:Three total, with two scored by the Rams' Samson Ebukam and one by the Chiefs' Allen Bailey 
 Mahomes threw 3INTs and the rams barely won by three…  /s",7357896.0,positive,0.024,0.885,0.091,0.8126
1p17fq7,1763563350.0,12353,1.0,83,DISCUSSIONS,"Seven Years Ago Today What was possibly the greatest Monday Night Football game that was ever played!

The game featured 14 total touchdowns, 1,001 combined offensive yards, and 105 total points.                  

* Final Score: Rams 54, Chiefs 51
* Combined Yards: 1,001
* Combined Touchdowns:14
* Total Points: 105
* Lead Changes: 8 

Quarterback stats
* Patrick Mahomes (Chiefs): 478 passing yards, 6 touchdowns, 2 interceptions
* Jared Goff (Rams): 413 passing yards, 4 touchdowns, 1 rushing touchdown 

Other notable stats
* Tyreek Hill (Chiefs): 215 receiving yards on 10 catches
* Todd Gurley (Rams):Reached 1,000 rushing yards for the season
* Defensive Touchdowns:Three total, with two scored by the Rams' Samson Ebukam and one by the Chiefs' Allen Bailey 
 This was my first ever NFL game in person, safe to say I have been a Rams fan ever since.",1037652.0,positive,0.023,0.878,0.099,0.8478
1p17fq7,1763563098.0,25829,1.0,83,DISCUSSIONS,"Seven Years Ago Today What was possibly the greatest Monday Night Football game that was ever played!

The game featured 14 total touchdowns, 1,001 combined offensive yards, and 105 total points.                  

* Final Score: Rams 54, Chiefs 51
* Combined Yards: 1,001
* Combined Touchdowns:14
* Total Points: 105
* Lead Changes: 8 

Quarterback stats
* Patrick Mahomes (Chiefs): 478 passing yards, 6 touchdowns, 2 interceptions
* Jared Goff (Rams): 413 passing yards, 4 touchdowns, 1 rushing touchdown 

Other notable stats
* Tyreek Hill (Chiefs): 215 receiving yards on 10 catches
* Todd Gurley (Rams):Reached 1,000 rushing yards for the season
* Defensive Touchdowns:Three total, with two scored by the Rams' Samson Ebukam and one by the Chiefs' Allen Bailey 
 That game was originally supposed to be played in Mexico but got moved back to the coliseum last minute because the stadiums field in Mexico was trashed by the soccer team. My father and I made a trip out of it to visit family and see the game, but when the game got moved we altered it so we got home on the day of the game and went straight from LAX to the game lol. Little did we know how epic it would be!",2169636.0,positive,0.01,0.92,0.07,0.8652
1p17fq7,1763562574.0,10107,1.0,83,DISCUSSIONS,"Seven Years Ago Today What was possibly the greatest Monday Night Football game that was ever played!

The game featured 14 total touchdowns, 1,001 combined offensive yards, and 105 total points.                  

* Final Score: Rams 54, Chiefs 51
* Combined Yards: 1,001
* Combined Touchdowns:14
* Total Points: 105
* Lead Changes: 8 

Quarterback stats
* Patrick Mahomes (Chiefs): 478 passing yards, 6 touchdowns, 2 interceptions
* Jared Goff (Rams): 413 passing yards, 4 touchdowns, 1 rushing touchdown 

Other notable stats
* Tyreek Hill (Chiefs): 215 receiving yards on 10 catches
* Todd Gurley (Rams):Reached 1,000 rushing yards for the season
* Defensive Touchdowns:Three total, with two scored by the Rams' Samson Ebukam and one by the Chiefs' Allen Bailey 
 As a die hard rams fan I unfortunately missed this one live because I was getting a kidney transplant at the time. My first words when they woke me up though were “Did we win?”",848988.0,positive,0.088,0.846,0.067,-0.4926
1p17fq7,1763571607.0,10107,1.0,83,DISCUSSIONS,"Seven Years Ago Today What was possibly the greatest Monday Night Football game that was ever played!

The game featured 14 total touchdowns, 1,001 combined offensive yards, and 105 total points.                  

* Final Score: Rams 54, Chiefs 51
* Combined Yards: 1,001
* Combined Touchdowns:14
* Total Points: 105
* Lead Changes: 8 

Quarterback stats
* Patrick Mahomes (Chiefs): 478 passing yards, 6 touchdowns, 2 interceptions
* Jared Goff (Rams): 413 passing yards, 4 touchdowns, 1 rushing touchdown 

Other notable stats
* Tyreek Hill (Chiefs): 215 receiving yards on 10 catches
* Todd Gurley (Rams):Reached 1,000 rushing yards for the season
* Defensive Touchdowns:Three total, with two scored by the Rams' Samson Ebukam and one by the Chiefs' Allen Bailey 
 I was there with my spouse. After it was over I said, ""That was probably the greatest game I've ever seen."" She shrugged and said, ""Okay,"" 

It was then I knew she'd never be a football fan.",848988.0,positive,0.033,0.885,0.082,0.8036
1p17fq7,1763561339.0,7861,1.0,83,DISCUSSIONS,"Seven Years Ago Today What was possibly the greatest Monday Night Football game that was ever played!

The game featured 14 total touchdowns, 1,001 combined offensive yards, and 105 total points.                  

* Final Score: Rams 54, Chiefs 51
* Combined Yards: 1,001
* Combined Touchdowns:14
* Total Points: 105
* Lead Changes: 8 

Quarterback stats
* Patrick Mahomes (Chiefs): 478 passing yards, 6 touchdowns, 2 interceptions
* Jared Goff (Rams): 413 passing yards, 4 touchdowns, 1 rushing touchdown 

Other notable stats
* Tyreek Hill (Chiefs): 215 receiving yards on 10 catches
* Todd Gurley (Rams):Reached 1,000 rushing yards for the season
* Defensive Touchdowns:Three total, with two scored by the Rams' Samson Ebukam and one by the Chiefs' Allen Bailey 
 Best game ever!!",660324.0,positive,0.025,0.867,0.108,0.8682
1p17fq7,1763561510.0,7861,1.0,83,DISCUSSIONS,"Seven Years Ago Today What was possibly the greatest Monday Night Football game that was ever played!

The game featured 14 total touchdowns, 1,001 combined offensive yards, and 105 total points.                  

* Final Score: Rams 54, Chiefs 51
* Combined Yards: 1,001
* Combined Touchdowns:14
* Total Points: 105
* Lead Changes: 8 

Quarterback stats
* Patrick Mahomes (Chiefs): 478 passing yards, 6 touchdowns, 2 interceptions
* Jared Goff (Rams): 413 passing yards, 4 touchdowns, 1 rushing touchdown 

Other notable stats
* Tyreek Hill (Chiefs): 215 receiving yards on 10 catches
* Todd Gurley (Rams):Reached 1,000 rushing yards for the season
* Defensive Touchdowns:Three total, with two scored by the Rams' Samson Ebukam and one by the Chiefs' Allen Bailey 
 We were there! What a game!",660324.0,positive,0.026,0.902,0.073,0.6784
1p17fq7,1763568205.0,7861,1.0,83,DISCUSSIONS,"Seven Years Ago Today What was possibly the greatest Monday Night Football game that was ever played!

The game featured 14 total touchdowns, 1,001 combined offensive yards, and 105 total points.                  

* Final Score: Rams 54, Chiefs 51
* Combined Yards: 1,001
* Combined Touchdowns:14
* Total Points: 105
* Lead Changes: 8 

Quarterback stats
* Patrick Mahomes (Chiefs): 478 passing yards, 6 touchdowns, 2 interceptions
* Jared Goff (Rams): 413 passing yards, 4 touchdowns, 1 rushing touchdown 

Other notable stats
* Tyreek Hill (Chiefs): 215 receiving yards on 10 catches
* Todd Gurley (Rams):Reached 1,000 rushing yards for the season
* Defensive Touchdowns:Three total, with two scored by the Rams' Samson Ebukam and one by the Chiefs' Allen Bailey 
 One of the best NFL games ever played.",660324.0,positive,0.024,0.859,0.117,0.8908
1p17fq7,1763572888.0,7861,1.0,83,DISCUSSIONS,"Seven Years Ago Today What was possibly the greatest Monday Night Football game that was ever played!

The game featured 14 total touchdowns, 1,001 combined offensive yards, and 105 total points.                  

* Final Score: Rams 54, Chiefs 51
* Combined Yards: 1,001
* Combined Touchdowns:14
* Total Points: 105
* Lead Changes: 8 

Quarterback stats
* Patrick Mahomes (Chiefs): 478 passing yards, 6 touchdowns, 2 interceptions
* Jared Goff (Rams): 413 passing yards, 4 touchdowns, 1 rushing touchdown 

Other notable stats
* Tyreek Hill (Chiefs): 215 receiving yards on 10 catches
* Todd Gurley (Rams):Reached 1,000 rushing yards for the season
* Defensive Touchdowns:Three total, with two scored by the Rams' Samson Ebukam and one by the Chiefs' Allen Bailey 
 How you score 51 points and still lose is mind blowing 🤯 

One of the best game!",660324.0,positive,0.043,0.863,0.094,0.7772
1p17fq7,1763573282.0,6738,1.0,83,DISCUSSIONS,"Seven Years Ago Today What was possibly the greatest Monday Night Football game that was ever played!

The game featured 14 total touchdowns, 1,001 combined offensive yards, and 105 total points.                  

* Final Score: Rams 54, Chiefs 51
* Combined Yards: 1,001
* Combined Touchdowns:14
* Total Points: 105
* Lead Changes: 8 

Quarterback stats
* Patrick Mahomes (Chiefs): 478 passing yards, 6 touchdowns, 2 interceptions
* Jared Goff (Rams): 413 passing yards, 4 touchdowns, 1 rushing touchdown 

Other notable stats
* Tyreek Hill (Chiefs): 215 receiving yards on 10 catches
* Todd Gurley (Rams):Reached 1,000 rushing yards for the season
* Defensive Touchdowns:Three total, with two scored by the Rams' Samson Ebukam and one by the Chiefs' Allen Bailey 
 Sold two of my five tix, buyers were chiefs fans.  After a while my friends and I and those fellas were high fiving and bro-hugging no matter what happened or who scored; kind of didn’t matter who was winning we just all knew we were witnessing something special.",565992.0,positive,0.031,0.851,0.117,0.9041
1p17fq7,1763572101.0,6738,1.0,83,DISCUSSIONS,"Seven Years Ago Today What was possibly the greatest Monday Night Football game that was ever played!

The game featured 14 total touchdowns, 1,001 combined offensive yards, and 105 total points.                  

* Final Score: Rams 54, Chiefs 51
* Combined Yards: 1,001
* Combined Touchdowns:14
* Total Points: 105
* Lead Changes: 8 

Quarterback stats
* Patrick Mahomes (Chiefs): 478 passing yards, 6 touchdowns, 2 interceptions
* Jared Goff (Rams): 413 passing yards, 4 touchdowns, 1 rushing touchdown 

Other notable stats
* Tyreek Hill (Chiefs): 215 receiving yards on 10 catches
* Todd Gurley (Rams):Reached 1,000 rushing yards for the season
* Defensive Touchdowns:Three total, with two scored by the Rams' Samson Ebukam and one by the Chiefs' Allen Bailey 
 One of the best regular season NFL games I've ever watched and easily the best game Goff has ever played.",565992.0,positive,0.021,0.829,0.15,0.9531
1p17fq7,1763564729.0,5615,1.0,83,DISCUSSIONS,"Seven Years Ago Today What was possibly the greatest Monday Night Football game that was ever played!

The game featured 14 total touchdowns, 1,001 combined offensive yards, and 105 total points.                  

* Final Score: Rams 54, Chiefs 51
* Combined Yards: 1,001
* Combined Touchdowns:14
* Total Points: 105
* Lead Changes: 8 

Quarterback stats
* Patrick Mahomes (Chiefs): 478 passing yards, 6 touchdowns, 2 interceptions
* Jared Goff (Rams): 413 passing yards, 4 touchdowns, 1 rushing touchdown 

Other notable stats
* Tyreek Hill (Chiefs): 215 receiving yards on 10 catches
* Todd Gurley (Rams):Reached 1,000 rushing yards for the season
* Defensive Touchdowns:Three total, with two scored by the Rams' Samson Ebukam and one by the Chiefs' Allen Bailey 
 I remember that this game was supposed to be played in Mexico but they changed it to the LA coliseum. That was a great decision. The entire city of Los Angeles was electrified by that game and I honestly think playing this game in LA solidified the Rams popularity in Los Angeles.",471660.0,positive,0.012,0.851,0.137,0.9654
1p17fq7,1763568415.0,4492,1.0,83,DISCUSSIONS,"Seven Years Ago Today What was possibly the greatest Monday Night Football game that was ever played!

The game featured 14 total touchdowns, 1,001 combined offensive yards, and 105 total points.                  

* Final Score: Rams 54, Chiefs 51
* Combined Yards: 1,001
* Combined Touchdowns:14
* Total Points: 105
* Lead Changes: 8 

Quarterback stats
* Patrick Mahomes (Chiefs): 478 passing yards, 6 touchdowns, 2 interceptions
* Jared Goff (Rams): 413 passing yards, 4 touchdowns, 1 rushing touchdown 

Other notable stats
* Tyreek Hill (Chiefs): 215 receiving yards on 10 catches
* Todd Gurley (Rams):Reached 1,000 rushing yards for the season
* Defensive Touchdowns:Three total, with two scored by the Rams' Samson Ebukam and one by the Chiefs' Allen Bailey 
 https://preview.redd.it/vbz1lr8cm82g1.jpeg?width=4618&format=pjpg&auto=webp&s=f08f178ac7023d1f2e97d3e8a165fdb7e0fe5dde

Called out sick to go to the game.  Witness a Coliseum classic.  Worth every penny of it.",377328.0,positive,0.048,0.878,0.075,0.3802
1p17fq7,1763577290.0,4492,1.0,83,DISCUSSIONS,"Seven Years Ago Today What was possibly the greatest Monday Night Football game that was ever played!

The game featured 14 total touchdowns, 1,001 combined offensive yards, and 105 total points.                  

* Final Score: Rams 54, Chiefs 51
* Combined Yards: 1,001
* Combined Touchdowns:14
* Total Points: 105
* Lead Changes: 8 

Quarterback stats
* Patrick Mahomes (Chiefs): 478 passing yards, 6 touchdowns, 2 interceptions
* Jared Goff (Rams): 413 passing yards, 4 touchdowns, 1 rushing touchdown 

Other notable stats
* Tyreek Hill (Chiefs): 215 receiving yards on 10 catches
* Todd Gurley (Rams):Reached 1,000 rushing yards for the season
* Defensive Touchdowns:Three total, with two scored by the Rams' Samson Ebukam and one by the Chiefs' Allen Bailey 
 My boss got two comp’d tickets to this game and he couldn’t attend so he gave the tickets to me and my colleague - 50 yard line, 15 rows up, Rams side of the field. Atmosphere felt like a playoff game. To this day, still the best fringe benefit I’ve ever received.",377328.0,positive,0.018,0.877,0.105,0.9286
1p17fq7,1763579279.0,4492,1.0,83,DISCUSSIONS,"Seven Years Ago Today What was possibly the greatest Monday Night Football game that was ever played!

The game featured 14 total touchdowns, 1,001 combined offensive yards, and 105 total points.                  

* Final Score: Rams 54, Chiefs 51
* Combined Yards: 1,001
* Combined Touchdowns:14
* Total Points: 105
* Lead Changes: 8 

Quarterback stats
* Patrick Mahomes (Chiefs): 478 passing yards, 6 touchdowns, 2 interceptions
* Jared Goff (Rams): 413 passing yards, 4 touchdowns, 1 rushing touchdown 

Other notable stats
* Tyreek Hill (Chiefs): 215 receiving yards on 10 catches
* Todd Gurley (Rams):Reached 1,000 rushing yards for the season
* Defensive Touchdowns:Three total, with two scored by the Rams' Samson Ebukam and one by the Chiefs' Allen Bailey 
 I got so very lucky and had a coworker who had an extra ticket. Not only did I not have to pay, but the seats were awesome. We even had a private town car driver WITH beverages, who dropped us off and picked us up only a few blocks away from the stadium.

The game was unbelievable. The section we were in had all Rams fans and ONE KC fan who was not shy about rooting for his team. It was so much fun jabbing back and forth with this guy, all in jest, of course.

I only purchased one tall boy at halftime. Because the game was so tight and scoring was so frequent, I didn't want to miss any of the action to get another beer lol. 

The ONLY downside was the halftime show. It featured The Chainsmokers, who were popular at the time, but I thought they sucked. 

Moral of the story: Don't be a dick at work",377328.0,neutral,0.043,0.821,0.136,0.9771
1p17fq7,1763579442.0,4492,1.0,83,DISCUSSIONS,"Seven Years Ago Today What was possibly the greatest Monday Night Football game that was ever played!

The game featured 14 total touchdowns, 1,001 combined offensive yards, and 105 total points.                  

* Final Score: Rams 54, Chiefs 51
* Combined Yards: 1,001
* Combined Touchdowns:14
* Total Points: 105
* Lead Changes: 8 

Quarterback stats
* Patrick Mahomes (Chiefs): 478 passing yards, 6 touchdowns, 2 interceptions
* Jared Goff (Rams): 413 passing yards, 4 touchdowns, 1 rushing touchdown 

Other notable stats
* Tyreek Hill (Chiefs): 215 receiving yards on 10 catches
* Todd Gurley (Rams):Reached 1,000 rushing yards for the season
* Defensive Touchdowns:Three total, with two scored by the Rams' Samson Ebukam and one by the Chiefs' Allen Bailey 
 Only Rams game I've attended in person. I picked a good one! lol.",377328.0,positive,0.024,0.866,0.11,0.8745
1p0macx,1763497883.0,7889,0.98,13,NEWS,"The rams turns nobody's into champions  Damn, the Sean McVay Tree breeds success everywhere!",108237.0,negative,0.128,0.522,0.35,0.69
1p0macx,1763496677.0,4186,0.98,13,NEWS,The rams turns nobody's into champions  See what happens when you break away from Chad gable?,57432.0,neutral,0.0,0.815,0.185,0.5267
1p0macx,1763497239.0,966,0.98,13,NEWS,The rams turns nobody's into champions  Damn I didn’t know that,13254.0,neutral,0.191,0.567,0.241,0.1779
1p0macx,1763496518.0,1127,0.98,13,NEWS,The rams turns nobody's into champions  Dang she could give me the choke slam anytime,15462.0,neutral,0.284,0.558,0.158,-0.4019
1p0macx,1763530711.0,483,0.98,13,NEWS,The rams turns nobody's into champions  The perfect woman does not exi-,6627.0,neutral,0.0,0.585,0.415,0.7964
1p0m3mt,1763495952.0,83309,0.98,108,DISCUSSIONS,This is why getting that bye is very important imo.. Title. And this is why we should have beat the frickin niners in that Thursday night game. I pray that one doesn't come back to haunt us.,8899067.0,neutral,0.067,0.823,0.11,0.1761
1p0m3mt,1763496125.0,56885,0.98,108,DISCUSSIONS,This is why getting that bye is very important imo.. Title. Who cares just play the games and let the chips fall. Its the playoffs every team will be tough.,6076456.0,neutral,0.043,0.743,0.214,0.7178
1p0m3mt,1763496062.0,13212,0.98,108,DISCUSSIONS,"This is why getting that bye is very important imo.. Title. Eagles play the Bears and the Bills as their most completive remaining games followed by Cowboys and Chargers, with some opportunity for traps games by some of the worst teams in the league. Come on Bears and Bills.",1411306.0,neutral,0.073,0.798,0.129,0.2944
1p0m3mt,1763496623.0,6973,0.98,108,DISCUSSIONS,This is why getting that bye is very important imo.. Title. Are you implying that only having to win 3 games is more valuable than having to win 4?!,744856.0,neutral,0.0,0.642,0.358,0.9243
1p0m3mt,1763497333.0,7340,0.98,108,DISCUSSIONS,This is why getting that bye is very important imo.. Title. Why? We'll just beat in the Wild Card. You don't become champions by dodging teams.,784059.0,positive,0.143,0.786,0.072,-0.2693
1p0m3mt,1763500743.0,5505,0.98,108,DISCUSSIONS,This is why getting that bye is very important imo.. Title. Not having to play in Philly is the main thing,588044.0,neutral,0.088,0.821,0.09,0.0147
1p0m3mt,1763497414.0,5138,0.98,108,DISCUSSIONS,"This is why getting that bye is very important imo.. Title. Any team, anytime, anywhere.",548841.0,negative,0.0,0.87,0.13,0.2716
1p0m3mt,1763497892.0,4404,0.98,108,DISCUSSIONS,"This is why getting that bye is very important imo.. Title. The NFC west is really going to have 3 teams in the playoffs, isn’t it?  

What a gauntlet of a division.",470435.0,neutral,0.132,0.805,0.062,-0.5171
1p0m3mt,1763499873.0,2936,0.98,108,DISCUSSIONS,This is why getting that bye is very important imo.. Title. Honestly I don’t care who the Rams got to play. They are by far looking like the most complete team in the NFC and have a good chance to win against anybody.,313624.0,negative,0.076,0.549,0.375,0.9378
1p0m3mt,1763497442.0,2202,0.98,108,DISCUSSIONS,"This is why getting that bye is very important imo.. Title. It’s nice, but not important. We’re still not guaranteed to win the division, we got tough games coming up and the Seahawks and whiners are right there with easier schedules remaining. The losses hurt, but it’s the nfl and the best teams almost always lose 3-5 games a year now with the 17 schedule",235218.0,neutral,0.217,0.605,0.178,-0.5353
1p0m3mt,1763496270.0,5505,0.98,108,DISCUSSIONS,This is why getting that bye is very important imo.. Title. The 7 seed is a disgrace,588044.0,positive,0.175,0.711,0.114,-0.2748
1p0m3mt,1763501304.0,2202,0.98,108,DISCUSSIONS,This is why getting that bye is very important imo.. Title. Gotta get through the Eagles to get to the Super Bowl.,235218.0,negative,0.0,0.769,0.231,0.7178
1p0m3mt,1763510394.0,1835,0.98,108,DISCUSSIONS,This is why getting that bye is very important imo.. Title. Rams should have beaten the Eagles and the Niners. I hope it won’t bite them in the ass later,196015.0,neutral,0.174,0.689,0.138,-0.3197
1p0m3mt,1763501587.0,1101,0.98,108,DISCUSSIONS,"This is why getting that bye is very important imo.. Title. We should've this ... we should be that... we are not, we didn't,  we are where we are. Let's continue winning and be ready for whatever comes...",117609.0,negative,0.0,0.814,0.186,0.7902
1p0m3mt,1763497537.0,1468,0.98,108,DISCUSSIONS,"This is why getting that bye is very important imo.. Title. Im not worried, niners got us with a good punch once and we hit back, I think we'd handle them in the playoffs. Rams v Bills Superbowl baby...also how crazy to not see the Chiefs in this picture",156812.0,neutral,0.047,0.819,0.134,0.5394
1p0m3mt,1763496038.0,2569,0.98,108,DISCUSSIONS,This is why getting that bye is very important imo.. Title. Semi-tangent; this is why the NFL was stupid as hell to only award the wildcard bye to the #1 seed when the postseason bracket got expanded in 2021.,274421.0,positive,0.165,0.72,0.115,-0.5279
1p0m3mt,1763502492.0,734,0.98,108,DISCUSSIONS,This is why getting that bye is very important imo.. Title. Hey… we have wins against 4 playoff teams as it stands,78406.0,negative,0.0,0.766,0.234,0.6997
1p0m3mt,1763505744.0,734,0.98,108,DISCUSSIONS,This is why getting that bye is very important imo.. Title. 49ers fan here. That would still basically be a bye week. You put up 40+ without even trying. The defense isn’t gonna get better between now and then.,78406.0,neutral,0.0,0.795,0.205,0.7778
1p0m3mt,1763496044.0,1101,0.98,108,DISCUSSIONS,"This is why getting that bye is very important imo.. Title. I hope the 49ers miss the playoffs tbh... Da bears too, but that's asking too much I guess...",117609.0,neutral,0.045,0.833,0.121,0.2952
1p0m3mt,1763500674.0,367,0.98,108,DISCUSSIONS,This is why getting that bye is very important imo.. Title. Bucks aren’t gonna be there…. It’s Bryce time baby😎,39203.0,neutral,0.0,0.901,0.099,0.2716
1p07yfp,1763462514.0,5520,0.99,24,DISCUSSIONS,We are now at a top 8 pick…  We can't keep getting away with it!,136620.0,neutral,0.0,0.852,0.148,0.2714
1p07yfp,1763477374.0,3840,0.99,24,DISCUSSIONS,We are now at a top 8 pick…  The fact that 3-7 is only a top 10 pick is kind of crazy. Lots of bad teams this year it feels like,95040.0,negative,0.175,0.652,0.173,-0.2716
1p07yfp,1763461746.0,4920,0.99,24,DISCUSSIONS,"We are now at a top 8 pick…  If New York keep riding with Jameis he’s going to win them a game or two. 

Washington will probably find a game or two. 

It’s a matter of who wins NOLA vs Falcons. 

Could be a top 5 pick.",121770.0,neutral,0.0,0.742,0.258,0.8807
1p07yfp,1763465034.0,960,0.99,24,DISCUSSIONS,We are now at a top 8 pick…  5-12,23760.0,neutral,0.0,0.769,0.231,0.2023
1p07yfp,1763477495.0,1080,0.99,24,DISCUSSIONS,"We are now at a top 8 pick…  Last time we saw Cousins, he looked way past his  prime and was throwing picks.  He’s going to be the QB for Atl for the rest of the season.",26730.0,neutral,0.0,0.95,0.05,0.2023
1p07yfp,1763482420.0,360,0.99,24,DISCUSSIONS,We are now at a top 8 pick…  They are screwed. Only 3 homes games left and two are against the Rams and SeaChickens.,8910.0,neutral,0.133,0.792,0.075,-0.34
1p07yfp,1763484356.0,360,0.99,24,DISCUSSIONS,We are now at a top 8 pick…  Next 2 games are huge. Go Jets and Saints!,8910.0,neutral,0.0,0.732,0.268,0.5255
1p07yfp,1763485259.0,240,0.99,24,DISCUSSIONS,We are now at a top 8 pick…  When do we start rooting for Arizona to win games?,5940.0,neutral,0.0,0.714,0.286,0.6808
1p07yfp,1763499474.0,240,0.99,24,DISCUSSIONS,We are now at a top 8 pick…  penix is out with an acl injury we might get a top 3 pick,5940.0,negative,0.131,0.701,0.168,-0.0516
1p07yfp,1763506942.0,240,0.99,24,DISCUSSIONS,We are now at a top 8 pick…  I halfway felt myself hoping for a Raider win yesterday.  That never happens!,5940.0,neutral,0.0,0.617,0.383,0.8268
1p07yfp,1763474961.0,360,0.99,24,DISCUSSIONS,We are now at a top 8 pick…  With Penix out we might very well get a top 5,8910.0,neutral,0.0,0.667,0.333,0.6115
1p07yfp,1763490352.0,120,0.99,24,DISCUSSIONS,"We are now at a top 8 pick…  Remember, Cleveland plays LV, Giants play Washington. Miami plays NYJ. Some of the teams above ATL have to win...or at least have to not lose.",2970.0,neutral,0.0,0.713,0.287,0.8155
1p07yfp,1763503822.0,120,0.99,24,DISCUSSIONS,"We are now at a top 8 pick…  Falcons have 7 games left and I think they go 3-4 the rest of the season. They can beat the saints twice and jets once but I dont think they beat the seahawks, bucs, us or even the cardinals. Worst case scenario they go 4-3 and beat the cards. Best case is they go 1-6 and lose both games to the saints.",2970.0,neutral,0.119,0.788,0.093,-0.4588
1p07yfp,1763512665.0,120,0.99,24,DISCUSSIONS,"We are now at a top 8 pick…  Hoping the Browns, Saints, Jets and Raiders all win out.",2970.0,neutral,0.0,0.607,0.393,0.8126
1p07yfp,1763590869.0,120,0.99,24,DISCUSSIONS,"We are now at a top 8 pick…  I think we can actually end up with the #1 pick

\-Falcons essentially have to lose out   
\-LV beats CLE in Wk 12  
\-CLE beats TEN in Wk 14 & CIN Wk 18  
\-NYG beats WAS in Wk 15  
\-TEN beats NO in Wk 17 & JAX in Wk 18 (starters may be out)  
\-WAS beats PHI Wk 18 (starters out)

Although this would require winning the lottery, both literally and metaphorically.",2970.0,neutral,0.069,0.868,0.064,-0.1111
1p07yfp,1763671909.0,120,0.99,24,DISCUSSIONS,We are now at a top 8 pick…  Unpopular opinion but if Stafford stays another year TRADE IT! We can keep stacking for his retirement ,2970.0,neutral,0.0,0.929,0.071,0.1759
1ozy67q,1763428398.0,3475,0.85,45,PHOTOS,These should be permanent  Yellow shoes go well,135872.0,neutral,0.0,0.769,0.231,0.2732
1ozy67q,1763437659.0,3058,0.85,45,PHOTOS,"These should be permanent  Blue and white or white and blue.

OG Rams fan.",119568.0,neutral,0.0,0.85,0.15,0.3182
1ozy67q,1763438325.0,1529,0.85,45,PHOTOS,These should be permanent  Maybe twice a year for rivalry games is cool. But White tops are still the best of the updates.,59784.0,positive,0.0,0.615,0.385,0.9169
1ozy67q,1763430713.0,2641,0.85,45,PHOTOS,These should be permanent  No. Once a year is enough for me,103263.0,neutral,0.18,0.82,0.0,-0.296
1ozy67q,1763436683.0,1112,0.85,45,PHOTOS,These should be permanent  The LA Steelers,43479.0,neutral,0.0,1.0,0.0,0.0
1ozy67q,1763430056.0,2641,0.85,45,PHOTOS,These should be permanent  No.,103263.0,neutral,0.355,0.645,0.0,-0.296
1ozy67q,1763434058.0,834,0.85,45,PHOTOS,These should be permanent  Agreed. Love em,32609.0,positive,0.0,0.442,0.558,0.743
1ozy67q,1763442292.0,278,0.85,45,PHOTOS,"These should be permanent  Nah. They are nice, but once or twice a year is good",10870.0,neutral,0.063,0.633,0.303,0.6757
1ozy67q,1763452465.0,278,0.85,45,PHOTOS,These should be permanent  Just make the color more blue and these would be fire primaries,10870.0,negative,0.138,0.862,0.0,-0.34
1ozy67q,1763470538.0,278,0.85,45,PHOTOS,These should be permanent  Im ok with 2 -3 times a year.,10870.0,neutral,0.0,0.804,0.196,0.296
1ozy67q,1763493873.0,278,0.85,45,PHOTOS,These should be permanent  Remove the blue and make it a pure black and yellow kit. It'll be goated.,10870.0,neutral,0.0,1.0,0.0,0.0
1ozy67q,1763436022.0,556,0.85,45,PHOTOS,"These should be permanent  For the Steelers? Completely agree.\
For us? Nah.

Every team doesn't have to have a black jersey.\
¯\\_(ツ)_/¯

I love our white/blue/yellow palette.",21740.0,neutral,0.048,0.794,0.157,0.6322
1ozy67q,1763448520.0,278,0.85,45,PHOTOS,These should be permanent  Fuck no 🤮,10870.0,neutral,0.588,0.412,0.0,-0.6908
1ozy67q,1763438648.0,139,0.85,45,PHOTOS,"These should be permanent  Feel like I’d like them more if they dropped the blue and white and went with a pure black and yellow look, the lack of blue on the helmet when it’s in the jersey and pants was a little annoying to look at, go the dub though",5435.0,neutral,0.086,0.823,0.091,0.0754
1ozy67q,1763440422.0,139,0.85,45,PHOTOS,"These should be permanent  No. As secondary uniforms, yes",5435.0,neutral,0.185,0.588,0.227,0.128
1ozy67q,1763442524.0,139,0.85,45,PHOTOS,These should be permanent  Are they navy or black?,5435.0,neutral,0.0,1.0,0.0,0.0
1ozy67q,1763443451.0,139,0.85,45,PHOTOS,"These should be permanent  I thought they looked nice but we are blue and yellow and that’s all we need to be. We should be wearing royal jerseys and sol pants if the game is at sofi, especially against division rivals.",5435.0,neutral,0.0,0.954,0.046,0.2263
1ozy67q,1763445025.0,139,0.85,45,PHOTOS,These should be permanent  Blue and yellow tbh...,5435.0,neutral,0.0,1.0,0.0,0.0
1ozy67q,1763472779.0,139,0.85,45,PHOTOS,These should be permanent  Aint gonna lie. First pick my brain though that was seahawks for like 2 secs lol,5435.0,positive,0.0,0.762,0.238,0.6486
1ozy67q,1763573358.0,139,0.85,45,PHOTOS,"These should be permanent  Like as an alternate, not as permanent",5435.0,positive,0.0,0.8,0.2,0.3612
1ozn8ls,1763404500.0,13756,1.0,29,PHOTOS,Shoutout Tae for these 😭  What is this in reaction to hahaha,412680.0,neutral,0.0,0.735,0.265,0.5574
1ozn8ls,1763406864.0,8688,1.0,29,PHOTOS,Shoutout Tae for these 😭  This has to be the reaction to that snipe of a punt.,260640.0,neutral,0.0,1.0,0.0,0.0
1ozn8ls,1763403524.0,6516,1.0,29,PHOTOS,Shoutout Tae for these 😭  Should win the Pulitzer Prize 🏆,195480.0,neutral,0.0,0.496,0.504,0.7964
1ozn8ls,1763404766.0,4344,1.0,29,PHOTOS,Shoutout Tae for these 😭  Hang it in the Louvre,130320.0,positive,0.0,1.0,0.0,0.0
1ozn8ls,1763405613.0,3982,1.0,29,PHOTOS,Shoutout Tae for these 😭  Me after releasing the most girthy poo in the toilet.,119460.0,neutral,0.0,1.0,0.0,0.0
1ozn8ls,1763407426.0,2896,1.0,29,PHOTOS,Shoutout Tae for these 😭  What was he reacting to here😂😂,86880.0,neutral,0.0,1.0,0.0,0.0
1ozn8ls,1763410384.0,2172,1.0,29,PHOTOS,Shoutout Tae for these 😭  New meme?,65160.0,neutral,0.0,1.0,0.0,0.0
1ozn8ls,1763405892.0,1448,1.0,29,PHOTOS,Shoutout Tae for these 😭  I love his reactions. They're the best lol,43440.0,neutral,0.0,0.417,0.583,0.9042
1ozn8ls,1763417307.0,1448,1.0,29,PHOTOS,Shoutout Tae for these 😭  He's pulling a Tae'bag 🤣🤣,43440.0,positive,0.0,1.0,0.0,0.0
1ozn8ls,1763412867.0,1086,1.0,29,PHOTOS,"Shoutout Tae for these 😭  Really curious if the photographer was trying to lock in Davante, or if McVay was the intended target and focus jumped.  Either way, after this I'd probably just keep a camera on Davante at all times for the reactions, haha.",32580.0,positive,0.0,0.88,0.12,0.6801
1ozn8ls,1763408335.0,1448,1.0,29,PHOTOS,Shoutout Tae for these 😭  That was my face when he dropped that 3rd down dime.,43440.0,positive,0.0,1.0,0.0,0.0
1ozn8ls,1763404242.0,362,1.0,29,PHOTOS,Shoutout Tae for these 😭  😮,10860.0,positive,0.0,1.0,0.0,0.0
1ozkp79,1763397195.0,34131,0.98,40,DISCUSSIONS,I don’t care! Yesterday’s stats may have been down. Seattle’s defense is legit. The man still had 2 touchdowns and 0 interceptions. He is still going to be your 2025 NFL MVP! Agree I think it crazy how Josh Allen and Drake Maye are anywhere near him in this race. The only other player close to him is Jonathan Taylor but we all knows the skill position players can't win MVP.,1371384.0,positive,0.087,0.844,0.069,-0.5093
1ozkp79,1763402031.0,15414,0.98,40,DISCUSSIONS,"I don’t care! Yesterday’s stats may have been down. Seattle’s defense is legit. The man still had 2 touchdowns and 0 interceptions. He is still going to be your 2025 NFL MVP! Still MVP favorite according to the books. May not have the best offensive QB stat of the week, but played a clean game against a top defense which is MVP to me",619335.0,positive,0.059,0.707,0.234,0.8847
1ozkp79,1763398394.0,11377,0.98,40,DISCUSSIONS,I don’t care! Yesterday’s stats may have been down. Seattle’s defense is legit. The man still had 2 touchdowns and 0 interceptions. He is still going to be your 2025 NFL MVP! And we still got 7 weeks to go.,457128.0,positive,0.0,0.865,0.135,0.6467
1ozkp79,1763407149.0,4771,0.98,40,DISCUSSIONS,"I don’t care! Yesterday’s stats may have been down. Seattle’s defense is legit. The man still had 2 touchdowns and 0 interceptions. He is still going to be your 2025 NFL MVP! In a game where both defenses were on fire pressuring the quarterback giving up no turnovers is really the most important thing. If Puka doesn’t cough that fumble up, which is very unlike him given that it’s his first one, we probably win the game more comfortably. That final drive ends up needing a touchdown instead of a field goal bare minimum. It’s also not on Stafford to decide what plays we’re calling in the second half. We pretty clearly decided that the defense was on fire and we were just going to let field position and turnovers win the game for us. I didn’t like it and it made it closer than it needed to be, but it did work.",191699.0,neutral,0.042,0.808,0.15,0.9054
1ozkp79,1763397417.0,4037,0.98,40,DISCUSSIONS,I don’t care! Yesterday’s stats may have been down. Seattle’s defense is legit. The man still had 2 touchdowns and 0 interceptions. He is still going to be your 2025 NFL MVP! Imagine if he could scramble and score TDs too. He’d have 37tds,162207.0,neutral,0.0,0.881,0.119,0.6467
1ozkp79,1763403782.0,1835,0.98,40,DISCUSSIONS,I don’t care! Yesterday’s stats may have been down. Seattle’s defense is legit. The man still had 2 touchdowns and 0 interceptions. He is still going to be your 2025 NFL MVP! M V P,73730.0,negative,0.0,0.836,0.164,0.6467
1ozkp79,1763405303.0,1468,0.98,40,DISCUSSIONS,I don’t care! Yesterday’s stats may have been down. Seattle’s defense is legit. The man still had 2 touchdowns and 0 interceptions. He is still going to be your 2025 NFL MVP! Thats my quarterback!,58984.0,neutral,0.0,0.843,0.157,0.6784
1ozkp79,1763399820.0,2569,0.98,40,DISCUSSIONS,"I don’t care! Yesterday’s stats may have been down. Seattle’s defense is legit. The man still had 2 touchdowns and 0 interceptions. He is still going to be your 2025 NFL MVP! I'm looking forward to him still being our QB in 2030. Don't waste any picks on a young QB who will probably flame out anyways. Remember this subs obsession with Caleb Williams? Lmao. Give him protection, tools, and a good defense",103222.0,neutral,0.03,0.769,0.201,0.9103
1ozkp79,1763426449.0,367,0.98,40,DISCUSSIONS,I don’t care! Yesterday’s stats may have been down. Seattle’s defense is legit. The man still had 2 touchdowns and 0 interceptions. He is still going to be your 2025 NFL MVP! Seems like Matt's back problem made him an even better QB.,14746.0,neutral,0.056,0.723,0.221,0.7896
1ozgylr,1763389610.0,16905,0.93,82,DISCUSSIONS,"Why don’t the Rams just pay their successful coordinators Head Coach money? Let me just say that Chris Shula is him. I would love his partnership with McVay to last longer. And just like every successful year, other teams are salivating to the thought of poaching another successful coordinator in the McVay coaching tree in the form of Shula (I know the job’s not finished until we get that Super Bowl ring but Shula has definitely earned the respect of the NFL circles, making it successful for him).

That being said, some have failed to replicate the Rams’ success in their own teams like Brandon Staley. If that’s the case, wouldn’t it be intriguing for a coordinator to remain on the team and get paid top dollar head coach money to stay as a DC while still building his reputation with a stable and a top-tier football culture? I honestly don’t know how the coaching staff money works so you can call me out on that.

It’s just that as someone who grew together since college to the pros, I would love to see the McVay-Shula duo lead us for more years to come. And with them having that long-lasting friendship bond, maybe it’s on the table? Sometimes it's not about the money. Raheem isn't exactly on a barn burner contract in Atlanta. The top money DCs in the league you see are guys like Spags and Fangio. Guys who failed as HCs and are more suited for a DC role.",1304897.0,neutral,0.035,0.76,0.206,0.9938
1ozgylr,1763390146.0,12348,0.93,82,DISCUSSIONS,"Why don’t the Rams just pay their successful coordinators Head Coach money? Let me just say that Chris Shula is him. I would love his partnership with McVay to last longer. And just like every successful year, other teams are salivating to the thought of poaching another successful coordinator in the McVay coaching tree in the form of Shula (I know the job’s not finished until we get that Super Bowl ring but Shula has definitely earned the respect of the NFL circles, making it successful for him).

That being said, some have failed to replicate the Rams’ success in their own teams like Brandon Staley. If that’s the case, wouldn’t it be intriguing for a coordinator to remain on the team and get paid top dollar head coach money to stay as a DC while still building his reputation with a stable and a top-tier football culture? I honestly don’t know how the coaching staff money works so you can call me out on that.

It’s just that as someone who grew together since college to the pros, I would love to see the McVay-Shula duo lead us for more years to come. And with them having that long-lasting friendship bond, maybe it’s on the table? Dude is going to the NYGiants for sure.  With that defense and good young offense.  Goodbye sweet prince.",953142.0,neutral,0.03,0.722,0.248,0.9957
1ozgylr,1763394789.0,8379,0.93,82,DISCUSSIONS,"Why don’t the Rams just pay their successful coordinators Head Coach money? Let me just say that Chris Shula is him. I would love his partnership with McVay to last longer. And just like every successful year, other teams are salivating to the thought of poaching another successful coordinator in the McVay coaching tree in the form of Shula (I know the job’s not finished until we get that Super Bowl ring but Shula has definitely earned the respect of the NFL circles, making it successful for him).

That being said, some have failed to replicate the Rams’ success in their own teams like Brandon Staley. If that’s the case, wouldn’t it be intriguing for a coordinator to remain on the team and get paid top dollar head coach money to stay as a DC while still building his reputation with a stable and a top-tier football culture? I honestly don’t know how the coaching staff money works so you can call me out on that.

It’s just that as someone who grew together since college to the pros, I would love to see the McVay-Shula duo lead us for more years to come. And with them having that long-lasting friendship bond, maybe it’s on the table? Dude, you are reaching. 

It's not about the money. It's about being the Head Coach, running your own team.

And after that performance by our D, he is gone.  He showed the league how to beat the Seachikens. 

That game wouldn't have been half as competitive if the freaking offence hadn't shit the bed. 

His defense delivered 4 picks, 2 of which were turned into points, and the other 2 were surrendered by the Offense. The last pick turned into a TD, which saved the game for us. 

He is GONE!",646775.0,neutral,0.043,0.759,0.199,0.9947
1ozgylr,1763397128.0,1617,0.93,82,DISCUSSIONS,"Why don’t the Rams just pay their successful coordinators Head Coach money? Let me just say that Chris Shula is him. I would love his partnership with McVay to last longer. And just like every successful year, other teams are salivating to the thought of poaching another successful coordinator in the McVay coaching tree in the form of Shula (I know the job’s not finished until we get that Super Bowl ring but Shula has definitely earned the respect of the NFL circles, making it successful for him).

That being said, some have failed to replicate the Rams’ success in their own teams like Brandon Staley. If that’s the case, wouldn’t it be intriguing for a coordinator to remain on the team and get paid top dollar head coach money to stay as a DC while still building his reputation with a stable and a top-tier football culture? I honestly don’t know how the coaching staff money works so you can call me out on that.

It’s just that as someone who grew together since college to the pros, I would love to see the McVay-Shula duo lead us for more years to come. And with them having that long-lasting friendship bond, maybe it’s on the table? I think the team you have to watch that will hire him is Miami. Don Shula's grandson coming in to try to return the franchise to Don Shula glory days would be quite the story.",124816.0,neutral,0.02,0.768,0.211,0.995
1ozgylr,1763392252.0,1470,0.93,82,DISCUSSIONS,"Why don’t the Rams just pay their successful coordinators Head Coach money? Let me just say that Chris Shula is him. I would love his partnership with McVay to last longer. And just like every successful year, other teams are salivating to the thought of poaching another successful coordinator in the McVay coaching tree in the form of Shula (I know the job’s not finished until we get that Super Bowl ring but Shula has definitely earned the respect of the NFL circles, making it successful for him).

That being said, some have failed to replicate the Rams’ success in their own teams like Brandon Staley. If that’s the case, wouldn’t it be intriguing for a coordinator to remain on the team and get paid top dollar head coach money to stay as a DC while still building his reputation with a stable and a top-tier football culture? I honestly don’t know how the coaching staff money works so you can call me out on that.

It’s just that as someone who grew together since college to the pros, I would love to see the McVay-Shula duo lead us for more years to come. And with them having that long-lasting friendship bond, maybe it’s on the table? Because every assistant's dream is to be a head coach. You'd have to pay a great amount to meet them from taking their chance. Let's hope the Brandon Staley disaster stops teams from poaching coaches before they're ready. ",113469.0,neutral,0.05,0.707,0.243,0.9956
1ozgylr,1763396746.0,1029,0.93,82,DISCUSSIONS,"Why don’t the Rams just pay their successful coordinators Head Coach money? Let me just say that Chris Shula is him. I would love his partnership with McVay to last longer. And just like every successful year, other teams are salivating to the thought of poaching another successful coordinator in the McVay coaching tree in the form of Shula (I know the job’s not finished until we get that Super Bowl ring but Shula has definitely earned the respect of the NFL circles, making it successful for him).

That being said, some have failed to replicate the Rams’ success in their own teams like Brandon Staley. If that’s the case, wouldn’t it be intriguing for a coordinator to remain on the team and get paid top dollar head coach money to stay as a DC while still building his reputation with a stable and a top-tier football culture? I honestly don’t know how the coaching staff money works so you can call me out on that.

It’s just that as someone who grew together since college to the pros, I would love to see the McVay-Shula duo lead us for more years to come. And with them having that long-lasting friendship bond, maybe it’s on the table? Head Coaching opportunities are arguably more valuable than the money itself. A lot of coordinators only get one shot when they jump up for a HC role. Look how long it took Raheem Morris to get another shot. Most guys only get one shot. Steve Spagnuolo has been outstanding as the Chiefs DC for going on a decade now and I’ve never heard his name brought up in the coaching market. Sometimes you just have to take your opportunity. Ben Johnson is an interesting case where he waited for what he thought was the right opportunity knowing you may only get one shot. Maybe something like that would appeal to Shula.",79429.0,neutral,0.022,0.758,0.221,0.9974
1ozgylr,1763394427.0,735,0.93,82,DISCUSSIONS,"Why don’t the Rams just pay their successful coordinators Head Coach money? Let me just say that Chris Shula is him. I would love his partnership with McVay to last longer. And just like every successful year, other teams are salivating to the thought of poaching another successful coordinator in the McVay coaching tree in the form of Shula (I know the job’s not finished until we get that Super Bowl ring but Shula has definitely earned the respect of the NFL circles, making it successful for him).

That being said, some have failed to replicate the Rams’ success in their own teams like Brandon Staley. If that’s the case, wouldn’t it be intriguing for a coordinator to remain on the team and get paid top dollar head coach money to stay as a DC while still building his reputation with a stable and a top-tier football culture? I honestly don’t know how the coaching staff money works so you can call me out on that.

It’s just that as someone who grew together since college to the pros, I would love to see the McVay-Shula duo lead us for more years to come. And with them having that long-lasting friendship bond, maybe it’s on the table? Every time we lose a coordinator under McVay, we find people who end up doing great things for our team regardless. I’m not complaining. Except Liam Coen, that dude was an idiot",56735.0,neutral,0.048,0.734,0.218,0.9937
1ozgylr,1763399016.0,441,0.93,82,DISCUSSIONS,"Why don’t the Rams just pay their successful coordinators Head Coach money? Let me just say that Chris Shula is him. I would love his partnership with McVay to last longer. And just like every successful year, other teams are salivating to the thought of poaching another successful coordinator in the McVay coaching tree in the form of Shula (I know the job’s not finished until we get that Super Bowl ring but Shula has definitely earned the respect of the NFL circles, making it successful for him).

That being said, some have failed to replicate the Rams’ success in their own teams like Brandon Staley. If that’s the case, wouldn’t it be intriguing for a coordinator to remain on the team and get paid top dollar head coach money to stay as a DC while still building his reputation with a stable and a top-tier football culture? I honestly don’t know how the coaching staff money works so you can call me out on that.

It’s just that as someone who grew together since college to the pros, I would love to see the McVay-Shula duo lead us for more years to come. And with them having that long-lasting friendship bond, maybe it’s on the table? Meanwhile, Eric Yarber has remained as the team's WR coach because the man loves his role so much to coach Kupp, Puka, Woods, DA and so on. Gotta thank him for staying and serving his role for so long!",34041.0,neutral,0.02,0.76,0.22,0.9957
1ozgylr,1763388668.0,1029,0.93,82,DISCUSSIONS,"Why don’t the Rams just pay their successful coordinators Head Coach money? Let me just say that Chris Shula is him. I would love his partnership with McVay to last longer. And just like every successful year, other teams are salivating to the thought of poaching another successful coordinator in the McVay coaching tree in the form of Shula (I know the job’s not finished until we get that Super Bowl ring but Shula has definitely earned the respect of the NFL circles, making it successful for him).

That being said, some have failed to replicate the Rams’ success in their own teams like Brandon Staley. If that’s the case, wouldn’t it be intriguing for a coordinator to remain on the team and get paid top dollar head coach money to stay as a DC while still building his reputation with a stable and a top-tier football culture? I honestly don’t know how the coaching staff money works so you can call me out on that.

It’s just that as someone who grew together since college to the pros, I would love to see the McVay-Shula duo lead us for more years to come. And with them having that long-lasting friendship bond, maybe it’s on the table? That’s like someone getting paid CEO money but they aren’t the CEO.  You are stopping someone from furthering their career, how would you like someone to do that to you?  Whether it works out or not for him isn’t the point.",79429.0,neutral,0.026,0.762,0.212,0.995
1ozgylr,1763405712.0,294,0.93,82,DISCUSSIONS,"Why don’t the Rams just pay their successful coordinators Head Coach money? Let me just say that Chris Shula is him. I would love his partnership with McVay to last longer. And just like every successful year, other teams are salivating to the thought of poaching another successful coordinator in the McVay coaching tree in the form of Shula (I know the job’s not finished until we get that Super Bowl ring but Shula has definitely earned the respect of the NFL circles, making it successful for him).

That being said, some have failed to replicate the Rams’ success in their own teams like Brandon Staley. If that’s the case, wouldn’t it be intriguing for a coordinator to remain on the team and get paid top dollar head coach money to stay as a DC while still building his reputation with a stable and a top-tier football culture? I honestly don’t know how the coaching staff money works so you can call me out on that.

It’s just that as someone who grew together since college to the pros, I would love to see the McVay-Shula duo lead us for more years to come. And with them having that long-lasting friendship bond, maybe it’s on the table? We haven’t had any serious issues yet caused by our coordinators leaving, so why spend the extra money?",22694.0,neutral,0.027,0.763,0.21,0.9938
1ozgylr,1763406688.0,294,0.93,82,DISCUSSIONS,"Why don’t the Rams just pay their successful coordinators Head Coach money? Let me just say that Chris Shula is him. I would love his partnership with McVay to last longer. And just like every successful year, other teams are salivating to the thought of poaching another successful coordinator in the McVay coaching tree in the form of Shula (I know the job’s not finished until we get that Super Bowl ring but Shula has definitely earned the respect of the NFL circles, making it successful for him).

That being said, some have failed to replicate the Rams’ success in their own teams like Brandon Staley. If that’s the case, wouldn’t it be intriguing for a coordinator to remain on the team and get paid top dollar head coach money to stay as a DC while still building his reputation with a stable and a top-tier football culture? I honestly don’t know how the coaching staff money works so you can call me out on that.

It’s just that as someone who grew together since college to the pros, I would love to see the McVay-Shula duo lead us for more years to come. And with them having that long-lasting friendship bond, maybe it’s on the table? Uh, the other teams poaching our top offensive and defensive coordinators are having mixed results. Offensively the coordinators are not doing too bad as head coaches. The defensive coordinators turning into head coaches have not been too good for the most part.",22694.0,neutral,0.06,0.729,0.211,0.9916
1ozgylr,1763444371.0,294,0.93,82,DISCUSSIONS,"Why don’t the Rams just pay their successful coordinators Head Coach money? Let me just say that Chris Shula is him. I would love his partnership with McVay to last longer. And just like every successful year, other teams are salivating to the thought of poaching another successful coordinator in the McVay coaching tree in the form of Shula (I know the job’s not finished until we get that Super Bowl ring but Shula has definitely earned the respect of the NFL circles, making it successful for him).

That being said, some have failed to replicate the Rams’ success in their own teams like Brandon Staley. If that’s the case, wouldn’t it be intriguing for a coordinator to remain on the team and get paid top dollar head coach money to stay as a DC while still building his reputation with a stable and a top-tier football culture? I honestly don’t know how the coaching staff money works so you can call me out on that.

It’s just that as someone who grew together since college to the pros, I would love to see the McVay-Shula duo lead us for more years to come. And with them having that long-lasting friendship bond, maybe it’s on the table? I have heard of the prestige of being a HC is so great that no HC would ever hold an Asst. back from interviewing for the position.",22694.0,positive,0.032,0.744,0.224,0.9951
1ozgylr,1763391429.0,588,0.93,82,DISCUSSIONS,"Why don’t the Rams just pay their successful coordinators Head Coach money? Let me just say that Chris Shula is him. I would love his partnership with McVay to last longer. And just like every successful year, other teams are salivating to the thought of poaching another successful coordinator in the McVay coaching tree in the form of Shula (I know the job’s not finished until we get that Super Bowl ring but Shula has definitely earned the respect of the NFL circles, making it successful for him).

That being said, some have failed to replicate the Rams’ success in their own teams like Brandon Staley. If that’s the case, wouldn’t it be intriguing for a coordinator to remain on the team and get paid top dollar head coach money to stay as a DC while still building his reputation with a stable and a top-tier football culture? I honestly don’t know how the coaching staff money works so you can call me out on that.

It’s just that as someone who grew together since college to the pros, I would love to see the McVay-Shula duo lead us for more years to come. And with them having that long-lasting friendship bond, maybe it’s on the table? EDIT: I get why some might be confused thinking that I want him to stay as our DC forever. But what I implied with “… to stay as a DC while still building his reputation with a stable and a top-tier football culture” is that he might entertain the idea of becoming better and more reputable with us for a few more years before finally leaving with a fully-fledged coaching portfolio that will skyrocket to him leading a team from the ashes like Sean McVay did. My fault lol.",45388.0,positive,0.036,0.75,0.214,0.9958
1ozgylr,1763392849.0,147,0.93,82,DISCUSSIONS,"Why don’t the Rams just pay their successful coordinators Head Coach money? Let me just say that Chris Shula is him. I would love his partnership with McVay to last longer. And just like every successful year, other teams are salivating to the thought of poaching another successful coordinator in the McVay coaching tree in the form of Shula (I know the job’s not finished until we get that Super Bowl ring but Shula has definitely earned the respect of the NFL circles, making it successful for him).

That being said, some have failed to replicate the Rams’ success in their own teams like Brandon Staley. If that’s the case, wouldn’t it be intriguing for a coordinator to remain on the team and get paid top dollar head coach money to stay as a DC while still building his reputation with a stable and a top-tier football culture? I honestly don’t know how the coaching staff money works so you can call me out on that.

It’s just that as someone who grew together since college to the pros, I would love to see the McVay-Shula duo lead us for more years to come. And with them having that long-lasting friendship bond, maybe it’s on the table? Only way DC will stay with the Rams if they are a fired head coach like Spags in KC. Otherwise it’s every few seasons Rams are looking for a DC",11347.0,positive,0.038,0.753,0.209,0.9932
1ozgylr,1763394154.0,147,0.93,82,DISCUSSIONS,"Why don’t the Rams just pay their successful coordinators Head Coach money? Let me just say that Chris Shula is him. I would love his partnership with McVay to last longer. And just like every successful year, other teams are salivating to the thought of poaching another successful coordinator in the McVay coaching tree in the form of Shula (I know the job’s not finished until we get that Super Bowl ring but Shula has definitely earned the respect of the NFL circles, making it successful for him).

That being said, some have failed to replicate the Rams’ success in their own teams like Brandon Staley. If that’s the case, wouldn’t it be intriguing for a coordinator to remain on the team and get paid top dollar head coach money to stay as a DC while still building his reputation with a stable and a top-tier football culture? I honestly don’t know how the coaching staff money works so you can call me out on that.

It’s just that as someone who grew together since college to the pros, I would love to see the McVay-Shula duo lead us for more years to come. And with them having that long-lasting friendship bond, maybe it’s on the table? I dont think he wants to be a DC for his entire career. If he gets the opportunity to HC then let him go do it.",11347.0,positive,0.021,0.763,0.216,0.9947
1ozgylr,1763395461.0,147,0.93,82,DISCUSSIONS,"Why don’t the Rams just pay their successful coordinators Head Coach money? Let me just say that Chris Shula is him. I would love his partnership with McVay to last longer. And just like every successful year, other teams are salivating to the thought of poaching another successful coordinator in the McVay coaching tree in the form of Shula (I know the job’s not finished until we get that Super Bowl ring but Shula has definitely earned the respect of the NFL circles, making it successful for him).

That being said, some have failed to replicate the Rams’ success in their own teams like Brandon Staley. If that’s the case, wouldn’t it be intriguing for a coordinator to remain on the team and get paid top dollar head coach money to stay as a DC while still building his reputation with a stable and a top-tier football culture? I honestly don’t know how the coaching staff money works so you can call me out on that.

It’s just that as someone who grew together since college to the pros, I would love to see the McVay-Shula duo lead us for more years to come. And with them having that long-lasting friendship bond, maybe it’s on the table? DC/OC are still far cries from HC of any team. The difference is often at the top. As a HC, you need to rally support for your own coaches/staff while doing the same for your players, and hope that the org is willing to back you up. New hires go to fill vacancies because the money is difficult to pass up, no question. But as far a development goes, DCs/OCs already got that down. Under a HC like McVay, one might only need a year to really grasp what makes him so good, but to duplicate it elsewhere really depends on the top and how they support the HC. I know it’s often life changing money as a HC, but I can’t imagine coaching for turnstile spots like NYG/J and Raiders will give new HCs the support they need to succeed longterm.",11347.0,positive,0.037,0.744,0.218,0.9973
1ozgylr,1763398852.0,147,0.93,82,DISCUSSIONS,"Why don’t the Rams just pay their successful coordinators Head Coach money? Let me just say that Chris Shula is him. I would love his partnership with McVay to last longer. And just like every successful year, other teams are salivating to the thought of poaching another successful coordinator in the McVay coaching tree in the form of Shula (I know the job’s not finished until we get that Super Bowl ring but Shula has definitely earned the respect of the NFL circles, making it successful for him).

That being said, some have failed to replicate the Rams’ success in their own teams like Brandon Staley. If that’s the case, wouldn’t it be intriguing for a coordinator to remain on the team and get paid top dollar head coach money to stay as a DC while still building his reputation with a stable and a top-tier football culture? I honestly don’t know how the coaching staff money works so you can call me out on that.

It’s just that as someone who grew together since college to the pros, I would love to see the McVay-Shula duo lead us for more years to come. And with them having that long-lasting friendship bond, maybe it’s on the table? It's not about just the money, it's about being your own boss and running your own show.  It's what we all work towards in our career (football or not).

Do you want to spend your entire career not being the ultimate decision-maker and instead executing somebody else's orders?  Operating under somebody else's rules?  Of course not.  That would be like never leaving home and living with your parents your entire life.  You ultimately want your own place to live.

Chris Shula is assuredly the same.",11347.0,neutral,0.017,0.79,0.193,0.9955
1ozgylr,1763405778.0,147,0.93,82,DISCUSSIONS,"Why don’t the Rams just pay their successful coordinators Head Coach money? Let me just say that Chris Shula is him. I would love his partnership with McVay to last longer. And just like every successful year, other teams are salivating to the thought of poaching another successful coordinator in the McVay coaching tree in the form of Shula (I know the job’s not finished until we get that Super Bowl ring but Shula has definitely earned the respect of the NFL circles, making it successful for him).

That being said, some have failed to replicate the Rams’ success in their own teams like Brandon Staley. If that’s the case, wouldn’t it be intriguing for a coordinator to remain on the team and get paid top dollar head coach money to stay as a DC while still building his reputation with a stable and a top-tier football culture? I honestly don’t know how the coaching staff money works so you can call me out on that.

It’s just that as someone who grew together since college to the pros, I would love to see the McVay-Shula duo lead us for more years to come. And with them having that long-lasting friendship bond, maybe it’s on the table? A lot of these guys want to run their own team, its not as much about the money as it is about if they can do it. Can they turn around a franchise, can they draft successfully, can they lead a full team of players and staff.",11347.0,positive,0.019,0.773,0.208,0.995
1ozgylr,1763410420.0,147,0.93,82,DISCUSSIONS,"Why don’t the Rams just pay their successful coordinators Head Coach money? Let me just say that Chris Shula is him. I would love his partnership with McVay to last longer. And just like every successful year, other teams are salivating to the thought of poaching another successful coordinator in the McVay coaching tree in the form of Shula (I know the job’s not finished until we get that Super Bowl ring but Shula has definitely earned the respect of the NFL circles, making it successful for him).

That being said, some have failed to replicate the Rams’ success in their own teams like Brandon Staley. If that’s the case, wouldn’t it be intriguing for a coordinator to remain on the team and get paid top dollar head coach money to stay as a DC while still building his reputation with a stable and a top-tier football culture? I honestly don’t know how the coaching staff money works so you can call me out on that.

It’s just that as someone who grew together since college to the pros, I would love to see the McVay-Shula duo lead us for more years to come. And with them having that long-lasting friendship bond, maybe it’s on the table? I agree, Chris Shula is him.  Sometimes genius skips a generation.",11347.0,neutral,0.022,0.75,0.228,0.9946
1ozgylr,1763412643.0,147,0.93,82,DISCUSSIONS,"Why don’t the Rams just pay their successful coordinators Head Coach money? Let me just say that Chris Shula is him. I would love his partnership with McVay to last longer. And just like every successful year, other teams are salivating to the thought of poaching another successful coordinator in the McVay coaching tree in the form of Shula (I know the job’s not finished until we get that Super Bowl ring but Shula has definitely earned the respect of the NFL circles, making it successful for him).

That being said, some have failed to replicate the Rams’ success in their own teams like Brandon Staley. If that’s the case, wouldn’t it be intriguing for a coordinator to remain on the team and get paid top dollar head coach money to stay as a DC while still building his reputation with a stable and a top-tier football culture? I honestly don’t know how the coaching staff money works so you can call me out on that.

It’s just that as someone who grew together since college to the pros, I would love to see the McVay-Shula duo lead us for more years to come. And with them having that long-lasting friendship bond, maybe it’s on the table? I think most coaches don’t want to just be coordinates their entire career they want to be head coach",11347.0,positive,0.022,0.757,0.222,0.9944
1oz95p2,1763362462.0,3600,1.0,8,MEMES,"Kam Kinchens  Kinchens, Q Lake, Kam Curl.. tell me this isn’t the best safety room in the NFL!",32400.0,positive,0.0,0.673,0.327,0.807
1oz95p2,1763365971.0,1400,1.0,8,MEMES,Kam Kinchens  I knew the midnight mode would bring out the dawg in some of the boys,12600.0,positive,0.0,1.0,0.0,0.0
1oz95p2,1763363828.0,600,1.0,8,MEMES,Kam Kinchens  🦴🐕,5400.0,positive,0.0,1.0,0.0,0.0
1oz95p2,1763384072.0,600,1.0,8,MEMES,Kam Kinchens  https://i.redd.it/e4hdeom6et1g1.gif,5400.0,positive,0.0,1.0,0.0,0.0
1oz95p2,1763414126.0,400,1.0,8,MEMES,"Kam Kinchens  Dude is the very definition of a ""ballhawk"".  Just seems to sniff out where the action is.",3600.0,negative,0.0,1.0,0.0,0.0
1oz95p2,1763512214.0,200,1.0,8,MEMES,Kam Kinchens  4 career picks against Seattle right?,1800.0,neutral,0.0,1.0,0.0,0.0
1oz7hcx,1763356405.0,7035,1.0,10,HIGHLIGHTS,"Davante Adams reaches 1,000 career receptions. 17th player in NFL history to reach this milestone. 4 straight weeks with a touchdown. 10 TDs for the season 💪  https://preview.redd.it/ib5dnvkr3r1g1.jpeg?width=1280&format=pjpg&auto=webp&s=26c0b30180c13188166678dab7a3f61febb87440

I’ll take a touchdown and a Crunchwrap supreme.",77385.0,neutral,0.0,0.776,0.224,0.7003
1oz7hcx,1763371940.0,2211,1.0,10,HIGHLIGHTS,"Davante Adams reaches 1,000 career receptions. 17th player in NFL history to reach this milestone. 4 straight weeks with a touchdown. 10 TDs for the season 💪  You can tell, Adams has so much fun playing as a Ram and he smells a ring. This might be his best chance despite the Arod era.",24321.0,neutral,0.0,0.724,0.276,0.9192
1oz7hcx,1763362955.0,2010,1.0,10,HIGHLIGHTS,"Davante Adams reaches 1,000 career receptions. 17th player in NFL history to reach this milestone. 4 straight weeks with a touchdown. 10 TDs for the season 💪  It's not how you start, but how you finish! Slow start, but had to build that chemistry.",22110.0,neutral,0.0,0.907,0.093,0.2244
1oz7hcx,1763389535.0,1206,1.0,10,HIGHLIGHTS,"Davante Adams reaches 1,000 career receptions. 17th player in NFL history to reach this milestone. 4 straight weeks with a touchdown. 10 TDs for the season 💪  So far, he's done what we hoped he would do.",13266.0,neutral,0.0,0.815,0.185,0.5859
1oz7hcx,1763395208.0,603,1.0,10,HIGHLIGHTS,"Davante Adams reaches 1,000 career receptions. 17th player in NFL history to reach this milestone. 4 straight weeks with a touchdown. 10 TDs for the season 💪  I was skeptical when I heard of the trade.  My skepticism got the best of me. I was wrong, and can admit my mistakes. I'm happy he's on our team!",6633.0,positive,0.152,0.63,0.218,0.5093
1oz7hcx,1763388935.0,402,1.0,10,HIGHLIGHTS,"Davante Adams reaches 1,000 career receptions. 17th player in NFL history to reach this milestone. 4 straight weeks with a touchdown. 10 TDs for the season 💪  He also failed to make a lot of crucial catches in this game. He’s lowkey been unreliable this season, not catching any passes unless they’re placed perfectly on his chest.",4422.0,positive,0.055,0.804,0.141,0.4767
1oz7hcx,1763437685.0,201,1.0,10,HIGHLIGHTS,"Davante Adams reaches 1,000 career receptions. 17th player in NFL history to reach this milestone. 4 straight weeks with a touchdown. 10 TDs for the season 💪  Legit question, is this an RPO? Stafford is just reading the linebacker who is initially covering the inside slant to Adams right?",2211.0,neutral,0.0,0.904,0.096,0.3736
1oz3jin,1763344755.0,22308,1.0,27,DISCUSSIONS,Since signing Mevis the Rams haven't tried to kick a field goal. I just find this amusing. Discuss if you'd like lol we also haven't missed an extra point,624624.0,positive,0.0,0.693,0.307,0.8477
1oz3jin,1763344408.0,12804,1.0,27,DISCUSSIONS,"Since signing Mevis the Rams haven't tried to kick a field goal. I just find this amusing. Discuss if you'd like lol How did a field goal work for the Seahawks at the end?

![gif](giphy|EJIqwKKY30Dlu)",358512.0,positive,0.0,0.771,0.229,0.8221
1oz3jin,1763343987.0,6600,1.0,27,DISCUSSIONS,"Since signing Mevis the Rams haven't tried to kick a field goal. I just find this amusing. Discuss if you'd like lol Seems to be the way now. The whole league goes for it on 4th. (Except the SeaCocks)

The kickoff has changed things!",184800.0,positive,0.0,0.819,0.181,0.8221
1oz3jin,1763345618.0,6072,1.0,27,DISCUSSIONS,Since signing Mevis the Rams haven't tried to kick a field goal. I just find this amusing. Discuss if you'd like lol We really could’ve used a FG the last drive at least.,170016.0,neutral,0.0,0.765,0.235,0.8074
1oz3jin,1763345785.0,3432,1.0,27,DISCUSSIONS,Since signing Mevis the Rams haven't tried to kick a field goal. I just find this amusing. Discuss if you'd like lol At least we don’t need to hold our breath on FG attempts AND PAT’s anymore.,96096.0,neutral,0.0,0.794,0.206,0.8074
1oz3jin,1763349165.0,1584,1.0,27,DISCUSSIONS,"Since signing Mevis the Rams haven't tried to kick a field goal. I just find this amusing. Discuss if you'd like lol PATs have been flawless, so at least that's an improvement.",44352.0,positive,0.0,0.631,0.369,0.9274
1oz3jin,1763345127.0,2376,1.0,27,DISCUSSIONS,Since signing Mevis the Rams haven't tried to kick a field goal. I just find this amusing. Discuss if you'd like lol I get going for it on 4th down but I think McVay may be scared to try.  But we need to find out if Thiccer kicker is the man.,66528.0,positive,0.073,0.819,0.108,-0.0516
1oz3jin,1763348327.0,1716,1.0,27,DISCUSSIONS,Since signing Mevis the Rams haven't tried to kick a field goal. I just find this amusing. Discuss if you'd like lol Just been the way the games have gone. I don't think McVay is scared to try. He kept trotting Karty out there after all. Every 4th down the offense was out there made sense. None of it felt forced or scared to me. Hopefully he can try some FGs soon. Need to see what he can do!,48048.0,negative,0.12,0.755,0.125,0.126
1oz3jin,1763346650.0,660,1.0,27,DISCUSSIONS,Since signing Mevis the Rams haven't tried to kick a field goal. I just find this amusing. Discuss if you'd like lol He kicks straight down the middle so the moment he does try I feel he’ll have a million times better luck than Karty,18480.0,positive,0.0,0.685,0.315,0.9337
1oz3jin,1763347880.0,396,1.0,27,DISCUSSIONS,Since signing Mevis the Rams haven't tried to kick a field goal. I just find this amusing. Discuss if you'd like lol Honestly with our field goal units struggles I don’t mind not kicking field goals. Keep going for it.,11088.0,positive,0.055,0.699,0.247,0.8316
1oz3jin,1763360910.0,396,1.0,27,DISCUSSIONS,"Since signing Mevis the Rams haven't tried to kick a field goal. I just find this amusing. Discuss if you'd like lol I do feel that it has forced McVay to become more aggressive on 4th down. If we settled for FG on 4th down, we lose this game",11088.0,neutral,0.136,0.716,0.148,0.1796
1oz3jin,1763347529.0,264,1.0,27,DISCUSSIONS,Since signing Mevis the Rams haven't tried to kick a field goal. I just find this amusing. Discuss if you'd like lol And McQuaide too!,7392.0,positive,0.0,0.699,0.301,0.8221
1oz3jin,1763352573.0,132,1.0,27,DISCUSSIONS,Since signing Mevis the Rams haven't tried to kick a field goal. I just find this amusing. Discuss if you'd like lol Honestly i think it has been helping we would have had 6 points instead of 14,3696.0,neutral,0.0,0.682,0.318,0.91
1oz2z13,1763342308.0,4455,0.99,22,DISCUSSIONS,"OK, that was fire! I get that we have a lot of criticism of how our offense sputtered today with play calls and execution, but this tweet from Blaine Grisak, a good writer of the Turf Show Time (I know it sucks now, but he's a quality one) that should say something. Offense has a lot of issues given how elite Seahawks' defense is (kudos to them), but having all points with TDs was worth it. One fumble by Puka, bad run design, and incomplete passes nearly costed us, but we get points we need to get without having to defer to a FG.   
 The game was Rams defense creates a turnover Rams offense scores a touchdown. Except for Puka's fumble.",101440.0,positive,0.135,0.727,0.138,-0.2717
1oz2z13,1763344832.0,2430,0.99,22,DISCUSSIONS,"OK, that was fire! I get that we have a lot of criticism of how our offense sputtered today with play calls and execution, but this tweet from Blaine Grisak, a good writer of the Turf Show Time (I know it sucks now, but he's a quality one) that should say something. Offense has a lot of issues given how elite Seahawks' defense is (kudos to them), but having all points with TDs was worth it. One fumble by Puka, bad run design, and incomplete passes nearly costed us, but we get points we need to get without having to defer to a FG.   
 It was nice knowing you Shula.",55331.0,positive,0.126,0.73,0.144,0.3161
1oz2z13,1763346207.0,2160,0.99,22,DISCUSSIONS,"OK, that was fire! I get that we have a lot of criticism of how our offense sputtered today with play calls and execution, but this tweet from Blaine Grisak, a good writer of the Turf Show Time (I know it sucks now, but he's a quality one) that should say something. Offense has a lot of issues given how elite Seahawks' defense is (kudos to them), but having all points with TDs was worth it. One fumble by Puka, bad run design, and incomplete passes nearly costed us, but we get points we need to get without having to defer to a FG.   
 This is It!  Dominant teams win in different ways.  Look at the eagles right now their offense is shit but still up. Teams like us are scary where when the offense isn’t clicking the defense dominated and even special teams with that punt.",49183.0,positive,0.17,0.675,0.155,-0.5769
1oz2z13,1763343190.0,2025,0.99,22,DISCUSSIONS,"OK, that was fire! I get that we have a lot of criticism of how our offense sputtered today with play calls and execution, but this tweet from Blaine Grisak, a good writer of the Turf Show Time (I know it sucks now, but he's a quality one) that should say something. Offense has a lot of issues given how elite Seahawks' defense is (kudos to them), but having all points with TDs was worth it. One fumble by Puka, bad run design, and incomplete passes nearly costed us, but we get points we need to get without having to defer to a FG.   
 Shoutout to the defense SHEEEEEESH",46109.0,neutral,0.129,0.74,0.131,-0.3057
1oz2z13,1763344483.0,2025,0.99,22,DISCUSSIONS,"OK, that was fire! I get that we have a lot of criticism of how our offense sputtered today with play calls and execution, but this tweet from Blaine Grisak, a good writer of the Turf Show Time (I know it sucks now, but he's a quality one) that should say something. Offense has a lot of issues given how elite Seahawks' defense is (kudos to them), but having all points with TDs was worth it. One fumble by Puka, bad run design, and incomplete passes nearly costed us, but we get points we need to get without having to defer to a FG.   
 Hilarious to see people whining about our ""crap defense"" in the 1st.",46109.0,neutral,0.161,0.697,0.143,-0.5336
1oz2z13,1763344491.0,2025,0.99,22,DISCUSSIONS,"OK, that was fire! I get that we have a lot of criticism of how our offense sputtered today with play calls and execution, but this tweet from Blaine Grisak, a good writer of the Turf Show Time (I know it sucks now, but he's a quality one) that should say something. Offense has a lot of issues given how elite Seahawks' defense is (kudos to them), but having all points with TDs was worth it. One fumble by Puka, bad run design, and incomplete passes nearly costed us, but we get points we need to get without having to defer to a FG.   
 This is far from the first defensive win we've had and I doubt it'll be the last. Let's just be happy that we have a defense that can win games and enjoy the W.",46109.0,neutral,0.113,0.666,0.221,0.9583
1oz2z13,1763342215.0,810,0.99,22,DISCUSSIONS,"OK, that was fire! I get that we have a lot of criticism of how our offense sputtered today with play calls and execution, but this tweet from Blaine Grisak, a good writer of the Turf Show Time (I know it sucks now, but he's a quality one) that should say something. Offense has a lot of issues given how elite Seahawks' defense is (kudos to them), but having all points with TDs was worth it. One fumble by Puka, bad run design, and incomplete passes nearly costed us, but we get points we need to get without having to defer to a FG.   
 Turd show time ",18444.0,neutral,0.134,0.749,0.117,-0.4577
1oz2z13,1763349333.0,405,0.99,22,DISCUSSIONS,"OK, that was fire! I get that we have a lot of criticism of how our offense sputtered today with play calls and execution, but this tweet from Blaine Grisak, a good writer of the Turf Show Time (I know it sucks now, but he's a quality one) that should say something. Offense has a lot of issues given how elite Seahawks' defense is (kudos to them), but having all points with TDs was worth it. One fumble by Puka, bad run design, and incomplete passes nearly costed us, but we get points we need to get without having to defer to a FG.   
 He’s got a point! Go Rams! 🐏 💛💙🖤",9222.0,positive,0.135,0.751,0.114,-0.554
1oz2z13,1763352700.0,270,0.99,22,DISCUSSIONS,"OK, that was fire! I get that we have a lot of criticism of how our offense sputtered today with play calls and execution, but this tweet from Blaine Grisak, a good writer of the Turf Show Time (I know it sucks now, but he's a quality one) that should say something. Offense has a lot of issues given how elite Seahawks' defense is (kudos to them), but having all points with TDs was worth it. One fumble by Puka, bad run design, and incomplete passes nearly costed us, but we get points we need to get without having to defer to a FG.   
 Just remember, an 11-6 win led to the Rams first Superbowl win...they are not all going to go according to plan.",6148.0,neutral,0.111,0.751,0.138,0.5846
1oz2z13,1763352834.0,270,0.99,22,DISCUSSIONS,"OK, that was fire! I get that we have a lot of criticism of how our offense sputtered today with play calls and execution, but this tweet from Blaine Grisak, a good writer of the Turf Show Time (I know it sucks now, but he's a quality one) that should say something. Offense has a lot of issues given how elite Seahawks' defense is (kudos to them), but having all points with TDs was worth it. One fumble by Puka, bad run design, and incomplete passes nearly costed us, but we get points we need to get without having to defer to a FG.   
 Yup. In the playoffs, survive and advance. No one cares how you win. Let’s go !! 🙌🏼",6148.0,positive,0.129,0.702,0.169,0.7632
1oz29w8,1763340337.0,94392,0.99,60,DISCUSSIONS,"How nice is this?  Still early, too early.",5700333.0,positive,0.0,0.714,0.286,0.4215
1oz29w8,1763340916.0,32568,0.99,60,DISCUSSIONS,How nice is this?  Who saw the bears being 7-3 lol,1966782.0,positive,0.0,0.616,0.384,0.6808
1oz29w8,1763340389.0,22080,0.99,60,DISCUSSIONS,How nice is this?  So we need the Lion to get it done now,1333411.0,neutral,0.0,0.823,0.177,0.4215
1oz29w8,1763340428.0,12144,0.99,60,DISCUSSIONS,How nice is this?  The NFC is just the north and west,733376.0,positive,0.257,0.58,0.162,-0.3885
1oz29w8,1763340513.0,8832,0.99,60,DISCUSSIONS,How nice is this?  All I see are a lot of teams I feel really fucking confident against. I'd rather not see a mobile QB in the playoffs but none of them scare me.,533364.0,positive,0.0,0.777,0.223,0.7736
1oz29w8,1763341229.0,6624,0.99,60,DISCUSSIONS,How nice is this?  Would’ve been even nicer if Davante was healthy and caught a couple more of those passes. I can’t help but think he hauls them in if his back is right. ,400023.0,positive,0.0,0.788,0.212,0.6757
1oz29w8,1763342082.0,5520,0.99,60,DISCUSSIONS,"How nice is this?  Realistically, this is a better team than the Super Bowl team. Every playoffs requires luck on the winners side though so hopefully we have that again.",333353.0,negative,0.0,0.545,0.455,0.9595
1oz29w8,1763344544.0,4968,0.99,60,DISCUSSIONS,How nice is this?  Man i know its early but can you imagine us winning the superbowl in santa clara...,300018.0,negative,0.0,0.723,0.277,0.7579
1oz29w8,1763340738.0,2760,0.99,60,DISCUSSIONS,How nice is this?  Just stay healthy and play our best ball in the playoff. I'd like the 1 seed but if we play our best we could play on Mars and still beat anyone. ,166676.0,neutral,0.0,0.544,0.456,0.9628
1oz29w8,1763340549.0,2760,0.99,60,DISCUSSIONS,How nice is this?  It’d be great if the Lions beat the Eagles tonight,166676.0,negative,0.0,0.635,0.365,0.7845
1oz29w8,1763341342.0,2208,0.99,60,DISCUSSIONS,How nice is this?  Chicago on top as of right now is crazy,133341.0,neutral,0.141,0.588,0.271,0.296
1oz29w8,1763344775.0,1656,0.99,60,DISCUSSIONS,How nice is this?  Not too shabby. I’m also liking that we currently hold the number 8 pick in next year’s draft.,100006.0,positive,0.0,0.726,0.274,0.7003
1oz29w8,1763343975.0,1656,0.99,60,DISCUSSIONS,How nice is this?  Keep this up LA! 👏,100006.0,negative,0.0,0.694,0.306,0.4753
1oz29w8,1763345623.0,1656,0.99,60,DISCUSSIONS,"How nice is this?  Could be 9-1, 10-0",100006.0,negative,0.0,0.714,0.286,0.4215
1oz29w8,1763350029.0,1656,0.99,60,DISCUSSIONS,How nice is this?  It’s beautiful but Jared Goof will mess it up.,100006.0,negative,0.185,0.568,0.247,0.0258
1oz29w8,1763344193.0,1104,0.99,60,DISCUSSIONS,How nice is this?  Whats up with the fucking bears...,66671.0,negative,0.0,0.763,0.237,0.4215
1oz29w8,1763345084.0,1104,0.99,60,DISCUSSIONS,How nice is this?  Biggest shock are Da Bears at 7-3,66671.0,positive,0.181,0.625,0.194,0.0516
1oz29w8,1763354096.0,1104,0.99,60,DISCUSSIONS,How nice is this?  Nice while it lasted I guess,66671.0,negative,0.0,0.556,0.444,0.6808
1oz29w8,1763340928.0,552,0.99,60,DISCUSSIONS,"How nice is this?  Still 1/3 of the season to go after this, but hopefully tonight our old friend Goff can help us out",33335.0,negative,0.0,0.601,0.399,0.9231
1oz29w8,1763341031.0,552,0.99,60,DISCUSSIONS,"How nice is this?  This conference is so stacked, still up for anyone to grab.",33335.0,neutral,0.0,0.833,0.167,0.4215
1oz27lq,1763340371.0,12644,0.99,19,HIGHLIGHTS,All 4 interceptions against the Seahawks  We needed to capitalize on those.  It should of been a 3 score win at least,250351.0,positive,0.0,0.826,0.174,0.5859
1oz27lq,1763340435.0,4578,0.99,19,HIGHLIGHTS,"All 4 interceptions against the Seahawks  How many of these did we convert to touchdowns? Defense did great today, offense should've made sure it wasn't that close.",90644.0,neutral,0.063,0.69,0.248,0.7096
1oz27lq,1763342377.0,1962,0.99,19,HIGHLIGHTS,All 4 interceptions against the Seahawks  Sean needs to be giving gameballs to the entire D and Shula. Offense was totally flat.,38848.0,positive,0.089,0.804,0.107,0.1027
1oz27lq,1763343927.0,1744,0.99,19,HIGHLIGHTS,All 4 interceptions against the Seahawks  That’s great and all but we didn’t turn them into points like we should have,34531.0,positive,0.0,0.756,0.244,0.7003
1oz27lq,1763346438.0,654,0.99,19,HIGHLIGHTS,All 4 interceptions against the Seahawks  DB room pumping up their numbers on Ol Darny Boy,12949.0,neutral,0.0,1.0,0.0,0.0
1oz27lq,1763357785.0,436,0.99,19,HIGHLIGHTS,All 4 interceptions against the Seahawks  bro was looking like geno smith out there lmfao. we were lucky to win this which is embarrassing considering how many times our defense forced turnovers but the team just failed in the red zone. rams could have doubled up the score easily,8633.0,positive,0.138,0.651,0.211,0.34
1oz27lq,1763372752.0,436,0.99,19,HIGHLIGHTS,All 4 interceptions against the Seahawks  Adams had brick hands Sunday,8633.0,positive,0.0,1.0,0.0,0.0
1oz27lq,1763358234.0,218,0.99,19,HIGHLIGHTS,All 4 interceptions against the Seahawks  First pic was the most crucial play of the game.,4316.0,positive,0.0,0.839,0.161,0.3976
1oz1rig,1763339156.0,32325,1.0,38,HIGHLIGHTS,Evan Evans appreciation post LFG I might nut to this tonight,1260675.0,positive,0.0,0.732,0.268,0.5106
1oz1rig,1763339807.0,21119,1.0,38,HIGHLIGHTS,"Evan Evans appreciation post LFG Look I'm not saying a punt can be the greatest play ever made, but",823641.0,positive,0.0,0.699,0.301,0.6652
1oz1rig,1763343572.0,14223,1.0,38,HIGHLIGHTS,Evan Evans appreciation post LFG Had flashbacks to when our punter  was one of our only weapons.,554697.0,positive,0.137,0.708,0.156,0.1027
1oz1rig,1763339285.0,9482,1.0,38,HIGHLIGHTS,Evan Evans appreciation post LFG AMAZING PUNT!!!,369798.0,positive,0.0,0.365,0.635,0.8661
1oz1rig,1763342092.0,8189,1.0,38,HIGHLIGHTS,Evan Evans appreciation post LFG Talk about a game of inches that can make all the difference. I think the Dodgers may know something about that as well.,319371.0,positive,0.0,0.816,0.184,0.6597
1oz1rig,1763339558.0,6465,1.0,38,HIGHLIGHTS,Evan Evans appreciation post LFG That might be my favorite play of the entire game. Evans is such a fucking beast!!,252135.0,positive,0.0,0.647,0.353,0.8513
1oz1rig,1763345533.0,6034,1.0,38,HIGHLIGHTS,Evan Evans appreciation post LFG Saved the game for us,235326.0,neutral,0.0,0.567,0.433,0.7269
1oz1rig,1763341290.0,3017,1.0,38,HIGHLIGHTS,"Evan Evans appreciation post LFG That’s it everybody, that’s the perfect punt!",117663.0,positive,0.0,0.578,0.422,0.807
1oz1rig,1763347700.0,1724,1.0,38,HIGHLIGHTS,Evan Evans appreciation post LFG Should be on punt highlights for eternity.,67236.0,positive,0.0,0.769,0.231,0.5106
1oz1rig,1763342464.0,1724,1.0,38,HIGHLIGHTS,Evan Evans appreciation post LFG ![gif](giphy|EDt1m8p5hqXG8),67236.0,positive,0.0,0.582,0.418,0.5562
1oz1rig,1763346866.0,1724,1.0,38,HIGHLIGHTS,Evan Evans appreciation post LFG A thing of beauty,67236.0,positive,0.0,0.458,0.542,0.7964
1oz1rig,1763362318.0,2155,1.0,38,HIGHLIGHTS,Evan Evans appreciation post LFG They don’t call that the coffin corner for nothing.,84045.0,positive,0.0,0.798,0.202,0.5106
1oz1rig,1763341710.0,1293,1.0,38,HIGHLIGHTS,Evan Evans appreciation post LFG Bailed us out,50427.0,positive,0.0,0.68,0.32,0.5106
1oz1rig,1763349887.0,1293,1.0,38,HIGHLIGHTS,Evan Evans appreciation post LFG Won us the game!,50427.0,positive,0.0,0.49,0.51,0.807
1oz1rig,1763351103.0,1293,1.0,38,HIGHLIGHTS,Evan Evans appreciation post LFG He is my favorite player on the Rams BTW!,50427.0,positive,0.0,0.645,0.355,0.7644
1oz1rig,1763358652.0,1293,1.0,38,HIGHLIGHTS,"Evan Evans appreciation post LFG I'm not as knowledgeable in football, can someone explain what happened here?",50427.0,positive,0.0,0.829,0.171,0.5106
1oz1rig,1763358959.0,1293,1.0,38,HIGHLIGHTS,Evan Evans appreciation post LFG Literally can’t be better than that,50427.0,positive,0.0,0.592,0.408,0.7351
1oz1rig,1763361943.0,1293,1.0,38,HIGHLIGHTS,Evan Evans appreciation post LFG ![gif](giphy|10ERZqYioLWJ6U),50427.0,positive,0.0,0.582,0.418,0.5562
1oz1rig,1763348543.0,862,1.0,38,HIGHLIGHTS,Evan Evans appreciation post LFG Hahaha 😂 Evan !,33618.0,positive,0.0,0.41,0.59,0.8016
1oz1rig,1763351428.0,862,1.0,38,HIGHLIGHTS,Evan Evans appreciation post LFG ![gif](giphy|JZV43av8dhhzW),33618.0,positive,0.0,0.582,0.418,0.5562
1oz1nt2,1763338677.0,74776,1.0,71,DISCUSSIONS,"Ethan Evans appreciation! His kickoff and punt have been on point today. Can't win without him!  Ethan Evans with a masterclass of a punt, and perhaps even a season deciding one, depending on how the rest of the season plays out for us and Seattle.",5383872.0,positive,0.064,0.813,0.123,0.4238
1oz1nt2,1763338808.0,56082,1.0,71,DISCUSSIONS,Ethan Evans appreciation! His kickoff and punt have been on point today. Can't win without him!  I don't think you really can get better than that punt. OMG,4037904.0,positive,0.09,0.703,0.207,0.6093
1oz1nt2,1763339038.0,40264,1.0,71,DISCUSSIONS,Ethan Evans appreciation! His kickoff and punt have been on point today. Can't win without him!  Won us the game. Seahawks would have got in range without the devil magic kick,2899008.0,positive,0.15,0.667,0.183,0.3248
1oz1nt2,1763338704.0,28760,1.0,71,DISCUSSIONS,"Ethan Evans appreciation! His kickoff and punt have been on point today. Can't win without him!  Absolute fuckin goat, game saver ",2070720.0,positive,0.118,0.732,0.15,0.2052
1oz1nt2,1763338540.0,19413,1.0,71,DISCUSSIONS,Ethan Evans appreciation! His kickoff and punt have been on point today. Can't win without him!  Literally saved the game holy,1397736.0,positive,0.219,0.66,0.121,-0.3995
1oz1nt2,1763339233.0,14380,1.0,71,DISCUSSIONS,Ethan Evans appreciation! His kickoff and punt have been on point today. Can't win without him!  That last punt at the end was one of the best ever.,1035360.0,positive,0.085,0.691,0.224,0.7195
1oz1nt2,1763338805.0,8628,1.0,71,DISCUSSIONS,Ethan Evans appreciation! His kickoff and punt have been on point today. Can't win without him!  I squealed like a pig when I saw it,621216.0,neutral,0.205,0.677,0.118,-0.354
1oz1nt2,1763339192.0,7190,1.0,71,DISCUSSIONS,Ethan Evans appreciation! His kickoff and punt have been on point today. Can't win without him!  MVP of the game today! Without that punt it’s a loss,517680.0,positive,0.192,0.707,0.101,-0.4493
1oz1nt2,1763338672.0,5752,1.0,71,DISCUSSIONS,Ethan Evans appreciation! His kickoff and punt have been on point today. Can't win without him!  💪🏾💪🏾💪🏾💪🏾💪🏾💪🏾💪🏾💪🏾💪🏾💪🏾 clutch punt,414144.0,positive,0.128,0.71,0.162,0.2052
1oz1nt2,1763338548.0,4314,1.0,71,DISCUSSIONS,"Ethan Evans appreciation! His kickoff and punt have been on point today. Can't win without him!  What a kick, man!! 👏👏👏",310608.0,positive,0.12,0.705,0.175,0.3391
1oz1nt2,1763339350.0,3595,1.0,71,DISCUSSIONS,Ethan Evans appreciation! His kickoff and punt have been on point today. Can't win without him!  How did he kick so good with balls that big 😳😂,258840.0,positive,0.089,0.692,0.22,0.676
1oz1nt2,1763339374.0,3595,1.0,71,DISCUSSIONS,Ethan Evans appreciation! His kickoff and punt have been on point today. Can't win without him!  Might have saved the game ,258840.0,positive,0.111,0.649,0.241,0.5591
1oz1nt2,1763339039.0,5752,1.0,71,DISCUSSIONS,"Ethan Evans appreciation! His kickoff and punt have been on point today. Can't win without him!  That punt could not have been more clutch, my god. Our special teams and defense played lights out today and totally picked up the slack from the offense",414144.0,positive,0.092,0.674,0.234,0.7767
1oz1nt2,1763339665.0,2157,1.0,71,DISCUSSIONS,Ethan Evans appreciation! His kickoff and punt have been on point today. Can't win without him!  Great punt!! Pinned them back when we needed it most. 🫵🏻👏🏻👏🏻,155304.0,positive,0.216,0.689,0.095,-0.6409
1oz1nt2,1763339739.0,2157,1.0,71,DISCUSSIONS,Ethan Evans appreciation! His kickoff and punt have been on point today. Can't win without him!  Game ball! Saved Rams.,155304.0,positive,0.114,0.629,0.258,0.5999
1oz1nt2,1763339865.0,2157,1.0,71,DISCUSSIONS,"Ethan Evans appreciation! His kickoff and punt have been on point today. Can't win without him!  Defense played amazingly, Ethan just as great if not greater, my biggest gripe from the game is that Kyren disappeared for a very long stretch of the game and Corum isn't a pass catcher.",155304.0,positive,0.186,0.689,0.124,-0.171
1oz1nt2,1763340014.0,2157,1.0,71,DISCUSSIONS,Ethan Evans appreciation! His kickoff and punt have been on point today. Can't win without him!  So ironic everyone said the Seahawks special teams were a huge advantage for them and it was our special teams who won us the game,155304.0,positive,0.057,0.593,0.35,0.93
1oz1nt2,1763340238.0,2157,1.0,71,DISCUSSIONS,Ethan Evans appreciation! His kickoff and punt have been on point today. Can't win without him!  I can't wait to see the Isaac Punts reactions video that punt!,155304.0,positive,0.095,0.775,0.129,0.2741
1oz1nt2,1763340934.0,2157,1.0,71,DISCUSSIONS,"Ethan Evans appreciation! His kickoff and punt have been on point today. Can't win without him!  Won us the game!

![gif](giphy|l0HU7yHIK6Nc3WcE0)",155304.0,neutral,0.254,0.631,0.116,-0.6044
1oz1nt2,1763348472.0,2157,1.0,71,DISCUSSIONS,Ethan Evans appreciation! His kickoff and punt have been on point today. Can't win without him!  Man I can’t believe I’m glazing a punt but that shit was fucking ridiculous. Love from Canada for our boy.,155304.0,positive,0.231,0.597,0.172,-0.4295
1oxxwar,1763228867.0,13905,0.99,10,PHOTOS,"Landman is everywhere Collecting more land & billboards 
 LANDMAN GONNA LAND",151425.0,positive,0.0,1.0,0.0,0.0
1oxxwar,1763230460.0,10815,0.99,10,PHOTOS,"Landman is everywhere Collecting more land & billboards 
 LANDMAN HAS COLLECTED MORE LAND",117775.0,neutral,0.0,1.0,0.0,0.0
1oxxwar,1763230536.0,6180,0.99,10,PHOTOS,"Landman is everywhere Collecting more land & billboards 
 Coming for Seattle.",67300.0,positive,0.0,1.0,0.0,0.0
1oxxwar,1763230727.0,5150,0.99,10,PHOTOS,"Landman is everywhere Collecting more land & billboards 
 LANDMAN ROCKS",56084.0,positive,0.0,1.0,0.0,0.0
1oxxwar,1763232134.0,3605,0.99,10,PHOTOS,"Landman is everywhere Collecting more land & billboards 
 Landman is gonna become a pirate. taking it to the Sea tomorrow",39258.0,neutral,0.0,1.0,0.0,0.0
1oxxwar,1763232866.0,2575,0.99,10,PHOTOS,"Landman is everywhere Collecting more land & billboards 
 Haha, took a picture of a bench ad and sent it to the bros. All Land No Brakes!",28042.0,neutral,0.082,0.785,0.133,0.3304
1oxxwar,1763237462.0,2575,0.99,10,PHOTOS,"Landman is everywhere Collecting more land & billboards 
 He’s far exceeded I think all of our expectations as a FA signing. He’s a stud in this defense!",28042.0,positive,0.0,0.92,0.08,0.2304
1oxxwar,1763234353.0,1545,0.99,10,PHOTOS,"Landman is everywhere Collecting more land & billboards 
 👊",16825.0,positive,0.0,1.0,0.0,0.0
1oxxwar,1763240735.0,1545,0.99,10,PHOTOS,"Landman is everywhere Collecting more land & billboards 
 Love this meme",16825.0,positive,0.0,0.668,0.332,0.6666
1oxxwar,1763242742.0,1545,0.99,10,PHOTOS,"Landman is everywhere Collecting more land & billboards 
 Great show",16825.0,positive,0.0,0.647,0.353,0.6557
1ox5qap,1763148521.0,7632,0.96,9,HIGHLIGHTS,[Highlight] Breaking Down how Sean McVay and the Rams Offense Dominated the 49'ers Defense  https://i.redd.it/qvlks2arx91g1.gif,73267.0,neutral,0.121,0.788,0.091,-0.128
1ox5qap,1763148978.0,4929,0.96,9,HIGHLIGHTS,[Highlight] Breaking Down how Sean McVay and the Rams Offense Dominated the 49'ers Defense  this is a great breakdown. mcvay and stafford is such a deadly combo.,47318.0,negative,0.068,0.743,0.189,0.5574
1ox38lj,1763142401.0,53625,0.97,310,DISCUSSIONS,"On a scale of 1-10 how confident you are about this game?  7. I think we’re the better team, and we have good performances against the Seahawks, but still nervous. I think we either win by 20 or lose by 3",16177054.0,neutral,0.128,0.64,0.231,0.6124
1ox38lj,1763142436.0,51051,0.97,310,DISCUSSIONS,On a scale of 1-10 how confident you are about this game?  6. I think we’re the better team but Seattle is playing great and it’s a division game.,15400555.0,neutral,0.0,0.649,0.351,0.8979
1ox38lj,1763142435.0,32175,0.97,310,DISCUSSIONS,"On a scale of 1-10 how confident you are about this game?  I’m 50/50. Very conscious of JSN and company against our secondary, hopefully our front can get pressure on Darnold consistently before he has time to hit his main man.
Need the OL to hold up for Stafford and we’ll be hot favourites",9706232.0,positive,0.038,0.861,0.102,0.5719
1ox38lj,1763142315.0,32604,0.97,310,DISCUSSIONS,On a scale of 1-10 how confident you are about this game?  A solid 7.4,9835649.0,neutral,0.0,0.696,0.304,0.5859
1ox38lj,1763142366.0,15015,0.97,310,DISCUSSIONS,On a scale of 1-10 how confident you are about this game?  I been on 10,4529575.0,positive,0.0,0.802,0.198,0.4939
1ox38lj,1763143191.0,12870,0.97,310,DISCUSSIONS,"On a scale of 1-10 how confident you are about this game?  **Alternate Take**:

This game sets the tone for the rematch on Dec 18th. 

That's the money game.",3882493.0,neutral,0.0,0.894,0.106,0.4939
1ox38lj,1763156640.0,3861,0.97,310,DISCUSSIONS,On a scale of 1-10 how confident you are about this game?  I’m 99.99% confident a game will be played,1164748.0,positive,0.0,0.63,0.37,0.8316
1ox38lj,1763148008.0,2574,0.97,310,DISCUSSIONS,"On a scale of 1-10 how confident you are about this game?  The last time I was confident in a Rams win Mac Jones stole a road victory, so I kinda think confidence in football is for suckers.",776499.0,neutral,0.074,0.625,0.301,0.8803
1ox38lj,1763143181.0,12012,0.97,310,DISCUSSIONS,"On a scale of 1-10 how confident you are about this game?  I’ve been a Rams fan for a long time, it’s never good when the fanbase is this confident about a win.",3623660.0,positive,0.062,0.617,0.321,0.8777
1ox38lj,1763142594.0,8580,0.97,310,DISCUSSIONS,"On a scale of 1-10 how confident you are about this game?  Its a simple equation. I see Sam Darnold, I see a win.",2588329.0,positive,0.0,0.708,0.292,0.7906
1ox38lj,1763143175.0,1716,0.97,310,DISCUSSIONS,"On a scale of 1-10 how confident you are about this game?  6.0 since I think we have about a 60% chance of winning. If nothing materially changes, I’ll be at 40% for the rematch.",517666.0,positive,0.0,0.771,0.229,0.8225
1ox38lj,1763142914.0,2574,0.97,310,DISCUSSIONS,On a scale of 1-10 how confident you are about this game?  5 because any past performances for either team goes out the window when they play against each other,776499.0,positive,0.0,0.823,0.177,0.6808
1ox38lj,1763143287.0,1287,0.97,310,DISCUSSIONS,"On a scale of 1-10 how confident you are about this game?  Im gonna say a solid 6/10. We’ve been playing lights out on offense, but Seattle’s defensive personnel and scheming is second to none. The fact that our pass rush struggled against the Niners also gives me some pause. Can I see a world where Darnold sees ghosts against us after the tape we put out on him last year? 100%, but if we can’t get consistent pressure to him, I think JSN carves up our secondary. 

Ultimately I like our odds, but it’s probably gonna be a tough one",388249.0,neutral,0.088,0.82,0.092,-0.3204
1ox38lj,1763143779.0,1287,0.97,310,DISCUSSIONS,"On a scale of 1-10 how confident you are about this game?  I’m expecting Seattle to have a huge run game, but rams are gonna win by a point or two",388249.0,neutral,0.0,0.736,0.264,0.8381
1ox38lj,1763146615.0,1287,0.97,310,DISCUSSIONS,"On a scale of 1-10 how confident you are about this game?  To me it’s just one game. They will face each other again later this season and if both teams are legit will most likely be in the playoff position. With that said, I think based on how Stafford and the Rams is balling right now, I’m at an 8 for this game.",388249.0,positive,0.0,0.949,0.051,0.4939
1ox38lj,1763154726.0,1287,0.97,310,DISCUSSIONS,"On a scale of 1-10 how confident you are about this game?  6. Seahawks look legit, and explosive. Our secondary is going to struggle against both JSN and Kupp I think. Darnold gonna get the ball out quick. And it’s a 1 pm middle of the regular season game, so Donald isn’t going to be seeing ghosts yet. Obv the rams are good but I’m not going in thinking we’re just going to jump all over them. Would be nice.",388249.0,neutral,0.02,0.885,0.095,0.7269
1ox38lj,1763169703.0,1287,0.97,310,DISCUSSIONS,On a scale of 1-10 how confident you are about this game?  thiccer kicker splits uprights in OT for the W!!,388249.0,neutral,0.0,0.834,0.166,0.5837
1ox38lj,1763144736.0,3432,0.97,310,DISCUSSIONS,On a scale of 1-10 how confident you are about this game?  ![gif](giphy|08uBcURaMq6vA93TGc|downsized),1035331.0,neutral,0.0,0.759,0.241,0.5411
1ox38lj,1763142583.0,1716,0.97,310,DISCUSSIONS,"On a scale of 1-10 how confident you are about this game?  A solid 8, but I always believe. Our boys are freaking good in all areas of the game. Vamos Rams!",517666.0,neutral,0.102,0.69,0.208,0.4295
1ox38lj,1763142997.0,858,0.97,310,DISCUSSIONS,"On a scale of 1-10 how confident you are about this game?  10, we are the better team by every metric. we always show up in big games",258833.0,neutral,0.0,0.804,0.196,0.7269
1ox227v,1763139970.0,6601,0.99,22,PHOTOS,"Puka Nacua Says Facing Cooper Kupp Will Feel “Foreign” in First Matchup Since Rams Exit https://sportscondensed.com/news/puka-nacua-says-facing-cooper-kupp-will-feel-foreign-in-first-matchup-since-rams-exit 
 -via Sports Condensed Coop will always have a special place in my heart .. that being said … Fuck the seabirds!!!",150305.0,positive,0.109,0.823,0.067,-0.3971
1ox227v,1763140457.0,3542,0.99,22,PHOTOS,"Puka Nacua Says Facing Cooper Kupp Will Feel “Foreign” in First Matchup Since Rams Exit https://sportscondensed.com/news/puka-nacua-says-facing-cooper-kupp-will-feel-foreign-in-first-matchup-since-rams-exit 
 -via Sports Condensed Classy guys. Genuinely love that they're still buddies. 

Hope the fans in the stadium are just as classy and cheer him when he comes out. Also hope he has a terrible day. 😂",80651.0,positive,0.048,0.66,0.293,0.9432
1ox227v,1763140618.0,3220,0.99,22,PHOTOS,"Puka Nacua Says Facing Cooper Kupp Will Feel “Foreign” in First Matchup Since Rams Exit https://sportscondensed.com/news/puka-nacua-says-facing-cooper-kupp-will-feel-foreign-in-first-matchup-since-rams-exit 
 -via Sports Condensed I guess it would really be foreign to face him since they both play on offense",73319.0,positive,0.055,0.879,0.066,0.1027
1ox227v,1763140762.0,3220,0.99,22,PHOTOS,"Puka Nacua Says Facing Cooper Kupp Will Feel “Foreign” in First Matchup Since Rams Exit https://sportscondensed.com/news/puka-nacua-says-facing-cooper-kupp-will-feel-foreign-in-first-matchup-since-rams-exit 
 -via Sports Condensed I'm still not quite over him leaving the team. Like I get why we let him go, but I fully thought he'd be a lifelong Ram.",73319.0,negative,0.0,0.959,0.041,0.1901
1ox227v,1763149896.0,805,0.99,22,PHOTOS,"Puka Nacua Says Facing Cooper Kupp Will Feel “Foreign” in First Matchup Since Rams Exit https://sportscondensed.com/news/puka-nacua-says-facing-cooper-kupp-will-feel-foreign-in-first-matchup-since-rams-exit 
 -via Sports Condensed True class from both guys.",18330.0,positive,0.0,0.891,0.109,0.4215
1ox227v,1763140764.0,483,0.99,22,PHOTOS,"Puka Nacua Says Facing Cooper Kupp Will Feel “Foreign” in First Matchup Since Rams Exit https://sportscondensed.com/news/puka-nacua-says-facing-cooper-kupp-will-feel-foreign-in-first-matchup-since-rams-exit 
 -via Sports Condensed 😢",10998.0,positive,0.0,1.0,0.0,0.0
1ox227v,1763195574.0,322,0.99,22,PHOTOS,"Puka Nacua Says Facing Cooper Kupp Will Feel “Foreign” in First Matchup Since Rams Exit https://sportscondensed.com/news/puka-nacua-says-facing-cooper-kupp-will-feel-foreign-in-first-matchup-since-rams-exit 
 -via Sports Condensed It's not like they'll be on the field at the same time. It's more weird for the defensive guys that knew Kupp well.",7332.0,positive,0.091,0.839,0.071,-0.2271
1ox227v,1763256889.0,322,0.99,22,PHOTOS,"Puka Nacua Says Facing Cooper Kupp Will Feel “Foreign” in First Matchup Since Rams Exit https://sportscondensed.com/news/puka-nacua-says-facing-cooper-kupp-will-feel-foreign-in-first-matchup-since-rams-exit 
 -via Sports Condensed A lot of Rams fans say we should’ve kept Kupp and not signed Adams, but I disagree.  I think Adams has been more effective.",7332.0,positive,0.074,0.826,0.1,0.2936
1ox227v,1763140008.0,161,0.99,22,PHOTOS,"Puka Nacua Says Facing Cooper Kupp Will Feel “Foreign” in First Matchup Since Rams Exit https://sportscondensed.com/news/puka-nacua-says-facing-cooper-kupp-will-feel-foreign-in-first-matchup-since-rams-exit 
 -via Sports Condensed [removed]",3666.0,neutral,0.0,1.0,0.0,0.0
1ox227v,1763158483.0,161,0.99,22,PHOTOS,"Puka Nacua Says Facing Cooper Kupp Will Feel “Foreign” in First Matchup Since Rams Exit https://sportscondensed.com/news/puka-nacua-says-facing-cooper-kupp-will-feel-foreign-in-first-matchup-since-rams-exit 
 -via Sports Condensed [removed]",3666.0,positive,0.0,1.0,0.0,0.0
1own7p7,1763095459.0,1590,0.99,7,NEWS,"Listen to our conductor and his side quest! You can tell that he’s resting his back and enjoying his life!  I met KT and his dad once and they are such wonderful guys. Huge fun personalities and they’re both so positive. Love to see him living his best life enjoying Los Angeles. He deserves it.

Oh and he’s an absolute dawg on the field! Go Rams!",12593.0,positive,0.0,0.651,0.349,0.9856
1own7p7,1763122008.0,424,0.99,7,NEWS,Listen to our conductor and his side quest! You can tell that he’s resting his back and enjoying his life!  I love this team.,3358.0,positive,0.0,0.72,0.28,0.8475
1own7p7,1763124590.0,424,0.99,7,NEWS,Listen to our conductor and his side quest! You can tell that he’s resting his back and enjoying his life!  What the hell! I didn’t know he had them pipes in him !,3358.0,neutral,0.151,0.76,0.089,-0.5216
1own7p7,1763193700.0,106,0.99,7,NEWS,Listen to our conductor and his side quest! You can tell that he’s resting his back and enjoying his life!  He injured his back today,840.0,positive,0.091,0.775,0.134,0.3147
1owa748,1763063812.0,508,0.99,4,SUB MASCOTS,Los Angles Rams Week 11 Matchup Doodle :)  Beautiful drawings CornDoggy!!!,2515.0,positive,0.0,0.536,0.464,0.8306
1owa748,1763067029.0,254,0.99,4,SUB MASCOTS,Los Angles Rams Week 11 Matchup Doodle :)  What happened to the floof? Still a very cute drawing,1257.0,positive,0.0,0.704,0.296,0.7425
1owa748,1763137784.0,127,0.99,4,SUB MASCOTS,Los Angles Rams Week 11 Matchup Doodle :)  Its mouth is blue from the blood of the seachickens,629.0,positive,0.0,0.85,0.15,0.4588
1ow5j92,1763055483.0,6980,1.0,8,HIGHLIGHTS,This slo-mo shot of Stafford’s sidearm sling last Sunday is so cool FT9 this and the no-look were just chef's kiss,62820.0,positive,0.0,0.766,0.234,0.6995
1ow5j92,1763055168.0,4188,1.0,8,HIGHLIGHTS,This slo-mo shot of Stafford’s sidearm sling last Sunday is so cool FT9 So sign former baseball players turned qb. Got it.,37692.0,negative,0.0,0.875,0.125,0.4572
1ow5j92,1763056666.0,3490,1.0,8,HIGHLIGHTS,This slo-mo shot of Stafford’s sidearm sling last Sunday is so cool FT9 Throws a nicer side arm than some QBs throw normal passes.,31410.0,positive,0.0,0.781,0.219,0.7088
1ow5j92,1763059417.0,2443,1.0,8,HIGHLIGHTS,This slo-mo shot of Stafford’s sidearm sling last Sunday is so cool FT9 Just MVP things.,21987.0,positive,0.0,0.834,0.166,0.4572
1ow5j92,1763060303.0,1396,1.0,8,HIGHLIGHTS,This slo-mo shot of Stafford’s sidearm sling last Sunday is so cool FT9 Absolute cinema.,12564.0,neutral,0.0,0.824,0.176,0.4572
1ow5j92,1763070929.0,1047,1.0,8,HIGHLIGHTS,"This slo-mo shot of Stafford’s sidearm sling last Sunday is so cool FT9 He saw Luka’s pass the other day vs Miami Heat.

Stafford: “real shit?!”",9423.0,positive,0.0,0.884,0.116,0.5079
1ovpvdn,1763002642.0,3756,0.99,11,MEMES,"Nate Landman's PUNCHOUT!! (now with 100% less AI slop) (and if you see any mistakes, nuh uh!)",44621.0,neutral,0.174,0.826,0.0,-0.5229
1ovpvdn,1763002719.0,1878,0.99,11,MEMES,Nate Landman's PUNCHOUT!! (now with 100% less AI slop) Hell yeah,22311.0,negative,0.305,0.558,0.136,-0.5748
1ovpvdn,1763002898.0,1565,0.99,11,MEMES,Nate Landman's PUNCHOUT!! (now with 100% less AI slop) love this!,18592.0,positive,0.0,0.675,0.325,0.7015
1ovpvdn,1763006646.0,1252,0.99,11,MEMES,Nate Landman's PUNCHOUT!! (now with 100% less AI slop) much better!,14874.0,neutral,0.0,0.726,0.274,0.5826
1ovpvdn,1763012239.0,939,0.99,11,MEMES,Nate Landman's PUNCHOUT!! (now with 100% less AI slop) Now that goes HARD,11155.0,positive,0.185,0.815,0.0,-0.4053
1ovpvdn,1763026237.0,939,0.99,11,MEMES,Nate Landman's PUNCHOUT!! (now with 100% less AI slop) This man hates footballs,11155.0,negative,0.225,0.775,0.0,-0.5399
1ovpvdn,1763052094.0,939,0.99,11,MEMES,Nate Landman's PUNCHOUT!! (now with 100% less AI slop) My kingdom for this to be on a shirt!!!,11155.0,negative,0.0,1.0,0.0,0.0
1ovpvdn,1763009937.0,626,0.99,11,MEMES,Nate Landman's PUNCHOUT!! (now with 100% less AI slop) Badass!!,7437.0,negative,0.218,0.782,0.0,-0.3621
1ovpvdn,1763048169.0,313,0.99,11,MEMES,Nate Landman's PUNCHOUT!! (now with 100% less AI slop) [removed],3718.0,neutral,0.0,1.0,0.0,0.0
1ovpvdn,1763080854.0,313,0.99,11,MEMES,"Nate Landman's PUNCHOUT!! (now with 100% less AI slop) I prefer Nate “Peanut Punch” Landman.

Of course the acronym is NPPL",3718.0,positive,0.0,1.0,0.0,0.0
1ovhtxx,1762984534.0,3811,0.88,91,DISCUSSIONS,"On this day 30 years ago, the Dome at America's Center, the home of the Rams from 1995 to 2015, opened its doors for the first time. Located next door to the America's Center convention center, the Rams played their home games at the Dome from its opening to 2015, during their tenure in St. Louis, Missouri. The Dome opened with [a 28-17 Rams victory against the Panthers](https://youtu.be/haPw_9W2TeM?si=UkcGhEx4_wAVeKQX); the Rams' last game at the Dome was [a 31-23 victory against the Buccaneers on December 17, 2015](https://youtu.be/NXWsaVBEhlQ?si=vgHqjXmC1Rc2XmAT). The Dome, which was known as the Trans World Dome from its opening until 2001 and the Edward Jones Dome from 2002 to 2016, is currently the home of the UFL's St. Louis Battlehawks, who began play in 2020. Good place for a monster truck rally",308539.0,neutral,0.0,0.941,0.059,0.7941
1ovhtxx,1762982666.0,6901,0.88,91,DISCUSSIONS,"On this day 30 years ago, the Dome at America's Center, the home of the Rams from 1995 to 2015, opened its doors for the first time. Located next door to the America's Center convention center, the Rams played their home games at the Dome from its opening to 2015, during their tenure in St. Louis, Missouri. The Dome opened with [a 28-17 Rams victory against the Panthers](https://youtu.be/haPw_9W2TeM?si=UkcGhEx4_wAVeKQX); the Rams' last game at the Dome was [a 31-23 victory against the Buccaneers on December 17, 2015](https://youtu.be/NXWsaVBEhlQ?si=vgHqjXmC1Rc2XmAT). The Dome, which was known as the Trans World Dome from its opening until 2001 and the Edward Jones Dome from 2002 to 2016, is currently the home of the UFL's St. Louis Battlehawks, who began play in 2020. What a mistake it was for them to ever leave LA",558705.0,negative,0.026,0.937,0.037,0.3736
1ovhtxx,1762986703.0,2987,0.88,91,DISCUSSIONS,"On this day 30 years ago, the Dome at America's Center, the home of the Rams from 1995 to 2015, opened its doors for the first time. Located next door to the America's Center convention center, the Rams played their home games at the Dome from its opening to 2015, during their tenure in St. Louis, Missouri. The Dome opened with [a 28-17 Rams victory against the Panthers](https://youtu.be/haPw_9W2TeM?si=UkcGhEx4_wAVeKQX); the Rams' last game at the Dome was [a 31-23 victory against the Buccaneers on December 17, 2015](https://youtu.be/NXWsaVBEhlQ?si=vgHqjXmC1Rc2XmAT). The Dome, which was known as the Trans World Dome from its opening until 2001 and the Edward Jones Dome from 2002 to 2016, is currently the home of the UFL's St. Louis Battlehawks, who began play in 2020. I love Kroenke, he brought the Rams back home.",241828.0,negative,0.0,0.933,0.067,0.8541
1ovhtxx,1763004322.0,309,0.88,91,DISCUSSIONS,"On this day 30 years ago, the Dome at America's Center, the home of the Rams from 1995 to 2015, opened its doors for the first time. Located next door to the America's Center convention center, the Rams played their home games at the Dome from its opening to 2015, during their tenure in St. Louis, Missouri. The Dome opened with [a 28-17 Rams victory against the Panthers](https://youtu.be/haPw_9W2TeM?si=UkcGhEx4_wAVeKQX); the Rams' last game at the Dome was [a 31-23 victory against the Buccaneers on December 17, 2015](https://youtu.be/NXWsaVBEhlQ?si=vgHqjXmC1Rc2XmAT). The Dome, which was known as the Trans World Dome from its opening until 2001 and the Edward Jones Dome from 2002 to 2016, is currently the home of the UFL's St. Louis Battlehawks, who began play in 2020. The TWADome",25017.0,positive,0.0,0.96,0.04,0.6322
1ovhtxx,1762985051.0,1442,0.88,91,DISCUSSIONS,"On this day 30 years ago, the Dome at America's Center, the home of the Rams from 1995 to 2015, opened its doors for the first time. Located next door to the America's Center convention center, the Rams played their home games at the Dome from its opening to 2015, during their tenure in St. Louis, Missouri. The Dome opened with [a 28-17 Rams victory against the Panthers](https://youtu.be/haPw_9W2TeM?si=UkcGhEx4_wAVeKQX); the Rams' last game at the Dome was [a 31-23 victory against the Buccaneers on December 17, 2015](https://youtu.be/NXWsaVBEhlQ?si=vgHqjXmC1Rc2XmAT). The Dome, which was known as the Trans World Dome from its opening until 2001 and the Edward Jones Dome from 2002 to 2016, is currently the home of the UFL's St. Louis Battlehawks, who began play in 2020. I really do miss the home field advantage. That place could get loud.",116744.0,negative,0.013,0.936,0.05,0.6465
1ovhtxx,1762991873.0,1339,0.88,91,DISCUSSIONS,"On this day 30 years ago, the Dome at America's Center, the home of the Rams from 1995 to 2015, opened its doors for the first time. Located next door to the America's Center convention center, the Rams played their home games at the Dome from its opening to 2015, during their tenure in St. Louis, Missouri. The Dome opened with [a 28-17 Rams victory against the Panthers](https://youtu.be/haPw_9W2TeM?si=UkcGhEx4_wAVeKQX); the Rams' last game at the Dome was [a 31-23 victory against the Buccaneers on December 17, 2015](https://youtu.be/NXWsaVBEhlQ?si=vgHqjXmC1Rc2XmAT). The Dome, which was known as the Trans World Dome from its opening until 2001 and the Edward Jones Dome from 2002 to 2016, is currently the home of the UFL's St. Louis Battlehawks, who began play in 2020. Awful stadium, the Rams shouldn’t have moved there in the first place if Georgia didn’t run them into the ground and burn more bridges than the Luftwaffe. The market was way too small, a sizeable decrease from leaving the second biggest media market in the country, on top of the fact that St Louis’ attendance was bottom 5 from 2008-15 reflected it",108405.0,positive,0.016,0.948,0.036,0.4515
1ovhtxx,1762996396.0,927,0.88,91,DISCUSSIONS,"On this day 30 years ago, the Dome at America's Center, the home of the Rams from 1995 to 2015, opened its doors for the first time. Located next door to the America's Center convention center, the Rams played their home games at the Dome from its opening to 2015, during their tenure in St. Louis, Missouri. The Dome opened with [a 28-17 Rams victory against the Panthers](https://youtu.be/haPw_9W2TeM?si=UkcGhEx4_wAVeKQX); the Rams' last game at the Dome was [a 31-23 victory against the Buccaneers on December 17, 2015](https://youtu.be/NXWsaVBEhlQ?si=vgHqjXmC1Rc2XmAT). The Dome, which was known as the Trans World Dome from its opening until 2001 and the Edward Jones Dome from 2002 to 2016, is currently the home of the UFL's St. Louis Battlehawks, who began play in 2020. The real error was when they left for Anaheim",75050.0,positive,0.019,0.943,0.037,0.3527
1ovhtxx,1763044014.0,206,0.88,91,DISCUSSIONS,"On this day 30 years ago, the Dome at America's Center, the home of the Rams from 1995 to 2015, opened its doors for the first time. Located next door to the America's Center convention center, the Rams played their home games at the Dome from its opening to 2015, during their tenure in St. Louis, Missouri. The Dome opened with [a 28-17 Rams victory against the Panthers](https://youtu.be/haPw_9W2TeM?si=UkcGhEx4_wAVeKQX); the Rams' last game at the Dome was [a 31-23 victory against the Buccaneers on December 17, 2015](https://youtu.be/NXWsaVBEhlQ?si=vgHqjXmC1Rc2XmAT). The Dome, which was known as the Trans World Dome from its opening until 2001 and the Edward Jones Dome from 2002 to 2016, is currently the home of the UFL's St. Louis Battlehawks, who began play in 2020. You’re not allowed to post this",16678.0,positive,0.0,0.962,0.038,0.6322
1ovhtxx,1762987055.0,206,0.88,91,DISCUSSIONS,"On this day 30 years ago, the Dome at America's Center, the home of the Rams from 1995 to 2015, opened its doors for the first time. Located next door to the America's Center convention center, the Rams played their home games at the Dome from its opening to 2015, during their tenure in St. Louis, Missouri. The Dome opened with [a 28-17 Rams victory against the Panthers](https://youtu.be/haPw_9W2TeM?si=UkcGhEx4_wAVeKQX); the Rams' last game at the Dome was [a 31-23 victory against the Buccaneers on December 17, 2015](https://youtu.be/NXWsaVBEhlQ?si=vgHqjXmC1Rc2XmAT). The Dome, which was known as the Trans World Dome from its opening until 2001 and the Edward Jones Dome from 2002 to 2016, is currently the home of the UFL's St. Louis Battlehawks, who began play in 2020. How fast 30 years goes by.

Damn!",16678.0,positive,0.02,0.941,0.04,0.4122
1ovhtxx,1762998603.0,103,0.88,91,DISCUSSIONS,"On this day 30 years ago, the Dome at America's Center, the home of the Rams from 1995 to 2015, opened its doors for the first time. Located next door to the America's Center convention center, the Rams played their home games at the Dome from its opening to 2015, during their tenure in St. Louis, Missouri. The Dome opened with [a 28-17 Rams victory against the Panthers](https://youtu.be/haPw_9W2TeM?si=UkcGhEx4_wAVeKQX); the Rams' last game at the Dome was [a 31-23 victory against the Buccaneers on December 17, 2015](https://youtu.be/NXWsaVBEhlQ?si=vgHqjXmC1Rc2XmAT). The Dome, which was known as the Trans World Dome from its opening until 2001 and the Edward Jones Dome from 2002 to 2016, is currently the home of the UFL's St. Louis Battlehawks, who began play in 2020. [removed]",8339.0,positive,0.0,0.96,0.04,0.6322
1ovhtxx,1763040902.0,103,0.88,91,DISCUSSIONS,"On this day 30 years ago, the Dome at America's Center, the home of the Rams from 1995 to 2015, opened its doors for the first time. Located next door to the America's Center convention center, the Rams played their home games at the Dome from its opening to 2015, during their tenure in St. Louis, Missouri. The Dome opened with [a 28-17 Rams victory against the Panthers](https://youtu.be/haPw_9W2TeM?si=UkcGhEx4_wAVeKQX); the Rams' last game at the Dome was [a 31-23 victory against the Buccaneers on December 17, 2015](https://youtu.be/NXWsaVBEhlQ?si=vgHqjXmC1Rc2XmAT). The Dome, which was known as the Trans World Dome from its opening until 2001 and the Edward Jones Dome from 2002 to 2016, is currently the home of the UFL's St. Louis Battlehawks, who began play in 2020. at least they're getting some use out of it",8339.0,positive,0.0,0.962,0.038,0.6322
1ovhtxx,1763048451.0,103,0.88,91,DISCUSSIONS,"On this day 30 years ago, the Dome at America's Center, the home of the Rams from 1995 to 2015, opened its doors for the first time. Located next door to the America's Center convention center, the Rams played their home games at the Dome from its opening to 2015, during their tenure in St. Louis, Missouri. The Dome opened with [a 28-17 Rams victory against the Panthers](https://youtu.be/haPw_9W2TeM?si=UkcGhEx4_wAVeKQX); the Rams' last game at the Dome was [a 31-23 victory against the Buccaneers on December 17, 2015](https://youtu.be/NXWsaVBEhlQ?si=vgHqjXmC1Rc2XmAT). The Dome, which was known as the Trans World Dome from its opening until 2001 and the Edward Jones Dome from 2002 to 2016, is currently the home of the UFL's St. Louis Battlehawks, who began play in 2020. Where did they play for the first 10 weeks of ‘95?",8339.0,positive,0.0,0.945,0.055,0.7744
1ovhtxx,1763126200.0,103,0.88,91,DISCUSSIONS,"On this day 30 years ago, the Dome at America's Center, the home of the Rams from 1995 to 2015, opened its doors for the first time. Located next door to the America's Center convention center, the Rams played their home games at the Dome from its opening to 2015, during their tenure in St. Louis, Missouri. The Dome opened with [a 28-17 Rams victory against the Panthers](https://youtu.be/haPw_9W2TeM?si=UkcGhEx4_wAVeKQX); the Rams' last game at the Dome was [a 31-23 victory against the Buccaneers on December 17, 2015](https://youtu.be/NXWsaVBEhlQ?si=vgHqjXmC1Rc2XmAT). The Dome, which was known as the Trans World Dome from its opening until 2001 and the Edward Jones Dome from 2002 to 2016, is currently the home of the UFL's St. Louis Battlehawks, who began play in 2020. Shoulda stayed. Rams are the away team every game now, sad!",8339.0,negative,0.022,0.94,0.039,0.3296
1ovhtxx,1763135986.0,103,0.88,91,DISCUSSIONS,"On this day 30 years ago, the Dome at America's Center, the home of the Rams from 1995 to 2015, opened its doors for the first time. Located next door to the America's Center convention center, the Rams played their home games at the Dome from its opening to 2015, during their tenure in St. Louis, Missouri. The Dome opened with [a 28-17 Rams victory against the Panthers](https://youtu.be/haPw_9W2TeM?si=UkcGhEx4_wAVeKQX); the Rams' last game at the Dome was [a 31-23 victory against the Buccaneers on December 17, 2015](https://youtu.be/NXWsaVBEhlQ?si=vgHqjXmC1Rc2XmAT). The Dome, which was known as the Trans World Dome from its opening until 2001 and the Edward Jones Dome from 2002 to 2016, is currently the home of the UFL's St. Louis Battlehawks, who began play in 2020. I remember the excitement of the Greatest Show on Turf then when we all knew the Rams were leaving. At least we won a Super Bowl.",8339.0,positive,0.0,0.876,0.124,0.9646
1ovhtxx,1763020984.0,103,0.88,91,DISCUSSIONS,"On this day 30 years ago, the Dome at America's Center, the home of the Rams from 1995 to 2015, opened its doors for the first time. Located next door to the America's Center convention center, the Rams played their home games at the Dome from its opening to 2015, during their tenure in St. Louis, Missouri. The Dome opened with [a 28-17 Rams victory against the Panthers](https://youtu.be/haPw_9W2TeM?si=UkcGhEx4_wAVeKQX); the Rams' last game at the Dome was [a 31-23 victory against the Buccaneers on December 17, 2015](https://youtu.be/NXWsaVBEhlQ?si=vgHqjXmC1Rc2XmAT). The Dome, which was known as the Trans World Dome from its opening until 2001 and the Edward Jones Dome from 2002 to 2016, is currently the home of the UFL's St. Louis Battlehawks, who began play in 2020. Don’t care. We’re the LOS ANGELES Rams now",8339.0,negative,0.0,0.94,0.06,0.8105
1ovbf7x,1762969370.0,4876,1.0,9,PHOTOS,"Rams Hype Video for Seahawks game Saw this posted on TikTok. Man I’m even more hyped now  A. They win and we as a fanbase love this uni kit
B. They lose and curse the midnight mode and we hate the kit.",48760.0,negative,0.184,0.668,0.148,-0.2263
1ovbf7x,1762969718.0,1696,1.0,9,PHOTOS,Rams Hype Video for Seahawks game Saw this posted on TikTok. Man I’m even more hyped now  WHERES A BRICK WALL SO I CAN RUN THROUGH IT?!?!?!!,16960.0,negative,0.0,1.0,0.0,0.0
1ovbf7x,1762969610.0,1272,1.0,9,PHOTOS,Rams Hype Video for Seahawks game Saw this posted on TikTok. Man I’m even more hyped now  Goosebumps! Let’s goo!!,12720.0,negative,0.0,1.0,0.0,0.0
1ovbf7x,1762969337.0,1060,1.0,9,PHOTOS,Rams Hype Video for Seahawks game Saw this posted on TikTok. Man I’m even more hyped now  LFG!,10600.0,negative,0.0,1.0,0.0,0.0
1ovbf7x,1762971847.0,424,1.0,9,PHOTOS,Rams Hype Video for Seahawks game Saw this posted on TikTok. Man I’m even more hyped now  Fuck yea these uniforms look dope! I hope they get the big boy sizes for the midnight mode Verse jerseys available soon.,4240.0,negative,0.094,0.838,0.068,-0.2859
1ovbf7x,1762972290.0,424,1.0,9,PHOTOS,"Rams Hype Video for Seahawks game Saw this posted on TikTok. Man I’m even more hyped now  Midnight City>Emerald City 
WHOOOOOO'S FUCKIN' HOUUUUSE????",4240.0,negative,0.0,1.0,0.0,0.0
1ovbf7x,1762975514.0,212,1.0,9,PHOTOS,Rams Hype Video for Seahawks game Saw this posted on TikTok. Man I’m even more hyped now  Chills! And I need to get a Stafford Midnight Blue jersey!,2120.0,negative,0.0,1.0,0.0,0.0
1ovbf7x,1762978107.0,212,1.0,9,PHOTOS,Rams Hype Video for Seahawks game Saw this posted on TikTok. Man I’m even more hyped now  And i just checked my local listings and they’re not even showing the game here. 😭,2120.0,negative,0.0,1.0,0.0,0.0
1ovbf7x,1762978818.0,212,1.0,9,PHOTOS,Rams Hype Video for Seahawks game Saw this posted on TikTok. Man I’m even more hyped now  Can’t wait!,2120.0,negative,0.0,1.0,0.0,0.0
1ov6xhr,1762958667.0,7502,0.96,64,DISCUSSIONS,"I screamed 'NO' at my computer when I saw the ttle on ESPN  lol, lmao even",468125.0,negative,0.115,0.55,0.335,0.6597
1ov6xhr,1762959111.0,5808,0.96,64,DISCUSSIONS,I screamed 'NO' at my computer when I saw the ttle on ESPN  Keep that dude away from my franchise.,362419.0,neutral,0.119,0.881,0.0,-0.3182
1ov6xhr,1762959251.0,3872,0.96,64,DISCUSSIONS,I screamed 'NO' at my computer when I saw the ttle on ESPN  Gonna be a helluva offseason being “linked” to every QB imaginable,241613.0,neutral,0.103,0.897,0.0,-0.3182
1ov6xhr,1762959507.0,2057,0.96,64,DISCUSSIONS,I screamed 'NO' at my computer when I saw the ttle on ESPN  ![gif](giphy|NpL4D3Oc2bJUMAXF9P),128357.0,negative,0.191,0.809,0.0,-0.3802
1ov6xhr,1762960430.0,1573,0.96,64,DISCUSSIONS,I screamed 'NO' at my computer when I saw the ttle on ESPN  He represents everything that this team doesn’t. Don’t worry—McVay and Snead wouldn’t be the slightest bit interested,98155.0,negative,0.074,0.839,0.087,0.1027
1ov6xhr,1762961229.0,1452,0.96,64,DISCUSSIONS,"I screamed 'NO' at my computer when I saw the ttle on ESPN  Same Author...

Why Eating Glow Sticks Gives You Night Vision",90605.0,negative,0.099,0.815,0.086,-0.0772
1ov6xhr,1762960437.0,968,0.96,64,DISCUSSIONS,I screamed 'NO' at my computer when I saw the ttle on ESPN  ![gif](giphy|n9mwOcfUdkijK),60403.0,negative,0.191,0.809,0.0,-0.3802
1ov6xhr,1762958508.0,605,0.96,64,DISCUSSIONS,"I screamed 'NO' at my computer when I saw the ttle on ESPN  *title, it's early, can't type",37752.0,positive,0.133,0.867,0.0,-0.3182
1ov6xhr,1762961315.0,847,0.96,64,DISCUSSIONS,I screamed 'NO' at my computer when I saw the ttle on ESPN  Kyler would rather play Call of Duty.,52853.0,positive,0.111,0.773,0.116,0.0258
1ov6xhr,1762970769.0,726,0.96,64,DISCUSSIONS,I screamed 'NO' at my computer when I saw the ttle on ESPN  What the fuck are they smoking?,45302.0,positive,0.279,0.721,0.0,-0.7003
1ov6xhr,1762962049.0,1210,0.96,64,DISCUSSIONS,I screamed 'NO' at my computer when I saw the ttle on ESPN  Prefer Jimmy G over that shorty...,75504.0,positive,0.133,0.867,0.0,-0.3182
1ov6xhr,1762964579.0,363,0.96,64,DISCUSSIONS,I screamed 'NO' at my computer when I saw the ttle on ESPN  Would 100% drive Mcvay to retirement by 2028 or so,22651.0,positive,0.103,0.897,0.0,-0.3182
1ov6xhr,1762970505.0,363,0.96,64,DISCUSSIONS,I screamed 'NO' at my computer when I saw the ttle on ESPN  Not even Mcvay could fix Kyler. Dude definitely is a stop gap starting qb not a franchise qb,22651.0,positive,0.144,0.769,0.087,-0.2023
1ov6xhr,1762961436.0,363,0.96,64,DISCUSSIONS,I screamed 'NO' at my computer when I saw the ttle on ESPN  It’s not like McVay and Snead haven’t had front row seats to seeing this guy flame out the past 3 years.,22651.0,positive,0.132,0.868,0.0,-0.5283
1ov6xhr,1762966174.0,363,0.96,64,DISCUSSIONS,I screamed 'NO' at my computer when I saw the ttle on ESPN  We don't really need a #3 RB,22651.0,positive,0.126,0.874,0.0,-0.3182
1ov6xhr,1762966431.0,363,0.96,64,DISCUSSIONS,I screamed 'NO' at my computer when I saw the ttle on ESPN  We still need to draft an heir apparent to take over for when he retires.,22651.0,positive,0.084,0.916,0.0,-0.3182
1ov6xhr,1762960513.0,605,0.96,64,DISCUSSIONS,"I screamed 'NO' at my computer when I saw the ttle on ESPN  Mcvay is great, but he’s not a miracle worker. Absolutely not.",37752.0,positive,0.219,0.684,0.097,-0.4953
1ov6xhr,1762963874.0,242,0.96,64,DISCUSSIONS,I screamed 'NO' at my computer when I saw the ttle on ESPN  Murray would be below the Rams radar...,15101.0,positive,0.119,0.881,0.0,-0.3182
1ov6xhr,1762965111.0,242,0.96,64,DISCUSSIONS,I screamed 'NO' at my computer when I saw the ttle on ESPN  ![gif](giphy|8vUEXZA2me7vnuUvrs),15101.0,negative,0.191,0.809,0.0,-0.3802
1ov6xhr,1762976641.0,242,0.96,64,DISCUSSIONS,I screamed 'NO' at my computer when I saw the ttle on ESPN  Please NO!,15101.0,positive,0.31,0.561,0.129,-0.4981
1ouqqyk,1762908417.0,5000,0.98,14,DISCUSSIONS,"Can we give some extra appreciation to Dotson and Landman Kev Dotson has had some great PFF numbers and was absolutely outstanding against the Red/Gold Bums. And I just can't keep thinking of how much Landman and his punches have helped changed the course of the games. Landman also broke the franchise tackles record couple games ago, all for a cool $1M.... He knows he’s a Ram for life when he appeared with that sick blue and yellow horn haircut. ",73500.0,neutral,0.067,0.779,0.154,0.8357
1ouqqyk,1762910443.0,4125,0.98,14,DISCUSSIONS,"Can we give some extra appreciation to Dotson and Landman Kev Dotson has had some great PFF numbers and was absolutely outstanding against the Red/Gold Bums. And I just can't keep thinking of how much Landman and his punches have helped changed the course of the games. Landman also broke the franchise tackles record couple games ago, all for a cool $1M.... https://preview.redd.it/z4qzt07s9q0g1.jpeg?width=941&format=pjpg&auto=webp&s=29ae9945b599f199de4ee3152e5c080c432e98c4",60638.0,positive,0.038,0.769,0.192,0.9041
1ouqqyk,1762908346.0,2625,0.98,14,DISCUSSIONS,"Can we give some extra appreciation to Dotson and Landman Kev Dotson has had some great PFF numbers and was absolutely outstanding against the Red/Gold Bums. And I just can't keep thinking of how much Landman and his punches have helped changed the course of the games. Landman also broke the franchise tackles record couple games ago, all for a cool $1M.... Love Dotson. He’s such a culture guy. And we straight fleeced the Steelers for him too 🤣",38588.0,neutral,0.031,0.748,0.221,0.9538
1ouqqyk,1762908914.0,2625,0.98,14,DISCUSSIONS,"Can we give some extra appreciation to Dotson and Landman Kev Dotson has had some great PFF numbers and was absolutely outstanding against the Red/Gold Bums. And I just can't keep thinking of how much Landman and his punches have helped changed the course of the games. Landman also broke the franchise tackles record couple games ago, all for a cool $1M.... Landman almost had another on CMC too. Oh man, I wanted that punch out so bad. That would've been sooo good",38588.0,neutral,0.075,0.751,0.174,0.8625
1ouqqyk,1762911711.0,875,0.98,14,DISCUSSIONS,"Can we give some extra appreciation to Dotson and Landman Kev Dotson has had some great PFF numbers and was absolutely outstanding against the Red/Gold Bums. And I just can't keep thinking of how much Landman and his punches have helped changed the course of the games. Landman also broke the franchise tackles record couple games ago, all for a cool $1M.... As soon as we sign Landman to another contract I’m getting that Jersey.",12862.0,positive,0.033,0.802,0.165,0.9041
1ouqqyk,1762964721.0,625,0.98,14,DISCUSSIONS,"Can we give some extra appreciation to Dotson and Landman Kev Dotson has had some great PFF numbers and was absolutely outstanding against the Red/Gold Bums. And I just can't keep thinking of how much Landman and his punches have helped changed the course of the games. Landman also broke the franchise tackles record couple games ago, all for a cool $1M.... Landman is playing at an all-pro level, maybe the best free agent pickup per dollar I've seen in my life",9188.0,positive,0.029,0.734,0.237,0.9661
1ouqqyk,1762943988.0,125,0.98,14,DISCUSSIONS,"Can we give some extra appreciation to Dotson and Landman Kev Dotson has had some great PFF numbers and was absolutely outstanding against the Red/Gold Bums. And I just can't keep thinking of how much Landman and his punches have helped changed the course of the games. Landman also broke the franchise tackles record couple games ago, all for a cool $1M.... LANDMAN - G.O.A.T.",1838.0,positive,0.038,0.772,0.19,0.9041
1ou20bj,1762841839.0,7650,1.0,9,DISCUSSIONS,"Run defense appreciation post! I think the upgraded run defense has not been mentioned enough. They have held top tier RBs to less than 100 yards (except King Henry). CMC finished 30 and 50 on 2 games. Saquon less than 60. JTaylor less than 80. NONE of them scored a TD against us. We’re tied 1st with rushing TD allowed (3). I believe Ford, Landman and Lake is a great part of that. Credit to BY and V8 on keeping the edge and not overpersuiting the qb.
 The uptick in sacks this season is also notable.",76500.0,positive,0.0,0.849,0.151,0.92
1ou20bj,1762847841.0,4590,1.0,9,DISCUSSIONS,"Run defense appreciation post! I think the upgraded run defense has not been mentioned enough. They have held top tier RBs to less than 100 yards (except King Henry). CMC finished 30 and 50 on 2 games. Saquon less than 60. JTaylor less than 80. NONE of them scored a TD against us. We’re tied 1st with rushing TD allowed (3). I believe Ford, Landman and Lake is a great part of that. Credit to BY and V8 on keeping the edge and not overpersuiting the qb.
 I know people don’t know ball when I watch game previews and they still talk about x team has x RB so the rams might have a rough time because Saquon blah blah. Like come on, watch a couple games and tell me the last time the running game was an issue for us. Even when Henry went off, I didn’t mind the Ravens burning clock and keeping it on the ground that game. Oh and Henry was stuffed on the 1 multiple times that game. 

Also can’t run on this team because other teams usually have to play behind 1 or 2 scores since Stanford is HIM.",45900.0,positive,0.015,0.882,0.104,0.945
1ou20bj,1762851414.0,3978,1.0,9,DISCUSSIONS,"Run defense appreciation post! I think the upgraded run defense has not been mentioned enough. They have held top tier RBs to less than 100 yards (except King Henry). CMC finished 30 and 50 on 2 games. Saquon less than 60. JTaylor less than 80. NONE of them scored a TD against us. We’re tied 1st with rushing TD allowed (3). I believe Ford, Landman and Lake is a great part of that. Credit to BY and V8 on keeping the edge and not overpersuiting the qb.
 Landman and Speights are not playing like two UDFAs on minimum salary. Love this duo. They play hard.",39780.0,positive,0.044,0.769,0.187,0.9484
1ou20bj,1762843372.0,2754,1.0,9,DISCUSSIONS,"Run defense appreciation post! I think the upgraded run defense has not been mentioned enough. They have held top tier RBs to less than 100 yards (except King Henry). CMC finished 30 and 50 on 2 games. Saquon less than 60. JTaylor less than 80. NONE of them scored a TD against us. We’re tied 1st with rushing TD allowed (3). I believe Ford, Landman and Lake is a great part of that. Credit to BY and V8 on keeping the edge and not overpersuiting the qb.
 Not to mention being 18th in blitz rate. Sending an extra guy 30 percent of the time.",27540.0,positive,0.0,0.86,0.14,0.92
1ou20bj,1762847314.0,2754,1.0,9,DISCUSSIONS,"Run defense appreciation post! I think the upgraded run defense has not been mentioned enough. They have held top tier RBs to less than 100 yards (except King Henry). CMC finished 30 and 50 on 2 games. Saquon less than 60. JTaylor less than 80. NONE of them scored a TD against us. We’re tied 1st with rushing TD allowed (3). I believe Ford, Landman and Lake is a great part of that. Credit to BY and V8 on keeping the edge and not overpersuiting the qb.
 Chris Shula definitely gone this offseason :(",27540.0,neutral,0.029,0.797,0.175,0.9168
1ou20bj,1762875147.0,2448,1.0,9,DISCUSSIONS,"Run defense appreciation post! I think the upgraded run defense has not been mentioned enough. They have held top tier RBs to less than 100 yards (except King Henry). CMC finished 30 and 50 on 2 games. Saquon less than 60. JTaylor less than 80. NONE of them scored a TD against us. We’re tied 1st with rushing TD allowed (3). I believe Ford, Landman and Lake is a great part of that. Credit to BY and V8 on keeping the edge and not overpersuiting the qb.
 Puna Ford was brought in to help improve our run defense.  I would say that (along with the mindset and drive he inspires) has been a success!",24480.0,positive,0.0,0.787,0.213,0.9725
1ou20bj,1762887262.0,1224,1.0,9,DISCUSSIONS,"Run defense appreciation post! I think the upgraded run defense has not been mentioned enough. They have held top tier RBs to less than 100 yards (except King Henry). CMC finished 30 and 50 on 2 games. Saquon less than 60. JTaylor less than 80. NONE of them scored a TD against us. We’re tied 1st with rushing TD allowed (3). I believe Ford, Landman and Lake is a great part of that. Credit to BY and V8 on keeping the edge and not overpersuiting the qb.
 Poona and Landman. Chargers run D has looked worse this year and losing Poona is a big reason why.",12240.0,positive,0.051,0.814,0.135,0.8122
1otxtz6,1762833888.0,3451,1.0,15,PHOTOS,"Our OL from KDot’s instagram post! A bend-but-not-break line is good when healthy! 
Need to have more guys in the next draft!!   I live that they sit in order of their position 😂",55216.0,positive,0.0,0.805,0.195,0.7762
1otxtz6,1762836541.0,1785,1.0,15,PHOTOS,"Our OL from KDot’s instagram post! A bend-but-not-break line is good when healthy! 
Need to have more guys in the next draft!!   We need our successor to Rob Havenstein",28560.0,positive,0.099,0.662,0.239,0.6209
1otxtz6,1762863637.0,476,1.0,15,PHOTOS,"Our OL from KDot’s instagram post! A bend-but-not-break line is good when healthy! 
Need to have more guys in the next draft!!   STRAIGHT AURA",7616.0,neutral,0.0,0.68,0.32,0.8556
1otxtz6,1762887140.0,476,1.0,15,PHOTOS,"Our OL from KDot’s instagram post! A bend-but-not-break line is good when healthy! 
Need to have more guys in the next draft!!   This group right here decides our SB chances. 
They know if they keep 9 clean, they’re winning it all. So far they kept improving their protection each and every game. They’re starting to look so in sync with each other. I love this group and I trust them to get it done",7616.0,neutral,0.0,0.713,0.287,0.9749
1otxtz6,1762899219.0,238,1.0,15,PHOTOS,"Our OL from KDot’s instagram post! A bend-but-not-break line is good when healthy! 
Need to have more guys in the next draft!!   This is a bad ass pic! Go Rams!!!",3808.0,positive,0.0,0.671,0.329,0.8949
1otmo3n,1762819836.0,2124,0.99,5,PHOTOS,"Since at least 1970, Matthew Stafford is the only QB to have 20+ passing TDs and 0 INTs over a 6-game span  🤞 keep the streak going against the hawks",12617.0,negative,0.0,1.0,0.0,0.0
1otmo3n,1762839859.0,1062,0.99,5,PHOTOS,"Since at least 1970, Matthew Stafford is the only QB to have 20+ passing TDs and 0 INTs over a 6-game span  MattVP",6308.0,neutral,0.0,1.0,0.0,0.0
1otkbde,1762796437.0,9869,0.99,19,DISCUSSIONS,"Stafford sets NFL Record never seen before ESPN Research, Matthew Stafford became the first QB ever with four touchdown passes and zero interceptions in three straight games I'd like to contribute to the discussion by saying ""Hell yeah!""

Let's keep it going.",195406.0,positive,0.101,0.808,0.091,-0.3595
1otkbde,1762797745.0,2919,0.99,19,DISCUSSIONS,"Stafford sets NFL Record never seen before ESPN Research, Matthew Stafford became the first QB ever with four touchdown passes and zero interceptions in three straight games I’d like to see it happen again this week. For scientific purposes only of course",57796.0,negative,0.0,0.901,0.099,0.5267
1otkbde,1762801424.0,2780,0.99,19,DISCUSSIONS,"Stafford sets NFL Record never seen before ESPN Research, Matthew Stafford became the first QB ever with four touchdown passes and zero interceptions in three straight games 20 TD's and no INT's in last 6 games is also a never before seen record. ",55044.0,positive,0.051,0.905,0.044,-0.0772
1otkbde,1762813997.0,695,0.99,19,DISCUSSIONS,"Stafford sets NFL Record never seen before ESPN Research, Matthew Stafford became the first QB ever with four touchdown passes and zero interceptions in three straight games Not to be pedantic but wouldn't a record by definition have never been seen before",13761.0,positive,0.0,0.965,0.035,0.1154
1otkbde,1762802211.0,695,0.99,19,DISCUSSIONS,"Stafford sets NFL Record never seen before ESPN Research, Matthew Stafford became the first QB ever with four touchdown passes and zero interceptions in three straight games MVP",13761.0,neutral,0.0,0.934,0.066,0.2263
1otkbde,1762804499.0,417,0.99,19,DISCUSSIONS,"Stafford sets NFL Record never seen before ESPN Research, Matthew Stafford became the first QB ever with four touchdown passes and zero interceptions in three straight games He is HIM!",8257.0,positive,0.0,0.93,0.07,0.2942
1otkbde,1762824001.0,139,0.99,19,DISCUSSIONS,"Stafford sets NFL Record never seen before ESPN Research, Matthew Stafford became the first QB ever with four touchdown passes and zero interceptions in three straight games They’re gonna start subbing in big nickel packages  instead of base and we’re gonna run the ball down some throats",2752.0,positive,0.0,0.96,0.04,0.2263
1otgck9,1762788400.0,19100,0.99,10,MEMES,"Target Darnold locked, launch sequence initiated. And now we wait. Verse impact expected Sunday. 🚀 We win this game by making Darnold spooked. We can't allow him to play comfortable up there. If they beat us on the deep ball because they protection stays up so be it. I want blitzs, I want 5 man rushes. I want unrelenting terror in Darnold's eyes.",207999.0,positive,0.073,0.722,0.205,0.7978
1otgck9,1762791982.0,11842,0.99,10,MEMES,"Target Darnold locked, launch sequence initiated. And now we wait. Verse impact expected Sunday. 🚀 https://preview.redd.it/a3e3pbmlhg0g1.jpeg?width=1242&format=pjpg&auto=webp&s=b824445bdfa0cef987a287278fab2f966b59aa97",128959.0,positive,0.0,1.0,0.0,0.0
1otgck9,1762793205.0,2674,0.99,10,MEMES,"Target Darnold locked, launch sequence initiated. And now we wait. Verse impact expected Sunday. 🚀 ![gif](giphy|Olr6bYzpBx2JG)",29120.0,neutral,0.0,1.0,0.0,0.0
1otgck9,1762838169.0,764,0.99,10,MEMES,"Target Darnold locked, launch sequence initiated. And now we wait. Verse impact expected Sunday. 🚀 We blitz all night!",8320.0,neutral,0.0,1.0,0.0,0.0
1otgbp9,1762791499.0,95049,0.99,57,DISCUSSIONS,"For the first time in his career, Matthew Stafford is .500 with a record of 115-115-1  What spending most of your career in Detroit does to a motherfucker",5457714.0,positive,0.155,0.845,0.0,-0.6808
1otgbp9,1762799245.0,13425,0.99,57,DISCUSSIONS,"For the first time in his career, Matthew Stafford is .500 with a record of 115-115-1  I wonder what his win percentage is with the Rams",770864.0,neutral,0.0,0.858,0.142,0.5859
1otgbp9,1762804824.0,1611,0.99,57,DISCUSSIONS,"For the first time in his career, Matthew Stafford is .500 with a record of 115-115-1  Better thank McVay in his HoF speech.",92504.0,positive,0.0,0.787,0.213,0.6597
1otgbp9,1762810840.0,537,0.99,57,DISCUSSIONS,"For the first time in his career, Matthew Stafford is .500 with a record of 115-115-1  Snead and McVay saved this man’s career",30835.0,neutral,0.0,0.882,0.118,0.4215
1otgbp9,1762835985.0,537,0.99,57,DISCUSSIONS,"For the first time in his career, Matthew Stafford is .500 with a record of 115-115-1  It took less than 5 years to unfuck what Detroit fucked up for 12. ",30835.0,positive,0.14,0.86,0.0,-0.6597
1ot7oh6,1762760866.0,69252,0.99,44,MEMES,Harrison Mevis appreciation post 5/5 on PATs Make that 6 of 6 PATs! I was so surprised to see we actually blocked an extra point instead of the opposite happening.,3085177.0,positive,0.065,0.746,0.189,0.6102
1ot7oh6,1762772028.0,49352,0.99,44,MEMES,Harrison Mevis appreciation post 5/5 on PATs Rams are undefeated and average 42 PPG with Mevis as our kicker. Coincidence? I think not,2198632.0,positive,0.0,0.864,0.136,0.5106
1ot7oh6,1762778494.0,22686,0.99,44,MEMES,Harrison Mevis appreciation post 5/5 on PATs I wish at the end they would have thrown him out there for a no pressure FG to end the game,1010661.0,positive,0.136,0.679,0.185,0.3818
1ot7oh6,1762783701.0,13930,0.99,44,MEMES,Harrison Mevis appreciation post 5/5 on PATs Thiccer kicker delivered!,620582.0,positive,0.0,0.715,0.285,0.5562
1ot7oh6,1762789016.0,8358,0.99,44,MEMES,Harrison Mevis appreciation post 5/5 on PATs His kicks were WAY higher and faster than Karty.  You could see the operation just be smoother in general.  I hope we stick with this.,372349.0,positive,0.0,0.824,0.176,0.7351
1ot7oh6,1762764711.0,5572,0.99,44,MEMES,Harrison Mevis appreciation post 5/5 on PATs PUTCHO BACK INTO IT MEVIS,248233.0,positive,0.0,0.769,0.231,0.5106
1ot7oh6,1762784141.0,5174,0.99,44,MEMES,Harrison Mevis appreciation post 5/5 on PATs I like my kicks thicc!,230502.0,positive,0.0,0.596,0.404,0.7263
1ot7oh6,1762777681.0,22288,0.99,44,MEMES,Harrison Mevis appreciation post 5/5 on PATs I remember we had these posts for Karty when he first started too.,992930.0,neutral,0.0,0.845,0.155,0.5106
1ot7oh6,1762788612.0,2786,0.99,44,MEMES,"Harrison Mevis appreciation post 5/5 on PATs The jury is still out, have to wait for a few FG attempts and a crunch time attempt before deciding, but yes, a nice soft introduction to Harrison.",124116.0,positive,0.0,0.755,0.245,0.8555
1ot7oh6,1762783705.0,2388,0.99,44,MEMES,Harrison Mevis appreciation post 5/5 on PATs Thiccer kicker,106385.0,neutral,0.0,0.708,0.292,0.5106
1ot7oh6,1762786328.0,2786,0.99,44,MEMES,Harrison Mevis appreciation post 5/5 on PATs Did he handle kickoffs as well? I’m blanking,124116.0,positive,0.0,0.707,0.293,0.6597
1ot7oh6,1762791784.0,2388,0.99,44,MEMES,Harrison Mevis appreciation post 5/5 on PATs Hah just watched this guys college highlights. He’s legit!,106385.0,positive,0.0,0.807,0.193,0.5562
1ot7oh6,1762796820.0,1990,0.99,44,MEMES,Harrison Mevis appreciation post 5/5 on PATs Rubenesque,88654.0,positive,0.0,0.68,0.32,0.5106
1ot7oh6,1762798980.0,1990,0.99,44,MEMES,Harrison Mevis appreciation post 5/5 on PATs No penalties. No turnovers. No missed kicks!,88654.0,positive,0.425,0.421,0.154,-0.5848
1ot7oh6,1762771149.0,1592,0.99,44,MEMES,Harrison Mevis appreciation post 5/5 on PATs Tom Dempsey’s great grandson (not really). And with the prestigious “place kicker 03” olive green combine tee shirt. 6 for 6 in one game is no joke and better than most. Welcome to the club Harry.,70924.0,positive,0.042,0.66,0.298,0.9273
1ot7oh6,1762792911.0,1592,0.99,44,MEMES,Harrison Mevis appreciation post 5/5 on PATs Thats a big boy,70924.0,positive,0.0,0.732,0.268,0.5106
1ot7oh6,1762792728.0,1194,0.99,44,MEMES,"Harrison Mevis appreciation post 5/5 on PATs Those PATs would have been good from 50...

Jokes aside, I thought he looked solid.",53193.0,positive,0.0,0.634,0.366,0.8316
1ot7oh6,1762802901.0,1194,0.99,44,MEMES,Harrison Mevis appreciation post 5/5 on PATs This is what peak male performance looks like,53193.0,positive,0.0,0.691,0.309,0.7003
1ot4ke9,1762755647.0,16575,1.0,12,PHOTOS,"Davante Adams has 6 TDs in his last 3 games 😤 9 TDs for the season  The signing of Davante was a genius move by the FO. Many were already writing him off as ""washed"" after mediocre stints with the Raiders and Jets. Took half a season to get in a groove with Staff and the offense. I'm beyond happy with his contribution to the team thus far and I'm happy to see him thriving once again in this league. He's still far too talented to be wasting away accumulating stats on bad teams. Much love to #17.",215475.0,positive,0.077,0.784,0.139,0.8271
1ot4ke9,1762752346.0,5200,1.0,12,PHOTOS,Davante Adams has 6 TDs in his last 3 games 😤 9 TDs for the season  This is an incredible photo.,67600.0,positive,0.0,1.0,0.0,0.0
1ot4ke9,1762788155.0,1300,1.0,12,PHOTOS,Davante Adams has 6 TDs in his last 3 games 😤 9 TDs for the season  He’s been balling out since I bet for him to score a tuddy and he didn’t.  Love it,16900.0,neutral,0.0,0.865,0.135,0.6369
1ot4ke9,1762805060.0,650,1.0,12,PHOTOS,Davante Adams has 6 TDs in his last 3 games 😤 9 TDs for the season  Leading the NFL in receiving TDs.,8450.0,positive,0.0,1.0,0.0,0.0
1ot4ke9,1762813565.0,325,1.0,12,PHOTOS,Davante Adams has 6 TDs in his last 3 games 😤 9 TDs for the season  I assume he is ok health wise? I thought I saw him get taken out towards the end of the game and mentioning he was injured but I don’t remember any follow up. Hoping it was just precautionary since they were up big,4225.0,positive,0.033,0.836,0.131,0.6705
1ot3otf,1762746722.0,2178,1.0,5,MEMES,"""The Rams are peaking right now""  McVay probably isn’t even deep in his bag yet.",13068.0,positive,0.0,1.0,0.0,0.0
1ot3otf,1762766328.0,847,1.0,5,MEMES,"""The Rams are peaking right now""  would rather us peak in Jan into feb",5082.0,positive,0.0,1.0,0.0,0.0
1ot3otf,1762794280.0,242,1.0,5,MEMES,"""The Rams are peaking right now""  The cream always rises to the top.",1452.0,positive,0.0,0.87,0.13,0.2023
1ot1azm,1762739432.0,62244,0.99,41,DISCUSSIONS,Resign Landman now He been a game changer for us so can we please resign him ASAP.  Maybe we should re-sign him then not resign him lol,2588106.0,positive,0.288,0.635,0.077,-0.7156
1ot1azm,1762739451.0,20748,0.99,41,DISCUSSIONS,Resign Landman now He been a game changer for us so can we please resign him ASAP.  You could make an argument that he’s the most important player on the defense,862702.0,positive,0.195,0.641,0.164,-0.2831
1ot1azm,1762743284.0,9828,0.99,41,DISCUSSIONS,Resign Landman now He been a game changer for us so can we please resign him ASAP.  Wild that Atlanta let him go.,408648.0,positive,0.182,0.721,0.097,-0.3041
1ot1azm,1762745974.0,4368,0.99,41,DISCUSSIONS,Resign Landman now He been a game changer for us so can we please resign him ASAP.  Him and Q. Right now. Get it done.,181621.0,positive,0.169,0.74,0.09,-0.3041
1ot1azm,1762745912.0,3003,0.99,41,DISCUSSIONS,Resign Landman now He been a game changer for us so can we please resign him ASAP.  Landman > Rozeboom,124865.0,positive,0.215,0.671,0.115,-0.3041
1ot1azm,1762744845.0,2730,0.99,41,DISCUSSIONS,Resign Landman now He been a game changer for us so can we please resign him ASAP.  Amen. Lock him up. Also lock him up for assaulting footballs.,113513.0,positive,0.241,0.683,0.076,-0.6743
1ot1azm,1762740320.0,3003,0.99,41,DISCUSSIONS,Resign Landman now He been a game changer for us so can we please resign him ASAP.  He's expensive now lol shoulda done it after that marvelous game 1 punch 👊,124865.0,positive,0.13,0.621,0.25,0.6666
1ot1azm,1762780809.0,546,0.99,41,DISCUSSIONS,"Resign Landman now He been a game changer for us so can we please resign him ASAP.  Nbs, he's been such an awesome addition. The Falcons really blessed us.",22703.0,positive,0.124,0.595,0.281,0.7939
1ot1azm,1763836685.0,546,0.99,41,DISCUSSIONS,Resign Landman now He been a game changer for us so can we please resign him ASAP.  This aged well!,22703.0,positive,0.206,0.606,0.188,-0.1099
1ot1azm,1762750814.0,273,0.99,41,DISCUSSIONS,Resign Landman now He been a game changer for us so can we please resign him ASAP.  [removed],11351.0,neutral,0.225,0.655,0.12,-0.3041
1ot1azm,1762813686.0,273,0.99,41,DISCUSSIONS,Resign Landman now He been a game changer for us so can we please resign him ASAP.  Pay him what he wants,11351.0,neutral,0.241,0.66,0.1,-0.3892
1ot0pin,1762737746.0,137480,0.99,21,PHOTOS,Someone likes the win today! Keep it up! lmao pretty sure he hates the Whiners as much as we do.,2994314.0,neutral,0.132,0.381,0.487,0.9199
1ot0pin,1762739413.0,63830,0.99,21,PHOTOS,Someone likes the win today! Keep it up! ![gif](giphy|QyQWORxRKXf1231ATj|downsized),1390217.0,positive,0.0,0.484,0.516,0.8164
1ot0pin,1762737770.0,70704,0.99,21,PHOTOS,Someone likes the win today! Keep it up! Dude probably still hates them LMAO. ,1539933.0,neutral,0.117,0.405,0.478,0.8725
1ot0pin,1762738716.0,19640,0.99,21,PHOTOS,Someone likes the win today! Keep it up! AD baby!,427759.0,negative,0.0,0.517,0.483,0.8164
1ot0pin,1762743141.0,17676,0.99,21,PHOTOS,Someone likes the win today! Keep it up! AD is a simple man. He hates the niners. I hate the niners. I too am a simple man 🥃,384983.0,positive,0.205,0.59,0.205,-0.1491
1ot0pin,1762747895.0,15712,0.99,21,PHOTOS,"Someone likes the win today! Keep it up! [Me, 160lbs soaking wet]

""he just like me fr fr""",342207.0,positive,0.0,0.608,0.392,0.8652
1ot0pin,1762742978.0,9820,0.99,21,PHOTOS,Someone likes the win today! Keep it up! Deebo Samuel’s daddy,213880.0,neutral,0.0,0.556,0.444,0.8011
1ot0pin,1762788527.0,4910,0.99,21,PHOTOS,Someone likes the win today! Keep it up! ![gif](giphy|dwMgw6QrQGyq6Cwqzv|downsized),106940.0,negative,0.0,0.484,0.516,0.8164
1ot0pin,1762739055.0,4910,0.99,21,PHOTOS,Someone likes the win today! Keep it up! M'boy!,106940.0,neutral,0.0,0.484,0.516,0.8164
1ot0pin,1762738795.0,6874,0.99,21,PHOTOS,Someone likes the win today! Keep it up! The good old scrub beat down,149716.0,positive,0.0,0.522,0.478,0.8774
1ot0pin,1762789532.0,2946,0.99,21,PHOTOS,Someone likes the win today! Keep it up! ![gif](giphy|Ae7SI3LoPYj8Q),64164.0,neutral,0.0,0.484,0.516,0.8164
1ot0pin,1762800125.0,2946,0.99,21,PHOTOS,Someone likes the win today! Keep it up! I am hoping to see a reenactment of him pointing to the ring celebration!,64164.0,positive,0.0,0.623,0.377,0.8827
1ot0pin,1762814784.0,982,0.99,21,PHOTOS,Someone likes the win today! Keep it up! AD knows the Whiners are the worst,21388.0,neutral,0.239,0.461,0.301,0.3578
1ot0bf1,1762736945.0,27359,0.9,24,MEMES,Belt to ass  https://i.redd.it/0drwcp6yxb0g1.gif,615578.0,neutral,0.538,0.462,0.0,-0.5423
1ot0bf1,1762740957.0,6526,0.9,24,MEMES,Belt to ass  ![gif](giphy|6BZaFXBVPBtok),146835.0,positive,0.558,0.442,0.0,-0.5848
1ot0bf1,1762753057.0,13554,0.9,24,MEMES,"Belt to ass  I get it’s just a meme to use for laughs…….but for the record, I will never condone this type of behavior in real life.",304965.0,positive,0.132,0.868,0.0,-0.5423
1ot0bf1,1762745915.0,12801,0.9,24,MEMES,Belt to ass  I’m a ram fan but it’s never that serious,288022.0,positive,0.17,0.605,0.225,-0.0688
1ot0bf1,1762737813.0,5020,0.9,24,MEMES,Belt to ass  We cleared out the Trash in Levis and made it SoFi North fr 🔥,112950.0,neutral,0.185,0.741,0.074,-0.4767
1ot0bf1,1762755966.0,2259,0.9,24,MEMES,"Belt to ass  I remember the video of this fight. i  still have so many unanswered questions to this day about it. 49er fan ask Ram fan to punch him.
Ram fan obliges. 
then 49er fans girlfriend tries to fight Ram fan, Ram fan gets confused and backs off not wanting to fight woman. 49er fan unphased with Ram fan punch has seemingly cordial conversation with Seahawk fan, leaves the conversation looking for Ram fan to fight but Seahawk fan follows 49er fan and starts punching 49er fan who then seems confused that Seahawk fan is now punching him and then Seahawk fan knocks 49er fan down. Then girlfriend attacks Seahawk fan who then wants no part in fighting woman. End scene. 

Oh yeah, Benny hill music should have been playing the whole time. 

Was Seahawk fan friends with Ram fan? Did they both just meet and have shared hatred for 49ers?",50828.0,neutral,0.157,0.575,0.268,0.9542
1ot0bf1,1762770007.0,2259,0.9,24,MEMES,Belt to ass  Nothing more pathetic than fighting over a game idc what team you support,50828.0,neutral,0.27,0.475,0.255,-0.0897
1ot0bf1,1762755342.0,502,0.9,24,MEMES,Belt to ass  #AD99 4 eva,11295.0,neutral,0.467,0.533,0.0,-0.5423
1ot0bf1,1762787872.0,502,0.9,24,MEMES,Belt to ass  Why do I lowkey love our trashy stadium 😂,11295.0,positive,0.223,0.51,0.268,0.1779
1ot0bf1,1762749910.0,1004,0.9,24,MEMES,"Belt to ass  No context at all, just a rams ran pelting a (apparently much smaller) Niners fan?",22590.0,positive,0.271,0.619,0.11,-0.5267
1ot0bf1,1762742676.0,502,0.9,24,MEMES,Belt to ass  lol run little bitch run little bitch run 🏃,11295.0,positive,0.518,0.345,0.138,-0.8278
1ot0bf1,1762818446.0,251,0.9,24,MEMES,Belt to ass  ![gif](giphy|YEdmLFc7RRdv1JTKL3),5648.0,positive,0.558,0.442,0.0,-0.5848
1oszrjc,1762735196.0,12400,0.95,32,MEMES,"Seattle… BE READY FOR THIS WHOPPING. LA COMING TO COLONIZE THE  NFC WEST🐏  If our defense gets to the qb it will be a good game , hopefully Sam has ptsd",388740.0,positive,0.114,0.619,0.267,0.5994
1oszrjc,1762735946.0,6448,0.95,32,MEMES,Seattle… BE READY FOR THIS WHOPPING. LA COMING TO COLONIZE THE  NFC WEST🐏  I just wanna know if Adams will be back😪,202145.0,positive,0.166,0.713,0.121,-0.296
1oszrjc,1762735659.0,4216,0.95,32,MEMES,Seattle… BE READY FOR THIS WHOPPING. LA COMING TO COLONIZE THE  NFC WEST🐏  Let's hope the defensive line comes to play. 0 pressure today. I like our odds with a pass rush.,132172.0,positive,0.163,0.54,0.298,0.5423
1oszrjc,1762875580.0,496,0.95,32,MEMES,Seattle… BE READY FOR THIS WHOPPING. LA COMING TO COLONIZE THE  NFC WEST🐏  Winning against a team playing with rookies and second-stringers because of injuries is nothing to gloat about.,15550.0,positive,0.117,0.66,0.223,0.4588
1oszrjc,1763017891.0,496,0.95,32,MEMES,Seattle… BE READY FOR THIS WHOPPING. LA COMING TO COLONIZE THE  NFC WEST🐏  Whooping? Even whupping or whipping works. But not whopping. Maybe a whopping whooping though?,15550.0,positive,0.105,0.822,0.073,-0.2406
1oszrjc,1762755043.0,248,0.95,32,MEMES,Seattle… BE READY FOR THIS WHOPPING. LA COMING TO COLONIZE THE  NFC WEST🐏  That’s my QB!,7775.0,positive,0.215,0.638,0.147,-0.3595
1oszrjc,1762762957.0,248,0.95,32,MEMES,Seattle… BE READY FOR THIS WHOPPING. LA COMING TO COLONIZE THE  NFC WEST🐏  Absolute MVP performance,7775.0,neutral,0.205,0.646,0.149,-0.296
1oszrjc,1762817502.0,248,0.95,32,MEMES,Seattle… BE READY FOR THIS WHOPPING. LA COMING TO COLONIZE THE  NFC WEST🐏  This will be a fun matchup. Let’s see what Seattle is made of. Haven’t seen them play yet this year.,7775.0,negative,0.107,0.677,0.216,0.5423
1oszrjc,1762833113.0,248,0.95,32,MEMES,Seattle… BE READY FOR THIS WHOPPING. LA COMING TO COLONIZE THE  NFC WEST🐏  Seattle won their game 44-22; 35-0 w/8 min left in the 2nd quarter,7775.0,neutral,0.129,0.669,0.202,0.3612
1oszrjc,1762861386.0,248,0.95,32,MEMES,Seattle… BE READY FOR THIS WHOPPING. LA COMING TO COLONIZE THE  NFC WEST🐏  ![gif](giphy|l41m0igSFBarPdxBu),7775.0,neutral,0.237,0.601,0.162,-0.3595
1oszrjc,1763047075.0,248,0.95,32,MEMES,"Seattle… BE READY FOR THIS WHOPPING. LA COMING TO COLONIZE THE  NFC WEST🐏  Lmao as a hawks fan, shits gonna be entertaining for sure probably be decided by a fg",7775.0,neutral,0.175,0.486,0.339,0.7269
1oszrjc,1763048575.0,248,0.95,32,MEMES,Seattle… BE READY FOR THIS WHOPPING. LA COMING TO COLONIZE THE  NFC WEST🐏  *Whupping or Whipping but not Whopping,7775.0,neutral,0.124,0.779,0.097,-0.1531
1oszoft,1762736601.0,1215,0.99,5,PHOTOS,Matthew Stafford’s arm? Pure artillery.  Doesn’t Matthew Stafford know somebody who plays for the Dodgers?,7217.0,positive,0.0,0.856,0.144,0.3313
1oszoft,1762743844.0,1350,0.99,5,PHOTOS,Matthew Stafford’s arm? Pure artillery.  World Series win followed by Super Bowl win would hit like crack,8019.0,positive,0.0,0.481,0.519,0.9325
1oszoft,1762739283.0,810,0.99,5,PHOTOS,Matthew Stafford’s arm? Pure artillery.  The Staffyama crossover I've been waiting for!,4811.0,neutral,0.0,1.0,0.0,0.0
1oszoft,1762746081.0,405,0.99,5,PHOTOS,Matthew Stafford’s arm? Pure artillery.  Soul snatchers,2406.0,positive,0.0,1.0,0.0,0.0
1oszmal,1762734771.0,3376,1.0,8,MEMES,"Matthew Stafford Ladies and gentlemen  Stafford in the last 3 games: 13 TDs and 0 ints

Dude is playing the cleanest ball of his life",30384.0,neutral,0.0,0.924,0.076,0.2023
1oszmal,1762746841.0,1477,1.0,8,MEMES,Matthew Stafford Ladies and gentlemen  He hasn’t thrown an interception since Obama was in office.,13293.0,positive,0.0,1.0,0.0,0.0
1oszmal,1762735748.0,633,1.0,8,MEMES,Matthew Stafford Ladies and gentlemen  Nuttin but dimes,5697.0,neutral,0.0,1.0,0.0,0.0
1oszmal,1762736682.0,633,1.0,8,MEMES,Matthew Stafford Ladies and gentlemen  I love this guy,5697.0,neutral,0.0,0.625,0.375,0.6369
1oszmal,1762743572.0,633,1.0,8,MEMES,Matthew Stafford Ladies and gentlemen  Protect this man!,5697.0,neutral,0.0,0.708,0.292,0.4389
1oszmal,1762746182.0,633,1.0,8,MEMES,Matthew Stafford Ladies and gentlemen  He’s gonna get the “only Mahomes” award from Perna for that TD where he pulled 2 defenders from coverage and lobbed one up in the end zone for an easy catch.,5697.0,neutral,0.0,0.806,0.194,0.7717
1oszmal,1762781546.0,211,1.0,8,MEMES,Matthew Stafford Ladies and gentlemen  When he misses a throw its surprising. He’s in a zone right now.,1899.0,neutral,0.106,0.778,0.117,0.0516
1osz8j1,1762733982.0,3620,1.0,14,MEMES,"George Kittle and the Niners down 16 celebrating a touchdown with 3 minutes left  Yeah, that was odd. I immediatly was like ok, that gets you a fastball in the ribs in baseball.",54300.0,neutral,0.062,0.65,0.287,0.8074
1osz8j1,1762734131.0,3258,1.0,14,MEMES,George Kittle and the Niners down 16 celebrating a touchdown with 3 minutes left  Remember when this mf was saying hi to the opponent during a fumble in the Super Bowl,48870.0,neutral,0.0,0.774,0.226,0.8225
1osz8j1,1762734189.0,905,1.0,14,MEMES,George Kittle and the Niners down 16 celebrating a touchdown with 3 minutes left  https://preview.redd.it/3cb79r7rpb0g1.jpeg?width=1257&format=pjpg&auto=webp&s=1c86d9f5af55f2d045e0e827c800a27d9eb0ddff,13575.0,negative,0.0,0.764,0.236,0.5719
1osz8j1,1762740987.0,724,1.0,14,MEMES,George Kittle and the Niners down 16 celebrating a touchdown with 3 minutes left  So was the crowd,10860.0,negative,0.0,0.802,0.198,0.5719
1osz8j1,1762746241.0,724,1.0,14,MEMES,George Kittle and the Niners down 16 celebrating a touchdown with 3 minutes left  tbf george kittle generally acts like the guy in this meme lol,10860.0,neutral,0.0,0.7,0.3,0.8402
1osz8j1,1762740739.0,362,1.0,14,MEMES,George Kittle and the Niners down 16 celebrating a touchdown with 3 minutes left  I saw that too and yelled scoreboard at the tv,5430.0,neutral,0.0,0.844,0.156,0.5719
1osz8j1,1762743562.0,724,1.0,14,MEMES,George Kittle and the Niners down 16 celebrating a touchdown with 3 minutes left  Skittle is one of the few likable whiners imo. Even an injured aged guy like him still performs at the highest level.,10860.0,negative,0.106,0.741,0.153,0.4404
1osz8j1,1762748771.0,181,1.0,14,MEMES,George Kittle and the Niners down 16 celebrating a touchdown with 3 minutes left  😂🤣😂,2715.0,negative,0.0,0.764,0.236,0.5719
1osz5gj,1762733546.0,110372,0.98,56,MEMES,Live look of the faithful at SoFi North  All those whiner fans who talked crazy after week 5 just got silenced 🤣,6165380.0,positive,0.188,0.694,0.118,-0.1779
1osz5gj,1762733642.0,55859,0.98,56,MEMES,Live look of the faithful at SoFi North  loved the shot of burkhardt and brady in the booth with a completely empty lower bowl LMAOOOO,3120284.0,neutral,0.146,0.638,0.217,0.4988
1osz5gj,1762733777.0,31631,0.98,56,MEMES,Live look of the faithful at SoFi North  Fire up those escalators,1766908.0,positive,0.157,0.654,0.19,0.128
1osz5gj,1762733866.0,50475,0.98,56,MEMES,Live look of the faithful at SoFi North  Bang Bang Escalator Gang,2819534.0,positive,0.0,0.791,0.209,0.4404
1osz5gj,1762734420.0,20863,0.98,56,MEMES,Live look of the faithful at SoFi North  It was noticeably empty from the start of the game. What was up with that?,1165407.0,positive,0.07,0.817,0.113,0.2732
1osz5gj,1762734666.0,12787,0.98,56,MEMES,"Live look of the faithful at SoFi North  SoFi North, love it",714282.0,positive,0.0,0.585,0.415,0.7964
1osz5gj,1762735189.0,17498,0.98,56,MEMES,"Live look of the faithful at SoFi North  https://i.redd.it/w9kv8ycqsb0g1.gif

Escalators thataway.",977438.0,positive,0.0,0.775,0.225,0.4404
1osz5gj,1762734876.0,7403,0.98,56,MEMES,Live look of the faithful at SoFi North  But muh dynasty. .. 30 years ago,413532.0,positive,0.0,0.878,0.122,0.2382
1osz5gj,1762734054.0,5384,0.98,56,MEMES,Live look of the faithful at SoFi North  LOOLLLLLLLLLLLL,300750.0,positive,0.0,0.734,0.266,0.4404
1osz5gj,1762735939.0,6057,0.98,56,MEMES,Live look of the faithful at SoFi North  Let them folks know we'll be back 2/6/26 ,338344.0,positive,0.0,0.838,0.162,0.4404
1osz5gj,1762740271.0,4711,0.98,56,MEMES,Live look of the faithful at SoFi North  I mentioned this in the NFL sub and I have a 49ers fan who has been messaging me non stop for an hr. Them boys are mad 😭😭😭,263156.0,positive,0.136,0.732,0.131,-0.0516
1osz5gj,1762734171.0,2692,0.98,56,MEMES,Live look of the faithful at SoFi North  Oof,150375.0,positive,0.0,0.734,0.266,0.4404
1osz5gj,1762739827.0,3365,0.98,56,MEMES,Live look of the faithful at SoFi North  They look like they got those tickets on lay away,187969.0,positive,0.0,0.748,0.252,0.6597
1osz5gj,1762764434.0,2019,0.98,56,MEMES,Live look of the faithful at SoFi North  They’re on to the next bandwagon. If the Warriors start winning again I betcha they’ll be “dUbs 4 LyFe”,112781.0,positive,0.0,0.785,0.215,0.743
1osz5gj,1762741506.0,1346,0.98,56,MEMES,Live look of the faithful at SoFi North  SAVE THIS!! And POST this whenever those clowns post photos of SoFi falling to their circus act when they come to town.,75188.0,positive,0.044,0.75,0.206,0.7793
1osz5gj,1762769008.0,1346,0.98,56,MEMES,"Live look of the faithful at SoFi North  this is a misnomer for Levi's, which is actually SoFi Central. SoFi North is in Seattle.",75188.0,positive,0.0,0.884,0.116,0.4404
1osz5gj,1762736015.0,2692,0.98,56,MEMES,Live look of the faithful at SoFi North  No one told them where the escalator was.,150375.0,positive,0.115,0.733,0.152,0.1779
1osz5gj,1762812131.0,673,0.98,56,MEMES,"Live look of the faithful at SoFi North  It’s **North Sofi y’all, direction comes before proper nouns. 

Do y’all say “The Bay South” or “Beach South, Florida”? 
Let’s not sound as stupid as whiner fans.",37594.0,neutral,0.055,0.802,0.142,0.5386
1osz5gj,1762812601.0,673,0.98,56,MEMES,Live look of the faithful at SoFi North  All jokes aside it looks miserable to watch a game from that suncooked side of the stadium,37594.0,neutral,0.11,0.722,0.168,0.1779
1osz5gj,1762844782.0,673,0.98,56,MEMES,Live look of the faithful at SoFi North  This was hilarious,37594.0,positive,0.0,0.616,0.384,0.6808
1osx6wy,1762732828.0,3971,1.0,7,MEMES,"NO ONE IS SAFE FROM THE LANDMAN  To the tune of the JG Wentworth song:

🎶You can not get past Landman cuz he’ll punch it out. 

HE’S THE LAND MAN. HE’S GONNA PUNCH IT OUT. 🎶",31768.0,neutral,0.074,0.834,0.092,0.1779
1osx6wy,1762729000.0,5415,1.0,7,MEMES,"NO ONE IS SAFE FROM THE LANDMAN  Love it, but I won’t start grab assing until there’s zeros on the clock and the Rams have the lead",43320.0,neutral,0.066,0.77,0.165,0.4497
1oswlf8,1762727226.0,1856,1.0,5,NEWS,Stafford reaches 400 pass TDs! HOF bound. Stafford for MVP!,11136.0,positive,0.0,0.835,0.165,0.1984
1oswlf8,1762727141.0,1160,1.0,5,NEWS,Stafford reaches 400 pass TDs! HOF bound. That's my QB. [Only the 9th player to get to 400 for context.](https://www.pro-football-reference.com/leaders/pass_td_career.htm),6960.0,neutral,0.0,0.927,0.073,0.126
1oswlf8,1762730946.0,696,1.0,5,NEWS,Stafford reaches 400 pass TDs! HOF bound. That's our qb!,4176.0,positive,0.0,0.835,0.165,0.1984
1oswlf8,1762820262.0,696,1.0,5,NEWS,Stafford reaches 400 pass TDs! HOF bound. ![gif](giphy|oV6iFuVePTlbeJquF4|downsized),4176.0,neutral,0.0,0.797,0.203,0.1984
1oswlf8,1762733207.0,464,1.0,5,NEWS,Stafford reaches 400 pass TDs! HOF bound. Should end up 6th all time TD passes!,2784.0,neutral,0.0,0.887,0.113,0.1984
1ossfk3,1762717250.0,4392,0.98,19,SUB MASCOT,Checking in from Sofi North! LFG RAMS!  In the trenches!!! Go Rams,86083.0,negative,0.0,1.0,0.0,0.0
1ossfk3,1762720013.0,3172,0.98,19,SUB MASCOT,"Checking in from Sofi North! LFG RAMS!  They some booty cheeks hey hey hey hey Super Bowl Losing streak

https://preview.redd.it/o2pw3yilja0g1.jpeg?width=640&format=pjpg&auto=webp&s=10986883870b5d22c04a2694d5c5e5a65ffd43c4",62171.0,neutral,0.104,0.718,0.179,0.4374
1ossfk3,1762718864.0,1952,0.98,19,SUB MASCOT,"Checking in from Sofi North! LFG RAMS!  Dont lose too many IQ points surrounded by those ""people""",38259.0,neutral,0.0,0.849,0.151,0.4295
1ossfk3,1762722289.0,1220,0.98,19,SUB MASCOT,Checking in from Sofi North! LFG RAMS!  GET LOUD BABY FUCK THE NINERS,23912.0,neutral,0.286,0.714,0.0,-0.7019
1ossfk3,1762721482.0,1464,0.98,19,SUB MASCOT,Checking in from Sofi North! LFG RAMS!  Gorgeous seats!! Let’s go rams,28694.0,neutral,0.0,0.68,0.32,0.7326
1ossfk3,1762718651.0,732,0.98,19,SUB MASCOT,Checking in from Sofi North! LFG RAMS!  Hang tough!!,14347.0,neutral,0.25,0.75,0.0,-0.3956
1ossfk3,1762727866.0,1220,0.98,19,SUB MASCOT,"Checking in from Sofi North! LFG RAMS!  Go Rams!! 

Side note, I can't stand Dodger/Niner fans doesn't make any sense.",23912.0,neutral,0.0,1.0,0.0,0.0
1ossfk3,1762733515.0,732,0.98,19,SUB MASCOT,"Checking in from Sofi North! LFG RAMS!  Look at all those loyal Whiner fans.

Leaving early.",14347.0,neutral,0.111,0.704,0.185,0.3578
1ossfk3,1762721463.0,732,0.98,19,SUB MASCOT,Checking in from Sofi North! LFG RAMS!  I always just call it wrangler stadium. I would never disrespect Sofi by comparing it to that shit hole.,14347.0,neutral,0.147,0.771,0.082,-0.4314
1ossfk3,1762721540.0,732,0.98,19,SUB MASCOT,Checking in from Sofi North! LFG RAMS!  Weather looks comfy,14347.0,negative,0.0,1.0,0.0,0.0
1ossfk3,1762720555.0,488,0.98,19,SUB MASCOT,Checking in from Sofi North! LFG RAMS!  Any sign of the new kicker?,9565.0,negative,0.0,1.0,0.0,0.0
1ossfk3,1762741228.0,244,0.98,19,SUB MASCOT,Checking in from Sofi North! LFG RAMS!  [removed],4782.0,negative,0.0,1.0,0.0,0.0
1ossfk3,1762810472.0,244,0.98,19,SUB MASCOT,Checking in from Sofi North! LFG RAMS!  I’m so glad we have a proper stadium unlike this dump 😂,4782.0,positive,0.134,0.668,0.198,0.3507
1osntgg,1762706568.0,8640,0.97,30,NEWS,Is Jimmy Garoppolo ready for one more chance at a starting job? Read for free here: https://www.nytimes.com/athletic/6790713/2025/11/09/jimmy-garoppolo-rams-49ers-future-free-agency/ We will find out on January 4 vs cardinals,259805.0,positive,0.0,0.722,0.278,0.796
1osntgg,1762706371.0,6912,0.97,30,NEWS,Is Jimmy Garoppolo ready for one more chance at a starting job? Read for free here: https://www.nytimes.com/athletic/6790713/2025/11/09/jimmy-garoppolo-rams-49ers-future-free-agency/ Maybe. But I dont want it to be with us lmao,207844.0,positive,0.04,0.632,0.328,0.8612
1osntgg,1762706947.0,3456,0.97,30,NEWS,"Is Jimmy Garoppolo ready for one more chance at a starting job? Read for free here: https://www.nytimes.com/athletic/6790713/2025/11/09/jimmy-garoppolo-rams-49ers-future-free-agency/ We’re in a really good spot at QB. Great starter, great backup, 2 1sts to get the next guy",103922.0,positive,0.0,0.581,0.419,0.9611
1osntgg,1762706333.0,2052,0.97,30,NEWS,Is Jimmy Garoppolo ready for one more chance at a starting job? Read for free here: https://www.nytimes.com/athletic/6790713/2025/11/09/jimmy-garoppolo-rams-49ers-future-free-agency/ ![gif](giphy|15aGGXfSlat2dP6ohs),61704.0,positive,0.0,0.625,0.375,0.8118
1osntgg,1762706845.0,1296,0.97,30,NEWS,"Is Jimmy Garoppolo ready for one more chance at a starting job? Read for free here: https://www.nytimes.com/athletic/6790713/2025/11/09/jimmy-garoppolo-rams-49ers-future-free-agency/ He’s perfectly fine as a bridge QB and hearing that from Sean is great because it means Sean is thinking beyond Stafford. 

As long as Sean McVay is our head coach I’ll roll with anyone.",38971.0,positive,0.0,0.707,0.293,0.9531
1osntgg,1762708788.0,540,0.97,30,NEWS,Is Jimmy Garoppolo ready for one more chance at a starting job? Read for free here: https://www.nytimes.com/athletic/6790713/2025/11/09/jimmy-garoppolo-rams-49ers-future-free-agency/ It’s Coachspeak.,16238.0,positive,0.0,0.65,0.35,0.796
1osntgg,1762709839.0,216,0.97,30,NEWS,Is Jimmy Garoppolo ready for one more chance at a starting job? Read for free here: https://www.nytimes.com/athletic/6790713/2025/11/09/jimmy-garoppolo-rams-49ers-future-free-agency/ He is basically Mac Jones for the Niners. An insurance policy. A solid long term one just in case.,6495.0,positive,0.0,0.756,0.244,0.8268
1osntgg,1762710696.0,216,0.97,30,NEWS,"Is Jimmy Garoppolo ready for one more chance at a starting job? Read for free here: https://www.nytimes.com/athletic/6790713/2025/11/09/jimmy-garoppolo-rams-49ers-future-free-agency/ Ugh fuck no, not with the Rams anyway",6495.0,neutral,0.246,0.52,0.234,-0.1045
1osntgg,1762707695.0,216,0.97,30,NEWS,"Is Jimmy Garoppolo ready for one more chance at a starting job? Read for free here: https://www.nytimes.com/athletic/6790713/2025/11/09/jimmy-garoppolo-rams-49ers-future-free-agency/ I also hope Stafford can play as long as he can. I think Jimmy would be a fine bridge, but anything more than a season would be a failure by this FO to find the next QB post Stafford.",6495.0,neutral,0.077,0.741,0.183,0.2838
1osntgg,1762710980.0,108,0.97,30,NEWS,Is Jimmy Garoppolo ready for one more chance at a starting job? Read for free here: https://www.nytimes.com/athletic/6790713/2025/11/09/jimmy-garoppolo-rams-49ers-future-free-agency/ Well publicly out him and send him to Detroit then…seems logical,3248.0,positive,0.0,0.693,0.307,0.8479
1osntgg,1762712988.0,108,0.97,30,NEWS,Is Jimmy Garoppolo ready for one more chance at a starting job? Read for free here: https://www.nytimes.com/athletic/6790713/2025/11/09/jimmy-garoppolo-rams-49ers-future-free-agency/ If he is for the rams it’s for one year max as the new guy learns.,3248.0,positive,0.0,0.782,0.218,0.796
1osntgg,1762714045.0,108,0.97,30,NEWS,"Is Jimmy Garoppolo ready for one more chance at a starting job? Read for free here: https://www.nytimes.com/athletic/6790713/2025/11/09/jimmy-garoppolo-rams-49ers-future-free-agency/ I think realistically, the goal/plan is to draft an heir and have him learn under Stafford for a year or two. 

But if Stafford retires sooner than our hopes, then we’d likely have the QB of the future play behind JG for a year. Even if that happens I think we’d be in good shape. 

I think the worst case scenario is Stafford retiring and we DONT have a QBotF, as Garappolo would keep us competitive but would prevent us from being true contenders.",3248.0,neutral,0.05,0.745,0.205,0.9253
1osntgg,1762715849.0,108,0.97,30,NEWS,Is Jimmy Garoppolo ready for one more chance at a starting job? Read for free here: https://www.nytimes.com/athletic/6790713/2025/11/09/jimmy-garoppolo-rams-49ers-future-free-agency/ I think Sean McVay has figured out the Jim Harbaugh Principle: That you will never be held accountable for or face any negative consequence for making pro-player statements.,3248.0,positive,0.073,0.768,0.159,0.5256
1osntgg,1762720883.0,108,0.97,30,NEWS,Is Jimmy Garoppolo ready for one more chance at a starting job? Read for free here: https://www.nytimes.com/athletic/6790713/2025/11/09/jimmy-garoppolo-rams-49ers-future-free-agency/ Hopefully not with us lol,3248.0,positive,0.08,0.549,0.371,0.8157
1osntgg,1762813254.0,108,0.97,30,NEWS,Is Jimmy Garoppolo ready for one more chance at a starting job? Read for free here: https://www.nytimes.com/athletic/6790713/2025/11/09/jimmy-garoppolo-rams-49ers-future-free-agency/ Nope,3248.0,positive,0.0,0.634,0.366,0.796
1osntgg,1762706819.0,108,0.97,30,NEWS,Is Jimmy Garoppolo ready for one more chance at a starting job? Read for free here: https://www.nytimes.com/athletic/6790713/2025/11/09/jimmy-garoppolo-rams-49ers-future-free-agency/ https://preview.redd.it/ue9tz5gdg90g1.jpeg?width=1080&format=pjpg&auto=webp&s=8516119005e7f694eeb764ccf1c38c10682fa546,3248.0,positive,0.0,0.624,0.376,0.8153
1osntgg,1762706965.0,108,0.97,30,NEWS,Is Jimmy Garoppolo ready for one more chance at a starting job? Read for free here: https://www.nytimes.com/athletic/6790713/2025/11/09/jimmy-garoppolo-rams-49ers-future-free-agency/ No.,3248.0,positive,0.094,0.558,0.347,0.7089
1osntgg,1762707547.0,108,0.97,30,NEWS,Is Jimmy Garoppolo ready for one more chance at a starting job? Read for free here: https://www.nytimes.com/athletic/6790713/2025/11/09/jimmy-garoppolo-rams-49ers-future-free-agency/ I thought he was perfectly fine in the one game for us last year. Not a playoff caliber by any stretch.,3248.0,neutral,0.0,0.68,0.32,0.92
1osntgg,1762708868.0,108,0.97,30,NEWS,Is Jimmy Garoppolo ready for one more chance at a starting job? Read for free here: https://www.nytimes.com/athletic/6790713/2025/11/09/jimmy-garoppolo-rams-49ers-future-free-agency/ Absolutely not - even his attitude says back-up,3248.0,neutral,0.0,0.712,0.288,0.796
1os8mwy,1762658514.0,36043,0.99,51,DISCUSSIONS,What grade does this Duo get so far?  Probably the best duo in the NFL.,1855494.0,positive,0.0,0.769,0.231,0.6369
1os8mwy,1762658860.0,7046,0.99,51,DISCUSSIONS,What grade does this Duo get so far?  A+ and can still improve,362728.0,positive,0.0,0.805,0.195,0.4404
1os8mwy,1762659380.0,7317,0.99,51,DISCUSSIONS,What grade does this Duo get so far?  Top two and they ain’t second.,376679.0,positive,0.0,0.862,0.138,0.2682
1os8mwy,1762661191.0,5149,0.99,51,DISCUSSIONS,What grade does this Duo get so far?  Best rams have had in 2 decades,265071.0,positive,0.0,0.744,0.256,0.6682
1os8mwy,1762661060.0,4336,0.99,51,DISCUSSIONS,"What grade does this Duo get so far?  A+ 

Puka, when healthy, has been dominating between the 20s, for whatever strange reason, he’s not a true redzone threat, so we went out and got Adams who has been nothing short of dominant in the RZ.",223217.0,positive,0.125,0.768,0.108,0.0372
1os8mwy,1762661742.0,2439,0.99,51,DISCUSSIONS,"What grade does this Duo get so far?  either rams duo or Bengals wide receiver duo best in the NFL right now 

  
puka gets more yards while Adams is a consistent red zone target",125560.0,positive,0.0,0.884,0.116,0.6369
1os8mwy,1762662918.0,1626,0.99,51,DISCUSSIONS,What grade does this Duo get so far?  davante in the red zone is crazy 5 tds in the last two games he’s ridiculous,83706.0,neutral,0.189,0.811,0.0,-0.5994
1os8mwy,1762683064.0,813,0.99,51,DISCUSSIONS,"What grade does this Duo get so far?  A+ for Puka.

B+ for Davante.

As a duo they get an A.


Davante has been solid but way too many dropped passes.",41853.0,neutral,0.0,0.957,0.043,0.0772
1os8mwy,1762696001.0,813,0.99,51,DISCUSSIONS,"What grade does this Duo get so far?  Puka just needs to stay on the field. My boy is out seemingly most halves - maybe dial down the intensity a tad to stay healthy.

“The best ability is availability”",41853.0,positive,0.0,0.787,0.213,0.8481
1os8mwy,1762660375.0,813,0.99,51,DISCUSSIONS,"What grade does this Duo get so far?  Probably A, maybe A-. Biggest negative is Puka once again failing to stay on the field.",41853.0,positive,0.241,0.759,0.0,-0.7906
1os8mwy,1762662455.0,813,0.99,51,DISCUSSIONS,What grade does this Duo get so far?  A-… jk A+,41853.0,positive,0.0,0.822,0.178,0.2878
1os8mwy,1762667794.0,271,0.99,51,DISCUSSIONS,What grade does this Duo get so far?  A,13951.0,neutral,0.0,1.0,0.0,0.0
1os8mwy,1762671200.0,271,0.99,51,DISCUSSIONS,What grade does this Duo get so far?  [removed],13951.0,positive,0.0,1.0,0.0,0.0
1os8mwy,1762679304.0,271,0.99,51,DISCUSSIONS,What grade does this Duo get so far?  Solid A,13951.0,positive,0.0,0.81,0.19,0.2212
1os8mwy,1762684234.0,271,0.99,51,DISCUSSIONS,What grade does this Duo get so far?  A,13951.0,positive,0.0,1.0,0.0,0.0
1os8mwy,1762704678.0,271,0.99,51,DISCUSSIONS,What grade does this Duo get so far?  A+,13951.0,positive,0.0,1.0,0.0,0.0
1os8mwy,1762721394.0,271,0.99,51,DISCUSSIONS,What grade does this Duo get so far?  Best duo in the NFL by miles,13951.0,positive,0.0,0.758,0.242,0.6682
1os8mwy,1762721850.0,271,0.99,51,DISCUSSIONS,What grade does this Duo get so far?  A+,13951.0,positive,0.0,1.0,0.0,0.0
1or7zwa,1762553843.0,24568,0.97,67,DISCUSSIONS,This is rough ngl  All winnable with our team. You don’t get a Championship without winning some messy matchups.,1620505.0,positive,0.113,0.569,0.318,0.6167
1or7zwa,1762553917.0,7696,0.97,67,DISCUSSIONS,This is rough ngl  3 Ws.,507628.0,positive,0.0,1.0,0.0,0.0
1or7zwa,1762555133.0,4144,0.97,67,DISCUSSIONS,"This is rough ngl  Mac Jones, Sam Darnold, and Baker Mayfield. If you posted this 2 years ago that’s 3 easy wins 😂",273338.0,positive,0.0,0.732,0.268,0.765
1or7zwa,1762554487.0,2664,0.97,67,DISCUSSIONS,"This is rough ngl  Yeah…

Rough for them! Go Rams",175717.0,positive,0.0,1.0,0.0,0.0
1or7zwa,1762556193.0,2072,0.97,67,DISCUSSIONS,This is rough ngl  If we come away 2-1 (perfectly feasible) then we’re in great shape,136669.0,positive,0.0,0.785,0.215,0.6249
1or7zwa,1762555834.0,888,0.97,67,DISCUSSIONS,"This is rough ngl  As long as Stafford and McVay are at the helm, they are all winnable",58572.0,neutral,0.0,0.859,0.141,0.4215
1or7zwa,1762555294.0,740,0.97,67,DISCUSSIONS,This is rough ngl  To be the best you have to beat the best. This part of the grind will show up in January and hopefully February,48810.0,neutral,0.0,0.684,0.316,0.9022
1or7zwa,1762558916.0,592,0.97,67,DISCUSSIONS,This is rough ngl  This is what champions are made of.,39048.0,neutral,0.0,0.746,0.254,0.5267
1or7zwa,1762560358.0,740,0.97,67,DISCUSSIONS,"This is rough ngl  Yup, it’s gonna be rough.. for them!

![gif](giphy|3o85xKvzHaEr5ihOes)",48810.0,neutral,0.0,1.0,0.0,0.0
1or7zwa,1762555546.0,592,0.97,67,DISCUSSIONS,"This is rough ngl  The only real threat is Seattle, everyone else seems winnable but the Seahawks looks more challenging",39048.0,positive,0.094,0.725,0.181,0.2592
1or7zwa,1762558444.0,740,0.97,67,DISCUSSIONS,This is rough ngl  I’m pretty sure each of those team’s fanbases is marking the Rams on their calendar too as a tough matchup. Sooo….,48810.0,negative,0.054,0.75,0.196,0.6124
1or7zwa,1762556011.0,444,0.97,67,DISCUSSIONS,This is rough ngl  good playoff practice for our Super Bowl run,29286.0,negative,0.0,0.595,0.405,0.7783
1or7zwa,1762556110.0,444,0.97,67,DISCUSSIONS,This is rough ngl  These are all games that we should win if we play towards our ceiling. Wouldnt be surprised if we go 3-0 but realistically it'll be 2-1,29286.0,positive,0.041,0.832,0.126,0.4151
1or7zwa,1762557261.0,444,0.97,67,DISCUSSIONS,This is rough ngl  True but we look like the best team in the league right now too.,29286.0,positive,0.0,0.578,0.422,0.899
1or7zwa,1762557741.0,444,0.97,67,DISCUSSIONS,This is rough ngl  Gotta win two of the next three including the 49ers game (divisional reasons) for us to survive this WWI trench stretch of the season.,29286.0,neutral,0.0,0.877,0.123,0.5859
1or7zwa,1762554167.0,296,0.97,67,DISCUSSIONS,This is rough ngl  Bring it!,19524.0,neutral,0.0,1.0,0.0,0.0
1or7zwa,1762558421.0,296,0.97,67,DISCUSSIONS,This is rough ngl  One at a time we got this,19524.0,positive,0.0,1.0,0.0,0.0
1or7zwa,1762554493.0,148,0.97,67,DISCUSSIONS,"This is rough ngl  I mean, even if we somehow lose out we’re still 6-5 going into Panthers, Cardinals *2, and the Falcons. Granted we play Seattle and the Lions too but I think we’re going at least 11-6.  With how open the NFC is we can make playoffs and after that, this roster can make the Super Bowl. We were 9 yards in a snow game away from the Super Bowl last year, have faith in the team to take care of business",9762.0,positive,0.079,0.707,0.215,0.9313
1or7zwa,1762555217.0,148,0.97,67,DISCUSSIONS,This is rough ngl  It’s playoffs,9762.0,neutral,0.0,1.0,0.0,0.0
1or7zwa,1762556010.0,148,0.97,67,DISCUSSIONS,This is rough ngl  We're totally capable of sweeping,9762.0,neutral,0.0,0.734,0.266,0.4391
1or3a3n,1762542905.0,114492,0.99,106,NEWS,New starting kicker!!! Excited to see what this guy can do  This is a sign of a great organization. You see a problem and you change it. Go Rams!,12128138.0,neutral,0.081,0.689,0.23,0.7156
1or3a3n,1762542812.0,40608,0.99,106,NEWS,"New starting kicker!!! Excited to see what this guy can do  We've basically got a fullback at kicker now, we're so back",4301605.0,neutral,0.0,0.859,0.141,0.5067
1or3a3n,1762543219.0,29328,0.99,106,NEWS,"New starting kicker!!! Excited to see what this guy can do  McVay also said that Karty “is not going anywhere”. Wonder if it's a week to week thing, or possibly keep him and build towards next season?",3106715.0,positive,0.0,0.914,0.086,0.5067
1or3a3n,1762542631.0,41172,0.99,106,NEWS,New starting kicker!!! Excited to see what this guy can do  Anyone but Karty. Let’s see what Thiccer Kicker got,4361350.0,positive,0.0,0.881,0.119,0.3769
1or3a3n,1762543024.0,9024,0.99,106,NEWS,New starting kicker!!! Excited to see what this guy can do  Hell yeah!!! Tired of holding my breath every XP,955912.0,positive,0.237,0.475,0.288,-0.4088
1or3a3n,1762543073.0,6768,0.99,106,NEWS,New starting kicker!!! Excited to see what this guy can do  Excited to try someone new out.,716934.0,positive,0.0,0.725,0.275,0.6884
1or3a3n,1762543350.0,7332,0.99,106,NEWS,"New starting kicker!!! Excited to see what this guy can do  Well, I guess it's about to get real thicc around here",776679.0,neutral,0.0,0.779,0.221,0.6571
1or3a3n,1762544917.0,5076,0.99,106,NEWS,"New starting kicker!!! Excited to see what this guy can do  As a mizzou rams fan this outcome will be amazing IF he ends up being serviceable, we don't even need GOOD but serviceable will be fine. Just make the kicks that all NFL kickers are supposed to make, anything 55+ idc what happens but if we can't hit the easy ones to get points on the board we are not going to be a contender",537701.0,positive,0.061,0.811,0.128,0.5412
1or3a3n,1762542708.0,3948,0.99,106,NEWS,New starting kicker!!! Excited to see what this guy can do  Wonder who is long snapping.,418212.0,neutral,0.0,0.821,0.179,0.5067
1or3a3n,1762543307.0,7896,0.99,106,NEWS,New starting kicker!!! Excited to see what this guy can do  Man I really like Karty and I think he can have an excellent career in the NFL. But no excuse for how bad he’s played this year.,836423.0,neutral,0.158,0.605,0.237,-0.2334
1or3a3n,1762545233.0,2820,0.99,106,NEWS,New starting kicker!!! Excited to see what this guy can do  So I guess we will find out if it’s a kicker issue or the blockers are just not good 😅,298723.0,positive,0.104,0.821,0.076,-0.222
1or3a3n,1762547958.0,2820,0.99,106,NEWS,New starting kicker!!! Excited to see what this guy can do  ##THICC CITY,298723.0,neutral,0.0,0.786,0.214,0.5067
1or3a3n,1762543057.0,1692,0.99,106,NEWS,New starting kicker!!! Excited to see what this guy can do  Hell yeaaaa,179234.0,negative,0.29,0.583,0.127,-0.6219
1or3a3n,1762543417.0,2256,0.99,106,NEWS,New starting kicker!!! Excited to see what this guy can do  Man I'm sad Karty didn't work out. Loved his kickoffs.,238978.0,positive,0.259,0.654,0.087,-0.6929
1or3a3n,1762544125.0,1692,0.99,106,NEWS,New starting kicker!!! Excited to see what this guy can do  The Karty party is over,179234.0,neutral,0.0,0.701,0.299,0.7163
1or3a3n,1762544773.0,2256,0.99,106,NEWS,"New starting kicker!!! Excited to see what this guy can do  Kicker’s jacked, man.",238978.0,negative,0.0,0.799,0.201,0.5067
1or3a3n,1762544156.0,1692,0.99,106,NEWS,New starting kicker!!! Excited to see what this guy can do  Bros a whole unit,179234.0,negative,0.0,0.799,0.201,0.5067
1or3a3n,1762544256.0,1692,0.99,106,NEWS,New starting kicker!!! Excited to see what this guy can do  Whoa that happened so fast,179234.0,neutral,0.0,0.821,0.179,0.5067
1or3a3n,1762545297.0,1692,0.99,106,NEWS,New starting kicker!!! Excited to see what this guy can do  95% kick rate in the UFL,179234.0,negative,0.0,0.83,0.17,0.5067
1or3a3n,1762545566.0,1692,0.99,106,NEWS,New starting kicker!!! Excited to see what this guy can do  Karty’s homecoming too.. gets to stand next to the punch bowl while Thiccer Kicker dances! LFG,179234.0,negative,0.0,0.879,0.121,0.5526
1or1smh,1762539665.0,28302,1.0,36,DISCUSSIONS,Kyren Williams has rushed for 50+ yards in 22 straight games — no other player has an active streak over 5 games  Kyren ain’t a world beater but he’s absolutely solid. His blocking keeps 9 safe too I love watching him destroy blitzing DBs,1047174.0,positive,0.18,0.549,0.271,0.6302
1or1smh,1762539334.0,9078,1.0,36,DISCUSSIONS,"Kyren Williams has rushed for 50+ yards in 22 straight games — no other player has an active streak over 5 games  For those curious, the longest streak since at least 1970 is [38 straight games, by Priest Holmes (2001 - 2003)](https://www.sports-reference.com/stathead/tiny/U5DMB/reddit)

https://preview.redd.it/d87yw0bbmvzf1.png?width=542&format=png&auto=webp&s=c70167d387aa32fab8cb8fbd57ecfe8b0b8ca793",335886.0,positive,0.048,0.761,0.191,0.6808
1or1smh,1762539412.0,4539,1.0,36,DISCUSSIONS,"Kyren Williams has rushed for 50+ yards in 22 straight games — no other player has an active streak over 5 games  I will now be nervously paying attention to this during games, haha.",167943.0,negative,0.102,0.695,0.203,0.5859
1or1smh,1762541087.0,6141,1.0,36,DISCUSSIONS,"Kyren Williams has rushed for 50+ yards in 22 straight games — no other player has an active streak over 5 games  The worst thing about Kyren is that he’s actually a good/slightly above average player. He blocks, finds gaps, runs guys over, catches, etc
I never watch a game and go “Man Kyren sucks”, he’s always doing good
And then Woooossshhh…
The fumble, at the worst possible moment.",227217.0,neutral,0.16,0.742,0.098,-0.7003
1or1smh,1762539934.0,6942,1.0,36,DISCUSSIONS,"Kyren Williams has rushed for 50+ yards in 22 straight games — no other player has an active streak over 5 games  Yeah, the dude is a baller. 

He needs to learn to hang on to the Fn ball.",256854.0,neutral,0.054,0.78,0.166,0.5574
1or1smh,1762540671.0,801,1.0,36,DISCUSSIONS,"Kyren Williams has rushed for 50+ yards in 22 straight games — no other player has an active streak over 5 games  Wow that’s an amazing stat, thanks",29637.0,negative,0.059,0.536,0.405,0.9169
1or1smh,1762539796.0,2670,1.0,36,DISCUSSIONS,Kyren Williams has rushed for 50+ yards in 22 straight games — no other player has an active streak over 5 games  He’s a good RB nothing crazy,98790.0,positive,0.069,0.63,0.3,0.7458
1or1smh,1762539794.0,1602,1.0,36,DISCUSSIONS,Kyren Williams has rushed for 50+ yards in 22 straight games — no other player has an active streak over 5 games  Now just keep two hands on the football while crossing the end zone my dude!,59274.0,neutral,0.056,0.819,0.125,0.4003
1or1smh,1762568732.0,534,1.0,36,DISCUSSIONS,Kyren Williams has rushed for 50+ yards in 22 straight games — no other player has an active streak over 5 games  Kyren is Above Average. Solid. B. 3.0. He can be a A-/B+ at times and a C+/B- at times. He is a peanut butter and jelly sandwich. Solid. Good,19758.0,neutral,0.042,0.756,0.202,0.7579
1or1smh,1762540399.0,267,1.0,36,DISCUSSIONS,Kyren Williams has rushed for 50+ yards in 22 straight games — no other player has an active streak over 5 games  [removed],9879.0,negative,0.089,0.726,0.185,0.34
1or1smh,1762545346.0,267,1.0,36,DISCUSSIONS,"Kyren Williams has rushed for 50+ yards in 22 straight games — no other player has an active streak over 5 games  Kyren is a perfect fit for the Rams offense - AND there’s not another back in the league who could have made that butt sprawling goal line catch 

He",9879.0,neutral,0.075,0.732,0.193,0.765
1or1smh,1762547541.0,267,1.0,36,DISCUSSIONS,"Kyren Williams has rushed for 50+ yards in 22 straight games — no other player has an active streak over 5 games  he's very solid and can be reliable. the guy can play.

but he's just got that one soul-killing flaw in big games...",9879.0,neutral,0.036,0.821,0.143,0.4304
1or1smh,1762549578.0,267,1.0,36,DISCUSSIONS,"Kyren Williams has rushed for 50+ yards in 22 straight games — no other player has an active streak over 5 games  FTR:

League average fumble rate is 1.67%, measured as fumbles per run and pass plays.  Williams' fumble rate is 1.31% (2 fumbles, 132 runs, 20 receptions).  And that's counting one ""fumble"" that was a botched handoff vs the Colts and shouldn't really count against him.  So rate would be half that, or 0.66%

Just for perspective.",9879.0,positive,0.028,0.89,0.083,0.5267
1or1smh,1762552135.0,267,1.0,36,DISCUSSIONS,Kyren Williams has rushed for 50+ yards in 22 straight games — no other player has an active streak over 5 games  He's playing his part and if it wasn't for the first 9ers game we'd be singing his praises more,9879.0,neutral,0.048,0.739,0.213,0.765
1or1smh,1762564009.0,267,1.0,36,DISCUSSIONS,Kyren Williams has rushed for 50+ yards in 22 straight games — no other player has an active streak over 5 games  Is that good?,9879.0,neutral,0.077,0.662,0.261,0.6486
1or1smh,1762619346.0,267,1.0,36,DISCUSSIONS,Kyren Williams has rushed for 50+ yards in 22 straight games — no other player has an active streak over 5 games  The poorest man’s Emmit Smith,9879.0,positive,0.182,0.671,0.147,-0.2732
1oqznee,1762534608.0,93690,0.98,195,DISCUSSIONS,"On a scale of 1-10, how confident are you about this game?  100% confident it will be a game",17995975.0,neutral,0.0,0.701,0.299,0.7506
1oqznee,1762535382.0,46170,0.98,195,DISCUSSIONS,"On a scale of 1-10, how confident are you about this game?  Before the game, 10


Minutes into the game seeing Shanahan dice Mcvay with short passes, 1",8868334.0,positive,0.0,0.887,0.113,0.4939
1oqznee,1762534816.0,15660,0.98,195,DISCUSSIONS,"On a scale of 1-10, how confident are you about this game?  6, which is a damn shame considering we're 6-2 and going up against a team with 100 injuries lmao",3007973.0,positive,0.157,0.65,0.192,0.3182
1oqznee,1762534628.0,45900,0.98,195,DISCUSSIONS,"On a scale of 1-10, how confident are you about this game?  Fucking zero, this team always turns into a pumpkin when they see gold and red unis",8816472.0,positive,0.0,0.887,0.113,0.4939
1oqznee,1762534867.0,7560,0.98,195,DISCUSSIONS,"On a scale of 1-10, how confident are you about this game?  Well, I’d have put a 7 or 8 on the first game and we saw how that went. I’m going to go with a 5. A statement game would be nice, but I could also see McVay pissing the bed against Shanahan again.",1452125.0,positive,0.067,0.829,0.105,0.0
1oqznee,1762534815.0,11340,0.98,195,DISCUSSIONS,"On a scale of 1-10, how confident are you about this game?  Im confident that we're the better team so im confident that we will do what we always do against the 49ers, which is to lose. Every time. God dammit. ",2178187.0,neutral,0.053,0.663,0.285,0.8979
1oqznee,1762534753.0,9450,0.98,195,DISCUSSIONS,"On a scale of 1-10, how confident are you about this game?  Thank god Shanahan playoff chokes overpower our 49er chokes, and resulted in the NFC Championship.",1815156.0,negative,0.26,0.473,0.267,-0.186
1oqznee,1762535357.0,2970,0.98,195,DISCUSSIONS,"On a scale of 1-10, how confident are you about this game?  This will Be just like the second eagles giants game. Rams about to beat their ass",570478.0,positive,0.105,0.723,0.172,0.296
1oqznee,1762535264.0,4320,0.98,195,DISCUSSIONS,"On a scale of 1-10, how confident are you about this game?  10/10. Fuck the 9ers",829786.0,positive,0.178,0.66,0.162,-0.0772
1oqznee,1762535254.0,1890,0.98,195,DISCUSSIONS,"On a scale of 1-10, how confident are you about this game?  For the love of God, I can’t bear to witness another Dink and dunk masterpiece from Mac Jones. 

Dink and dunk and deep in routes gives me anxiety against this damn team.",363031.0,neutral,0.081,0.667,0.252,0.8807
1oqznee,1762536071.0,1890,0.98,195,DISCUSSIONS,"On a scale of 1-10, how confident are you about this game?  Maybe 4

We are the clear better team but that doesn’t matter at all when it comes to the Niners.",363031.0,neutral,0.0,0.788,0.212,0.6124
1oqznee,1762535380.0,1620,0.98,195,DISCUSSIONS,"On a scale of 1-10, how confident are you about this game?  We’re a diff team than week 5 ;24-21 Rams",311170.0,neutral,0.0,0.842,0.158,0.4939
1oqznee,1762535837.0,1620,0.98,195,DISCUSSIONS,"On a scale of 1-10, how confident are you about this game?  I am not confident. Rams should have won the first game. Somehow or another the 49ers keep winning. This game is on the road too!

I hope the Rams can make a statement by soundly beating SF",311170.0,positive,0.051,0.664,0.284,0.9286
1oqznee,1762537745.0,1080,0.98,195,DISCUSSIONS,"On a scale of 1-10, how confident are you about this game?  I feel like we figured a lot of shit out against the Jaguars and Saints. The OL is healthy this time too. This will be a tough one, but I am confident that we’re the better team.",207446.0,positive,0.065,0.68,0.255,0.8834
1oqznee,1762534940.0,1080,0.98,195,DISCUSSIONS,"On a scale of 1-10, how confident are you about this game?  2",207446.0,neutral,0.0,0.758,0.242,0.4939
1oqznee,1762535173.0,1080,0.98,195,DISCUSSIONS,"On a scale of 1-10, how confident are you about this game?  Solid 5. Our divisional games are always a toss up especially with our kicking woes",207446.0,positive,0.098,0.741,0.162,0.2263
1oqznee,1762535237.0,1350,0.98,195,DISCUSSIONS,"On a scale of 1-10, how confident are you about this game?  We were heavily favored against them at home with a backup quarterback and we STILL fucked it up. I have zero confidence and just a small glimmer of hope",259308.0,positive,0.091,0.658,0.251,0.7783
1oqznee,1762535644.0,1080,0.98,195,DISCUSSIONS,"On a scale of 1-10, how confident are you about this game?  Not very, but I will do what I can to jinx the 49ers",207446.0,neutral,0.0,0.909,0.091,0.2732
1oqznee,1762538146.0,810,0.98,195,DISCUSSIONS,"On a scale of 1-10, how confident are you about this game?  ![gif](giphy|lvlLuc2zhi39C)",155585.0,neutral,0.0,0.759,0.241,0.5411
1oqznee,1762538478.0,810,0.98,195,DISCUSSIONS,"On a scale of 1-10, how confident are you about this game?  10 but that’s also how I was feeling last game. Coaching staff just needs to not overthink it",155585.0,neutral,0.0,0.871,0.129,0.431
1oqb210,1762472023.0,13425,1.0,17,NEWS,Jared Verse reveals cool details about how much Aaron Donald reaches out to help him Should the whole DL talk smack to get a workout with him?  AD needs a statue of him pointing at his ring finger in front of SoFi,241650.0,neutral,0.0,0.856,0.144,0.6369
1oqb210,1762466956.0,8234,1.0,17,NEWS,"Jared Verse reveals cool details about how much Aaron Donald reaches out to help him Should the whole DL talk smack to get a workout with him?  I'm sure Donald is chiming in for all of them. If he's doing it for Verse he's certainly doing it for Kobie and BY since he played with them. I imagine Fiske is in there too.

Coach AD wouldn't let our young Rams down.",148212.0,positive,0.0,0.826,0.174,0.8834
1oqb210,1762469181.0,5191,1.0,17,NEWS,Jared Verse reveals cool details about how much Aaron Donald reaches out to help him Should the whole DL talk smack to get a workout with him?  Would love to see AD on the coaching staff eventually.,93438.0,neutral,0.0,0.755,0.245,0.8555
1oqb210,1762489368.0,895,1.0,17,NEWS,"Jared Verse reveals cool details about how much Aaron Donald reaches out to help him Should the whole DL talk smack to get a workout with him?  just give us three more games AD 😭

 Two in January and the one in Feb.",16110.0,neutral,0.0,0.86,0.14,0.6369
1oqb210,1762497572.0,537,1.0,17,NEWS,Jared Verse reveals cool details about how much Aaron Donald reaches out to help him Should the whole DL talk smack to get a workout with him?  Echoes of Jordan and Kobe.,9666.0,neutral,0.0,0.819,0.181,0.6369
1oqb210,1762483044.0,358,1.0,17,NEWS,Jared Verse reveals cool details about how much Aaron Donald reaches out to help him Should the whole DL talk smack to get a workout with him?  Damn I love this,6444.0,neutral,0.073,0.647,0.28,0.7717
1oqb210,1762877917.0,358,1.0,17,NEWS,Jared Verse reveals cool details about how much Aaron Donald reaches out to help him Should the whole DL talk smack to get a workout with him?  Quit coaching and suit up A.D.. let's go!,6444.0,positive,0.0,0.827,0.173,0.6696
1oplrvh,1762393530.0,32550,1.0,45,RUMORS,"Rams reportedly brought in Blankenship in addition to Mevis  Lmao hell of a group of kickers 😂

Spectacles, thicker kicker, and Karty",1497300.0,neutral,0.174,0.679,0.147,-0.1779
1oplrvh,1762393228.0,14070,1.0,45,RUMORS,Rams reportedly brought in Blankenship in addition to Mevis  Mevis and I have the same trainer.,647220.0,positive,0.0,1.0,0.0,0.0
1oplrvh,1762393195.0,11970,1.0,45,RUMORS,Rams reportedly brought in Blankenship in addition to Mevis  If blankenship can't beat out a UFL player his career is probably over in the NFL. Sucks I liked him too but we gotta focus on winning,550620.0,positive,0.045,0.79,0.166,0.6956
1oplrvh,1762393216.0,2940,1.0,45,RUMORS,"Rams reportedly brought in Blankenship in addition to Mevis  Sorry napoleon, we need the THICCNESS",135240.0,positive,0.085,0.915,0.0,-0.0772
1oplrvh,1762393754.0,5040,1.0,45,RUMORS,"Rams reportedly brought in Blankenship in addition to Mevis  Nah, sign Big Chungus up there. 😅🔥",231840.0,neutral,0.085,0.915,0.0,-0.1027
1oplrvh,1762397613.0,2100,1.0,45,RUMORS,Rams reportedly brought in Blankenship in addition to Mevis  Koo is available. Crazy that he hasn’t been brought in.,96600.0,neutral,0.118,0.882,0.0,-0.34
1oplrvh,1762394879.0,1890,1.0,45,RUMORS,Rams reportedly brought in Blankenship in addition to Mevis  ![gif](giphy|ZKrIYV3oIzIL6),86940.0,positive,0.0,1.0,0.0,0.0
1oplrvh,1762393247.0,4620,1.0,45,RUMORS,"Rams reportedly brought in Blankenship in addition to Mevis  He did a workout with the Rams yesterday, but he did not get selected (confirmed by Blankenship himself)",212520.0,neutral,0.0,1.0,0.0,0.0
1oplrvh,1762395489.0,1890,1.0,45,RUMORS,Rams reportedly brought in Blankenship in addition to Mevis  God damn that boy is thicc they weren’t lying,86940.0,neutral,0.263,0.647,0.091,-0.6124
1oplrvh,1762397214.0,630,1.0,45,RUMORS,Rams reportedly brought in Blankenship in addition to Mevis  Gah damn that boy is thick af,28980.0,positive,0.153,0.847,0.0,-0.4019
1oplrvh,1762399705.0,1050,1.0,45,RUMORS,"Rams reportedly brought in Blankenship in addition to Mevis  https://i.redd.it/mcytw4063kzf1.gif

Blankenship...probably",48300.0,neutral,0.0,1.0,0.0,0.0
1oplrvh,1762393240.0,630,1.0,45,RUMORS,Rams reportedly brought in Blankenship in addition to Mevis  Let’s goooooooo,28980.0,neutral,0.0,1.0,0.0,0.0
1oplrvh,1762393978.0,630,1.0,45,RUMORS,Rams reportedly brought in Blankenship in addition to Mevis  I love a thicker kicker,28980.0,positive,0.0,0.724,0.276,0.6369
1oplrvh,1762457835.0,420,1.0,45,RUMORS,"Rams reportedly brought in Blankenship in addition to Mevis  Mevis looks like the guy in Stephen King's ""Thinner"" before he gets thin.",19320.0,positive,0.0,0.894,0.106,0.3612
1oplrvh,1762401172.0,630,1.0,45,RUMORS,Rams reportedly brought in Blankenship in addition to Mevis  Kicker or lineman???,28980.0,positive,0.0,1.0,0.0,0.0
1oplrvh,1762393492.0,840,1.0,45,RUMORS,"Rams reportedly brought in Blankenship in addition to Mevis  Competition is great, but unless Mevis is blocking on FG attempts, I don't know what's going to change.",38640.0,positive,0.114,0.801,0.085,-0.2144
1oplrvh,1762407307.0,210,1.0,45,RUMORS,Rams reportedly brought in Blankenship in addition to Mevis  I hope Mevis is really good just because he looks like a fan playing football,9660.0,positive,0.0,0.573,0.427,0.8932
1oplrvh,1762411204.0,210,1.0,45,RUMORS,Rams reportedly brought in Blankenship in addition to Mevis  Dam dat Boi thicc,9660.0,positive,0.0,1.0,0.0,0.0
1oplrvh,1762414223.0,210,1.0,45,RUMORS,"Rams reportedly brought in Blankenship in addition to Mevis  what is the point? I was told none of the kicking issues were Karty's fault, they were all on the blocking",9660.0,positive,0.164,0.836,0.0,-0.6486
1oplrvh,1762430873.0,210,1.0,45,RUMORS,Rams reportedly brought in Blankenship in addition to Mevis  🙏,9660.0,positive,0.0,1.0,0.0,0.0
1op9bad,1762364258.0,113243,1.0,101,NEWS,We signed a kicker  Mevis & Karthead,11550786.0,neutral,0.0,1.0,0.0,0.0
1op9bad,1762364514.0,45539,1.0,101,NEWS,We signed a kicker  New LS and kicker secured. Now we need new special teams coach,4644978.0,neutral,0.0,0.707,0.293,0.6597
1op9bad,1762364462.0,31031,1.0,101,NEWS,"We signed a kicker  About time. Competition is never a bad thing. I would love to eat dirt and have Karty turn it around, but this is way past due",3165162.0,neutral,0.056,0.794,0.15,0.4263
1op9bad,1762364258.0,23777,1.0,101,NEWS,We signed a kicker  ![gif](giphy|3P0oEX5oTmrkY),2425254.0,positive,0.0,1.0,0.0,0.0
1op9bad,1762365680.0,23374,1.0,101,NEWS,"We signed a kicker  led the UFL in field goal percentage, things we love to see",2384148.0,neutral,0.0,0.769,0.231,0.6369
1op9bad,1762364494.0,16523,1.0,101,NEWS,We signed a kicker  Thicker Kicker!!,1685346.0,positive,0.0,1.0,0.0,0.0
1op9bad,1762364578.0,10075,1.0,101,NEWS,We signed a kicker  MIZ!!,1027650.0,negative,0.0,1.0,0.0,0.0
1op9bad,1762364618.0,7254,1.0,101,NEWS,"We signed a kicker  Good, I was looking at kickers at the trade deadline. I was like would the raiders give Carlson up? Would they do it for a fifth",739908.0,positive,0.0,0.816,0.184,0.6597
1op9bad,1762366354.0,4433,1.0,101,NEWS,We signed a kicker  OH SHIT! HE WEIGHS 250lbs!,452166.0,neutral,0.413,0.587,0.0,-0.7111
1op9bad,1762366013.0,7657,1.0,101,NEWS,We signed a kicker  Imagine being unemployed then just signing for the best team in the NFL mid-season and improving them.,781014.0,neutral,0.0,0.72,0.28,0.7906
1op9bad,1762366635.0,2821,1.0,101,NEWS,We signed a kicker  Rams signed Rivers to the activate roster to make room on the practice squad.,287742.0,neutral,0.0,1.0,0.0,0.0
1op9bad,1762369466.0,2821,1.0,101,NEWS,We signed a kicker  I actually played soccer with his brother who had an absolute CANNON,287742.0,positive,0.0,0.844,0.156,0.34
1op9bad,1762371169.0,2015,1.0,101,NEWS,We signed a kicker  Big Mizzou and Rams fan here. Kid’s got a boot. Hit from 60 in college with ease.,205530.0,neutral,0.0,0.78,0.22,0.5859
1op9bad,1762364412.0,3224,1.0,101,NEWS,We signed a kicker  I’m not seeing this confirmed anywhere,328848.0,positive,0.0,1.0,0.0,0.0
1op9bad,1762365454.0,1612,1.0,101,NEWS,We signed a kicker  Didn’t the jets sign him? Why did the let him go?,164424.0,positive,0.0,1.0,0.0,0.0
1op9bad,1762365732.0,1612,1.0,101,NEWS,We signed a kicker  I was hoping for Koo but I’m optimistic,164424.0,positive,0.0,0.623,0.377,0.5927
1op9bad,1762366171.0,1209,1.0,101,NEWS,We signed a kicker  THICC,123318.0,positive,0.0,1.0,0.0,0.0
1op9bad,1762368907.0,1209,1.0,101,NEWS,We signed a kicker  Thicker Kicker!!!,123318.0,positive,0.0,1.0,0.0,0.0
1op9bad,1762366775.0,1209,1.0,101,NEWS,We signed a kicker  As a stallions fan this is a dub,123318.0,positive,0.0,0.777,0.223,0.3182
1op9bad,1762368527.0,2418,1.0,101,NEWS,"We signed a kicker  Keep Karty as the exclusive knuckleball kicker, let's start the trend of kickoff only kickers.",246636.0,neutral,0.0,0.919,0.081,0.128
1ooryt4,1762313323.0,5724,1.0,36,DISCUSSIONS,"Biggest 3 game stretch of the season coming up 49ers, Seahawks, Bucs.

Rams have put themselves in great position being at 6-2 but these next 3 games will show us truly where we are with the big dogs of the NFC.

All 3 feel like a must win but I think 2-1 will be fine. Anything less and you’re likely looking at a road playoff game. 

Huge chance to get 2 division wins and 1 conference win against a likely division winner. Chance to go up essentially 2 games on the 49ers as well.

I believe in this team and staff to get it done. Going to be a fun November! LFG!  We need that 9er and Seahawks win badly.",211788.0,positive,0.066,0.591,0.343,0.9923
1ooryt4,1762313259.0,3132,1.0,36,DISCUSSIONS,"Biggest 3 game stretch of the season coming up 49ers, Seahawks, Bucs.

Rams have put themselves in great position being at 6-2 but these next 3 games will show us truly where we are with the big dogs of the NFC.

All 3 feel like a must win but I think 2-1 will be fine. Anything less and you’re likely looking at a road playoff game. 

Huge chance to get 2 division wins and 1 conference win against a likely division winner. Chance to go up essentially 2 games on the 49ers as well.

I believe in this team and staff to get it done. Going to be a fun November! LFG!  2? We're going 3-0",115884.0,positive,0.043,0.624,0.334,0.9918
1ooryt4,1762312790.0,2268,1.0,36,DISCUSSIONS,"Biggest 3 game stretch of the season coming up 49ers, Seahawks, Bucs.

Rams have put themselves in great position being at 6-2 but these next 3 games will show us truly where we are with the big dogs of the NFC.

All 3 feel like a must win but I think 2-1 will be fine. Anything less and you’re likely looking at a road playoff game. 

Huge chance to get 2 division wins and 1 conference win against a likely division winner. Chance to go up essentially 2 games on the 49ers as well.

I believe in this team and staff to get it done. Going to be a fun November! LFG!  Yeah I feel 2 wins are a must here. 49ers and seahawks dont have hard schedules",83916.0,positive,0.039,0.602,0.36,0.9943
1ooryt4,1762313393.0,1944,1.0,36,DISCUSSIONS,"Biggest 3 game stretch of the season coming up 49ers, Seahawks, Bucs.

Rams have put themselves in great position being at 6-2 but these next 3 games will show us truly where we are with the big dogs of the NFC.

All 3 feel like a must win but I think 2-1 will be fine. Anything less and you’re likely looking at a road playoff game. 

Huge chance to get 2 division wins and 1 conference win against a likely division winner. Chance to go up essentially 2 games on the 49ers as well.

I believe in this team and staff to get it done. Going to be a fun November! LFG!  I hate to be that guy but i think this is where our season truly starts",71928.0,positive,0.069,0.608,0.323,0.9911
1ooryt4,1762313861.0,1404,1.0,36,DISCUSSIONS,"Biggest 3 game stretch of the season coming up 49ers, Seahawks, Bucs.

Rams have put themselves in great position being at 6-2 but these next 3 games will show us truly where we are with the big dogs of the NFC.

All 3 feel like a must win but I think 2-1 will be fine. Anything less and you’re likely looking at a road playoff game. 

Huge chance to get 2 division wins and 1 conference win against a likely division winner. Chance to go up essentially 2 games on the 49ers as well.

I believe in this team and staff to get it done. Going to be a fun November! LFG!  If we only get two, those wins better be in the division.",51948.0,neutral,0.039,0.603,0.358,0.9945
1ooryt4,1762313962.0,1296,1.0,36,DISCUSSIONS,"Biggest 3 game stretch of the season coming up 49ers, Seahawks, Bucs.

Rams have put themselves in great position being at 6-2 but these next 3 games will show us truly where we are with the big dogs of the NFC.

All 3 feel like a must win but I think 2-1 will be fine. Anything less and you’re likely looking at a road playoff game. 

Huge chance to get 2 division wins and 1 conference win against a likely division winner. Chance to go up essentially 2 games on the 49ers as well.

I believe in this team and staff to get it done. Going to be a fun November! LFG!  Yes this stretch is brutal

Niners have our number, no way around it. 

Seahawks appear to be an awful matchup for us on paper, but if anyone can scheme around it, it’s McVay 

Bucs will be getting healthy right around the time we play them. 

3 wins here and we are basically in control of the NFC IMO. We take division Ls are we are fighting for a wild card.",47952.0,positive,0.118,0.608,0.274,0.9881
1ooryt4,1762316682.0,972,1.0,36,DISCUSSIONS,"Biggest 3 game stretch of the season coming up 49ers, Seahawks, Bucs.

Rams have put themselves in great position being at 6-2 but these next 3 games will show us truly where we are with the big dogs of the NFC.

All 3 feel like a must win but I think 2-1 will be fine. Anything less and you’re likely looking at a road playoff game. 

Huge chance to get 2 division wins and 1 conference win against a likely division winner. Chance to go up essentially 2 games on the 49ers as well.

I believe in this team and staff to get it done. Going to be a fun November! LFG!  I’ll be at that Bucs game and I’m seeing people saying we’ll drop that game. 

DONT WORRY BOYS. IM GOOD LUCK!",35964.0,positive,0.051,0.591,0.358,0.9953
1ooryt4,1762316220.0,648,1.0,36,DISCUSSIONS,"Biggest 3 game stretch of the season coming up 49ers, Seahawks, Bucs.

Rams have put themselves in great position being at 6-2 but these next 3 games will show us truly where we are with the big dogs of the NFC.

All 3 feel like a must win but I think 2-1 will be fine. Anything less and you’re likely looking at a road playoff game. 

Huge chance to get 2 division wins and 1 conference win against a likely division winner. Chance to go up essentially 2 games on the 49ers as well.

I believe in this team and staff to get it done. Going to be a fun November! LFG!  I’m most concerned about the Seahawks. The Bucs are very beat up and the Niners are not only decimated by injuries, they also probably won’t win a ton going forward because of those injuries. We have to beat both of our division opponents but I think Seattle will be the big test. They’re very good. Hopefully we can put the fear of God back in Darnold like we did last year. He doesn’t do well with heavy pressure, and we apply that in bunches.",23976.0,positive,0.054,0.657,0.288,0.9955
1ooryt4,1762320597.0,432,1.0,36,DISCUSSIONS,"Biggest 3 game stretch of the season coming up 49ers, Seahawks, Bucs.

Rams have put themselves in great position being at 6-2 but these next 3 games will show us truly where we are with the big dogs of the NFC.

All 3 feel like a must win but I think 2-1 will be fine. Anything less and you’re likely looking at a road playoff game. 

Huge chance to get 2 division wins and 1 conference win against a likely division winner. Chance to go up essentially 2 games on the 49ers as well.

I believe in this team and staff to get it done. Going to be a fun November! LFG!  Stafford is playing like an MVP. He’s connecting with every single player, specially Adams (RedZone weapon) and Nacua! D is solid and will continue to only get better. I see us getting 3 wins. I know it was the Saints, but, we can play and dominate the same way with any team! Let’s go Rams, let’s go Ramily!!!",15984.0,positive,0.038,0.636,0.326,0.996
1ooryt4,1762345879.0,432,1.0,36,DISCUSSIONS,"Biggest 3 game stretch of the season coming up 49ers, Seahawks, Bucs.

Rams have put themselves in great position being at 6-2 but these next 3 games will show us truly where we are with the big dogs of the NFC.

All 3 feel like a must win but I think 2-1 will be fine. Anything less and you’re likely looking at a road playoff game. 

Huge chance to get 2 division wins and 1 conference win against a likely division winner. Chance to go up essentially 2 games on the 49ers as well.

I believe in this team and staff to get it done. Going to be a fun November! LFG!  If they lose to this JV 49ers team again…….",15984.0,positive,0.064,0.619,0.317,0.9902
1ooryt4,1762342351.0,324,1.0,36,DISCUSSIONS,"Biggest 3 game stretch of the season coming up 49ers, Seahawks, Bucs.

Rams have put themselves in great position being at 6-2 but these next 3 games will show us truly where we are with the big dogs of the NFC.

All 3 feel like a must win but I think 2-1 will be fine. Anything less and you’re likely looking at a road playoff game. 

Huge chance to get 2 division wins and 1 conference win against a likely division winner. Chance to go up essentially 2 games on the 49ers as well.

I believe in this team and staff to get it done. Going to be a fun November! LFG!  Seahawks will be a tough cookie. Let's find out if Darnold has overcome the 2 game beating from the end of last season.",11988.0,neutral,0.072,0.636,0.292,0.9893
1ooryt4,1762358126.0,324,1.0,36,DISCUSSIONS,"Biggest 3 game stretch of the season coming up 49ers, Seahawks, Bucs.

Rams have put themselves in great position being at 6-2 but these next 3 games will show us truly where we are with the big dogs of the NFC.

All 3 feel like a must win but I think 2-1 will be fine. Anything less and you’re likely looking at a road playoff game. 

Huge chance to get 2 division wins and 1 conference win against a likely division winner. Chance to go up essentially 2 games on the 49ers as well.

I believe in this team and staff to get it done. Going to be a fun November! LFG!  we NEED those division games, 2-1 is the absolute worst we can do.",11988.0,positive,0.075,0.621,0.305,0.9885
1ooryt4,1762349035.0,216,1.0,36,DISCUSSIONS,"Biggest 3 game stretch of the season coming up 49ers, Seahawks, Bucs.

Rams have put themselves in great position being at 6-2 but these next 3 games will show us truly where we are with the big dogs of the NFC.

All 3 feel like a must win but I think 2-1 will be fine. Anything less and you’re likely looking at a road playoff game. 

Huge chance to get 2 division wins and 1 conference win against a likely division winner. Chance to go up essentially 2 games on the 49ers as well.

I believe in this team and staff to get it done. Going to be a fun November! LFG!  Losing to either of the division rivals would be tough to recover from they way they're playing. Not winning the division obviously hurts our playoff seeding chances drastically And losing to the bucs would likely ""only"" make the path to the 1 or 2 seed difficult, but not impossible.


I trust the Niners less to keep their momentum going with so many big names out, but they've continuously kept winning so who knows.


Seattle looks seriously legit and Darnold honestly has a shot to lead his teams to 27 wins over 2 years between MIN and SEA. However his good friend and back field mate Jared Verse *will* have a major say in that.


If you absolutely have to lay out a blueprint and pick one game to lose, its the bucs because Baker, okay I can at least cheer for him in good conscience and if we beat the other two first, we would still lead the division after a loss to the bucs because of the head to head win against SEA. Then rally to finish the season and possibly fight for a top 2 seed.


These 3 games arguably have the most playoff implications of **any** games over the next 3 weeks, but somehow we'll still end up with the Fox D team announcers and only be shown in 2 media markets nationwide. ",7992.0,positive,0.116,0.669,0.215,0.992
1ooryt4,1762347896.0,108,1.0,36,DISCUSSIONS,"Biggest 3 game stretch of the season coming up 49ers, Seahawks, Bucs.

Rams have put themselves in great position being at 6-2 but these next 3 games will show us truly where we are with the big dogs of the NFC.

All 3 feel like a must win but I think 2-1 will be fine. Anything less and you’re likely looking at a road playoff game. 

Huge chance to get 2 division wins and 1 conference win against a likely division winner. Chance to go up essentially 2 games on the 49ers as well.

I believe in this team and staff to get it done. Going to be a fun November! LFG!  This will show if we’re SB contenders or not!",3996.0,positive,0.041,0.635,0.324,0.9919
1ooryt4,1762354177.0,108,1.0,36,DISCUSSIONS,"Biggest 3 game stretch of the season coming up 49ers, Seahawks, Bucs.

Rams have put themselves in great position being at 6-2 but these next 3 games will show us truly where we are with the big dogs of the NFC.

All 3 feel like a must win but I think 2-1 will be fine. Anything less and you’re likely looking at a road playoff game. 

Huge chance to get 2 division wins and 1 conference win against a likely division winner. Chance to go up essentially 2 games on the 49ers as well.

I believe in this team and staff to get it done. Going to be a fun November! LFG!  If we are a Super Bowl Champion caliber team, we go 3-0 the next 3 weeks. LFG! 🤘🏼",3996.0,positive,0.037,0.605,0.358,0.9951
1ooryt4,1762376575.0,108,1.0,36,DISCUSSIONS,"Biggest 3 game stretch of the season coming up 49ers, Seahawks, Bucs.

Rams have put themselves in great position being at 6-2 but these next 3 games will show us truly where we are with the big dogs of the NFC.

All 3 feel like a must win but I think 2-1 will be fine. Anything less and you’re likely looking at a road playoff game. 

Huge chance to get 2 division wins and 1 conference win against a likely division winner. Chance to go up essentially 2 games on the 49ers as well.

I believe in this team and staff to get it done. Going to be a fun November! LFG!  This is huge. We’ll know so much about their chances in Jan/Feb after these three crucial weeks.",3996.0,negative,0.038,0.63,0.332,0.9932
1ooryt4,1762388322.0,108,1.0,36,DISCUSSIONS,"Biggest 3 game stretch of the season coming up 49ers, Seahawks, Bucs.

Rams have put themselves in great position being at 6-2 but these next 3 games will show us truly where we are with the big dogs of the NFC.

All 3 feel like a must win but I think 2-1 will be fine. Anything less and you’re likely looking at a road playoff game. 

Huge chance to get 2 division wins and 1 conference win against a likely division winner. Chance to go up essentially 2 games on the 49ers as well.

I believe in this team and staff to get it done. Going to be a fun November! LFG!  Home playoffs don’t matter to this team. They are DAWGS. We’re much more balanced this year and we were one play away at Philly. Away at Detroit, Philly, Seattle, Niners… bring it. We just need to make it to the playoffs and we WILL wreak havoc.",3996.0,neutral,0.06,0.669,0.272,0.9905
1oomqyt,1762298507.0,18105,1.0,30,DISCUSSIONS,"Just want to appreciate our punter Ethan Evans for his quiet but important punts to put us in good position on the field at different times! Probably one of the few guys from the special team who does pretty well with his job! Just do his job day-in & day-out. You're doing great, Ethan.",561255.0,neutral,0.0,0.636,0.364,0.9771
1oomqyt,1762298679.0,14910,1.0,30,DISCUSSIONS,Just want to appreciate our punter Ethan Evans for his quiet but important punts to put us in good position on the field at different times! Probably one of the few guys from the special team who does pretty well with his job! Just do his job day-in & day-out. Jacked fucking punter,462210.0,positive,0.0,0.691,0.309,0.9592
1oomqyt,1762299498.0,13135,1.0,30,DISCUSSIONS,Just want to appreciate our punter Ethan Evans for his quiet but important punts to put us in good position on the field at different times! Probably one of the few guys from the special team who does pretty well with his job! Just do his job day-in & day-out. He’s been the brightest of lights on a horrible ST. Going from Hekker to him so quickly has been a huge blessing. Dude deserves to get paid here.,407185.0,neutral,0.047,0.63,0.324,0.9801
1oomqyt,1762299150.0,7455,1.0,30,DISCUSSIONS,Just want to appreciate our punter Ethan Evans for his quiet but important punts to put us in good position on the field at different times! Probably one of the few guys from the special team who does pretty well with his job! Just do his job day-in & day-out. Maybe it’s bc the rest of the ST are so bad but he’s seemed amazing,231105.0,positive,0.072,0.635,0.293,0.9524
1oomqyt,1762299941.0,3550,1.0,30,DISCUSSIONS,"Just want to appreciate our punter Ethan Evans for his quiet but important punts to put us in good position on the field at different times! Probably one of the few guys from the special team who does pretty well with his job! Just do his job day-in & day-out. Guy’s a stud. He caught a lot of shit his rookie year from people that don’t understand punting. He always had the leg, just worked on directional punting and became damn good. He continues to work every offseason and keeps getting better. I still remember how many people wanted him cut after year 1. Most of this sub included.

Edit: to add, it’s like a QB with a noodle, you can’t teach arm strength. If a punter doesn’t have that explosiveness, he never will by the time he’s in the NFL. Teaching the aim and strategy behind specific ball placement is actually doable, if the guy is coachable.",110050.0,neutral,0.06,0.747,0.193,0.9729
1oomqyt,1762306156.0,2840,1.0,30,DISCUSSIONS,Just want to appreciate our punter Ethan Evans for his quiet but important punts to put us in good position on the field at different times! Probably one of the few guys from the special team who does pretty well with his job! Just do his job day-in & day-out. #Puntersarepeopletoo,88040.0,neutral,0.0,0.681,0.319,0.9592
1oomqyt,1762299524.0,2840,1.0,30,DISCUSSIONS,Just want to appreciate our punter Ethan Evans for his quiet but important punts to put us in good position on the field at different times! Probably one of the few guys from the special team who does pretty well with his job! Just do his job day-in & day-out. He reminds me of the prime Hekker days!,88040.0,neutral,0.0,0.71,0.29,0.9608
1oomqyt,1762302570.0,1065,1.0,30,DISCUSSIONS,Just want to appreciate our punter Ethan Evans for his quiet but important punts to put us in good position on the field at different times! Probably one of the few guys from the special team who does pretty well with his job! Just do his job day-in & day-out. I would deff buy his jersey. He’s a beast.,33015.0,positive,0.0,0.709,0.291,0.9592
1oomqyt,1762311778.0,1065,1.0,30,DISCUSSIONS,Just want to appreciate our punter Ethan Evans for his quiet but important punts to put us in good position on the field at different times! Probably one of the few guys from the special team who does pretty well with his job! Just do his job day-in & day-out. Pretty well? He's fucking awesome,33015.0,positive,0.0,0.57,0.43,0.9863
1oomqyt,1762300542.0,710,1.0,30,DISCUSSIONS,"Just want to appreciate our punter Ethan Evans for his quiet but important punts to put us in good position on the field at different times! Probably one of the few guys from the special team who does pretty well with his job! Just do his job day-in & day-out. Hekker will likely always be my GOAT, but Evans is on an amazing trajectory. How is this dude not Pro-Bowl level? I'm definitely not gonna look up punter stats.",22010.0,positive,0.0,0.705,0.295,0.9816
1oomqyt,1762300745.0,710,1.0,30,DISCUSSIONS,"Just want to appreciate our punter Ethan Evans for his quiet but important punts to put us in good position on the field at different times! Probably one of the few guys from the special team who does pretty well with his job! Just do his job day-in & day-out. Wonder if he will continue handling kickoffs as Karty handled kickoffs throughout the season.  Karty  only handled one that opened the game. Unless Karty's struggles or that he pulled something on Sunday, allowed Evans to handle kickoffs the rest of the way.

As for Punting, he went from a slow start to really elite.",22010.0,positive,0.028,0.801,0.172,0.9421
1oomqyt,1762302093.0,710,1.0,30,DISCUSSIONS,Just want to appreciate our punter Ethan Evans for his quiet but important punts to put us in good position on the field at different times! Probably one of the few guys from the special team who does pretty well with his job! Just do his job day-in & day-out. The one shining star of our Special Teams unit.,22010.0,positive,0.0,0.679,0.321,0.9708
1oomqyt,1762321821.0,710,1.0,30,DISCUSSIONS,Just want to appreciate our punter Ethan Evans for his quiet but important punts to put us in good position on the field at different times! Probably one of the few guys from the special team who does pretty well with his job! Just do his job day-in & day-out. Ethan is a beast,22010.0,positive,0.0,0.691,0.309,0.9592
1oomqyt,1762346611.0,710,1.0,30,DISCUSSIONS,Just want to appreciate our punter Ethan Evans for his quiet but important punts to put us in good position on the field at different times! Probably one of the few guys from the special team who does pretty well with his job! Just do his job day-in & day-out. WINGATE!,22010.0,positive,0.0,0.678,0.322,0.9608
1oomqyt,1762562203.0,710,1.0,30,DISCUSSIONS,"Just want to appreciate our punter Ethan Evans for his quiet but important punts to put us in good position on the field at different times! Probably one of the few guys from the special team who does pretty well with his job! Just do his job day-in & day-out. Yup, he's an absolute beast! Terrific punter that knows how to put the ball in a great position",22010.0,positive,0.0,0.653,0.347,0.9838
1oomqyt,1762785572.0,710,1.0,30,DISCUSSIONS,"Just want to appreciate our punter Ethan Evans for his quiet but important punts to put us in good position on the field at different times! Probably one of the few guys from the special team who does pretty well with his job! Just do his job day-in & day-out. Evans is a weapon. Like he'll literally flip the field with his punts and turn a bad situation into the opposing team being pinned behind their 20. Watching it on TV is one thing. Seeing him nuke balls in person is another.

Edit: Spelling",22010.0,positive,0.067,0.724,0.209,0.9304
1oomqyt,1762307366.0,355,1.0,30,DISCUSSIONS,Just want to appreciate our punter Ethan Evans for his quiet but important punts to put us in good position on the field at different times! Probably one of the few guys from the special team who does pretty well with his job! Just do his job day-in & day-out. Can he place-kick?,11005.0,neutral,0.0,0.691,0.309,0.9592
1ooicjq,1762289141.0,18590,0.96,42,MEMES,"This Sunday, We Will Humble 49ers Fans 🔵🟡  https://preview.redd.it/gswi4pgeyazf1.png?width=1080&format=png&auto=webp&s=624d0f42be2f9bdfcdf7bbf7daf531fec94880b1",767395.0,negative,0.0,1.0,0.0,0.0
1ooicjq,1762288861.0,12870,0.96,42,MEMES,"This Sunday, We Will Humble 49ers Fans 🔵🟡  A lot of those whiners fans are going from the high of watching the Dodgers win to seeing the 9ers lose",531274.0,positive,0.13,0.755,0.115,0.128
1ooicjq,1762288865.0,4862,0.96,42,MEMES,"This Sunday, We Will Humble 49ers Fans 🔵🟡  Fuck the whiners!!! Let’s get this W boys!!! 🙌🏼",200703.0,positive,0.309,0.691,0.0,-0.7405
1ooicjq,1762290374.0,2002,0.96,42,MEMES,"This Sunday, We Will Humble 49ers Fans 🔵🟡  Let’s whoop those bozos ass. Need a repeat of 42-7 beat down we gave Seattle. ",82643.0,negative,0.143,0.857,0.0,-0.5423
1ooicjq,1762290102.0,4004,0.96,42,MEMES,"This Sunday, We Will Humble 49ers Fans 🔵🟡  How tf are the whiners 6-3 when half their roster is dead? Pisses me off.",165285.0,positive,0.293,0.707,0.0,-0.8074
1ooicjq,1762288459.0,6864,0.96,42,MEMES,"This Sunday, We Will Humble 49ers Fans 🔵🟡  Please, I like the way you try to manifest a win, but most Rams fans said the same thing last game against the depleted niner team and look what happened.",283346.0,neutral,0.0,0.851,0.149,0.5859
1ooicjq,1762293402.0,858,0.96,42,MEMES,"This Sunday, We Will Humble 49ers Fans 🔵🟡  We better show up this time. 9ers really took it to us in the first game from the jump and we never really got it going.",35418.0,positive,0.0,0.919,0.081,0.4404
1ooicjq,1762288320.0,858,0.96,42,MEMES,"This Sunday, We Will Humble 49ers Fans 🔵🟡  Who’s going to Levi ?",35418.0,positive,0.0,1.0,0.0,0.0
1ooicjq,1762289720.0,858,0.96,42,MEMES,"This Sunday, We Will Humble 49ers Fans 🔵🟡  We beat them im more confident we beat the Seahawks after. Please d-line make Sam Darnold see ghosts again. I don’t like the second the Seahawks get Sam they decide to improve their o-line",35418.0,positive,0.0,0.768,0.232,0.8805
1ooicjq,1762289433.0,572,0.96,42,MEMES,"This Sunday, We Will Humble 49ers Fans 🔵🟡  Wear your spirit wear!!!!!!",23612.0,positive,0.0,0.793,0.207,0.4344
1ooicjq,1762291698.0,286,0.96,42,MEMES,"This Sunday, We Will Humble 49ers Fans 🔵🟡  Can’t wait! In a slightly better reality we’d be going for the sweep but a win at Shithole North will be sweet",11806.0,positive,0.0,0.689,0.311,0.9061
1ooicjq,1762297610.0,286,0.96,42,MEMES,"This Sunday, We Will Humble 49ers Fans 🔵🟡  ![gif](giphy|ojmrEu381AIkN7vhuj|downsized)",11806.0,neutral,0.0,1.0,0.0,0.0
1ooicjq,1762326189.0,286,0.96,42,MEMES,"This Sunday, We Will Humble 49ers Fans 🔵🟡  I hope so. As a Bay Area rams fan, I’m so tired of hearing it lol.",11806.0,positive,0.109,0.617,0.274,0.5868
1ooicjq,1762363577.0,286,0.96,42,MEMES,"This Sunday, We Will Humble 49ers Fans 🔵🟡  God I hope so. I always feel like a Padres fan playing the Dodgers whenever we play these Aholes. Why can’t we match their intensity when playing them.? Hoping they get that dog in em Sunday…",11806.0,positive,0.0,0.636,0.364,0.9419
1ooicjq,1762290334.0,286,0.96,42,MEMES,"This Sunday, We Will Humble 49ers Fans 🔵🟡  We need to bury our 18 incher in their ass.. ",11806.0,neutral,0.0,1.0,0.0,0.0
1ooelki,1762280389.0,3173,0.99,16,PHOTOS,Here's a clear and quality photo of Puka after catching a TD pass from Stafford and the Ramily roaring up behind! Courtesey of Brevin Townsell on the Rams website! Use it as a wallpaper as you wish! Love that the crowd is the focus on the shot,53402.0,positive,0.0,0.798,0.202,0.8854
1ooelki,1762282189.0,2505,0.99,16,PHOTOS,"Here's a clear and quality photo of Puka after catching a TD pass from Stafford and the Ramily roaring up behind! Courtesey of Brevin Townsell on the Rams website! Use it as a wallpaper as you wish! There are literally dozens of us.

Thousands of dozens.",42159.0,positive,0.0,0.869,0.131,0.7332
1ooelki,1762291231.0,501,0.99,16,PHOTOS,Here's a clear and quality photo of Puka after catching a TD pass from Stafford and the Ramily roaring up behind! Courtesey of Brevin Townsell on the Rams website! Use it as a wallpaper as you wish! Love the crowd shot!!!  Cool Kobie and Tutu reactions in lower rt corner too.,8432.0,positive,0.038,0.739,0.223,0.8949
1ooelki,1762294185.0,501,0.99,16,PHOTOS,Here's a clear and quality photo of Puka after catching a TD pass from Stafford and the Ramily roaring up behind! Courtesey of Brevin Townsell on the Rams website! Use it as a wallpaper as you wish! So he took an out of focus shot. Then geniusly reframed the narrative as a photo about the crowd. Nice!,8432.0,neutral,0.0,0.844,0.156,0.8507
1ooelki,1762296780.0,501,0.99,16,PHOTOS,Here's a clear and quality photo of Puka after catching a TD pass from Stafford and the Ramily roaring up behind! Courtesey of Brevin Townsell on the Rams website! Use it as a wallpaper as you wish! Wow looks like there’s a lot more than 12 of us after all,8432.0,neutral,0.0,0.771,0.229,0.9095
1ooelki,1762290234.0,334,0.99,16,PHOTOS,Here's a clear and quality photo of Puka after catching a TD pass from Stafford and the Ramily roaring up behind! Courtesey of Brevin Townsell on the Rams website! Use it as a wallpaper as you wish! I’m so bricked up ,5621.0,positive,0.0,0.854,0.146,0.7332
1ooelki,1762307471.0,334,0.99,16,PHOTOS,"Here's a clear and quality photo of Puka after catching a TD pass from Stafford and the Ramily roaring up behind! Courtesey of Brevin Townsell on the Rams website! Use it as a wallpaper as you wish! I’m confused, where’s all the non-Rams fans that I hear online always show up?",5621.0,neutral,0.044,0.838,0.118,0.5962
1ooelki,1762472417.0,334,0.99,16,PHOTOS,"Here's a clear and quality photo of Puka after catching a TD pass from Stafford and the Ramily roaring up behind! Courtesey of Brevin Townsell on the Rams website! Use it as a wallpaper as you wish! Charger fans could never, dirt cheap tickets at that",5621.0,negative,0.0,0.83,0.17,0.8027
1ooelki,1762280581.0,334,0.99,16,PHOTOS,"Here's a clear and quality photo of Puka after catching a TD pass from Stafford and the Ramily roaring up behind! Courtesey of Brevin Townsell on the Rams website! Use it as a wallpaper as you wish! Not to be a hater, it's a nice pic but it was posted yesterday and idk that ""clear"" is the best term, puka is blurry af haha",5621.0,neutral,0.044,0.707,0.248,0.9402
1ooelki,1762445058.0,167,0.99,16,PHOTOS,Here's a clear and quality photo of Puka after catching a TD pass from Stafford and the Ramily roaring up behind! Courtesey of Brevin Townsell on the Rams website! Use it as a wallpaper as you wish! That clearly is ai because we have no fans,2811.0,neutral,0.044,0.779,0.177,0.7701
1onidw2,1762197347.0,954,0.98,12,PHOTOS,"Courtesy of 1st & Tuna, a Rams content creator and frequent poster here. This photo of Puka with Rams fans packing behind slaps hard!!!!! I hope this is allowed! What a wonderful and majestic photo here!   
We can dispute the caption that he's a king of LA, but this photo itself is awesome! Hell yeah it's allowed. Rams House LFG.",12154.0,neutral,0.115,0.667,0.218,0.752
1onidw2,1762217734.0,318,0.98,12,PHOTOS,"Courtesy of 1st & Tuna, a Rams content creator and frequent poster here. This photo of Puka with Rams fans packing behind slaps hard!!!!! I hope this is allowed! What a wonderful and majestic photo here!   
We can dispute the caption that he's a king of LA, but this photo itself is awesome! That touchdown was so crazy. The Stafford and Puka combo is almost not fair",4051.0,negative,0.106,0.724,0.169,0.702
1onidw2,1762199263.0,212,0.98,12,PHOTOS,"Courtesy of 1st & Tuna, a Rams content creator and frequent poster here. This photo of Puka with Rams fans packing behind slaps hard!!!!! I hope this is allowed! What a wonderful and majestic photo here!   
We can dispute the caption that he's a king of LA, but this photo itself is awesome! If this isn’t allowed, then I don’t know what we’re even doing here.",2701.0,negative,0.027,0.789,0.185,0.9005
1onidw2,1762203788.0,212,0.98,12,PHOTOS,"Courtesy of 1st & Tuna, a Rams content creator and frequent poster here. This photo of Puka with Rams fans packing behind slaps hard!!!!! I hope this is allowed! What a wonderful and majestic photo here!   
We can dispute the caption that he's a king of LA, but this photo itself is awesome! Focus?",2701.0,neutral,0.032,0.749,0.219,0.9005
1onidw2,1762216010.0,212,0.98,12,PHOTOS,"Courtesy of 1st & Tuna, a Rams content creator and frequent poster here. This photo of Puka with Rams fans packing behind slaps hard!!!!! I hope this is allowed! What a wonderful and majestic photo here!   
We can dispute the caption that he's a king of LA, but this photo itself is awesome! I thought we only had 12 fans?! 🤔",2701.0,neutral,0.029,0.769,0.202,0.9005
1onidw2,1762352168.0,106,0.98,12,PHOTOS,"Courtesy of 1st & Tuna, a Rams content creator and frequent poster here. This photo of Puka with Rams fans packing behind slaps hard!!!!! I hope this is allowed! What a wonderful and majestic photo here!   
We can dispute the caption that he's a king of LA, but this photo itself is awesome! This an amazing shot he took!!",1350.0,neutral,0.027,0.707,0.266,0.9533
1ong85w,1762187451.0,7194,0.99,10,DISCUSSIONS,This is what I look forward to every week. Thank you Paul_McBellamy and Rockblazer23 I feel like the Rams association as a whole needs to embrace shrink the face based on how long it's been going on. Have they ever publicly acknowledged it? 🫡,78343.0,negative,0.0,0.835,0.165,0.743
1ong85w,1762187146.0,2834,0.99,10,DISCUSSIONS,"This is what I look forward to every week. Thank you Paul_McBellamy and Rockblazer23 I feel like the Rams association as a whole needs to embrace shrink the face based on how long it's been going on. Have they ever publicly acknowledged it? I know some Rams players have specially posted about it, Hekker in 2018?. (Shrink that face!!)

The land thing I have not seen anything, but that is far from conclusive.",30862.0,negative,0.0,0.914,0.086,0.6242
1ong85w,1762222594.0,1308,0.99,10,DISCUSSIONS,This is what I look forward to every week. Thank you Paul_McBellamy and Rockblazer23 I feel like the Rams association as a whole needs to embrace shrink the face based on how long it's been going on. Have they ever publicly acknowledged it? Lmao you’re welcome,14244.0,neutral,0.0,0.728,0.272,0.9217
1ong85w,1762199043.0,872,0.99,10,DISCUSSIONS,This is what I look forward to every week. Thank you Paul_McBellamy and Rockblazer23 I feel like the Rams association as a whole needs to embrace shrink the face based on how long it's been going on. Have they ever publicly acknowledged it? I love that the stash is now the anchor for the face. Seems proper,9496.0,positive,0.0,0.81,0.19,0.8885
1ong85w,1762241901.0,654,0.99,10,DISCUSSIONS,This is what I look forward to every week. Thank you Paul_McBellamy and Rockblazer23 I feel like the Rams association as a whole needs to embrace shrink the face based on how long it's been going on. Have they ever publicly acknowledged it? It would be cool to see the shrink face throughout the seasons,7122.0,neutral,0.0,0.833,0.167,0.8225
1on7ncv,1762164933.0,93593,0.99,33,HIGHLIGHTS,"Now that McVay has figured out how to use him Davante Adams is becoming the red zone threat we brought him here to be and now leads the NFL in receiving touchdowns.  I don’t think it’s about McVay learning to use him, but rather it’s Davante building his chemistry with Stafford. They didn’t get to practice during the offseason with Stafford’s back injury, so they’ve had to build this chemistry up through live reps. I’d imagine this is where we would at the beginning of the season if these two actually had time to practice together during OTAs and stuff.",3150340.0,negative,0.057,0.943,0.0,-0.7096
1on7ncv,1762165744.0,21099,0.99,33,HIGHLIGHTS,Now that McVay has figured out how to use him Davante Adams is becoming the red zone threat we brought him here to be and now leads the NFL in receiving touchdowns.  We've always struggled with red zone performance and Adams has really helped us turn it around.,710192.0,negative,0.112,0.888,0.0,-0.7003
1on7ncv,1762166497.0,29214,0.99,33,HIGHLIGHTS,"Now that McVay has figured out how to use him Davante Adams is becoming the red zone threat we brought him here to be and now leads the NFL in receiving touchdowns.  If a kicker could figure out how to kick a field goal, we just might win another super bowl. Stafford can't keep this up very much longer. 1,maybe  by the grace of God 2 years at best.",983343.0,negative,0.042,0.748,0.209,0.9246
1on7ncv,1762177171.0,11902,0.99,33,HIGHLIGHTS,Now that McVay has figured out how to use him Davante Adams is becoming the red zone threat we brought him here to be and now leads the NFL in receiving touchdowns.  Did nobody watch him have like 6 redzone targets in the first two games. This was always the plan him and Stafford just needed chemistry. ,400621.0,neutral,0.057,0.902,0.042,-0.2263
1on7ncv,1762182295.0,8115,0.99,33,HIGHLIGHTS,"Now that McVay has figured out how to use him Davante Adams is becoming the red zone threat we brought him here to be and now leads the NFL in receiving touchdowns.  Yeah it’s getting scary. Yesterday before the goal line slant literally said “this is bullying, he’s throwing this ball to Davante, everybody knows it and it’s still a TD",273151.0,negative,0.153,0.815,0.032,-0.8519
1on7ncv,1762210768.0,1623,0.99,33,HIGHLIGHTS,Now that McVay has figured out how to use him Davante Adams is becoming the red zone threat we brought him here to be and now leads the NFL in receiving touchdowns.  Now we just need to get old boy a superbowl ring so him and Stafford can get into the HoF!,54630.0,negative,0.069,0.931,0.0,-0.5707
1on7ncv,1762194753.0,1082,0.99,33,HIGHLIGHTS,"Now that McVay has figured out how to use him Davante Adams is becoming the red zone threat we brought him here to be and now leads the NFL in receiving touchdowns.  Better still, Adams is being tried as place kicker 

Sorry, I meant instead of a place kicker - why bother if we are at or inside the other team’s 40 and why not punt if we’re outside it",36420.0,positive,0.097,0.863,0.04,-0.4939
1on7ncv,1762197413.0,1082,0.99,33,HIGHLIGHTS,Now that McVay has figured out how to use him Davante Adams is becoming the red zone threat we brought him here to be and now leads the NFL in receiving touchdowns.  ![gif](giphy|xLR6VXtm3kBZytYw73),36420.0,positive,0.103,0.897,0.0,-0.5707
1on7ncv,1762200982.0,1082,0.99,33,HIGHLIGHTS,Now that McVay has figured out how to use him Davante Adams is becoming the red zone threat we brought him here to be and now leads the NFL in receiving touchdowns.  Seems like every catch of his is either a 1st down or a TD.,36420.0,positive,0.071,0.877,0.052,-0.2263
1on7ncv,1762256701.0,1082,0.99,33,HIGHLIGHTS,"Now that McVay has figured out how to use him Davante Adams is becoming the red zone threat we brought him here to be and now leads the NFL in receiving touchdowns.  That’s experience showing on Davante’s part. Those last two moves were the exact same other than the direction he went. If you’re watching tape expecting similar foot movements, you’re gonna get set up",36420.0,positive,0.05,0.95,0.0,-0.5267
1on41tp,1762149801.0,39668,0.96,37,MEMES,"Say it one more time, Brenda.  3 opportunities to win that game but they Blew Dat.",1447089.0,positive,0.0,0.75,0.25,0.5158
1on41tp,1762149986.0,33338,0.96,37,MEMES,"Say it one more time, Brenda.  ![gif](giphy|SUWXV2SKpy515nNCQf|downsized)",1216170.0,neutral,0.0,1.0,0.0,0.0
1on41tp,1762160383.0,24898,0.96,37,MEMES,"Say it one more time, Brenda.  Unique bunch. The Saints fan behind me kept whining the entire game about the Rams ""free Super Bowl"" appearance. 2 Saints fans in front of me got into a fight and security removed them. Then one of the fans snuck back into his seat and screamed ""can't nobody hold me down."" A few minutes later 10 security guards showed up the size of linebackers and he was gone for good lol",908279.0,positive,0.075,0.705,0.22,0.9217
1on41tp,1762181790.0,16036,0.96,37,MEMES,"Say it one more time, Brenda.  https://preview.redd.it/t5y4om0132zf1.jpeg?width=1242&format=pjpg&auto=webp&s=3c33b0f62d2c0d92fe48ad84bfb4258464bc10cc

Would have been 4th and goal with a ticking clock down by 3 if this face mask got called. The pi would have never happened.",584993.0,neutral,0.0,1.0,0.0,0.0
1on41tp,1762179310.0,7596,0.96,37,MEMES,"Say it one more time, Brenda.  It’s also been 7 years since they were good. Woof.",277102.0,positive,0.0,0.828,0.172,0.4404
1on41tp,1762187463.0,4220,0.96,37,MEMES,"Say it one more time, Brenda.  It is embarrassing for them.  Go read comments in the Saints sub, lol, still whining. 

I was one of the 150 Ram fans at that game.  Early in 1H there was a play that should have been PI on the Saints, I scream “that’s the definition of PI”. Those sitting near me reply “welcome to Nah’Lins, we let ‘em play here”.  
The face mask no call I scream wtf, I get another we let em play here.  This time I say “I’ll remember that”.  
No one liked it when I shouted “what happened to we let em play in nah’lins?”   

Also the only thing they should have been upset about was the awful fu king play calling by Sean Peyton.  They had the ball at the 13, under two minutes left and threw two incompletions.  We should have getting the ball back with under a minute left and no timeouts if they just ran the ball",153946.0,positive,0.166,0.738,0.096,-0.9186
1on41tp,1762181043.0,8018,0.96,37,MEMES,"Say it one more time, Brenda.  https://preview.redd.it/rhrpedwy02zf1.jpeg?width=1170&format=pjpg&auto=webp&s=0ff7ef13147313c514e55054f6e6d398ed33824c",292497.0,positive,0.0,1.0,0.0,0.0
1on41tp,1762161680.0,4642,0.96,37,MEMES,"Say it one more time, Brenda.  7 years since what? the thing they claim was PI but actually wasn't?",169340.0,positive,0.0,1.0,0.0,0.0
1on41tp,1762180214.0,1266,0.96,37,MEMES,"Say it one more time, Brenda.  What is this woman’s name? I wanna watch the segment",46184.0,neutral,0.0,1.0,0.0,0.0
1on41tp,1762184362.0,1266,0.96,37,MEMES,"Say it one more time, Brenda.  For 7 years, the Saints fans have been throwing the biggest temper tantrum the world of sports has ever seen.",46184.0,neutral,0.196,0.804,0.0,-0.6808
1on41tp,1762193989.0,1266,0.96,37,MEMES,"Say it one more time, Brenda.  Hell, I'm still complaining about the refs refusing to call blatant DPIs on the Patriots just because Brady led the offense.",46184.0,neutral,0.331,0.669,0.0,-0.885
1on41tp,1762355701.0,1266,0.96,37,MEMES,"Say it one more time, Brenda.  Miss Greg the Leg and Bones Fassel",46184.0,positive,0.134,0.866,0.0,-0.2177
1on41tp,1762551555.0,844,0.96,37,MEMES,"Say it one more time, Brenda.  Viking fan coming in peace, this was my Randy Marsh ""ghosts"" and ectoplasm moment for bounty gate.

Fuck the Saints. Kick their asses please.",30789.0,neutral,0.093,0.691,0.215,0.5574
1on41tp,1762334179.0,422,0.96,37,MEMES,"Say it one more time, Brenda.  [removed]",15395.0,neutral,0.0,1.0,0.0,0.0
1on41tp,1762882545.0,422,0.96,37,MEMES,"Say it one more time, Brenda.  How have I never even heard of this? She's awesome! Great vid. Still no joke about the Cards? Okay, this time...",15395.0,positive,0.061,0.581,0.358,0.8946
1omxa6y,1762129448.0,9888,0.99,24,DISCUSSIONS,"Sean in post game sounds completely fed up with the FG operation, I think it’ll get fixed Title summed it up  It's not just the kicking, it's everything about the field goal unit. The blocking is terrible as well.  

Edit: I guess there is one good part of the field goal unit, Ethan Evans knows how to be a holder",244728.0,positive,0.089,0.832,0.078,-0.1779
1omxa6y,1762130139.0,5150,0.99,24,DISCUSSIONS,"Sean in post game sounds completely fed up with the FG operation, I think it’ll get fixed Title summed it up  Fire Coach Blackburn he is an inept idiot",127462.0,neutral,0.18,0.82,0.0,-0.6908
1omxa6y,1762130238.0,4738,0.99,24,DISCUSSIONS,"Sean in post game sounds completely fed up with the FG operation, I think it’ll get fixed Title summed it up  ST coordinator needs to go. It’s not just a kicking problem. The entire unit is poorly coached. Blocking schemes are horrendous and there are always free rushers. I think what’s affecting Karty is more so not trusting the blocks more so than him just being bad. It’s a coaching issue",117266.0,positive,0.159,0.751,0.09,-0.7562
1omxa6y,1762129118.0,7210,0.99,24,DISCUSSIONS,"Sean in post game sounds completely fed up with the FG operation, I think it’ll get fixed Title summed it up  Should've been fixed during the bye week though...",178448.0,negative,0.0,1.0,0.0,0.0
1omxa6y,1762130319.0,1133,0.99,24,DISCUSSIONS,"Sean in post game sounds completely fed up with the FG operation, I think it’ll get fixed Title summed it up  It’s yearly man, it’s not getting fixed.
He doesn’t care about it or he would have fired his friend who runs the operation.

Downvote if you want, mcvay doesn’t care enough to fix it or Blackburn would have been fired after the eagles game. He’s choosing being a nice guy over fixing that unit. Blackburn is a fucking joke",28042.0,neutral,0.078,0.747,0.175,0.7902
1omxa6y,1762179390.0,206,0.99,24,DISCUSSIONS,"Sean in post game sounds completely fed up with the FG operation, I think it’ll get fixed Title summed it up  I miss Bones…",5098.0,neutral,0.071,0.929,0.0,-0.1531
1omwx9e,1762128009.0,52283,1.0,16,MEMES,"LANDMAN COLLECTS MORE LAND  Once we beat the Niners, Landman will finally have upper cali after the terrible game prior",888811.0,neutral,0.14,0.86,0.0,-0.4767
1omwx9e,1762128183.0,30555,1.0,16,MEMES,LANDMAN COLLECTS MORE LAND  The flagship memes are posting PROMPTLY this week. Thank you. More Land!,519435.0,positive,0.0,0.732,0.268,0.6268
1omwx9e,1762128184.0,23086,1.0,16,MEMES,LANDMAN COLLECTS MORE LAND  I love these posts dude 🤣,392462.0,negative,0.0,0.575,0.425,0.7331
1omwx9e,1762129408.0,6790,1.0,16,MEMES,LANDMAN COLLECTS MORE LAND  The man only knows to collect land,115430.0,neutral,0.0,1.0,0.0,0.0
1omwx9e,1762131900.0,6111,1.0,16,MEMES,LANDMAN COLLECTS MORE LAND  One punch landman,103887.0,positive,0.0,1.0,0.0,0.0
1omwx9e,1762134746.0,3395,1.0,16,MEMES,LANDMAN COLLECTS MORE LAND  I look forward to these updates. I’m ok with this colonization 🤣,57715.0,neutral,0.0,0.855,0.145,0.296
1omwx9e,1762136567.0,2716,1.0,16,MEMES,LANDMAN COLLECTS MORE LAND  This meme gives me giggles everytime,46172.0,negative,0.0,0.833,0.167,0.2023
1omwx9e,1762191461.0,3395,1.0,16,MEMES,LANDMAN COLLECTS MORE LAND  Must fill out California this weekend,57715.0,negative,0.0,1.0,0.0,0.0
1omwx9e,1762135166.0,2037,1.0,16,MEMES,LANDMAN COLLECTS MORE LAND  We need more land maan!,34629.0,neutral,0.0,1.0,0.0,0.0
1omwx9e,1762133968.0,2037,1.0,16,MEMES,"LANDMAN COLLECTS MORE LAND  Expand the land, shrink the face and cut the kicker ",34629.0,neutral,0.121,0.691,0.188,0.2902
1omwx9e,1762187874.0,1358,1.0,16,MEMES,"LANDMAN COLLECTS MORE LAND  As someone in occupied Landman territory, I highly recommend it.",23086.0,neutral,0.0,0.811,0.189,0.4201
1omwx9e,1762201391.0,1358,1.0,16,MEMES,LANDMAN COLLECTS MORE LAND  I'm looking forward to the bay area conquering,23086.0,neutral,0.0,1.0,0.0,0.0
1omvxtf,1762125347.0,31396,1.0,17,MEMES,Landman when he sees a ball carrier in his general vicinity  Fuck me Meme culture is great this one screen shot from a children's cartoon got me wheezing.,565128.0,neutral,0.111,0.759,0.13,0.1531
1omvxtf,1762126039.0,19372,1.0,17,MEMES,Landman when he sees a ball carrier in his general vicinity  Perfect use of this meme 😂,348696.0,neutral,0.0,0.791,0.209,0.5719
1omvxtf,1762126798.0,12692,1.0,17,MEMES,Landman when he sees a ball carrier in his general vicinity  ![gif](giphy|x6I3pGtblFtDO),228456.0,positive,0.0,1.0,0.0,0.0
1omvxtf,1762126283.0,11356,1.0,17,MEMES,Landman when he sees a ball carrier in his general vicinity  ![gif](giphy|5gvHhSostf9LPt0A1M|downsized),204408.0,positive,0.0,1.0,0.0,0.0
1omvxtf,1762125824.0,5344,1.0,17,MEMES,"Landman when he sees a ball carrier in his general vicinity  Don't call it a comeback.

I been here for years.",96192.0,positive,0.0,1.0,0.0,0.0
1omvxtf,1762127926.0,2004,1.0,17,MEMES,Landman when he sees a ball carrier in his general vicinity  he's so good,36072.0,positive,0.0,0.762,0.238,0.5777
1omvxtf,1762128184.0,2004,1.0,17,MEMES,Landman when he sees a ball carrier in his general vicinity  ![gif](giphy|l1J3G5lf06vi58EIE),36072.0,positive,0.0,1.0,0.0,0.0
1omvxtf,1762129589.0,2004,1.0,17,MEMES,Landman when he sees a ball carrier in his general vicinity  ![gif](giphy|ou5FtFV6fwdk4),36072.0,positive,0.0,1.0,0.0,0.0
1omvxtf,1762227097.0,2004,1.0,17,MEMES,"Landman when he sees a ball carrier in his general vicinity  Me seeing this meme millions of times already: 🙂

Me seeing this meme used in this context: 🤣😂🤣😂",36072.0,positive,0.0,1.0,0.0,0.0
1omvxtf,1762125868.0,1336,1.0,17,MEMES,Landman when he sees a ball carrier in his general vicinity  Haha,24048.0,positive,0.0,0.769,0.231,0.4588
1omvxtf,1762128042.0,1336,1.0,17,MEMES,Landman when he sees a ball carrier in his general vicinity  LANDMINE!!! 💣💥,24048.0,positive,0.0,1.0,0.0,0.0
1omvxtf,1762140211.0,1336,1.0,17,MEMES,Landman when he sees a ball carrier in his general vicinity  Bro reminds me of Pisa or Will they’ll make plays as Lbs. ,24048.0,positive,0.0,0.913,0.087,0.25
1omvxtf,1762725706.0,1336,1.0,17,MEMES,Landman when he sees a ball carrier in his general vicinity  Here because he just forced another fumble. 😂,24048.0,positive,0.158,0.842,0.0,-0.4588
1omjz2d,1762097107.0,59444,0.96,105,MEMES,"I feel like a chargers fan 😔  I’m just glad we didn’t waste Shohei’s entire career. Fuck you Arte, why won’t you die already.",6049021.0,positive,0.309,0.455,0.236,-0.5267
1omjz2d,1762098139.0,14668,0.96,105,MEMES,"I feel like a chargers fan 😔  The Rams did actually play in Anaheim, so it makes sense. As long as they aren’t chanting “Beat LA”, I have no problem with Rams/Angels fans.",1492616.0,neutral,0.136,0.665,0.199,0.3182
1omjz2d,1762097030.0,13124,0.96,105,MEMES,I feel like a chargers fan 😔  There are dozens of us!,1335498.0,neutral,0.0,0.579,0.421,0.6239
1omjz2d,1762097063.0,22002,0.96,105,MEMES,I feel like a chargers fan 😔  ![gif](giphy|fL9lMyAcE7g4Aj3AeW|downsized),2238924.0,neutral,0.0,0.371,0.629,0.6239
1omjz2d,1762096866.0,21616,0.96,105,MEMES,I feel like a chargers fan 😔  DODGERS BABY!!!,2199644.0,positive,0.0,0.413,0.587,0.6884
1omjz2d,1762099118.0,5404,0.96,105,MEMES,I feel like a chargers fan 😔  Until Arte sells the team we will continue to be the joke of the league. Congrats to the dodgers they deserve it. Happy for Shohei he will always be an Angels legend to me!,549911.0,positive,0.0,0.696,0.304,0.9245
1omjz2d,1762101482.0,2702,0.96,105,MEMES,I feel like a chargers fan 😔  https://preview.redd.it/76vubf9egvyf1.png?width=1344&format=png&auto=webp&s=0b9afd09cd04ee3aa771baba55499225f6720c51,274956.0,neutral,0.0,0.385,0.615,0.5859
1omjz2d,1762099424.0,2316,0.96,105,MEMES,"I feel like a chargers fan 😔  I’m an 80’s baby. 
When I was a kid my dad asked me what teams I wanted to be a fan of. He was from LA and I was born in Anaheim. 
I said I wanted to be a Rams fan because he was.
I said I wanted to be a Clippers fan and he basically said trust me you want to be a Lakers fan, so I’m glad he guided me to the purple and gold.
When it was time for baseball, being born in Anaheim and having just seen Angels in the Outfield I wanted to be an Angels fan. He didn’t stop me.
I hate 5 year old me’s decisions.",235676.0,neutral,0.049,0.75,0.201,0.9358
1omjz2d,1762097283.0,5790,0.96,105,MEMES,I feel like a chargers fan 😔  I assume you're also a Clippers and Ducks fan?,589190.0,neutral,0.0,0.53,0.47,0.7269
1omjz2d,1762099621.0,1158,0.96,105,MEMES,I feel like a chargers fan 😔  This shit is like a girl that fumbled the bag and seeing the ex she did wrong moving on and winning. Constantly. Like the upgrades won’t stop.,117838.0,positive,0.202,0.499,0.299,0.5106
1omjz2d,1762100244.0,1158,0.96,105,MEMES,"I feel like a chargers fan 😔  This is me for real. Dedicated to both and just down bad on one side. Hate some of the fans, but not the team. Thats a good ball club. Glad Shohei is getting the accolades he deserves. Rather it come to California than elsewhere. 

Congrats y'all.

Fuck you, Arte.",117838.0,positive,0.133,0.613,0.254,0.8176
1omjz2d,1762138281.0,1930,0.96,105,MEMES,"I feel like a chargers fan 😔  I always wondered why Rams players primarily are seen rocking Dodgers caps or jerseys. 

Where is the love for the Angels?",196397.0,neutral,0.0,0.7,0.3,0.8402
1omjz2d,1762103876.0,772,0.96,105,MEMES,I feel like a chargers fan 😔  Always accepting applications,78559.0,neutral,0.0,0.351,0.649,0.7506
1omjz2d,1762102107.0,1158,0.96,105,MEMES,I feel like a chargers fan 😔  I feel this. As a Rams/Angels/Ducks/Clippers fan…….,117838.0,positive,0.0,0.593,0.407,0.5859
1omjz2d,1762097881.0,1158,0.96,105,MEMES,"I feel like a chargers fan 😔  Lets gooo Dodgers

Arte has to go though I want a competitive Freeway Series that can be a World Series",117838.0,neutral,0.0,0.64,0.36,0.7184
1omjz2d,1762099370.0,386,0.96,105,MEMES,"I feel like a chargers fan 😔  You won in 2002 against the Giants, so I'll give you a huge credit!!!! The Chargers still have no ring!",39279.0,positive,0.068,0.56,0.372,0.8679
1omjz2d,1762108633.0,386,0.96,105,MEMES,I feel like a chargers fan 😔  As a lifelong Blue Jays and Rams fan today is a very confusing and difficult day.,39279.0,neutral,0.198,0.519,0.283,0.2831
1oley8u,1761971082.0,253890,0.99,35,MEMES,Rams rookie LB Shaun Dolac dressed up as Sean McVay for Halloween  ![gif](giphy|PBVRosQ8W1wvjaqGOF|downsized),9048640.0,positive,0.0,1.0,0.0,0.0
1oley8u,1761971491.0,191100,0.99,35,MEMES,Rams rookie LB Shaun Dolac dressed up as Sean McVay for Halloween  Holy shit I love this team,6810804.0,neutral,0.158,0.658,0.184,0.1531
1oley8u,1761971704.0,158340,0.99,35,MEMES,Rams rookie LB Shaun Dolac dressed up as Sean McVay for Halloween  Bro nailed the walk and mannerisms too lol,5643238.0,positive,0.0,0.872,0.128,0.4215
1oley8u,1761971852.0,101010,0.99,35,MEMES,"Rams rookie LB Shaun Dolac dressed up as Sean McVay for Halloween  Mcbae

![gif](giphy|THgR0q9J9izL5wbq00|downsized)",3599996.0,positive,0.0,1.0,0.0,0.0
1oley8u,1761974237.0,80535,0.99,35,MEMES,Rams rookie LB Shaun Dolac dressed up as Sean McVay for Halloween  We're built for this shit. 💪,2870267.0,positive,0.21,0.79,0.0,-0.6428
1oley8u,1761974179.0,50505,0.99,35,MEMES,Rams rookie LB Shaun Dolac dressed up as Sean McVay for Halloween  Lmfao this is great. That impression was super well delivered.,1799998.0,neutral,0.0,0.523,0.477,0.9382
1oley8u,1761977169.0,45045,0.99,35,MEMES,"Rams rookie LB Shaun Dolac dressed up as Sean McVay for Halloween  That is culture people!

We are so lucky to have this guy.",1605404.0,neutral,0.0,0.855,0.145,0.6005
1oley8u,1761973860.0,34125,0.99,35,MEMES,Rams rookie LB Shaun Dolac dressed up as Sean McVay for Halloween  Shrink the face,1216215.0,neutral,0.0,1.0,0.0,0.0
1oley8u,1761973782.0,32760,0.99,35,MEMES,"Rams rookie LB Shaun Dolac dressed up as Sean McVay for Halloween  Pretty tight fit team!

How could you want anything else?

Go Rams!",1167566.0,positive,0.0,0.735,0.265,0.7639
1oley8u,1761982005.0,28665,0.99,35,MEMES,Rams rookie LB Shaun Dolac dressed up as Sean McVay for Halloween  Vibes are undefeated this season man ,1021621.0,positive,0.0,1.0,0.0,0.0
1oley8u,1761983730.0,24570,0.99,35,MEMES,Rams rookie LB Shaun Dolac dressed up as Sean McVay for Halloween  This is proper locker room culture,875675.0,positive,0.0,1.0,0.0,0.0
1oley8u,1761971272.0,49140,0.99,35,MEMES,Rams rookie LB Shaun Dolac dressed up as Sean McVay for Halloween  🤣🤣🤣,1751350.0,positive,0.0,1.0,0.0,0.0
1oley8u,1761974738.0,8190,0.99,35,MEMES,Rams rookie LB Shaun Dolac dressed up as Sean McVay for Halloween  Where’s the get back coach,291892.0,positive,0.0,1.0,0.0,0.0
1oley8u,1761971493.0,53235,0.99,35,MEMES,"Rams rookie LB Shaun Dolac dressed up as Sean McVay for Halloween  Side note, go dodgers!",1897295.0,neutral,0.0,1.0,0.0,0.0
1oley8u,1762017442.0,2730,0.99,35,MEMES,Rams rookie LB Shaun Dolac dressed up as Sean McVay for Halloween  I thought Stafford as Kelce while his wife and daughters were Taylor couldn't be topped. I was wrong.,97297.0,positive,0.103,0.897,0.0,-0.4767
1oley8u,1761995503.0,1365,0.99,35,MEMES,Rams rookie LB Shaun Dolac dressed up as Sean McVay for Halloween  🤣😂🤣👍🏼,48649.0,positive,0.0,1.0,0.0,0.0
1oley8u,1762017740.0,1365,0.99,35,MEMES,Rams rookie LB Shaun Dolac dressed up as Sean McVay for Halloween  Love him 🤣,48649.0,positive,0.0,0.756,0.244,0.6369
1oley8u,1762092594.0,1365,0.99,35,MEMES,Rams rookie LB Shaun Dolac dressed up as Sean McVay for Halloween  [removed],48649.0,positive,0.0,1.0,0.0,0.0
1oley8u,1762741720.0,1365,0.99,35,MEMES,Rams rookie LB Shaun Dolac dressed up as Sean McVay for Halloween  Could not make out what he said. 🤷‍♂️,48649.0,positive,0.0,1.0,0.0,0.0
1oley8u,1761984640.0,1365,0.99,35,MEMES,Rams rookie LB Shaun Dolac dressed up as Sean McVay for Halloween  Mcvay ~ haha your cut,48649.0,neutral,0.11,0.733,0.157,0.2263
1ol6u86,1761956965.0,1420,0.99,7,PHOTOS,"Saw this flag hanging on the price sign of a Shell gas station in Garden Grove, CA, where I live! Don’t know why there were bottles below, but I hope there will be a different flag after winning an another Lombardi trophy!  There’s definitely now more than 12 of us",11246.0,positive,0.0,0.774,0.226,0.9272
1ol6u86,1761950738.0,852,0.99,7,PHOTOS,"Saw this flag hanging on the price sign of a Shell gas station in Garden Grove, CA, where I live! Don’t know why there were bottles below, but I hope there will be a different flag after winning an another Lombardi trophy!  I will give this place all of my business from now on!",6748.0,positive,0.0,0.834,0.166,0.8841
1ol6u86,1761956966.0,568,0.99,7,PHOTOS,"Saw this flag hanging on the price sign of a Shell gas station in Garden Grove, CA, where I live! Don’t know why there were bottles below, but I hope there will be a different flag after winning an another Lombardi trophy!  Bottles are probably there for added weight to prevent the flag from flapping too much in the wind and maybe getting tangled or curled up.",4499.0,positive,0.0,0.855,0.145,0.8802
1ol6u86,1762009368.0,426,0.99,7,PHOTOS,"Saw this flag hanging on the price sign of a Shell gas station in Garden Grove, CA, where I live! Don’t know why there were bottles below, but I hope there will be a different flag after winning an another Lombardi trophy!  ![gif](giphy|l0ExbnGIX9sMFS7PG)",3374.0,positive,0.0,0.799,0.201,0.8841
1ol6u86,1762051443.0,426,0.99,7,PHOTOS,"Saw this flag hanging on the price sign of a Shell gas station in Garden Grove, CA, where I live! Don’t know why there were bottles below, but I hope there will be a different flag after winning an another Lombardi trophy!  Sweet nice to see it out in OC",3374.0,positive,0.0,0.715,0.285,0.9567
1ol6u86,1762058518.0,426,0.99,7,PHOTOS,"Saw this flag hanging on the price sign of a Shell gas station in Garden Grove, CA, where I live! Don’t know why there were bottles below, but I hope there will be a different flag after winning an another Lombardi trophy!  I'm my anecdotal experience, OC tend to be more supportive of the Rams. They were the Anaheim Rams before after all",3374.0,neutral,0.0,0.82,0.18,0.9228
1okkoi1,1761883608.0,13321,0.99,25,NEWS,Puka has Baby Boy War Daddy is an actual daddy. Congrats to Puka!  Puka with Dad Strength is basically cheating.,342883.0,neutral,0.256,0.526,0.217,-0.2942
1okkoi1,1761882888.0,6574,0.99,25,NEWS,Puka has Baby Boy War Daddy is an actual daddy. Congrats to Puka!  Has the GF confirmed he’s the father? /s,169215.0,neutral,0.158,0.715,0.128,-0.2003
1okkoi1,1761920819.0,1903,0.99,25,NEWS,Puka has Baby Boy War Daddy is an actual daddy. Congrats to Puka!  Can he kick,48983.0,neutral,0.194,0.648,0.157,-0.2003
1okkoi1,1761883845.0,1730,0.99,25,NEWS,Puka has Baby Boy War Daddy is an actual daddy. Congrats to Puka!  Pukito!,44530.0,positive,0.226,0.604,0.171,-0.2695
1okkoi1,1761893967.0,692,0.99,25,NEWS,Puka has Baby Boy War Daddy is an actual daddy. Congrats to Puka!  All these edits of him being overcoming a cheating girl were bogus it seems. The kid must be confirmed his and the internet was on crazy shit again.,17812.0,positive,0.264,0.671,0.065,-0.8858
1okkoi1,1761885577.0,346,0.99,25,NEWS,Puka has Baby Boy War Daddy is an actual daddy. Congrats to Puka!  Omg what a sweet name,8906.0,positive,0.159,0.569,0.272,0.4199
1okkoi1,1761930218.0,346,0.99,25,NEWS,Puka has Baby Boy War Daddy is an actual daddy. Congrats to Puka!  She was establishing paternity legally so that the baby could be taken care of medically and financially not because they didn’t know who the father was. This was confirmed online but of course people only see what they want.,8906.0,positive,0.043,0.829,0.128,0.4199
1okkoi1,1762306069.0,173,0.99,25,NEWS,"Puka has Baby Boy War Daddy is an actual daddy. Congrats to Puka!  Damn all the rams players are having kids kobie (no gender confirmed) , alaric (daughter),  puka (son).  2025 a good year for the rams to son everybody. ",4453.0,positive,0.146,0.72,0.133,-0.1511
1okenfz,1761866454.0,20210,0.87,53,PHOTOS,My Dorm Room 🐏  Nice!  Those old pennants are outstanding!,949466.0,neutral,0.0,0.487,0.513,0.8118
1okenfz,1761872733.0,10340,0.87,53,PHOTOS,"My Dorm Room 🐏  Hell yeah. Here’s my half made bed Rams country flag for my shitty ucla apartment lol

https://preview.redd.it/er8lj5l1kcyf1.jpeg?width=4284&format=pjpg&auto=webp&s=e27162d82d3c5fcec30f6838e276d34fd8a7ee02",485773.0,positive,0.281,0.548,0.171,-0.6369
1okenfz,1761873248.0,12220,0.87,53,PHOTOS,"My Dorm Room 🐏  That flag is gay. 

















Not a slight. A statement fact lol",574096.0,positive,0.0,0.797,0.203,0.4215
1okenfz,1761867506.0,6110,0.87,53,PHOTOS,My Dorm Room 🐏  So who’s your favorite American football team?,287048.0,neutral,0.0,0.734,0.266,0.5046
1okenfz,1761884541.0,2820,0.87,53,PHOTOS,My Dorm Room 🐏  WHOSE DORM RAMS DORM,132484.0,positive,0.0,1.0,0.0,0.0
1okenfz,1761874785.0,7990,0.87,53,PHOTOS,"My Dorm Room 🐏  From one gay rams fan to another

![gif](giphy|lEVZJzy4w15qE|downsized)

There are dozens of us!",375370.0,positive,0.0,0.839,0.161,0.4374
1okenfz,1761866231.0,5170,0.87,53,PHOTOS,My Dorm Room 🐏  Needs more Rams flags!!,242887.0,neutral,0.0,1.0,0.0,0.0
1okenfz,1761889219.0,1410,0.87,53,PHOTOS,My Dorm Room 🐏  I also have that top right old school L.A. Rams pennant.  Nice!,66242.0,positive,0.0,0.71,0.29,0.5983
1okenfz,1761868284.0,1880,0.87,53,PHOTOS,My Dorm Room 🐏  Love the old school logo.,88322.0,positive,0.0,0.625,0.375,0.6369
1okenfz,1761867479.0,7520,0.87,53,PHOTOS,My Dorm Room 🐏  I need that rainbow rams flag now!,353290.0,negative,0.0,1.0,0.0,0.0
1okenfz,1762076237.0,940,0.87,53,PHOTOS,My Dorm Room 🐏  [removed],44161.0,negative,0.0,1.0,0.0,0.0
1okenfz,1761867566.0,2820,0.87,53,PHOTOS,My Dorm Room 🐏  New meaning to horns up…. And I’m here for it.,132484.0,neutral,0.0,1.0,0.0,0.0
1okenfz,1761866591.0,940,0.87,53,PHOTOS,My Dorm Room 🐏  Go Rams,44161.0,neutral,0.0,1.0,0.0,0.0
1okenfz,1761870590.0,940,0.87,53,PHOTOS,My Dorm Room 🐏  I have the same blanket! Very cozy,44161.0,neutral,0.0,1.0,0.0,0.0
1okenfz,1761873130.0,940,0.87,53,PHOTOS,"My Dorm Room 🐏  Hell yeah, go rams!!",44161.0,neutral,0.419,0.404,0.178,-0.6103
1okenfz,1761874058.0,940,0.87,53,PHOTOS,My Dorm Room 🐏  Ramily!,44161.0,positive,0.0,1.0,0.0,0.0
1okenfz,1761878742.0,940,0.87,53,PHOTOS,My Dorm Room 🐏  ![gif](giphy|pCO5tKdP22RC8),44161.0,neutral,0.0,1.0,0.0,0.0
1okenfz,1761867176.0,940,0.87,53,PHOTOS,My Dorm Room 🐏  love it 🤘🤘🐏🐏🏠🏠,44161.0,negative,0.0,0.543,0.457,0.6369
1okenfz,1761880542.0,470,0.87,53,PHOTOS,My Dorm Room 🐏  Rams dorm!!!,22081.0,neutral,0.0,1.0,0.0,0.0
1okenfz,1761883989.0,470,0.87,53,PHOTOS,My Dorm Room 🐏  Horns up,22081.0,positive,0.0,1.0,0.0,0.0
1ojc76q,1761762764.0,7205,0.99,24,DISCUSSIONS,"Verse & BY Probably Happy AF in the Group Chat We're going to be having real discussions soon about how we're going to pay/keep all of our defensive difference-makers...

And there's also Puka's contract...

I love this squad and wish we could keep everyone, but I know that's not the reality. BY better set his sights on the Nik Bonitto contract because Josiah Stewart’s looking like a fine replacement.",178324.0,positive,0.0,0.772,0.228,0.9343
1ojc76q,1761762569.0,2882,0.99,24,DISCUSSIONS,"Verse & BY Probably Happy AF in the Group Chat We're going to be having real discussions soon about how we're going to pay/keep all of our defensive difference-makers...

And there's also Puka's contract...

I love this squad and wish we could keep everyone, but I know that's not the reality. I want Stafford til he hangs it up but not sure how we afford to sign all our guys.",71330.0,positive,0.053,0.838,0.11,0.4721
1ojc76q,1761763527.0,2227,0.99,24,DISCUSSIONS,"Verse & BY Probably Happy AF in the Group Chat We're going to be having real discussions soon about how we're going to pay/keep all of our defensive difference-makers...

And there's also Puka's contract...

I love this squad and wish we could keep everyone, but I know that's not the reality. Before the year, I’d have said we would let BY walk and just get the comp pick. But I think he’s played himself into a big contract with us. The problem is we have so many guys on the line who are going to command huge deals. Though if they feel Josiah is a hit, I could see them not re signing BY. And hope that Josiah and other guys can be impactful (for a fraction of the cost) due to the gravity of verse 

We just have so many young guys who need paid. Kobie, Puka, BY. Next year I believe verse, fiske. Somebody will be left out.",55118.0,negative,0.022,0.87,0.108,0.9042
1ojc76q,1761762634.0,3144,0.99,24,DISCUSSIONS,"Verse & BY Probably Happy AF in the Group Chat We're going to be having real discussions soon about how we're going to pay/keep all of our defensive difference-makers...

And there's also Puka's contract...

I love this squad and wish we could keep everyone, but I know that's not the reality. I think Verse will be a market resetting contract. If that’s what BY wants…thanks for the rookie contract and 3rd round comp pick. 

Can’t pay everyone and I think BY is the odd man out. Old rookie, huge season only in a contract year. Verse commands a lot of attention which is think he benefits from. I’d let him walk if he’s going to be asking for a large contract",77814.0,neutral,0.037,0.847,0.116,0.8248
1ojc76q,1761778257.0,655,0.99,24,DISCUSSIONS,"Verse & BY Probably Happy AF in the Group Chat We're going to be having real discussions soon about how we're going to pay/keep all of our defensive difference-makers...

And there's also Puka's contract...

I love this squad and wish we could keep everyone, but I know that's not the reality. This is the one benefit of having a QB that’s about to retire, we don’t have to tie a significant portion of our cap over the next 4+ years into them. Pay our playmakers, draft a rookie QB and let the defense and offensive skill players elevate them.",16211.0,neutral,0.053,0.797,0.15,0.802
1ojc76q,1761840045.0,262,0.99,24,DISCUSSIONS,"Verse & BY Probably Happy AF in the Group Chat We're going to be having real discussions soon about how we're going to pay/keep all of our defensive difference-makers...

And there's also Puka's contract...

I love this squad and wish we could keep everyone, but I know that's not the reality. Hey what’s up I’m also verse and bi, what sub is this again?",6484.0,negative,0.0,0.879,0.121,0.705
1ojc76q,1761860305.0,262,0.99,24,DISCUSSIONS,"Verse & BY Probably Happy AF in the Group Chat We're going to be having real discussions soon about how we're going to pay/keep all of our defensive difference-makers...

And there's also Puka's contract...

I love this squad and wish we could keep everyone, but I know that's not the reality. ![gif](giphy|JpG2A9P3dPHXaTYrwu)

Might as well pay them now! Add Puka in there too",6484.0,positive,0.024,0.81,0.166,0.8168
1ojc76q,1761768044.0,786,0.99,24,DISCUSSIONS,"Verse & BY Probably Happy AF in the Group Chat We're going to be having real discussions soon about how we're going to pay/keep all of our defensive difference-makers...

And there's also Puka's contract...

I love this squad and wish we could keep everyone, but I know that's not the reality. I can't wait till all these young lions players have to get paid and they have to break up the team with our draft picks so we can stop hearing  ""WhO WoN tHe TraDe?"" 
We did. We got a super bowl and had only one down year.",19454.0,positive,0.03,0.8,0.17,0.9332
1oja9z6,1761761070.0,5046,0.98,16,PHOTOS,"Those new merch look fire! Rosey Grier, the only living member of the Fearsome Foursome, and V8, the member of our current DL.   
[https://www.instagram.com/p/DQZjBFkifpq/](https://www.instagram.com/p/DQZjBFkifpq/) I like that the varsity jacket has all four of our championships.",84066.0,positive,0.121,0.736,0.142,0.2244
1oja9z6,1761758384.0,2262,0.98,16,PHOTOS,"Those new merch look fire! Rosey Grier, the only living member of the Fearsome Foursome, and V8, the member of our current DL.   
[https://www.instagram.com/p/DQZjBFkifpq/](https://www.instagram.com/p/DQZjBFkifpq/) Legendary.",37685.0,neutral,0.19,0.81,0.0,-0.6588
1oja9z6,1761773405.0,870,0.98,16,PHOTOS,"Those new merch look fire! Rosey Grier, the only living member of the Fearsome Foursome, and V8, the member of our current DL.   
[https://www.instagram.com/p/DQZjBFkifpq/](https://www.instagram.com/p/DQZjBFkifpq/) When are these going on sale I need that hat 😂",14494.0,positive,0.148,0.852,0.0,-0.6588
1oja9z6,1761790228.0,522,0.98,16,PHOTOS,"Those new merch look fire! Rosey Grier, the only living member of the Fearsome Foursome, and V8, the member of our current DL.   
[https://www.instagram.com/p/DQZjBFkifpq/](https://www.instagram.com/p/DQZjBFkifpq/) In before $400 for that varsity jacket",8697.0,positive,0.157,0.843,0.0,-0.6588
1oja9z6,1761772571.0,522,0.98,16,PHOTOS,"Those new merch look fire! Rosey Grier, the only living member of the Fearsome Foursome, and V8, the member of our current DL.   
[https://www.instagram.com/p/DQZjBFkifpq/](https://www.instagram.com/p/DQZjBFkifpq/) V8 looking timeless in that 2nd pic!",8697.0,positive,0.164,0.836,0.0,-0.6892
1oja9z6,1761774243.0,522,0.98,16,PHOTOS,"Those new merch look fire! Rosey Grier, the only living member of the Fearsome Foursome, and V8, the member of our current DL.   
[https://www.instagram.com/p/DQZjBFkifpq/](https://www.instagram.com/p/DQZjBFkifpq/) ![gif](giphy|2u11zpzwyMTy8)

I'll take all of 'em.......",8697.0,neutral,0.169,0.831,0.0,-0.6892
1oja9z6,1761801002.0,522,0.98,16,PHOTOS,"Those new merch look fire! Rosey Grier, the only living member of the Fearsome Foursome, and V8, the member of our current DL.   
[https://www.instagram.com/p/DQZjBFkifpq/](https://www.instagram.com/p/DQZjBFkifpq/) Looks like they will be on sale on October 31st!  
 [https://www.therams.com/photos/rams-the-hundreds-merchandise-collection-jared-verse#9ff67473-41ba-4854-99ad-445ea029436b](https://www.therams.com/photos/rams-the-hundreds-merchandise-collection-jared-verse#9ff67473-41ba-4854-99ad-445ea029436b)",8697.0,neutral,0.141,0.796,0.062,-0.4912
1oja9z6,1761864827.0,348,0.98,16,PHOTOS,"Those new merch look fire! Rosey Grier, the only living member of the Fearsome Foursome, and V8, the member of our current DL.   
[https://www.instagram.com/p/DQZjBFkifpq/](https://www.instagram.com/p/DQZjBFkifpq/) The hoodie and the sweatpants combo!!!",5798.0,positive,0.183,0.817,0.0,-0.7405
1oja9z6,1762101569.0,348,0.98,16,PHOTOS,"Those new merch look fire! Rosey Grier, the only living member of the Fearsome Foursome, and V8, the member of our current DL.   
[https://www.instagram.com/p/DQZjBFkifpq/](https://www.instagram.com/p/DQZjBFkifpq/) Love that the jacket celebrates the ‘45 and ‘51 championships.  I still don’t understand why we don’t hang those banners at Sofi.  The Rams gave Los Angeles its first ever pro sports championship. We should be proud and display pre Super Bowl titles.  The Lakers and Dodgers show mid 20th century championship at their stadiums.",5798.0,positive,0.052,0.702,0.246,0.9642
1oie8ej,1761669552.0,29624,0.99,72,NEWS,Saints to start QB Tyler Shough Week 9 vs. Rams. (via @rapsheet) 📸: Adrian Kraus/AP MORE ROOKIES!  WE DEMAND SACRIFICE!  V-8 and Agent 0 hunger for rookies!,2140926.0,negative,0.208,0.792,0.0,-0.7212
1oie8ej,1761672040.0,18768,0.99,72,NEWS,"Saints to start QB Tyler Shough Week 9 vs. Rams. (via @rapsheet) 📸: Adrian Kraus/AP I understand that it seems like a easy win. But there is nothing easy in the NFL.

Go Rams!",1356363.0,neutral,0.0,0.725,0.275,0.8497
1oie8ej,1761669601.0,13984,0.99,72,NEWS,Saints to start QB Tyler Shough Week 9 vs. Rams. (via @rapsheet) 📸: Adrian Kraus/AP He's going to get shoughed,1010624.0,negative,0.0,1.0,0.0,0.0
1oie8ej,1761669747.0,4968,0.99,72,NEWS,Saints to start QB Tyler Shough Week 9 vs. Rams. (via @rapsheet) 📸: Adrian Kraus/AP Poor guy.,359037.0,negative,0.171,0.829,0.0,-0.4767
1oie8ej,1761671672.0,3128,0.99,72,NEWS,Saints to start QB Tyler Shough Week 9 vs. Rams. (via @rapsheet) 📸: Adrian Kraus/AP This is bad coaching. His confidence is gonna be shattered. We’re second in sacks and 3rd in points allowed. His first start should be against not a top 5 defense,226061.0,negative,0.192,0.742,0.066,-0.6442
1oie8ej,1761669381.0,1656,0.99,72,NEWS,Saints to start QB Tyler Shough Week 9 vs. Rams. (via @rapsheet) 📸: Adrian Kraus/AP Is that good,119679.0,positive,0.0,0.847,0.153,0.4404
1oie8ej,1761669490.0,3128,0.99,72,NEWS,Saints to start QB Tyler Shough Week 9 vs. Rams. (via @rapsheet) 📸: Adrian Kraus/AP Someone tell me how to feel,226061.0,neutral,0.0,1.0,0.0,0.0
1oie8ej,1761670823.0,2760,0.99,72,NEWS,Saints to start QB Tyler Shough Week 9 vs. Rams. (via @rapsheet) 📸: Adrian Kraus/AP ![gif](giphy|Z1LYiyIPhnG9O),199465.0,positive,0.0,1.0,0.0,0.0
1oie8ej,1761671306.0,1288,0.99,72,NEWS,Saints to start QB Tyler Shough Week 9 vs. Rams. (via @rapsheet) 📸: Adrian Kraus/AP Let’s hope Shula blitzes like crazy!!,93084.0,positive,0.095,0.67,0.236,0.555
1oie8ej,1761671523.0,1104,0.99,72,NEWS,"Saints to start QB Tyler Shough Week 9 vs. Rams. (via @rapsheet) 📸: Adrian Kraus/AP Let slip the Dogs of War, no mercy!",79786.0,negative,0.229,0.681,0.09,-0.5983
1oie8ej,1761671891.0,552,0.99,72,NEWS,"Saints to start QB Tyler Shough Week 9 vs. Rams. (via @rapsheet) 📸: Adrian Kraus/AP Tyler, meet Jared.",39893.0,negative,0.0,1.0,0.0,0.0
1oie8ej,1761679635.0,920,0.99,72,NEWS,Saints to start QB Tyler Shough Week 9 vs. Rams. (via @rapsheet) 📸: Adrian Kraus/AP I won’t be surprised if the rams stoop down to their level play sloppy. They tend to do that against teams we all think we should blowout etc 9ers,66488.0,negative,0.0,0.903,0.097,0.5106
1oie8ej,1761669583.0,2576,0.99,72,NEWS,Saints to start QB Tyler Shough Week 9 vs. Rams. (via @rapsheet) 📸: Adrian Kraus/AP Anyone else just finding out Carr retired? Lol,186168.0,neutral,0.0,0.882,0.118,0.4215
1oie8ej,1761670964.0,552,0.99,72,NEWS,Saints to start QB Tyler Shough Week 9 vs. Rams. (via @rapsheet) 📸: Adrian Kraus/AP Rams by Fiddy,39893.0,negative,0.0,1.0,0.0,0.0
1oie8ej,1761671792.0,552,0.99,72,NEWS,Saints to start QB Tyler Shough Week 9 vs. Rams. (via @rapsheet) 📸: Adrian Kraus/AP Double digit sack day,39893.0,negative,0.0,1.0,0.0,0.0
1oie8ej,1761688041.0,552,0.99,72,NEWS,Saints to start QB Tyler Shough Week 9 vs. Rams. (via @rapsheet) 📸: Adrian Kraus/AP Can't wait for this rando to throw for 300+ and 4tds magically,39893.0,negative,0.0,1.0,0.0,0.0
1oie8ej,1761673637.0,736,0.99,72,NEWS,"Saints to start QB Tyler Shough Week 9 vs. Rams. (via @rapsheet) 📸: Adrian Kraus/AP Please please everyone reply that our team needs to take this serious and we might lose. 

Cause the minute this sub thinks it's an easy win we are fucked ",53191.0,negative,0.152,0.645,0.203,0.4263
1oie8ej,1761669475.0,368,0.99,72,NEWS,Saints to start QB Tyler Shough Week 9 vs. Rams. (via @rapsheet) 📸: Adrian Kraus/AP Okay,26595.0,positive,0.0,0.881,0.119,0.2263
1oie8ej,1761670219.0,368,0.99,72,NEWS,"Saints to start QB Tyler Shough Week 9 vs. Rams. (via @rapsheet) 📸: Adrian Kraus/AP Oh man :( 

As a Duck fan I’m hype to see hm get to play but god damn is this gona be a rough first game",26595.0,negative,0.124,0.742,0.135,-0.128
1oie8ej,1761671109.0,368,0.99,72,NEWS,Saints to start QB Tyler Shough Week 9 vs. Rams. (via @rapsheet) 📸: Adrian Kraus/AP Rough first game for a rookie to get a full start.,26595.0,negative,0.0,1.0,0.0,0.0
1ohvxd9,1761613268.0,6174,0.99,7,DISCUSSIONS,"If anyone remembers from last season’s playoffs, here is the GRAM-RAM. She has made it officially to another season! Here is her best “LA” gang sign uuuup haha. She is as bright as ever despite her COPD and being all skin and bones 😘. 

Think she could nab Ram fan of the year at a future rams game? (Here pictured without her Ram gear).  All I see is a beautiful, vibrant lady!  go Rams!",48898.0,positive,0.0,0.76,0.24,0.9665
1ohvxd9,1761613684.0,2646,0.99,7,DISCUSSIONS,"If anyone remembers from last season’s playoffs, here is the GRAM-RAM. She has made it officially to another season! Here is her best “LA” gang sign uuuup haha. She is as bright as ever despite her COPD and being all skin and bones 😘. 

Think she could nab Ram fan of the year at a future rams game? (Here pictured without her Ram gear).  We see you Gramama!",20956.0,neutral,0.0,0.829,0.171,0.9183
1ohvxd9,1761614035.0,1323,0.99,7,DISCUSSIONS,"If anyone remembers from last season’s playoffs, here is the GRAM-RAM. She has made it officially to another season! Here is her best “LA” gang sign uuuup haha. She is as bright as ever despite her COPD and being all skin and bones 😘. 

Think she could nab Ram fan of the year at a future rams game? (Here pictured without her Ram gear).  She’s a treasure ❤️",10478.0,positive,0.0,0.804,0.196,0.9312
1ohvxd9,1761745040.0,882,0.99,7,DISCUSSIONS,"If anyone remembers from last season’s playoffs, here is the GRAM-RAM. She has made it officially to another season! Here is her best “LA” gang sign uuuup haha. She is as bright as ever despite her COPD and being all skin and bones 😘. 

Think she could nab Ram fan of the year at a future rams game? (Here pictured without her Ram gear).  ![gif](giphy|i24Th0JGjjZWHwpTrH)",6985.0,positive,0.0,0.822,0.178,0.9183
1ohvxd9,1761621990.0,441,0.99,7,DISCUSSIONS,"If anyone remembers from last season’s playoffs, here is the GRAM-RAM. She has made it officially to another season! Here is her best “LA” gang sign uuuup haha. She is as bright as ever despite her COPD and being all skin and bones 😘. 

Think she could nab Ram fan of the year at a future rams game? (Here pictured without her Ram gear).  I totally vote for her!!!",3493.0,positive,0.0,0.823,0.177,0.9269
1ohvxd9,1761629784.0,441,0.99,7,DISCUSSIONS,"If anyone remembers from last season’s playoffs, here is the GRAM-RAM. She has made it officially to another season! Here is her best “LA” gang sign uuuup haha. She is as bright as ever despite her COPD and being all skin and bones 😘. 

Think she could nab Ram fan of the year at a future rams game? (Here pictured without her Ram gear).  Fuck yeah I’m fired up.",3493.0,positive,0.086,0.735,0.179,0.7777
1ohvxd9,1761638493.0,441,0.99,7,DISCUSSIONS,"If anyone remembers from last season’s playoffs, here is the GRAM-RAM. She has made it officially to another season! Here is her best “LA” gang sign uuuup haha. She is as bright as ever despite her COPD and being all skin and bones 😘. 

Think she could nab Ram fan of the year at a future rams game? (Here pictured without her Ram gear).  Shining through. Eternal.",3493.0,positive,0.0,0.83,0.17,0.9134
1ohswns,1761605064.0,9416,0.98,14,PHOTOS,"Somebody called shot, and someone pulled the plug!!! They went with it 5 days later! 
Edit: Pulled the trigger!!! And I’ll take it! Physical in the run game, able to blitz effectively, great hands, sticky in man coverage. Exactly what we need.",138415.0,neutral,0.0,0.827,0.173,0.8469
1ohswns,1761606207.0,5350,0.98,14,PHOTOS,"Somebody called shot, and someone pulled the plug!!! They went with it 5 days later! 
Edit: Pulled the trigger!!! Pulled the plug, or pulled the trigger?",78645.0,neutral,0.0,1.0,0.0,0.0
1ohswns,1761609264.0,1498,0.98,14,PHOTOS,"Somebody called shot, and someone pulled the plug!!! They went with it 5 days later! 
Edit: Pulled the trigger!!! It sounds like a lot of people think this is a good fit",22021.0,positive,0.0,0.741,0.259,0.8429
1ohswns,1761618259.0,1070,0.98,14,PHOTOS,"Somebody called shot, and someone pulled the plug!!! They went with it 5 days later! 
Edit: Pulled the trigger!!! It sucked losing Jourdan Rodrigue as our Rams beat writer on the Athletic, but I will say we struck gold with Nate as her replacement. He has been outstanding!!!  Well done Nate!",15729.0,neutral,0.106,0.738,0.156,0.72
1ohswns,1761607250.0,1926,0.98,14,PHOTOS,"Somebody called shot, and someone pulled the plug!!! They went with it 5 days later! 
Edit: Pulled the trigger!!! Didn’t even end up costing a day 3 pick! We just moved back a round, could be as little as 1 spot if they end up with the first overall pick and us with the 32nd lol",28312.0,neutral,0.0,0.926,0.074,0.6083
1ohp4q2,1761596307.0,17214,0.98,86,NEWS,"[Schefter] Rams placed WR Tutu Atwell on injured reserve. Per X. Man. Next man up, 88 gotta prove himself I was a bit disappointed with his showing in London.",1467666.0,neutral,0.188,0.812,0.0,-0.7003
1ohp4q2,1761596941.0,8305,0.98,86,NEWS,[Schefter] Rams placed WR Tutu Atwell on injured reserve. Per X. We’ll be fine. It’s not like he’s on the field a ton. Worst part of it all is that he’s our only true speed threat at receiver,708084.0,neutral,0.257,0.647,0.096,-0.8276
1ohp4q2,1761596456.0,7248,0.98,86,NEWS,[Schefter] Rams placed WR Tutu Atwell on injured reserve. Per X. Welp prolly his last year,617964.0,positive,0.153,0.847,0.0,-0.4019
1ohp4q2,1761596127.0,10117,0.98,86,NEWS,"[Schefter] Rams placed WR Tutu Atwell on injured reserve. Per X. Fuckin shit, that’s….out of nowhere",862575.0,neutral,0.31,0.69,0.0,-0.743
1ohp4q2,1761598905.0,3473,0.98,86,NEWS,"[Schefter] Rams placed WR Tutu Atwell on injured reserve. Per X. Man, the negativity in this sub… A lot of you are forgetting his game winning catch from just a few weeks ago. And the season isn’t over.",296108.0,neutral,0.142,0.778,0.08,-0.3818
1ohp4q2,1761596430.0,5738,0.98,86,NEWS,"[Schefter] Rams placed WR Tutu Atwell on injured reserve. Per X. Silver lining excited to see more Whit, Mump, X",489222.0,negative,0.122,0.769,0.109,-0.0772
1ohp4q2,1761608505.0,1661,0.98,86,NEWS,"[Schefter] Rams placed WR Tutu Atwell on injured reserve. Per X. Tell me you don’t know ball without telling me you don’t know ball… dude has gotten us so many of those gotta have it 3rd/4th down conversions over the years, not to mention the game winner vs the colts a few weeks ago. Might not be as big a name as the other guys in our star studded offense but he’s come in clutch when we needed him the most and has earned every penny.  Wishing him a speedy recovery and hope to see him back on the field for the playoff push. 🐏☝️",141617.0,positive,0.031,0.89,0.079,0.7391
1ohp4q2,1761597001.0,2718,0.98,86,NEWS,[Schefter] Rams placed WR Tutu Atwell on injured reserve. Per X. Trade for Rashid Shaheed!,231737.0,positive,0.176,0.824,0.0,-0.4574
1ohp4q2,1761597092.0,2416,0.98,86,NEWS,[Schefter] Rams placed WR Tutu Atwell on injured reserve. Per X. Could’ve had Creed Humphrey..,205988.0,positive,0.162,0.838,0.0,-0.4019
1ohp4q2,1761596496.0,604,0.98,86,NEWS,[Schefter] Rams placed WR Tutu Atwell on injured reserve. Per X. This sucks given his speed that is respected by others!,51497.0,positive,0.207,0.677,0.117,-0.3382
1ohp4q2,1761600347.0,302,0.98,86,NEWS,"[Schefter] Rams placed WR Tutu Atwell on injured reserve. Per X. It’s unfortunate, since he started to break out, but that gives Mumpf and Whit more opportunities.",25749.0,positive,0.121,0.757,0.121,0.2475
1ohp4q2,1761601561.0,302,0.98,86,NEWS,[Schefter] Rams placed WR Tutu Atwell on injured reserve. Per X. No word on whether he’s out for the year or designated to return?,25749.0,neutral,0.182,0.818,0.0,-0.5994
1ohp4q2,1761604383.0,302,0.98,86,NEWS,"[Schefter] Rams placed WR Tutu Atwell on injured reserve. Per X. :( damn he was starting to carve out his role, X-Man probably the one that’ll get those snaps if I had to guess (obv Whitt, but I mean in terms of Tutu’s go routes) 

Will be interesting to see what happens with him, likely means he will have to settle for a 1 year deal again so wouldn’t shock me if he’s here again if the price is right",25749.0,neutral,0.113,0.845,0.042,-0.6017
1ohp4q2,1761605902.0,302,0.98,86,NEWS,"[Schefter] Rams placed WR Tutu Atwell on injured reserve. Per X. Nooo, not our weekly Tutu 3rd Down Conversion in a moment in need",25749.0,positive,0.109,0.891,0.0,-0.4019
1ohp4q2,1761598688.0,755,0.98,86,NEWS,[Schefter] Rams placed WR Tutu Atwell on injured reserve. Per X. He made a lot of money being very mediocre.  Next man up.,64371.0,positive,0.114,0.886,0.0,-0.4019
1ohp4q2,1761598369.0,906,0.98,86,NEWS,[Schefter] Rams placed WR Tutu Atwell on injured reserve. Per X. nothing like 10million for 4 fucking catches,77246.0,positive,0.243,0.757,0.0,-0.5873
1ohp4q2,1761597393.0,302,0.98,86,NEWS,[Schefter] Rams placed WR Tutu Atwell on injured reserve. Per X. Let the young guns keep at it. They looked good in London,25749.0,neutral,0.102,0.789,0.109,0.0516
1ohp4q2,1761596870.0,151,0.98,86,NEWS,[Schefter] Rams placed WR Tutu Atwell on injured reserve. Per X. Tough.,12874.0,positive,0.296,0.704,0.0,-0.4939
1ohp4q2,1761606698.0,151,0.98,86,NEWS,[Schefter] Rams placed WR Tutu Atwell on injured reserve. Per X. Damn,12874.0,positive,0.351,0.649,0.0,-0.6597
1ohp4q2,1761609507.0,151,0.98,86,NEWS,[Schefter] Rams placed WR Tutu Atwell on injured reserve. Per X. MUMPFIELD TIME,12874.0,positive,0.184,0.816,0.0,-0.4019
1ohk1sx,1761584715.0,79698,0.99,110,NEWS,"[Schefter] Trade: Titans are sending CB Roger McCreary to the Rams for a conditional 5th/6th round pick swap, per sources. Conditions: Titans get 5th-round pick closer to the beginning of the round, which most likely be Titans original 5th round pick. Rams receive the 6th-round pick that is closet to the end of the round.  Titans currently have three 6th-round picks.

Per X. Brb gotta go do my research on Mr McCreary 🏃🏿‍♂️🏃🏿‍♂️🏃🏿‍♂️",8758013.0,neutral,0.0,0.969,0.031,0.3182
1ohk1sx,1761584893.0,43439,0.99,110,NEWS,"[Schefter] Trade: Titans are sending CB Roger McCreary to the Rams for a conditional 5th/6th round pick swap, per sources. Conditions: Titans get 5th-round pick closer to the beginning of the round, which most likely be Titans original 5th round pick. Rams receive the 6th-round pick that is closet to the end of the round.  Titans currently have three 6th-round picks.

Per X. A CORNER! Didn’t give up too much for him, only 25 and could turn out to be a nice player",4773512.0,positive,0.0,0.935,0.065,0.6588
1ohk1sx,1761584924.0,61389,0.99,110,NEWS,"[Schefter] Trade: Titans are sending CB Roger McCreary to the Rams for a conditional 5th/6th round pick swap, per sources. Conditions: Titans get 5th-round pick closer to the beginning of the round, which most likely be Titans original 5th round pick. Rams receive the 6th-round pick that is closet to the end of the round.  Titans currently have three 6th-round picks.

Per X. I don't know who Roger McCreary is but I'm 100% certain that he's the best football player of all time.",6746037.0,positive,0.0,0.885,0.115,0.8779
1ohk1sx,1761584768.0,18309,0.99,110,NEWS,"[Schefter] Trade: Titans are sending CB Roger McCreary to the Rams for a conditional 5th/6th round pick swap, per sources. Conditions: Titans get 5th-round pick closer to the beginning of the round, which most likely be Titans original 5th round pick. Rams receive the 6th-round pick that is closet to the end of the round.  Titans currently have three 6th-round picks.

Per X. It’s a good trade. Gets some outside help and this trade was predicted in one of the athletics articles last week.",2011976.0,positive,0.0,0.909,0.091,0.7845
1ohk1sx,1761585126.0,13642,0.99,110,NEWS,"[Schefter] Trade: Titans are sending CB Roger McCreary to the Rams for a conditional 5th/6th round pick swap, per sources. Conditions: Titans get 5th-round pick closer to the beginning of the round, which most likely be Titans original 5th round pick. Rams receive the 6th-round pick that is closet to the end of the round.  Titans currently have three 6th-round picks.

Per X. Wow we actually traded for a guy for bout nothing",1499119.0,positive,0.0,0.919,0.081,0.7269
1ohk1sx,1761584718.0,10052,0.99,110,NEWS,"[Schefter] Trade: Titans are sending CB Roger McCreary to the Rams for a conditional 5th/6th round pick swap, per sources. Conditions: Titans get 5th-round pick closer to the beginning of the round, which most likely be Titans original 5th round pick. Rams receive the 6th-round pick that is closet to the end of the round.  Titans currently have three 6th-round picks.

Per X. Damn you were fast on that lol

Makes sense, we need more depth at corner, and Titans need to stock up on draft for talent",1104614.0,neutral,0.029,0.887,0.084,0.6369
1ohk1sx,1761585801.0,10052,0.99,110,NEWS,"[Schefter] Trade: Titans are sending CB Roger McCreary to the Rams for a conditional 5th/6th round pick swap, per sources. Conditions: Titans get 5th-round pick closer to the beginning of the round, which most likely be Titans original 5th round pick. Rams receive the 6th-round pick that is closet to the end of the round.  Titans currently have three 6th-round picks.

Per X. Gotta shout out the new Athletic beat writer, Nate Atkins. He predicted this possibility in his mailbag column last week.",1104614.0,neutral,0.0,0.972,0.028,0.3182
1ohk1sx,1761585038.0,8616,0.99,110,NEWS,"[Schefter] Trade: Titans are sending CB Roger McCreary to the Rams for a conditional 5th/6th round pick swap, per sources. Conditions: Titans get 5th-round pick closer to the beginning of the round, which most likely be Titans original 5th round pick. Rams receive the 6th-round pick that is closet to the end of the round.  Titans currently have three 6th-round picks.

Per X. Someone tell me how to feel!",946812.0,positive,0.0,0.963,0.037,0.3802
1ohk1sx,1761584804.0,5385,0.99,110,NEWS,"[Schefter] Trade: Titans are sending CB Roger McCreary to the Rams for a conditional 5th/6th round pick swap, per sources. Conditions: Titans get 5th-round pick closer to the beginning of the round, which most likely be Titans original 5th round pick. Rams receive the 6th-round pick that is closet to the end of the round.  Titans currently have three 6th-round picks.

Per X. Love this move. Needed some DB depth and low price to acquire.",591758.0,neutral,0.026,0.892,0.082,0.6597
1ohk1sx,1761584759.0,3949,0.99,110,NEWS,"[Schefter] Trade: Titans are sending CB Roger McCreary to the Rams for a conditional 5th/6th round pick swap, per sources. Conditions: Titans get 5th-round pick closer to the beginning of the round, which most likely be Titans original 5th round pick. Rams receive the 6th-round pick that is closet to the end of the round.  Titans currently have three 6th-round picks.

Per X. Finally, at least some kind of help for the secondary.",433956.0,positive,0.0,0.937,0.063,0.5729
1ohk1sx,1761584789.0,8975,0.99,110,NEWS,"[Schefter] Trade: Titans are sending CB Roger McCreary to the Rams for a conditional 5th/6th round pick swap, per sources. Conditions: Titans get 5th-round pick closer to the beginning of the round, which most likely be Titans original 5th round pick. Rams receive the 6th-round pick that is closet to the end of the round.  Titans currently have three 6th-round picks.

Per X. Love to hear the armchair GM take on this. 

From a quick google search seems like a good but inconsequential trade to me. Former 2022 2nd round pick at a position of need for basically moving slightly back in the 6th round is good by me.",986263.0,negative,0.0,0.894,0.106,0.8689
1ohk1sx,1761585243.0,2513,0.99,110,NEWS,"[Schefter] Trade: Titans are sending CB Roger McCreary to the Rams for a conditional 5th/6th round pick swap, per sources. Conditions: Titans get 5th-round pick closer to the beginning of the round, which most likely be Titans original 5th round pick. Rams receive the 6th-round pick that is closet to the end of the round.  Titans currently have three 6th-round picks.

Per X. Any help at DB is appreciated - I have faith that Snead/McVay know this guy can contribute",276154.0,neutral,0.0,0.868,0.132,0.8779
1ohk1sx,1761585173.0,3231,0.99,110,NEWS,"[Schefter] Trade: Titans are sending CB Roger McCreary to the Rams for a conditional 5th/6th round pick swap, per sources. Conditions: Titans get 5th-round pick closer to the beginning of the round, which most likely be Titans original 5th round pick. Rams receive the 6th-round pick that is closet to the end of the round.  Titans currently have three 6th-round picks.

Per X. My mind immediately went to Bear McCreary's cover of ""Godzilla"" so he better be good.",355055.0,neutral,0.0,0.898,0.102,0.8115
1ohk1sx,1761585617.0,2513,0.99,110,NEWS,"[Schefter] Trade: Titans are sending CB Roger McCreary to the Rams for a conditional 5th/6th round pick swap, per sources. Conditions: Titans get 5th-round pick closer to the beginning of the round, which most likely be Titans original 5th round pick. Rams receive the 6th-round pick that is closet to the end of the round.  Titans currently have three 6th-round picks.

Per X. The fact that titans fans seem upset about this makes me happy about the pick up",276154.0,neutral,0.031,0.897,0.072,0.5267
1ohk1sx,1761586383.0,2513,0.99,110,NEWS,"[Schefter] Trade: Titans are sending CB Roger McCreary to the Rams for a conditional 5th/6th round pick swap, per sources. Conditions: Titans get 5th-round pick closer to the beginning of the round, which most likely be Titans original 5th round pick. Rams receive the 6th-round pick that is closet to the end of the round.  Titans currently have three 6th-round picks.

Per X. We just need to be OK at corner, just so Mac jones and Brock Purdy have to take that extra half second while Byron and Verse crash in.",276154.0,positive,0.028,0.916,0.055,0.368
1ohk1sx,1761586565.0,2154,0.99,110,NEWS,"[Schefter] Trade: Titans are sending CB Roger McCreary to the Rams for a conditional 5th/6th round pick swap, per sources. Conditions: Titans get 5th-round pick closer to the beginning of the round, which most likely be Titans original 5th round pick. Rams receive the 6th-round pick that is closet to the end of the round.  Titans currently have three 6th-round picks.

Per X. He's playing for a contract so he's gonna do as much as he can",236703.0,negative,0.0,0.947,0.053,0.4767
1ohk1sx,1761585086.0,5026,0.99,110,NEWS,"[Schefter] Trade: Titans are sending CB Roger McCreary to the Rams for a conditional 5th/6th round pick swap, per sources. Conditions: Titans get 5th-round pick closer to the beginning of the round, which most likely be Titans original 5th round pick. Rams receive the 6th-round pick that is closet to the end of the round.  Titans currently have three 6th-round picks.

Per X. Fuck them picks",552307.0,positive,0.051,0.916,0.033,-0.296
1ohk1sx,1761585260.0,1795,0.99,110,NEWS,"[Schefter] Trade: Titans are sending CB Roger McCreary to the Rams for a conditional 5th/6th round pick swap, per sources. Conditions: Titans get 5th-round pick closer to the beginning of the round, which most likely be Titans original 5th round pick. Rams receive the 6th-round pick that is closet to the end of the round.  Titans currently have three 6th-round picks.

Per X. Solid, young player who wasn't going to resign with Tennessee. Good move.",197253.0,neutral,0.0,0.888,0.112,0.7805
1ohk1sx,1761585626.0,1077,0.99,110,NEWS,"[Schefter] Trade: Titans are sending CB Roger McCreary to the Rams for a conditional 5th/6th round pick swap, per sources. Conditions: Titans get 5th-round pick closer to the beginning of the round, which most likely be Titans original 5th round pick. Rams receive the 6th-round pick that is closet to the end of the round.  Titans currently have three 6th-round picks.

Per X. Scary McCreary! Let's go! 🐏",118352.0,positive,0.054,0.913,0.033,-0.3578
1ohk1sx,1761585769.0,1077,0.99,110,NEWS,"[Schefter] Trade: Titans are sending CB Roger McCreary to the Rams for a conditional 5th/6th round pick swap, per sources. Conditions: Titans get 5th-round pick closer to the beginning of the round, which most likely be Titans original 5th round pick. Rams receive the 6th-round pick that is closet to the end of the round.  Titans currently have three 6th-round picks.

Per X. Wow! Great trade — not losing a lot and our return here could be amazing. Excited to see him in action with the Rams!",118352.0,neutral,0.0,0.803,0.197,0.9594
1ohhtus,1761579944.0,5832,0.99,52,PHOTOS,Game Room Work in progress but thought I’d use the Bye to show my Rams Game Room.  Awesome setup!,306005.0,negative,0.0,0.684,0.316,0.8335
1ohhtus,1761580005.0,4212,0.99,52,PHOTOS,"Game Room Work in progress but thought I’d use the Bye to show my Rams Game Room.  Love it, I'm jealous",221004.0,negative,0.135,0.606,0.259,0.5719
1ohhtus,1761580465.0,1944,0.99,52,PHOTOS,Game Room Work in progress but thought I’d use the Bye to show my Rams Game Room.  Where did you get all of these photos from?,102002.0,neutral,0.0,0.929,0.071,0.2263
1ohhtus,1761581087.0,1620,0.99,52,PHOTOS,Game Room Work in progress but thought I’d use the Bye to show my Rams Game Room.  I dream of the day I can start my room; where did you get the Super Bowl banner?,85001.0,positive,0.0,0.755,0.245,0.8674
1ohhtus,1761581986.0,972,0.99,52,PHOTOS,Game Room Work in progress but thought I’d use the Bye to show my Rams Game Room.  With that Yeti you only need to load ice once. Smart.,51001.0,positive,0.0,0.827,0.173,0.6652
1ohhtus,1761582013.0,972,0.99,52,PHOTOS,Game Room Work in progress but thought I’d use the Bye to show my Rams Game Room.  Very nice crib! What a great spot to watch our Rams,51001.0,positive,0.0,0.667,0.333,0.9183
1ohhtus,1761582576.0,972,0.99,52,PHOTOS,Game Room Work in progress but thought I’d use the Bye to show my Rams Game Room.  Hell yeah,51001.0,neutral,0.236,0.59,0.173,-0.5719
1ohhtus,1761581805.0,648,0.99,52,PHOTOS,Game Room Work in progress but thought I’d use the Bye to show my Rams Game Room.  Where did you get that rug in front of the tv?,34001.0,neutral,0.0,0.934,0.066,0.2263
1ohhtus,1761583061.0,648,0.99,52,PHOTOS,Game Room Work in progress but thought I’d use the Bye to show my Rams Game Room.  That’s awesome,34001.0,neutral,0.0,0.692,0.308,0.8201
1ohhtus,1761584236.0,648,0.99,52,PHOTOS,Game Room Work in progress but thought I’d use the Bye to show my Rams Game Room.  I'm jelly. Nice setup!,34001.0,neutral,0.0,0.763,0.237,0.7088
1ohhtus,1761584764.0,648,0.99,52,PHOTOS,Game Room Work in progress but thought I’d use the Bye to show my Rams Game Room.  Nice set up ! Enjoy in good health,34001.0,neutral,0.0,0.588,0.412,0.933
1ohhtus,1761586500.0,648,0.99,52,PHOTOS,"Game Room Work in progress but thought I’d use the Bye to show my Rams Game Room.  Nice!  How is the sound / acoustics since it appears to be open to the hallway & stairwell?  


Do you have a surround sound or bar at least?",34001.0,neutral,0.0,0.865,0.135,0.7393
1ohhtus,1761586862.0,648,0.99,52,PHOTOS,Game Room Work in progress but thought I’d use the Bye to show my Rams Game Room.  I was like tell this dude how dope that room is. But what's his name. So I zoomed in on the photo and found it. Nice room daddy!,34001.0,neutral,0.0,0.814,0.186,0.8459
1ohhtus,1761589941.0,648,0.99,52,PHOTOS,Game Room Work in progress but thought I’d use the Bye to show my Rams Game Room.  So cool!,34001.0,neutral,0.0,0.753,0.247,0.6789
1ohhtus,1761590324.0,648,0.99,52,PHOTOS,"Game Room Work in progress but thought I’d use the Bye to show my Rams Game Room.  This is sick! Love it! Are those legit autographs? Where do you get these? I NEED one!

**EDIT: Sorry I just realized someone else asked you same question. Fanatics and Ebay.**",34001.0,neutral,0.104,0.739,0.157,0.6169
1ohhtus,1761603986.0,648,0.99,52,PHOTOS,Game Room Work in progress but thought I’d use the Bye to show my Rams Game Room.  Lemme come watch a game homie I’ll get the wings ,34001.0,positive,0.0,0.929,0.071,0.2263
1ohhtus,1761617655.0,648,0.99,52,PHOTOS,Game Room Work in progress but thought I’d use the Bye to show my Rams Game Room.  If you are a young please seek permission before watching any further,34001.0,positive,0.0,0.843,0.157,0.5927
1ohhtus,1761624221.0,648,0.99,52,PHOTOS,Game Room Work in progress but thought I’d use the Bye to show my Rams Game Room.  This is a great start. I will say imo you need to mix some jerseys in with the photos. At least that’s what I’m planning on doing when we can finish the basement of the house we just bought.,34001.0,positive,0.0,0.873,0.127,0.8201
1ohhtus,1761580477.0,648,0.99,52,PHOTOS,Game Room Work in progress but thought I’d use the Bye to show my Rams Game Room.  Nice! Giving me some ideas for when I get my man cave back when my daughter moves out in about 3 years lol.,34001.0,neutral,0.0,0.728,0.272,0.9134
1ohhtus,1761582409.0,1296,0.99,52,PHOTOS,Game Room Work in progress but thought I’d use the Bye to show my Rams Game Room.  I’ll be the guy to tell you watch whatever you want. Got no issues with Pat. Some people care way too much what other people like for entertainment,68001.0,neutral,0.05,0.691,0.259,0.8957
1ogrh68,1761504145.0,1305,1.0,9,PHOTOS,"Happy Sunday & Weekend from V8!!! 8, 0, 91, 95, 55, 53, 48, 56, 37, and 90!!!!!!!! Our defense is so fuckin sexy right now",13050.0,negative,0.0,0.676,0.324,0.8763
1ogrh68,1761504424.0,725,1.0,9,PHOTOS,"Happy Sunday & Weekend from V8!!! 8, 0, 91, 95, 55, 53, 48, 56, 37, and 90!!!!!!!! These niners 😂😂😂",7250.0,negative,0.0,0.787,0.213,0.7067
1ogrh68,1761505016.0,435,1.0,9,PHOTOS,"Happy Sunday & Weekend from V8!!! 8, 0, 91, 95, 55, 53, 48, 56, 37, and 90!!!!!!!! Soon to be Saints week!",4350.0,neutral,0.0,0.804,0.196,0.7067
1ogrh68,1761504940.0,290,1.0,9,PHOTOS,"Happy Sunday & Weekend from V8!!! 8, 0, 91, 95, 55, 53, 48, 56, 37, and 90!!!!!!!! Could be in first place if the Texans win.",2900.0,neutral,0.0,0.726,0.274,0.8647
1ogrh68,1761509096.0,145,1.0,9,PHOTOS,"Happy Sunday & Weekend from V8!!! 8, 0, 91, 95, 55, 53, 48, 56, 37, and 90!!!!!!!! Stepbrothers!",1450.0,neutral,0.0,0.767,0.233,0.7067
1oglx8g,1761489321.0,16121,0.99,48,MEMES,During Rams bye week  No game means no special teams blunders,782030.0,positive,0.291,0.53,0.179,-0.1779
1oglx8g,1761490102.0,6860,0.99,48,MEMES,During Rams bye week  The Dodgers have been testing my sanity during this bye week,332779.0,positive,0.0,1.0,0.0,0.0
1oglx8g,1761489448.0,4802,0.99,48,MEMES,During Rams bye week  We can at least watch football stress free though lol,232945.0,neutral,0.141,0.553,0.307,0.5106
1oglx8g,1761490022.0,2401,0.99,48,MEMES,During Rams bye week  Good time for the bye honestly. Hoping Puka rests up nicely and is able to play against the saints. But I’d be okay holding them out for that as well,116473.0,neutral,0.0,0.651,0.349,0.8885
1oglx8g,1761490855.0,2401,0.99,48,MEMES,"During Rams bye week  Perfect time for the bye week, the Dodgers evened the Series!",116473.0,neutral,0.0,0.778,0.222,0.6114
1oglx8g,1761499030.0,1715,0.99,48,MEMES,During Rams bye week  Well there are the Dodgers starting tomorrow for 3 consecutive games at Dodger Stadium.,83195.0,positive,0.0,0.884,0.116,0.2732
1oglx8g,1761501543.0,1372,0.99,48,MEMES,During Rams bye week  FUCK THE NINERS!,66556.0,positive,0.43,0.57,0.0,-0.6731
1oglx8g,1761494011.0,1029,0.99,48,MEMES,During Rams bye week  I dont have to see Kyren Williams fumble in the redzone or watch Karty miss,49917.0,neutral,0.086,0.914,0.0,-0.1531
1oglx8g,1761496163.0,1372,0.99,48,MEMES,During Rams bye week  I can finally go out on Sunday! But I have no where to go.,66556.0,positive,0.171,0.829,0.0,-0.4753
1oglx8g,1761491463.0,2058,0.99,48,MEMES,During Rams bye week  Dodgers my guy,99834.0,neutral,0.0,1.0,0.0,0.0
1oglx8g,1761490445.0,1029,0.99,48,MEMES,"During Rams bye week  Go Huston

![gif](giphy|nkUcca2CQ7VT2)",49917.0,positive,0.0,1.0,0.0,0.0
1oglx8g,1761495709.0,1029,0.99,48,MEMES,"During Rams bye week  This is the first time I can remember that I've been cool with a bye week. Puka needs to rest and this is extra time for the offense to take the strategy and playbook they used in London and work Puka into it. 

Also another week for the FG unit to get its shit together.",49917.0,positive,0.09,0.872,0.037,-0.5106
1oglx8g,1761501570.0,1029,0.99,48,MEMES,During Rams bye week  I dunno. Watching the Texans beat up the Minors is pretty fun,49917.0,positive,0.0,0.667,0.333,0.7579
1oglx8g,1761506522.0,1029,0.99,48,MEMES,During Rams bye week  We can also watch the Falcons lose too. Thanks Raheem for that 1st round pick. Right now we are looking at ~ 14th pick overall.,49917.0,positive,0.085,0.823,0.092,0.0516
1oglx8g,1761491008.0,686,0.99,48,MEMES,During Rams bye week  Right after a morning game week too.,33278.0,positive,0.0,1.0,0.0,0.0
1oglx8g,1761491236.0,686,0.99,48,MEMES,"During Rams bye week  Ngl I’ve been okay with it. Our London game & bye week overlapped with the 2 F1 races that happen during the typical football window (most are earlier in the day), so it’s been nice not having to flip back and forth between the 2",33278.0,positive,0.0,0.899,0.101,0.6077
1oglx8g,1761492297.0,686,0.99,48,MEMES,During Rams bye week  I am enjoying the silence,33278.0,positive,0.0,0.673,0.327,0.5267
1oglx8g,1761492552.0,686,0.99,48,MEMES,During Rams bye week  Go Texans!,33278.0,neutral,0.0,1.0,0.0,0.0
1oglx8g,1761495673.0,686,0.99,48,MEMES,During Rams bye week  A calm before the storm is good!,33278.0,neutral,0.0,0.593,0.407,0.6696
1oglx8g,1761496641.0,686,0.99,48,MEMES,During Rams bye week  Yup who’s watching what game today instead ?,33278.0,positive,0.0,1.0,0.0,0.0
1oelmf1,1761273882.0,9288,0.95,23,PHOTOS,"I love how online Rams president Kevin Demoff is! I see his tweets from time to time, and some are quite direct & vocal in a way that a team’s president doesn’t always do. Maybe that’s just me! Why was this even brought up today",211766.0,neutral,0.0,0.891,0.109,0.6988
1oelmf1,1761271447.0,8640,0.95,23,PHOTOS,"I love how online Rams president Kevin Demoff is! I see his tweets from time to time, and some are quite direct & vocal in a way that a team’s president doesn’t always do. Maybe that’s just me! I love it too. Guy doesn’t let anyone talk smack on our squad",196992.0,neutral,0.0,0.827,0.173,0.8745
1oelmf1,1761275408.0,3672,0.95,23,PHOTOS,"I love how online Rams president Kevin Demoff is! I see his tweets from time to time, and some are quite direct & vocal in a way that a team’s president doesn’t always do. Maybe that’s just me! Kevin Demoff has alot to do with our success. He has been with us since st Louis.",83722.0,neutral,0.0,0.85,0.15,0.8585
1oelmf1,1761313155.0,1512,0.95,23,PHOTOS,"I love how online Rams president Kevin Demoff is! I see his tweets from time to time, and some are quite direct & vocal in a way that a team’s president doesn’t always do. Maybe that’s just me! BUT DPI !!!! THERE WAS DPI !! CHANGE ALL THE RULES AAAAHHHHHHH",34474.0,neutral,0.0,0.921,0.079,0.5815
1oelmf1,1761315430.0,1080,0.95,23,PHOTOS,"I love how online Rams president Kevin Demoff is! I see his tweets from time to time, and some are quite direct & vocal in a way that a team’s president doesn’t always do. Maybe that’s just me! There are zero Rams fans claiming this wasn’t a penalty.",24624.0,neutral,0.063,0.837,0.1,0.4184
1oelmf1,1761314140.0,648,0.95,23,PHOTOS,"I love how online Rams president Kevin Demoff is! I see his tweets from time to time, and some are quite direct & vocal in a way that a team’s president doesn’t always do. Maybe that’s just me! Is it weird that he has McVay in his profile picture?",14774.0,neutral,0.035,0.866,0.099,0.6229
1oelmf1,1761284291.0,1080,0.95,23,PHOTOS,"I love how online Rams president Kevin Demoff is! I see his tweets from time to time, and some are quite direct & vocal in a way that a team’s president doesn’t always do. Maybe that’s just me! Yeah, that's pretty funny.

...

Stop pricing out Rams fans for games against big fanbase teams, Demoff.",24624.0,neutral,0.036,0.746,0.217,0.8975
1oelmf1,1761313772.0,216,0.95,23,PHOTOS,"I love how online Rams president Kevin Demoff is! I see his tweets from time to time, and some are quite direct & vocal in a way that a team’s president doesn’t always do. Maybe that’s just me! I hate his contracts!",4925.0,neutral,0.086,0.795,0.119,0.3348
1oelmf1,1761371058.0,216,0.95,23,PHOTOS,"I love how online Rams president Kevin Demoff is! I see his tweets from time to time, and some are quite direct & vocal in a way that a team’s president doesn’t always do. Maybe that’s just me! [removed]",4925.0,neutral,0.0,0.873,0.127,0.6988
1odz4qh,1761214659.0,6248,1.0,13,DISCUSSIONS,"The Rams defense has given just one TD in their opponents’ last 27 drives (over 170 min of game time) Of those 27 drives, the defense has:
(5) 3 and outs
(1) INT
(2) fumble recoveries
(8) turnovers on downs Interesting how many teams play out the 4. these days",87472.0,positive,0.0,0.847,0.153,0.7269
1odz4qh,1761226125.0,4118,1.0,13,DISCUSSIONS,"The Rams defense has given just one TD in their opponents’ last 27 drives (over 170 min of game time) Of those 27 drives, the defense has:
(5) 3 and outs
(1) INT
(2) fumble recoveries
(8) turnovers on downs The one TD was in garbage time too. Even then Travis Hunter had to make a pretty nice play to score",57652.0,positive,0.0,0.826,0.174,0.8555
1odz4qh,1761227169.0,3266,1.0,13,DISCUSSIONS,"The Rams defense has given just one TD in their opponents’ last 27 drives (over 170 min of game time) Of those 27 drives, the defense has:
(5) 3 and outs
(1) INT
(2) fumble recoveries
(8) turnovers on downs Our D-line is the best in the business right now.",45724.0,positive,0.0,0.865,0.135,0.7351
1odz4qh,1761227572.0,4544,1.0,13,DISCUSSIONS,"The Rams defense has given just one TD in their opponents’ last 27 drives (over 170 min of game time) Of those 27 drives, the defense has:
(5) 3 and outs
(1) INT
(2) fumble recoveries
(8) turnovers on downs I've been saying since last season, this defense has been bailing us out every week. If our offense can score on most redzone trips, we should be blowing teams out.",63616.0,positive,0.028,0.909,0.063,0.128
1odz4qh,1761231790.0,1136,1.0,13,DISCUSSIONS,"The Rams defense has given just one TD in their opponents’ last 27 drives (over 170 min of game time) Of those 27 drives, the defense has:
(5) 3 and outs
(1) INT
(2) fumble recoveries
(8) turnovers on downs Lol posts like these always feel like they’re strategically crafted to be embarrassing in the near future.",15904.0,positive,0.041,0.789,0.17,0.7351
1odz4qh,1761231558.0,1136,1.0,13,DISCUSSIONS,"The Rams defense has given just one TD in their opponents’ last 27 drives (over 170 min of game time) Of those 27 drives, the defense has:
(5) 3 and outs
(1) INT
(2) fumble recoveries
(8) turnovers on downs And after any rare TD against us, Game Thread thinks Chris Shula is the worst defensive coordinator in the league and (insert player name here) is a bust/washed.",15904.0,positive,0.058,0.883,0.058,-0.4588
1odz4qh,1761238595.0,426,1.0,13,DISCUSSIONS,"The Rams defense has given just one TD in their opponents’ last 27 drives (over 170 min of game time) Of those 27 drives, the defense has:
(5) 3 and outs
(1) INT
(2) fumble recoveries
(8) turnovers on downs What about last 28 drives?",5964.0,positive,0.0,0.933,0.067,0.25
1oc3mpp,1761021499.0,9108,0.99,45,DISCUSSIONS,"McVay’s statement is interesting here. Any thoughts? I know that it was situational at best, but the execution went pretty well which caught the opponent off guard. That doesn’t make games easier, but given the hint of something like 12-personnel, I find the openness and adaptability encouraging and commendable from McVay, who has something up his sleeve! I think that TFerg will make a late crazy push for OROY ",414778.0,positive,0.036,0.655,0.308,0.9727
1oc3mpp,1761021975.0,5934,0.99,45,DISCUSSIONS,"McVay’s statement is interesting here. Any thoughts? I know that it was situational at best, but the execution went pretty well which caught the opponent off guard. That doesn’t make games easier, but given the hint of something like 12-personnel, I find the openness and adaptability encouraging and commendable from McVay, who has something up his sleeve! It makes sense, at least conceptually, that our movement dependent 11 personnel scheme is less effective in the red zone. We've been abysmal in the red area seemingly for years now, can't hurt to mix things up a bit",270234.0,positive,0.0,0.711,0.289,0.9869
1oc3mpp,1761022018.0,5382,0.99,45,DISCUSSIONS,"McVay’s statement is interesting here. Any thoughts? I know that it was situational at best, but the execution went pretty well which caught the opponent off guard. That doesn’t make games easier, but given the hint of something like 12-personnel, I find the openness and adaptability encouraging and commendable from McVay, who has something up his sleeve! It shouldn’t be a suprise Ferg started getting targeted after Higbee’s two big drops. Higbee is still a good TE, but he’s past his prime.",245096.0,positive,0.0,0.696,0.304,0.9837
1oc3mpp,1761022923.0,3036,0.99,45,DISCUSSIONS,"McVay’s statement is interesting here. Any thoughts? I know that it was situational at best, but the execution went pretty well which caught the opponent off guard. That doesn’t make games easier, but given the hint of something like 12-personnel, I find the openness and adaptability encouraging and commendable from McVay, who has something up his sleeve! This is what I’ve been waiting for! Confirmation that it isn’t just because Puka was out but this (multiple TE sets) has been something McVay has wanted to use but never really had the personnel for it, until now 

This could be the start of something special for the offense",138259.0,positive,0.02,0.744,0.236,0.9812
1oc3mpp,1761022583.0,2484,0.99,45,DISCUSSIONS,"McVay’s statement is interesting here. Any thoughts? I know that it was situational at best, but the execution went pretty well which caught the opponent off guard. That doesn’t make games easier, but given the hint of something like 12-personnel, I find the openness and adaptability encouraging and commendable from McVay, who has something up his sleeve! 13 personnel should help us in our short yardage situations. There should be a million ways to convert out of it. I hope we see a lot more of it.",113121.0,positive,0.0,0.681,0.319,0.987
1oc3mpp,1761023127.0,1794,0.99,45,DISCUSSIONS,"McVay’s statement is interesting here. Any thoughts? I know that it was situational at best, but the execution went pretty well which caught the opponent off guard. That doesn’t make games easier, but given the hint of something like 12-personnel, I find the openness and adaptability encouraging and commendable from McVay, who has something up his sleeve! People have always got hung up on the 11 personnel, but partly that’s because we use our WRs to do TE things, going back to Kupp and Woods. Puka absolutely pulls double duty. 

I’m excited though that we can take some wear and tear off of Puka and sub in the big guys to do work.",81699.0,negative,0.0,0.776,0.224,0.9825
1oc3mpp,1761023283.0,1518,0.99,45,DISCUSSIONS,"McVay’s statement is interesting here. Any thoughts? I know that it was situational at best, but the execution went pretty well which caught the opponent off guard. That doesn’t make games easier, but given the hint of something like 12-personnel, I find the openness and adaptability encouraging and commendable from McVay, who has something up his sleeve! Just as Jourdan foretold. TE revolution in LA has begun.",69130.0,positive,0.0,0.684,0.316,0.9784
1oc3mpp,1761024254.0,552,0.99,45,DISCUSSIONS,"McVay’s statement is interesting here. Any thoughts? I know that it was situational at best, but the execution went pretty well which caught the opponent off guard. That doesn’t make games easier, but given the hint of something like 12-personnel, I find the openness and adaptability encouraging and commendable from McVay, who has something up his sleeve! Been shopping for T. Ferg rookie cards since Sunday morning.",25138.0,neutral,0.0,0.684,0.316,0.9784
1oc3mpp,1761027004.0,690,0.99,45,DISCUSSIONS,"McVay’s statement is interesting here. Any thoughts? I know that it was situational at best, but the execution went pretty well which caught the opponent off guard. That doesn’t make games easier, but given the hint of something like 12-personnel, I find the openness and adaptability encouraging and commendable from McVay, who has something up his sleeve! Mcvay needs to eliminate ""be able to"" from his vocabulary",31423.0,neutral,0.0,0.684,0.316,0.9784
1oc3mpp,1761025714.0,414,0.99,45,DISCUSSIONS,"McVay’s statement is interesting here. Any thoughts? I know that it was situational at best, but the execution went pretty well which caught the opponent off guard. That doesn’t make games easier, but given the hint of something like 12-personnel, I find the openness and adaptability encouraging and commendable from McVay, who has something up his sleeve! Me thinks we’re gonna see Tferg line up in the X",18854.0,positive,0.0,0.684,0.316,0.9784
1oc3mpp,1761049199.0,414,0.99,45,DISCUSSIONS,"McVay’s statement is interesting here. Any thoughts? I know that it was situational at best, but the execution went pretty well which caught the opponent off guard. That doesn’t make games easier, but given the hint of something like 12-personnel, I find the openness and adaptability encouraging and commendable from McVay, who has something up his sleeve! Feels like such a 'duh' moment. You got 4 guys, all with at the bare minimum above average chops in the passing game and none go less than 6'5"" and McVay is just now going ""eureka!"".",18854.0,positive,0.0,0.728,0.272,0.9832
1oc3mpp,1761042273.0,276,0.99,45,DISCUSSIONS,"McVay’s statement is interesting here. Any thoughts? I know that it was situational at best, but the execution went pretty well which caught the opponent off guard. That doesn’t make games easier, but given the hint of something like 12-personnel, I find the openness and adaptability encouraging and commendable from McVay, who has something up his sleeve! Anytime you have 4 TEs, you have a limited group. I think he enjoys coaching and game planning, and those comments reflect the enjoyment he had with challenges presented. TE involvement is all but over when Nacua comes back though. 

Variety of the spice of life and he enjoyed the spice!",12569.0,positive,0.018,0.67,0.312,0.9909
1oc3mpp,1761234074.0,276,0.99,45,DISCUSSIONS,"McVay’s statement is interesting here. Any thoughts? I know that it was situational at best, but the execution went pretty well which caught the opponent off guard. That doesn’t make games easier, but given the hint of something like 12-personnel, I find the openness and adaptability encouraging and commendable from McVay, who has something up his sleeve! I think we ran 13 at like a 40%+ rate against the Jags. It was highest rate of 13 personnel in a game since the 80s or something.",12569.0,positive,0.0,0.706,0.294,0.9828
1oc3mpp,1761069324.0,138,0.99,45,DISCUSSIONS,"McVay’s statement is interesting here. Any thoughts? I know that it was situational at best, but the execution went pretty well which caught the opponent off guard. That doesn’t make games easier, but given the hint of something like 12-personnel, I find the openness and adaptability encouraging and commendable from McVay, who has something up his sleeve! [removed]",6285.0,positive,0.0,0.646,0.354,0.9784
1oc3mpp,1761065984.0,138,0.99,45,DISCUSSIONS,"McVay’s statement is interesting here. Any thoughts? I know that it was situational at best, but the execution went pretty well which caught the opponent off guard. That doesn’t make games easier, but given the hint of something like 12-personnel, I find the openness and adaptability encouraging and commendable from McVay, who has something up his sleeve! My thoughts? We have the best tight end corps in the league and it isn’t even close",6285.0,positive,0.0,0.66,0.34,0.9867
1obqa07,1760986891.0,8946,0.99,12,PLAYER STATISTICS,"Fun fact: Stafford is the 4th QB in the Super Bowl Era to have 5+ passing TDs and fewer than 200 passing yards in a game The 3 others were: 

1. Jameis Winston (148 passing yards) in 2021: [https://www.pro-football-reference.com/boxscores/202109120nor.htm](https://www.pro-football-reference.com/boxscores/202109120nor.htm)
2. Lamar Jackson (169 passing yards) in 2019: [https://www.pro-football-reference.com/boxscores/201911250ram.htm](https://www.pro-football-reference.com/boxscores/201911250ram.htm)
3. Boomer Esiason (197 passing yards) in 1989: [https://www.pro-football-reference.com/boxscores/198910290cin.htm](https://www.pro-football-reference.com/boxscores/198910290cin.htm)

([Source](https://stathead.com/tiny/R833G/reddit)) https://preview.redd.it/l9dwwiw4ebwf1.jpeg?width=1280&format=pjpg&auto=webp&s=8bc24d2524eb4954a73eecf40d5dcd1c4f44777f",115135.0,positive,0.0,0.884,0.116,0.802
1obqa07,1760987312.0,6816,0.99,12,PLAYER STATISTICS,"Fun fact: Stafford is the 4th QB in the Super Bowl Era to have 5+ passing TDs and fewer than 200 passing yards in a game The 3 others were: 

1. Jameis Winston (148 passing yards) in 2021: [https://www.pro-football-reference.com/boxscores/202109120nor.htm](https://www.pro-football-reference.com/boxscores/202109120nor.htm)
2. Lamar Jackson (169 passing yards) in 2019: [https://www.pro-football-reference.com/boxscores/201911250ram.htm](https://www.pro-football-reference.com/boxscores/201911250ram.htm)
3. Boomer Esiason (197 passing yards) in 1989: [https://www.pro-football-reference.com/boxscores/198910290cin.htm](https://www.pro-football-reference.com/boxscores/198910290cin.htm)

([Source](https://stathead.com/tiny/R833G/reddit)) https://preview.redd.it/k4fj4j7efbwf1.jpeg?width=1080&format=pjpg&auto=webp&s=97b95b2442daaa7200656a0a8dc6077f99ac2be2",87722.0,neutral,0.0,0.884,0.116,0.802
1obqa07,1760986900.0,5964,0.99,12,PLAYER STATISTICS,"Fun fact: Stafford is the 4th QB in the Super Bowl Era to have 5+ passing TDs and fewer than 200 passing yards in a game The 3 others were: 

1. Jameis Winston (148 passing yards) in 2021: [https://www.pro-football-reference.com/boxscores/202109120nor.htm](https://www.pro-football-reference.com/boxscores/202109120nor.htm)
2. Lamar Jackson (169 passing yards) in 2019: [https://www.pro-football-reference.com/boxscores/201911250ram.htm](https://www.pro-football-reference.com/boxscores/201911250ram.htm)
3. Boomer Esiason (197 passing yards) in 1989: [https://www.pro-football-reference.com/boxscores/198910290cin.htm](https://www.pro-football-reference.com/boxscores/198910290cin.htm)

([Source](https://stathead.com/tiny/R833G/reddit)) ![img](l9dwwiw4ebwf1)",76757.0,positive,0.0,0.88,0.12,0.8172
1obqa07,1760987590.0,4970,0.99,12,PLAYER STATISTICS,"Fun fact: Stafford is the 4th QB in the Super Bowl Era to have 5+ passing TDs and fewer than 200 passing yards in a game The 3 others were: 

1. Jameis Winston (148 passing yards) in 2021: [https://www.pro-football-reference.com/boxscores/202109120nor.htm](https://www.pro-football-reference.com/boxscores/202109120nor.htm)
2. Lamar Jackson (169 passing yards) in 2019: [https://www.pro-football-reference.com/boxscores/201911250ram.htm](https://www.pro-football-reference.com/boxscores/201911250ram.htm)
3. Boomer Esiason (197 passing yards) in 1989: [https://www.pro-football-reference.com/boxscores/198910290cin.htm](https://www.pro-football-reference.com/boxscores/198910290cin.htm)

([Source](https://stathead.com/tiny/R833G/reddit)) https://preview.redd.it/ablfl1a7gbwf1.jpeg?width=629&format=pjpg&auto=webp&s=5b6c2fc92e0f04f5e2631893bcc7a7dd84d8288f",63964.0,positive,0.0,0.884,0.116,0.802
1obqa07,1760987641.0,4970,0.99,12,PLAYER STATISTICS,"Fun fact: Stafford is the 4th QB in the Super Bowl Era to have 5+ passing TDs and fewer than 200 passing yards in a game The 3 others were: 

1. Jameis Winston (148 passing yards) in 2021: [https://www.pro-football-reference.com/boxscores/202109120nor.htm](https://www.pro-football-reference.com/boxscores/202109120nor.htm)
2. Lamar Jackson (169 passing yards) in 2019: [https://www.pro-football-reference.com/boxscores/201911250ram.htm](https://www.pro-football-reference.com/boxscores/201911250ram.htm)
3. Boomer Esiason (197 passing yards) in 1989: [https://www.pro-football-reference.com/boxscores/198910290cin.htm](https://www.pro-football-reference.com/boxscores/198910290cin.htm)

([Source](https://stathead.com/tiny/R833G/reddit)) https://preview.redd.it/a733o1ddgbwf1.jpeg?width=623&format=pjpg&auto=webp&s=7becfb3ee9bcb437f617c07a289cefa0c4d83e9a",63964.0,neutral,0.0,0.884,0.116,0.802
1obqa07,1760988797.0,3692,0.99,12,PLAYER STATISTICS,"Fun fact: Stafford is the 4th QB in the Super Bowl Era to have 5+ passing TDs and fewer than 200 passing yards in a game The 3 others were: 

1. Jameis Winston (148 passing yards) in 2021: [https://www.pro-football-reference.com/boxscores/202109120nor.htm](https://www.pro-football-reference.com/boxscores/202109120nor.htm)
2. Lamar Jackson (169 passing yards) in 2019: [https://www.pro-football-reference.com/boxscores/201911250ram.htm](https://www.pro-football-reference.com/boxscores/201911250ram.htm)
3. Boomer Esiason (197 passing yards) in 1989: [https://www.pro-football-reference.com/boxscores/198910290cin.htm](https://www.pro-football-reference.com/boxscores/198910290cin.htm)

([Source](https://stathead.com/tiny/R833G/reddit)) https://preview.redd.it/f70tzlysjbwf1.jpeg?width=1536&format=pjpg&auto=webp&s=6d4793a77b521851e747e36d7febf0d6b911f0b7",47516.0,positive,0.0,0.884,0.116,0.802
1obqa07,1760991038.0,1278,0.99,12,PLAYER STATISTICS,"Fun fact: Stafford is the 4th QB in the Super Bowl Era to have 5+ passing TDs and fewer than 200 passing yards in a game The 3 others were: 

1. Jameis Winston (148 passing yards) in 2021: [https://www.pro-football-reference.com/boxscores/202109120nor.htm](https://www.pro-football-reference.com/boxscores/202109120nor.htm)
2. Lamar Jackson (169 passing yards) in 2019: [https://www.pro-football-reference.com/boxscores/201911250ram.htm](https://www.pro-football-reference.com/boxscores/201911250ram.htm)
3. Boomer Esiason (197 passing yards) in 1989: [https://www.pro-football-reference.com/boxscores/198910290cin.htm](https://www.pro-football-reference.com/boxscores/198910290cin.htm)

([Source](https://stathead.com/tiny/R833G/reddit)) https://preview.redd.it/7ooyz75hqbwf1.jpeg?width=516&format=pjpg&auto=webp&s=a4db8094452e52a9e34c7e417ab5749fadc3c10d",16448.0,neutral,0.0,0.884,0.116,0.802
1obqa07,1760993389.0,1278,0.99,12,PLAYER STATISTICS,"Fun fact: Stafford is the 4th QB in the Super Bowl Era to have 5+ passing TDs and fewer than 200 passing yards in a game The 3 others were: 

1. Jameis Winston (148 passing yards) in 2021: [https://www.pro-football-reference.com/boxscores/202109120nor.htm](https://www.pro-football-reference.com/boxscores/202109120nor.htm)
2. Lamar Jackson (169 passing yards) in 2019: [https://www.pro-football-reference.com/boxscores/201911250ram.htm](https://www.pro-football-reference.com/boxscores/201911250ram.htm)
3. Boomer Esiason (197 passing yards) in 1989: [https://www.pro-football-reference.com/boxscores/198910290cin.htm](https://www.pro-football-reference.com/boxscores/198910290cin.htm)

([Source](https://stathead.com/tiny/R833G/reddit)) He would have had more if it weren't for all the DPI. I mean I don't care because yards are yards.",16448.0,positive,0.032,0.88,0.088,0.678
1obqa07,1760989108.0,426,0.99,12,PLAYER STATISTICS,"Fun fact: Stafford is the 4th QB in the Super Bowl Era to have 5+ passing TDs and fewer than 200 passing yards in a game The 3 others were: 

1. Jameis Winston (148 passing yards) in 2021: [https://www.pro-football-reference.com/boxscores/202109120nor.htm](https://www.pro-football-reference.com/boxscores/202109120nor.htm)
2. Lamar Jackson (169 passing yards) in 2019: [https://www.pro-football-reference.com/boxscores/201911250ram.htm](https://www.pro-football-reference.com/boxscores/201911250ram.htm)
3. Boomer Esiason (197 passing yards) in 1989: [https://www.pro-football-reference.com/boxscores/198910290cin.htm](https://www.pro-football-reference.com/boxscores/198910290cin.htm)

([Source](https://stathead.com/tiny/R833G/reddit)) Really surprised Rodgers isn’t on that list, seems like he had that stat line all the time in Greenbay",5483.0,neutral,0.0,0.857,0.143,0.8977
1obqa07,1760995961.0,284,0.99,12,PLAYER STATISTICS,"Fun fact: Stafford is the 4th QB in the Super Bowl Era to have 5+ passing TDs and fewer than 200 passing yards in a game The 3 others were: 

1. Jameis Winston (148 passing yards) in 2021: [https://www.pro-football-reference.com/boxscores/202109120nor.htm](https://www.pro-football-reference.com/boxscores/202109120nor.htm)
2. Lamar Jackson (169 passing yards) in 2019: [https://www.pro-football-reference.com/boxscores/201911250ram.htm](https://www.pro-football-reference.com/boxscores/201911250ram.htm)
3. Boomer Esiason (197 passing yards) in 1989: [https://www.pro-football-reference.com/boxscores/198910290cin.htm](https://www.pro-football-reference.com/boxscores/198910290cin.htm)

([Source](https://stathead.com/tiny/R833G/reddit)) DPI’s caused should be a quarterback and receiver stat. Separate from regular yardage but tracked. Some guys are really good at it and it’s a huge benefit",3655.0,positive,0.0,0.828,0.172,0.9417
1oawb6w,1760906454.0,6272,0.99,11,PHOTOS,"No 12, no problem because we have the same but different 9 & 17! Still love our Puka tho!!!!!! Courtesy of the NFL on FOX! Man if we can involve other dudes like we did today and not just rely on puka we will be sooo much more dangerous",74511.0,positive,0.153,0.634,0.213,0.7801
1oawb6w,1760898154.0,2548,0.99,11,PHOTOS,"No 12, no problem because we have the same but different 9 & 17! Still love our Puka tho!!!!!! Courtesy of the NFL on FOX! Just two besties playing some back yard catch.",30270.0,neutral,0.119,0.589,0.292,0.8852
1oawb6w,1760900374.0,2548,0.99,11,PHOTOS,"No 12, no problem because we have the same but different 9 & 17! Still love our Puka tho!!!!!! Courtesy of the NFL on FOX! One's jersey shows it, both earned it.",30270.0,neutral,0.125,0.621,0.254,0.8469
1oaui04,1760892522.0,224532,0.98,49,MEMES,"LANDMAN COLLECTS MORE LAND  Landman gettin that international land, man.",11002068.0,neutral,0.0,1.0,0.0,0.0
1oaui04,1760893014.0,153090,0.98,49,MEMES,LANDMAN COLLECTS MORE LAND  Englandman was inevitable,7501410.0,positive,0.0,1.0,0.0,0.0
1oaui04,1760892709.0,87318,0.98,49,MEMES,LANDMAN COLLECTS MORE LAND  He is Lord Landman now!!!!,4278582.0,neutral,0.0,1.0,0.0,0.0
1oaui04,1760893298.0,72576,0.98,49,MEMES,LANDMAN COLLECTS MORE LAND  THE SUN NEVER SETS ON THE LANDMAN,3556224.0,neutral,0.0,1.0,0.0,0.0
1oaui04,1760892856.0,45360,0.98,49,MEMES,LANDMAN COLLECTS MORE LAND  Landman Empire,2222640.0,positive,0.0,1.0,0.0,0.0
1oaui04,1760893118.0,24948,0.98,49,MEMES,LANDMAN COLLECTS MORE LAND  Pax Landmania,1222452.0,neutral,0.0,1.0,0.0,0.0
1oaui04,1760893623.0,27216,0.98,49,MEMES,LANDMAN COLLECTS MORE LAND  United Kingdom of Landman,1333584.0,positive,0.0,0.65,0.35,0.5824
1oaui04,1760892858.0,21546,0.98,49,MEMES,"LANDMAN COLLECTS MORE LAND  The LandMAN is now expanding internationally. Be aware, no where is safe!",1055754.0,positive,0.113,0.722,0.165,0.2481
1oaui04,1760892693.0,40824,0.98,49,MEMES,LANDMAN COLLECTS MORE LAND  Colonized the colonialists!,2000376.0,positive,0.0,1.0,0.0,0.0
1oaui04,1760893488.0,17010,0.98,49,MEMES,LANDMAN COLLECTS MORE LAND  if england was actually that big it would be terrifying,833490.0,positive,0.222,0.778,0.0,-0.5719
1oaui04,1760892920.0,18144,0.98,49,MEMES,LANDMAN COLLECTS MORE LAND  Greatest conqueror of all time,889056.0,positive,0.0,0.607,0.393,0.7331
1oaui04,1760893785.0,13608,0.98,49,MEMES,LANDMAN COLLECTS MORE LAND  I don't know that the island of Britain is to scale here.,666792.0,positive,0.0,1.0,0.0,0.0
1oaui04,1760894149.0,10206,0.98,49,MEMES,LANDMAN COLLECTS MORE LAND  Get the man a spot of tea!,500094.0,positive,0.0,1.0,0.0,0.0
1oaui04,1760894510.0,10206,0.98,49,MEMES,LANDMAN COLLECTS MORE LAND  We’re beyond manifest destiny now,500094.0,positive,0.0,1.0,0.0,0.0
1oaui04,1760893907.0,11340,0.98,49,MEMES,LANDMAN COLLECTS MORE LAND  The real King..,555660.0,positive,0.0,1.0,0.0,0.0
1oaui04,1760894372.0,9072,0.98,49,MEMES,LANDMAN COLLECTS MORE LAND  Freedom for Zimbabwe!,444528.0,positive,0.0,0.523,0.477,0.7555
1oaui04,1760894651.0,7938,0.98,49,MEMES,LANDMAN COLLECTS MORE LAND  landman gone global!,388962.0,positive,0.0,1.0,0.0,0.0
1oaui04,1760895914.0,9072,0.98,49,MEMES,LANDMAN COLLECTS MORE LAND  Thats Sir Landman to you.,444528.0,positive,0.0,1.0,0.0,0.0
1oaui04,1760896532.0,6804,0.98,49,MEMES,LANDMAN COLLECTS MORE LAND  EXPAND THE LAND,333396.0,positive,0.0,0.699,0.301,0.3774
1oaui04,1760894799.0,6804,0.98,49,MEMES,LANDMAN COLLECTS MORE LAND  Love Landman!,333396.0,positive,0.0,0.478,0.522,0.7555
1oaomvq,1760885439.0,39572,1.0,36,MEMES,Me this morning  Woke up and they’re up 14-0 already lol,1464164.0,positive,0.0,0.781,0.219,0.4215
1oaomvq,1760881082.0,25874,1.0,36,MEMES,Me this morning  It’s dark in my area lol but glad our British and European Ramily has a chance to see the team,957338.0,positive,0.0,0.693,0.307,0.8126
1oaomvq,1760882102.0,32723,1.0,36,MEMES,"Me this morning  Being an east coast fan finally pays off, this start time is perfect",1210751.0,positive,0.0,0.7,0.3,0.7184
1oaomvq,1760882781.0,12176,1.0,36,MEMES,Me this morning  ![gif](giphy|oZEBLugoTthxS),450512.0,positive,0.0,1.0,0.0,0.0
1oaomvq,1760911324.0,6849,1.0,36,MEMES,Me this morning  English Rams fan here. Finally got to see an afternoon game at afternoon time.,253413.0,positive,0.0,0.874,0.126,0.3182
1oaomvq,1760882108.0,5327,1.0,36,MEMES,"Me this morning  I did want to watch because it's too early and I had to work late last night. My brain decided to wake me up anyway. The moment I realized I was awake ""How are my Rams?!"" So here I am.",197099.0,neutral,0.0,0.959,0.041,0.1511
1oaomvq,1760883955.0,3044,1.0,36,MEMES,Me this morning  Nailed it,112628.0,positive,0.0,1.0,0.0,0.0
1oaomvq,1760884307.0,3044,1.0,36,MEMES,Me this morning  The roles are reversed for european Rams fans haha,112628.0,neutral,0.0,0.786,0.214,0.4588
1oaomvq,1760885386.0,3805,1.0,36,MEMES,Me this morning  I've always been an early bird and don't like waiting for the 10am and 1pm games. This has been nice.,140785.0,positive,0.081,0.81,0.108,0.1754
1oaomvq,1760882280.0,6088,1.0,36,MEMES,"Me this morning  Bro I usually never wake up before 12 most days, I’m so dedicated to this team lmao",225256.0,positive,0.0,0.686,0.314,0.8301
1oaomvq,1760884710.0,2283,1.0,36,MEMES,Me this morning  This is hilarious lol,84471.0,positive,0.0,0.476,0.524,0.6705
1oaomvq,1760884837.0,2283,1.0,36,MEMES,"Me this morning  I work nights, this is perfect for me. Those 1pm home games are brutal for me. I try to sleep 2 hours before the game than 3 hours after, before I head to work",84471.0,positive,0.108,0.794,0.098,-0.1027
1oaomvq,1760885014.0,2283,1.0,36,MEMES,Me this morning  My mimosa made me hungoverer.,84471.0,positive,0.0,1.0,0.0,0.0
1oaomvq,1760900718.0,2283,1.0,36,MEMES,"Me this morning  Oh yea!! 100% that was me. My buddy and I (jags fan) went to a local bar in Phoenix, real nice people may come back. Welcoming and even put the audio to our game so everyone had to watch with us. lol",84471.0,positive,0.0,0.815,0.185,0.8436
1oaomvq,1760885293.0,1522,1.0,36,MEMES,Me this morning  My brain made me wanna pee so I woke up subconsciously,56314.0,positive,0.0,1.0,0.0,0.0
1oaomvq,1760895677.0,1522,1.0,36,MEMES,"Me this morning  Wasn't too bad for me, normally I get up at 4:30 for work. But Sunday is a day off. I set my alarm for 6:30 but my pup need to go out around 6. So just stayed up to enjoy the early morning game.",56314.0,positive,0.062,0.815,0.124,0.481
1oaomvq,1760898961.0,1522,1.0,36,MEMES,Me this morning  Working graveyard paid off,56314.0,positive,0.268,0.732,0.0,-0.296
1oaomvq,1760900999.0,1522,1.0,36,MEMES,Me this morning  Yep,56314.0,positive,0.0,0.577,0.423,0.296
1oaomvq,1760912010.0,1522,1.0,36,MEMES,Me this morning  As an F1 and premier league fan… yall merely adopted the dark. This was a standard wake up call and I was so happy to see them winning so early in the day,56314.0,positive,0.0,0.797,0.203,0.8458
1oaomvq,1760888555.0,1522,1.0,36,MEMES,Me this morning  Well worth it so far!,56314.0,positive,0.0,0.583,0.417,0.5093
1oaizfp,1760857400.0,515,0.98,4,PHOTOS,"It's gameday! See you at Wembley! If you see me there today, say Hi! 🤘",2524.0,positive,0.0,1.0,0.0,0.0
1oaizfp,1760857400.0,309,0.98,4,PHOTOS,"It's gameday! See you at Wembley! If you see me there today, say Hi! https://preview.redd.it/9vuupsm3p0wf1.png?width=1080&format=png&auto=webp&s=39d71306f48ccae4742ce4f5fdad7e41e78ca086

Representing in Inglewood.",1514.0,positive,0.0,1.0,0.0,0.0
1oaizfp,1760863094.0,206,0.98,4,PHOTOS,"It's gameday! See you at Wembley! If you see me there today, say Hi! 🔥🔥🔥",1009.0,positive,0.0,1.0,0.0,0.0
1oaizfp,1760872769.0,206,0.98,4,PHOTOS,"It's gameday! See you at Wembley! If you see me there today, say Hi! Let's goooooo 💙💛",1009.0,positive,0.0,1.0,0.0,0.0
1oab0l8,1760831198.0,46368,0.93,92,DISCUSSIONS,"Non-rams fan here, has Stafford actually been crazy good or are the stats lying here? I'm not watching Rams games (except for SF-LAR), but the numbers Matt's got seem insane from an outsider perspective, especially since the Rams are pretty much contenders in the NFC. All I'm saying is, he's got:

- 1684 passing yards (almost 300 ypg)
- 2 ints (tied for 2nd least interceptions thrown by a starter qb)
- 12 td (top 5 itl)
- 67% completion percentage 
- 4th best ratio of TD-INT

Like, these are insane numbers for a quarterback, especially one that has been in the league for so long, arguably being top 5, possibly being the second best quarterback in the league (though that might be somewhat of a reach), even with Puka, these numbers are crazy. But do they actually matter when in game?
 He's been elite.  If the kicking team doesn't choke away two games the rams are undefeated and hes probably in the top 2/3 MVP conversation.",4010368.0,positive,0.118,0.716,0.166,0.8507
1oab0l8,1760831246.0,11960,0.93,92,DISCUSSIONS,"Non-rams fan here, has Stafford actually been crazy good or are the stats lying here? I'm not watching Rams games (except for SF-LAR), but the numbers Matt's got seem insane from an outsider perspective, especially since the Rams are pretty much contenders in the NFC. All I'm saying is, he's got:

- 1684 passing yards (almost 300 ypg)
- 2 ints (tied for 2nd least interceptions thrown by a starter qb)
- 12 td (top 5 itl)
- 67% completion percentage 
- 4th best ratio of TD-INT

Like, these are insane numbers for a quarterback, especially one that has been in the league for so long, arguably being top 5, possibly being the second best quarterback in the league (though that might be somewhat of a reach), even with Puka, these numbers are crazy. But do they actually matter when in game?
 He’s been great but has missed some wide open shots that have been very uncharacteristic. Something that I hope gets ironed out as he and Davante get used to each other.",1034420.0,positive,0.126,0.699,0.175,0.8999
1oab0l8,1760831256.0,5336,0.93,92,DISCUSSIONS,"Non-rams fan here, has Stafford actually been crazy good or are the stats lying here? I'm not watching Rams games (except for SF-LAR), but the numbers Matt's got seem insane from an outsider perspective, especially since the Rams are pretty much contenders in the NFC. All I'm saying is, he's got:

- 1684 passing yards (almost 300 ypg)
- 2 ints (tied for 2nd least interceptions thrown by a starter qb)
- 12 td (top 5 itl)
- 67% completion percentage 
- 4th best ratio of TD-INT

Like, these are insane numbers for a quarterback, especially one that has been in the league for so long, arguably being top 5, possibly being the second best quarterback in the league (though that might be somewhat of a reach), even with Puka, these numbers are crazy. But do they actually matter when in game?
 Yes. He’s just that good and sometimes floats under the radar because the last couple years he wasn’t dropping 45 TDs every year like some others. But if you watch him, you realize just how legitimate this dude is.",461511.0,positive,0.109,0.717,0.174,0.9318
1oab0l8,1760831261.0,3496,0.93,92,DISCUSSIONS,"Non-rams fan here, has Stafford actually been crazy good or are the stats lying here? I'm not watching Rams games (except for SF-LAR), but the numbers Matt's got seem insane from an outsider perspective, especially since the Rams are pretty much contenders in the NFC. All I'm saying is, he's got:

- 1684 passing yards (almost 300 ypg)
- 2 ints (tied for 2nd least interceptions thrown by a starter qb)
- 12 td (top 5 itl)
- 67% completion percentage 
- 4th best ratio of TD-INT

Like, these are insane numbers for a quarterback, especially one that has been in the league for so long, arguably being top 5, possibly being the second best quarterback in the league (though that might be somewhat of a reach), even with Puka, these numbers are crazy. But do they actually matter when in game?
 He’s pretty damn good. Always feel like we are competitive with him. While completely immobile outside the pocket he makes some great throws and good reads in the offense. Gonna be a sad day when he’s gone.",302369.0,positive,0.147,0.635,0.218,0.952
1oab0l8,1760831684.0,2576,0.93,92,DISCUSSIONS,"Non-rams fan here, has Stafford actually been crazy good or are the stats lying here? I'm not watching Rams games (except for SF-LAR), but the numbers Matt's got seem insane from an outsider perspective, especially since the Rams are pretty much contenders in the NFC. All I'm saying is, he's got:

- 1684 passing yards (almost 300 ypg)
- 2 ints (tied for 2nd least interceptions thrown by a starter qb)
- 12 td (top 5 itl)
- 67% completion percentage 
- 4th best ratio of TD-INT

Like, these are insane numbers for a quarterback, especially one that has been in the league for so long, arguably being top 5, possibly being the second best quarterback in the league (though that might be somewhat of a reach), even with Puka, these numbers are crazy. But do they actually matter when in game?
 Hes been elite most of the season with a bit of hit or miss stuff. He relies too much on Puka imo but hard not too since its Puka.",222798.0,negative,0.138,0.729,0.133,0.2006
1oab0l8,1760831825.0,1840,0.93,92,DISCUSSIONS,"Non-rams fan here, has Stafford actually been crazy good or are the stats lying here? I'm not watching Rams games (except for SF-LAR), but the numbers Matt's got seem insane from an outsider perspective, especially since the Rams are pretty much contenders in the NFC. All I'm saying is, he's got:

- 1684 passing yards (almost 300 ypg)
- 2 ints (tied for 2nd least interceptions thrown by a starter qb)
- 12 td (top 5 itl)
- 67% completion percentage 
- 4th best ratio of TD-INT

Like, these are insane numbers for a quarterback, especially one that has been in the league for so long, arguably being top 5, possibly being the second best quarterback in the league (though that might be somewhat of a reach), even with Puka, these numbers are crazy. But do they actually matter when in game?
 Stats could be even better",159142.0,positive,0.133,0.694,0.174,0.7988
1oab0l8,1760831977.0,1656,0.93,92,DISCUSSIONS,"Non-rams fan here, has Stafford actually been crazy good or are the stats lying here? I'm not watching Rams games (except for SF-LAR), but the numbers Matt's got seem insane from an outsider perspective, especially since the Rams are pretty much contenders in the NFC. All I'm saying is, he's got:

- 1684 passing yards (almost 300 ypg)
- 2 ints (tied for 2nd least interceptions thrown by a starter qb)
- 12 td (top 5 itl)
- 67% completion percentage 
- 4th best ratio of TD-INT

Like, these are insane numbers for a quarterback, especially one that has been in the league for so long, arguably being top 5, possibly being the second best quarterback in the league (though that might be somewhat of a reach), even with Puka, these numbers are crazy. But do they actually matter when in game?
 He's left a few throws off each game, and had some syncing issues with Adams... but he looks damn sharp overall.",143227.0,neutral,0.143,0.719,0.138,-0.2446
1oab0l8,1760832032.0,920,0.93,92,DISCUSSIONS,"Non-rams fan here, has Stafford actually been crazy good or are the stats lying here? I'm not watching Rams games (except for SF-LAR), but the numbers Matt's got seem insane from an outsider perspective, especially since the Rams are pretty much contenders in the NFC. All I'm saying is, he's got:

- 1684 passing yards (almost 300 ypg)
- 2 ints (tied for 2nd least interceptions thrown by a starter qb)
- 12 td (top 5 itl)
- 67% completion percentage 
- 4th best ratio of TD-INT

Like, these are insane numbers for a quarterback, especially one that has been in the league for so long, arguably being top 5, possibly being the second best quarterback in the league (though that might be somewhat of a reach), even with Puka, these numbers are crazy. But do they actually matter when in game?
 There are areas in our offense that I think have been weak, I don’t think Stafford is one of them. The numbers aren’t lying",79571.0,negative,0.175,0.692,0.133,-0.8547
1oab0l8,1760832519.0,1104,0.93,92,DISCUSSIONS,"Non-rams fan here, has Stafford actually been crazy good or are the stats lying here? I'm not watching Rams games (except for SF-LAR), but the numbers Matt's got seem insane from an outsider perspective, especially since the Rams are pretty much contenders in the NFC. All I'm saying is, he's got:

- 1684 passing yards (almost 300 ypg)
- 2 ints (tied for 2nd least interceptions thrown by a starter qb)
- 12 td (top 5 itl)
- 67% completion percentage 
- 4th best ratio of TD-INT

Like, these are insane numbers for a quarterback, especially one that has been in the league for so long, arguably being top 5, possibly being the second best quarterback in the league (though that might be somewhat of a reach), even with Puka, these numbers are crazy. But do they actually matter when in game?
 With as many throws as he’s inexplicably missed this season he should have even higher numbers. He’s left a few TDs and big plays on the field with Adams. I expect their chemistry will come as the second half of the season rolls around.",95485.0,neutral,0.123,0.741,0.137,0.4576
1oab0l8,1760831778.0,1288,0.93,92,DISCUSSIONS,"Non-rams fan here, has Stafford actually been crazy good or are the stats lying here? I'm not watching Rams games (except for SF-LAR), but the numbers Matt's got seem insane from an outsider perspective, especially since the Rams are pretty much contenders in the NFC. All I'm saying is, he's got:

- 1684 passing yards (almost 300 ypg)
- 2 ints (tied for 2nd least interceptions thrown by a starter qb)
- 12 td (top 5 itl)
- 67% completion percentage 
- 4th best ratio of TD-INT

Like, these are insane numbers for a quarterback, especially one that has been in the league for so long, arguably being top 5, possibly being the second best quarterback in the league (though that might be somewhat of a reach), even with Puka, these numbers are crazy. But do they actually matter when in game?
 I think the answer is “yes, but…”

Yes, he’s good. Really good. He’s also been a bit off in a couple of games, making really weird misses. And also, in this day and age, the fact that he’s not a very mobile QB is what keeps him from being at the absolute top echelon of QBs. 

All that being said, if it wasn’t for our dogshit kicking unit we’d be 4-1 or even 5-0 right now and no one would question whether he’s elite or not.",111399.0,neutral,0.119,0.73,0.152,0.8653
1oab0l8,1760832612.0,1104,0.93,92,DISCUSSIONS,"Non-rams fan here, has Stafford actually been crazy good or are the stats lying here? I'm not watching Rams games (except for SF-LAR), but the numbers Matt's got seem insane from an outsider perspective, especially since the Rams are pretty much contenders in the NFC. All I'm saying is, he's got:

- 1684 passing yards (almost 300 ypg)
- 2 ints (tied for 2nd least interceptions thrown by a starter qb)
- 12 td (top 5 itl)
- 67% completion percentage 
- 4th best ratio of TD-INT

Like, these are insane numbers for a quarterback, especially one that has been in the league for so long, arguably being top 5, possibly being the second best quarterback in the league (though that might be somewhat of a reach), even with Puka, these numbers are crazy. But do they actually matter when in game?
 we legit have a bottom tier o-line, him being able to get the ball out really quick, and be clutch for us has been a really massive saving grace. however id say great season though, not elite.",95485.0,neutral,0.111,0.716,0.173,0.933
1oab0l8,1760832494.0,552,0.93,92,DISCUSSIONS,"Non-rams fan here, has Stafford actually been crazy good or are the stats lying here? I'm not watching Rams games (except for SF-LAR), but the numbers Matt's got seem insane from an outsider perspective, especially since the Rams are pretty much contenders in the NFC. All I'm saying is, he's got:

- 1684 passing yards (almost 300 ypg)
- 2 ints (tied for 2nd least interceptions thrown by a starter qb)
- 12 td (top 5 itl)
- 67% completion percentage 
- 4th best ratio of TD-INT

Like, these are insane numbers for a quarterback, especially one that has been in the league for so long, arguably being top 5, possibly being the second best quarterback in the league (though that might be somewhat of a reach), even with Puka, these numbers are crazy. But do they actually matter when in game?
 He's been incredible, he just isn't a crazy throw / highlight kind of QB anymore. He's too old for that anymore, which isn't necessarily a bad thing. He always finds the right pass, has elite awareness of where exactly everyone is, and if his O-line is good enough on the day then he'll be able to still do those crazy no-look passes. He's still a Top-5 QB in the league in my book, and has a case for a Top-15 talent all time",47742.0,positive,0.124,0.73,0.147,0.7823
1oab0l8,1760833195.0,368,0.93,92,DISCUSSIONS,"Non-rams fan here, has Stafford actually been crazy good or are the stats lying here? I'm not watching Rams games (except for SF-LAR), but the numbers Matt's got seem insane from an outsider perspective, especially since the Rams are pretty much contenders in the NFC. All I'm saying is, he's got:

- 1684 passing yards (almost 300 ypg)
- 2 ints (tied for 2nd least interceptions thrown by a starter qb)
- 12 td (top 5 itl)
- 67% completion percentage 
- 4th best ratio of TD-INT

Like, these are insane numbers for a quarterback, especially one that has been in the league for so long, arguably being top 5, possibly being the second best quarterback in the league (though that might be somewhat of a reach), even with Puka, these numbers are crazy. But do they actually matter when in game?
 The crazy part is he could actually be doing better!",31828.0,neutral,0.144,0.687,0.168,0.6525
1oab0l8,1760833651.0,368,0.93,92,DISCUSSIONS,"Non-rams fan here, has Stafford actually been crazy good or are the stats lying here? I'm not watching Rams games (except for SF-LAR), but the numbers Matt's got seem insane from an outsider perspective, especially since the Rams are pretty much contenders in the NFC. All I'm saying is, he's got:

- 1684 passing yards (almost 300 ypg)
- 2 ints (tied for 2nd least interceptions thrown by a starter qb)
- 12 td (top 5 itl)
- 67% completion percentage 
- 4th best ratio of TD-INT

Like, these are insane numbers for a quarterback, especially one that has been in the league for so long, arguably being top 5, possibly being the second best quarterback in the league (though that might be somewhat of a reach), even with Puka, these numbers are crazy. But do they actually matter when in game?
 What kind of answer do you think you're going to get when you ask a bunch of Rams fans if they think Stafford is a good QB? Lol",31828.0,neutral,0.117,0.711,0.172,0.9006
1oab0l8,1760850904.0,368,0.93,92,DISCUSSIONS,"Non-rams fan here, has Stafford actually been crazy good or are the stats lying here? I'm not watching Rams games (except for SF-LAR), but the numbers Matt's got seem insane from an outsider perspective, especially since the Rams are pretty much contenders in the NFC. All I'm saying is, he's got:

- 1684 passing yards (almost 300 ypg)
- 2 ints (tied for 2nd least interceptions thrown by a starter qb)
- 12 td (top 5 itl)
- 67% completion percentage 
- 4th best ratio of TD-INT

Like, these are insane numbers for a quarterback, especially one that has been in the league for so long, arguably being top 5, possibly being the second best quarterback in the league (though that might be somewhat of a reach), even with Puka, these numbers are crazy. But do they actually matter when in game?
 Stafford has been an elite QB his entire career. Dude will be a hall of famer without a doubt",31828.0,neutral,0.125,0.718,0.157,0.7147
1oab0l8,1760855338.0,368,0.93,92,DISCUSSIONS,"Non-rams fan here, has Stafford actually been crazy good or are the stats lying here? I'm not watching Rams games (except for SF-LAR), but the numbers Matt's got seem insane from an outsider perspective, especially since the Rams are pretty much contenders in the NFC. All I'm saying is, he's got:

- 1684 passing yards (almost 300 ypg)
- 2 ints (tied for 2nd least interceptions thrown by a starter qb)
- 12 td (top 5 itl)
- 67% completion percentage 
- 4th best ratio of TD-INT

Like, these are insane numbers for a quarterback, especially one that has been in the league for so long, arguably being top 5, possibly being the second best quarterback in the league (though that might be somewhat of a reach), even with Puka, these numbers are crazy. But do they actually matter when in game?
 As the Ringer podcast said before this season: if you don’t like watching this guy play football, you’re a nerd",31828.0,neutral,0.135,0.694,0.171,0.781
1oab0l8,1760874606.0,368,0.93,92,DISCUSSIONS,"Non-rams fan here, has Stafford actually been crazy good or are the stats lying here? I'm not watching Rams games (except for SF-LAR), but the numbers Matt's got seem insane from an outsider perspective, especially since the Rams are pretty much contenders in the NFC. All I'm saying is, he's got:

- 1684 passing yards (almost 300 ypg)
- 2 ints (tied for 2nd least interceptions thrown by a starter qb)
- 12 td (top 5 itl)
- 67% completion percentage 
- 4th best ratio of TD-INT

Like, these are insane numbers for a quarterback, especially one that has been in the league for so long, arguably being top 5, possibly being the second best quarterback in the league (though that might be somewhat of a reach), even with Puka, these numbers are crazy. But do they actually matter when in game?
 Detroit fan here, Stafford is a GOAT!! If you dont know now you now",31828.0,neutral,0.127,0.708,0.165,0.78
1oab0l8,1760831166.0,184,0.93,92,DISCUSSIONS,"Non-rams fan here, has Stafford actually been crazy good or are the stats lying here? I'm not watching Rams games (except for SF-LAR), but the numbers Matt's got seem insane from an outsider perspective, especially since the Rams are pretty much contenders in the NFC. All I'm saying is, he's got:

- 1684 passing yards (almost 300 ypg)
- 2 ints (tied for 2nd least interceptions thrown by a starter qb)
- 12 td (top 5 itl)
- 67% completion percentage 
- 4th best ratio of TD-INT

Like, these are insane numbers for a quarterback, especially one that has been in the league for so long, arguably being top 5, possibly being the second best quarterback in the league (though that might be somewhat of a reach), even with Puka, these numbers are crazy. But do they actually matter when in game?
 [removed]",15914.0,neutral,0.138,0.704,0.158,0.5095
1oab0l8,1760833046.0,184,0.93,92,DISCUSSIONS,"Non-rams fan here, has Stafford actually been crazy good or are the stats lying here? I'm not watching Rams games (except for SF-LAR), but the numbers Matt's got seem insane from an outsider perspective, especially since the Rams are pretty much contenders in the NFC. All I'm saying is, he's got:

- 1684 passing yards (almost 300 ypg)
- 2 ints (tied for 2nd least interceptions thrown by a starter qb)
- 12 td (top 5 itl)
- 67% completion percentage 
- 4th best ratio of TD-INT

Like, these are insane numbers for a quarterback, especially one that has been in the league for so long, arguably being top 5, possibly being the second best quarterback in the league (though that might be somewhat of a reach), even with Puka, these numbers are crazy. But do they actually matter when in game?
 He's been really good so far",15914.0,neutral,0.132,0.695,0.173,0.7988
1oab0l8,1760834376.0,184,0.93,92,DISCUSSIONS,"Non-rams fan here, has Stafford actually been crazy good or are the stats lying here? I'm not watching Rams games (except for SF-LAR), but the numbers Matt's got seem insane from an outsider perspective, especially since the Rams are pretty much contenders in the NFC. All I'm saying is, he's got:

- 1684 passing yards (almost 300 ypg)
- 2 ints (tied for 2nd least interceptions thrown by a starter qb)
- 12 td (top 5 itl)
- 67% completion percentage 
- 4th best ratio of TD-INT

Like, these are insane numbers for a quarterback, especially one that has been in the league for so long, arguably being top 5, possibly being the second best quarterback in the league (though that might be somewhat of a reach), even with Puka, these numbers are crazy. But do they actually matter when in game?
 I have NEVER seen a QB that gets the ball out faster. It's unreal",15914.0,neutral,0.13,0.722,0.148,0.5095
1o9jlu5,1760753202.0,4176,0.94,39,PHOTOS,"Feel Like Bone Is Underrated Managed to snag this for around $65! Have never paid more than $80-$90 for any of the jerseys I have pictured as I wait for sales. All except the pre-2020 uni-change AD jersey are vapor limited/FUSE limited, imo way better than the game quality and fit wise.  100%. Welcome to the Bone Zone",157018.0,neutral,0.029,0.755,0.216,0.908
1o9jlu5,1760753989.0,3132,0.94,39,PHOTOS,"Feel Like Bone Is Underrated Managed to snag this for around $65! Have never paid more than $80-$90 for any of the jerseys I have pictured as I wait for sales. All except the pre-2020 uni-change AD jersey are vapor limited/FUSE limited, imo way better than the game quality and fit wise.  The bone looks better in person. It just doesn’t pop on television. ",117763.0,neutral,0.026,0.777,0.197,0.906
1o9jlu5,1760753749.0,1218,0.94,39,PHOTOS,"Feel Like Bone Is Underrated Managed to snag this for around $65! Have never paid more than $80-$90 for any of the jerseys I have pictured as I wait for sales. All except the pre-2020 uni-change AD jersey are vapor limited/FUSE limited, imo way better than the game quality and fit wise.  ![gif](giphy|lp0D8EezWMXBhcQygb)",45797.0,neutral,0.032,0.773,0.195,0.8652
1o9jlu5,1760752840.0,1218,0.94,39,PHOTOS,"Feel Like Bone Is Underrated Managed to snag this for around $65! Have never paid more than $80-$90 for any of the jerseys I have pictured as I wait for sales. All except the pre-2020 uni-change AD jersey are vapor limited/FUSE limited, imo way better than the game quality and fit wise.  Its more of a dodgers colorway but its nice i think fans just like going with colorways actually worn by players",45797.0,neutral,0.053,0.763,0.184,0.8588
1o9jlu5,1760753819.0,522,0.94,39,PHOTOS,"Feel Like Bone Is Underrated Managed to snag this for around $65! Have never paid more than $80-$90 for any of the jerseys I have pictured as I wait for sales. All except the pre-2020 uni-change AD jersey are vapor limited/FUSE limited, imo way better than the game quality and fit wise.  These look great in hand. Been looking for a deal on an AD Limited so I can add it to the collection.",19627.0,neutral,0.045,0.735,0.22,0.9412
1o9jlu5,1760753991.0,348,0.94,39,PHOTOS,"Feel Like Bone Is Underrated Managed to snag this for around $65! Have never paid more than $80-$90 for any of the jerseys I have pictured as I wait for sales. All except the pre-2020 uni-change AD jersey are vapor limited/FUSE limited, imo way better than the game quality and fit wise.  I saw the bone uniforms in person for the first time last weekend in Baltimore. They look a lot better in person than on TV.",13085.0,neutral,0.023,0.806,0.171,0.906
1o9jlu5,1760755795.0,348,0.94,39,PHOTOS,"Feel Like Bone Is Underrated Managed to snag this for around $65! Have never paid more than $80-$90 for any of the jerseys I have pictured as I wait for sales. All except the pre-2020 uni-change AD jersey are vapor limited/FUSE limited, imo way better than the game quality and fit wise.  I love it. Never knew it was hated honestly",13085.0,neutral,0.082,0.67,0.248,0.908
1o9jlu5,1760779374.0,348,0.94,39,PHOTOS,"Feel Like Bone Is Underrated Managed to snag this for around $65! Have never paid more than $80-$90 for any of the jerseys I have pictured as I wait for sales. All except the pre-2020 uni-change AD jersey are vapor limited/FUSE limited, imo way better than the game quality and fit wise.  The plastic outlines ruin everything",13085.0,neutral,0.086,0.743,0.171,0.68
1o9jlu5,1760754222.0,174,0.94,39,PHOTOS,"Feel Like Bone Is Underrated Managed to snag this for around $65! Have never paid more than $80-$90 for any of the jerseys I have pictured as I wait for sales. All except the pre-2020 uni-change AD jersey are vapor limited/FUSE limited, imo way better than the game quality and fit wise.  True, I have a Goff one.",6542.0,negative,0.03,0.75,0.22,0.9041
1o9jlu5,1760759250.0,174,0.94,39,PHOTOS,"Feel Like Bone Is Underrated Managed to snag this for around $65! Have never paid more than $80-$90 for any of the jerseys I have pictured as I wait for sales. All except the pre-2020 uni-change AD jersey are vapor limited/FUSE limited, imo way better than the game quality and fit wise.  I've been telling my wife that for years ",6542.0,negative,0.029,0.801,0.171,0.8553
1o9jlu5,1760759480.0,174,0.94,39,PHOTOS,"Feel Like Bone Is Underrated Managed to snag this for around $65! Have never paid more than $80-$90 for any of the jerseys I have pictured as I wait for sales. All except the pre-2020 uni-change AD jersey are vapor limited/FUSE limited, imo way better than the game quality and fit wise.  I’ve been trying to get a Stafford limited one for the past 2 years but it’s always sold out I might just settle and get the game jersey",6542.0,negative,0.036,0.866,0.098,0.5983
1o9jlu5,1760760984.0,174,0.94,39,PHOTOS,"Feel Like Bone Is Underrated Managed to snag this for around $65! Have never paid more than $80-$90 for any of the jerseys I have pictured as I wait for sales. All except the pre-2020 uni-change AD jersey are vapor limited/FUSE limited, imo way better than the game quality and fit wise.  It's rated just right, IMO. 4th best one in the lineup. White then Royal then Rivalry then Bone. Rivalry and Royal almost interchangeable.",6542.0,neutral,0.023,0.794,0.184,0.9273
1o9jlu5,1760762196.0,174,0.94,39,PHOTOS,"Feel Like Bone Is Underrated Managed to snag this for around $65! Have never paid more than $80-$90 for any of the jerseys I have pictured as I wait for sales. All except the pre-2020 uni-change AD jersey are vapor limited/FUSE limited, imo way better than the game quality and fit wise.  And the lettering is something called Cillian Braille.",6542.0,negative,0.029,0.801,0.171,0.8553
1o9jlu5,1760766018.0,174,0.94,39,PHOTOS,"Feel Like Bone Is Underrated Managed to snag this for around $65! Have never paid more than $80-$90 for any of the jerseys I have pictured as I wait for sales. All except the pre-2020 uni-change AD jersey are vapor limited/FUSE limited, imo way better than the game quality and fit wise.  I think I've warmed up to the bone a lot. It looks quite nice and unique because it's not the color everyone has in mind!",6542.0,neutral,0.022,0.779,0.198,0.931
1o9jlu5,1760767115.0,174,0.94,39,PHOTOS,"Feel Like Bone Is Underrated Managed to snag this for around $65! Have never paid more than $80-$90 for any of the jerseys I have pictured as I wait for sales. All except the pre-2020 uni-change AD jersey are vapor limited/FUSE limited, imo way better than the game quality and fit wise.  The Bone Zone is literally Rams lore since they moved back to LA.
We won our Super Bowl with them as our primary road jersey. We beat the Seahawks in the ‘20 wild card game with them. Our overall win-loss with them has to be good. I hope we always have them in our rotation, though I fear we may lose them. I’ll always have my Kupp Bone Jersey from his triple crown season.",6542.0,neutral,0.054,0.774,0.172,0.9508
1o9jlu5,1760768379.0,174,0.94,39,PHOTOS,"Feel Like Bone Is Underrated Managed to snag this for around $65! Have never paid more than $80-$90 for any of the jerseys I have pictured as I wait for sales. All except the pre-2020 uni-change AD jersey are vapor limited/FUSE limited, imo way better than the game quality and fit wise.  We are 13-1 when wearing Bone jerseys and pants.",6542.0,negative,0.028,0.804,0.168,0.8553
1o9jlu5,1760768455.0,174,0.94,39,PHOTOS,"Feel Like Bone Is Underrated Managed to snag this for around $65! Have never paid more than $80-$90 for any of the jerseys I have pictured as I wait for sales. All except the pre-2020 uni-change AD jersey are vapor limited/FUSE limited, imo way better than the game quality and fit wise.  Bone looks like it needs a wash. Not fan.",6542.0,neutral,0.056,0.743,0.201,0.8729
1o9jlu5,1760781739.0,174,0.94,39,PHOTOS,"Feel Like Bone Is Underrated Managed to snag this for around $65! Have never paid more than $80-$90 for any of the jerseys I have pictured as I wait for sales. All except the pre-2020 uni-change AD jersey are vapor limited/FUSE limited, imo way better than the game quality and fit wise.  I agree. And I have an identical jersey.",6542.0,neutral,0.029,0.761,0.21,0.8977
1o9jlu5,1760801215.0,174,0.94,39,PHOTOS,"Feel Like Bone Is Underrated Managed to snag this for around $65! Have never paid more than $80-$90 for any of the jerseys I have pictured as I wait for sales. All except the pre-2020 uni-change AD jersey are vapor limited/FUSE limited, imo way better than the game quality and fit wise.  You have exactly every jersey I have down to the Super Bowl logo Kupp jersey wth",6542.0,negative,0.068,0.739,0.194,0.8718
1o9jlu5,1760804669.0,174,0.94,39,PHOTOS,"Feel Like Bone Is Underrated Managed to snag this for around $65! Have never paid more than $80-$90 for any of the jerseys I have pictured as I wait for sales. All except the pre-2020 uni-change AD jersey are vapor limited/FUSE limited, imo way better than the game quality and fit wise.  I just don't love how much white is on the sleeve, my only problem with it. Not in game but our fan jerseys.",6542.0,neutral,0.068,0.798,0.134,0.6437
1o97udz,1760722686.0,32786,0.87,310,DISCUSSIONS,"What is the most popular sport team globally that comes from Los Angeles?  as someone who comes from Europe and lived in Asia a lot of time, i have to say its Lakers, by far, idk about other continents.",8870908.0,neutral,0.035,0.886,0.078,0.4005
1o97udz,1760723125.0,19773,0.87,310,DISCUSSIONS,"What is the most popular sport team globally that comes from Los Angeles?  From a UK perspective, Lakers by far, and then I think the average sports fan would be able to name more former LA Galaxy players than Rams or Dodgers players, simply because football (soccer) is so popular here and David Beckham played there.",5349981.0,positive,0.0,0.821,0.179,0.8716
1o97udz,1760722778.0,30251,0.87,310,DISCUSSIONS,"What is the most popular sport team globally that comes from Los Angeles?  Lakers 1, Dodgers 2, doubt anyone else has global recognition",8185013.0,positive,0.094,0.79,0.116,0.1513
1o97udz,1760722959.0,8112,0.87,310,DISCUSSIONS,What is the most popular sport team globally that comes from Los Angeles?  Lakers by far lol. The most popular basketball club in the world and one of the most popular club overall in sports.,2194864.0,negative,0.0,0.72,0.28,0.9017
1o97udz,1760722834.0,4732,0.87,310,DISCUSSIONS,What is the most popular sport team globally that comes from Los Angeles?  Lakers.,1280337.0,neutral,0.0,0.808,0.192,0.4754
1o97udz,1760723404.0,1183,0.87,310,DISCUSSIONS,What is the most popular sport team globally that comes from Los Angeles?  TIL Major League Cricket exists,320084.0,neutral,0.0,0.846,0.154,0.4754
1o97udz,1760724523.0,1690,0.87,310,DISCUSSIONS,"What is the most popular sport team globally that comes from Los Angeles?  As an asian, Lakers for sure.",457263.0,positive,0.0,0.759,0.241,0.659
1o97udz,1760733615.0,845,0.87,310,DISCUSSIONS,"What is the most popular sport team globally that comes from Los Angeles?  Man, I wish it was the Rams…",228632.0,neutral,0.0,0.746,0.254,0.6997
1o97udz,1760733874.0,676,0.87,310,DISCUSSIONS,"What is the most popular sport team globally that comes from Los Angeles?  Someone who lives here in LA, it's definitely the Lakers then the Dodgers. One day I wish that the Rams would be up there with em..",182905.0,positive,0.0,0.805,0.195,0.8173
1o97udz,1760723842.0,676,0.87,310,DISCUSSIONS,What is the most popular sport team globally that comes from Los Angeles?  Dodgers !!!,182905.0,positive,0.0,0.779,0.221,0.6084
1o97udz,1760729852.0,1690,0.87,310,DISCUSSIONS,"What is the most popular sport team globally that comes from Los Angeles?  Has to be the Lakers by a mile.  Look at the popularity of guys like Kobe, Shaq, or Bron overseas.",457263.0,positive,0.0,0.769,0.231,0.8268
1o97udz,1760723736.0,1859,0.87,310,DISCUSSIONS,"What is the most popular sport team globally that comes from Los Angeles?  Has to be the Lakers, especially with all the history and the championships. Usually when there’s a team that has a lot of championships, you get a lot of people that hop on the bandwagon. You know how people make fun of all the Cowboys fans that have never been to Dallas? The same case could be made for a lot of Lakers fans.

The Dodgers would probably be right behind them right now. They’re successful at the moment, but they’ll need to continue that in order to keep growing the popularity.",502990.0,positive,0.0,0.844,0.156,0.9366
1o97udz,1760728945.0,507,0.87,310,DISCUSSIONS,"What is the most popular sport team globally that comes from Los Angeles?  Lakers. by far. I love my Dodgers and they definately do have an intertional reach, especially with Ohtani but its Lakers.",137179.0,positive,0.0,0.84,0.16,0.5714
1o97udz,1760735311.0,507,0.87,310,DISCUSSIONS,"What is the most popular sport team globally that comes from Los Angeles?  Lakers and Dodgers. We are getting a lot of Eurocentric replies, but you need to consider the Dodgers appeal in Asia.",137179.0,neutral,0.0,0.94,0.06,0.2609
1o97udz,1760746504.0,507,0.87,310,DISCUSSIONS,What is the most popular sport team globally that comes from Los Angeles?  The Dodgers hat is unofficial logo of Los Angeles but the Lakers probably more well known in and outside North America,137179.0,neutral,0.0,0.862,0.138,0.6293
1o97udz,1760751038.0,507,0.87,310,DISCUSSIONS,"What is the most popular sport team globally that comes from Los Angeles?  Most popular is definitely the Lakers organization as a whole. Though the Dodgers LA logo is probably one of the most well known logos in the world, on par with the Yankees NY logo.",137179.0,neutral,0.0,0.784,0.216,0.8896
1o97udz,1760785868.0,507,0.87,310,DISCUSSIONS,What is the most popular sport team globally that comes from Los Angeles?  Its the Lakers or the Dodgers no one else is close. Its probably the Lakers between those two.,137179.0,neutral,0.064,0.846,0.09,0.2247
1o97udz,1760724823.0,1352,0.87,310,DISCUSSIONS,What is the most popular sport team globally that comes from Los Angeles?  The Angels aren’t from Los Angeles. They’re from Anaheim.,365811.0,neutral,0.0,0.872,0.128,0.4754
1o97udz,1760731953.0,1352,0.87,310,DISCUSSIONS,What is the most popular sport team globally that comes from Los Angeles?  Globally the Lakers. Locally the Dodgers.,365811.0,neutral,0.0,0.853,0.147,0.4754
1o97udz,1760723030.0,1690,0.87,310,DISCUSSIONS,"What is the most popular sport team globally that comes from Los Angeles?  I'd say its probably roughly:

Lakers > Dodgers >>>>> Galaxy > Rams > Angels > Clippers >>>> Chargers > USC > UCLA > Kings >>> Everything else

Depends on the market though.",457263.0,neutral,0.0,0.923,0.077,0.4754
1o5yra3,1760396042.0,29480,0.83,98,DISCUSSIONS,"Why Joshua Karty missed the 25 yard field goal. I would LOVE to see someone recreate this play in an indoor field. Anyways, there's a GOOD ASS reason Sean McVay still wants to keep Karty. Yes the wind was a factor on kicks and throws. But as it pertains to kicks, you still shouldn’t be missing 26 yarders. Special teams are supposed to account for this stuff. Regardless I’ve never felt they’re close to moving off of him. Just hope it gets better.",2422372.0,positive,0.072,0.72,0.208,0.9223
1o5yra3,1760397191.0,13420,0.83,98,DISCUSSIONS,"Why Joshua Karty missed the 25 yard field goal. I would LOVE to see someone recreate this play in an indoor field. Anyways, there's a GOOD ASS reason Sean McVay still wants to keep Karty. Wind is not the ""only possible way"" to hit the upright.  As any amateur golfer can attest, hitting the ball poorly and adding side spin to the ball will cause it to slice like this.

Also...

Adjusting for wind and reading the flags is like one of a placekickers main jobs.",1102721.0,negative,0.065,0.77,0.165,0.8715
1o5yra3,1760396419.0,14740,0.83,98,DISCUSSIONS,"Why Joshua Karty missed the 25 yard field goal. I would LOVE to see someone recreate this play in an indoor field. Anyways, there's a GOOD ASS reason Sean McVay still wants to keep Karty. I dont care about the wind. Why didnt he account for the wind and aim more towards the left/center? Just cant miss from 25 yards and blame the wind, we arent talking about a 50+ yarder here.",1211186.0,positive,0.136,0.712,0.152,0.318
1o5yra3,1760396618.0,1760,0.83,98,DISCUSSIONS,"Why Joshua Karty missed the 25 yard field goal. I would LOVE to see someone recreate this play in an indoor field. Anyways, there's a GOOD ASS reason Sean McVay still wants to keep Karty. ![gif](giphy|RJUpKUDRKXOZHjLAV0|downsized)",144619.0,positive,0.137,0.616,0.247,0.7331
1o5yra3,1760398542.0,1320,0.83,98,DISCUSSIONS,"Why Joshua Karty missed the 25 yard field goal. I would LOVE to see someone recreate this play in an indoor field. Anyways, there's a GOOD ASS reason Sean McVay still wants to keep Karty. Do you really not know what shanking the ball is?",108464.0,neutral,0.115,0.682,0.203,0.708
1o5yra3,1760396396.0,6820,0.83,98,DISCUSSIONS,"Why Joshua Karty missed the 25 yard field goal. I would LOVE to see someone recreate this play in an indoor field. Anyways, there's a GOOD ASS reason Sean McVay still wants to keep Karty. Professional kickers need to take the wind into consideration, that’s why they are a PROFESSIONAL.",560399.0,neutral,0.108,0.703,0.189,0.708
1o5yra3,1760397120.0,3520,0.83,98,DISCUSSIONS,"Why Joshua Karty missed the 25 yard field goal. I would LOVE to see someone recreate this play in an indoor field. Anyways, there's a GOOD ASS reason Sean McVay still wants to keep Karty. You can see in the video the flags at the top of the posts don’t seem to be moving enough for this short kick. I don’t think it was the wind.",289238.0,neutral,0.084,0.745,0.171,0.7706
1o5yra3,1760397229.0,2860,0.83,98,DISCUSSIONS,"Why Joshua Karty missed the 25 yard field goal. I would LOVE to see someone recreate this play in an indoor field. Anyways, there's a GOOD ASS reason Sean McVay still wants to keep Karty. A 26 yarder and he didn’t adjust for the wind gusts??

COME ON",235006.0,negative,0.111,0.688,0.201,0.7386
1o5yra3,1760397818.0,2420,0.83,98,DISCUSSIONS,"Why Joshua Karty missed the 25 yard field goal. I would LOVE to see someone recreate this play in an indoor field. Anyways, there's a GOOD ASS reason Sean McVay still wants to keep Karty. Bro is out here justifying a missed 25 yarder?",198851.0,negative,0.157,0.637,0.206,0.5695
1o5yra3,1760397876.0,2200,0.83,98,DISCUSSIONS,"Why Joshua Karty missed the 25 yard field goal. I would LOVE to see someone recreate this play in an indoor field. Anyways, there's a GOOD ASS reason Sean McVay still wants to keep Karty. No, its definitely his fault. 

The ball is supposed to come off his foot with a vertical backspin. In the video the ball is spinning horizontally immediately, before the wind even affects it.",180774.0,positive,0.138,0.692,0.17,0.5695
1o5yra3,1760396849.0,2200,0.83,98,DISCUSSIONS,"Why Joshua Karty missed the 25 yard field goal. I would LOVE to see someone recreate this play in an indoor field. Anyways, there's a GOOD ASS reason Sean McVay still wants to keep Karty. Crazy how the same conditions didn't affect the quarterbacks throwing the ball and the other team's kicker. 🙄",180774.0,negative,0.138,0.686,0.176,0.5397
1o5yra3,1760399862.0,880,0.83,98,DISCUSSIONS,"Why Joshua Karty missed the 25 yard field goal. I would LOVE to see someone recreate this play in an indoor field. Anyways, there's a GOOD ASS reason Sean McVay still wants to keep Karty. Yeah nah, its 25 yards.",72310.0,neutral,0.15,0.592,0.258,0.7706
1o5yra3,1760412808.0,440,0.83,98,DISCUSSIONS,"Why Joshua Karty missed the 25 yard field goal. I would LOVE to see someone recreate this play in an indoor field. Anyways, there's a GOOD ASS reason Sean McVay still wants to keep Karty. Wind is not the only way for a ball to curve or corkscrew LOL 

We’re talking about the knuckle ball specialist, you think he’s incapable of kicking a ball that curves?",36155.0,neutral,0.115,0.697,0.188,0.7793
1o5yra3,1760403421.0,660,0.83,98,DISCUSSIONS,"Why Joshua Karty missed the 25 yard field goal. I would LOVE to see someone recreate this play in an indoor field. Anyways, there's a GOOD ASS reason Sean McVay still wants to keep Karty. No this is not the wind. He sliced it, meaning he had a lot of sidespin on it causing it to curve to the right. Look at the flags at the top of the poles. They would have to be completely horizontal to move the ball that much. This is a kicker error. 
That being said I think we stick with him and hope he can get back into his groove",54232.0,neutral,0.095,0.771,0.134,0.6891
1o5yra3,1760406541.0,880,0.83,98,DISCUSSIONS,"Why Joshua Karty missed the 25 yard field goal. I would LOVE to see someone recreate this play in an indoor field. Anyways, there's a GOOD ASS reason Sean McVay still wants to keep Karty. Guys-Karty made some huge clutch kicks at Philly in the snowbowl playoff game. He deserves our support. He was reallly really good last year. These blocks have messed with his rhythm a bit. Also having him change his kickoffs probably have messed with him as well. Lets just go back to Evans on kickoffs and let Karty focus on kicking",72310.0,positive,0.114,0.697,0.188,0.8582
1o5yra3,1760423783.0,660,0.83,98,DISCUSSIONS,"Why Joshua Karty missed the 25 yard field goal. I would LOVE to see someone recreate this play in an indoor field. Anyways, there's a GOOD ASS reason Sean McVay still wants to keep Karty. Insane you’re trying to excuse this kick",54232.0,negative,0.167,0.603,0.23,0.5397
1o5yra3,1760400432.0,440,0.83,98,DISCUSSIONS,"Why Joshua Karty missed the 25 yard field goal. I would LOVE to see someone recreate this play in an indoor field. Anyways, there's a GOOD ASS reason Sean McVay still wants to keep Karty. I’m not happy with Karty but I will defend him a lil bit here. I’m a Rams fan in northern Va and on Sunday even here the winds were pretty heavy. Friends in Bmore said it was whipping due to a nor’easter storm. He needs to be better but the wind def took that kick for a ride.",36155.0,neutral,0.059,0.726,0.214,0.9531
1o5yra3,1760408617.0,440,0.83,98,DISCUSSIONS,"Why Joshua Karty missed the 25 yard field goal. I would LOVE to see someone recreate this play in an indoor field. Anyways, there's a GOOD ASS reason Sean McVay still wants to keep Karty. I would’ve kicked it further to the left but I’m just built different idk",36155.0,negative,0.11,0.755,0.135,0.3273
1o5yra3,1760396912.0,440,0.83,98,DISCUSSIONS,"Why Joshua Karty missed the 25 yard field goal. I would LOVE to see someone recreate this play in an indoor field. Anyways, there's a GOOD ASS reason Sean McVay still wants to keep Karty. I get it there wind but Karty does make those kicks. He had a bad game we can’t let him go just for that and any other kick he tried it’s been blocked, you can’t fault him for blocked kicks. I think we need to cut him some slack a bit. He’s good he was great for us last year, and right now he’s in a tough spot by have players not block for his kicks. And now he just had a bad game. I still have faith in this kid, he still has a leg, just stick with him! He’s not terrible.",36155.0,negative,0.165,0.672,0.162,0.2786
1o5yra3,1760400025.0,220,0.83,98,DISCUSSIONS,"Why Joshua Karty missed the 25 yard field goal. I would LOVE to see someone recreate this play in an indoor field. Anyways, there's a GOOD ASS reason Sean McVay still wants to keep Karty. The dude kicks a knuckle ball it moves a lot",18077.0,negative,0.12,0.67,0.211,0.708
1o5tqke,1760387200.0,780,1.0,3,SOCIAL MEDIA,"The GOAT loves it!!!! We're doing well to make him retire deservingly, aren't we? Wild. Could’ve sworn James Laurinaitis or Pisa Tinoisamoa had 20 tackles in a game",3120.0,neutral,0.0,0.782,0.218,0.7887
1o5tqke,1760393028.0,312,1.0,3,SOCIAL MEDIA,"The GOAT loves it!!!! We're doing well to make him retire deservingly, aren't we? Name a defensive award after him!",1248.0,neutral,0.04,0.565,0.394,0.8858
1o54mlk,1760313898.0,14025,0.98,38,VIDEOS,"Verse’s impressive take to shred blockers to stop Henry from running By far the key stop of this game! It says a lot about our defense’s ability to do so this season that stops further bleeding. It’s not just this game only.
Source: ramsdayeveryday on Instagram!  The stoppage of the two tush pushes were also impressive. Just a great defensive series for the Rams.",536036.0,neutral,0.08,0.723,0.197,0.8652
1o54mlk,1760315427.0,13770,0.98,38,VIDEOS,"Verse’s impressive take to shred blockers to stop Henry from running By far the key stop of this game! It says a lot about our defense’s ability to do so this season that stops further bleeding. It’s not just this game only.
Source: ramsdayeveryday on Instagram!  People complain about the lack of sacks from V8 but he’s an absolute stud in the run game.",526289.0,negative,0.124,0.82,0.056,-0.3987
1o54mlk,1760313602.0,3825,0.98,38,VIDEOS,"Verse’s impressive take to shred blockers to stop Henry from running By far the key stop of this game! It says a lot about our defense’s ability to do so this season that stops further bleeding. It’s not just this game only.
Source: ramsdayeveryday on Instagram!  Yea a pulling guard isn’t going to be able to get there in time. And that FB had no chance. I keep waiting for him to get some sacks. He reaks so much havoc yet always seem to have such poor luck actually finishing.",146192.0,neutral,0.155,0.743,0.102,-0.6665
1o54mlk,1760322428.0,1530,0.98,38,VIDEOS,"Verse’s impressive take to shred blockers to stop Henry from running By far the key stop of this game! It says a lot about our defense’s ability to do so this season that stops further bleeding. It’s not just this game only.
Source: ramsdayeveryday on Instagram!  If our O balled out like our D, we’d truck over the entire league this season.",58477.0,negative,0.087,0.786,0.126,0.5696
1o54mlk,1760315078.0,2295,0.98,38,VIDEOS,"Verse’s impressive take to shred blockers to stop Henry from running By far the key stop of this game! It says a lot about our defense’s ability to do so this season that stops further bleeding. It’s not just this game only.
Source: ramsdayeveryday on Instagram!  Not to take away from what we did, but the Ravens kind of shot themselves in the foot by trying to get cute with the 2 tush pushes by Mark Andrews. By the time it got to 4th down, pretty everyone and their mother knew Derrick Henry was getting the ball. Nevertheless it was a great stand by our defense to not let the Ravens get anything there.

If the Ravens had run with ball with Henry from the start instead of getting cute, who knows what might’ve happened. Thankfully, we’ll never know.",87715.0,neutral,0.029,0.795,0.177,0.9783
1o54mlk,1760325921.0,1020,0.98,38,VIDEOS,"Verse’s impressive take to shred blockers to stop Henry from running By far the key stop of this game! It says a lot about our defense’s ability to do so this season that stops further bleeding. It’s not just this game only.
Source: ramsdayeveryday on Instagram!  I feel like the whole momentum of the game shifted after this, the team just came out of the half with a totally different energy. I think if Baltimore scored the game would have done totally differently.",38984.0,positive,0.067,0.808,0.124,0.7238
1o54mlk,1760327528.0,765,0.98,38,VIDEOS,"Verse’s impressive take to shred blockers to stop Henry from running By far the key stop of this game! It says a lot about our defense’s ability to do so this season that stops further bleeding. It’s not just this game only.
Source: ramsdayeveryday on Instagram!  Crazy to think hes only 2nd year. I have a feeling he could win a DPOY at some point in the future",29238.0,neutral,0.111,0.738,0.151,0.6229
1o54mlk,1760325685.0,765,0.98,38,VIDEOS,"Verse’s impressive take to shred blockers to stop Henry from running By far the key stop of this game! It says a lot about our defense’s ability to do so this season that stops further bleeding. It’s not just this game only.
Source: ramsdayeveryday on Instagram!  Ball doesn't lie! The previous stop was a fumble recovered by Verse/Rams.",29238.0,positive,0.14,0.773,0.087,-0.3561
1o54mlk,1760331073.0,510,0.98,38,VIDEOS,"Verse’s impressive take to shred blockers to stop Henry from running By far the key stop of this game! It says a lot about our defense’s ability to do so this season that stops further bleeding. It’s not just this game only.
Source: ramsdayeveryday on Instagram!  That’s a lot of weight trying to block a lot of weight while trying to tackle even more weight.",19492.0,neutral,0.133,0.788,0.079,-0.4374
1o54mlk,1760335996.0,510,0.98,38,VIDEOS,"Verse’s impressive take to shred blockers to stop Henry from running By far the key stop of this game! It says a lot about our defense’s ability to do so this season that stops further bleeding. It’s not just this game only.
Source: ramsdayeveryday on Instagram!  I was there!!!",19492.0,neutral,0.131,0.767,0.102,0.4153
1o54mlk,1760340123.0,510,0.98,38,VIDEOS,"Verse’s impressive take to shred blockers to stop Henry from running By far the key stop of this game! It says a lot about our defense’s ability to do so this season that stops further bleeding. It’s not just this game only.
Source: ramsdayeveryday on Instagram!  LET THE BIG DAWG EAT",19492.0,neutral,0.115,0.787,0.098,0.2924
1o54mlk,1760371970.0,510,0.98,38,VIDEOS,"Verse’s impressive take to shred blockers to stop Henry from running By far the key stop of this game! It says a lot about our defense’s ability to do so this season that stops further bleeding. It’s not just this game only.
Source: ramsdayeveryday on Instagram!  I'm so done with these widescreen videos cropped and captioned for portrait mode, they are objectively terrible and one of the worst modern social media trends",19492.0,neutral,0.165,0.768,0.067,-0.8011
1o54mlk,1760394436.0,510,0.98,38,VIDEOS,"Verse’s impressive take to shred blockers to stop Henry from running By far the key stop of this game! It says a lot about our defense’s ability to do so this season that stops further bleeding. It’s not just this game only.
Source: ramsdayeveryday on Instagram!  Reminds me of a young Shawn Merrriam. Physically dominant!",19492.0,neutral,0.114,0.794,0.093,0.3561
1o54mlk,1760546465.0,510,0.98,38,VIDEOS,"Verse’s impressive take to shred blockers to stop Henry from running By far the key stop of this game! It says a lot about our defense’s ability to do so this season that stops further bleeding. It’s not just this game only.
Source: ramsdayeveryday on Instagram!  Verse blew up a pulling guard, a FB and Derrick Henry on this play. Poona Ford was the reason he cuts outside in the first place. Amazing team defense",19492.0,neutral,0.096,0.737,0.167,0.7926
1o54mlk,1760324418.0,510,0.98,38,VIDEOS,"Verse’s impressive take to shred blockers to stop Henry from running By far the key stop of this game! It says a lot about our defense’s ability to do so this season that stops further bleeding. It’s not just this game only.
Source: ramsdayeveryday on Instagram!  Makes up for the missed sack opportunity he had",19492.0,neutral,0.128,0.732,0.14,0.4184
1o54mlk,1760318745.0,255,0.98,38,VIDEOS,"Verse’s impressive take to shred blockers to stop Henry from running By far the key stop of this game! It says a lot about our defense’s ability to do so this season that stops further bleeding. It’s not just this game only.
Source: ramsdayeveryday on Instagram!  [removed]",9746.0,negative,0.124,0.771,0.105,0.2924
1o54mlk,1760318997.0,255,0.98,38,VIDEOS,"Verse’s impressive take to shred blockers to stop Henry from running By far the key stop of this game! It says a lot about our defense’s ability to do so this season that stops further bleeding. It’s not just this game only.
Source: ramsdayeveryday on Instagram!  Anybody who didn’t think / say / yell “F$&@ you refs” on that stop? No, I didn’t think so",9746.0,neutral,0.156,0.765,0.079,-0.5242
1o54gqu,1760312946.0,14949,0.94,61,DISCUSSIONS,"49ers LB Fred Warner Out For Season Damn!

  
9ers getting hit hard with the injury bug,

Broken ankle.

 Saw the injury, that was brutal. Warner is a stud and seems like a solid guy. If we can’t beat that bald fuck’s defense without Warner and Bosa we should just pack it in.",871228.0,positive,0.27,0.643,0.088,-0.9117
1o54gqu,1760313378.0,19630,0.94,61,DISCUSSIONS,"49ers LB Fred Warner Out For Season Damn!

  
9ers getting hit hard with the injury bug,

Broken ankle.

 Not saying warranted, but I’ll never forget the dirty shot he took on Stafford after the INT in the NFCCG.",1144036.0,positive,0.164,0.721,0.115,0.1027
1o54gqu,1760313116.0,12986,0.94,61,DISCUSSIONS,"49ers LB Fred Warner Out For Season Damn!

  
9ers getting hit hard with the injury bug,

Broken ankle.

 Great LB. My favorite in the league and I wish we had him. Not now of course.",756824.0,neutral,0.219,0.573,0.208,0.2714
1o54gqu,1760314503.0,1359,0.94,61,DISCUSSIONS,"49ers LB Fred Warner Out For Season Damn!

  
9ers getting hit hard with the injury bug,

Broken ankle.

 Injuries suck",79203.0,positive,0.468,0.532,0.0,-0.9041
1o54gqu,1760313555.0,5436,0.94,61,DISCUSSIONS,"49ers LB Fred Warner Out For Season Damn!

  
9ers getting hit hard with the injury bug,

Broken ankle.

 That’s rough. Warner is a beast and seems like a good dude. I’ll never celebrate injuries.",316810.0,positive,0.304,0.572,0.124,-0.7839
1o54gqu,1760312846.0,906,0.94,61,DISCUSSIONS,"49ers LB Fred Warner Out For Season Damn!

  
9ers getting hit hard with the injury bug,

Broken ankle.

 One would think they will try to make big moves before the deadline as their offense is still very good.",52802.0,neutral,0.259,0.674,0.067,-0.7963
1o54gqu,1760314078.0,3020,0.94,61,DISCUSSIONS,"49ers LB Fred Warner Out For Season Damn!

  
9ers getting hit hard with the injury bug,

Broken ankle.

 I had a personal distaste for Greenlaw. Warner on the other hand, I hate because he’s so damn good.",176006.0,neutral,0.351,0.521,0.128,-0.878
1o54gqu,1760314788.0,1057,0.94,61,DISCUSSIONS,"49ers LB Fred Warner Out For Season Damn!

  
9ers getting hit hard with the injury bug,

Broken ankle.

 Hate seeing any player suffer any type of season-ending injury. They can happen to any player on any team as we know ourselves. Unfortunately, it’s just something that’s part of the game of football. Wishing him a speedy and healthy recovery.",61602.0,neutral,0.301,0.638,0.061,-0.9523
1o54gqu,1760316050.0,2265,0.94,61,DISCUSSIONS,"49ers LB Fred Warner Out For Season Damn!

  
9ers getting hit hard with the injury bug,

Broken ankle.

 Can't feel sorry for the 49ers. They have the easiest schedule in the NFL.",132004.0,positive,0.255,0.645,0.1,-0.7407
1o54gqu,1760313776.0,906,0.94,61,DISCUSSIONS,"49ers LB Fred Warner Out For Season Damn!

  
9ers getting hit hard with the injury bug,

Broken ankle.

 They are a well coached group with a soft schedule. Wouldnt be surprised to see them still fighting for the division late into the season",52802.0,positive,0.286,0.672,0.042,-0.8849
1o54gqu,1760317456.0,604,0.94,61,DISCUSSIONS,"49ers LB Fred Warner Out For Season Damn!

  
9ers getting hit hard with the injury bug,

Broken ankle.

 Man the 9ers really did sacrifice everyone else purely to keep CMC healthy eh",35201.0,positive,0.257,0.675,0.068,-0.7644
1o54gqu,1760322284.0,1359,0.94,61,DISCUSSIONS,"49ers LB Fred Warner Out For Season Damn!

  
9ers getting hit hard with the injury bug,

Broken ankle.

 Fuck the 9ers as a staff, record label and a crew, and if you down with the 9ers, fuck you too. You think they care about our injured players, or how it affects our seasons? Getting downvoted for kicking them when they are down, in a Rams sub is truly remarkable.

![gif](giphy|dWZVqzab8uR4EQSOVg|downsized)",79203.0,neutral,0.233,0.655,0.112,-0.8619
1o54gqu,1760313769.0,1057,0.94,61,DISCUSSIONS,"49ers LB Fred Warner Out For Season Damn!

  
9ers getting hit hard with the injury bug,

Broken ankle.

 They will still find a way to beat us two times this year.",61602.0,positive,0.284,0.716,0.0,-0.8516
1o54gqu,1760312848.0,604,0.94,61,DISCUSSIONS,"49ers LB Fred Warner Out For Season Damn!

  
9ers getting hit hard with the injury bug,

Broken ankle.

 We had our chance to beat them injury-riddled to hell and blew it. At this point, I just feel sorry for them.",35201.0,positive,0.323,0.638,0.04,-0.9215
1o54gqu,1760317888.0,151,0.94,61,DISCUSSIONS,"49ers LB Fred Warner Out For Season Damn!

  
9ers getting hit hard with the injury bug,

Broken ankle.

 He and Nick Bosa out for the season??  Ouch.",8800.0,positive,0.317,0.683,0.0,-0.8642
1o54gqu,1760318324.0,151,0.94,61,DISCUSSIONS,"49ers LB Fred Warner Out For Season Damn!

  
9ers getting hit hard with the injury bug,

Broken ankle.

 I saw that. Pretty gruesome. His foot was shaped like an L.",8800.0,positive,0.264,0.59,0.146,-0.5562
1o54gqu,1760344520.0,151,0.94,61,DISCUSSIONS,"49ers LB Fred Warner Out For Season Damn!

  
9ers getting hit hard with the injury bug,

Broken ankle.

 Fuck the niners and Fred did hit Stafford late that one time but I don’t wish breaking your leg like that on any human bc now for the next 6 months he’s gonna be in a cast a rehabbing. Injuries on a human level suck. Even though he’s a niner I don’t like seeing people get injuries",8800.0,positive,0.162,0.716,0.122,-0.088
1o54gqu,1760390036.0,151,0.94,61,DISCUSSIONS,"49ers LB Fred Warner Out For Season Damn!

  
9ers getting hit hard with the injury bug,

Broken ankle.

 Commanders QB and Kicker to give me 35 points combined",8800.0,positive,0.3,0.7,0.0,-0.8516
1o54gqu,1760452900.0,151,0.94,61,DISCUSSIONS,"49ers LB Fred Warner Out For Season Damn!

  
9ers getting hit hard with the injury bug,

Broken ankle.

 Damn near they whole starting roster out",8800.0,positive,0.394,0.606,0.0,-0.8999
1o53yh9,1760314140.0,453,1.0,3,MEMES,Nate Landman anytime he sees an undersized receiver with one hand on the ball  Ewwwe ahhhh,1812.0,positive,0.0,0.824,0.176,0.4939
1o53yh9,1760326601.0,302,1.0,3,MEMES,Nate Landman anytime he sees an undersized receiver with one hand on the ball  What a pick-up.,1208.0,positive,0.0,0.824,0.176,0.4939
1o53yh9,1760384408.0,151,1.0,3,MEMES,Nate Landman anytime he sees an undersized receiver with one hand on the ball  Lmao,604.0,positive,0.0,0.647,0.353,0.7964
1o50sxm,1760303684.0,65120,1.0,23,MEMES,LANDMAN CLAIMS MORE LAND  Manifest Destiny!,1562880.0,neutral,0.0,1.0,0.0,0.0
1o50sxm,1760303501.0,25900,1.0,23,MEMES,LANDMAN CLAIMS MORE LAND  The land expansion is coming along well,621600.0,neutral,0.0,0.826,0.174,0.2732
1o50sxm,1760303803.0,19980,1.0,23,MEMES,LANDMAN CLAIMS MORE LAND  ![gif](giphy|7j7FbwJByDYmYzLJba|downsized),479520.0,positive,0.0,1.0,0.0,0.0
1o50sxm,1760304271.0,20720,1.0,23,MEMES,LANDMAN CLAIMS MORE LAND  Thank you! My 2nd favorite victory tradition. Anyone know where shrink face guy is?,497280.0,positive,0.0,0.703,0.297,0.7761
1o50sxm,1760304730.0,8140,1.0,23,MEMES,LANDMAN CLAIMS MORE LAND  Sea to shining sea,195360.0,positive,0.0,1.0,0.0,0.0
1o50sxm,1760304975.0,6660,1.0,23,MEMES,LANDMAN CLAIMS MORE LAND  Someone find the biggest lake in the Baltimore area and put Lake’s face on it while we’re at it. ,159840.0,positive,0.0,1.0,0.0,0.0
1o50sxm,1760309684.0,6660,1.0,23,MEMES,LANDMAN CLAIMS MORE LAND  Landman claims the UK next week.,159840.0,positive,0.0,1.0,0.0,0.0
1o50sxm,1760305750.0,4440,1.0,23,MEMES,"LANDMAN CLAIMS MORE LAND  I was lookin forward to this meme today.

I really hope he sees it lmao!",106560.0,neutral,0.0,0.67,0.33,0.8118
1o50sxm,1760305421.0,3700,1.0,23,MEMES,"LANDMAN CLAIMS MORE LAND  We're not colleagues, and we're fucking colonizers!",88800.0,negative,0.0,1.0,0.0,0.0
1o50sxm,1760310382.0,3700,1.0,23,MEMES,LANDMAN CLAIMS MORE LAND  Claim the UK!!!,88800.0,positive,0.0,1.0,0.0,0.0
1o50sxm,1760304962.0,2220,1.0,23,MEMES,LANDMAN CLAIMS MORE LAND  This is awesome,53280.0,positive,0.0,0.594,0.406,0.6249
1o50sxm,1760307449.0,2220,1.0,23,MEMES,"LANDMAN CLAIMS MORE LAND  i fuckin love this, almost as much as i love LANDMAN!!! what a DOG this dude is",53280.0,positive,0.0,0.59,0.41,0.9205
1o50sxm,1760309830.0,1480,1.0,23,MEMES,LANDMAN CLAIMS MORE LAND  ![gif](giphy|i4e0V4Yqp8OD8NC3Da|downsized),35520.0,positive,0.0,1.0,0.0,0.0
1o50sxm,1760311639.0,1480,1.0,23,MEMES,LANDMAN CLAIMS MORE LAND  This man is really punching above his salary.,35520.0,positive,0.0,1.0,0.0,0.0
1o50sxm,1760305804.0,740,1.0,23,MEMES,LANDMAN CLAIMS MORE LAND  He just won’t stop!,17760.0,neutral,0.263,0.737,0.0,-0.3595
1o50sxm,1760362111.0,740,1.0,23,MEMES,"LANDMAN CLAIMS MORE LAND  This might be a silly question, how do we get California? Assuming home games aren’t being counted we have to win the @SF game?",17760.0,positive,0.0,0.826,0.174,0.644
1o50sxm,1760390110.0,740,1.0,23,MEMES,LANDMAN CLAIMS MORE LAND  I wish every state had a team but there substantive minor leagues for NFL.,17760.0,positive,0.0,0.865,0.135,0.3264
1o50sxm,1760391569.0,740,1.0,23,MEMES,LANDMAN CLAIMS MORE LAND  Where is the San Francisco,17760.0,positive,0.0,1.0,0.0,0.0
1o4zbvh,1760299933.0,48626,0.99,43,PHOTOS,Credit is where it's due! Kyren with a great catch! Courtesy of the Los Angeles Rams!  Left buttcheek inbounds!,2118149.0,positive,0.0,0.591,0.409,0.8852
1o4zbvh,1760301279.0,45068,0.99,43,PHOTOS,"Credit is where it's due! Kyren with a great catch! Courtesy of the Los Angeles Rams!  All the talk about the fumble last week, make no mistake that catch was essential to the win today. Kyren is still our guy!",1963162.0,neutral,0.089,0.637,0.274,0.8902
1o4zbvh,1760300027.0,12453,0.99,43,PHOTOS,Credit is where it's due! Kyren with a great catch! Courtesy of the Los Angeles Rams!  Sick ass catch and the throw was crazy to ,542453.0,positive,0.253,0.495,0.253,0.2206
1o4zbvh,1760300245.0,7116,0.99,43,PHOTOS,Credit is where it's due! Kyren with a great catch! Courtesy of the Los Angeles Rams!  Left cheek right cheek,309973.0,positive,0.0,0.614,0.386,0.8772
1o4zbvh,1760302359.0,7116,0.99,43,PHOTOS,"Credit is where it's due! Kyren with a great catch! Courtesy of the Los Angeles Rams!  Was a terrific catch. And he was putting both hands on the rock on his runs through traffic. Hopefully, he's learning ball security.",309973.0,positive,0.0,0.629,0.371,0.9537
1o4zbvh,1760302509.0,4151,0.99,43,PHOTOS,Credit is where it's due! Kyren with a great catch! Courtesy of the Los Angeles Rams!  Catch of the year - and probably his career. Amazing athleticism.,180818.0,positive,0.0,0.602,0.398,0.931
1o4zbvh,1760303245.0,3558,0.99,43,PHOTOS,Credit is where it's due! Kyren with a great catch! Courtesy of the Los Angeles Rams!  Did he get tripped up by #32 on that play too? That’s what the flag was for right? To stick with it and make the catch wow,154986.0,negative,0.0,0.69,0.31,0.9488
1o4zbvh,1760300352.0,6523,0.99,43,PHOTOS,Credit is where it's due! Kyren with a great catch! Courtesy of the Los Angeles Rams!  He improved today,284142.0,positive,0.0,0.515,0.485,0.9213
1o4zbvh,1760301836.0,2965,0.99,43,PHOTOS,"Credit is where it's due! Kyren with a great catch! Courtesy of the Los Angeles Rams!  https://i.redd.it/vb6zht34tquf1.gif

I believe!",129155.0,positive,0.0,0.575,0.425,0.8852
1o4zbvh,1760301969.0,2372,0.99,43,PHOTOS,Credit is where it's due! Kyren with a great catch! Courtesy of the Los Angeles Rams!  Clutch play,103324.0,positive,0.0,0.51,0.49,0.9095
1o4zbvh,1760315640.0,2965,0.99,43,PHOTOS,"Credit is where it's due! Kyren with a great catch! Courtesy of the Los Angeles Rams!  It was a great play. Couldn’t believe he was inbounds until they showed the replay. Hopefully, this is a step in the right direction for him, as we know he’s had his fumble issues lately. He’s an important part of our offense, and we need him to contribute if we want to succeed.",129155.0,positive,0.024,0.67,0.306,0.9704
1o4zbvh,1760302702.0,1779,0.99,43,PHOTOS,"Credit is where it's due! Kyren with a great catch! Courtesy of the Los Angeles Rams!  And he's got 2 hands on the ball this time. Hopefully, he learned his lesson.",77493.0,positive,0.0,0.662,0.338,0.9149
1o4zbvh,1760346331.0,1779,0.99,43,PHOTOS,Credit is where it's due! Kyren with a great catch! Courtesy of the Los Angeles Rams!  He played a great game. Does it quite make up for the fumbles? No. But it's a step in the right direction.,77493.0,positive,0.038,0.693,0.268,0.8237
1o4zbvh,1760363957.0,1186,0.99,43,PHOTOS,Credit is where it's due! Kyren with a great catch! Courtesy of the Los Angeles Rams!  Dawggin' it.,51662.0,positive,0.0,0.581,0.419,0.8772
1o4zbvh,1760305033.0,1186,0.99,43,PHOTOS,Credit is where it's due! Kyren with a great catch! Courtesy of the Los Angeles Rams!  Redemption,51662.0,neutral,0.0,0.563,0.437,0.8772
1o4zbvh,1760302044.0,593,0.99,43,PHOTOS,Credit is where it's due! Kyren with a great catch! Courtesy of the Los Angeles Rams!  [removed],25831.0,positive,0.0,0.563,0.437,0.8772
1o4yywy,1760299957.0,5940,1.0,9,PLAYER STATISTICS,"Matthew Stafford Passes Dan Marino for 9th on NFL’s All-Time Passing List — 🐐 https://sportscondensed.com/news/matthew-stafford-passes-dan-marino-for-9th-on-nfl-s-all-time-passing-list 
 -via Sports Condensed https://preview.redd.it/21dxsw5jnquf1.jpeg?width=1280&format=pjpg&auto=webp&s=13edd606c1cbab8efc737d53674039beb72a0aae",59400.0,positive,0.0,1.0,0.0,0.0
1o4yywy,1760300568.0,4752,1.0,9,PLAYER STATISTICS,"Matthew Stafford Passes Dan Marino for 9th on NFL’s All-Time Passing List — 🐐 https://sportscondensed.com/news/matthew-stafford-passes-dan-marino-for-9th-on-nfl-s-all-time-passing-list 
 -via Sports Condensed If he can get us back to the SB, hell even just the NFCCG, I think that will lock it up for him. Passing a few more milestones up the all-time list won't hurt either.

It's ironic, but I think Russ sucking so bad after leaving Seattle kinda helps Stafford's case a bit. Great QBs keep being great no matter who's around them. And even when Stafford has an off day (like today against the Ravens), when he's out there, it feels like we have a chance of winning.",47520.0,neutral,0.102,0.684,0.215,0.9389
1o4yywy,1760301666.0,1980,1.0,9,PLAYER STATISTICS,"Matthew Stafford Passes Dan Marino for 9th on NFL’s All-Time Passing List — 🐐 https://sportscondensed.com/news/matthew-stafford-passes-dan-marino-for-9th-on-nfl-s-all-time-passing-list 
 -via Sports Condensed Glock 9, Future HOFer",19800.0,neutral,0.0,1.0,0.0,0.0
1o4yywy,1760301211.0,1782,1.0,9,PLAYER STATISTICS,"Matthew Stafford Passes Dan Marino for 9th on NFL’s All-Time Passing List — 🐐 https://sportscondensed.com/news/matthew-stafford-passes-dan-marino-for-9th-on-nfl-s-all-time-passing-list 
 -via Sports Condensed Congrats! Hope he can move up the list even further!",17820.0,positive,0.0,0.777,0.223,0.7835
1o4yywy,1760300998.0,990,1.0,9,PLAYER STATISTICS,"Matthew Stafford Passes Dan Marino for 9th on NFL’s All-Time Passing List — 🐐 https://sportscondensed.com/news/matthew-stafford-passes-dan-marino-for-9th-on-nfl-s-all-time-passing-list 
 -via Sports Condensed First ballot Hall Of Famer!",9900.0,positive,0.0,1.0,0.0,0.0
1o4yywy,1760311152.0,594,1.0,9,PLAYER STATISTICS,"Matthew Stafford Passes Dan Marino for 9th on NFL’s All-Time Passing List — 🐐 https://sportscondensed.com/news/matthew-stafford-passes-dan-marino-for-9th-on-nfl-s-all-time-passing-list 
 -via Sports Condensed Legend",5940.0,neutral,0.0,1.0,0.0,0.0
1o4yywy,1760369679.0,198,1.0,9,PLAYER STATISTICS,"Matthew Stafford Passes Dan Marino for 9th on NFL’s All-Time Passing List — 🐐 https://sportscondensed.com/news/matthew-stafford-passes-dan-marino-for-9th-on-nfl-s-all-time-passing-list 
 -via Sports Condensed My question is if he gets the MVP and one more Super Bowl but retires the same year as Rodgers… what do the voters do? I know I’m putting in Mathew but I don’t think they will.",1980.0,neutral,0.0,0.951,0.049,0.3811
1o4yywy,1760413315.0,198,1.0,9,PLAYER STATISTICS,"Matthew Stafford Passes Dan Marino for 9th on NFL’s All-Time Passing List — 🐐 https://sportscondensed.com/news/matthew-stafford-passes-dan-marino-for-9th-on-nfl-s-all-time-passing-list 
 -via Sports Condensed Fire Aaron Glenn NOW!",1980.0,neutral,0.124,0.876,0.0,-0.4003
1o4yxkw,1760299910.0,110344,0.98,49,MEMES,"Nice we won  https://preview.redd.it/z3onrkkanquf1.jpeg?width=480&format=pjpg&auto=webp&s=aeecaf6376a9e2b513d78b91832ec1db9780d0ef

In other news, go Bucs, go Baker. Stunt on those 9er hoes.",5406856.0,neutral,0.0,0.683,0.317,0.7579
1o4yxkw,1760299871.0,27586,0.98,49,MEMES,Nice we won  I am on Wembley next week to watch us crush the jags I hope nacua plays ,1351714.0,negative,0.064,0.48,0.456,0.8689
1o4yxkw,1760299574.0,43501,0.98,49,MEMES,"Nice we won  Ugly win but we’ll take it. Hope we improve from this, jags ain’t gonna be easy",2131549.0,negative,0.066,0.371,0.563,0.9437
1o4yxkw,1760299176.0,26525,0.98,49,MEMES,Nice we won  i yoink this to explain my experience the last games to my fam....,1299725.0,positive,0.0,0.667,0.333,0.7579
1o4yxkw,1760299268.0,10610,0.98,49,MEMES,Nice we won  Right!? 😂 I am so tired of being a 2nd-half-come-from-behind-or-bad-start Team!,519890.0,positive,0.199,0.425,0.376,0.5176
1o4yxkw,1760299776.0,12732,0.98,49,MEMES,Nice we won  special teams and redzone offense has to get cleaned up. today was too ugly.,623868.0,negative,0.2,0.453,0.347,0.5994
1o4yxkw,1760299172.0,11671,0.98,49,MEMES,Nice we won  😂,571879.0,neutral,0.0,0.133,0.867,0.7579
1o4yxkw,1760299597.0,5305,0.98,49,MEMES,"Nice we won  Wins are always nice, even ugly stumbling ones like this.",259945.0,positive,0.128,0.271,0.601,0.9042
1o4yxkw,1760299879.0,6366,0.98,49,MEMES,Nice we won  Stafford fucked me in fantasy but a win is a win,311934.0,positive,0.111,0.287,0.602,0.9178
1o4yxkw,1760299999.0,3183,0.98,49,MEMES,Nice we won  https://preview.redd.it/mmnxocqnnquf1.jpeg?width=1320&format=pjpg&auto=webp&s=abb26954231d226f6d9501f7e2d2fe7945b914a2,155967.0,positive,0.0,0.235,0.765,0.7579
1o4yxkw,1760300546.0,3183,0.98,49,MEMES,"Nice we won  Nice, should be replaced by “thank god,”",155967.0,positive,0.0,0.429,0.571,0.8519
1o4yxkw,1760309238.0,3183,0.98,49,MEMES,Nice we won  First half was UCLAs first four games.  Second half was UCLAs last two games.,155967.0,neutral,0.0,0.698,0.302,0.7579
1o4yxkw,1760311454.0,3183,0.98,49,MEMES,Nice we won  Tied for first,155967.0,positive,0.0,0.381,0.619,0.7579
1o4yxkw,1760301804.0,2122,0.98,49,MEMES,"Nice we won  First half was yucky

Second half is how we should’ve been from the start

But bodes well that we actually finished well rather than petering out and choking the game away",103978.0,positive,0.136,0.644,0.22,0.3919
1o4yxkw,1760307487.0,2122,0.98,49,MEMES,Nice we won  Had friends checking in on me when Puka went down.,103978.0,positive,0.0,0.51,0.49,0.8625
1o4yxkw,1760360170.0,2122,0.98,49,MEMES,Nice we won  Basically my entire life as a Rams and Husker fan!,103978.0,neutral,0.0,0.497,0.503,0.8439
1o4yxkw,1760310935.0,3183,0.98,49,MEMES,"Nice we won  Bro am i the only Rams fan that ain’t happy here?
Every win is because the other team messed up bad. This time Zay Flowers fumbles twice, this luck is gonna run out.",155967.0,neutral,0.112,0.512,0.376,0.9313
1o4yxkw,1760301789.0,1061,0.98,49,MEMES,Nice we won  Noice,51989.0,negative,0.0,0.235,0.765,0.7579
1o4yxkw,1760303733.0,1061,0.98,49,MEMES,"Nice we won  So bad, but a win is a win",51989.0,neutral,0.11,0.183,0.707,0.933
1o4yxkw,1760304838.0,1061,0.98,49,MEMES,Nice we won  This is totally on point,51989.0,negative,0.0,0.48,0.52,0.7579
1o4yhqb,1760297927.0,1400,0.99,9,PHOTOS,My view of today’s game from the nosebleeds  Great pics,13860.0,neutral,0.0,0.687,0.313,0.6249
1o4yhqb,1760297991.0,875,0.99,9,PHOTOS,My view of today’s game from the nosebleeds  That Stafford throw pic is sweet,8662.0,neutral,0.0,0.812,0.188,0.4588
1o4yhqb,1760298855.0,700,0.99,9,PHOTOS,My view of today’s game from the nosebleeds  Did you have fun?! That was a sweet 3rd quarter! 👏👏👏,6930.0,positive,0.0,0.826,0.174,0.555
1o4yhqb,1760300865.0,700,0.99,9,PHOTOS,My view of today’s game from the nosebleeds  Nosebleeds are lowkey better to see everything imo. Nice photos.,6930.0,neutral,0.0,0.737,0.263,0.6908
1o4yhqb,1760309799.0,525,0.99,9,PHOTOS,My view of today’s game from the nosebleeds  Man I wish we had natural grass in SoFi. Player safety #1 of course but the aesthetics too 💨,5198.0,positive,0.0,0.8,0.2,0.5423
1o4yhqb,1760299006.0,350,0.99,9,PHOTOS,My view of today’s game from the nosebleeds  Good stuff!,3465.0,neutral,0.0,0.738,0.262,0.4926
1o4yhqb,1760306422.0,350,0.99,9,PHOTOS,My view of today’s game from the nosebleeds  Very cool!,3465.0,negative,0.0,0.757,0.243,0.4376
1o4yhqb,1760354587.0,175,0.99,9,PHOTOS,My view of today’s game from the nosebleeds  You have a very nice camera,1732.0,neutral,0.0,0.795,0.205,0.4754
1o4xhmn,1760296015.0,7595,1.0,11,SHITPOSTS,LandMan Punch!  15 tackles = Another game ball.,91140.0,positive,0.0,1.0,0.0,0.0
1o4xhmn,1760295777.0,4900,1.0,11,SHITPOSTS,LandMan Punch!  ![gif](giphy|l1J3G5lf06vi58EIE),58800.0,negative,0.0,1.0,0.0,0.0
1o4xhmn,1760296128.0,3430,1.0,11,SHITPOSTS,LandMan Punch!  Arguably the best Zimbabwean player of all time?,41160.0,neutral,0.138,0.552,0.31,0.5411
1o4xhmn,1760296206.0,2695,1.0,11,SHITPOSTS,LandMan Punch!  Mfer got that c stick down,32340.0,negative,0.0,1.0,0.0,0.0
1o4xhmn,1760296472.0,2205,1.0,11,SHITPOSTS,LandMan Punch!  One Punch Landman!!,26460.0,positive,0.0,1.0,0.0,0.0
1o4xhmn,1760296231.0,1225,1.0,11,SHITPOSTS,LandMan Punch!  ![gif](giphy|l0Iy2vqY7cTFR3RGE),14700.0,neutral,0.0,1.0,0.0,0.0
1o4xhmn,1760297367.0,490,1.0,11,SHITPOSTS,LandMan Punch!  NPPL!,5880.0,neutral,0.0,1.0,0.0,0.0
1o4xhmn,1760297596.0,490,1.0,11,SHITPOSTS,LandMan Punch!  hahahaha,5880.0,negative,0.0,1.0,0.0,0.0
1o4xhmn,1760305555.0,490,1.0,11,SHITPOSTS,LandMan Punch!  LANDMINE! 💥,5880.0,positive,0.0,1.0,0.0,0.0
1o2s27w,1760074566.0,33028,0.96,14,MEMES,Rams could learn something  I argue that the Eagles didn’t beat us.  We beat ourselves.,475603.0,negative,0.156,0.844,0.0,-0.34
1o2s27w,1760079616.0,6462,0.96,14,MEMES,Rams could learn something  We bungled it with horrendous FG protection and practice squad CB's getting exposed.,93053.0,negative,0.254,0.746,0.0,-0.6249
1o2s27w,1760117088.0,2154,0.96,14,MEMES,Rams could learn something  I would love to have Skattebo he has a real Rams heart and head 😂,31018.0,negative,0.0,0.781,0.219,0.6369
1o2s27w,1760076279.0,1795,0.96,14,MEMES,"Rams could learn something  When you don’t fumble at the 1, you’re gonna have a ~~bad~~ good time.",25848.0,negative,0.0,0.847,0.153,0.4404
1o2s27w,1760112102.0,359,0.96,14,MEMES,Rams could learn something  Their kicker missed a PAT.,5170.0,negative,0.239,0.761,0.0,-0.296
1o2s27w,1760290077.0,359,0.96,14,MEMES,Rams could learn something  Add the Seahawks on here,5170.0,negative,0.0,1.0,0.0,0.0
1o2pv72,1760065915.0,19929,0.97,41,MEMES,"On one hand, this is hilarious and I love it. On the other hand, it would mean we lost to a team that lost to the Giants..  After 4 tush pushes in a row, they deserve to lose.   
Karma is a b\*tch",811907.0,positive,0.144,0.593,0.263,0.7906
1o2pv72,1760066037.0,5694,0.97,41,MEMES,"On one hand, this is hilarious and I love it. On the other hand, it would mean we lost to a team that lost to the Giants..  Ehhh. Giants are just doing what we should've and thats finishing drives. Eagles could veryyyyyyy easily be winless right now if things fall the opposite way at then of these games. Us, Chiefs, Dallas. Granted they didn't but still a fun thought cause fuck Philly",231974.0,neutral,0.141,0.716,0.144,-0.4124
1o2pv72,1760066338.0,4380,0.97,41,MEMES,"On one hand, this is hilarious and I love it. On the other hand, it would mean we lost to a team that lost to the Giants..  Nah fuck the eagles. Tonight has been great.",178441.0,positive,0.187,0.472,0.342,0.872
1o2pv72,1760066257.0,3066,0.97,41,MEMES,"On one hand, this is hilarious and I love it. On the other hand, it would mean we lost to a team that lost to the Giants..  I'm glad because now I know a contender can lose to a team missing star players 😅",124909.0,positive,0.172,0.506,0.322,0.8519
1o2pv72,1760067707.0,2190,0.97,41,MEMES,"On one hand, this is hilarious and I love it. On the other hand, it would mean we lost to a team that lost to the Giants..  Both of our losses have been self inflicted",89221.0,neutral,0.157,0.558,0.285,0.7906
1o2pv72,1760066911.0,1752,0.97,41,MEMES,"On one hand, this is hilarious and I love it. On the other hand, it would mean we lost to a team that lost to the Giants..  Rams showed the blueprint on how to beat the eagles.",71376.0,neutral,0.098,0.618,0.284,0.8658
1o2pv72,1760066328.0,1314,0.97,41,MEMES,"On one hand, this is hilarious and I love it. On the other hand, it would mean we lost to a team that lost to the Giants..  Football is fluid.

Unpredictable.

No matter what the media says.

Or reddit users!

I guess that's why we watch it.

Commercials are fcking brutal though!



Go Rams!",53532.0,neutral,0.16,0.616,0.224,0.6571
1o2pv72,1760065932.0,3942,0.97,41,MEMES,"On one hand, this is hilarious and I love it. On the other hand, it would mean we lost to a team that lost to the Giants..  Idgaf the combo of Dart, Skatta, and Goddert has me 80 fantasy points and once the giants win my parlay is hitting snd making me $500",160597.0,positive,0.07,0.67,0.26,0.926
1o2pv72,1760065949.0,2190,0.97,41,MEMES,"On one hand, this is hilarious and I love it. On the other hand, it would mean we lost to a team that lost to the Giants..  MetLife stadium has more Eagles fans than Giants fans yet it sound like a 100% only fully packed crowd of Giants fans.

Shows you that if a team just whoop the opposing team ass, the opposing fans ain't gonna make a peep and the media wouldn't give a shit about the number of opposing fans at the game.

The opposing fans shit at SoFi only gets pointed out cause the Rams keep losing. If the Rams whoop the 49ers at SoFi, there would be no media discussion focusing on the crowd makeup of the game.",89221.0,positive,0.093,0.742,0.165,0.8764
1o2pv72,1760066753.0,1095,0.97,41,MEMES,"On one hand, this is hilarious and I love it. On the other hand, it would mean we lost to a team that lost to the Giants..  If we had a Scattebo and not Kyren we’d be a Superbowl team",44610.0,positive,0.096,0.626,0.278,0.8658
1o2pv72,1760066467.0,438,0.97,41,MEMES,"On one hand, this is hilarious and I love it. On the other hand, it would mean we lost to a team that lost to the Giants..  Special teams lost us that game",17844.0,neutral,0.15,0.501,0.349,0.8779
1o2pv72,1760066812.0,438,0.97,41,MEMES,"On one hand, this is hilarious and I love it. On the other hand, it would mean we lost to a team that lost to the Giants..  and the giants lost to the saints, handily - the saints only win on the year so far.",17844.0,neutral,0.119,0.586,0.295,0.9042
1o2pv72,1760067180.0,438,0.97,41,MEMES,"On one hand, this is hilarious and I love it. On the other hand, it would mean we lost to a team that lost to the Giants..  The NFL is a weird bitch, and if you try to get comfortable with her she will peg you straight in the ass.",17844.0,neutral,0.2,0.529,0.272,0.7096
1o2pv72,1760066259.0,219,0.97,41,MEMES,"On one hand, this is hilarious and I love it. On the other hand, it would mean we lost to a team that lost to the Giants..  Those 2 teams have been going at it for almost a century. I think they know each other well",8922.0,neutral,0.085,0.63,0.285,0.8957
1o2pv72,1760066569.0,219,0.97,41,MEMES,"On one hand, this is hilarious and I love it. On the other hand, it would mean we lost to a team that lost to the Giants..  Any given Sunday or in this case, Thursday. They are the great equalizer, as are division games.",8922.0,neutral,0.081,0.614,0.305,0.93
1o2pv72,1760074722.0,219,0.97,41,MEMES,"On one hand, this is hilarious and I love it. On the other hand, it would mean we lost to a team that lost to the Giants..  Dont overthink it. Just enjoy it",8922.0,neutral,0.102,0.532,0.366,0.9169
1o2pv72,1760081946.0,219,0.97,41,MEMES,"On one hand, this is hilarious and I love it. On the other hand, it would mean we lost to a team that lost to the Giants..  Some guys said eagles will sooner or later suffer from super bowl exhaustion seems to be true",8922.0,neutral,0.169,0.511,0.319,0.886
1o2pv72,1760117459.0,219,0.97,41,MEMES,"On one hand, this is hilarious and I love it. On the other hand, it would mean we lost to a team that lost to the Giants..  Objectively hilarious. Losing to (what appears to be) a crappy eagles team and a hobbled 49ers team isn’t like anything to hang a banner over, but funny is funny.",8922.0,neutral,0.112,0.588,0.301,0.9109
1o2pv72,1760129250.0,219,0.97,41,MEMES,"On one hand, this is hilarious and I love it. On the other hand, it would mean we lost to a team that lost to the Giants..  NFL is about consistency. Anyone can beat anyone in a one-off.",8922.0,neutral,0.098,0.618,0.284,0.8658
1o1hnbe,1759946492.0,15645,0.93,56,PLAYER STATISTICS,"Kyren Williams has logged 50+ yards from scrimmage in 33 consecutive games, the longest active streak in the NFL  No point in posting anything positive about KW.  This sub will just drop 150 fumble comments.",829341.0,neutral,0.103,0.745,0.151,0.4588
1o1hnbe,1759949225.0,2682,0.93,56,PLAYER STATISTICS,"Kyren Williams has logged 50+ yards from scrimmage in 33 consecutive games, the longest active streak in the NFL  Kyren led the league in highest percentage of RB touches per team. Mcvay loves himself a bell cow. Kyren has held up which is nice. But this is a volume stat more than anything",142173.0,negative,0.0,0.887,0.113,0.6249
1o1hnbe,1759949589.0,745,0.93,56,PLAYER STATISTICS,"Kyren Williams has logged 50+ yards from scrimmage in 33 consecutive games, the longest active streak in the NFL  I’ll give this to Kyren, he’s very durable.",39492.0,neutral,0.0,0.906,0.094,0.4019
1o1hnbe,1759953984.0,894,0.93,56,PLAYER STATISTICS,"Kyren Williams has logged 50+ yards from scrimmage in 33 consecutive games, the longest active streak in the NFL  idc bro fumbles",47391.0,negative,0.0,0.886,0.114,0.4019
1o1hnbe,1759953568.0,447,0.93,56,PLAYER STATISTICS,"Kyren Williams has logged 50+ yards from scrimmage in 33 consecutive games, the longest active streak in the NFL  All that doesn't mean shit if he fumbles during key moments that cost the team a W ESPECIALLY IN THE PLAYOFFS!!!

That being said I hope he really fixes the fumbling issue because he's a solid rb",23695.0,neutral,0.0,0.814,0.186,0.875
1o1hnbe,1759946446.0,2682,0.93,56,PLAYER STATISTICS,"Kyren Williams has logged 50+ yards from scrimmage in 33 consecutive games, the longest active streak in the NFL  Great… just stop fumbling..",142173.0,neutral,0.085,0.811,0.104,0.128
1o1hnbe,1759947522.0,2533,0.93,56,PLAYER STATISTICS,"Kyren Williams has logged 50+ yards from scrimmage in 33 consecutive games, the longest active streak in the NFL  I believe in you Kyren!",134274.0,neutral,0.0,0.88,0.12,0.4574
1o1hnbe,1759957480.0,298,0.93,56,PLAYER STATISTICS,"Kyren Williams has logged 50+ yards from scrimmage in 33 consecutive games, the longest active streak in the NFL  I can end this streak by adding him to my parlay.",15797.0,neutral,0.0,0.912,0.088,0.4019
1o1hnbe,1759975152.0,298,0.93,56,PLAYER STATISTICS,"Kyren Williams has logged 50+ yards from scrimmage in 33 consecutive games, the longest active streak in the NFL  Jarquez Hunter will get 10-15 carries this week.",15797.0,positive,0.0,0.906,0.094,0.4019
1o1hnbe,1759950711.0,596,0.93,56,PLAYER STATISTICS,"Kyren Williams has logged 50+ yards from scrimmage in 33 consecutive games, the longest active streak in the NFL  This is literally just a volume stat that results from being in a good offense. Like look at what mcvay did with CJ Anderson off the street in 2018 you have to be a terrible rb to not have statistical success in a mcvay offense.


Kyrens issue is that he offers 0 homerun hitting ability can literally only run up the gut cuz hes too slow to break the edge and is a turnover machine with little upside. Hes a nice guy I like his story and hes a good locker room presence and pass blocker but the extension was a failure by the front office. He needs to be exclusively a 3rd down and redzone back moving forward and corum / hunter need to be the 1 2 punch moving forward on early downs.",31594.0,positive,0.076,0.841,0.083,-0.2098
1o1hnbe,1759958053.0,596,0.93,56,PLAYER STATISTICS,"Kyren Williams has logged 50+ yards from scrimmage in 33 consecutive games, the longest active streak in the NFL  Since 2023, only one player has more TDs scored than Kyren (35): Jahmyr Gibbs (36).  That's more than Derrick Henry, Barkley, Amon-Ra, Chase, even all the Hurts stupid tush-push TDs.

I also wish he would keep the ball of the ground but I like touchdowns and I remember the Akers/Henderson years so I'm glad Kyren is here.",31594.0,positive,0.051,0.811,0.138,0.7974
1o1hnbe,1759946460.0,1043,0.93,56,PLAYER STATISTICS,"Kyren Williams has logged 50+ yards from scrimmage in 33 consecutive games, the longest active streak in the NFL  Still fumbled at the goal-line 🤗",55289.0,positive,0.0,0.895,0.105,0.4019
1o1hnbe,1759947032.0,894,0.93,56,PLAYER STATISTICS,"Kyren Williams has logged 50+ yards from scrimmage in 33 consecutive games, the longest active streak in the NFL  He still going to find a way to fumble, I don’t care about practice reports..it’s practice! You supposed to do good or learn from mistakes or work on certain aspects during practice. DONT FUMBLE!",47391.0,negative,0.042,0.767,0.191,0.8395
1o1hnbe,1759948545.0,447,0.93,56,PLAYER STATISTICS,"Kyren Williams has logged 50+ yards from scrimmage in 33 consecutive games, the longest active streak in the NFL  Great. Now only if he could hold onto the ball while doing it.

Tired of hearing about how good his stats are by fantasy players. Dude blows games.",23695.0,positive,0.052,0.773,0.174,0.7783
1o1hnbe,1759952742.0,149,0.93,56,PLAYER STATISTICS,"Kyren Williams has logged 50+ yards from scrimmage in 33 consecutive games, the longest active streak in the NFL  Don’t care he fumbles at the worst fkn time after time.",7898.0,positive,0.111,0.73,0.159,0.2023
1o1hnbe,1759947152.0,447,0.93,56,PLAYER STATISTICS,"Kyren Williams has logged 50+ yards from scrimmage in 33 consecutive games, the longest active streak in the NFL  Fucking Fumbles McGee",23695.0,positive,0.0,0.886,0.114,0.4019
1o1hnbe,1759948500.0,149,0.93,56,PLAYER STATISTICS,"Kyren Williams has logged 50+ yards from scrimmage in 33 consecutive games, the longest active streak in the NFL  Doesn’t matter if you fumble away a playoff game and a chance to lead the division.",7898.0,neutral,0.0,0.838,0.162,0.5859
1o1hnbe,1759958335.0,149,0.93,56,PLAYER STATISTICS,"Kyren Williams has logged 50+ yards from scrimmage in 33 consecutive games, the longest active streak in the NFL  kyren williams is the brett farve of running backs",7898.0,,0.04,0.87,0.09,0.3612
1o1hnbe,1760015100.0,149,0.93,56,PLAYER STATISTICS,"Kyren Williams has logged 50+ yards from scrimmage in 33 consecutive games, the longest active streak in the NFL  Could you imagine an elite RB in this offense. Or one that has breakaway speed?",7898.0,,0.061,0.866,0.073,0.1154
1o0voxs,1759882985.0,8232,1.0,11,SOCIAL MEDIA,K Dot’s story on Instagram! Dude loves being a Ram! God I fucking love KDOT. He's really become such a Ram through and through.,98784.0,,0.0,0.61,0.39,0.8974
1o0voxs,1759882737.0,3136,1.0,11,SOCIAL MEDIA,K Dot’s story on Instagram! Dude loves being a Ram! This gets me hyped! Bring me Baltimore *NOW*!,37632.0,,0.0,0.755,0.245,0.7067
1o0voxs,1759886533.0,3136,1.0,11,SOCIAL MEDIA,K Dot’s story on Instagram! Dude loves being a Ram! https://preview.redd.it/0hr51q0mfstf1.jpeg?width=941&format=pjpg&auto=webp&s=310327c436a6978886e79f68dc9da69983f4b948,37632.0,,0.0,0.651,0.349,0.6467
1o0voxs,1759883986.0,1568,1.0,11,SOCIAL MEDIA,K Dot’s story on Instagram! Dude loves being a Ram! ![gif](giphy|e6lY57umXBKNtMqDvJ),18816.0,,0.0,0.636,0.364,0.6784
1o0voxs,1759888430.0,1372,1.0,11,SOCIAL MEDIA,K Dot’s story on Instagram! Dude loves being a Ram! Puka: “You think I’m pretty?” 👉👈,16464.0,,0.0,0.752,0.248,0.6467
1o0voxs,1759889117.0,392,1.0,11,SOCIAL MEDIA,"K Dot’s story on Instagram! Dude loves being a Ram! Now this was a great free agent signing 

Kdot too",4704.0,,0.0,0.545,0.455,0.9133
1o0voxs,1759900214.0,392,1.0,11,SOCIAL MEDIA,K Dot’s story on Instagram! Dude loves being a Ram! Kdot is actually the Rams spirit animal.,4704.0,,0.0,0.685,0.315,0.717
1o0voxs,1759929723.0,392,1.0,11,SOCIAL MEDIA,K Dot’s story on Instagram! Dude loves being a Ram! ![gif](giphy|YjYuaeePeFcN6ho5zO|downsized),4704.0,,0.0,0.636,0.364,0.6784
1o0nsnh,1759864841.0,3384,0.98,53,DISCUSSIONS,"Came across this tweet today, and he's right! Any additional thoughts? I'll add that there should be less incomplete passes, stupid penalties, and better coverage outside soft zone or whatever it is because as soon as teams go for the passing game, it's atrocious to see how exposed we're!  I think everyone is pounding their fist to see Hunter but him having zero carries so far is very telling to me. Coaching staff must not think he’s ready based off of what they’ve seen in practice. 

As for Avila, I obviously want to see him back in the lineup but Dedich has been fine and I’m OK with him getting another start if we need one more week to get Avila back to 100%. 

I know everyone has a “Sky is falling” mentality right now but the reality is that the offense is moving the ball extremely well in both the run and pass game right now. If not for some bad fumbles and wide open drops, this offense was absolutely humming last week. We have some things to clean up but by no means should we try to flip the world on its head.",179081.0,,0.064,0.839,0.097,0.8323
1o0nsnh,1759864416.0,4371,0.98,53,DISCUSSIONS,"Came across this tweet today, and he's right! Any additional thoughts? I'll add that there should be less incomplete passes, stupid penalties, and better coverage outside soft zone or whatever it is because as soon as teams go for the passing game, it's atrocious to see how exposed we're!  All good points.

I would like to add that McVay needs to be more creative in the RZ - and perhaps a combination of Ferguson and Hunter can help with that.

One more: Stop passing the ball to Corum. He has some of the worst hands/catch instincts from a RB I’ve seen in recent memory.",231313.0,,0.094,0.779,0.127,0.5786
1o0nsnh,1759865193.0,1410,0.98,53,DISCUSSIONS,"Came across this tweet today, and he's right! Any additional thoughts? I'll add that there should be less incomplete passes, stupid penalties, and better coverage outside soft zone or whatever it is because as soon as teams go for the passing game, it's atrocious to see how exposed we're!  Knowing how McVay operates, there will be no changes at RB.",74617.0,,0.109,0.847,0.044,-0.5139
1o0nsnh,1759863726.0,3243,0.98,53,DISCUSSIONS,"Came across this tweet today, and he's right! Any additional thoughts? I'll add that there should be less incomplete passes, stupid penalties, and better coverage outside soft zone or whatever it is because as soon as teams go for the passing game, it's atrocious to see how exposed we're!  Still waiting to see what we do about bringing in another corner as well",171620.0,,0.064,0.855,0.081,0.2841
1o0nsnh,1759864346.0,1128,0.98,53,DISCUSSIONS,"Came across this tweet today, and he's right! Any additional thoughts? I'll add that there should be less incomplete passes, stupid penalties, and better coverage outside soft zone or whatever it is because as soon as teams go for the passing game, it's atrocious to see how exposed we're!  One thousand percent agree with everything here, but Hunter def ain't getting no carries this soon.",59694.0,,0.046,0.859,0.095,0.5264
1o0nsnh,1759871458.0,705,0.98,53,DISCUSSIONS,"Came across this tweet today, and he's right! Any additional thoughts? I'll add that there should be less incomplete passes, stupid penalties, and better coverage outside soft zone or whatever it is because as soon as teams go for the passing game, it's atrocious to see how exposed we're!  Jake Tonges, CMC, and Kyle Juszczyk had 18 catches on 24 targets between the 3 of them cuz our defense played such soft zone coverage. When we finally started pressing them to take away the underneath stuff, we started getting them off the field. We rarely made Mac Jones hold on to the ball and beat us; he averaged 4.5 air yards per pass attempt.",37309.0,,0.037,0.901,0.062,0.4493
1o0nsnh,1759865425.0,846,0.98,53,DISCUSSIONS,"Came across this tweet today, and he's right! Any additional thoughts? I'll add that there should be less incomplete passes, stupid penalties, and better coverage outside soft zone or whatever it is because as soon as teams go for the passing game, it's atrocious to see how exposed we're!  I agree with 3-5 but Ferguson and Hunter aren't going to play significant snaps until they show that they can do their part protecting Stafford. The season depends on him staying healthy. If one of them whiffs on a block and gets Stafford hurt, that's honestly a fire-able offense. If they were ready, they'd be out there. Maybe we'll see them eventually this year, but if not, it's because McVay doesn't trust them yet.",44770.0,,0.144,0.74,0.116,-0.6321
1o0nsnh,1759871552.0,705,0.98,53,DISCUSSIONS,"Came across this tweet today, and he's right! Any additional thoughts? I'll add that there should be less incomplete passes, stupid penalties, and better coverage outside soft zone or whatever it is because as soon as teams go for the passing game, it's atrocious to see how exposed we're!  The improvement I would most like to see from last week is Shula not having our CBs playing 12 yds off the ball giving a free 7 yds whenever they want it. At least make them beat us don’t just give it away",37309.0,,0.043,0.78,0.176,0.9125
1o0nsnh,1759863799.0,987,0.98,53,DISCUSSIONS,"Came across this tweet today, and he's right! Any additional thoughts? I'll add that there should be less incomplete passes, stupid penalties, and better coverage outside soft zone or whatever it is because as soon as teams go for the passing game, it's atrocious to see how exposed we're!  Working in Hunter is a must. There has to be some consequence to the fumbles by the others and even without those mistakes, we are in sore need of game breaking speed and pass catching at the RB position.",52232.0,,0.08,0.867,0.053,-0.3633
1o0nsnh,1759865565.0,423,0.98,53,DISCUSSIONS,"Came across this tweet today, and he's right! Any additional thoughts? I'll add that there should be less incomplete passes, stupid penalties, and better coverage outside soft zone or whatever it is because as soon as teams go for the passing game, it's atrocious to see how exposed we're!  McVay still has his team in vanilla mode right now. You don't want your ""gotta have it"" plays on display in the 1st quarter of the season. This team might look completely different scheme-wise after the bye. I caught a reel of [Edleman's podcast ](https://youtu.be/JL9T6eFDkPI?si=eG2ejIiIysfNmaB0) where he said the patriots take 8 weeks to learn their identity. I'm all for redshirting your rookies til next man up is enforced. Hopefully, by then, your scheme is installed in them closer to 100%.",22385.0,,0.042,0.895,0.063,0.5975
1o0nsnh,1759863904.0,705,0.98,53,DISCUSSIONS,"Came across this tweet today, and he's right! Any additional thoughts? I'll add that there should be less incomplete passes, stupid penalties, and better coverage outside soft zone or whatever it is because as soon as teams go for the passing game, it's atrocious to see how exposed we're!  Just one more:  Quit going for the home run on stretch plays on 3rd (and 4th) and short.

I know McVay REALLY wants one of these to hit, but he always is calling for Stafford to make a pinpoint throw (seam route, go route down the sideline, etc.) and hit a partially covered receiver in stride from 20+ yards away.  Obviously, Staff can (and does) easily do this, but it requires too much finesse and precision (and risk) for a play that simply needs to move the chains.  Quick slants or quick outs, Sean.  I know it's meat and potatoes and ""the normal "" call, but just get the damn first down and keep the chains moving. Quit calling so many ""drop it in the bucket"" passes on 3rd and 2.",37309.0,,0.056,0.892,0.052,-0.1949
1o0nsnh,1759864183.0,564,0.98,53,DISCUSSIONS,"Came across this tweet today, and he's right! Any additional thoughts? I'll add that there should be less incomplete passes, stupid penalties, and better coverage outside soft zone or whatever it is because as soon as teams go for the passing game, it's atrocious to see how exposed we're!  Time to move off Corum. He literally adds nothing to the team. He’s a Kyren Williams clone who’s not as good but just as mistake prone. Harbaugh’s two RBs are injured and he got the most production out of Corum at MI. This is the time to do it.",29847.0,,0.116,0.866,0.019,-0.8483
1o0nsnh,1759863765.0,282,0.98,53,DISCUSSIONS,"Came across this tweet today, and he's right! Any additional thoughts? I'll add that there should be less incomplete passes, stupid penalties, and better coverage outside soft zone or whatever it is because as soon as teams go for the passing game, it's atrocious to see how exposed we're!  Now, it doesn't mean they have to rush everyone out there, but a gradual exposure to key snaps should be key! This also means a delicate balance to target them rather than just one or two guys we know who they are!  
Edit: One of my issues with Stafford is that he doesn't always target more guys even when their chances are open in films! This is probably my own gripe with him!",14923.0,,0.026,0.921,0.053,0.5267
1o0nsnh,1759866256.0,282,0.98,53,DISCUSSIONS,"Came across this tweet today, and he's right! Any additional thoughts? I'll add that there should be less incomplete passes, stupid penalties, and better coverage outside soft zone or whatever it is because as soon as teams go for the passing game, it's atrocious to see how exposed we're!  6. stop fumbling the ball in outcome-determining drives.",14923.0,,0.114,0.84,0.046,-0.5139
1o0nsnh,1759872790.0,282,0.98,53,DISCUSSIONS,"Came across this tweet today, and he's right! Any additional thoughts? I'll add that there should be less incomplete passes, stupid penalties, and better coverage outside soft zone or whatever it is because as soon as teams go for the passing game, it's atrocious to see how exposed we're!  I would like to see more of 1 & 4!",14923.0,,0.071,0.829,0.1,0.4291
1o0nsnh,1759890821.0,282,0.98,53,DISCUSSIONS,"Came across this tweet today, and he's right! Any additional thoughts? I'll add that there should be less incomplete passes, stupid penalties, and better coverage outside soft zone or whatever it is because as soon as teams go for the passing game, it's atrocious to see how exposed we're!  I'm mostly surprised a Hawkeye has good insights on anything related to offense",14923.0,,0.092,0.789,0.119,0.4306
1o0nsnh,1759863697.0,141,0.98,53,DISCUSSIONS,"Came across this tweet today, and he's right! Any additional thoughts? I'll add that there should be less incomplete passes, stupid penalties, and better coverage outside soft zone or whatever it is because as soon as teams go for the passing game, it's atrocious to see how exposed we're!  [removed]",7462.0,,0.091,0.856,0.053,-0.2779
1o0nsnh,1759878195.0,141,0.98,53,DISCUSSIONS,"Came across this tweet today, and he's right! Any additional thoughts? I'll add that there should be less incomplete passes, stupid penalties, and better coverage outside soft zone or whatever it is because as soon as teams go for the passing game, it's atrocious to see how exposed we're!  I was literally reading it on x when I got this notification lol

https://preview.redd.it/xgyhm20ftrtf1.jpeg?width=1179&format=pjpg&auto=webp&s=63752c6a9270b2cdc576c1d322360b13db21aa41",7462.0,,0.066,0.835,0.099,0.4952
1o08o8x,1759840093.0,12936,1.0,12,PHOTOS,"Met Ahkello Witherspoon at my work the other night!! Such a cool dude… wish he didn’t get hurt … told him we needed him back asap he said “I’m getting there”  You offered him your collar bone, right? *Right????*",168168.0,,0.077,0.774,0.149,0.4843
1o08o8x,1759825590.0,4312,1.0,12,PHOTOS,Met Ahkello Witherspoon at my work the other night!! Such a cool dude… wish he didn’t get hurt … told him we needed him back asap he said “I’m getting there”  Missing him too!,56056.0,,0.164,0.709,0.127,-0.3561
1o08o8x,1759836813.0,3388,1.0,12,PHOTOS,Met Ahkello Witherspoon at my work the other night!! Such a cool dude… wish he didn’t get hurt … told him we needed him back asap he said “I’m getting there”  Very cool!  (And love me some Cane’s too lol),44044.0,,0.069,0.673,0.258,0.8496
1o08o8x,1759838089.0,2772,1.0,12,PHOTOS,Met Ahkello Witherspoon at my work the other night!! Such a cool dude… wish he didn’t get hurt … told him we needed him back asap he said “I’m getting there”  Dude we need him back,36036.0,,0.085,0.775,0.14,0.2924
1o08o8x,1759850511.0,2156,1.0,12,PHOTOS,"Met Ahkello Witherspoon at my work the other night!! Such a cool dude… wish he didn’t get hurt … told him we needed him back asap he said “I’m getting there”  That back field is just dogshit without him. 🤷‍♂️

Those guys were just embarrassing on Thursday night.",28028.0,,0.123,0.784,0.093,-0.3786
1o08o8x,1759838163.0,1848,1.0,12,PHOTOS,Met Ahkello Witherspoon at my work the other night!! Such a cool dude… wish he didn’t get hurt … told him we needed him back asap he said “I’m getting there”  Goat,24024.0,,0.094,0.75,0.155,0.2924
1o08o8x,1759852535.0,616,1.0,12,PHOTOS,Met Ahkello Witherspoon at my work the other night!! Such a cool dude… wish he didn’t get hurt … told him we needed him back asap he said “I’m getting there”  That's so cool!,8008.0,,0.086,0.707,0.207,0.5826
1o08o8x,1759861106.0,616,1.0,12,PHOTOS,Met Ahkello Witherspoon at my work the other night!! Such a cool dude… wish he didn’t get hurt … told him we needed him back asap he said “I’m getting there”  He’s him ,8008.0,,0.092,0.757,0.151,0.2924
1o08o8x,1760326974.0,308,1.0,12,PHOTOS,Met Ahkello Witherspoon at my work the other night!! Such a cool dude… wish he didn’t get hurt … told him we needed him back asap he said “I’m getting there”  He eating raising canes?,4004.0,,0.087,0.77,0.143,0.2924
