id,created_utc,score,upvote_ratio,num_comments,link_flair_text,text,populairity,sentiment,vader_neg,vader_neu,vader_pos,vader_compound
1p5323b,1763945074.0,139,0.99,42,,"Looks like the AFC South could potentially be a 3-way race. With the Jags winning and Colts losing today, shit will be even tighter. It’s like ‘23 again.",5917.0,neutral,0.169,0.601,0.23,0.296
1p52s8z,1763944308.0,114,0.99,14,📹 Highlight,Metche touchdown earlier today. Seems like he's doing good with the Jets!,1693.0,positive,0.0,0.637,0.363,0.69
1p4yvg0,1763934175.0,272,0.99,17,🥤 Kool-Aid,See yall next week colts😉 ,4847.0,neutral,0.0,1.0,0.0,0.0
1p4ypnw,1763933779.0,579,0.99,110,🗞 News,"EVERYONE GET IN HERE, THE COLTS FALL TO THE CHIEFS AND WITH A WIN NEXT WEEK, THE HOUSTON TEXANS WILL BE HALF A GAME BACK FROM THE DIVISION LEAD FUCK THE COLTS",63626.0,positive,0.099,0.793,0.108,0.0772
1p4xdcn,1763930502.0,139,0.99,30,mEMe,"How it feels to celebrate a Chiefs touchdown Game's not over yet, but boy does it feel gross 🤢",4266.0,negative,0.193,0.698,0.109,-0.4215
1p4wdrh,1763928105.0,304,0.99,18,,"[Highlight] JJ Watt reacting to TJ Watt passing his sack total: ""I'm gonna put the pads back on. This is preposterous."" ",5718.0,neutral,0.0,0.88,0.12,0.4084
1p4s38l,1763917956.0,249,0.99,6,,Exactly what I’m doing as we speak! 🤘 ,1726.0,positive,0.0,1.0,0.0,0.0
1p4nqx8,1763907310.0,103,1.0,6,📹 Highlight,Danielle Hunter Switches Grips Mid Sack to Avoid Destroying Allen’s Knee ,721.0,neutral,0.392,0.608,0.0,-0.7003
1p4eabe,1763874576.0,164,0.96,124,,Can’t decide who I want to win this game 😂 ,19680.0,neutral,0.0,0.541,0.459,0.6249
1p4bh6z,1763865772.0,135,0.99,11,,One of our many leaders 🤘 ,1604.0,positive,0.0,1.0,0.0,0.0
1p49xvi,1763861142.0,240,1.0,56,,If this oline gives CJ this kind of protection the rest of the season... Texans might actually make the playoffs,13680.0,positive,0.0,1.0,0.0,0.0
1p485y2,1763856087.0,129,0.96,23,,How are people dumb enough to believe CJ was upset about the win based off 1 image? ,2972.0,negative,0.26,0.573,0.167,-0.2732
1p43ftl,1763843595.0,136,0.97,5,,Saw Davis Mills at EPCOT Just saw Davis Mills at Epcot today. ,792.0,neutral,0.0,1.0,0.0,0.0
1p41lbc,1763838877.0,133,0.97,7,,"Texans, Swarm. [Up & Adam's](https://www.youtube.com/live/ujRU11KwmvI?si=C3PQL1-NCKXCAN5d)

",1032.0,neutral,0.0,1.0,0.0,0.0
1p3xewm,1763828860.0,144,0.99,14,,"Huge shoutout do DBs Coach Dino Vasso This dude has coached up Sting, Lassiter, and Bullock and is a huge reason as to why the secondary is such a cohesive unit. With how good they’ve been, he’s gonna start getting calls for DC gigs in the near future but until then, I’m happy that he’s able to get his guys to play lights out day in and day out. ",2138.0,positive,0.0,0.822,0.178,0.9081
1p3wwys,1763827676.0,416,0.98,69,,We need more variants of this helmet; Make it happen McNair! We foi,28538.0,neutral,0.0,1.0,0.0,0.0
1p3u5hv,1763820618.0,461,0.99,62,,"Still the best total Defense in the last 15 years This is updated with the Bills game. 

Texans D is finally getting their flowers. Everyone but Broncos fans agree that we're no 1. ",28753.0,positive,0.074,0.739,0.187,0.5106
1p3kelr,1763786623.0,123,0.98,25,📹 Highlight,Big Higg ,3134.0,neutral,0.0,1.0,0.0,0.0
1p3fxye,1763773307.0,292,0.99,38,,"Jayden Higgins has now recorded four receiving touchdowns this season, tying Andre Johnson for the second-most by a rookie wide receiver in franchise history. Tank Dell is 1st with 7 TDs",11274.0,neutral,0.0,1.0,0.0,0.0
1p3dayo,1763766307.0,174,1.0,16,,Will Anderson Jr. and Davis Mills post game interview 🤘 ,2958.0,neutral,0.0,1.0,0.0,0.0
1p3bfvt,1763761772.0,493,1.0,53,📹 Highlight,Here is that Game sealing INT by Bullock and how we reacted in the Texans Radio booth. (Yes I was jumping around and losing my mind like a kid in the background) Thanks for listening!,26622.0,positive,0.068,0.783,0.149,0.4753
1p39vm8,1763758031.0,109,0.97,58,,Season could come down to the very last game vs Colts ,6238.0,neutral,0.0,1.0,0.0,0.0
1p399jw,1763756578.0,162,1.0,10,mEMe,"“Yup, thats me. You’re probably wondering how I ended up in this situation” ",1782.0,neutral,0.0,1.0,0.0,0.0
1p384xw,1763753883.0,405,1.0,63,,Your favorite sack yesterday? ,25920.0,neutral,0.0,0.5,0.5,0.4588
1p36bs0,1763749714.0,182,0.99,17,,Tytus Howard is having a really good season ,3243.0,positive,0.0,0.653,0.347,0.4927
1p35dql,1763747567.0,200,0.98,72,📈 Stats,This should show you all you need to know about CJ Pretty insane to me I’m seeing people on instagram and twitter seriously talking about how Mills should start over CJ,14308.0,neutral,0.124,0.787,0.09,-0.0516
1p3481o,1763744958.0,520,0.99,29,🥤 Kool-Aid,Best Defense in the League. ✨ ,15444.0,positive,0.0,0.345,0.655,0.6908
1p33asg,1763742878.0,321,1.0,40,📈 Stats,Sting had another unreal game ,13161.0,positive,0.0,1.0,0.0,0.0
1p32v23,1763741874.0,172,0.99,28,,"Having 2 players in the top 5 of sack leaders is terrifying I would hate to be a QB facing down our defense. Danielle Hunter and Will Anderson Jr. compliment each other perfectly. 

If you come to Houston as a QB, hopefully you've done your cardio, cause if you haven't, we'll give you plenty of time to get it in.

Still so fking hyped after last night.",4938.0,positive,0.098,0.727,0.176,0.5994
1p31sbt,1763739429.0,443,0.99,93,,Best trade up in the draft we have ever done? ,41226.0,neutral,0.0,0.682,0.318,0.6369
1p31q1z,1763739282.0,295,1.0,11,,JJ Watt knows ,3540.0,neutral,0.0,0.423,0.577,0.4084
1p30i09,1763736430.0,140,0.99,13,,"Damn, Allen suffered enough with 8 sacks. Anyone know what really went down?",1940.0,neutral,0.371,0.629,0.0,-0.7096
1p2z3w2,1763732986.0,215,1.0,8,,Ball Hawk ,1935.0,neutral,0.0,1.0,0.0,0.0
1p2yz2f,1763732652.0,108,1.0,4,,Still hype from last nights W. Swarm Htown ,540.0,positive,0.0,1.0,0.0,0.0
1p2ygmg,1763731320.0,1559,0.99,216,,Neck ,334920.0,neutral,0.0,1.0,0.0,0.0
1p2y79o,1763730628.0,346,0.97,44,,😂😂😂😂😂😂😂 ,15103.0,neutral,0.0,1.0,0.0,0.0
1p2wxxb,1763726914.0,222,1.0,5,,That's how I feel ,1332.0,neutral,0.0,1.0,0.0,0.0
1p2sxql,1763712230.0,238,0.99,3,,Woody Marks IG story 😆 ,942.0,neutral,0.0,1.0,0.0,0.0
1p2sodo,1763711259.0,221,0.99,49,,Bills fan gets carted out of NRG. That makes 9 sacks 🤘,10940.0,positive,0.0,0.796,0.204,0.3182
1p2reqw,1763706455.0,108,1.0,7,🥤 Kool-Aid,Say...his...name ,864.0,neutral,0.0,1.0,0.0,0.0
1p2rchd,1763706229.0,236,0.99,17,,Post game in 🤘ouston ,4206.0,neutral,0.0,1.0,0.0,0.0
1p2r82n,1763705801.0,142,0.99,5,,"First Texans Game was Electric Came down from Canada for my first Texans(and NFL) game. What an absolute banger. Maybe it's because it was primetime but the vibes in the stadium were fantastic and the people around me were so fun to cheer with. 

It was a great way to cap off an amazing first time in houston. Swarm!",843.0,positive,0.0,0.665,0.335,0.9845
1p2r4ic,1763705458.0,197,0.99,12,,This Photo. Holy… ,2535.0,neutral,0.0,1.0,0.0,0.0
1p2r061,1763705024.0,110,0.97,11,,These men played hungry then ate 🤘 ,1280.0,positive,0.0,0.676,0.324,0.34
1p2qui3,1763704485.0,323,0.99,38,,"I hope that ref was happy with himself. Bro took a whole work week off after saying ""pass interference."" Lol. He knew he was about to make or break that game for us.",12471.0,neutral,0.0,0.749,0.251,0.8555
1p2qjh3,1763703441.0,160,0.99,21,,Shout out to the crowd man I was there and NRG was on fire for everything the fans next to me made it so special for our victory especially when the bills fan started leaving,3485.0,positive,0.061,0.791,0.148,0.5254
1p2qerp,1763702993.0,232,0.99,14,,Elite #1,3445.0,positive,0.0,1.0,0.0,0.0
1p2q3fm,1763701934.0,455,1.0,48,,This Houston Texans Defense gives me hope on EVERY play. You know something bout to go down at all times 🤘,22295.0,positive,0.0,0.714,0.286,0.7003
1p2q1s9,1763701786.0,407,0.99,43,🥤 Kool-Aid,Just received this text from my wife ,17729.0,neutral,0.0,1.0,0.0,0.0
1p2pwu2,1763701341.0,508,0.99,56,,"If Nobody Believes in You, Do You Have The Courage to Believe in Yourself? Print this out as a 10x6’ banner & post it in the Texans locker room this week. every blue & white team we play can get this work.  We coming for you next   ",28666.0,positive,0.0,0.882,0.118,0.6808
1p2pqnf,1763700804.0,202,0.96,51,,Where’s this dude at?? Wish I could post the username lol,10084.0,neutral,0.0,0.577,0.423,0.7059
1p2pomu,1763700610.0,155,0.97,124,🥤 Kool-Aid,"If CJ enjoys the kind of time in the pocket moving forward that Mills has enjoyed over the last few weeks... Ladies, gentlemen, we're going all the way this year. There is no holiday meat grinder to break our stride this year. If we did that to Josh Allen, I can only imagine what we are going to do to Daniel Jones and company. Our talented rookies are coming into their own right before our very eyes. If we dominate through the next two games, like I believe we can with Stroud back at the helm, the sky is really the limit here.

[OH YEAH!!!](https://i.redd.it/i4kaigb9jj2g1.gif)",18794.0,positive,0.032,0.83,0.138,0.9228
1p2pcyp,1763699560.0,581,0.99,102,,The offense only had 36 yds in the second half ,59245.0,neutral,0.182,0.818,0.0,-0.25
1p2pa54,1763699300.0,1178,0.97,149,📹 Highlight,BULLOCK CALLS GAME. TEXANS ARE ABOVE .500 FOR THE FIRST TIME WITH GENERAL MILLS AS OUR QB. ,171399.0,positive,0.0,1.0,0.0,0.0
1p2p9zv,1763699287.0,858,0.99,89,🥤 Kool-Aid,RESPECK THE NECK ,76448.0,positive,0.0,1.0,0.0,0.0
1p2p9s8,1763699268.0,205,0.99,629,🏈 Game Thread,"Post Game Thread: Buffalo Bills at Houston Texans #Buffalo Bills at Houston Texans

[ESPN Gamecast](https://www.espn.com/nfl/game/_/gameId/401772946/bills-texans)

NRG Stadium- Houston, TX

Network(s): Prime Video [(All prime games are also streamed on twitch for free)](https://www.twitch.tv/primevideo) 

***

|Time Clock|
|:--:|
|Final|

**Scoreboard**

||Q1|Q2|Q3|Q4|Total|
|:--:|:--:|:--:|:--:|:--:|:--:|
|BUF|6|10|0|3|19|
|HOU|3|17|3|0|23|


**Scoring Plays**

| Team | Quarter | Type | Description |
|:--|:--|:--|:--|
| BUF | 1 | TD | James Cook III 45 Yd Rush (Matt Prater PAT Failed) |
| HOU | 1 | FG | Ka'imi Fairbairn 24 Yd Field Goal |
| BUF | 2 | FG | Matt Prater 44 Yd Field Goal |
| HOU | 2 | TD | Christian Kirk 2 Yd pass from Davis Mills (Ka'imi Fairbairn Kick) |
| HOU | 2 | FG | Ka'imi Fairbairn 43 Yd Field Goal  |
| BUF | 2 | TD | Ray Davis 97 Yd Kickoff Return (Matt Prater Kick) |
| HOU | 2 | TD | Jayden Higgins 8 Yd pass from Davis Mills (Ka'imi Fairbairn Kick) |
| HOU | 3 | FG | Ka'imi Fairbairn 26 Yd Field Goal |
| BUF | 4 | FG | Matt Prater 38 Yd Field Goal |




**Passing Leaders**

|Team|Player|C/ATT|YDS|TD|INT|SACKS|
|:--|:--|--:|--:|--:|--:|--:|
| BUF | Josh Allen | 24/34 | 253 | 0 | 2 | 8-70 |
| HOU | Davis Mills | 16/30 | 153 | 2 | 0 | 0-0 |

**Rushing Leaders**

|Team|Player|CAR|YDS|AVG|TD|LONG|
|:--|:--|--:|--:|--:|--:|--:|
| BUF | James Cook III | 17 | 116 | 6.8 | 1 | 45 |
| HOU | Woody Marks | 16 | 74 | 4.6 | 0 | 19 |

**Receiving Leaders**

|Team|Player|REC|YDS|AVG|TD|LONG|TGTS|
|:--|:--|--:|--:|--:|--:|--:|--:|
| BUF | Khalil Shakir | 8 | 110 | 13.8 | 0 | 44 | 10 |
| HOU | Nico Collins | 3 | 55 | 18.3 | 0 | 24 | 3 |


***

Use [reddit-stream.com](https://reddit-stream.com/comments/auto) to get an autorefreshing version of this page

^This ^was ^created ^by ^a ^bot. ^For ^issues ^or ^suggestions ^please ^message ^nfl_gdt_bot.

^Last ^updated: ^2025-11-20_23:58:07.908720-05:00",127858.0,neutral,0.0,0.985,0.015,0.4995
1p2p9kw,1763699250.0,495,0.99,62,,MILLS IS ON A KILLING STREAK LFG ,30873.0,positive,0.468,0.532,0.0,-0.6597
1p2om8x,1763697246.0,154,0.99,5,📹 Highlight,BILLS STUFFED ON 4TH ,915.0,neutral,0.0,1.0,0.0,0.0
1p2o6w7,1763696209.0,134,0.99,7,📹 Highlight,Bullock forced a fumble and the rookie Jaylen Reed recovers the ball deep in Bills territory! ,1061.0,positive,0.19,0.81,0.0,-0.5093
1p2nwf7,1763695395.0,101,0.98,4,📹 Highlight,Hunter sacks Allen!!! Defense is FEASTING tonight ,495.0,positive,0.0,0.716,0.284,0.3348
1p2nkfn,1763694441.0,302,1.0,28,📹 Highlight,"WAJ, DPOY? ",8758.0,neutral,0.0,1.0,0.0,0.0
1p2n3z4,1763693152.0,281,1.0,25,📹 Highlight,"HIGGINS WITH THE SCORE, TEXANS RETAKE THE LEAD 20-16 RIGHT BEFORE THE HALF ",7306.0,positive,0.0,1.0,0.0,0.0
1p2mq8u,1763692090.0,265,0.99,22,📹 Highlight,AL-SHAAIR THE TIP. CALEN BULLOCK WITH THE PICK. ,6034.0,neutral,0.0,1.0,0.0,0.0
1p2mmjm,1763691795.0,176,0.99,11,📹 Highlight,DAVIS MILLS FINDS A WIDE OPEN CHRISTIAN KIRK FOR THE TD. TEXANS LEAD 10-7 ,2091.0,positive,0.0,1.0,0.0,0.0
1p2maes,1763690862.0,115,0.98,9,📹 Highlight,That makes SIX games in a row with a sack for WAJ ,1127.0,neutral,0.0,1.0,0.0,0.0
1p2lxup,1763689888.0,123,0.99,7,📹 Highlight,WAJ brings down Allen with a tough hit from behind ,974.0,neutral,0.158,0.842,0.0,-0.128
1p2j9zr,1763682777.0,105,1.0,8,,Almost that time 😈 ,945.0,neutral,0.0,1.0,0.0,0.0
1p2hifx,1763678301.0,310,0.98,33,🥤 Kool-Aid,Bad news for Buffalo… Davis Mills woke up today 😈 ,10329.0,positive,0.304,0.696,0.0,-0.5423
1p2egn8,1763671289.0,333,0.98,114,,Goodbye Pierce https://x.com/jonmalexander/status/1991607723809812898?s=46,37529.0,neutral,0.0,1.0,0.0,0.0
1p2czf2,1763667926.0,251,0.99,94,,Joe Mixon Respond ,23607.0,neutral,0.0,1.0,0.0,0.0
1p299o3,1763659744.0,139,0.97,19,🥤 Kool-Aid,In Mills we trust ,2697.0,positive,0.0,0.476,0.524,0.5106
1p28l09,1763658233.0,168,0.97,66,,Joe mixon ,10918.0,neutral,0.0,1.0,0.0,0.0
1p28hkc,1763658032.0,118,0.99,6,📹 Highlight,"“Fairbairn….It’s good! Clutch City!!!!” - one of my favorite calls in Houston sports history Not sure how I’m feeling this time in terms of confidence, but hopefully General Mills can do the unthinkable and get us a W tonight. ",818.0,positive,0.034,0.689,0.277,0.862
1p230kt,1763644916.0,187,0.98,51,,Hi from Canada. Who else is repping at work today? F the haters. We winning. ,9530.0,positive,0.172,0.645,0.183,0.0516
1p1s4ir,1763607579.0,520,1.0,39,mEMe,What my brother send me ,20800.0,neutral,0.0,1.0,0.0,0.0
1p1oo3c,1763598059.0,332,1.0,25,,We miss you Tank! ,8632.0,positive,0.387,0.613,0.0,-0.2244
1p1lbo1,1763589706.0,288,1.0,35,,Thank you for your service 🫡 https://x.com/aaronwilson_nfl/status/1991264665922351505?s=46,10368.0,neutral,0.0,0.667,0.333,0.3612
1p1gviv,1763579691.0,150,0.97,98,,National media siding with Buffalo We can definitely pull off the upset !!! Big game for the offense to step up! If Miami pulled it off so can we!,14404.0,positive,0.167,0.754,0.078,-0.471
1p0q6hz,1763505135.0,109,0.97,27,,Choose your fighter! ,2960.0,neutral,0.0,0.514,0.486,0.2244
1p0m3rl,1763495795.0,133,0.99,14,,"For The First Time Ever, the Texans are .500 All Time Against The Titans. I don't post very often, but I feel this is something celebrate. Last Sundays win got Houston to 24-24 all time against the Titans, the first time in the franchises history that the Texans don't have a sub .500 record against them.",1975.0,positive,0.0,0.833,0.167,0.9052
1p0lsaw,1763495074.0,160,0.98,62,,DeMeco officially rules out CJ Stroud and Jalen Pitre for Thursday's game ,9878.0,neutral,0.0,1.0,0.0,0.0
1p0jh0l,1763489909.0,150,0.99,17,,Tank's first cut seen in public since the injury Lol a very very soft cut but still 🙏,2673.0,neutral,0.265,0.635,0.101,-0.2732
1p0jck6,1763489636.0,139,0.99,35,,Texans Colts will not be flexed to Sunday Night Football. CBS auto protected the game. ,4954.0,neutral,0.0,0.828,0.172,0.4404
1p0j8jx,1763489395.0,180,0.98,20,,"CJ and Tank practicing together, one loves to see it ",3704.0,positive,0.0,0.709,0.291,0.5719
1p0izns,1763488854.0,307,0.98,93,,CJ Stroud (concussion) at practice ,28281.0,neutral,0.0,1.0,0.0,0.0
1p0ig2g,1763487665.0,158,0.99,34,,CJ Stroud likely to practice ,5475.0,neutral,0.0,1.0,0.0,0.0
1p0c8ex,1763473296.0,197,0.97,80,🥤 Kool-Aid,What do you think of these odds? I’d say we have a pretty good chance!,15478.0,positive,0.0,0.567,0.433,0.8122
1p01mdk,1763437231.0,245,0.96,17,,"No matter how this season goes, at least we have the hardest unis in the league ",4234.0,positive,0.127,0.809,0.064,-0.2732
1ozx6vc,1763425103.0,124,0.99,27,📈 Stats,"[OC] In three of his past four weeks, Jayden Higgins has seen at least five targets and caught at least four balls. He has also out-snapped Xavier Hutchinson and Christian Kirk each of the last two weeks. Is his pedigree and size/speed combo finally turning into a relevant and much-needed role? Also ranks 31st in receiving success rate among WRs",3437.0,neutral,0.0,0.94,0.06,0.5719
1ozrxm1,1763412583.0,1877,0.99,37,mEMe,How it felt waking up this morning ,70613.0,neutral,0.0,1.0,0.0,0.0
1ozrpox,1763412087.0,118,0.99,21,📈 Stats,"Nico Collins' ranks among Texans in first 60 career games: 2nd in TD catches (22), 3rd in receptions (267), 3rd in receiving yards (3,872) ",2570.0,neutral,0.0,1.0,0.0,0.0
1ozoqqv,1763405497.0,188,0.99,27,,Battle Red on Thursday ,5211.0,neutral,0.464,0.536,0.0,-0.3818
1ozocf2,1763404626.0,119,0.98,30,,"We have a few things going for us that increases our chances of winning Thursday. (If CJ doesn't play) 1. Number one defense always gives us a shot.
2. Even though we're bad in prime time, TNF favors home teams (8-3 currently)
3. Currently the Bills have the 4th worst rush defense. Running is how we win
4. Ka'imi could be back, which increases our scoring potential.

If you read the first letter of my 4 keys you will discover the ultimate secret 5th key.",3615.0,neutral,0.092,0.762,0.146,0.4902
1ozm5di,1763399887.0,273,0.97,163,,Bad news ,43429.0,neutral,0.778,0.222,0.0,-0.5423
1ozfkiv,1763384249.0,175,1.0,6,📹 Highlight,Back home with a W! Matthew Wright hit his game-winning FG and here is how it looked in the Texans Radio Booth! Thanks for listening!,1225.0,positive,0.0,0.859,0.141,0.5826
1oz8wzc,1763360146.0,193,0.99,7,mEMe,Wild season so far ,1529.0,neutral,0.0,1.0,0.0,0.0
1oz2fnx,1763340604.0,109,0.96,13,,hol up ,1465.0,neutral,0.0,1.0,0.0,0.0
1oz061j,1763334503.0,271,0.99,14,,My son made this Nico graphic  after the W today 🤘 ,4024.0,positive,0.0,1.0,0.0,0.0
1oyz6k3,1763332065.0,148,1.0,4,🥤 Kool-Aid,As is Tradition ,740.0,neutral,0.0,1.0,0.0,0.0
1oyxfmp,1763327794.0,253,1.0,9,💬Player/Coach Quote,Frank “We love the walk offs in Tennessee” Ross https://x.com/aaronwilson_nfl/status/1990166530953298220?s=46,2530.0,neutral,0.0,0.682,0.318,0.6369
1oyx8a9,1763327298.0,783,0.99,52,📹 Highlight,"MATTHEW WRIGHT WITH THE GAME WINNING KICK, THE HOUSTON TEXANS ARE BACK AT .500 AFTER SWEEPING THE TITANS ",41084.0,positive,0.0,0.804,0.196,0.6289
1oywcbl,1763325167.0,178,0.99,7,📹 Highlight,"Back to back Titans drives end in a sack. Defense is turning it on in the 4th, Hunter gets his 8.5th sack of the season ",1410.0,neutral,0.0,0.939,0.061,0.128
1oyw4tg,1763324676.0,162,1.0,5,📹 Highlight,Turnover in Tennessee! WAJ's first sack leads to a fumble recovery in Titans territory ,972.0,neutral,0.0,1.0,0.0,0.0
1oyve5a,1763322963.0,307,1.0,11,📹 Highlight,Nico Collins with the TD! Texans lead 7-6 ,3684.0,positive,0.0,1.0,0.0,0.0
1oyosme,1763307528.0,181,0.99,26,🥤 Kool-Aid,Neck ,4838.0,neutral,0.0,1.0,0.0,0.0
1oyom8y,1763307091.0,303,0.97,58,,Derek Stingley will retire as the 2nd best defensive Texans player of all time The stats seriously don’t lie we’ve never seen a corner produce this much for us 😭,17341.0,positive,0.053,0.781,0.166,0.5574
1oyjh1k,1763292708.0,174,0.99,8,,"The only argument needed, Howard is a RT not a guard. I am personally growing tired of the Howard at guard debate. Not keeping him at tackle would be ridiculous. 
",1550.0,negative,0.242,0.706,0.052,-0.7351
1oy32al,1763241143.0,136,0.99,4,,Roster moves ,673.0,neutral,0.0,1.0,0.0,0.0
1oxvadn,1763222451.0,151,0.99,16,,Saturday roster moves. Cade Stover is back! ,2541.0,neutral,0.0,1.0,0.0,0.0
1oxbopn,1763161875.0,253,1.0,19,,Derek Stingley Jr. Best CB in NFL ,5060.0,positive,0.0,0.588,0.412,0.6369
1ox4hgh,1763145012.0,1012,0.98,58,,Coach felt the eyes 👀 and got the dub 🤘 ,58514.0,positive,0.0,1.0,0.0,0.0
1ox353m,1763142047.0,119,0.99,8,🏥 Injury,Schultz expected to play https://x.com/aaronwilson_nfl/status/1989387278310150358?s=46,1060.0,neutral,0.0,0.625,0.375,0.34
1ox1x7v,1763139362.0,112,0.97,17,🏥 Injury,CJ and Pitre still in concussion protocol ,1956.0,neutral,0.0,1.0,0.0,0.0
1owylgc,1763132036.0,485,0.99,61,💬Player/Coach Quote,Mills doesn’t let much get to him ,29769.0,positive,0.0,1.0,0.0,0.0
1owll59,1763090349.0,442,0.97,36,📹 Highlight,"Not exactly Texans related, but John Metchie gets a TD for the Jets Makes me so happy seeing him score 😭",15863.0,positive,0.0,0.731,0.269,0.823
1owf893,1763073233.0,402,0.98,20,,Cal and Hannah ,8273.0,neutral,0.0,1.0,0.0,0.0
1owbxuj,1763065515.0,117,0.99,7,🏥 Injury,Tytus Howard cleared concussion protocol ,927.0,neutral,0.0,0.741,0.259,0.1027
1owaz63,1763063323.0,141,0.98,30,,"CJ, Pitre and Ka’imi officially ruled out for Sunday ",4284.0,neutral,0.0,1.0,0.0,0.0
1owaeju,1763062006.0,361,0.99,60,,“We are gonna feed him a bigger load.”- Demeco Ryans on Woody Marks 🤘 ,21801.0,positive,0.0,1.0,0.0,0.0
1ow9aly,1763059502.0,144,0.99,24,🗞 News,Uniform against the Titans this weekend. Their best look imo ,3564.0,neutral,0.0,0.682,0.318,0.6369
1ow5qdz,1763051632.0,133,1.0,41,,First Joe Mixon sighting in ages ,5586.0,neutral,0.0,1.0,0.0,0.0
1ow4ibi,1763048838.0,124,0.97,24,,"""Was this the dog’s choice?"" 💀 ",3007.0,neutral,0.0,1.0,0.0,0.0
1ovkhnw,1762988443.0,173,0.99,7,📹 Highlight,Seeing Tank Dell happy on the sidelines last week joking around with Nico Collins in this week's game preview warmed my heart. Can't wait till he is back on the field. 🤘 ,1370.0,positive,0.0,0.784,0.216,0.7717
1ovk44b,1762987532.0,116,0.98,23,,"Jaguars appreciation post Thanks for all the free wins

What’s yalls favorite win over the jags? Mine has to be the 2018 division clincher since that was my first ever Texans game",2728.0,positive,0.0,0.565,0.435,0.9638
1ovfcfw,1762976793.0,182,0.98,90,,"C.J. Stroud remains in concussion protocol, still experiencing symptoms. Davis Mills prepping to start Sunday against Titans- Per Aaron Wilson https://www.click2houston.com/sports/2025/11/12/texans-cj-stroud-still-in-concussion-protocol-with-symptoms-davis-mills-prepping-to-start-tytus-howard-returns/",16231.0,neutral,0.0,1.0,0.0,0.0
1ove2jr,1762974023.0,148,1.0,10,,Stover designated for return ,1628.0,neutral,0.0,1.0,0.0,0.0
1ovdtyt,1762973521.0,197,0.99,14,🏥 Injury,Howard is back https://x.com/jonmalexander/status/1988680940785398088?s=46,2925.0,neutral,0.0,1.0,0.0,0.0
1ovdj94,1762972879.0,112,0.97,33,,"Really, Rank!? ",3694.0,neutral,0.0,1.0,0.0,0.0
1ovbwmh,1762969431.0,147,0.96,61,🥤 Kool-Aid,If healthy Start or wait until the Bills game Do they let CJ rest one more week and wait for him to start for the bills game ?,8749.0,neutral,0.0,0.906,0.094,0.4019
1ovaoec,1762966820.0,529,1.0,18,🗞 News,Danielle Hunter is YOUR AFC Defensive Player of the Week ,10051.0,positive,0.0,0.891,0.109,0.0258
1ov9u93,1762964968.0,125,0.98,46,,"WAJ is having a DPOY caliber season 

- PFF grade: 90.5 (4th among edge)
- Pressures: 53 (2nd among edge)
- Sacks: 7.0 (10th overall) 
- I’m fairly sure he has graded out very well in both pass and run defense. 

The only reason he hasn’t gotten as much hype is because a lot of his pressures haven’t ended up in as “many” sacks just yet compared to the others. 

For example Hunter has 43 total pressures and has 7.5 sacks. 

But regardless he made the big leap which fans have predicted going into the year",5758.0,positive,0.053,0.898,0.049,-0.0909
1ov5t6n,1762955834.0,459,0.99,37,,Watched this 10 times already 🤘 Love how quick Frank Ross tells Demeco to go for 2,17268.0,positive,0.0,0.769,0.231,0.6369
1ouv0sy,1762919684.0,198,0.99,14,,General Mills Cool edit of Sunday’s game 🤘,2940.0,neutral,0.0,0.723,0.277,0.3182
1oup2lx,1762903525.0,118,0.91,57,,Is Nick Caley the Guy? ,6228.0,neutral,0.0,1.0,0.0,0.0
1oukn1q,1762893187.0,298,0.98,6,,Favorite picture from this win Just a cool shot being bloody and beat up and still chasing that win!!!!😤,2044.0,positive,0.104,0.502,0.394,0.8429
1oueg6n,1762879587.0,248,0.99,13,,"One of my favorite moments of this weekend. After the game, Caserio gave Demeco a game ball for leading this team right after his best friend and former Texan, Earl Cochran, passed away a week ago It’s easy to forget (and I of course am guilty of it) that our players and coaches are human. There are a lot of more important things in life than football, but to see a man like Demeco be able to lead this team after such a tragic passing is inspiring. Despite what many people say, Demeco is a great HC and an incredible leader and even if we don’t make the playoffs, his position is safe with this organization for years to come. 

RIP Earl. ",3437.0,positive,0.054,0.752,0.195,0.9601
1ou8kcf,1762865311.0,185,0.97,39,,The Davis Mills Story ,7178.0,neutral,0.0,1.0,0.0,0.0
1otysya,1762831308.0,307,0.98,25,,"Houston Texans #1 Defense ranks: 1st-Yards Per Game

1st-Points Per Game (16.7)

2nd-INT rate

3rd- Rush Yards Per Game

3rd-Pass Yards PLY

3rd- First Downs Per Game

3rd- Third Down %

4th- Pass Yards Per Game

5th- Yards Diff Per Game

7th- Rush Yards PLY

8th- Points Difference Per Game

(@JaysonBraddock)",7822.0,neutral,0.0,0.97,0.03,0.128
1otuqqe,1762820123.0,238,0.96,123,🥤 Kool-Aid,Did we win the Tunsil trade? We got their 3rd round pick who turned into Jaylen Noel and Aireontae Ersery has been a solid replacement. On top of that we get their 2nd round pick and washington hasn't been good this year (same record as miami to put in perspective) which would give that pick better value. Tunsil hasn't played bad but washingtons o-line as a whole hasn't been good.,28332.0,neutral,0.083,0.776,0.14,0.3281
1otstz6,1762815398.0,116,0.88,40,🤬 Rant/Complaint,Anyone else getting annoyed by Josh Allen trying to draw flags? He did this crap against the dolphins where he made it look like he was hit harder than he actually was and he also jerked his head back against the chiefs during a slide when the defender just barely taps his head. Worst part is we have to play this mf in two weeks and with our defense's physical playstyle it won't surprise me if he draws flags against us.,4185.0,negative,0.145,0.786,0.069,-0.7914
1oto3hr,1762804524.0,291,0.98,37,🥤 Kool-Aid,"Huge shoutout to Travis Etienne Jr for doing Arian Foster’s celebration yesterday after the Jags went up 29-10. Unlike Jaire Alexander, our guys used it as motivation and rattled off 26 unanswered points 😈 ",10837.0,positive,0.0,0.868,0.132,0.5719
1otmk2g,1762801143.0,126,0.89,18,,"Davis Mills proved it doesn’t matter the situation. Don’t pout. Have heart, follow through and rise above the occasion Stroud is more talented, but I think Davis showed a bit more dog in him on
Sunday and I hope it lights more fire under CJ to be more outspoken and aggressive ",2131.0,positive,0.104,0.767,0.128,0.0929
1otkc13,1762796397.0,538,0.99,29,,Finally! ,15979.0,positive,0.0,1.0,0.0,0.0
1oti93n,1762791871.0,285,1.0,22,🏥 Injury,Great news! ,6555.0,positive,0.0,0.185,0.815,0.6588
1ot5t1s,1762753317.0,201,0.99,20,,Davis Mills Postgame. Taking it all in! ,4179.0,neutral,0.0,1.0,0.0,0.0
1ot40tk,1762747406.0,192,1.0,11,,Danielle Hunter recorded 3.5 sacks today. The team had 5 total 🤘 ,2304.0,positive,0.0,1.0,0.0,0.0
1ot3pht,1762746422.0,211,1.0,15,,Tank and Nico💫 ,3376.0,neutral,0.0,1.0,0.0,0.0
1ot3k58,1762745975.0,377,0.99,38,,This gem from Jacksonville local news 😂😂😂 ,14556.0,neutral,0.0,1.0,0.0,0.0
1ot2mf5,1762743166.0,263,0.99,28,,Dalton Schultz appreciation. He’s always coming up with clutch catches ,7551.0,positive,0.0,0.732,0.268,0.5106
1ot2dw4,1762742479.0,127,0.99,6,📹 Highlight,What an insane game today! Here is the final call on Texans Radio as Sheldon Rankins scored the final TD as time expired and your Texans knocked out the Jags! Thanks for listening! ,880.0,positive,0.072,0.827,0.101,0.2677
1ot19cc,1762739239.0,201,0.99,7,,Best quarterbacks in the nfl today ,1592.0,neutral,0.0,0.543,0.457,0.6369
1ot0rih,1762737817.0,435,1.0,20,📹 Highlight,DeMeco Ryans runs down the field to congratulate Sheldon Rankins after game-ending TD. ,9135.0,positive,0.0,0.789,0.211,0.4939
1ot08jm,1762736327.0,403,1.0,34,,The Mills Miracle ,14105.0,neutral,0.0,0.345,0.655,0.5859
1ot01z9,1762735825.0,170,0.99,10,,Brought my son to his first ever Texans game — and what a way to start it off… a LEGENDARY WIN! 🤘 Memories like this hit different. #WeAreTexans #FatherAndSon,1851.0,positive,0.0,0.758,0.242,0.8087
1oszqey,1762734937.0,553,1.0,54,,Money Mill$ 🤑💰🤑💰,30415.0,neutral,0.0,1.0,0.0,0.0
1oszbpw,1762733788.0,157,0.99,4,,I will leave this here ,777.0,neutral,0.286,0.714,0.0,-0.0516
1osyg2n,1762731412.0,300,0.99,7,,Texanswinigami ,2376.0,neutral,0.0,1.0,0.0,0.0
1osy541,1762730617.0,168,1.0,7,🥤 Kool-Aid,SCREW IT. HE GETS EVERY PIECE I HAVE!!! ,1344.0,negative,0.275,0.725,0.0,-0.3129
1osxptr,1762729510.0,268,0.9,91,,Where are the meco haters now? WE love our little milk dud ❤️‍🩹,22190.0,positive,0.257,0.523,0.22,0.0717
1oswaos,1762725998.0,205,1.0,6,,FUCK THE JAGS FTJ,1435.0,negative,0.538,0.462,0.0,-0.5423
1osw8tm,1762725878.0,330,0.98,39,,"Big fucking shoutout to the Offensive Line Gave up 2 sacks but one was just Mills running out of bounds at the line of scrimmage so really just on, gave Mills plenty of time to go through his reads, and in that last 93 yard drive they dominated the Jaguars D-Line in the run game. All of that with new starters at the LG,RG and RT. Big shoutout to all of them man, still things to work on and definitely not perfect but they let Mills air that bitch out 45 times today.",12936.0,positive,0.109,0.856,0.035,-0.8247
1osw1y1,1762725428.0,102,0.98,10,,APOLOGIZE TO THE THROAT GOAT ,1100.0,neutral,0.0,0.741,0.259,0.1027
1osw0vu,1762725357.0,225,1.0,3,💬Player/Coach Quote,"Demeco Ryans in the presser: ""Thankful for finding a way to win this game. Especially coming in with a heavy heart. Lost my best friend, Earl Cochran, so, I know he's smiling down on us right now. He would be very proud."" RIP, I was not aware of that. Makes this win even better.",900.0,neutral,0.033,0.607,0.359,0.9737
1osvvc6,1762724984.0,139,0.99,9,🥤 Kool-Aid,Davis Mills when he has to be clutch: ,1376.0,neutral,0.0,1.0,0.0,0.0
1osvo6h,1762724504.0,262,0.99,25,,Higgins career high in yards and receptions plus a TD. He was vital today. He’s starting to put it together. ,6744.0,positive,0.0,0.891,0.109,0.296
1osvlxq,1762724364.0,959,0.98,45,🥤 Kool-Aid,I would like to start a petition for J.J. Watt to announce all future Texans games. 🤘 ,43232.0,neutral,0.0,0.839,0.161,0.3612
1osvk22,1762724241.0,123,0.96,36,,We going undefeated rest of season…. See y’all in playoffs  🫡 ,4369.0,positive,0.0,1.0,0.0,0.0
1osvfyy,1762723970.0,838,0.99,76,📹 Highlight,WAJ WITH THE SACK. RANKINS CALLS GAME. HOUSTON WINS. ,63881.0,positive,0.0,0.684,0.316,0.5719
1osvevo,1762723897.0,147,0.99,499,🏈 Game Thread,"Post Game Thread: Jacksonville Jaguars at Houston Texans #Jacksonville Jaguars at Houston Texans

[ESPN Gamecast](https://www.espn.com/nfl/game/_/gameId/401772770/jaguars-texans)

NRG Stadium- Houston, TX

Network(s): CBS 

***

|Time Clock|
|:--:|
|Final|

**Scoreboard**

||Q1|Q2|Q3|Q4|Total|
|:--:|:--:|:--:|:--:|:--:|:--:|
|JAX|10|10|9|0|29|
|HOU|0|10|0|26|36|


**Scoring Plays**

| Team | Quarter | Type | Description |
|:--|:--|:--|:--|
| JAX | 1 | FG | Cam Little 32 Yd Field Goal  |
| JAX | 1 | TD | Parker Washington 7 Yd pass from Trevor Lawrence (Cam Little Kick) |
| JAX | 2 | TD | Parker Washington 73 Yd Punt Return (Cam Little Kick) |
| HOU | 2 | FG | Matthew Wright 23 Yd Field Goal |
| JAX | 2 | FG | Cam Little 53 Yd Field Goal  |
| HOU | 2 | TD | Woody Marks 1 Yd Rush (Matthew Wright Kick) |
| JAX | 3 | FG | Cam Little 33 Yd Field Goal |
| JAX | 3 | TD | Travis Etienne Jr. 6 Yd Rush (Two-Point Pass Conversion Failed) |
| HOU | 4 | TD | Jayden Higgins 12 Yd pass from Davis Mills (Davis Mills Pass to Nico Collins for Two-Point Conversion) |
| HOU | 4 | TD | Dalton Schultz 7 Yd pass from Davis Mills (Two-Point Pass Conversion Failed) |
| HOU | 4 | TD | Davis Mills 14 Yd Rush (Two-Point Run Conversion Failed) |
| HOU | 4 | TD | Sheldon Rankins 32 Yd Fumble Recovery |




**Passing Leaders**

|Team|Player|C/ATT|YDS|TD|INT|SACKS|
|:--|:--|--:|--:|--:|--:|--:|
| JAX | Trevor Lawrence | 13/23 | 158 | 1 | 1 | 5-39 |
| HOU | Davis Mills | 27/45 | 292 | 2 | 1 | 2-10 |

**Rushing Leaders**

|Team|Player|CAR|YDS|AVG|TD|LONG|
|:--|:--|--:|--:|--:|--:|--:|
| JAX | Travis Etienne Jr. | 16 | 58 | 3.6 | 1 | 13 |
| HOU | Woody Marks | 14 | 63 | 4.5 | 1 | 21 |

**Receiving Leaders**

|Team|Player|REC|YDS|AVG|TD|LONG|TGTS|
|:--|:--|--:|--:|--:|--:|--:|--:|
| JAX | Jakobi Meyers | 3 | 41 | 13.7 | 0 | 23 | 3 |
| HOU | Nico Collins | 7 | 136 | 19.4 | 0 | 54 | 15 |


***

Use [reddit-stream.com](https://reddit-stream.com/comments/auto) to get an autorefreshing version of this page

^This ^was ^created ^by ^a ^bot. ^For ^issues ^or ^suggestions ^please ^message ^nfl_gdt_bot.

^Last ^updated: ^2025-11-09_17:01:58.645710-05:00",72765.0,neutral,0.0,0.987,0.013,0.4995
1osveap,1762723858.0,483,0.99,36,,YOU JUST BEEN NECKED MF !!!! MILLS OWNS YOU JAGS HAHAHAH SUCK IT ,17692.0,positive,0.286,0.714,0.0,-0.7004
1osv6xn,1762723368.0,642,1.0,47,📹 Highlight,DAVIS MILLS ,30816.0,neutral,0.0,1.0,0.0,0.0
1osskfd,1762717146.0,245,1.0,10,📹 Highlight,"Sting said GIMME dat, what a crazy pick ",2695.0,neutral,0.286,0.714,0.0,-0.34
1ossc8w,1762716628.0,196,0.99,36,📹 Highlight,"This is not a drill y'all, we scored a TD on the 1 yard line. Woody gets his 2nd rushing TD of the year and his 4th overall. ",7179.0,positive,0.0,1.0,0.0,0.0
1osk3hb,1762696829.0,245,0.95,57,🥤 Kool-Aid,Bad news for the jaguars… Davis Mills woke up today 😈 ,13500.0,positive,0.28,0.72,0.0,-0.5423
1osj2mu,1762694068.0,161,0.96,25,,Money Mills Sunday ,4019.0,positive,0.0,1.0,0.0,0.0
1os6oor,1762652453.0,149,0.95,34,🗞 News,"NFL Makes Final Call on C.J. Stroud Hit, Punishes Texans Players ",4954.0,negative,0.237,0.763,0.0,-0.4767
1os660m,1762650966.0,106,0.93,132,🗞 News,"Azeez Al-Shaair gets fined $17,389 against the broncos ",13111.0,neutral,0.0,1.0,0.0,0.0
1ortd6s,1762618527.0,136,0.97,78,👂Rumor/Speculation,"Texans tried to acquire Breece Hall, supposedly https://x.com/jonmalexander/status/1987191805952335893?s=46

All this tells me is that Joe Mixon is dead",10422.0,neutral,0.202,0.798,0.0,-0.6486
1or9z7q,1762558548.0,427,1.0,21,,JJ in his natural habitat ,9394.0,neutral,0.0,0.364,0.636,0.6408
1or7ted,1762553209.0,191,0.99,33,,Bright Spot ,6429.0,positive,0.0,0.256,0.744,0.4404
1or7qdi,1762553003.0,161,0.73,93,🤬 Rant/Complaint,This kind of play is why we have 3 concussions on our injury report this week. Sean Payton is back to his old tricks making the Broncos are the dirtiest team in football right now. ,11048.0,negative,0.193,0.754,0.053,-0.6801
1or577k,1762546992.0,285,0.99,30,mEMe,May the best throat win 🥇 ,8747.0,neutral,0.0,0.273,0.727,0.8402
1oqo9jy,1762501232.0,232,1.0,28,,Someone give Frank Ross a raise. ,6728.0,positive,0.0,1.0,0.0,0.0
1oqf7q6,1762473464.0,201,0.99,49,,We are now officially the worst red zone team in the league ,9950.0,negative,0.272,0.728,0.0,-0.6249
1oq9lji,1762460062.0,113,1.0,44,,Nick Caley was asked about Jaylin Noel ,5085.0,neutral,0.0,1.0,0.0,0.0
1oq9c1o,1762459462.0,121,1.0,50,💬Player/Coach Quote,Nick Caley on the piss poor red zone attempts https://x.com/aaronwilson_nfl/status/1986524825809289332?s=46,6171.0,negative,0.42,0.58,0.0,-0.7003
1oq65ex,1762452325.0,120,0.98,14,,Injury update Looks like rhe,1764.0,neutral,0.337,0.361,0.301,-0.0772
1oq2a6b,1762443755.0,102,0.98,38,,Jaguars at Texans has the lowest resale price of all Week 10 games ,3898.0,neutral,0.178,0.822,0.0,-0.3818
1oq15l7,1762441170.0,232,0.98,31,,"Deepest of condolences to the Kneeland family. Tragic news today, a member of the Dallas Cowboys family has passed away. Let’s all take a moment to keep him and his loved ones in our thoughts and prayers. Moments like these remind us that life is so much bigger than football. Cherish the people around you, teammates, friends, and family every single day. Horrible news.",7276.0,neutral,0.087,0.751,0.162,0.6808
1ope0me,1762374114.0,161,0.99,62,🏥 Injury,"As expected, CJ is out https://x.com/aaronwilson_nfl/status/1986166809469305231?s=46",10042.0,neutral,0.0,1.0,0.0,0.0
1opduk5,1762373732.0,339,0.99,27,📈 Stats,It makes me proud and angry at the same time ,9397.0,neutral,0.229,0.556,0.215,-0.0516
1op4x78,1762354295.0,134,0.83,68,,"Severe lack of Mills hype in here.. MONEY MILLZ LETS GO! 

MILZZ ABOUT TO KEEP THE SEASON ALIVE AND BRING US HOME 5-5 FOR A TNF FOOTNALL GAME AGAINST THE BILLS.

CJ WILL LEAD US TO A TNF BILLS VICTORY WHILE THE COLTS BEGIN THEIR COLLAPSE IN KC.

WE WILL THEN WIN IN INDY AND CLOSE THE GAP WITH THE COLTS TO 1 GAME. THIS IS ALL IN A MATTER OF WEEKS - PREPARE!",7674.0,positive,0.108,0.767,0.125,0.3506
1oow0a4,1762325559.0,184,0.99,7,,JJ Watt was such a leader ,1457.0,positive,0.0,0.594,0.406,0.4084
1ooqmyo,1762308620.0,414,0.93,23,mEMe,"Breaking News Hazmat teams were dispatched to NRG Stadium & the practice bubble when a powdery white substance was not able to be identified by the Texans organization.  Both players and coaches were instructed to stay away from the area until it could be known whether or not it was safe to go near it.  After 60 minutes on Sunday it was determined that the substance in question was the goal line and that staying out of this ""end zone"" was the safest course of action.",9240.0,neutral,0.027,0.915,0.058,0.4007
1ooqbb2,1762307741.0,136,0.99,17,,Thought I'd share Framed and hung these myself before the sad lose.,2424.0,negative,0.341,0.529,0.129,-0.5574
1oonyyv,1762301475.0,117,0.94,73,,"The only way we don’t waste the C.J. Stroud window If we’re not seriously in the playoff mix, there is absolutely no reason to be trading away picks. None. This roster is not “one player away.” We’ve got a legit QB, a good head coach, and an offense that still feels like it’s trying to figure out what it wants to be when it grows up.

That’s exactly how you screw up a rookie QB window: pretend you’re closer than you are and start burning future picks for band-aids.

On the coaching side, I don’t see Nick Caley here next year. The way DeMeco’s been talking about the offense… it doesn’t sound like a long-term marriage. It feels like a stopgap.

Lance Z tossed out the idea of Mike McDaniel ending up here and, at first, I was out. I didn’t want another Shanahan-tree dude. But the more I think about it, the more it makes sense:

1. DeMeco gets a former head coach running the offense.

2. You’re not losing your OC to a head coaching job after one good season.

3. Stroud finally gets some continuity instead of learning a new system every year.

That’s huge. DeMeco can run the team, McDaniel can develop Stroud, and you actually build something instead of constantly retooling.

Now the front office.

Caserio deserves credit for getting us out of the mess and giving us Stroud + DeMeco and Deshaun Watson trade. That matters. But the “stabilize the franchise” phase and the “chase a Super Bowl” phase usually don’t have the same GM. At some point ownership needs to make a change or it will be more of the same and they will lose fans again. 

That’s where someone like Alec Halaby from the Eagles could work perfectly. 

You’d be getting a GM from that’s not from the patriots or 49ers (no more Shanahan connections) The eagles are a winning franchise that's who you want to pouch from. Demeco was to be physical in the trenches eagles built their roster that way it makes total sense. 

Would you rather roll into next year with Caserio and Caley and just hope it clicks…
or rip the band-aid off now and go all-in on something like DeMeco + McDaniel + a Halaby-type GM to actually maximize this Stroud era?",8139.0,neutral,0.041,0.826,0.133,0.9895
1oonjyv,1762300419.0,152,0.99,67,,"Houston Texans kicker Ka'imi Fairbairn is dealing with an injury, status being  determined for the Jaguars game Team hosts kicker Matthew Wright for visit

(Per-Aaron Wilson)",10233.0,neutral,0.096,0.822,0.082,-0.1027
1ookwdx,1762294052.0,418,0.97,85,mEMe,Bet it felt good after tho ,34870.0,positive,0.0,0.633,0.367,0.4404
1ookw9d,1762294043.0,193,0.87,122,,"My Franchise Qb , not giving up on Cj anytime soon screw you if you hate it . Dude led us to the playoffs twice in a row with A dog 💩 o line , not to mention hes not even 25 yet and people are questioning on paying him . Trevor is ass and got paid daniel jones got paid , tua turndaballova got paid . ",20653.0,positive,0.188,0.812,0.0,-0.876
1oodvl6,1762278321.0,349,0.97,212,,Fuck the Jets ,72107.0,negative,0.636,0.364,0.0,-0.5423
1onyf3s,1762231310.0,138,0.89,83,,Locker catches DeMeco off-guard and asks about Bullock and Lassiter (Drafted 42nd and 78th in 2024) immediately trusted and able to make impact last season & what has prevented Higgins and Noel (Drafted 34th and 79th in 2025) from being able to and/or trusted to do same this season. ,10317.0,neutral,0.0,0.86,0.14,0.743
1ontwtq,1762218314.0,221,0.85,104,🏥 Injury,I agreed with the no call on the CJ hit and hope the NFL continues moving in this direction He slide late and there was no helmet to helmet contact. What can the defender do? Suddenly stop at full acceleration? I hope this is the beginning of the NFL turning a new leaf. ,19724.0,neutral,0.111,0.726,0.163,0.4696
1onp3n1,1762206384.0,148,0.96,32,,"O-Line has improved at pass pro at least Honestly you could feel it in the game, they held their own against one of if not the best pass rush in the league. Of course they were not perfect but still performed a lot better than I expected. It is a shame that it all gets undermined by their inability to get one yard on multiple occasions but we take the wins where we can get them at this point.",4689.0,positive,0.159,0.705,0.136,-0.2921
1onkxo4,1762197147.0,295,0.94,114,💬Player/Coach Quote,"Demeco Ryans on the hit https://x.com/jonmalexander/status/1985424539237441787?s=46

Really makes you wonder why those calls on Mahomes were called in the divisional…",31890.0,neutral,0.0,1.0,0.0,0.0
1onj0y4,1762193002.0,292,0.99,61,💬Player/Coach Quote,Can’t even disagree ,17923.0,neutral,0.565,0.435,0.0,-0.3818
1onibc3,1762191535.0,114,0.98,36,🏥 Injury,CJ update ,4134.0,neutral,0.0,1.0,0.0,0.0
1ongk7d,1762187749.0,192,0.99,44,,Pain ,8554.0,negative,1.0,0.0,0.0,-0.5106
1onfa0z,1762184918.0,255,0.98,51,,This one still gets to me ,12995.0,negative,0.0,1.0,0.0,0.0
1onewmw,1762184068.0,172,0.99,36,📈 Stats,The Texans are the worst NFL team in the red zone ,6300.0,negative,0.291,0.709,0.0,-0.6249
1onajuu,1762173315.0,259,0.96,26,mEMe,lol ,6713.0,neutral,0.0,0.0,1.0,0.4215
1omvwj2,1762125074.0,225,0.99,87,💬Player/Coach Quote,DeMeco Ryans on the offense ,19602.0,neutral,0.333,0.667,0.0,-0.25
1omv7wn,1762123327.0,129,0.75,178,,"We have one of the worst home field “advantages” in the NFL Houston is so full of Meh “fans”. B2b weeks getting outnumbered in our own stadium. Even during the Astros golden era our home crowd sounded like a library compared to our opponent except 2017, 2022 Phillies, 2021 braves all wayyyy louder. 

Houston is bigger than Chicago but can’t support a team more than a city like Cleveland can. Kinda start to think why Bud Adams saw the writing on the wall 30 years ago ",17318.0,negative,0.042,0.843,0.115,0.7696
1omut0y,1762122242.0,190,0.92,31,🏥 Injury,Prayer post for CJ Leave your prayers here for our QB1 Coleridge Bernard Stroud IV. He does not deserve this dude is a class act and a really good dude. Hopefully he can recover quickly and be back soon. 🙏,5594.0,positive,0.029,0.822,0.149,0.7146
1omu8bj,1762120803.0,444,0.94,167,,Sounds like someone’s getting fired end of season ,70116.0,negative,0.298,0.496,0.207,-0.2732
1omu3jn,1762120472.0,1026,0.98,67,🏥 Injury,CJ is ok 🙏 ,68373.0,positive,0.0,0.476,0.524,0.296
1omtvr7,1762119939.0,139,0.95,73,💬Player/Coach Quote,Demeco Ryans on the late hit https://x.com/jonmalexander/status/1985100565366313442?s=46,9772.0,neutral,0.0,1.0,0.0,0.0
1omtp0t,1762119476.0,101,0.92,48,,This game goes to show we can’t win without CJ CJ is our quarterback and with him out we no shot of having any sort of offense. The game was over once he went down. We may have loss but my belief in CJ is at an all time high,4553.0,neutral,0.092,0.863,0.045,-0.1272
1omt9or,1762118449.0,620,0.96,130,🤬 Rant/Complaint,Please fire this bum into the sun ,77971.0,negative,0.247,0.515,0.237,-0.0258
1omrcfs,1762113932.0,256,0.98,19,,We talk so much about the how the defense carries our games  but not enough is talked about how elite of a special teams we have thanks to Frank Ross ,5018.0,positive,0.0,0.75,0.25,0.8248
1omqu41,1762112749.0,186,0.97,12,,Me after each kaimi  FG ,2345.0,neutral,0.0,1.0,0.0,0.0
1ompkow,1762109785.0,491,0.98,72,🥤 Kool-Aid,Necks Man Up ,35126.0,positive,0.0,1.0,0.0,0.0
1ompftq,1762109460.0,113,0.97,3,📹 Highlight,CALEN BULLOCK WITH THE PICK. Fuck the Broncos,438.0,negative,0.333,0.667,0.0,-0.5423
1omoq7q,1762107802.0,109,0.98,3,📹 Highlight,"Denico Autry BLOCKS the kick, score remains tied ",427.0,neutral,0.273,0.727,0.0,-0.3885
1omioh6,1762093708.0,299,0.98,33,,Am I Dreaming 😮 Two days of driving from North Carolina to Houston.. first time ever watching them at home... Praying for a Win!!! 17 hours #WorthIt #ThisIsMyDisneyWorld,9963.0,positive,0.0,0.762,0.238,0.8007
1om5g32,1762048684.0,125,0.98,23,,"Texans are 3-1 since releasing C.J.G.J. The team seems a little different since they released C.J.G.J., what do y'all think?  Was he really that bad or just coincidence?

Also the Ravens are 2-0 since releasing him. I know he was only practice squad but that 5-1 for teams after releasing him.",2940.0,neutral,0.054,0.946,0.0,-0.4116
1om248s,1762039117.0,258,0.99,22,,ABC13 reporter connected Tank with a local HS football player who’s recovering from the same injury 🫶 ,5875.0,positive,0.167,0.833,0.0,-0.4215
1om1r8h,1762038159.0,107,0.97,15,,Kyle Shanahan on the loss to the Texans https://x.com/coach_yac/status/1984673349914804459,1661.0,neutral,0.223,0.777,0.0,-0.3182
1olxyik,1762028464.0,118,1.0,16,🥤 Kool-Aid,Just got a new jersey! ,2006.0,positive,0.0,1.0,0.0,0.0
1olr0fs,1762011740.0,341,1.0,23,,Hell yeah ,8184.0,positive,0.676,0.0,0.324,-0.5267
1ol875w,1761949878.0,448,0.95,122,,What do we think about this ,52349.0,neutral,0.0,1.0,0.0,0.0
1ol0ba3,1761930590.0,167,1.0,17,📹 Highlight,A little later than I wanted but here is our call from Kamari Lassiter’s INT vs SF with how it looked on TV. Thanks for listening and checking these out! ,3006.0,neutral,0.0,0.867,0.133,0.63
1oky48g,1761925592.0,289,1.0,17,🏥 Injury,Woody also returns https://x.com/aaronwilson_nfl/status/1984285675601195382?s=46,5202.0,neutral,0.0,1.0,0.0,0.0
1okfimb,1761867959.0,196,0.97,42,,"This play has been, and will be haunting me for the rest of the season... This was definitely the loss we were closest to winning. Henry just had to make the damn tackle!",8175.0,negative,0.166,0.629,0.205,0.4003
1okd0df,1761861557.0,116,0.97,45,,A calf injury for Texans RB Woody Marks. He is added to the injury report today... (Per-lan Rapoport) ,5176.0,neutral,0.272,0.728,0.0,-0.6808
1okb4tx,1761856994.0,149,0.98,38,🥤 Kool-Aid,While he has not been perfect it looks like we might have finally not drafted a bust Let hope I didnt speak too soon,5695.0,neutral,0.109,0.693,0.197,0.3404
1ok9pbh,1761853654.0,233,1.0,18,,Nico officially cleared to play https://x.com/aaronwilson_nfl/status/1983983851916640622?s=46,4427.0,neutral,0.0,0.513,0.487,0.4215
1ok6jo6,1761846513.0,113,0.99,5,🥤 Kool-Aid,Houston Texans Week 9 Matchup Doodle (Halloween Edition) ,671.0,neutral,0.0,1.0,0.0,0.0
1ok66j8,1761845696.0,236,0.99,21,,Wished we could see this! ,5140.0,neutral,0.0,1.0,0.0,0.0
1ok4nsl,1761842311.0,312,0.99,13,,One just loves to see it ,4324.0,positive,0.0,0.575,0.425,0.5719
1ok3x36,1761840658.0,103,0.99,6,,Uniform combo vs DEN ,714.0,neutral,0.0,1.0,0.0,0.0
1ojy2ag,1761826577.0,280,0.99,26,,"Almost 1/4 of passing snaps he gets pressure, insane. ",7484.0,neutral,0.412,0.588,0.0,-0.5994
1ojgt4e,1761772389.0,112,0.97,17,,Hope the OL brings this much fire like the last time we played the Broncos ,1956.0,positive,0.113,0.519,0.368,0.6597
1ojbibk,1761760381.0,215,1.0,26,,Both Nico and Kirk are practicing today ,5805.0,neutral,0.0,1.0,0.0,0.0
1ojb8js,1761759798.0,272,0.97,147,,I Don’t Know What to Think… ,39048.0,neutral,0.0,1.0,0.0,0.0
1oj9ha9,1761755949.0,193,0.91,18,,Kim K kid North dressed as CJ Stroud for Halloween? Didn’t know she was such a fan - figured they’d like Herbert or something. ,3337.0,neutral,0.0,0.798,0.202,0.5859
1oj8gz1,1761753706.0,148,0.99,32,📹 Highlight,"“This is Danielle Hunter, and this is Will Anderson. They need to win, they’re at home, it’s Texas.” These two monsters are the reason why I think our chance to win against Denver is higher than it should be. Great commentary by Baldy",4835.0,positive,0.0,0.735,0.265,0.9287
1oj7gkx,1761751444.0,165,0.99,32,,Looks like the market has been set for WAJ ,5391.0,neutral,0.0,0.762,0.238,0.3612
1oj2pg1,1761739573.0,165,0.97,32,🗞 News,We WILL beat Denver …..I will be at the game ! ,5282.0,positive,0.0,1.0,0.0,0.0
1oj07ot,1761731302.0,176,1.0,5,,"Happy Birthday, Tank! ",1056.0,positive,0.0,0.334,0.666,0.6114
1oirusx,1761701742.0,120,0.98,5,,“🥶”- CJ on IG 🤘 ,706.0,neutral,0.0,1.0,0.0,0.0
1oiovyg,1761693797.0,177,0.96,19,🥤 Kool-Aid,"When we win vs the Broncos, I'll be hitting one of these. ",3398.0,positive,0.0,0.743,0.257,0.5859
1oikghe,1761683240.0,200,1.0,12,,Kamari “Locksmith” Lassiter 🔒 ,2600.0,neutral,0.0,1.0,0.0,0.0
1oig7mf,1761673630.0,244,0.96,136,,"Denver is basically a must-win game. I hate being hyperbolic about play off standings this early, but based on the way this playoff picture is projecting, the Texans really can’t afford to lose a game to any of these teams, barring something crazy.",32091.0,neutral,0.193,0.771,0.036,-0.8074
1oidx0f,1761668562.0,139,0.96,11,🥤 Kool-Aid,Dan Orlovsky gives CJ his flowers over his performance vs the Niners ,1601.0,positive,0.0,1.0,0.0,0.0
1oicm9b,1761665689.0,186,0.98,44,,OL agains niners ,8203.0,neutral,0.0,1.0,0.0,0.0
1oic1hq,1761664380.0,126,0.99,12,📹 Highlight,Here is how it looked calling the Jayden Higgins TD from the Texans Radio booth on Sunday. Thanks for listening! ,1622.0,neutral,0.0,0.856,0.144,0.4926
1ohwsqp,1761615156.0,188,0.99,33,,6th round pick by Nick Caserio. . Year 3 and he’s coming into his own and has CJ ‘s trust ,6328.0,positive,0.0,0.837,0.163,0.5106
1ohtsdh,1761607017.0,101,0.99,3,🥤 Kool-Aid,POV you caught a pass in the backfield against this defense Where he going,400.0,neutral,0.0,0.881,0.119,0.1593
1ohtq1y,1761606857.0,218,0.97,64,🗞 News,PS2 is out for our game ,13745.0,neutral,0.0,1.0,0.0,0.0
1ohqb7v,1761598594.0,183,0.99,19,,Yesterday was CJ’s first game with 300yds in over a year Hope he keeps it up. Bring on the Broncos ,3623.0,positive,0.0,0.861,0.139,0.4404
1ohob81,1761594093.0,176,0.98,11,,We just need to stay consistent! ,2070.0,positive,0.0,1.0,0.0,0.0
1ohlxs6,1761588756.0,471,0.99,34,,“I’ve gone against them 3 times in the last year every time I left the field I thought they were the best defense in the NFL” ,16320.0,neutral,0.0,0.787,0.213,0.6908
1ohj9uj,1761582897.0,189,0.96,138,,"Demeco on people always talking about the negative ""So you didn’t get any positive”-Landry ",25220.0,neutral,0.222,0.778,0.0,-0.5719
1ohit3a,1761581869.0,328,0.99,16,,Kamari a psycho ,5520.0,negative,0.0,1.0,0.0,0.0
1ohfxei,1761575395.0,131,0.99,16,🥤 Kool-Aid,"Matt Burke appreciation post I love Matt Burke. He deserves his flowers, the dude clearly learned from a great mind in Demeco and his guys play just as hard, if not harder for Burke. One day he will be a great HC elsewhere but for now I want to enjoy him with us. ",2205.0,positive,0.02,0.663,0.317,0.9428
1ohf5hq,1761573546.0,165,0.99,19,,Hutch been very reliable ,3267.0,positive,0.0,1.0,0.0,0.0
1oh3hur,1761533473.0,101,0.97,25,,"We actually did it... that one play There was one play that really stood out to me — the 49ers defense ran one of those crossing stunts, and our O-line actually picked it up and blocked it perfectly. That’s usually been a big issue for us, so I can’t remember the exact moment, but I just remember my jaw dropping in surprise.

If we can keep playing at this level, I can’t even imagine how good we’ll look once Nico, Tank, and Nixon are all back and we’re truly at full strength. CJ is the beast we always knew he was — he just needs time. He’s clearly a pocket passer, but now he’s picking the right moments to use his legs. I just pray those QB sneaks don’t get him hurt.

Let’s go Texans! 🔥🏈",2547.0,positive,0.04,0.756,0.203,0.971
1ogzcs5,1761521548.0,155,0.99,10,,Like my pumpkin? ,1688.0,neutral,0.0,0.444,0.556,0.3612
1ogyz4g,1761520523.0,725,0.99,28,,And I took that personally ,20815.0,neutral,0.0,1.0,0.0,0.0
1ogyqni,1761519892.0,161,1.0,12,📈 Stats,Let’s keep at it! ,2093.0,positive,0.0,1.0,0.0,0.0
1ogyj3b,1761519350.0,683,0.99,26,📈 Stats,We shut down McCaffrey ,18257.0,positive,0.0,1.0,0.0,0.0
1ogx71m,1761515826.0,517,0.99,37,,Our leader CJ Stroud 🤘 ,19450.0,positive,0.0,1.0,0.0,0.0
1ogwupi,1761514966.0,188,0.99,4,,Always good to see CJ smiling ,931.0,positive,0.0,0.404,0.596,0.7096
1ogwoip,1761514524.0,172,1.0,24,👂Rumor/Speculation,Alleged Mixon sighting at the NRG ,4300.0,neutral,0.0,1.0,0.0,0.0
1ogwmii,1761514379.0,303,1.0,9,,Love these two monsters 🤘 ,3030.0,positive,0.0,0.417,0.583,0.6369
1ogwcyy,1761513722.0,391,0.99,32,,No sacks today. ,12774.0,neutral,0.524,0.476,0.0,-0.296
1ogul01,1761509399.0,337,0.98,15,🥤 Kool-Aid,CJ Stroud when he has more than the half life of Hydrogen-10 to throw the ball: ,5284.0,neutral,0.0,1.0,0.0,0.0
1oguefg,1761508955.0,122,0.98,241,🏈 Game Thread,"Post Game Thread: San Francisco 49ers at Houston Texans #San Francisco 49ers at Houston Texans

[ESPN Gamecast](https://www.espn.com/nfl/game/_/gameId/401772866/49ers-texans)

NRG Stadium- Houston, TX

Network(s): FOX 

***

|Time Clock|
|:--:|
|Final|

**Scoreboard**

||Q1|Q2|Q3|Q4|Total|
|:--:|:--:|:--:|:--:|:--:|:--:|
|SF|0|7|8|0|15|
|HOU|3|13|7|3|26|


**Scoring Plays**

| Team | Quarter | Type | Description |
|:--|:--|:--|:--|
| HOU | 1 | FG | Ka'imi Fairbairn 33 Yd Field Goal |
| HOU | 2 | FG | Ka'imi Fairbairn 34 Yd Field Goal |
| HOU | 2 | TD | Jayden Higgins 12 Yd pass from C.J. Stroud (Ka'imi Fairbairn Kick) |
| HOU | 2 | FG | Ka'imi Fairbairn 37 Yd Field Goal  |
| SF | 2 | TD | George Kittle 17 Yd pass from Mac Jones (Eddy Pineiro Kick) |
| HOU | 3 | TD | Xavier Hutchinson 30 Yd pass from C.J. Stroud (Ka'imi Fairbairn Kick) |
| SF | 3 | TD | Jake Tonges 2 Yd pass from Mac Jones (Mac Jones Pass to Demarcus Robinson for Two-Point Conversion) |
| HOU | 4 | FG | Ka'imi Fairbairn 30 Yd Field Goal |




**Passing Leaders**

|Team|Player|C/ATT|YDS|TD|INT|SACKS|
|:--|:--|--:|--:|--:|--:|--:|
| SF | Mac Jones | 19/32 | 193 | 2 | 1 | 2-18 |
| HOU | C.J. Stroud | 30/39 | 318 | 2 | 1 | 0-0 |

**Rushing Leaders**

|Team|Player|CAR|YDS|AVG|TD|LONG|
|:--|:--|--:|--:|--:|--:|--:|
| SF | Christian McCaffrey | 8 | 25 | 3.1 | 0 | 9 |
| HOU | Woody Marks | 11 | 62 | 5.6 | 0 | 23 |

**Receiving Leaders**

|Team|Player|REC|YDS|AVG|TD|LONG|TGTS|
|:--|:--|--:|--:|--:|--:|--:|--:|
| SF | Jauan Jennings | 4 | 45 | 11.3 | 0 | 25 | 7 |
| HOU | Xavier Hutchinson | 5 | 69 | 13.8 | 1 | 30 | 6 |


***

Use [reddit-stream.com](https://reddit-stream.com/comments/auto) to get an autorefreshing version of this page

^This ^was ^created ^by ^a ^bot. ^For ^issues ^or ^suggestions ^please ^message ^nfl_gdt_bot.

^Last ^updated: ^2025-10-26_16:32:55.284606-04:00",28934.0,neutral,0.0,0.984,0.016,0.4995
1ogu8he,1761508546.0,400,0.99,19,📹 Highlight,LASSITER POTENTIALLY SEALS THE GAME WITH A CLUTCH PICK. WAJ WITH THE PRESSURE. ,7920.0,positive,0.167,0.833,0.0,-0.296
1ogtjdr,1761506886.0,161,0.99,4,📹 Highlight,"British Brooks, my goodness. That man has a family. 🇬🇧 ",797.0,neutral,0.0,0.727,0.273,0.4588
1ogt28d,1761505741.0,237,1.0,20,📹 Highlight,"CJ FINDS X ON A LASER TO EXTEND THE LEAD. A 94 YARD TD DRIVE EXTENDS THE LEAD, 23-7. ",4977.0,positive,0.0,0.75,0.25,0.567
1ogrmqq,1761502383.0,123,0.98,7,📹 Highlight,"Great catch by X, Iowa State Texans are locked in today ",964.0,positive,0.0,0.709,0.291,0.6249
1ogr9m6,1761501531.0,267,1.0,15,📹 Highlight,JAYDEN HIGGINS. TOUCHDOWN. 13-0 LEAD. ,4272.0,positive,0.0,1.0,0.0,0.0
1ogr73u,1761501360.0,209,0.99,16,📹 Highlight,CJ ➡️ Noel ,3517.0,neutral,0.0,1.0,0.0,0.0
1ogntbi,1761493318.0,118,0.99,38,,"Tickets prices for today’s game were out of control, too ",4556.0,neutral,0.0,1.0,0.0,0.0
1ogjwhh,1761483276.0,103,0.98,36,🗞 News,Azeez Al-Shaair avoids fine for tackling Sam Darnold out of bounds ,3735.0,neutral,0.136,0.72,0.144,0.0258
1ogga51,1761470891.0,103,0.99,14,mEMe,POV: It's Sunday and the texans are playing today. Disclaimer: making memes and shit posting ,1530.0,neutral,0.196,0.707,0.098,-0.4215
1og0tc4,1761421699.0,113,0.98,24,,Heads up Guys defense wins championships…. When your o-line isnt dog 💩 and your Oc has common sense ,2768.0,neutral,0.0,0.743,0.257,0.6369
1ofe1e1,1761352513.0,455,0.98,23,,CJ Stroud in the pocket: 😔,10702.0,negative,0.0,1.0,0.0,0.0
1oelp3c,1761271388.0,228,0.97,43,,"When questioned about Nico Collins usage by DJ Bien-Aime, Nick Caley said: ""We move Nico around. He doesn't sit here and play primarily X."" DJ Bien-Aime with the receipts. [https://x.com/Djbienaime/status/1981468243794727154](https://x.com/Djbienaime/status/1981468243794727154)",9731.0,neutral,0.044,0.881,0.075,0.25
1oedr1m,1761250216.0,346,0.98,72,,OK then! ,24753.0,neutral,0.0,0.237,0.763,0.4981
1oebrop,1761245651.0,105,0.93,54,,Any chance is better than nothing ,5371.0,neutral,0.0,0.449,0.551,0.5994
1oe8k2j,1761238372.0,103,0.99,25,,"The Seahawks are the only team since 2001 to win with 4+ turnovers, <200 passing yards, and <15% on 3rd down (NFL teams are 1-40). It happened against us last week. The Dolphins had similar offensive stats last week but lost to the Browns 31-6. Stats are per CBS Sports, discussed by Jim Rome on his podcast in the following episodes:

[Seahwks MNF win, The Jim Rome Show](https://open.spotify.com/episode/6se1DIUx0wo9I0OwzyJeYd?si=c97ee9585fc14944)",2651.0,neutral,0.065,0.836,0.099,0.5647
1oe5jdo,1761231506.0,161,0.98,79,📝Article/Writeup,"ESPN: Texans had the NFL’s worst offseason Do you agree or disagree?   

Highlights: Drafting fourth-round RB Woody Marks, trading for G Ed Ingram  

Disappointments: Much of their rebuilt offensive line; hiring OC Nick Caley; signing OT Cam Robinson (one year, $12 million) and LB Nick Niemann (two years, $6 million); trading for S C.J. Gardner-Johnson and WR Christian Kirk  

I'm not sure I've seen a team give up on so many meaningful additions so early in the season since the Al Davis days in Oakland. Texans general manager Nick Caserio gave Niemann $4 million guaranteed and then cut the special teamer in August. He traded for Gardner-Johnson, restructured his deal in September and then cut him after three games, leaving Houston on the hook for $8.3 million. Robinson was benched after one game and spent two games on special teams before being traded to the Browns, with the Texans paying $9.2 million for his brief stint.   

In all, that's $21.5 million for players who were already off the roster by the end of September. You can applaud Caserio for recognizing that players weren't going to work out and treating the money the Texans spent over the summer as sunk costs, but that's a lot of cash committed to guys who simply weren't good enough to stay in the starting lineup for very long. Robinson wasn't good for the Jaguars or Vikings last season, and the Texans had all summer to look at Gardner-Johnson before they restructured his deal, locking his money in place.   

The offseason project of rebuilding the infrastructure around C.J. Stroud hasn't worked. Caley has been unable to spark much of a run game, though Marks looked like a bright spot when given the opportunity to take over the backfield before last week's painful performance against the Seahawks. The various young players and veterans the Texans added haven't made much of a difference, with Stroud running for his life against quality pass rushes on a weekly basis. Aireontae Ersery might end up sticking somewhere along the offensive line, and Ingram has played the best football of his career after being acquired for a sixth-round pick, but Caserio will be looking for more help up front next offseason.  

Source: https://www.espn.com/nfl/story/_/id/46683459/2025-nfl-offseason-tiers-32-teams-best-worst-signings-trades-draft-barnwell

",12622.0,neutral,0.067,0.839,0.094,0.9174
1odqqzy,1761183670.0,132,0.99,27,,Defenses that allowed the fewest points weeks 1-7 ,3659.0,neutral,0.0,0.805,0.195,0.1779
1odj59h,1761163956.0,253,0.94,86,,My tummy hurts ,20690.0,negative,0.608,0.392,0.0,-0.4767
1odazkx,1761145944.0,209,0.99,60,💬Player/Coach Quote,DeMeco Ryans on what frustrated him the most on Monday ,12622.0,neutral,0.274,0.726,0.0,-0.5267
1ocyqqa,1761107240.0,170,0.98,3,,"CJ made my kids night on Monday night football. I know the game was terrible to watch, and me watching it from home would have been pretty upset being so sloppy coming off a bye week, but this made my sons night.

Thanks for signing his helmet, CJ. My boy said he's never washing his hand again. 

I also have an 0-4 record at texans games.  I probably should stay in my house from now on. ",666.0,positive,0.091,0.835,0.074,-0.088
1ocycg3,1761105973.0,138,0.94,17,,😂😂😂😭 ,2335.0,neutral,0.0,1.0,0.0,0.0
1ocuae0,1761094131.0,558,0.99,81,📈 Stats,Welp ,45298.0,negative,0.0,1.0,0.0,0.0
1ocosmy,1761080163.0,256,0.97,56,mEMe,It’s tough out here ,14154.0,negative,0.333,0.667,0.0,-0.128
1ocn0c0,1761076135.0,230,0.98,156,💬Player/Coach Quote,DeMeco on Nick Caley ,35388.0,neutral,0.0,1.0,0.0,0.0
1ocmws9,1761075914.0,123,0.99,37,💬Player/Coach Quote,DeMeco on CJ’s performance ,4627.0,neutral,0.0,1.0,0.0,0.0
1ocknvy,1761070920.0,101,0.83,121,📹 Highlight,If they lose 2 of the next 3 and they are 3 and 6 is the season over!! And Was next ? ,10227.0,negative,0.17,0.83,0.0,-0.508
1ocjmu0,1761068675.0,112,0.99,44,,"I’ve never felt so defeated and sad after a loss… I put so much hope into this team turning the season around after what happened in the 2 weeks prior to the bye. I thought the offense was finally starting to figure it out.

Last night, I genuinely felt my mood ruined after the loss, and I never really let a loss determine my mood that much. The offense just looked straight up terrible, and what made the game worse to watch was seeing our defense give us SO MANY CHANCES. 

I don’t know what needs to happen, but this team needs changes across the board on offense. Just needed to let this out.

PS: At least the Rockets start tonight 😁",4990.0,negative,0.156,0.788,0.056,-0.8619
1och530,1761063044.0,166,0.97,36,,The Texans are a John Carrol University jobs program Get this fucking bum off our team. Enough with the nepotism.,5958.0,negative,0.0,1.0,0.0,0.0
1ocgmx0,1761061915.0,259,0.96,57,mEMe,We can fix him ,14421.0,positive,0.0,1.0,0.0,0.0
1ocbphr,1761050042.0,211,0.78,251,,Caserio built this OLINE. He needs to go. We have one of the best defenses in the league and one of the worst offensive lines in the league. That’s a roster construction issue and that falls squarely on Caserio’s shoulders. ,41474.0,negative,0.148,0.729,0.123,-0.296
1ocbbtz,1761048973.0,324,0.99,28,,Good morning 😔 ,9302.0,negative,0.0,0.256,0.744,0.4404
1oc6bdc,1761030871.0,126,0.86,14,mEMe,A Message From The Fans. ,1625.0,neutral,0.0,1.0,0.0,0.0
1oc5103,1761026069.0,226,0.97,159,💬Player/Coach Quote,"Demeco Ryans in the post game presser: ""It wasn't a good day for our entire team. It's not just one side, all 3 phases did not do a great job today."" 10/10 Demeco, throwing your defense under the bus despite forcing 4 turnovers. Teams were 13-0 this year when they forced 3 turnovers until tonight.",35075.0,negative,0.155,0.819,0.027,-0.802
1oc4o66,1761024770.0,652,0.99,128,,YOU HAD 2 WEEKS BUM ,83267.0,negative,0.0,1.0,0.0,0.0
1oc3iam,1761020803.0,873,0.97,222,,LEAVE HIS ASS IN SEATTLE ,188839.0,negative,0.61,0.39,0.0,-0.5719
1oc38pu,1761019915.0,397,0.99,33,📹 Highlight,WILL. ANDERSON. JR. SACK. FUMBLE. TOUCHDOWN. ,13363.0,neutral,0.0,1.0,0.0,0.0
1oc2jcu,1761017702.0,146,0.98,4,📹 Highlight,Special teams doing their part! FG is BLOCKED. ,715.0,neutral,0.264,0.507,0.228,-0.1091
1oc22ra,1761016320.0,175,0.99,13,📹 Highlight,Bullock picks off...Cooper Kupp???? ,2426.0,neutral,0.0,1.0,0.0,0.0
1obwok3,1761001290.0,337,0.94,53,,Please stunt on these hoes CJ ,17106.0,negative,0.0,0.685,0.315,0.3182
1obw2vf,1760999771.0,161,0.98,30,,"Mac Jones will be coming to town this Sunday vs the 49ers https://x.com/tompelissero/status/1980390832831361483?s=46

we still gotta get through tonight tho let’s try and rattle off 5 straight wins. ",4891.0,positive,0.0,0.817,0.183,0.6808
1obtqph,1760994178.0,105,0.96,38,,I hope to god that when i wake up i see that Texans W because if not imma take a plane and protest in front of the stadium ,3931.0,negative,0.074,0.741,0.185,0.4588
1obhmi0,1760963066.0,104,0.97,34,,"Its Primetime! https://preview.redd.it/1hb6nj88f9wf1.png?width=1179&format=png&auto=webp&s=de19d03e14ef38128625f4a3a0da5f9c62defe87

",3531.0,neutral,0.0,1.0,0.0,0.0
1ob413s,1760915292.0,130,0.99,8,mEMe,How dare ,1158.0,negative,0.0,1.0,0.0,0.0
1ob0h2s,1760906361.0,215,0.99,15,,5 reppin H Town on his way to Seattle ,3406.0,positive,0.0,1.0,0.0,0.0
1oaxvik,1760900268.0,218,0.97,19,📹 Highlight,Lol Titans ,4229.0,negative,0.0,0.263,0.737,0.4215
1oauovv,1760892888.0,311,0.95,33,📈 Stats,"At least we know it could’ve been much worse, #FTJ ",10045.0,neutral,0.256,0.744,0.0,-0.4767
1oarb0w,1760884792.0,203,0.97,41,,Love watching the Jaguars get blown out to start my Sunday Morning . . 21 - 0 on Duval ,8270.0,positive,0.0,0.769,0.231,0.6369
1oa3p7u,1760812981.0,247,1.0,10,,“I feel like it's just was time for me to leave and I feel like being here is like the new start that I needed. I feel like l'm respected here and I'm valued as a player and I just love this team.”-Ed Ingram ,2717.0,positive,0.023,0.592,0.385,0.9584
1oa09e8,1760804866.0,179,0.97,60,,Kirk not at practice ,10591.0,neutral,0.0,1.0,0.0,0.0
1o9gbfp,1760743104.0,255,0.98,19,,No hesitation from Kamari 😂🤘 ,4998.0,positive,0.589,0.411,0.0,-0.5106
1o9coal,1760733835.0,423,0.99,29,💬Player/Coach Quote,Nothing else matters https://x.com/aaronwilson_nfl/status/1979287083979329796?s=46,12563.0,neutral,0.264,0.736,0.0,-0.0191
1o99il8,1760726487.0,247,0.99,12,,Houston Texans Ka'imi Fairbairn is tied for the league lead in both field goal attempts (7) and makes (5) from 50-plus yards this season even while having his bye already. Fairbairn has potential for a huge season with just 2 outdoor games left on the Texans schedule. (NFL Pro) (TexansJacob),3179.0,positive,0.0,0.953,0.047,0.3182
1o96yqc,1760720670.0,346,1.0,50,🏥 Injury,Our 53 man roster is healthy for the Seahawks game. https://x.com/samwarren_3/status/1979231507366502622?s=46,17646.0,neutral,0.0,0.787,0.213,0.4019
1o96don,1760719352.0,102,0.96,59,📝Article/Writeup,"How Nick Caley Has Adapted: The Texans' Offense Finds Its Groove After a Rough Start Been really encouraged by the strides Nick Caley has made as OC over the past few games.

It’s not just about playing weaker defenses, we started seeing some of these adjustments late in the Jacksonville game, and now they’re showing up more consistently:
	•	More tempo after 1st downs
	•	Real RPO structure giving Stroud options
	•	Use of 6 OL (Blake Fisher) as a response to TE injuries
	•	Heavy personnel & motion creating misdirection
	•	Running on 2nd & long to stay on schedule
	•	Creative 3rd down designs that aren’t just check-down screens
	•	OL finally has continuity, and it’s showing in run efficiency and protection

Caley was brought in to adapt and adjust — and lately, that’s exactly what he’s doing.

I broke it all down with film clips and examples here if you want the deeper dive. 

Seattle will be a big test but I’m encouraged. Where are you at with the offense?",5875.0,positive,0.054,0.857,0.089,0.6046
1o8oo36,1760665669.0,225,0.97,19,,CJ gets to go against the team he grew up watching—don’t be surprised if he goes off. ,4365.0,positive,0.0,0.894,0.106,0.2263
1o8mtuv,1760660396.0,147,0.99,4,,TBT to last year's MNF... THICC SIX 🤘 ,728.0,positive,0.0,1.0,0.0,0.0
1o8dppt,1760638388.0,308,0.98,46,,Team is looking healthy https://x.com/samwarren_3/status/1978886695522013365?s=46,14186.0,positive,0.0,0.597,0.403,0.4019
1o8dh38,1760637859.0,162,1.0,6,🥤 Kool-Aid,Houston Texans Week 7 Matchup Doodle :) ,1134.0,neutral,0.0,0.625,0.375,0.4588
1o8d1mk,1760636920.0,104,1.0,7,📈 Stats,"Texans have held opponents to less than 25 points in 8 straight games (including playoffs), the longest active streak in the NFL ([Source](https://stathead.com/tiny/c1Y8b/reddit))

On the downside, they are 4-4 in those 8 games...

For those curious, the longest streak in the Super Bowl Era is 46, [done by the 1968-71 Vikings](https://stathead.com/tiny/2Cmtl/reddit).

The longest streak in franchise history is 10 straight games, [done by the 2018 Texans team](https://stathead.com/tiny/DVYe4/reddit). ",832.0,neutral,0.027,0.801,0.172,0.8658
1o7lmd2,1760558733.0,350,0.99,100,,Time for this team to nut up or shut up ,34996.0,negative,0.0,1.0,0.0,0.0
1o7jkff,1760554109.0,230,0.97,22,🗞 News,Texans’ Derek Stingley Jr. gets engaged to longtime girlfriend on bye week: ‘Most perfect day’ ,5131.0,positive,0.0,0.67,0.33,0.7506
1o7in66,1760552056.0,412,0.97,47,💬Player/Coach Quote,"JJ rips PFF a new one: “I know defensive line play unbelievably well. I could not go and grade a game for a player and give him a definitive grade without speaking to him, his coach, the scheme, everything.” ",19183.0,neutral,0.0,0.777,0.223,0.7668
1o7fnch,1760545433.0,174,0.98,26,,Arian Foster was such a joy to watch at his peak ,4604.0,positive,0.0,0.703,0.297,0.5859
1o70z8o,1760500675.0,132,0.97,32,📈 Stats,"Stroud VS the other 31 QB’s His ranks are as follows. 
All - 8th
No pressure - 10th
Pressure - 12th
Planted - 5th
Moving - 8th Tied with Stafford
Short - 14th Tied with Rattler
Intermediate - 4th 
Deep - 5th Tied with Josh Allen
",4225.0,neutral,0.159,0.841,0.0,-0.6808
1o6vlod,1760485342.0,836,0.96,90,,Sting is getting married! :) ,73033.0,positive,0.0,0.549,0.451,0.5093
1o6m7t1,1760463574.0,241,0.99,33,,Ceedy G-J is the defensive version of Diontae Johnson ,8112.0,neutral,0.0,0.879,0.121,0.0258
1o6hcip,1760452833.0,560,0.96,233,,"Real talk, whoever decided to have this start at 9 is a fucking war criminal. No, I don’t care that it’s on the West Coast. ",125798.0,negative,0.328,0.571,0.101,-0.7984
1o68jg6,1760425187.0,117,0.97,133,mEMe,"Non Americans Texans fans, where are you from? I just read a post of someone from Europe asking about the “kool-aid” expression and now I want to know where Texans fans are from outside the US.

I’m starting, I’m from Mexico.",15208.0,neutral,0.0,0.966,0.034,0.0772
1o64d4k,1760411071.0,193,0.97,22,,Same about Mark Ingram ,4306.0,neutral,0.0,1.0,0.0,0.0
1o5r41v,1760378413.0,484,0.98,74,🗞 News,Point and laugh ,35574.0,negative,0.0,0.357,0.643,0.5574
1o5pk4h,1760375108.0,289,0.96,31,,Literally just a photo of C.J. Stroud ,8878.0,neutral,0.0,1.0,0.0,0.0
1o5b6ag,1760333054.0,222,0.95,36,mEMe,My takeaway after watching Seahawks vs Jags We might be seeing last year's sack numbers next week,7803.0,neutral,0.0,1.0,0.0,0.0
1o5425q,1760311585.0,194,0.97,50,,"6 weeks in, the Rams & Bucs losses don’t look that bad We really could have easily beat MVP baker if Oto’oto makes that tackle ",9597.0,neutral,0.215,0.693,0.092,-0.5478
1o53z34,1760311350.0,212,0.97,82,,Thoughts? ,17068.0,neutral,0.0,1.0,0.0,0.0
1o4vwke,1760291907.0,344,0.92,108,,"Oh , but I thought the Texans offense wasn’t that good. . I mean it’s just the Ravens Any NFL offense that puts up 40 points on the team is probably in the right direction ",34496.0,neutral,0.136,0.76,0.104,-0.0387
1o4s4n8,1760283219.0,159,0.96,21,,Bye week fit: ,3358.0,neutral,0.0,0.444,0.556,0.3612
1o4nwsa,1760272455.0,207,0.99,57,,Bengals FO talked to the Texans about trading Davis Mills ,11886.0,neutral,0.0,1.0,0.0,0.0
1o47f46,1760218330.0,105,0.97,4,,Xavier Hutchinson on the Night Cap! Whole interview: https://youtu.be/Mdvtma6zGg4?si=D84dgycbiFc3JHi2,509.0,neutral,0.0,1.0,0.0,0.0
1o3l2lc,1760152741.0,244,0.79,132,,cut calen bullock ,25637.0,negative,0.512,0.488,0.0,-0.2732
1o35du0,1760113011.0,190,0.99,10,,Best Demeco Ryans Impersonation 😂 ,2069.0,positive,0.0,0.417,0.583,0.6369
1o33f70,1760108721.0,382,0.98,87,,what? what?    what? …what.? what?? what?,32944.0,neutral,0.0,1.0,0.0,0.0
1o2wgg7,1760089363.0,119,0.95,19,,Hutch & Kay Adams discuss the possibility of The Texans bringing in another Cyclone in Breece Hall ‼️🤘🏼Says Breece is a Dawg 👊🏼 Definitely confirmed were making a push 🔥 ,2261.0,positive,0.0,0.903,0.097,0.4019
1o2ovt8,1760062794.0,348,0.99,10,,They don’t just catch touchdowns!! 🤘 ,3790.0,positive,0.0,1.0,0.0,0.0
1o2n8ak,1760058040.0,208,0.97,112,,Thoughts? Whats really going on with Mixon? ,22799.0,neutral,0.0,1.0,0.0,0.0
1o2eg80,1760036011.0,102,0.96,53,,QB School Breaks Down CJ Stroud vs Ravens ,5288.0,neutral,0.0,1.0,0.0,0.0
1o248ky,1760011915.0,257,0.98,5,🥤 Kool-Aid,Found this on TT! Still on the Koolaid Found this on TT and since it’s a slow bye week…,1511.0,neutral,0.0,1.0,0.0,0.0
1o1ypo1,1759991309.0,625,1.0,31,,JJ’s Favorite Sack 🤘 ,20000.0,positive,0.0,0.4,0.6,0.4588
1o1t36o,1759972831.0,176,0.97,29,,It's nice to not be the worst division in the league. ,5122.0,positive,0.0,0.596,0.404,0.7264
1o1p35w,1759961818.0,304,0.97,44,🥤 Kool-Aid,"It hasn’t all been good, but the defense is on historic pace. ",13270.0,positive,0.0,0.73,0.27,0.4019
1o1ozdl,1759961548.0,104,1.0,21,,"We've held every opponent to their lowest game point total I'm curious if we just need an average offense to be a serious playoff contender. The Colts and Jags winning games makes our road harder, but the defense gave us a shot in all our losses. We also have held all of our opponents to their lowest scored points of the year. Yes there was no Lamar, but Christmas is potentially avenged.

**Opponent points scored by game:**

Rams: **14\*\***, 33, 26, 27, 23

Bucs: 23, **20\*\***, 29, 25, 38

Jags: 26, 27, **17\*\***, 26, 31

Titans: 12, 19, 20, **0\*\***, 22

Ravens: 40, 41, 30, 20, **10\*\***

Just thought I'd share

",2288.0,positive,0.114,0.78,0.106,-0.25
1o1juwj,1759950524.0,389,0.99,20,🥤 Kool-Aid,CJ got his chain 🤘🏻 ,8087.0,positive,0.0,1.0,0.0,0.0
1o1eomh,1759939462.0,234,0.99,17,,CJ is the AFC Offensive Player of the Week ,4170.0,positive,0.273,0.727,0.0,-0.4588
1o1ekn1,1759939237.0,884,0.99,41,🗞 News,CJ is YOUR AFC player of the week ,36757.0,positive,0.0,1.0,0.0,0.0
1o1daqr,1759936476.0,504,0.98,37,mEMe,I miss Tank Dell. RIP to the Big Homie ,18769.0,negative,0.186,0.814,0.0,-0.1531
1o10enn,1759895821.0,225,0.98,9,📈 Stats,"DPOY type shit Splash plays consist of:

Sacks
Pressures
Tackles for loss or no gain
Interceptions
Forced Fumbles
Fumble recoveries
Passes defended
Tackles on third and fourth down that don't result in a first down

Stole all this from Austin Mock on X btw",2205.0,positive,0.291,0.612,0.097,-0.8689
1o0zp5w,1759893595.0,117,0.99,10,📈 Stats,Our special teams are special ,1274.0,positive,0.0,0.357,0.643,0.6597
1o0ulh0,1759879192.0,114,0.99,10,🥤 Kool-Aid,"Nico Appreciation Post Can we take a moment to talk about how awesome Nico Collins is? In a league where wide receivers are noted for being over the top, ostentatious, flashy divas, Nico plays like an absolute superstar without a lot of drama. His personality seems to fit the team so well; head down, hard worker, solid dude.",1241.0,positive,0.021,0.677,0.302,0.9527
1o0u7t1,1759878219.0,918,0.99,75,🥤 Kool-Aid,"Bye week reminder this is the Franchise leader in points, the longest tenured Texan, and a 10 year veteran King Ka'imi",69070.0,positive,0.0,1.0,0.0,0.0
1o0tqor,1759877009.0,161,1.0,2,,I love Nico so much 😭 ,483.0,positive,0.0,0.417,0.583,0.6369
1o0nzti,1759863891.0,344,0.99,34,,Points per game allowed by every NFL team through Week 5 ,11920.0,neutral,0.0,1.0,0.0,0.0
1p52s8z,1763944438.0,4902,0.99,14,📹 Highlight,Metche touchdown earlier today. Seems like he's doing good with the Jets! Keep posting. Awesome to see him get these chances. We're all rooting for him.,72795.0,positive,0.0,0.655,0.345,0.8908
1p52s8z,1763948849.0,1254,0.99,14,📹 Highlight,Metche touchdown earlier today. Seems like he's doing good with the Jets! Hell yeah!,18622.0,positive,0.202,0.439,0.359,0.3786
1p52s8z,1763945409.0,1710,0.99,14,📹 Highlight,"Metche touchdown earlier today. Seems like he's doing good with the Jets! Awesome, hope he carves out a role for himself in the NFL",25394.0,positive,0.0,0.6,0.4,0.9134
1p52s8z,1763951523.0,798,0.99,14,📹 Highlight,Metche touchdown earlier today. Seems like he's doing good with the Jets! Go get it Metch!,11850.0,positive,0.0,0.701,0.299,0.717
1p52s8z,1763954924.0,798,0.99,14,📹 Highlight,Metche touchdown earlier today. Seems like he's doing good with the Jets! I unironically hope that this Metchie truther on X is having a great day today!,11850.0,positive,0.0,0.606,0.394,0.9183
1p52s8z,1763951162.0,912,0.99,14,📹 Highlight,"Metche touchdown earlier today. Seems like he's doing good with the Jets! Good for him, glad to see him doing his thing. Why did we get rid of him?",13543.0,negative,0.0,0.683,0.317,0.8908
1p52s8z,1763944825.0,456,0.99,14,📹 Highlight,Metche touchdown earlier today. Seems like he's doing good with the Jets! Crazy what happens when all the other receivers suck besides Garrett lol,6772.0,positive,0.162,0.579,0.259,0.4926
1p52s8z,1763950269.0,114,0.99,14,📹 Highlight,Metche touchdown earlier today. Seems like he's doing good with the Jets! ![gif](giphy|520lZFgNZ5j1XpeVoJ),1693.0,positive,0.0,0.648,0.352,0.717
1p52s8z,1763976661.0,114,0.99,14,📹 Highlight,"Metche touchdown earlier today. Seems like he's doing good with the Jets! 6 Catches for 65 yards on 7 Targets, 1 TD. I'm really happy for him.",1693.0,positive,0.0,0.684,0.316,0.8653
1p4yvg0,1763934280.0,19040,0.99,17,🥤 Kool-Aid,See yall next week colts😉  This win vs the colts would be huge for h-town,339293.0,positive,0.0,0.681,0.319,0.7269
1p4yvg0,1763934676.0,11968,0.99,17,🥤 Kool-Aid,"See yall next week colts😉  Well now we have to win against the Colts and beat the Chiefs. No predictions, just rooting for us no matter what. CJ make us proud and stroud.",213270.0,positive,0.106,0.651,0.243,0.6908
1p4yvg0,1763935450.0,7344,0.99,17,🥤 Kool-Aid,"See yall next week colts😉  Colts are reeling. They’re 1-2 in their last 3 weeks and their 1 was an OT win against a middling Falcons team.

Guaranteed DeMeco and the D smell blood.",130870.0,positive,0.0,0.884,0.116,0.5859
1p4yvg0,1763935659.0,2992,0.99,17,🥤 Kool-Aid,See yall next week colts😉  They’ve been playing cupcakes all year. Their schedule in the last half of the season will expose them,53317.0,positive,0.066,0.861,0.074,0.0516
1p4yvg0,1763935100.0,1632,0.99,17,🥤 Kool-Aid,See yall next week colts😉  https://i.redd.it/c1dxy1kow23g1.gif,29082.0,neutral,0.0,1.0,0.0,0.0
1p4yvg0,1763938769.0,1088,0.99,17,🥤 Kool-Aid,"See yall next week colts😉  We need to win one of these next 2- hard to win both bc r on the road. 

Raiders and Cardinals at HOME should be comfortable wins 

9-6, by the time we to these last 2 games we should have a more clear picture of how many we need to clinch a spot/ playoff scenarios.  
Chargers- away 
Colts- home 

Predictions for win column 
10- wild card due to afc tiebreaker 
11- should give us division. 

I don’t see colts winning more than 2- 4/6 ➡️10-7 11-6 max 

Jags should go 3-4/6 assuming they fall to 6-5 today, they might get upset in one of those weeks bc they’re struggling vs cardinals",19388.0,positive,0.051,0.762,0.186,0.9633
1p4yvg0,1763941046.0,544,0.99,17,🥤 Kool-Aid,"See yall next week colts😉  So much pressure on CJ now, I’m sure he’s up for the challenge. Can’t wait to watch him ball.",9694.0,positive,0.092,0.776,0.133,0.0314
1p4yvg0,1763946390.0,544,0.99,17,🥤 Kool-Aid,See yall next week colts😉  That game deserves to get flexed into the afternoon spot or even primetime!!!,9694.0,positive,0.0,1.0,0.0,0.0
1p4yvg0,1763949512.0,544,0.99,17,🥤 Kool-Aid,See yall next week colts😉  That Colts quarterback will be havin' nightmares this week.,9694.0,positive,0.0,1.0,0.0,0.0
1p4yvg0,1763960392.0,544,0.99,17,🥤 Kool-Aid,See yall next week colts😉  Can’t wait to see us shut them out,9694.0,positive,0.0,1.0,0.0,0.0
1p4yvg0,1763965509.0,272,0.99,17,🥤 Kool-Aid,See yall next week colts😉  I honestly think the we are going to win over the colts they aren’t even playing that crazy against actual teams…,4847.0,negative,0.075,0.656,0.269,0.7351
1p4yvg0,1763949942.0,272,0.99,17,🥤 Kool-Aid,See yall next week colts😉  CJ needs to wake up and stop being scare of throwing the damn ball,4847.0,positive,0.336,0.664,0.0,-0.7964
1p4ypnw,1763933887.0,169647,0.99,110,🗞 News,"EVERYONE GET IN HERE, THE COLTS FALL TO THE CHIEFS AND WITH A WIN NEXT WEEK, THE HOUSTON TEXANS WILL BE HALF A GAME BACK FROM THE DIVISION LEAD FUCK THE COLTS https://preview.redd.it/w57hxc82t23g1.jpeg?width=1170&format=pjpg&auto=webp&s=255467445ea396406eb105a16af5bff2912eda5e

See you next week, losers",18642509.0,positive,0.169,0.731,0.1,-0.4767
1p4ypnw,1763933813.0,111747,0.99,110,🗞 News,"EVERYONE GET IN HERE, THE COLTS FALL TO THE CHIEFS AND WITH A WIN NEXT WEEK, THE HOUSTON TEXANS WILL BE HALF A GAME BACK FROM THE DIVISION LEAD FUCK THE COLTS Fuck the Colts",12279878.0,negative,0.183,0.71,0.107,-0.4939
1p4ypnw,1763933928.0,88008,0.99,110,🗞 News,"EVERYONE GET IN HERE, THE COLTS FALL TO THE CHIEFS AND WITH A WIN NEXT WEEK, THE HOUSTON TEXANS WILL BE HALF A GAME BACK FROM THE DIVISION LEAD FUCK THE COLTS Colts offense doesn’t look near as unstoppable as it did a month ago. We have a shot here",9671199.0,positive,0.147,0.77,0.083,-0.3612
1p4ypnw,1763933847.0,36477,0.99,110,🗞 News,"EVERYONE GET IN HERE, THE COLTS FALL TO THE CHIEFS AND WITH A WIN NEXT WEEK, THE HOUSTON TEXANS WILL BE HALF A GAME BACK FROM THE DIVISION LEAD FUCK THE COLTS Fuck the colts",4008458.0,negative,0.183,0.71,0.107,-0.4939
1p4ypnw,1763934179.0,34161,0.99,110,🗞 News,"EVERYONE GET IN HERE, THE COLTS FALL TO THE CHIEFS AND WITH A WIN NEXT WEEK, THE HOUSTON TEXANS WILL BE HALF A GAME BACK FROM THE DIVISION LEAD FUCK THE COLTS https://preview.redd.it/xknxpbxwt23g1.jpeg?width=1170&format=pjpg&auto=webp&s=983712f2a5c0a1a21eae7f06131ef37756b13fde

Watson coaching Shedeur",3753952.0,negative,0.104,0.785,0.111,0.0772
1p4ypnw,1763933867.0,27213,0.99,110,🗞 News,"EVERYONE GET IN HERE, THE COLTS FALL TO THE CHIEFS AND WITH A WIN NEXT WEEK, THE HOUSTON TEXANS WILL BE HALF A GAME BACK FROM THE DIVISION LEAD FUCK THE COLTS Fuck the Colts",2990437.0,negative,0.183,0.71,0.107,-0.4939
1p4ypnw,1763934035.0,18528,0.99,110,🗞 News,"EVERYONE GET IN HERE, THE COLTS FALL TO THE CHIEFS AND WITH A WIN NEXT WEEK, THE HOUSTON TEXANS WILL BE HALF A GAME BACK FROM THE DIVISION LEAD FUCK THE COLTS FUCK THE COLTS !!!",2036042.0,negative,0.208,0.691,0.101,-0.7012
1p4ypnw,1763934426.0,13896,0.99,110,🗞 News,"EVERYONE GET IN HERE, THE COLTS FALL TO THE CHIEFS AND WITH A WIN NEXT WEEK, THE HOUSTON TEXANS WILL BE HALF A GAME BACK FROM THE DIVISION LEAD FUCK THE COLTS SWIGGITY SWOOTY, WE’RE COMIN’ FOR DAT AFC SOUTH BOOTY!",1527031.0,positive,0.078,0.83,0.092,0.1511
1p4ypnw,1763933931.0,13317,0.99,110,🗞 News,"EVERYONE GET IN HERE, THE COLTS FALL TO THE CHIEFS AND WITH A WIN NEXT WEEK, THE HOUSTON TEXANS WILL BE HALF A GAME BACK FROM THE DIVISION LEAD FUCK THE COLTS  Fuck the mourhgfuckkinnn colts fuck the shoe",1463405.0,negative,0.23,0.677,0.093,-0.7717
1p4ypnw,1763934088.0,10422,0.99,110,🗞 News,"EVERYONE GET IN HERE, THE COLTS FALL TO THE CHIEFS AND WITH A WIN NEXT WEEK, THE HOUSTON TEXANS WILL BE HALF A GAME BACK FROM THE DIVISION LEAD FUCK THE COLTS Now I just want Jags to lose and I will be happy...",1145274.0,negative,0.142,0.738,0.12,-0.2732
1p4ypnw,1763934163.0,8685,0.99,110,🗞 News,"EVERYONE GET IN HERE, THE COLTS FALL TO THE CHIEFS AND WITH A WIN NEXT WEEK, THE HOUSTON TEXANS WILL BE HALF A GAME BACK FROM THE DIVISION LEAD FUCK THE COLTS LETS GO GUYS LETS FUCKING GOOOOOOO",954395.0,positive,0.085,0.823,0.092,0.0772
1p4ypnw,1763933959.0,19686,0.99,110,🗞 News,"EVERYONE GET IN HERE, THE COLTS FALL TO THE CHIEFS AND WITH A WIN NEXT WEEK, THE HOUSTON TEXANS WILL BE HALF A GAME BACK FROM THE DIVISION LEAD FUCK THE COLTS We need the jags to lose a game for us to take the division even if we win out",2163295.0,negative,0.117,0.742,0.141,0.34
1p4ypnw,1763934393.0,8106,0.99,110,🗞 News,"EVERYONE GET IN HERE, THE COLTS FALL TO THE CHIEFS AND WITH A WIN NEXT WEEK, THE HOUSTON TEXANS WILL BE HALF A GAME BACK FROM THE DIVISION LEAD FUCK THE COLTS Here's the real question, do we root for the *gag* Cowboys on Thanksgiving against the Chiefs for the upset?",890768.0,negative,0.119,0.802,0.079,-0.3182
1p4ypnw,1763935148.0,6369,0.99,110,🗞 News,"EVERYONE GET IN HERE, THE COLTS FALL TO THE CHIEFS AND WITH A WIN NEXT WEEK, THE HOUSTON TEXANS WILL BE HALF A GAME BACK FROM THE DIVISION LEAD FUCK THE COLTS Lmao imagine blowing a lead to the chiefs in Arrowhead … wait… now I’m sad again :/",699889.0,negative,0.167,0.688,0.145,-0.0772
1p4ypnw,1763934570.0,5790,0.99,110,🗞 News,"EVERYONE GET IN HERE, THE COLTS FALL TO THE CHIEFS AND WITH A WIN NEXT WEEK, THE HOUSTON TEXANS WILL BE HALF A GAME BACK FROM THE DIVISION LEAD FUCK THE COLTS Colts loss is better bc I don’t want them to have a shred of confidence in the second half of the season.  That’s way better",636263.0,negative,0.097,0.682,0.221,0.8126
1p4ypnw,1763934850.0,5790,0.99,110,🗞 News,"EVERYONE GET IN HERE, THE COLTS FALL TO THE CHIEFS AND WITH A WIN NEXT WEEK, THE HOUSTON TEXANS WILL BE HALF A GAME BACK FROM THE DIVISION LEAD FUCK THE COLTS Honestly think we beat Indianapolis next week. Defense has looked nothing short of dominant .",636263.0,positive,0.079,0.751,0.17,0.5859
1p4ypnw,1763934940.0,5211,0.99,110,🗞 News,"EVERYONE GET IN HERE, THE COLTS FALL TO THE CHIEFS AND WITH A WIN NEXT WEEK, THE HOUSTON TEXANS WILL BE HALF A GAME BACK FROM THE DIVISION LEAD FUCK THE COLTS Let’s go Texans!!

https://preview.redd.it/muwrrzv5w23g1.png?width=1179&format=png&auto=webp&s=aed425ef83390da32663bf27198a7aa589e9b9ff",572637.0,positive,0.102,0.774,0.124,0.2225
1p4ypnw,1763934631.0,11001,0.99,110,🗞 News,"EVERYONE GET IN HERE, THE COLTS FALL TO THE CHIEFS AND WITH A WIN NEXT WEEK, THE HOUSTON TEXANS WILL BE HALF A GAME BACK FROM THE DIVISION LEAD FUCK THE COLTS I fucking knew Colts were frauds. I just didn’t have evidence of it. Until now lmao. Fuck them",1208900.0,negative,0.182,0.678,0.139,-0.3818
1p4ypnw,1763934897.0,5211,0.99,110,🗞 News,"EVERYONE GET IN HERE, THE COLTS FALL TO THE CHIEFS AND WITH A WIN NEXT WEEK, THE HOUSTON TEXANS WILL BE HALF A GAME BACK FROM THE DIVISION LEAD FUCK THE COLTS Colts look beatable. Idk how good the chiefs defense is this year but ik we’re better. Really just up to the offense to give us atleast 27 I think to win.",572637.0,positive,0.086,0.709,0.205,0.8658
1p4ypnw,1763935657.0,5790,0.99,110,🗞 News,"EVERYONE GET IN HERE, THE COLTS FALL TO THE CHIEFS AND WITH A WIN NEXT WEEK, THE HOUSTON TEXANS WILL BE HALF A GAME BACK FROM THE DIVISION LEAD FUCK THE COLTS If Texans win they will 7-5 and colts will be 8-4. That's one game back, not a half game back",636263.0,neutral,0.072,0.785,0.142,0.6249
1p4xdcn,1763930819.0,4587,0.99,30,mEMe,"How it feels to celebrate a Chiefs touchdown Game's not over yet, but boy does it feel gross 🤢 I've been disgusted by my fellow Texans brethren, we can never cheer for the colts. 
Chiefs winning is best, we still play them so we can neutralize their win today, and we can see the colts lose.

Fuck the colts",140775.0,negative,0.232,0.53,0.237,0.1147
1p4xdcn,1763932002.0,2919,0.99,30,mEMe,"How it feels to celebrate a Chiefs touchdown Game's not over yet, but boy does it feel gross 🤢 All you bandwagon fans rooting for the Colts are heretics.",89584.0,negative,0.132,0.794,0.075,-0.4215
1p4xdcn,1763930755.0,1112,0.99,30,mEMe,"How it feels to celebrate a Chiefs touchdown Game's not over yet, but boy does it feel gross 🤢 Exactly my feelings",34127.0,neutral,0.169,0.735,0.096,-0.4215
1p4xdcn,1763930759.0,1529,0.99,30,mEMe,"How it feels to celebrate a Chiefs touchdown Game's not over yet, but boy does it feel gross 🤢 Lowkey, for playoff picture purposes, we want the colts to win.",46925.0,neutral,0.112,0.646,0.242,0.5927
1p4xdcn,1763935555.0,278,0.99,30,mEMe,"How it feels to celebrate a Chiefs touchdown Game's not over yet, but boy does it feel gross 🤢 Well it's like this: our chances for playoffs went down slightly, our chances for a first round home game went up slightly, and we are still in control of our own destiny. I have very mixed feelings and did not really have super strong feelings one way or the other. Anyways FTC\^2, we'll play 'em both soon and things will be much clearer at that point.",8532.0,neutral,0.086,0.711,0.203,0.8726
1p4xdcn,1763931217.0,139,0.99,30,mEMe,"How it feels to celebrate a Chiefs touchdown Game's not over yet, but boy does it feel gross 🤢 I can’t.

There’s a larger evil at play here.",4266.0,neutral,0.287,0.56,0.153,-0.7783
1p4xdcn,1763931852.0,139,0.99,30,mEMe,"How it feels to celebrate a Chiefs touchdown Game's not over yet, but boy does it feel gross 🤢 All I can think of this whole game is ""oh now you call the Chiefs on their BS penalties.""",4266.0,neutral,0.105,0.835,0.059,-0.4215
1p4xdcn,1763931988.0,139,0.99,30,mEMe,"How it feels to celebrate a Chiefs touchdown Game's not over yet, but boy does it feel gross 🤢 Yea no, fuck KC",4266.0,negative,0.377,0.548,0.076,-0.8847
1p4xdcn,1763932692.0,139,0.99,30,mEMe,"How it feels to celebrate a Chiefs touchdown Game's not over yet, but boy does it feel gross 🤢 Ughhhhhhhhhhhh",4266.0,negative,0.184,0.711,0.104,-0.4215
1p4xdcn,1763937389.0,139,0.99,30,mEMe,"How it feels to celebrate a Chiefs touchdown Game's not over yet, but boy does it feel gross 🤢 I was rooting for a draw honestly",4266.0,neutral,0.141,0.644,0.215,0.296
1p4xdcn,1763959003.0,139,0.99,30,mEMe,"How it feels to celebrate a Chiefs touchdown Game's not over yet, but boy does it feel gross 🤢 This only makes sense if there's a possibility to win the division, otherwise you wanted the chiefs to lose to open up a WC spot.",4266.0,neutral,0.15,0.702,0.147,-0.0387
1p4xdcn,1763976624.0,139,0.99,30,mEMe,"How it feels to celebrate a Chiefs touchdown Game's not over yet, but boy does it feel gross 🤢 It’s a zero sum game around these parts ladies and gents. Whatever gets us on the dance floor. This also means I’ll be rooting on the dumpster of a team from up north next week. These are desperate times.",4266.0,neutral,0.147,0.815,0.038,-0.7684
1p4xdcn,1763931471.0,278,0.99,30,mEMe,"How it feels to celebrate a Chiefs touchdown Game's not over yet, but boy does it feel gross 🤢 After all the playoffs losses I might hate the Chiefs even more than the Colts",8532.0,negative,0.303,0.641,0.056,-0.9081
1p4nqx8,1763907945.0,2781,1.0,6,📹 Highlight,Danielle Hunter Switches Grips Mid Sack to Avoid Destroying Allen’s Knee  What a prince,19467.0,neutral,0.345,0.655,0.0,-0.7003
1p4nqx8,1763912638.0,1442,1.0,6,📹 Highlight,"Danielle Hunter Switches Grips Mid Sack to Avoid Destroying Allen’s Knee  ""I will hurt you, but in the most considerate way possible!""",10094.0,neutral,0.223,0.628,0.15,0.1234
1p4nqx8,1763917336.0,1236,1.0,6,📹 Highlight,Danielle Hunter Switches Grips Mid Sack to Avoid Destroying Allen’s Knee  Danielle did more to protect Josh than our own offensive line on Thursday night,8652.0,neutral,0.269,0.643,0.088,-0.7115
1p4nqx8,1763913953.0,824,1.0,6,📹 Highlight,Danielle Hunter Switches Grips Mid Sack to Avoid Destroying Allen’s Knee  I feel like a badass that I noticed it live. But then I feel like a dumbass I didn't think much of it.,5768.0,positive,0.272,0.593,0.135,-0.6249
1p4nqx8,1763922373.0,309,1.0,6,📹 Highlight,Danielle Hunter Switches Grips Mid Sack to Avoid Destroying Allen’s Knee  Absolutely elite and a great guy. I know it’s going to be impossible to keep this defense together but damn I wish we could.,2163.0,positive,0.182,0.634,0.184,0.0244
1p4nqx8,1763936256.0,206,1.0,6,📹 Highlight,"Danielle Hunter Switches Grips Mid Sack to Avoid Destroying Allen’s Knee  Contrary to popular belief, we believe in clean defense around here. Good on Hunter for making sure he got both the sack and didn't end Allen's career.",1442.0,positive,0.118,0.633,0.249,0.6597
1p3kelr,1763786809.0,7134,0.98,25,📹 Highlight,Big Higg  He’s definitely improving after every game. I’m ready for the breakout performance any day now.,181774.0,neutral,0.0,0.636,0.364,0.7906
1p3kelr,1763786955.0,4059,0.98,25,📹 Highlight,"Big Higg  https://preview.redd.it/ie6rx202oq2g1.jpeg?width=1280&format=pjpg&auto=webp&s=3e940a2520bae86b9e5509b9e6b14b19a38d0940

The first release off the line",103423.0,positive,0.0,1.0,0.0,0.0
1p3kelr,1763791077.0,3813,0.98,25,📹 Highlight,"Big Higg  Higgins Marks Noel and Ersery aren't lighting up the stats, but you can literally see they are improving almost every week. Great sign",97155.0,positive,0.0,0.72,0.28,0.8737
1p3kelr,1763791378.0,1845,0.98,25,📹 Highlight,Big Higg  I’m just glad Caley is finally using the rookie wide receivers. They have been improving. They have the frame and athleticism. They’re gonna be great.,47011.0,positive,0.0,0.708,0.292,0.872
1p3kelr,1763792221.0,492,0.98,25,📹 Highlight,"Big Higg  I’m stoked for the development of our young guys and we’re focused on making a push this year, but Nico/Tank/Higgins/Noel next year is going to be deadly.",12536.0,neutral,0.0,0.938,0.062,0.2023
1p3kelr,1763820323.0,369,0.98,25,📹 Highlight,Big Higg  Jomboy does football? I’m gonna be sick,9402.0,neutral,0.292,0.708,0.0,-0.5106
1p3kelr,1763823671.0,369,0.98,25,📹 Highlight,"Big Higg  QB school has a great breakdown of Mills' game on YouTube. The most surprising thing I learned was about how Mills was right to throw the ball down field more when Higgins puts his DB in the dirt. Instead or running the out, he should have just cut it up field to the open space and how that's typically the plan when something like that happens. No need to run the out when you know youre undefended and that's typically accounted for in the scheme. 

That's the kind of things rookies are learning at this point in their career.",9402.0,neutral,0.062,0.856,0.083,0.5095
1p3kelr,1763802399.0,738,0.98,25,📹 Highlight,Big Higg  Mills threw a lot of bad passes last night,18804.0,positive,0.28,0.72,0.0,-0.5423
1p3kelr,1763831532.0,246,0.98,25,📹 Highlight,"Big Higg  Doomers saw that missed TD and took just that play away, not even the details of how he got open, and said he had a bad game. Thank you for posting this video. I walked away pumped for our future WR room.",6268.0,neutral,0.117,0.782,0.101,-0.2023
1p3kelr,1763876787.0,123,0.98,25,📹 Highlight,Big Higg  Higgins did great but run up the field and get the TD mills read this right Higgins cut outside for no reason,3134.0,neutral,0.188,0.724,0.088,-0.4404
1p3bfvt,1763762069.0,66062,1.0,53,📹 Highlight,Here is that Game sealing INT by Bullock and how we reacted in the Texans Radio booth. (Yes I was jumping around and losing my mind like a kid in the background) Thanks for listening! These games seem to be taking years off of poor Vandermeer’s life.,3567348.0,neutral,0.114,0.783,0.103,-0.1511
1p3bfvt,1763762760.0,38454,1.0,53,📹 Highlight,Here is that Game sealing INT by Bullock and how we reacted in the Texans Radio booth. (Yes I was jumping around and losing my mind like a kid in the background) Thanks for listening! We were all losing our minds. I thought we were done after the 4th and 27 conversion.,2076516.0,positive,0.093,0.805,0.102,0.126
1p3bfvt,1763762611.0,25143,1.0,53,📹 Highlight,Here is that Game sealing INT by Bullock and how we reacted in the Texans Radio booth. (Yes I was jumping around and losing my mind like a kid in the background) Thanks for listening! I love Mark Vandermeer! I love how excited he gets and his calls are the best.,1357722.0,neutral,0.041,0.629,0.33,0.9606
1p3bfvt,1763762632.0,24157,1.0,53,📹 Highlight,Here is that Game sealing INT by Bullock and how we reacted in the Texans Radio booth. (Yes I was jumping around and losing my mind like a kid in the background) Thanks for listening! I was in the stadium.  The pop when the white hat said “… on the offense” was insane.,1304478.0,positive,0.093,0.807,0.1,0.1007
1p3bfvt,1763763336.0,14297,1.0,53,📹 Highlight,"Here is that Game sealing INT by Bullock and how we reacted in the Texans Radio booth. (Yes I was jumping around and losing my mind like a kid in the background) Thanks for listening! Love this content man, Vandermeer has been on a generational run these last few games with his calls.",772038.0,positive,0.044,0.786,0.169,0.807
1p3bfvt,1763764815.0,6409,1.0,53,📹 Highlight,Here is that Game sealing INT by Bullock and how we reacted in the Texans Radio booth. (Yes I was jumping around and losing my mind like a kid in the background) Thanks for listening! Hell yeah to jumping around. Lfg! Thank you for sharing,346086.0,neutral,0.127,0.635,0.238,0.6467
1p3bfvt,1763771055.0,3944,1.0,53,📹 Highlight,"Here is that Game sealing INT by Bullock and how we reacted in the Texans Radio booth. (Yes I was jumping around and losing my mind like a kid in the background) Thanks for listening! It’s crazy - I was listening to Marc & Andre when they hosted morning drive on 610.  Vanderbaby was born the same year as my son and both are in college now.  I’m an Old 😩

Speaking of Andre, does he sit in a different area of the box? Can’t see him",212976.0,positive,0.058,0.877,0.066,0.1759
1p3bfvt,1763763735.0,2958,1.0,53,📹 Highlight,Here is that Game sealing INT by Bullock and how we reacted in the Texans Radio booth. (Yes I was jumping around and losing my mind like a kid in the background) Thanks for listening! The Houston Cardiacs,159732.0,positive,0.063,0.799,0.138,0.4753
1p3bfvt,1763767420.0,3451,1.0,53,📹 Highlight,Here is that Game sealing INT by Bullock and how we reacted in the Texans Radio booth. (Yes I was jumping around and losing my mind like a kid in the background) Thanks for listening! I was waiting for this one! I love seeing these!,186354.0,neutral,0.052,0.739,0.209,0.8349
1p3bfvt,1763768055.0,2958,1.0,53,📹 Highlight,Here is that Game sealing INT by Bullock and how we reacted in the Texans Radio booth. (Yes I was jumping around and losing my mind like a kid in the background) Thanks for listening! Before the game MARK asked for two turnovers and the Bullock get at least one.,159732.0,neutral,0.049,0.844,0.107,0.4753
1p3bfvt,1763771465.0,2958,1.0,53,📹 Highlight,"Here is that Game sealing INT by Bullock and how we reacted in the Texans Radio booth. (Yes I was jumping around and losing my mind like a kid in the background) Thanks for listening! Mark Vandermeer, Milo Hamilton, Gene Peterson. Houston sports icons. ",159732.0,neutral,0.055,0.825,0.12,0.4753
1p3bfvt,1763777195.0,2465,1.0,53,📹 Highlight,"Here is that Game sealing INT by Bullock and how we reacted in the Texans Radio booth. (Yes I was jumping around and losing my mind like a kid in the background) Thanks for listening! I was like where the fuck is Andre Ware....then saw a comment that said he's in a black jacket in front of the black glass. Watch again, and he's like a fucking statue, not moving at all. Kinda bizarre.",133110.0,positive,0.102,0.764,0.134,0.3788
1p3bfvt,1763764314.0,1479,1.0,53,📹 Highlight,Here is that Game sealing INT by Bullock and how we reacted in the Texans Radio booth. (Yes I was jumping around and losing my mind like a kid in the background) Thanks for listening! Marc’s reaction is 🔥🔥🔥,79866.0,positive,0.061,0.804,0.135,0.4753
1p3bfvt,1763780856.0,1479,1.0,53,📹 Highlight,"Here is that Game sealing INT by Bullock and how we reacted in the Texans Radio booth. (Yes I was jumping around and losing my mind like a kid in the background) Thanks for listening! This is why I still listen to the Texans, Rockets, Astros, and Cougars on an old AM radio. Nothing better than a hometown broadcast.",79866.0,positive,0.081,0.827,0.092,0.1744
1p3bfvt,1763767938.0,986,1.0,53,📹 Highlight,"Here is that Game sealing INT by Bullock and how we reacted in the Texans Radio booth. (Yes I was jumping around and losing my mind like a kid in the background) Thanks for listening! man, Vandemeer is so good",53244.0,neutral,0.056,0.739,0.205,0.7804
1p3bfvt,1763768741.0,986,1.0,53,📹 Highlight,Here is that Game sealing INT by Bullock and how we reacted in the Texans Radio booth. (Yes I was jumping around and losing my mind like a kid in the background) Thanks for listening! It’s a shame our radio play by play guy has to call the game while looking through binoculars.,53244.0,positive,0.095,0.731,0.174,0.5848
1p3bfvt,1763768811.0,986,1.0,53,📹 Highlight,"Here is that Game sealing INT by Bullock and how we reacted in the Texans Radio booth. (Yes I was jumping around and losing my mind like a kid in the background) Thanks for listening! Pump this straight into my veins, please.",53244.0,neutral,0.054,0.733,0.212,0.7592
1p3bfvt,1763769700.0,986,1.0,53,📹 Highlight,Here is that Game sealing INT by Bullock and how we reacted in the Texans Radio booth. (Yes I was jumping around and losing my mind like a kid in the background) Thanks for listening! He has to use binoculars? I always just pictured a bunch of screens and high tech gear in front of him with a whole team of support staff feeding him intel lol,53244.0,neutral,0.037,0.805,0.158,0.8221
1p3bfvt,1763770551.0,986,1.0,53,📹 Highlight,Here is that Game sealing INT by Bullock and how we reacted in the Texans Radio booth. (Yes I was jumping around and losing my mind like a kid in the background) Thanks for listening! I love sports.,53244.0,neutral,0.06,0.713,0.227,0.807
1p3bfvt,1763780458.0,986,1.0,53,📹 Highlight,Here is that Game sealing INT by Bullock and how we reacted in the Texans Radio booth. (Yes I was jumping around and losing my mind like a kid in the background) Thanks for listening! He’s reaction to hearing the umpire/referee’s call was EXACTLY what I did when I heard it!,53244.0,neutral,0.049,0.837,0.114,0.5242
1p399jw,1763756925.0,4212,1.0,10,mEMe,"“Yup, thats me. You’re probably wondering how I ended up in this situation”  😭

https://preview.redd.it/yqj0457v6o2g1.jpeg?width=663&format=pjpg&auto=webp&s=0ea5c9969bfc413e9ce35b1da25a32febd080831",46332.0,neutral,0.0,1.0,0.0,0.0
1p399jw,1763756978.0,1944,1.0,10,mEMe,"“Yup, thats me. You’re probably wondering how I ended up in this situation”  “It all started back in week 5 of last season….”",21384.0,neutral,0.0,1.0,0.0,0.0
1p399jw,1763757433.0,810,1.0,10,mEMe,"“Yup, thats me. You’re probably wondering how I ended up in this situation”  \*record scratch*",8910.0,neutral,0.0,1.0,0.0,0.0
1p399jw,1763758286.0,486,1.0,10,mEMe,"“Yup, thats me. You’re probably wondering how I ended up in this situation”  “This was right before I started kicking my feet like a toddler.”",5346.0,neutral,0.0,0.894,0.106,0.3612
1p399jw,1763758396.0,1134,1.0,10,mEMe,"“Yup, thats me. You’re probably wondering how I ended up in this situation”  How bout that acting job by Josh at the end of that play. Dude really made it believable that he was seriously injured.. even I was feeling really bad for him in that moment lol. I see he's been taking some great acting cues from his wife",12474.0,neutral,0.082,0.758,0.16,0.6494
1p399jw,1763762461.0,162,1.0,10,mEMe,"“Yup, thats me. You’re probably wondering how I ended up in this situation”  This is hilarious!🤣",1782.0,neutral,0.0,1.0,0.0,0.0
1p399jw,1763766335.0,162,1.0,10,mEMe,"“Yup, thats me. You’re probably wondering how I ended up in this situation”  And kids that’s how I met your mother ….",1782.0,neutral,0.0,1.0,0.0,0.0
1p399jw,1763769925.0,162,1.0,10,mEMe,"“Yup, thats me. You’re probably wondering how I ended up in this situation”  Lmaoooo",1782.0,neutral,0.0,1.0,0.0,0.0
1p35dql,1763748176.0,28600,0.98,72,📈 Stats,"This should show you all you need to know about CJ Pretty insane to me I’m seeing people on instagram and twitter seriously talking about how Mills should start over CJ It’s the nature of the business. It’s annoying, but Stroud needs to come back and beat the colts and chiefs. It is what it is",2046044.0,neutral,0.085,0.879,0.036,-0.2382
1p35dql,1763748641.0,16000,0.98,72,📈 Stats,This should show you all you need to know about CJ Pretty insane to me I’m seeing people on instagram and twitter seriously talking about how Mills should start over CJ CJ gonna stunt on them hoes,1144640.0,neutral,0.106,0.817,0.077,-0.0516
1p35dql,1763748028.0,15400,0.98,72,📈 Stats,"This should show you all you need to know about CJ Pretty insane to me I’m seeing people on instagram and twitter seriously talking about how Mills should start over CJ Mills has strengths that CJ doesn’t, absolutely. Mills just isn’t on the level of CJ when he can get things going though. There were some passes last night that would have been TDs with CJ throwing.",1101716.0,neutral,0.06,0.859,0.08,0.3612
1p35dql,1763777223.0,2200,0.98,72,📈 Stats,"This should show you all you need to know about CJ Pretty insane to me I’m seeing people on instagram and twitter seriously talking about how Mills should start over CJ CJ needs to be better, that's all there is to say. Can't keep blaming everything around him when he's not playing well",157388.0,neutral,0.125,0.736,0.14,0.4445
1p35dql,1763758878.0,4200,0.98,72,📈 Stats,"This should show you all you need to know about CJ Pretty insane to me I’m seeing people on instagram and twitter seriously talking about how Mills should start over CJ We come full circle. I remember before the draft where we took CJ, people were done with Mills. Mills missed some layups yesterday that cj wouldn’t have. 

CJ just needs to stop trying to do so much",300468.0,neutral,0.119,0.838,0.043,-0.5574
1p35dql,1763763230.0,2800,0.98,72,📈 Stats,"This should show you all you need to know about CJ Pretty insane to me I’m seeing people on instagram and twitter seriously talking about how Mills should start over CJ I want CJ to succeed badly, but he needs to observe how mills gets the ball out of his hands quickly. 

I also feel like CJ never makes any pre snap adjustments. I’ve never seen CJ pre snap calling audibles or anything of that nature yet Mills came in and does it.

Our O line isn’t the greatest, but it’s clear as day to me that CJ has not been helping them out because he holds onto the ball way too long. 

With this defense we don’t NEED our Qb to throw for 400 yards and 3+ TDs. We just need someone who can consistently move the sticks. We have too much talent on both sides of the ball",200312.0,positive,0.046,0.813,0.141,0.9506
1p35dql,1763750012.0,1800,0.98,72,📈 Stats,"This should show you all you need to know about CJ Pretty insane to me I’m seeing people on instagram and twitter seriously talking about how Mills should start over CJ Only thing I think Mills has is that he's much better about throwing the ball away if there's nothing. Yes the O Line configuration that has been used recently is better than what CJ was working with, but Mills also wasn't taking unnecessary sacks.


Otherwise though CJ is absolutely the guy. Seemed like there were a million open throws that Mills missed last night.",128772.0,neutral,0.076,0.833,0.092,0.3861
1p35dql,1763766967.0,600,0.98,72,📈 Stats,"This should show you all you need to know about CJ Pretty insane to me I’m seeing people on instagram and twitter seriously talking about how Mills should start over CJ The biggest thing I need from CJ is stop taking so many negative plays. I was thinking back to the Ravens game in 23, he did a good job not trying to force things and didn’t take a single sack I don’t think. We were just completely overmatched against that Ravens team but we certainly didn’t lose because of him. Just wish he could get back to that instead of trying to be a hero every snap",42924.0,neutral,0.091,0.764,0.145,0.8122
1p35dql,1763817019.0,600,0.98,72,📈 Stats,This should show you all you need to know about CJ Pretty insane to me I’m seeing people on instagram and twitter seriously talking about how Mills should start over CJ Your QB should be the CEO of the players . Gary Kubiak said the OL has to be sold on and kill for their QB . CJ treated football more like fun time with all those handshakes . If I was him I’d whack the hair and work on getting the OL on my side . Don’t be a Trevor Lawrence .,42924.0,neutral,0.092,0.811,0.097,0.1208
1p35dql,1763764681.0,1000,0.98,72,📈 Stats,This should show you all you need to know about CJ Pretty insane to me I’m seeing people on instagram and twitter seriously talking about how Mills should start over CJ I wish CJ had Mills' decision making or Mills had CJ's talent. ,71540.0,neutral,0.088,0.739,0.174,0.6486
1p35dql,1763748624.0,400,0.98,72,📈 Stats,"This should show you all you need to know about CJ Pretty insane to me I’m seeing people on instagram and twitter seriously talking about how Mills should start over CJ Honestly, I hate this type of stats, because OL performance, defense performance and QB performance are mixed into one number.  
For example, a QB who tends to get rid of the ball quickly will have much better numbers. But then the same QB could actually have fewer completions, because he’s less thorough with his reads etc. It’s really not that simple.",28616.0,neutral,0.058,0.854,0.088,0.2263
1p35dql,1763762991.0,400,0.98,72,📈 Stats,"This should show you all you need to know about CJ Pretty insane to me I’m seeing people on instagram and twitter seriously talking about how Mills should start over CJ You’re right. There are no other factors.  This is all you need to know. 

🤣🤣🤣",28616.0,neutral,0.127,0.811,0.062,-0.34
1p35dql,1763753012.0,800,0.98,72,📈 Stats,This should show you all you need to know about CJ Pretty insane to me I’m seeing people on instagram and twitter seriously talking about how Mills should start over CJ I love mills but all he “has on CJ” is being in the league a little longer. Read some of the reasons yall would prefer mills. Jesus. He’s been in the league 5 years..,57232.0,positive,0.049,0.88,0.071,0.3612
1p35dql,1763769076.0,400,0.98,72,📈 Stats,"This should show you all you need to know about CJ Pretty insane to me I’m seeing people on instagram and twitter seriously talking about how Mills should start over CJ As a fan, I have a lot of pride in having the qb room that we do and esp to have a back up with the mentality that Mills does. What he’s done these past three games, he did everything he was supposed to do plus win. 
Our offensive line hasn’t been this good with CJ. Our play calling and identity hasn’t been this consistent with CJ. The injury was unfortunate but it’s clear to see the rest of the offense has grown to help Mills, and now CJ truly succeed.",28616.0,positive,0.083,0.726,0.191,0.9454
1p35dql,1763771031.0,400,0.98,72,📈 Stats,"This should show you all you need to know about CJ Pretty insane to me I’m seeing people on instagram and twitter seriously talking about how Mills should start over CJ I love Davis and am elated what he's done, but he manages the offense whereas CJ ELEVATES it. I look forward to CJ doing exactly that for the stretch run to the playoffs.",28616.0,neutral,0.083,0.812,0.106,0.3818
1p35dql,1763796334.0,200,0.98,72,📈 Stats,This should show you all you need to know about CJ Pretty insane to me I’m seeing people on instagram and twitter seriously talking about how Mills should start over CJ I'm ready for all three of the first three picks to be O line.,14308.0,neutral,0.088,0.798,0.114,0.3182
1p35dql,1763819286.0,200,0.98,72,📈 Stats,This should show you all you need to know about CJ Pretty insane to me I’m seeing people on instagram and twitter seriously talking about how Mills should start over CJ I can’t believe there are people in this thread that allegedly watched these last few games and seems to think the offense is legitimately better with Mills lol,14308.0,neutral,0.095,0.773,0.132,0.5423
1p35dql,1763821253.0,200,0.98,72,📈 Stats,This should show you all you need to know about CJ Pretty insane to me I’m seeing people on instagram and twitter seriously talking about how Mills should start over CJ I love the neck but this is still CJs team,14308.0,negative,0.073,0.82,0.107,0.3612
1p35dql,1763827449.0,200,0.98,72,📈 Stats,"This should show you all you need to know about CJ Pretty insane to me I’m seeing people on instagram and twitter seriously talking about how Mills should start over CJ CJ just need to stop playing like a pussy. Period. Hope he learned from the good things Mills did out there because he is still young and can learn from anyone's good plays. And he needs to be more fiery on the sidelines, not Mr. CJ Pouty. I for one am tired of seeing so much talent go to waste. And I dont think Mills is the answer either. I still think we need a much better O line. Maybe next year fellas.",14308.0,positive,0.113,0.704,0.183,0.8476
1p35dql,1763832239.0,200,0.98,72,📈 Stats,This should show you all you need to know about CJ Pretty insane to me I’m seeing people on instagram and twitter seriously talking about how Mills should start over CJ Stroud with good blocking is an elite QB.,14308.0,positive,0.149,0.722,0.13,0.0258
1p3481o,1763745180.0,40040,0.99,29,🥤 Kool-Aid,Best Defense in the League. ✨  These screenshots are outrageous. Especially the bottom one lol.,1189188.0,positive,0.14,0.465,0.395,0.6705
1p3481o,1763754760.0,11960,0.99,29,🥤 Kool-Aid,Best Defense in the League. ✨  Bulls On Parade!,355212.0,positive,0.0,0.5,0.5,0.7177
1p3481o,1763749983.0,8840,0.99,29,🥤 Kool-Aid,Best Defense in the League. ✨  We left Josh Allen in shambles 🤣😭,262548.0,positive,0.0,0.637,0.363,0.6908
1p3481o,1763761249.0,4160,0.99,29,🥤 Kool-Aid,Best Defense in the League. ✨  Wall of Pain is much better than “legion of swarm”,123552.0,positive,0.144,0.48,0.376,0.6486
1p3481o,1763754512.0,3120,0.99,29,🥤 Kool-Aid,"Best Defense in the League. ✨  https://preview.redd.it/16bqjtdpzn2g1.jpeg?width=341&format=pjpg&auto=webp&s=21dc61e765e9c4c1c5cc3ec2726a35c93231f002

It's Sting-ley!!!!",92664.0,positive,0.0,0.466,0.534,0.7825
1p3481o,1763771152.0,3120,0.99,29,🥤 Kool-Aid,Best Defense in the League. ✨  Azeez looks really fuckin cool in battle red,92664.0,positive,0.131,0.453,0.416,0.6887
1p3481o,1763747235.0,4680,0.99,29,🥤 Kool-Aid,Best Defense in the League. ✨  Imagine what this team could do with our 2022 offense,138996.0,neutral,0.102,0.609,0.289,0.5719
1p3481o,1763752332.0,2600,0.99,29,🥤 Kool-Aid,"Best Defense in the League. ✨  Ay man, wtf is up with your username ? 😂😂",77220.0,neutral,0.185,0.537,0.278,0.2263
1p3481o,1763756837.0,1040,0.99,29,🥤 Kool-Aid,Best Defense in the League. ✨  He ded.,30888.0,positive,0.0,0.467,0.533,0.6908
1p3481o,1763757163.0,1040,0.99,29,🥤 Kool-Aid,"Best Defense in the League. ✨  The Houston Bone Hurting Juice.
Josh Allen today: ""Ow oof my bones""",30888.0,positive,0.121,0.625,0.254,0.4588
1p3481o,1763770032.0,1040,0.99,29,🥤 Kool-Aid,Best Defense in the League. ✨  They “Get D Job Dun”!!,30888.0,positive,0.0,0.527,0.473,0.7418
1p3481o,1763756544.0,520,0.99,29,🥤 Kool-Aid,Best Defense in the League. ✨  Yes! This is why the Texans won last night. A sack of potatoes for Josh Allen and a host of turnovers and stops!,15444.0,neutral,0.045,0.595,0.359,0.9018
1p3481o,1763770032.0,520,0.99,29,🥤 Kool-Aid,"Best Defense in the League. ✨  wasn’t the astrodome called ""house of pain"" back in the oilers days?",15444.0,positive,0.143,0.609,0.248,0.34
1p3481o,1763792629.0,520,0.99,29,🥤 Kool-Aid,Best Defense in the League. ✨  inshallah another texans win brother,15444.0,positive,0.0,0.424,0.576,0.8591
1p3481o,1763949944.0,520,0.99,29,🥤 Kool-Aid,Best Defense in the League. ✨  The Iron Bullwark,15444.0,positive,0.0,0.513,0.487,0.6908
1p33asg,1763743457.0,49113,1.0,40,📈 Stats,"Sting had another unreal game  Our secondary is insane tbh, and it's all drafted homegrown talent too.",2013633.0,positive,0.132,0.732,0.137,0.0258
1p33asg,1763743912.0,24396,1.0,40,📈 Stats,"Sting had another unreal game  At this point, I feel like the competition for this season's DPOY is pretty much amongst our defense's stars.",1000236.0,positive,0.0,0.787,0.213,0.6908
1p33asg,1763746129.0,15408,1.0,40,📈 Stats,"Sting had another unreal game  It’s crazy, last night I just kept thinking about WAJ and Hunter and then randomly halfway through the third I just go “oh fuck I haven’t even thought about Stingley all night”. That’s how you know he’s good",631728.0,positive,0.129,0.808,0.063,-0.4588
1p33asg,1763746414.0,7383,1.0,40,📈 Stats,"Sting had another unreal game  The best CB’s are the ones you never hear about, Bills were scared of Sting all night long.",302703.0,positive,0.103,0.747,0.149,0.3182
1p33asg,1763746388.0,4173,1.0,40,📈 Stats,Sting had another unreal game  I was wondering why he was so quiet last night. That's dope!,171093.0,positive,0.0,1.0,0.0,0.0
1p33asg,1763749073.0,3531,1.0,40,📈 Stats,"Sting had another unreal game  This is really a story that's not making enough traction.  If it weren't for the secondary completely dominating coverage, the front 4 wouldn't have been able to run so freely.  As much praise as those guys up front get, the secondary deserves a hell of a lot of praise as well.",144771.0,positive,0.107,0.696,0.197,0.7139
1p33asg,1763761333.0,1605,1.0,40,📈 Stats,Sting had another unreal game  That one on one pass at the very end of the game goes super unnoticed but it actually saves the game. Text book corner back play. Turned to the ball and no contact on the receiver. Any other corner in that clutch situation would have got burned or drawn a flag.,65805.0,neutral,0.046,0.862,0.092,0.4118
1p33asg,1763748602.0,642,1.0,40,📈 Stats,"Sting had another unreal game  Yeah, noticed also the same that he is just out of picture and must have had a great game. The 4 & 27 was maybe on him though?",26322.0,positive,0.0,0.816,0.184,0.743
1p33asg,1763787580.0,321,1.0,40,📈 Stats,Sting had another unreal game  And might lose DPOY to another Texan this year. Our defense is wild,13161.0,positive,0.134,0.792,0.074,-0.296
1p33asg,1763881149.0,321,1.0,40,📈 Stats,Sting had another unreal game  DPOY,13161.0,positive,0.0,1.0,0.0,0.0
1p33asg,1763754155.0,321,1.0,40,📈 Stats,"Sting had another unreal game  He’s great but he did get burned on that late game route. If that receiver keeps his foot in bounds, the Bills have the ball at 1",13161.0,positive,0.0,0.922,0.078,0.3716
1p2reqw,1763706561.0,1080,1.0,7,🥤 Kool-Aid,Say...his...name  DAVIS MUTHAFUCKIN MILLS,8640.0,positive,0.0,1.0,0.0,0.0
1p2reqw,1763706791.0,864,1.0,7,🥤 Kool-Aid,Say...his...name  Loooool so good,6912.0,positive,0.0,0.445,0.555,0.5777
1p2reqw,1763736430.0,648,1.0,7,🥤 Kool-Aid,Say...his...name  NEEEEECK,5184.0,positive,0.0,1.0,0.0,0.0
1p2reqw,1763739740.0,432,1.0,7,🥤 Kool-Aid,Say...his...name  ![gif](giphy|BQUSQzcQvoWUfL7JEy|downsized),3456.0,positive,0.0,1.0,0.0,0.0
1p2reqw,1763739526.0,324,1.0,7,🥤 Kool-Aid,Say...his...name  Defense,2592.0,neutral,0.0,0.4,0.6,0.128
1p2reqw,1763817208.0,108,1.0,7,🥤 Kool-Aid,"Say...his...name  Joe Hendry

![gif](giphy|BQUSQzcQvoWUfL7JEy|downsized)",864.0,positive,0.0,1.0,0.0,0.0
1p2reqw,1763833947.0,108,1.0,7,🥤 Kool-Aid,Say...his...name  Respect the neck!,864.0,positive,0.0,0.469,0.531,0.5255
1p2q1s9,1763701907.0,67969,0.99,43,🥤 Kool-Aid,Just received this text from my wife  Matt. Bud. We’re all you tonight,2960730.0,positive,0.0,1.0,0.0,0.0
1p2q1s9,1763702005.0,16280,0.99,43,🥤 Kool-Aid,"Just received this text from my wife  That's when you say ""In a few minutes, your screaming is going to wake up everyone in the neighborhood."" So..yeah. That could go a couple different ways.",709157.0,positive,0.077,0.923,0.0,-0.3818
1p2q1s9,1763702286.0,17501,0.99,43,🥤 Kool-Aid,"Just received this text from my wife  Tell her the neighbors probably understand; and if they don’t, they should.",762344.0,neutral,0.0,1.0,0.0,0.0
1p2q1s9,1763702676.0,11396,0.99,43,🥤 Kool-Aid,Just received this text from my wife  I was quiet the whole game but I finally blew up when Bullock made the game winning pick. I scared my cats really bad. Whoops.,496410.0,positive,0.228,0.656,0.116,-0.664
1p2q1s9,1763701842.0,15059,0.99,43,🥤 Kool-Aid,Just received this text from my wife  She's never felt the highs and lows of being one of us. She will never understand. Don't apologize.,655970.0,positive,0.069,0.884,0.047,-0.1483
1p2q1s9,1763703320.0,4884,0.99,43,🥤 Kool-Aid,Just received this text from my wife  I screamed so loud at the last pick I half expected my neighbors to call for a wellness check on me,212747.0,neutral,0.082,0.816,0.103,0.1531
1p2q1s9,1763709330.0,4070,0.99,43,🥤 Kool-Aid,Just received this text from my wife  Hey homie I also upset my wife this evening. That was a wild game. We'll get through this. Your wife sounds more reasonable than mine after tonight.,177289.0,neutral,0.077,0.923,0.0,-0.3818
1p2q1s9,1763704950.0,3256,0.99,43,🥤 Kool-Aid,Just received this text from my wife  So glad my wife screams right along with me!,141831.0,neutral,0.111,0.708,0.181,0.3367
1p2q1s9,1763733921.0,2849,0.99,43,🥤 Kool-Aid,Just received this text from my wife  Let’s fuking goo Matt,124102.0,positive,0.296,0.704,0.0,-0.6369
1p2q1s9,1763706050.0,3256,0.99,43,🥤 Kool-Aid,Just received this text from my wife  I think you’re my neighbor lol,141831.0,positive,0.0,0.797,0.203,0.4215
1p2q1s9,1763730456.0,2442,0.99,43,🥤 Kool-Aid,Just received this text from my wife  Why is anyone sleeping while the Texans game is on?,106374.0,neutral,0.0,1.0,0.0,0.0
1p2q1s9,1763702269.0,4477,0.99,43,🥤 Kool-Aid,Just received this text from my wife  ![gif](giphy|vCtMZT40F6FDa),195018.0,neutral,0.0,1.0,0.0,0.0
1p2q1s9,1763707054.0,2035,0.99,43,🥤 Kool-Aid,Just received this text from my wife  My son yells at me for yelling on wins like this. 😆,88645.0,neutral,0.0,0.721,0.279,0.7351
1p2q1s9,1763733540.0,2035,0.99,43,🥤 Kool-Aid,"Just received this text from my wife  I'm a niners fan but live in Houston now which is why I'm on this thread and I'd like to say great win against us, and great win against the Bills especially with your back up. Your defense is RIDICULOUS. Y'all legit whooped both of us lol. Love to see it.",88645.0,neutral,0.049,0.527,0.424,0.9887
1p2q1s9,1763702037.0,4070,0.99,43,🥤 Kool-Aid,Just received this text from my wife  I was told the same by my wife in a bar! Don't scream 😂,177289.0,neutral,0.0,0.87,0.13,0.3716
1p2q1s9,1763739720.0,1628,0.99,43,🥤 Kool-Aid,"Just received this text from my wife  Same here, crawled into bed and my wife said, ""I'm assuming they won from all your yelling.""",70916.0,neutral,0.0,0.861,0.139,0.5719
1p2q1s9,1763722079.0,1221,0.99,43,🥤 Kool-Aid,Just received this text from my wife  Her boyfriend can’t concentrate with all that noise you’re making,53187.0,positive,0.0,1.0,0.0,0.0
1p2q1s9,1763733416.0,1221,0.99,43,🥤 Kool-Aid,"Just received this text from my wife  Matt, don’t take that abuse. 😂",53187.0,positive,0.276,0.724,0.0,-0.6369
1p2q1s9,1763774228.0,1221,0.99,43,🥤 Kool-Aid,"Just received this text from my wife  My neighbors 🤝 your neighbors

Being annoyed by Texans fans",53187.0,positive,0.148,0.852,0.0,-0.3818
1p2q1s9,1763827696.0,1221,0.99,43,🥤 Kool-Aid,"Just received this text from my wife  After 7 years, it's gotten to the point that when my son is playing online with his friends, they automatically say, ""oh. The Texans are playing."" At first, they were asking him if he and his mom were safe.",53187.0,positive,0.0,0.843,0.157,0.7783
1p2pomu,1763700774.0,9610,0.97,124,🥤 Kool-Aid,"If CJ enjoys the kind of time in the pocket moving forward that Mills has enjoyed over the last few weeks... Ladies, gentlemen, we're going all the way this year. There is no holiday meat grinder to break our stride this year. If we did that to Josh Allen, I can only imagine what we are going to do to Daniel Jones and company. Our talented rookies are coming into their own right before our very eyes. If we dominate through the next two games, like I believe we can with Stroud back at the helm, the sky is really the limit here.

[OH YEAH!!!](https://i.redd.it/i4kaigb9jj2g1.gif) Maybe if we can sign the guy in the picture at RB",1165212.0,positive,0.029,0.846,0.125,0.9228
1p2pomu,1763701434.0,7750,0.97,124,🥤 Kool-Aid,"If CJ enjoys the kind of time in the pocket moving forward that Mills has enjoyed over the last few weeks... Ladies, gentlemen, we're going all the way this year. There is no holiday meat grinder to break our stride this year. If we did that to Josh Allen, I can only imagine what we are going to do to Daniel Jones and company. Our talented rookies are coming into their own right before our very eyes. If we dominate through the next two games, like I believe we can with Stroud back at the helm, the sky is really the limit here.

[OH YEAH!!!](https://i.redd.it/i4kaigb9jj2g1.gif) Maybe Mills is doing something different that allows him more back there ",939688.0,positive,0.029,0.846,0.125,0.9228
1p2pomu,1763704184.0,2480,0.97,124,🥤 Kool-Aid,"If CJ enjoys the kind of time in the pocket moving forward that Mills has enjoyed over the last few weeks... Ladies, gentlemen, we're going all the way this year. There is no holiday meat grinder to break our stride this year. If we did that to Josh Allen, I can only imagine what we are going to do to Daniel Jones and company. Our talented rookies are coming into their own right before our very eyes. If we dominate through the next two games, like I believe we can with Stroud back at the helm, the sky is really the limit here.

[OH YEAH!!!](https://i.redd.it/i4kaigb9jj2g1.gif) Mills doesn’t go backwards and hold onto the ball for an hour. Or maybe O-line and Caley gelled right when CJ got injured. CJ is our future but it sucks to see him regress. Wish Mills was more accurate. Our defense is so good that a mediocre offense can survive.",300700.0,positive,0.061,0.816,0.123,0.8875
1p2pomu,1763706483.0,1240,0.97,124,🥤 Kool-Aid,"If CJ enjoys the kind of time in the pocket moving forward that Mills has enjoyed over the last few weeks... Ladies, gentlemen, we're going all the way this year. There is no holiday meat grinder to break our stride this year. If we did that to Josh Allen, I can only imagine what we are going to do to Daniel Jones and company. Our talented rookies are coming into their own right before our very eyes. If we dominate through the next two games, like I believe we can with Stroud back at the helm, the sky is really the limit here.

[OH YEAH!!!](https://i.redd.it/i4kaigb9jj2g1.gif) Just gotta keep running 6 OL, Blake Fisher as Tackle eligible is saving this offense no matter who the qb is.",150350.0,positive,0.059,0.818,0.124,0.8728
1p2pomu,1763702237.0,930,0.97,124,🥤 Kool-Aid,"If CJ enjoys the kind of time in the pocket moving forward that Mills has enjoyed over the last few weeks... Ladies, gentlemen, we're going all the way this year. There is no holiday meat grinder to break our stride this year. If we did that to Josh Allen, I can only imagine what we are going to do to Daniel Jones and company. Our talented rookies are coming into their own right before our very eyes. If we dominate through the next two games, like I believe we can with Stroud back at the helm, the sky is really the limit here.

[OH YEAH!!!](https://i.redd.it/i4kaigb9jj2g1.gif) MFckng Battle Red Kool Aid Man",112762.0,positive,0.051,0.819,0.13,0.8928
1p2pomu,1763705492.0,930,0.97,124,🥤 Kool-Aid,"If CJ enjoys the kind of time in the pocket moving forward that Mills has enjoyed over the last few weeks... Ladies, gentlemen, we're going all the way this year. There is no holiday meat grinder to break our stride this year. If we did that to Josh Allen, I can only imagine what we are going to do to Daniel Jones and company. Our talented rookies are coming into their own right before our very eyes. If we dominate through the next two games, like I believe we can with Stroud back at the helm, the sky is really the limit here.

[OH YEAH!!!](https://i.redd.it/i4kaigb9jj2g1.gif) Our defense is so good that a painfully mediocre offense can limp into Fairbairn territory and not look atrocious. If CJ can stop holding onto the ball forever, moving backwards, and perhaps making questionable audibles, then we can really make a good run for it. The rookies and Collins are looking great when given the opportunity and when we’re not going for an unprotected and unproductive Nick Chubb suicide mission up the middle. Mills has done his job but if we can get CJ, our OL, and OC to gel (a tall order yet past few games have given me hope), then we will do better than originally anticipated. CJ is crazy talented, he just needs to get confident and tweak a few things. All love for CJ and his raw talent, but he’s got to adapt and so does the rest of the offense.",112762.0,positive,0.071,0.778,0.152,0.9775
1p2pomu,1763701962.0,465,0.97,124,🥤 Kool-Aid,"If CJ enjoys the kind of time in the pocket moving forward that Mills has enjoyed over the last few weeks... Ladies, gentlemen, we're going all the way this year. There is no holiday meat grinder to break our stride this year. If we did that to Josh Allen, I can only imagine what we are going to do to Daniel Jones and company. Our talented rookies are coming into their own right before our very eyes. If we dominate through the next two games, like I believe we can with Stroud back at the helm, the sky is really the limit here.

[OH YEAH!!!](https://i.redd.it/i4kaigb9jj2g1.gif) Lights out Offense",56381.0,positive,0.048,0.819,0.133,0.9057
1p2pomu,1763704318.0,310,0.97,124,🥤 Kool-Aid,"If CJ enjoys the kind of time in the pocket moving forward that Mills has enjoyed over the last few weeks... Ladies, gentlemen, we're going all the way this year. There is no holiday meat grinder to break our stride this year. If we did that to Josh Allen, I can only imagine what we are going to do to Daniel Jones and company. Our talented rookies are coming into their own right before our very eyes. If we dominate through the next two games, like I believe we can with Stroud back at the helm, the sky is really the limit here.

[OH YEAH!!!](https://i.redd.it/i4kaigb9jj2g1.gif) I think sometimes the OL relaxes (on any team) if they know the qb is mobile.  If they know he is a statue, then they work harder to protect him.",37588.0,positive,0.025,0.831,0.144,0.9544
1p2pomu,1763702538.0,155,0.97,124,🥤 Kool-Aid,"If CJ enjoys the kind of time in the pocket moving forward that Mills has enjoyed over the last few weeks... Ladies, gentlemen, we're going all the way this year. There is no holiday meat grinder to break our stride this year. If we did that to Josh Allen, I can only imagine what we are going to do to Daniel Jones and company. Our talented rookies are coming into their own right before our very eyes. If we dominate through the next two games, like I believe we can with Stroud back at the helm, the sky is really the limit here.

[OH YEAH!!!](https://i.redd.it/i4kaigb9jj2g1.gif) That’s if we can string together decent play calls.",18794.0,positive,0.029,0.825,0.146,0.9401
1p2pomu,1763729611.0,155,0.97,124,🥤 Kool-Aid,"If CJ enjoys the kind of time in the pocket moving forward that Mills has enjoyed over the last few weeks... Ladies, gentlemen, we're going all the way this year. There is no holiday meat grinder to break our stride this year. If we did that to Josh Allen, I can only imagine what we are going to do to Daniel Jones and company. Our talented rookies are coming into their own right before our very eyes. If we dominate through the next two games, like I believe we can with Stroud back at the helm, the sky is really the limit here.

[OH YEAH!!!](https://i.redd.it/i4kaigb9jj2g1.gif) I would like to see it in action, but this is a Kool aid post so understandable, I'm still hurt from when we were ahead of Chiefs in the playoffs all those years ago, or just last year with Chiefs using the refs.",18794.0,neutral,0.048,0.87,0.082,0.4983
1p2pomu,1763792386.0,155,0.97,124,🥤 Kool-Aid,"If CJ enjoys the kind of time in the pocket moving forward that Mills has enjoyed over the last few weeks... Ladies, gentlemen, we're going all the way this year. There is no holiday meat grinder to break our stride this year. If we did that to Josh Allen, I can only imagine what we are going to do to Daniel Jones and company. Our talented rookies are coming into their own right before our very eyes. If we dominate through the next two games, like I believe we can with Stroud back at the helm, the sky is really the limit here.

[OH YEAH!!!](https://i.redd.it/i4kaigb9jj2g1.gif) You don’t know ball, the difference is Mills gets rid of the ball before he takes the drive killing sacks",18794.0,positive,0.058,0.827,0.115,0.8349
1p2pa54,1763699439.0,500650,0.97,149,📹 Highlight,"BULLOCK CALLS GAME. TEXANS ARE ABOVE .500 FOR THE FIRST TIME WITH GENERAL MILLS AS OUR QB.  8 sacks

10 Tackles for loss

2 fumbles forced

2 interceptions


Fucking Dominant. THE #1 defense in the NFL",72844575.0,negative,0.144,0.815,0.041,-0.5859
1p2pa54,1763699393.0,208506,0.97,149,📹 Highlight,BULLOCK CALLS GAME. TEXANS ARE ABOVE .500 FOR THE FIRST TIME WITH GENERAL MILLS AS OUR QB.  3-0 WITH MILLS,30337623.0,positive,0.0,1.0,0.0,0.0
1p2pa54,1763699518.0,309814,0.97,149,📹 Highlight,"BULLOCK CALLS GAME. TEXANS ARE ABOVE .500 FOR THE FIRST TIME WITH GENERAL MILLS AS OUR QB.  Pass interference :(
On the offense :)",45077937.0,positive,0.17,0.727,0.104,-0.2263
1p2pa54,1763699483.0,116622,0.97,149,📹 Highlight,BULLOCK CALLS GAME. TEXANS ARE ABOVE .500 FOR THE FIRST TIME WITH GENERAL MILLS AS OUR QB.  MILLS MAFIA > BILLS MAFIA CONFIRMED,16968501.0,positive,0.0,1.0,0.0,0.0
1p2pa54,1763699349.0,186124,0.97,149,📹 Highlight,BULLOCK CALLS GAME. TEXANS ARE ABOVE .500 FOR THE FIRST TIME WITH GENERAL MILLS AS OUR QB.  Chills. Literal chills,27081042.0,positive,0.0,1.0,0.0,0.0
1p2pa54,1763699472.0,69502,0.97,149,📹 Highlight,BULLOCK CALLS GAME. TEXANS ARE ABOVE .500 FOR THE FIRST TIME WITH GENERAL MILLS AS OUR QB.  General Mills. Execute order 66,10112541.0,positive,0.0,1.0,0.0,0.0
1p2pa54,1763699531.0,62434,0.97,149,📹 Highlight,BULLOCK CALLS GAME. TEXANS ARE ABOVE .500 FOR THE FIRST TIME WITH GENERAL MILLS AS OUR QB.  https://preview.redd.it/yejfpdp7gj2g1.png?width=1440&format=png&auto=webp&s=31c80a60f1fb4d4dacb4702fb659e3754f91d52f,9084147.0,neutral,0.0,1.0,0.0,0.0
1p2pa54,1763699936.0,44764,0.97,149,📹 Highlight,"BULLOCK CALLS GAME. TEXANS ARE ABOVE .500 FOR THE FIRST TIME WITH GENERAL MILLS AS OUR QB.  that flag scared the living shit out of me, ngl",6513162.0,neutral,0.206,0.794,0.0,-0.7579
1p2pa54,1763699354.0,43586,0.97,149,📹 Highlight,BULLOCK CALLS GAME. TEXANS ARE ABOVE .500 FOR THE FIRST TIME WITH GENERAL MILLS AS OUR QB.  LETS FUCKING GOOOO,6341763.0,positive,0.0,1.0,0.0,0.0
1p2pa54,1763699354.0,60078,0.97,149,📹 Highlight,BULLOCK CALLS GAME. TEXANS ARE ABOVE .500 FOR THE FIRST TIME WITH GENERAL MILLS AS OUR QB.  ![gif](giphy|kYsBThMhhalLG),8741349.0,positive,0.0,1.0,0.0,0.0
1p2pa54,1763699385.0,62434,0.97,149,📹 Highlight,"BULLOCK CALLS GAME. TEXANS ARE ABOVE .500 FOR THE FIRST TIME WITH GENERAL MILLS AS OUR QB.  So many ""fans"" looking mad stupid for how they were talking early in the season.",9084147.0,neutral,0.18,0.82,0.0,-0.765
1p2pa54,1763699679.0,22382,0.97,149,📹 Highlight,"BULLOCK CALLS GAME. TEXANS ARE ABOVE .500 FOR THE FIRST TIME WITH GENERAL MILLS AS OUR QB.  We have to fuck the chiefs up now.
We  beat the Ravens and the Bills in the same year?",3256581.0,positive,0.091,0.909,0.0,-0.5423
1p2pa54,1763699441.0,20026,0.97,149,📹 Highlight,BULLOCK CALLS GAME. TEXANS ARE ABOVE .500 FOR THE FIRST TIME WITH GENERAL MILLS AS OUR QB.  Inject this straight to my veins,2913783.0,positive,0.0,0.912,0.088,0.2789
1p2pa54,1763699587.0,40052,0.97,149,📹 Highlight,"BULLOCK CALLS GAME. TEXANS ARE ABOVE .500 FOR THE FIRST TIME WITH GENERAL MILLS AS OUR QB.  Genuinely so shocked and impressed. I thought this was a guaranteed loss with our backup QB playing against a team as good as the Bills. Excellent work by Money Mills. This game gives us a real shot at making the playoffs now. Come on Texans! Sad I missed it, I was stuck giving a presentation in class (I’m in Japan rn).",5827566.0,positive,0.143,0.693,0.164,0.4338
1p2pa54,1763699525.0,32984,0.97,149,📹 Highlight,BULLOCK CALLS GAME. TEXANS ARE ABOVE .500 FOR THE FIRST TIME WITH GENERAL MILLS AS OUR QB.  Hard carry by the defense today holy shit. Offense dead as fuck the entire second half but the never folded. ,4799172.0,positive,0.235,0.735,0.03,-0.7684
1p2pa54,1763700284.0,12958,0.97,149,📹 Highlight,"BULLOCK CALLS GAME. TEXANS ARE ABOVE .500 FOR THE FIRST TIME WITH GENERAL MILLS AS OUR QB.  Money Mills, 3 and 0 as a starter.",1885389.0,positive,0.0,1.0,0.0,0.0
1p2pa54,1763699702.0,10602,0.97,149,📹 Highlight,BULLOCK CALLS GAME. TEXANS ARE ABOVE .500 FOR THE FIRST TIME WITH GENERAL MILLS AS OUR QB.  Pass interference… ON THE OFFENSE!,1542591.0,neutral,0.126,0.874,0.0,-0.4633
1p2pa54,1763700256.0,10602,0.97,149,📹 Highlight,BULLOCK CALLS GAME. TEXANS ARE ABOVE .500 FOR THE FIRST TIME WITH GENERAL MILLS AS OUR QB.  With our luck I was fully prepared for that flag to be pass interference on us.,1542591.0,positive,0.0,0.852,0.148,0.6361
1p2pa54,1763699342.0,9424,0.97,149,📹 Highlight,BULLOCK CALLS GAME. TEXANS ARE ABOVE .500 FOR THE FIRST TIME WITH GENERAL MILLS AS OUR QB.  LFG! Sip.,1371192.0,neutral,0.0,1.0,0.0,0.0
1p2pa54,1763699361.0,9424,0.97,149,📹 Highlight,BULLOCK CALLS GAME. TEXANS ARE ABOVE .500 FOR THE FIRST TIME WITH GENERAL MILLS AS OUR QB.  Is this the real life!,1371192.0,neutral,0.0,1.0,0.0,0.0
1p2p9zv,1763700198.0,84942,0.99,89,🥤 Kool-Aid,"RESPECK THE NECK  CJ is the better QB but these 3 games showed a lot of the sacks and issues we were having were from Stroud holding onto the ball. 


Mills had 0 sacks today and made much quicker decisions. CJ has to do the same next week.",7568332.0,neutral,0.0,0.958,0.042,0.2382
1p2p9zv,1763699875.0,70356,0.99,89,🥤 Kool-Aid,RESPECK THE NECK  Led us out of the dark so that CJ can lead us into the light. Shoutout Mills 🫡,6268720.0,positive,0.0,1.0,0.0,0.0
1p2p9zv,1763700078.0,31746,0.99,89,🥤 Kool-Aid,RESPECK THE NECK  This one’s on the defense. I want to hug Will and Danielle.,2828569.0,positive,0.0,0.651,0.349,0.5994
1p2p9zv,1763699387.0,31746,0.99,89,🥤 Kool-Aid,"RESPECK THE NECK  Buffalo, you just got NECKED",2828569.0,positive,0.0,1.0,0.0,0.0
1p2p9zv,1763699385.0,47190,0.99,89,🥤 Kool-Aid,RESPECK THE NECK  Undefeated. I’ll trade him for a 1st 😂,4204629.0,positive,0.0,1.0,0.0,0.0
1p2p9zv,1763699527.0,13728,0.99,89,🥤 Kool-Aid,RESPECK THE NECK  BUFFALO MILLS,1223165.0,neutral,0.0,1.0,0.0,0.0
1p2p9zv,1763699544.0,12012,0.99,89,🥤 Kool-Aid,RESPECK THE NECK  Everytime I see this photo I don't know if it's photoshopped,1070269.0,positive,0.0,1.0,0.0,0.0
1p2p9zv,1763699350.0,24024,0.99,89,🥤 Kool-Aid,"RESPECK THE NECK  Good luck next year Mills, whoever pays you to be QB1 gets a dawg",2140538.0,positive,0.0,0.704,0.296,0.7096
1p2p9zv,1763699553.0,6864,0.99,89,🥤 Kool-Aid,RESPECK THE NECK  He earned himself a long career as a backup. We probably lose him now honestly,611582.0,positive,0.137,0.711,0.152,0.0772
1p2p9zv,1763700098.0,5148,0.99,89,🥤 Kool-Aid,RESPECK THE NECK  https://preview.redd.it/rpfh2m9whj2g1.jpeg?width=686&format=pjpg&auto=webp&s=1c71ba168c8863f162865528c307405ec5ad7b95,458687.0,positive,0.0,1.0,0.0,0.0
1p2p9zv,1763700460.0,7722,0.99,89,🥤 Kool-Aid,"RESPECK THE NECK  https://preview.redd.it/yf0wrskyij2g1.jpeg?width=1179&format=pjpg&auto=webp&s=6ee8f46e771fcce72e29a5d247b7a19b6a778be6

Just gonna leave this here",688030.0,neutral,0.13,0.87,0.0,-0.0516
1p2p9zv,1763699678.0,2574,0.99,89,🥤 Kool-Aid,RESPECK THE NECK  Keep that neck warm in case duty calls again🫡,229343.0,positive,0.0,0.853,0.147,0.2263
1p2p9zv,1763699729.0,2574,0.99,89,🥤 Kool-Aid,RESPECK THE NECK  I will never doubt the neck again,229343.0,negative,0.0,0.791,0.209,0.2755
1p2p9zv,1763706941.0,2574,0.99,89,🥤 Kool-Aid,RESPECK THE NECK  His neck game is crazy,229343.0,neutral,0.255,0.745,0.0,-0.34
1p2p9zv,1763728578.0,2574,0.99,89,🥤 Kool-Aid,RESPECK THE NECK  Davis Mills has single handedly made the offensive line better.,229343.0,neutral,0.178,0.651,0.172,-0.0258
1p2p9zv,1763699554.0,4290,0.99,89,🥤 Kool-Aid,RESPECK THE NECK  Good job neck. Now get back to the bench. ,382239.0,neutral,0.0,0.791,0.209,0.4404
1p2p9zv,1763703908.0,1716,0.99,89,🥤 Kool-Aid,"RESPECK THE NECK  Mills had the game winning drives against the Jags and Tits and also got the 2 minute drill to keep momentum going into halftime. 

Season’s got some life in it yet",152896.0,positive,0.052,0.854,0.094,0.3612
1p2p9zv,1763706974.0,1716,0.99,89,🥤 Kool-Aid,RESPECK THE NECK  Respect the neck,152896.0,positive,0.0,0.617,0.383,0.4767
1p2p9zv,1763707460.0,1716,0.99,89,🥤 Kool-Aid,"RESPECK THE NECK  Mills is one (n)eck of a player who stepped up in the (n)eck of time.  “NECK” on three: 1, 2, 3….NECK!!!!!!",152896.0,neutral,0.0,1.0,0.0,0.0
1p2p9zv,1763728632.0,1716,0.99,89,🥤 Kool-Aid,RESPECK THE NECK  Necks man up!,152896.0,neutral,0.0,1.0,0.0,0.0
1p2p9s8,1763699283.0,103525,0.99,629,🏈 Game Thread,"Post Game Thread: Buffalo Bills at Houston Texans #Buffalo Bills at Houston Texans

[ESPN Gamecast](https://www.espn.com/nfl/game/_/gameId/401772946/bills-texans)

NRG Stadium- Houston, TX

Network(s): Prime Video [(All prime games are also streamed on twitch for free)](https://www.twitch.tv/primevideo) 

***

|Time Clock|
|:--:|
|Final|

**Scoreboard**

||Q1|Q2|Q3|Q4|Total|
|:--:|:--:|:--:|:--:|:--:|:--:|
|BUF|6|10|0|3|19|
|HOU|3|17|3|0|23|


**Scoring Plays**

| Team | Quarter | Type | Description |
|:--|:--|:--|:--|
| BUF | 1 | TD | James Cook III 45 Yd Rush (Matt Prater PAT Failed) |
| HOU | 1 | FG | Ka'imi Fairbairn 24 Yd Field Goal |
| BUF | 2 | FG | Matt Prater 44 Yd Field Goal |
| HOU | 2 | TD | Christian Kirk 2 Yd pass from Davis Mills (Ka'imi Fairbairn Kick) |
| HOU | 2 | FG | Ka'imi Fairbairn 43 Yd Field Goal  |
| BUF | 2 | TD | Ray Davis 97 Yd Kickoff Return (Matt Prater Kick) |
| HOU | 2 | TD | Jayden Higgins 8 Yd pass from Davis Mills (Ka'imi Fairbairn Kick) |
| HOU | 3 | FG | Ka'imi Fairbairn 26 Yd Field Goal |
| BUF | 4 | FG | Matt Prater 38 Yd Field Goal |




**Passing Leaders**

|Team|Player|C/ATT|YDS|TD|INT|SACKS|
|:--|:--|--:|--:|--:|--:|--:|
| BUF | Josh Allen | 24/34 | 253 | 0 | 2 | 8-70 |
| HOU | Davis Mills | 16/30 | 153 | 2 | 0 | 0-0 |

**Rushing Leaders**

|Team|Player|CAR|YDS|AVG|TD|LONG|
|:--|:--|--:|--:|--:|--:|--:|
| BUF | James Cook III | 17 | 116 | 6.8 | 1 | 45 |
| HOU | Woody Marks | 16 | 74 | 4.6 | 0 | 19 |

**Receiving Leaders**

|Team|Player|REC|YDS|AVG|TD|LONG|TGTS|
|:--|:--|--:|--:|--:|--:|--:|--:|
| BUF | Khalil Shakir | 8 | 110 | 13.8 | 0 | 44 | 10 |
| HOU | Nico Collins | 3 | 55 | 18.3 | 0 | 24 | 3 |


***

Use [reddit-stream.com](https://reddit-stream.com/comments/auto) to get an autorefreshing version of this page

^This ^was ^created ^by ^a ^bot. ^For ^issues ^or ^suggestions ^please ^message ^nfl_gdt_bot.

^Last ^updated: ^2025-11-20_23:58:07.908720-05:00 This D showcased today (except that 4th and 27)",64568542.0,positive,0.0,0.986,0.014,0.4995
1p2p9s8,1763699298.0,78720,0.99,629,🏈 Game Thread,"Post Game Thread: Buffalo Bills at Houston Texans #Buffalo Bills at Houston Texans

[ESPN Gamecast](https://www.espn.com/nfl/game/_/gameId/401772946/bills-texans)

NRG Stadium- Houston, TX

Network(s): Prime Video [(All prime games are also streamed on twitch for free)](https://www.twitch.tv/primevideo) 

***

|Time Clock|
|:--:|
|Final|

**Scoreboard**

||Q1|Q2|Q3|Q4|Total|
|:--:|:--:|:--:|:--:|:--:|:--:|
|BUF|6|10|0|3|19|
|HOU|3|17|3|0|23|


**Scoring Plays**

| Team | Quarter | Type | Description |
|:--|:--|:--|:--|
| BUF | 1 | TD | James Cook III 45 Yd Rush (Matt Prater PAT Failed) |
| HOU | 1 | FG | Ka'imi Fairbairn 24 Yd Field Goal |
| BUF | 2 | FG | Matt Prater 44 Yd Field Goal |
| HOU | 2 | TD | Christian Kirk 2 Yd pass from Davis Mills (Ka'imi Fairbairn Kick) |
| HOU | 2 | FG | Ka'imi Fairbairn 43 Yd Field Goal  |
| BUF | 2 | TD | Ray Davis 97 Yd Kickoff Return (Matt Prater Kick) |
| HOU | 2 | TD | Jayden Higgins 8 Yd pass from Davis Mills (Ka'imi Fairbairn Kick) |
| HOU | 3 | FG | Ka'imi Fairbairn 26 Yd Field Goal |
| BUF | 4 | FG | Matt Prater 38 Yd Field Goal |




**Passing Leaders**

|Team|Player|C/ATT|YDS|TD|INT|SACKS|
|:--|:--|--:|--:|--:|--:|--:|
| BUF | Josh Allen | 24/34 | 253 | 0 | 2 | 8-70 |
| HOU | Davis Mills | 16/30 | 153 | 2 | 0 | 0-0 |

**Rushing Leaders**

|Team|Player|CAR|YDS|AVG|TD|LONG|
|:--|:--|--:|--:|--:|--:|--:|
| BUF | James Cook III | 17 | 116 | 6.8 | 1 | 45 |
| HOU | Woody Marks | 16 | 74 | 4.6 | 0 | 19 |

**Receiving Leaders**

|Team|Player|REC|YDS|AVG|TD|LONG|TGTS|
|:--|:--|--:|--:|--:|--:|--:|--:|
| BUF | Khalil Shakir | 8 | 110 | 13.8 | 0 | 44 | 10 |
| HOU | Nico Collins | 3 | 55 | 18.3 | 0 | 24 | 3 |


***

Use [reddit-stream.com](https://reddit-stream.com/comments/auto) to get an autorefreshing version of this page

^This ^was ^created ^by ^a ^bot. ^For ^issues ^or ^suggestions ^please ^message ^nfl_gdt_bot.

^Last ^updated: ^2025-11-20_23:58:07.908720-05:00 WAJ turned into prime JJ Watt this game",49097664.0,positive,0.0,0.974,0.026,0.7154
1p2p9s8,1763699290.0,55555,0.99,629,🏈 Game Thread,"Post Game Thread: Buffalo Bills at Houston Texans #Buffalo Bills at Houston Texans

[ESPN Gamecast](https://www.espn.com/nfl/game/_/gameId/401772946/bills-texans)

NRG Stadium- Houston, TX

Network(s): Prime Video [(All prime games are also streamed on twitch for free)](https://www.twitch.tv/primevideo) 

***

|Time Clock|
|:--:|
|Final|

**Scoreboard**

||Q1|Q2|Q3|Q4|Total|
|:--:|:--:|:--:|:--:|:--:|:--:|
|BUF|6|10|0|3|19|
|HOU|3|17|3|0|23|


**Scoring Plays**

| Team | Quarter | Type | Description |
|:--|:--|:--|:--|
| BUF | 1 | TD | James Cook III 45 Yd Rush (Matt Prater PAT Failed) |
| HOU | 1 | FG | Ka'imi Fairbairn 24 Yd Field Goal |
| BUF | 2 | FG | Matt Prater 44 Yd Field Goal |
| HOU | 2 | TD | Christian Kirk 2 Yd pass from Davis Mills (Ka'imi Fairbairn Kick) |
| HOU | 2 | FG | Ka'imi Fairbairn 43 Yd Field Goal  |
| BUF | 2 | TD | Ray Davis 97 Yd Kickoff Return (Matt Prater Kick) |
| HOU | 2 | TD | Jayden Higgins 8 Yd pass from Davis Mills (Ka'imi Fairbairn Kick) |
| HOU | 3 | FG | Ka'imi Fairbairn 26 Yd Field Goal |
| BUF | 4 | FG | Matt Prater 38 Yd Field Goal |




**Passing Leaders**

|Team|Player|C/ATT|YDS|TD|INT|SACKS|
|:--|:--|--:|--:|--:|--:|--:|
| BUF | Josh Allen | 24/34 | 253 | 0 | 2 | 8-70 |
| HOU | Davis Mills | 16/30 | 153 | 2 | 0 | 0-0 |

**Rushing Leaders**

|Team|Player|CAR|YDS|AVG|TD|LONG|
|:--|:--|--:|--:|--:|--:|--:|
| BUF | James Cook III | 17 | 116 | 6.8 | 1 | 45 |
| HOU | Woody Marks | 16 | 74 | 4.6 | 0 | 19 |

**Receiving Leaders**

|Team|Player|REC|YDS|AVG|TD|LONG|TGTS|
|:--|:--|--:|--:|--:|--:|--:|--:|
| BUF | Khalil Shakir | 8 | 110 | 13.8 | 0 | 44 | 10 |
| HOU | Nico Collins | 3 | 55 | 18.3 | 0 | 24 | 3 |


***

Use [reddit-stream.com](https://reddit-stream.com/comments/auto) to get an autorefreshing version of this page

^This ^was ^created ^by ^a ^bot. ^For ^issues ^or ^suggestions ^please ^message ^nfl_gdt_bot.

^Last ^updated: ^2025-11-20_23:58:07.908720-05:00 Here lies Josh Allen.

Cause of Death: SWARM

Props to Money Mills for holding down the fort.",34649654.0,positive,0.028,0.958,0.014,-0.5372
1p2p9s8,1763699301.0,31365,0.99,629,🏈 Game Thread,"Post Game Thread: Buffalo Bills at Houston Texans #Buffalo Bills at Houston Texans

[ESPN Gamecast](https://www.espn.com/nfl/game/_/gameId/401772946/bills-texans)

NRG Stadium- Houston, TX

Network(s): Prime Video [(All prime games are also streamed on twitch for free)](https://www.twitch.tv/primevideo) 

***

|Time Clock|
|:--:|
|Final|

**Scoreboard**

||Q1|Q2|Q3|Q4|Total|
|:--:|:--:|:--:|:--:|:--:|:--:|
|BUF|6|10|0|3|19|
|HOU|3|17|3|0|23|


**Scoring Plays**

| Team | Quarter | Type | Description |
|:--|:--|:--|:--|
| BUF | 1 | TD | James Cook III 45 Yd Rush (Matt Prater PAT Failed) |
| HOU | 1 | FG | Ka'imi Fairbairn 24 Yd Field Goal |
| BUF | 2 | FG | Matt Prater 44 Yd Field Goal |
| HOU | 2 | TD | Christian Kirk 2 Yd pass from Davis Mills (Ka'imi Fairbairn Kick) |
| HOU | 2 | FG | Ka'imi Fairbairn 43 Yd Field Goal  |
| BUF | 2 | TD | Ray Davis 97 Yd Kickoff Return (Matt Prater Kick) |
| HOU | 2 | TD | Jayden Higgins 8 Yd pass from Davis Mills (Ka'imi Fairbairn Kick) |
| HOU | 3 | FG | Ka'imi Fairbairn 26 Yd Field Goal |
| BUF | 4 | FG | Matt Prater 38 Yd Field Goal |




**Passing Leaders**

|Team|Player|C/ATT|YDS|TD|INT|SACKS|
|:--|:--|--:|--:|--:|--:|--:|
| BUF | Josh Allen | 24/34 | 253 | 0 | 2 | 8-70 |
| HOU | Davis Mills | 16/30 | 153 | 2 | 0 | 0-0 |

**Rushing Leaders**

|Team|Player|CAR|YDS|AVG|TD|LONG|
|:--|:--|--:|--:|--:|--:|--:|
| BUF | James Cook III | 17 | 116 | 6.8 | 1 | 45 |
| HOU | Woody Marks | 16 | 74 | 4.6 | 0 | 19 |

**Receiving Leaders**

|Team|Player|REC|YDS|AVG|TD|LONG|TGTS|
|:--|:--|--:|--:|--:|--:|--:|--:|
| BUF | Khalil Shakir | 8 | 110 | 13.8 | 0 | 44 | 10 |
| HOU | Nico Collins | 3 | 55 | 18.3 | 0 | 24 | 3 |


***

Use [reddit-stream.com](https://reddit-stream.com/comments/auto) to get an autorefreshing version of this page

^This ^was ^created ^by ^a ^bot. ^For ^issues ^or ^suggestions ^please ^message ^nfl_gdt_bot.

^Last ^updated: ^2025-11-20_23:58:07.908720-05:00 SCREAM IF YOU LOVE DEFENCE",19562350.0,positive,0.015,0.94,0.045,0.7824
1p2p9s8,1763699294.0,27060,0.99,629,🏈 Game Thread,"Post Game Thread: Buffalo Bills at Houston Texans #Buffalo Bills at Houston Texans

[ESPN Gamecast](https://www.espn.com/nfl/game/_/gameId/401772946/bills-texans)

NRG Stadium- Houston, TX

Network(s): Prime Video [(All prime games are also streamed on twitch for free)](https://www.twitch.tv/primevideo) 

***

|Time Clock|
|:--:|
|Final|

**Scoreboard**

||Q1|Q2|Q3|Q4|Total|
|:--:|:--:|:--:|:--:|:--:|:--:|
|BUF|6|10|0|3|19|
|HOU|3|17|3|0|23|


**Scoring Plays**

| Team | Quarter | Type | Description |
|:--|:--|:--|:--|
| BUF | 1 | TD | James Cook III 45 Yd Rush (Matt Prater PAT Failed) |
| HOU | 1 | FG | Ka'imi Fairbairn 24 Yd Field Goal |
| BUF | 2 | FG | Matt Prater 44 Yd Field Goal |
| HOU | 2 | TD | Christian Kirk 2 Yd pass from Davis Mills (Ka'imi Fairbairn Kick) |
| HOU | 2 | FG | Ka'imi Fairbairn 43 Yd Field Goal  |
| BUF | 2 | TD | Ray Davis 97 Yd Kickoff Return (Matt Prater Kick) |
| HOU | 2 | TD | Jayden Higgins 8 Yd pass from Davis Mills (Ka'imi Fairbairn Kick) |
| HOU | 3 | FG | Ka'imi Fairbairn 26 Yd Field Goal |
| BUF | 4 | FG | Matt Prater 38 Yd Field Goal |




**Passing Leaders**

|Team|Player|C/ATT|YDS|TD|INT|SACKS|
|:--|:--|--:|--:|--:|--:|--:|
| BUF | Josh Allen | 24/34 | 253 | 0 | 2 | 8-70 |
| HOU | Davis Mills | 16/30 | 153 | 2 | 0 | 0-0 |

**Rushing Leaders**

|Team|Player|CAR|YDS|AVG|TD|LONG|
|:--|:--|--:|--:|--:|--:|--:|
| BUF | James Cook III | 17 | 116 | 6.8 | 1 | 45 |
| HOU | Woody Marks | 16 | 74 | 4.6 | 0 | 19 |

**Receiving Leaders**

|Team|Player|REC|YDS|AVG|TD|LONG|TGTS|
|:--|:--|--:|--:|--:|--:|--:|--:|
| BUF | Khalil Shakir | 8 | 110 | 13.8 | 0 | 44 | 10 |
| HOU | Nico Collins | 3 | 55 | 18.3 | 0 | 24 | 3 |


***

Use [reddit-stream.com](https://reddit-stream.com/comments/auto) to get an autorefreshing version of this page

^This ^was ^created ^by ^a ^bot. ^For ^issues ^or ^suggestions ^please ^message ^nfl_gdt_bot.

^Last ^updated: ^2025-11-20_23:58:07.908720-05:00 You have been visited by the neck.",16877322.0,positive,0.0,0.986,0.014,0.4995
1p2p9s8,1763699354.0,27265,0.99,629,🏈 Game Thread,"Post Game Thread: Buffalo Bills at Houston Texans #Buffalo Bills at Houston Texans

[ESPN Gamecast](https://www.espn.com/nfl/game/_/gameId/401772946/bills-texans)

NRG Stadium- Houston, TX

Network(s): Prime Video [(All prime games are also streamed on twitch for free)](https://www.twitch.tv/primevideo) 

***

|Time Clock|
|:--:|
|Final|

**Scoreboard**

||Q1|Q2|Q3|Q4|Total|
|:--:|:--:|:--:|:--:|:--:|:--:|
|BUF|6|10|0|3|19|
|HOU|3|17|3|0|23|


**Scoring Plays**

| Team | Quarter | Type | Description |
|:--|:--|:--|:--|
| BUF | 1 | TD | James Cook III 45 Yd Rush (Matt Prater PAT Failed) |
| HOU | 1 | FG | Ka'imi Fairbairn 24 Yd Field Goal |
| BUF | 2 | FG | Matt Prater 44 Yd Field Goal |
| HOU | 2 | TD | Christian Kirk 2 Yd pass from Davis Mills (Ka'imi Fairbairn Kick) |
| HOU | 2 | FG | Ka'imi Fairbairn 43 Yd Field Goal  |
| BUF | 2 | TD | Ray Davis 97 Yd Kickoff Return (Matt Prater Kick) |
| HOU | 2 | TD | Jayden Higgins 8 Yd pass from Davis Mills (Ka'imi Fairbairn Kick) |
| HOU | 3 | FG | Ka'imi Fairbairn 26 Yd Field Goal |
| BUF | 4 | FG | Matt Prater 38 Yd Field Goal |




**Passing Leaders**

|Team|Player|C/ATT|YDS|TD|INT|SACKS|
|:--|:--|--:|--:|--:|--:|--:|
| BUF | Josh Allen | 24/34 | 253 | 0 | 2 | 8-70 |
| HOU | Davis Mills | 16/30 | 153 | 2 | 0 | 0-0 |

**Rushing Leaders**

|Team|Player|CAR|YDS|AVG|TD|LONG|
|:--|:--|--:|--:|--:|--:|--:|
| BUF | James Cook III | 17 | 116 | 6.8 | 1 | 45 |
| HOU | Woody Marks | 16 | 74 | 4.6 | 0 | 19 |

**Receiving Leaders**

|Team|Player|REC|YDS|AVG|TD|LONG|TGTS|
|:--|:--|--:|--:|--:|--:|--:|--:|
| BUF | Khalil Shakir | 8 | 110 | 13.8 | 0 | 44 | 10 |
| HOU | Nico Collins | 3 | 55 | 18.3 | 0 | 24 | 3 |


***

Use [reddit-stream.com](https://reddit-stream.com/comments/auto) to get an autorefreshing version of this page

^This ^was ^created ^by ^a ^bot. ^For ^issues ^or ^suggestions ^please ^message ^nfl_gdt_bot.

^Last ^updated: ^2025-11-20_23:58:07.908720-05:00 The ref pausing before saying ""offense"" on the final play was some WWE levels of suspense",17005180.0,positive,0.0,0.976,0.024,0.6841
1p2p9s8,1763699374.0,26445,0.99,629,🏈 Game Thread,"Post Game Thread: Buffalo Bills at Houston Texans #Buffalo Bills at Houston Texans

[ESPN Gamecast](https://www.espn.com/nfl/game/_/gameId/401772946/bills-texans)

NRG Stadium- Houston, TX

Network(s): Prime Video [(All prime games are also streamed on twitch for free)](https://www.twitch.tv/primevideo) 

***

|Time Clock|
|:--:|
|Final|

**Scoreboard**

||Q1|Q2|Q3|Q4|Total|
|:--:|:--:|:--:|:--:|:--:|:--:|
|BUF|6|10|0|3|19|
|HOU|3|17|3|0|23|


**Scoring Plays**

| Team | Quarter | Type | Description |
|:--|:--|:--|:--|
| BUF | 1 | TD | James Cook III 45 Yd Rush (Matt Prater PAT Failed) |
| HOU | 1 | FG | Ka'imi Fairbairn 24 Yd Field Goal |
| BUF | 2 | FG | Matt Prater 44 Yd Field Goal |
| HOU | 2 | TD | Christian Kirk 2 Yd pass from Davis Mills (Ka'imi Fairbairn Kick) |
| HOU | 2 | FG | Ka'imi Fairbairn 43 Yd Field Goal  |
| BUF | 2 | TD | Ray Davis 97 Yd Kickoff Return (Matt Prater Kick) |
| HOU | 2 | TD | Jayden Higgins 8 Yd pass from Davis Mills (Ka'imi Fairbairn Kick) |
| HOU | 3 | FG | Ka'imi Fairbairn 26 Yd Field Goal |
| BUF | 4 | FG | Matt Prater 38 Yd Field Goal |




**Passing Leaders**

|Team|Player|C/ATT|YDS|TD|INT|SACKS|
|:--|:--|--:|--:|--:|--:|--:|
| BUF | Josh Allen | 24/34 | 253 | 0 | 2 | 8-70 |
| HOU | Davis Mills | 16/30 | 153 | 2 | 0 | 0-0 |

**Rushing Leaders**

|Team|Player|CAR|YDS|AVG|TD|LONG|
|:--|:--|--:|--:|--:|--:|--:|
| BUF | James Cook III | 17 | 116 | 6.8 | 1 | 45 |
| HOU | Woody Marks | 16 | 74 | 4.6 | 0 | 19 |

**Receiving Leaders**

|Team|Player|REC|YDS|AVG|TD|LONG|TGTS|
|:--|:--|--:|--:|--:|--:|--:|--:|
| BUF | Khalil Shakir | 8 | 110 | 13.8 | 0 | 44 | 10 |
| HOU | Nico Collins | 3 | 55 | 18.3 | 0 | 24 | 3 |


***

Use [reddit-stream.com](https://reddit-stream.com/comments/auto) to get an autorefreshing version of this page

^This ^was ^created ^by ^a ^bot. ^For ^issues ^or ^suggestions ^please ^message ^nfl_gdt_bot.

^Last ^updated: ^2025-11-20_23:58:07.908720-05:00 https://preview.redd.it/85ew4ieqfj2g1.jpeg?width=1080&format=pjpg&auto=webp&s=20875596e993d2fa487fa6c48fa8c737f40dceed

6-5?",16493746.0,positive,0.0,0.984,0.016,0.5563
1p2p9s8,1763699292.0,50635,0.99,629,🏈 Game Thread,"Post Game Thread: Buffalo Bills at Houston Texans #Buffalo Bills at Houston Texans

[ESPN Gamecast](https://www.espn.com/nfl/game/_/gameId/401772946/bills-texans)

NRG Stadium- Houston, TX

Network(s): Prime Video [(All prime games are also streamed on twitch for free)](https://www.twitch.tv/primevideo) 

***

|Time Clock|
|:--:|
|Final|

**Scoreboard**

||Q1|Q2|Q3|Q4|Total|
|:--:|:--:|:--:|:--:|:--:|:--:|
|BUF|6|10|0|3|19|
|HOU|3|17|3|0|23|


**Scoring Plays**

| Team | Quarter | Type | Description |
|:--|:--|:--|:--|
| BUF | 1 | TD | James Cook III 45 Yd Rush (Matt Prater PAT Failed) |
| HOU | 1 | FG | Ka'imi Fairbairn 24 Yd Field Goal |
| BUF | 2 | FG | Matt Prater 44 Yd Field Goal |
| HOU | 2 | TD | Christian Kirk 2 Yd pass from Davis Mills (Ka'imi Fairbairn Kick) |
| HOU | 2 | FG | Ka'imi Fairbairn 43 Yd Field Goal  |
| BUF | 2 | TD | Ray Davis 97 Yd Kickoff Return (Matt Prater Kick) |
| HOU | 2 | TD | Jayden Higgins 8 Yd pass from Davis Mills (Ka'imi Fairbairn Kick) |
| HOU | 3 | FG | Ka'imi Fairbairn 26 Yd Field Goal |
| BUF | 4 | FG | Matt Prater 38 Yd Field Goal |




**Passing Leaders**

|Team|Player|C/ATT|YDS|TD|INT|SACKS|
|:--|:--|--:|--:|--:|--:|--:|
| BUF | Josh Allen | 24/34 | 253 | 0 | 2 | 8-70 |
| HOU | Davis Mills | 16/30 | 153 | 2 | 0 | 0-0 |

**Rushing Leaders**

|Team|Player|CAR|YDS|AVG|TD|LONG|
|:--|:--|--:|--:|--:|--:|--:|
| BUF | James Cook III | 17 | 116 | 6.8 | 1 | 45 |
| HOU | Woody Marks | 16 | 74 | 4.6 | 0 | 19 |

**Receiving Leaders**

|Team|Player|REC|YDS|AVG|TD|LONG|TGTS|
|:--|:--|--:|--:|--:|--:|--:|--:|
| BUF | Khalil Shakir | 8 | 110 | 13.8 | 0 | 44 | 10 |
| HOU | Nico Collins | 3 | 55 | 18.3 | 0 | 24 | 3 |


***

Use [reddit-stream.com](https://reddit-stream.com/comments/auto) to get an autorefreshing version of this page

^This ^was ^created ^by ^a ^bot. ^For ^issues ^or ^suggestions ^please ^message ^nfl_gdt_bot.

^Last ^updated: ^2025-11-20_23:58:07.908720-05:00 WAJ put in his DPOY bid tonight in a big way",31581050.0,positive,0.0,0.986,0.014,0.4995
1p2p9s8,1763699290.0,67035,0.99,629,🏈 Game Thread,"Post Game Thread: Buffalo Bills at Houston Texans #Buffalo Bills at Houston Texans

[ESPN Gamecast](https://www.espn.com/nfl/game/_/gameId/401772946/bills-texans)

NRG Stadium- Houston, TX

Network(s): Prime Video [(All prime games are also streamed on twitch for free)](https://www.twitch.tv/primevideo) 

***

|Time Clock|
|:--:|
|Final|

**Scoreboard**

||Q1|Q2|Q3|Q4|Total|
|:--:|:--:|:--:|:--:|:--:|:--:|
|BUF|6|10|0|3|19|
|HOU|3|17|3|0|23|


**Scoring Plays**

| Team | Quarter | Type | Description |
|:--|:--|:--|:--|
| BUF | 1 | TD | James Cook III 45 Yd Rush (Matt Prater PAT Failed) |
| HOU | 1 | FG | Ka'imi Fairbairn 24 Yd Field Goal |
| BUF | 2 | FG | Matt Prater 44 Yd Field Goal |
| HOU | 2 | TD | Christian Kirk 2 Yd pass from Davis Mills (Ka'imi Fairbairn Kick) |
| HOU | 2 | FG | Ka'imi Fairbairn 43 Yd Field Goal  |
| BUF | 2 | TD | Ray Davis 97 Yd Kickoff Return (Matt Prater Kick) |
| HOU | 2 | TD | Jayden Higgins 8 Yd pass from Davis Mills (Ka'imi Fairbairn Kick) |
| HOU | 3 | FG | Ka'imi Fairbairn 26 Yd Field Goal |
| BUF | 4 | FG | Matt Prater 38 Yd Field Goal |




**Passing Leaders**

|Team|Player|C/ATT|YDS|TD|INT|SACKS|
|:--|:--|--:|--:|--:|--:|--:|
| BUF | Josh Allen | 24/34 | 253 | 0 | 2 | 8-70 |
| HOU | Davis Mills | 16/30 | 153 | 2 | 0 | 0-0 |

**Rushing Leaders**

|Team|Player|CAR|YDS|AVG|TD|LONG|
|:--|:--|--:|--:|--:|--:|--:|
| BUF | James Cook III | 17 | 116 | 6.8 | 1 | 45 |
| HOU | Woody Marks | 16 | 74 | 4.6 | 0 | 19 |

**Receiving Leaders**

|Team|Player|REC|YDS|AVG|TD|LONG|TGTS|
|:--|:--|--:|--:|--:|--:|--:|--:|
| BUF | Khalil Shakir | 8 | 110 | 13.8 | 0 | 44 | 10 |
| HOU | Nico Collins | 3 | 55 | 18.3 | 0 | 24 | 3 |


***

Use [reddit-stream.com](https://reddit-stream.com/comments/auto) to get an autorefreshing version of this page

^This ^was ^created ^by ^a ^bot. ^For ^issues ^or ^suggestions ^please ^message ^nfl_gdt_bot.

^Last ^updated: ^2025-11-20_23:58:07.908720-05:00 https://preview.redd.it/2ciz4cwhfj2g1.jpeg?width=1284&format=pjpg&auto=webp&s=d16a63ef8669374b1624eb1e94462c0b55d04245",41809730.0,positive,0.0,0.985,0.015,0.4995
1p2p9s8,1763699291.0,42640,0.99,629,🏈 Game Thread,"Post Game Thread: Buffalo Bills at Houston Texans #Buffalo Bills at Houston Texans

[ESPN Gamecast](https://www.espn.com/nfl/game/_/gameId/401772946/bills-texans)

NRG Stadium- Houston, TX

Network(s): Prime Video [(All prime games are also streamed on twitch for free)](https://www.twitch.tv/primevideo) 

***

|Time Clock|
|:--:|
|Final|

**Scoreboard**

||Q1|Q2|Q3|Q4|Total|
|:--:|:--:|:--:|:--:|:--:|:--:|
|BUF|6|10|0|3|19|
|HOU|3|17|3|0|23|


**Scoring Plays**

| Team | Quarter | Type | Description |
|:--|:--|:--|:--|
| BUF | 1 | TD | James Cook III 45 Yd Rush (Matt Prater PAT Failed) |
| HOU | 1 | FG | Ka'imi Fairbairn 24 Yd Field Goal |
| BUF | 2 | FG | Matt Prater 44 Yd Field Goal |
| HOU | 2 | TD | Christian Kirk 2 Yd pass from Davis Mills (Ka'imi Fairbairn Kick) |
| HOU | 2 | FG | Ka'imi Fairbairn 43 Yd Field Goal  |
| BUF | 2 | TD | Ray Davis 97 Yd Kickoff Return (Matt Prater Kick) |
| HOU | 2 | TD | Jayden Higgins 8 Yd pass from Davis Mills (Ka'imi Fairbairn Kick) |
| HOU | 3 | FG | Ka'imi Fairbairn 26 Yd Field Goal |
| BUF | 4 | FG | Matt Prater 38 Yd Field Goal |




**Passing Leaders**

|Team|Player|C/ATT|YDS|TD|INT|SACKS|
|:--|:--|--:|--:|--:|--:|--:|
| BUF | Josh Allen | 24/34 | 253 | 0 | 2 | 8-70 |
| HOU | Davis Mills | 16/30 | 153 | 2 | 0 | 0-0 |

**Rushing Leaders**

|Team|Player|CAR|YDS|AVG|TD|LONG|
|:--|:--|--:|--:|--:|--:|--:|
| BUF | James Cook III | 17 | 116 | 6.8 | 1 | 45 |
| HOU | Woody Marks | 16 | 74 | 4.6 | 0 | 19 |

**Receiving Leaders**

|Team|Player|REC|YDS|AVG|TD|LONG|TGTS|
|:--|:--|--:|--:|--:|--:|--:|--:|
| BUF | Khalil Shakir | 8 | 110 | 13.8 | 0 | 44 | 10 |
| HOU | Nico Collins | 3 | 55 | 18.3 | 0 | 24 | 3 |


***

Use [reddit-stream.com](https://reddit-stream.com/comments/auto) to get an autorefreshing version of this page

^This ^was ^created ^by ^a ^bot. ^For ^issues ^or ^suggestions ^please ^message ^nfl_gdt_bot.

^Last ^updated: ^2025-11-20_23:58:07.908720-05:00 This defense is generational ",26594568.0,positive,0.0,0.979,0.021,0.5766
1p2p9s8,1763699304.0,19885,0.99,629,🏈 Game Thread,"Post Game Thread: Buffalo Bills at Houston Texans #Buffalo Bills at Houston Texans

[ESPN Gamecast](https://www.espn.com/nfl/game/_/gameId/401772946/bills-texans)

NRG Stadium- Houston, TX

Network(s): Prime Video [(All prime games are also streamed on twitch for free)](https://www.twitch.tv/primevideo) 

***

|Time Clock|
|:--:|
|Final|

**Scoreboard**

||Q1|Q2|Q3|Q4|Total|
|:--:|:--:|:--:|:--:|:--:|:--:|
|BUF|6|10|0|3|19|
|HOU|3|17|3|0|23|


**Scoring Plays**

| Team | Quarter | Type | Description |
|:--|:--|:--|:--|
| BUF | 1 | TD | James Cook III 45 Yd Rush (Matt Prater PAT Failed) |
| HOU | 1 | FG | Ka'imi Fairbairn 24 Yd Field Goal |
| BUF | 2 | FG | Matt Prater 44 Yd Field Goal |
| HOU | 2 | TD | Christian Kirk 2 Yd pass from Davis Mills (Ka'imi Fairbairn Kick) |
| HOU | 2 | FG | Ka'imi Fairbairn 43 Yd Field Goal  |
| BUF | 2 | TD | Ray Davis 97 Yd Kickoff Return (Matt Prater Kick) |
| HOU | 2 | TD | Jayden Higgins 8 Yd pass from Davis Mills (Ka'imi Fairbairn Kick) |
| HOU | 3 | FG | Ka'imi Fairbairn 26 Yd Field Goal |
| BUF | 4 | FG | Matt Prater 38 Yd Field Goal |




**Passing Leaders**

|Team|Player|C/ATT|YDS|TD|INT|SACKS|
|:--|:--|--:|--:|--:|--:|--:|
| BUF | Josh Allen | 24/34 | 253 | 0 | 2 | 8-70 |
| HOU | Davis Mills | 16/30 | 153 | 2 | 0 | 0-0 |

**Rushing Leaders**

|Team|Player|CAR|YDS|AVG|TD|LONG|
|:--|:--|--:|--:|--:|--:|--:|
| BUF | James Cook III | 17 | 116 | 6.8 | 1 | 45 |
| HOU | Woody Marks | 16 | 74 | 4.6 | 0 | 19 |

**Receiving Leaders**

|Team|Player|REC|YDS|AVG|TD|LONG|TGTS|
|:--|:--|--:|--:|--:|--:|--:|--:|
| BUF | Khalil Shakir | 8 | 110 | 13.8 | 0 | 44 | 10 |
| HOU | Nico Collins | 3 | 55 | 18.3 | 0 | 24 | 3 |


***

Use [reddit-stream.com](https://reddit-stream.com/comments/auto) to get an autorefreshing version of this page

^This ^was ^created ^by ^a ^bot. ^For ^issues ^or ^suggestions ^please ^message ^nfl_gdt_bot.

^Last ^updated: ^2025-11-20_23:58:07.908720-05:00 Best defense in the league and it’s not even close.",12402274.0,positive,0.0,0.961,0.039,0.8374
1p2p9s8,1763699320.0,19885,0.99,629,🏈 Game Thread,"Post Game Thread: Buffalo Bills at Houston Texans #Buffalo Bills at Houston Texans

[ESPN Gamecast](https://www.espn.com/nfl/game/_/gameId/401772946/bills-texans)

NRG Stadium- Houston, TX

Network(s): Prime Video [(All prime games are also streamed on twitch for free)](https://www.twitch.tv/primevideo) 

***

|Time Clock|
|:--:|
|Final|

**Scoreboard**

||Q1|Q2|Q3|Q4|Total|
|:--:|:--:|:--:|:--:|:--:|:--:|
|BUF|6|10|0|3|19|
|HOU|3|17|3|0|23|


**Scoring Plays**

| Team | Quarter | Type | Description |
|:--|:--|:--|:--|
| BUF | 1 | TD | James Cook III 45 Yd Rush (Matt Prater PAT Failed) |
| HOU | 1 | FG | Ka'imi Fairbairn 24 Yd Field Goal |
| BUF | 2 | FG | Matt Prater 44 Yd Field Goal |
| HOU | 2 | TD | Christian Kirk 2 Yd pass from Davis Mills (Ka'imi Fairbairn Kick) |
| HOU | 2 | FG | Ka'imi Fairbairn 43 Yd Field Goal  |
| BUF | 2 | TD | Ray Davis 97 Yd Kickoff Return (Matt Prater Kick) |
| HOU | 2 | TD | Jayden Higgins 8 Yd pass from Davis Mills (Ka'imi Fairbairn Kick) |
| HOU | 3 | FG | Ka'imi Fairbairn 26 Yd Field Goal |
| BUF | 4 | FG | Matt Prater 38 Yd Field Goal |




**Passing Leaders**

|Team|Player|C/ATT|YDS|TD|INT|SACKS|
|:--|:--|--:|--:|--:|--:|--:|
| BUF | Josh Allen | 24/34 | 253 | 0 | 2 | 8-70 |
| HOU | Davis Mills | 16/30 | 153 | 2 | 0 | 0-0 |

**Rushing Leaders**

|Team|Player|CAR|YDS|AVG|TD|LONG|
|:--|:--|--:|--:|--:|--:|--:|
| BUF | James Cook III | 17 | 116 | 6.8 | 1 | 45 |
| HOU | Woody Marks | 16 | 74 | 4.6 | 0 | 19 |

**Receiving Leaders**

|Team|Player|REC|YDS|AVG|TD|LONG|TGTS|
|:--|:--|--:|--:|--:|--:|--:|--:|
| BUF | Khalil Shakir | 8 | 110 | 13.8 | 0 | 44 | 10 |
| HOU | Nico Collins | 3 | 55 | 18.3 | 0 | 24 | 3 |


***

Use [reddit-stream.com](https://reddit-stream.com/comments/auto) to get an autorefreshing version of this page

^This ^was ^created ^by ^a ^bot. ^For ^issues ^or ^suggestions ^please ^message ^nfl_gdt_bot.

^Last ^updated: ^2025-11-20_23:58:07.908720-05:00 Josh Allen: *breathes* Our defense:

https://preview.redd.it/95tnamvifj2g1.jpeg?width=1284&format=pjpg&auto=webp&s=02a84a65917c359ded8037a3568eb7be83d4a794",12402274.0,positive,0.0,0.979,0.021,0.5766
1p2p9s8,1763699292.0,18450,0.99,629,🏈 Game Thread,"Post Game Thread: Buffalo Bills at Houston Texans #Buffalo Bills at Houston Texans

[ESPN Gamecast](https://www.espn.com/nfl/game/_/gameId/401772946/bills-texans)

NRG Stadium- Houston, TX

Network(s): Prime Video [(All prime games are also streamed on twitch for free)](https://www.twitch.tv/primevideo) 

***

|Time Clock|
|:--:|
|Final|

**Scoreboard**

||Q1|Q2|Q3|Q4|Total|
|:--:|:--:|:--:|:--:|:--:|:--:|
|BUF|6|10|0|3|19|
|HOU|3|17|3|0|23|


**Scoring Plays**

| Team | Quarter | Type | Description |
|:--|:--|:--|:--|
| BUF | 1 | TD | James Cook III 45 Yd Rush (Matt Prater PAT Failed) |
| HOU | 1 | FG | Ka'imi Fairbairn 24 Yd Field Goal |
| BUF | 2 | FG | Matt Prater 44 Yd Field Goal |
| HOU | 2 | TD | Christian Kirk 2 Yd pass from Davis Mills (Ka'imi Fairbairn Kick) |
| HOU | 2 | FG | Ka'imi Fairbairn 43 Yd Field Goal  |
| BUF | 2 | TD | Ray Davis 97 Yd Kickoff Return (Matt Prater Kick) |
| HOU | 2 | TD | Jayden Higgins 8 Yd pass from Davis Mills (Ka'imi Fairbairn Kick) |
| HOU | 3 | FG | Ka'imi Fairbairn 26 Yd Field Goal |
| BUF | 4 | FG | Matt Prater 38 Yd Field Goal |




**Passing Leaders**

|Team|Player|C/ATT|YDS|TD|INT|SACKS|
|:--|:--|--:|--:|--:|--:|--:|
| BUF | Josh Allen | 24/34 | 253 | 0 | 2 | 8-70 |
| HOU | Davis Mills | 16/30 | 153 | 2 | 0 | 0-0 |

**Rushing Leaders**

|Team|Player|CAR|YDS|AVG|TD|LONG|
|:--|:--|--:|--:|--:|--:|--:|
| BUF | James Cook III | 17 | 116 | 6.8 | 1 | 45 |
| HOU | Woody Marks | 16 | 74 | 4.6 | 0 | 19 |

**Receiving Leaders**

|Team|Player|REC|YDS|AVG|TD|LONG|TGTS|
|:--|:--|--:|--:|--:|--:|--:|--:|
| BUF | Khalil Shakir | 8 | 110 | 13.8 | 0 | 44 | 10 |
| HOU | Nico Collins | 3 | 55 | 18.3 | 0 | 24 | 3 |


***

Use [reddit-stream.com](https://reddit-stream.com/comments/auto) to get an autorefreshing version of this page

^This ^was ^created ^by ^a ^bot. ^For ^issues ^or ^suggestions ^please ^message ^nfl_gdt_bot.

^Last ^updated: ^2025-11-20_23:58:07.908720-05:00 ALL TIME WIN TONIGHT FOLKS!!! SWARM!!!!",11507265.0,positive,0.0,0.961,0.039,0.873
1p2p9s8,1763699331.0,17425,0.99,629,🏈 Game Thread,"Post Game Thread: Buffalo Bills at Houston Texans #Buffalo Bills at Houston Texans

[ESPN Gamecast](https://www.espn.com/nfl/game/_/gameId/401772946/bills-texans)

NRG Stadium- Houston, TX

Network(s): Prime Video [(All prime games are also streamed on twitch for free)](https://www.twitch.tv/primevideo) 

***

|Time Clock|
|:--:|
|Final|

**Scoreboard**

||Q1|Q2|Q3|Q4|Total|
|:--:|:--:|:--:|:--:|:--:|:--:|
|BUF|6|10|0|3|19|
|HOU|3|17|3|0|23|


**Scoring Plays**

| Team | Quarter | Type | Description |
|:--|:--|:--|:--|
| BUF | 1 | TD | James Cook III 45 Yd Rush (Matt Prater PAT Failed) |
| HOU | 1 | FG | Ka'imi Fairbairn 24 Yd Field Goal |
| BUF | 2 | FG | Matt Prater 44 Yd Field Goal |
| HOU | 2 | TD | Christian Kirk 2 Yd pass from Davis Mills (Ka'imi Fairbairn Kick) |
| HOU | 2 | FG | Ka'imi Fairbairn 43 Yd Field Goal  |
| BUF | 2 | TD | Ray Davis 97 Yd Kickoff Return (Matt Prater Kick) |
| HOU | 2 | TD | Jayden Higgins 8 Yd pass from Davis Mills (Ka'imi Fairbairn Kick) |
| HOU | 3 | FG | Ka'imi Fairbairn 26 Yd Field Goal |
| BUF | 4 | FG | Matt Prater 38 Yd Field Goal |




**Passing Leaders**

|Team|Player|C/ATT|YDS|TD|INT|SACKS|
|:--|:--|--:|--:|--:|--:|--:|
| BUF | Josh Allen | 24/34 | 253 | 0 | 2 | 8-70 |
| HOU | Davis Mills | 16/30 | 153 | 2 | 0 | 0-0 |

**Rushing Leaders**

|Team|Player|CAR|YDS|AVG|TD|LONG|
|:--|:--|--:|--:|--:|--:|--:|
| BUF | James Cook III | 17 | 116 | 6.8 | 1 | 45 |
| HOU | Woody Marks | 16 | 74 | 4.6 | 0 | 19 |

**Receiving Leaders**

|Team|Player|REC|YDS|AVG|TD|LONG|TGTS|
|:--|:--|--:|--:|--:|--:|--:|--:|
| BUF | Khalil Shakir | 8 | 110 | 13.8 | 0 | 44 | 10 |
| HOU | Nico Collins | 3 | 55 | 18.3 | 0 | 24 | 3 |


***

Use [reddit-stream.com](https://reddit-stream.com/comments/auto) to get an autorefreshing version of this page

^This ^was ^created ^by ^a ^bot. ^For ^issues ^or ^suggestions ^please ^message ^nfl_gdt_bot.

^Last ^updated: ^2025-11-20_23:58:07.908720-05:00 DAVIS MILLS 3-0",10867972.0,positive,0.0,0.985,0.015,0.4995
1p2p9s8,1763699298.0,14350,0.99,629,🏈 Game Thread,"Post Game Thread: Buffalo Bills at Houston Texans #Buffalo Bills at Houston Texans

[ESPN Gamecast](https://www.espn.com/nfl/game/_/gameId/401772946/bills-texans)

NRG Stadium- Houston, TX

Network(s): Prime Video [(All prime games are also streamed on twitch for free)](https://www.twitch.tv/primevideo) 

***

|Time Clock|
|:--:|
|Final|

**Scoreboard**

||Q1|Q2|Q3|Q4|Total|
|:--:|:--:|:--:|:--:|:--:|:--:|
|BUF|6|10|0|3|19|
|HOU|3|17|3|0|23|


**Scoring Plays**

| Team | Quarter | Type | Description |
|:--|:--|:--|:--|
| BUF | 1 | TD | James Cook III 45 Yd Rush (Matt Prater PAT Failed) |
| HOU | 1 | FG | Ka'imi Fairbairn 24 Yd Field Goal |
| BUF | 2 | FG | Matt Prater 44 Yd Field Goal |
| HOU | 2 | TD | Christian Kirk 2 Yd pass from Davis Mills (Ka'imi Fairbairn Kick) |
| HOU | 2 | FG | Ka'imi Fairbairn 43 Yd Field Goal  |
| BUF | 2 | TD | Ray Davis 97 Yd Kickoff Return (Matt Prater Kick) |
| HOU | 2 | TD | Jayden Higgins 8 Yd pass from Davis Mills (Ka'imi Fairbairn Kick) |
| HOU | 3 | FG | Ka'imi Fairbairn 26 Yd Field Goal |
| BUF | 4 | FG | Matt Prater 38 Yd Field Goal |




**Passing Leaders**

|Team|Player|C/ATT|YDS|TD|INT|SACKS|
|:--|:--|--:|--:|--:|--:|--:|
| BUF | Josh Allen | 24/34 | 253 | 0 | 2 | 8-70 |
| HOU | Davis Mills | 16/30 | 153 | 2 | 0 | 0-0 |

**Rushing Leaders**

|Team|Player|CAR|YDS|AVG|TD|LONG|
|:--|:--|--:|--:|--:|--:|--:|
| BUF | James Cook III | 17 | 116 | 6.8 | 1 | 45 |
| HOU | Woody Marks | 16 | 74 | 4.6 | 0 | 19 |

**Receiving Leaders**

|Team|Player|REC|YDS|AVG|TD|LONG|TGTS|
|:--|:--|--:|--:|--:|--:|--:|--:|
| BUF | Khalil Shakir | 8 | 110 | 13.8 | 0 | 44 | 10 |
| HOU | Nico Collins | 3 | 55 | 18.3 | 0 | 24 | 3 |


***

Use [reddit-stream.com](https://reddit-stream.com/comments/auto) to get an autorefreshing version of this page

^This ^was ^created ^by ^a ^bot. ^For ^issues ^or ^suggestions ^please ^message ^nfl_gdt_bot.

^Last ^updated: ^2025-11-20_23:58:07.908720-05:00 WILLIAM ANDERSON JUNIOR",8950095.0,negative,0.0,0.985,0.015,0.4995
1p2p9s8,1763699340.0,13735,0.99,629,🏈 Game Thread,"Post Game Thread: Buffalo Bills at Houston Texans #Buffalo Bills at Houston Texans

[ESPN Gamecast](https://www.espn.com/nfl/game/_/gameId/401772946/bills-texans)

NRG Stadium- Houston, TX

Network(s): Prime Video [(All prime games are also streamed on twitch for free)](https://www.twitch.tv/primevideo) 

***

|Time Clock|
|:--:|
|Final|

**Scoreboard**

||Q1|Q2|Q3|Q4|Total|
|:--:|:--:|:--:|:--:|:--:|:--:|
|BUF|6|10|0|3|19|
|HOU|3|17|3|0|23|


**Scoring Plays**

| Team | Quarter | Type | Description |
|:--|:--|:--|:--|
| BUF | 1 | TD | James Cook III 45 Yd Rush (Matt Prater PAT Failed) |
| HOU | 1 | FG | Ka'imi Fairbairn 24 Yd Field Goal |
| BUF | 2 | FG | Matt Prater 44 Yd Field Goal |
| HOU | 2 | TD | Christian Kirk 2 Yd pass from Davis Mills (Ka'imi Fairbairn Kick) |
| HOU | 2 | FG | Ka'imi Fairbairn 43 Yd Field Goal  |
| BUF | 2 | TD | Ray Davis 97 Yd Kickoff Return (Matt Prater Kick) |
| HOU | 2 | TD | Jayden Higgins 8 Yd pass from Davis Mills (Ka'imi Fairbairn Kick) |
| HOU | 3 | FG | Ka'imi Fairbairn 26 Yd Field Goal |
| BUF | 4 | FG | Matt Prater 38 Yd Field Goal |




**Passing Leaders**

|Team|Player|C/ATT|YDS|TD|INT|SACKS|
|:--|:--|--:|--:|--:|--:|--:|
| BUF | Josh Allen | 24/34 | 253 | 0 | 2 | 8-70 |
| HOU | Davis Mills | 16/30 | 153 | 2 | 0 | 0-0 |

**Rushing Leaders**

|Team|Player|CAR|YDS|AVG|TD|LONG|
|:--|:--|--:|--:|--:|--:|--:|
| BUF | James Cook III | 17 | 116 | 6.8 | 1 | 45 |
| HOU | Woody Marks | 16 | 74 | 4.6 | 0 | 19 |

**Receiving Leaders**

|Team|Player|REC|YDS|AVG|TD|LONG|TGTS|
|:--|:--|--:|--:|--:|--:|--:|--:|
| BUF | Khalil Shakir | 8 | 110 | 13.8 | 0 | 44 | 10 |
| HOU | Nico Collins | 3 | 55 | 18.3 | 0 | 24 | 3 |


***

Use [reddit-stream.com](https://reddit-stream.com/comments/auto) to get an autorefreshing version of this page

^This ^was ^created ^by ^a ^bot. ^For ^issues ^or ^suggestions ^please ^message ^nfl_gdt_bot.

^Last ^updated: ^2025-11-20_23:58:07.908720-05:00 https://preview.redd.it/auhksa7nfj2g1.jpeg?width=1242&format=pjpg&auto=webp&s=3b2ea5ecd2bc57292c6d940c0e6131df1fc18a4d",8566520.0,positive,0.0,0.985,0.015,0.4995
1p2p9s8,1763699317.0,12300,0.99,629,🏈 Game Thread,"Post Game Thread: Buffalo Bills at Houston Texans #Buffalo Bills at Houston Texans

[ESPN Gamecast](https://www.espn.com/nfl/game/_/gameId/401772946/bills-texans)

NRG Stadium- Houston, TX

Network(s): Prime Video [(All prime games are also streamed on twitch for free)](https://www.twitch.tv/primevideo) 

***

|Time Clock|
|:--:|
|Final|

**Scoreboard**

||Q1|Q2|Q3|Q4|Total|
|:--:|:--:|:--:|:--:|:--:|:--:|
|BUF|6|10|0|3|19|
|HOU|3|17|3|0|23|


**Scoring Plays**

| Team | Quarter | Type | Description |
|:--|:--|:--|:--|
| BUF | 1 | TD | James Cook III 45 Yd Rush (Matt Prater PAT Failed) |
| HOU | 1 | FG | Ka'imi Fairbairn 24 Yd Field Goal |
| BUF | 2 | FG | Matt Prater 44 Yd Field Goal |
| HOU | 2 | TD | Christian Kirk 2 Yd pass from Davis Mills (Ka'imi Fairbairn Kick) |
| HOU | 2 | FG | Ka'imi Fairbairn 43 Yd Field Goal  |
| BUF | 2 | TD | Ray Davis 97 Yd Kickoff Return (Matt Prater Kick) |
| HOU | 2 | TD | Jayden Higgins 8 Yd pass from Davis Mills (Ka'imi Fairbairn Kick) |
| HOU | 3 | FG | Ka'imi Fairbairn 26 Yd Field Goal |
| BUF | 4 | FG | Matt Prater 38 Yd Field Goal |




**Passing Leaders**

|Team|Player|C/ATT|YDS|TD|INT|SACKS|
|:--|:--|--:|--:|--:|--:|--:|
| BUF | Josh Allen | 24/34 | 253 | 0 | 2 | 8-70 |
| HOU | Davis Mills | 16/30 | 153 | 2 | 0 | 0-0 |

**Rushing Leaders**

|Team|Player|CAR|YDS|AVG|TD|LONG|
|:--|:--|--:|--:|--:|--:|--:|
| BUF | James Cook III | 17 | 116 | 6.8 | 1 | 45 |
| HOU | Woody Marks | 16 | 74 | 4.6 | 0 | 19 |

**Receiving Leaders**

|Team|Player|REC|YDS|AVG|TD|LONG|TGTS|
|:--|:--|--:|--:|--:|--:|--:|--:|
| BUF | Khalil Shakir | 8 | 110 | 13.8 | 0 | 44 | 10 |
| HOU | Nico Collins | 3 | 55 | 18.3 | 0 | 24 | 3 |


***

Use [reddit-stream.com](https://reddit-stream.com/comments/auto) to get an autorefreshing version of this page

^This ^was ^created ^by ^a ^bot. ^For ^issues ^or ^suggestions ^please ^message ^nfl_gdt_bot.

^Last ^updated: ^2025-11-20_23:58:07.908720-05:00 THAT'S TEXANS FOOTBALL BABY

Mostly the part where we had a game in the bag and almost threw it away",7671510.0,neutral,0.0,0.986,0.014,0.4995
1p2p9s8,1763699288.0,9430,0.99,629,🏈 Game Thread,"Post Game Thread: Buffalo Bills at Houston Texans #Buffalo Bills at Houston Texans

[ESPN Gamecast](https://www.espn.com/nfl/game/_/gameId/401772946/bills-texans)

NRG Stadium- Houston, TX

Network(s): Prime Video [(All prime games are also streamed on twitch for free)](https://www.twitch.tv/primevideo) 

***

|Time Clock|
|:--:|
|Final|

**Scoreboard**

||Q1|Q2|Q3|Q4|Total|
|:--:|:--:|:--:|:--:|:--:|:--:|
|BUF|6|10|0|3|19|
|HOU|3|17|3|0|23|


**Scoring Plays**

| Team | Quarter | Type | Description |
|:--|:--|:--|:--|
| BUF | 1 | TD | James Cook III 45 Yd Rush (Matt Prater PAT Failed) |
| HOU | 1 | FG | Ka'imi Fairbairn 24 Yd Field Goal |
| BUF | 2 | FG | Matt Prater 44 Yd Field Goal |
| HOU | 2 | TD | Christian Kirk 2 Yd pass from Davis Mills (Ka'imi Fairbairn Kick) |
| HOU | 2 | FG | Ka'imi Fairbairn 43 Yd Field Goal  |
| BUF | 2 | TD | Ray Davis 97 Yd Kickoff Return (Matt Prater Kick) |
| HOU | 2 | TD | Jayden Higgins 8 Yd pass from Davis Mills (Ka'imi Fairbairn Kick) |
| HOU | 3 | FG | Ka'imi Fairbairn 26 Yd Field Goal |
| BUF | 4 | FG | Matt Prater 38 Yd Field Goal |




**Passing Leaders**

|Team|Player|C/ATT|YDS|TD|INT|SACKS|
|:--|:--|--:|--:|--:|--:|--:|
| BUF | Josh Allen | 24/34 | 253 | 0 | 2 | 8-70 |
| HOU | Davis Mills | 16/30 | 153 | 2 | 0 | 0-0 |

**Rushing Leaders**

|Team|Player|CAR|YDS|AVG|TD|LONG|
|:--|:--|--:|--:|--:|--:|--:|
| BUF | James Cook III | 17 | 116 | 6.8 | 1 | 45 |
| HOU | Woody Marks | 16 | 74 | 4.6 | 0 | 19 |

**Receiving Leaders**

|Team|Player|REC|YDS|AVG|TD|LONG|TGTS|
|:--|:--|--:|--:|--:|--:|--:|--:|
| BUF | Khalil Shakir | 8 | 110 | 13.8 | 0 | 44 | 10 |
| HOU | Nico Collins | 3 | 55 | 18.3 | 0 | 24 | 3 |


***

Use [reddit-stream.com](https://reddit-stream.com/comments/auto) to get an autorefreshing version of this page

^This ^was ^created ^by ^a ^bot. ^For ^issues ^or ^suggestions ^please ^message ^nfl_gdt_bot.

^Last ^updated: ^2025-11-20_23:58:07.908720-05:00 MILLS ON WHEELS",5881491.0,positive,0.0,0.985,0.015,0.4995
1p2p9s8,1763699323.0,7790,0.99,629,🏈 Game Thread,"Post Game Thread: Buffalo Bills at Houston Texans #Buffalo Bills at Houston Texans

[ESPN Gamecast](https://www.espn.com/nfl/game/_/gameId/401772946/bills-texans)

NRG Stadium- Houston, TX

Network(s): Prime Video [(All prime games are also streamed on twitch for free)](https://www.twitch.tv/primevideo) 

***

|Time Clock|
|:--:|
|Final|

**Scoreboard**

||Q1|Q2|Q3|Q4|Total|
|:--:|:--:|:--:|:--:|:--:|:--:|
|BUF|6|10|0|3|19|
|HOU|3|17|3|0|23|


**Scoring Plays**

| Team | Quarter | Type | Description |
|:--|:--|:--|:--|
| BUF | 1 | TD | James Cook III 45 Yd Rush (Matt Prater PAT Failed) |
| HOU | 1 | FG | Ka'imi Fairbairn 24 Yd Field Goal |
| BUF | 2 | FG | Matt Prater 44 Yd Field Goal |
| HOU | 2 | TD | Christian Kirk 2 Yd pass from Davis Mills (Ka'imi Fairbairn Kick) |
| HOU | 2 | FG | Ka'imi Fairbairn 43 Yd Field Goal  |
| BUF | 2 | TD | Ray Davis 97 Yd Kickoff Return (Matt Prater Kick) |
| HOU | 2 | TD | Jayden Higgins 8 Yd pass from Davis Mills (Ka'imi Fairbairn Kick) |
| HOU | 3 | FG | Ka'imi Fairbairn 26 Yd Field Goal |
| BUF | 4 | FG | Matt Prater 38 Yd Field Goal |




**Passing Leaders**

|Team|Player|C/ATT|YDS|TD|INT|SACKS|
|:--|:--|--:|--:|--:|--:|--:|
| BUF | Josh Allen | 24/34 | 253 | 0 | 2 | 8-70 |
| HOU | Davis Mills | 16/30 | 153 | 2 | 0 | 0-0 |

**Rushing Leaders**

|Team|Player|CAR|YDS|AVG|TD|LONG|
|:--|:--|--:|--:|--:|--:|--:|
| BUF | James Cook III | 17 | 116 | 6.8 | 1 | 45 |
| HOU | Woody Marks | 16 | 74 | 4.6 | 0 | 19 |

**Receiving Leaders**

|Team|Player|REC|YDS|AVG|TD|LONG|TGTS|
|:--|:--|--:|--:|--:|--:|--:|--:|
| BUF | Khalil Shakir | 8 | 110 | 13.8 | 0 | 44 | 10 |
| HOU | Nico Collins | 3 | 55 | 18.3 | 0 | 24 | 3 |


***

Use [reddit-stream.com](https://reddit-stream.com/comments/auto) to get an autorefreshing version of this page

^This ^was ^created ^by ^a ^bot. ^For ^issues ^or ^suggestions ^please ^message ^nfl_gdt_bot.

^Last ^updated: ^2025-11-20_23:58:07.908720-05:00 Bullock is such a ball hawk, he is our unsung hero",4858623.0,positive,0.0,0.97,0.03,0.7804
1p2p9s8,1763699293.0,8610,0.99,629,🏈 Game Thread,"Post Game Thread: Buffalo Bills at Houston Texans #Buffalo Bills at Houston Texans

[ESPN Gamecast](https://www.espn.com/nfl/game/_/gameId/401772946/bills-texans)

NRG Stadium- Houston, TX

Network(s): Prime Video [(All prime games are also streamed on twitch for free)](https://www.twitch.tv/primevideo) 

***

|Time Clock|
|:--:|
|Final|

**Scoreboard**

||Q1|Q2|Q3|Q4|Total|
|:--:|:--:|:--:|:--:|:--:|:--:|
|BUF|6|10|0|3|19|
|HOU|3|17|3|0|23|


**Scoring Plays**

| Team | Quarter | Type | Description |
|:--|:--|:--|:--|
| BUF | 1 | TD | James Cook III 45 Yd Rush (Matt Prater PAT Failed) |
| HOU | 1 | FG | Ka'imi Fairbairn 24 Yd Field Goal |
| BUF | 2 | FG | Matt Prater 44 Yd Field Goal |
| HOU | 2 | TD | Christian Kirk 2 Yd pass from Davis Mills (Ka'imi Fairbairn Kick) |
| HOU | 2 | FG | Ka'imi Fairbairn 43 Yd Field Goal  |
| BUF | 2 | TD | Ray Davis 97 Yd Kickoff Return (Matt Prater Kick) |
| HOU | 2 | TD | Jayden Higgins 8 Yd pass from Davis Mills (Ka'imi Fairbairn Kick) |
| HOU | 3 | FG | Ka'imi Fairbairn 26 Yd Field Goal |
| BUF | 4 | FG | Matt Prater 38 Yd Field Goal |




**Passing Leaders**

|Team|Player|C/ATT|YDS|TD|INT|SACKS|
|:--|:--|--:|--:|--:|--:|--:|
| BUF | Josh Allen | 24/34 | 253 | 0 | 2 | 8-70 |
| HOU | Davis Mills | 16/30 | 153 | 2 | 0 | 0-0 |

**Rushing Leaders**

|Team|Player|CAR|YDS|AVG|TD|LONG|
|:--|:--|--:|--:|--:|--:|--:|
| BUF | James Cook III | 17 | 116 | 6.8 | 1 | 45 |
| HOU | Woody Marks | 16 | 74 | 4.6 | 0 | 19 |

**Receiving Leaders**

|Team|Player|REC|YDS|AVG|TD|LONG|TGTS|
|:--|:--|--:|--:|--:|--:|--:|--:|
| BUF | Khalil Shakir | 8 | 110 | 13.8 | 0 | 44 | 10 |
| HOU | Nico Collins | 3 | 55 | 18.3 | 0 | 24 | 3 |


***

Use [reddit-stream.com](https://reddit-stream.com/comments/auto) to get an autorefreshing version of this page

^This ^was ^created ^by ^a ^bot. ^For ^issues ^or ^suggestions ^please ^message ^nfl_gdt_bot.

^Last ^updated: ^2025-11-20_23:58:07.908720-05:00 Let's fucking go",5370057.0,positive,0.0,0.985,0.015,0.4995
1p2om8x,1763697456.0,2156,0.99,5,📹 Highlight,BILLS STUFFED ON 4TH  And the Texans go super conservative gaining w yard in the next 4 plays....,12807.0,positive,0.0,0.676,0.324,0.7717
1p2om8x,1763697467.0,1232,0.99,5,📹 Highlight,BILLS STUFFED ON 4TH  Never seen a faster three and out after this man,7318.0,positive,0.0,1.0,0.0,0.0
1p2om8x,1763697536.0,462,0.99,5,📹 Highlight,"BILLS STUFFED ON 4TH  We ridin' this defense all the way to the show, boys, let's goooooo!!!

![gif](giphy|pkY4ra5dhljDW)",2744.0,neutral,0.0,0.859,0.141,0.4201
1p2om8x,1763698253.0,154,0.99,5,📹 Highlight,BILLS STUFFED ON 4TH  Was great for 5 seconds,915.0,positive,0.0,0.631,0.369,0.6249
1p2om8x,1763730355.0,154,0.99,5,📹 Highlight,BILLS STUFFED ON 4TH  Such a bad play call. Thanks Bills. Phew 😅,915.0,positive,0.208,0.476,0.315,0.2023
1p2o6w7,1763696471.0,2814,0.99,7,📹 Highlight,Bullock forced a fumble and the rookie Jaylen Reed recovers the ball deep in Bills territory!  Aaaannnnd….another field goal.,22287.0,positive,0.162,0.838,0.0,-0.5093
1p2o6w7,1763696554.0,1876,0.99,7,📹 Highlight,Bullock forced a fumble and the rookie Jaylen Reed recovers the ball deep in Bills territory!  Only to get 3 smh lol,14858.0,positive,0.22,0.67,0.11,-0.4199
1p2o6w7,1763696727.0,402,0.99,7,📹 Highlight,Bullock forced a fumble and the rookie Jaylen Reed recovers the ball deep in Bills territory!  Swarm,3184.0,neutral,0.18,0.82,0.0,-0.5093
1p2o6w7,1763697920.0,134,0.99,7,📹 Highlight,Bullock forced a fumble and the rookie Jaylen Reed recovers the ball deep in Bills territory!  Bills deep,1061.0,positive,0.171,0.829,0.0,-0.5093
1p2nwf7,1763697247.0,404,0.98,4,📹 Highlight,Hunter sacks Allen!!! Defense is FEASTING tonight  This defense is unreal,1980.0,positive,0.0,0.699,0.301,0.4359
1p2nwf7,1763697680.0,202,0.98,4,📹 Highlight,Hunter sacks Allen!!! Defense is FEASTING tonight  ![gif](giphy|3o84soHvvuyBEwRj0s),990.0,positive,0.0,0.724,0.276,0.3956
1p2nwf7,1763700438.0,202,0.98,4,📹 Highlight,"Hunter sacks Allen!!! Defense is FEASTING tonight  Danielle Hunter in 2025 so far

- 
- 9 Sacks

- 13 TFLs

- 2 FFs

-

Dude is a monster and overshadowed still by WAj. Great problem to have!!",990.0,positive,0.2,0.653,0.146,-0.471
1p2nkfn,1763694652.0,21744,1.0,28,📹 Highlight,"WAJ, DPOY?  He’s a candidate for sure but Garrett has it on lock if he breaks the sack record this year",630576.0,negative,0.0,0.92,0.08,0.1655
1p2nkfn,1763694464.0,6342,1.0,28,📹 Highlight,"WAJ, DPOY?  Bro is playing like a DPOY fr",183918.0,positive,0.0,0.583,0.417,0.5106
1p2nkfn,1763694741.0,3322,1.0,28,📹 Highlight,"WAJ, DPOY?  The only defensive player who is playing better is Garrett, he is playing out of mind this season.",96338.0,neutral,0.0,0.678,0.322,0.6808
1p2nkfn,1763694788.0,3020,1.0,28,📹 Highlight,"WAJ, DPOY?  He’s unreal man. I think Myles Garrett might get it again. Hes on pace to break the sack record. But WAJ gets my vote",87580.0,negative,0.0,1.0,0.0,0.0
1p2nkfn,1763699837.0,2416,1.0,28,📹 Highlight,"WAJ, DPOY?  That was some JJ Watt stuff right there",70064.0,positive,0.0,0.767,0.233,0.4084
1p2nkfn,1763694706.0,3926,1.0,28,📹 Highlight,"WAJ, DPOY?  If Garrett didn’t exist",113854.0,positive,0.0,1.0,0.0,0.0
1p2nkfn,1763698498.0,604,1.0,28,📹 Highlight,"WAJ, DPOY?  Definitely dpoy level",17516.0,positive,0.0,0.597,0.403,0.4019
1p2nkfn,1763700013.0,604,1.0,28,📹 Highlight,"WAJ, DPOY?  Effort is exceptional",17516.0,positive,0.0,1.0,0.0,0.0
1p2nkfn,1763714518.0,604,1.0,28,📹 Highlight,"WAJ, DPOY?  Right now (with a game more than most teams) we have two in the top 4 sack leaders and with Bullock a #2 in interceptions. The is defense is special.",17516.0,neutral,0.0,0.812,0.188,0.6124
1p2nkfn,1763695187.0,302,1.0,28,📹 Highlight,"WAJ, DPOY?  SHOWIN OUT on TNF, LETS GOOOO!!",8758.0,neutral,0.0,1.0,0.0,0.0
1p2nkfn,1763733654.0,302,1.0,28,📹 Highlight,"WAJ, DPOY?  This play needs the Benny Hill music on top. Josh Allen scrambled for so long",8758.0,positive,0.0,0.781,0.219,0.4939
1p2nkfn,1763826165.0,302,1.0,28,📹 Highlight,"WAJ, DPOY?  Go watch the 4th down stop. He absolutely mauls the pulling TE… it’s fucking fierce. Didn’t make the play but stonewalled a sprinting TE that is larger than him. Same play Lassiter blew up a full back. It was insane has physical that play was.",8758.0,neutral,0.097,0.754,0.149,0.4118
1p2nkfn,1763919460.0,302,1.0,28,📹 Highlight,"WAJ, DPOY?  As a fan base we need to find a good nickname for him cause WAJ just ain't cutting it.",8758.0,positive,0.0,0.709,0.291,0.6778
1p2n3z4,1763693236.0,12083,1.0,25,📹 Highlight,"HIGGINS WITH THE SCORE, TEXANS RETAKE THE LEAD 20-16 RIGHT BEFORE THE HALF  NECK MILLS!",314158.0,neutral,0.0,1.0,0.0,0.0
1p2n3z4,1763693274.0,6744,1.0,25,📹 Highlight,"HIGGINS WITH THE SCORE, TEXANS RETAKE THE LEAD 20-16 RIGHT BEFORE THE HALF  Money Mills indeed",175344.0,positive,0.0,1.0,0.0,0.0
1p2n3z4,1763693298.0,5901,1.0,25,📹 Highlight,"HIGGINS WITH THE SCORE, TEXANS RETAKE THE LEAD 20-16 RIGHT BEFORE THE HALF  my blood pressure matches our battle reds lets go boyz",153426.0,positive,0.186,0.814,0.0,-0.5859
1p2n3z4,1763693234.0,3653,1.0,25,📹 Highlight,"HIGGINS WITH THE SCORE, TEXANS RETAKE THE LEAD 20-16 RIGHT BEFORE THE HALF  Let's fucking go!!!",94978.0,negative,0.0,1.0,0.0,0.0
1p2n3z4,1763693282.0,3934,1.0,25,📹 Highlight,"HIGGINS WITH THE SCORE, TEXANS RETAKE THE LEAD 20-16 RIGHT BEFORE THE HALF  ![gif](giphy|H6VPKP45Nh8cYSv1Qe|downsized)",102284.0,positive,0.0,1.0,0.0,0.0
1p2n3z4,1763693539.0,3091,1.0,25,📹 Highlight,"HIGGINS WITH THE SCORE, TEXANS RETAKE THE LEAD 20-16 RIGHT BEFORE THE HALF  Higgins can make some great plays but he has no sideline awareness.",80366.0,positive,0.097,0.763,0.14,0.0644
1p2n3z4,1763693638.0,1124,1.0,25,📹 Highlight,"HIGGINS WITH THE SCORE, TEXANS RETAKE THE LEAD 20-16 RIGHT BEFORE THE HALF  https://preview.redd.it/teug1cvoyi2g1.jpeg?width=2556&format=pjpg&auto=webp&s=e07f717fd084cc10ed732b55c4ef356266235af0",29224.0,positive,0.0,1.0,0.0,0.0
1p2n3z4,1763693713.0,1124,1.0,25,📹 Highlight,"HIGGINS WITH THE SCORE, TEXANS RETAKE THE LEAD 20-16 RIGHT BEFORE THE HALF  Getting so lightheaded jumping and yelling!! Sooo excited LETS GO TEXANS!!!!

Im a huge texans fans, I need a group of ladies that match my energy, where yal at!! 🥲😜 #texanGirl",29224.0,negative,0.0,0.827,0.173,0.7887
1p2n3z4,1763694039.0,1124,1.0,25,📹 Highlight,"HIGGINS WITH THE SCORE, TEXANS RETAKE THE LEAD 20-16 RIGHT BEFORE THE HALF  Is mills better than Allen? People are asking",29224.0,neutral,0.0,0.873,0.127,0.4404
1p2n3z4,1763693947.0,562,1.0,25,📹 Highlight,"HIGGINS WITH THE SCORE, TEXANS RETAKE THE LEAD 20-16 RIGHT BEFORE THE HALF  I love that theyre looking for him tonight",14612.0,negative,0.0,0.819,0.181,0.6369
1p2n3z4,1763693381.0,562,1.0,25,📹 Highlight,"HIGGINS WITH THE SCORE, TEXANS RETAKE THE LEAD 20-16 RIGHT BEFORE THE HALF  We get the ball back.

That pick was a pick 6.",14612.0,neutral,0.0,1.0,0.0,0.0
1p2n3z4,1763693416.0,281,1.0,25,📹 Highlight,"HIGGINS WITH THE SCORE, TEXANS RETAKE THE LEAD 20-16 RIGHT BEFORE THE HALF  🤘🤘🤘🤘",7306.0,negative,0.0,1.0,0.0,0.0
1p2n3z4,1763693852.0,281,1.0,25,📹 Highlight,"HIGGINS WITH THE SCORE, TEXANS RETAKE THE LEAD 20-16 RIGHT BEFORE THE HALF  Woooooooooooooo",7306.0,neutral,0.0,1.0,0.0,0.0
1p2n3z4,1763693998.0,281,1.0,25,📹 Highlight,"HIGGINS WITH THE SCORE, TEXANS RETAKE THE LEAD 20-16 RIGHT BEFORE THE HALF   Buffalo still hasn’t figured out how to play defense at the end of the half/game it seems",7306.0,neutral,0.0,0.878,0.122,0.4404
1p2n3z4,1763696755.0,281,1.0,25,📹 Highlight,"HIGGINS WITH THE SCORE, TEXANS RETAKE THE LEAD 20-16 RIGHT BEFORE THE HALF  Y’all’s defense is legit!!",7306.0,positive,0.0,0.885,0.115,0.2695
1p2n3z4,1763697513.0,281,1.0,25,📹 Highlight,"HIGGINS WITH THE SCORE, TEXANS RETAKE THE LEAD 20-16 RIGHT BEFORE THE HALF  So Caley doesn't know how to toss in a bootleg to keep the defense guessing... Wow.",7306.0,neutral,0.0,0.831,0.169,0.6486
1p2n3z4,1763700089.0,281,1.0,25,📹 Highlight,"HIGGINS WITH THE SCORE, TEXANS RETAKE THE LEAD 20-16 RIGHT BEFORE THE HALF  I got banned from the Bills for saying Allen is a choke artist and some other outlandish shit a couple weeks ago. I just became the biggest Texans fan ever tonight. Got dicey at the end but Good ol fashioned Texas football prevailed. Good win guys, you guys deserved this one and hope this is a continuing trend for your team. D looks beastly, just need Mills to find a good rhythm and you guys got a chance to take it, Flacco/Ravens style. ",7306.0,positive,0.06,0.714,0.226,0.9648
1p2mq8u,1763692160.0,21200,0.99,22,📹 Highlight,AL-SHAAIR THE TIP. CALEN BULLOCK WITH THE PICK.  Barnett with the bonehead of all bonehead plays. He really made that block like he doesnt understand how inept his offense is,482724.0,positive,0.145,0.729,0.126,-0.1689
1p2mq8u,1763692244.0,10335,0.99,22,📹 Highlight,AL-SHAAIR THE TIP. CALEN BULLOCK WITH THE PICK.  so upset with that foul ugh,235328.0,positive,0.339,0.661,0.0,-0.7324
1p2mq8u,1763692253.0,5300,0.99,22,📹 Highlight,AL-SHAAIR THE TIP. CALEN BULLOCK WITH THE PICK.  Someone needs to check on that camera man.,120681.0,positive,0.0,1.0,0.0,0.0
1p2mq8u,1763692269.0,3445,0.99,22,📹 Highlight,AL-SHAAIR THE TIP. CALEN BULLOCK WITH THE PICK.  Pick Six of the year if it wasn’t for the stupid blind side block,78443.0,positive,0.321,0.679,0.0,-0.8402
1p2mq8u,1763692490.0,1855,0.99,22,📹 Highlight,AL-SHAAIR THE TIP. CALEN BULLOCK WITH THE PICK.  What a fuckin turn of events. Pick six off the board leads to a kick return td,42238.0,positive,0.0,1.0,0.0,0.0
1p2mq8u,1763692395.0,1325,0.99,22,📹 Highlight,AL-SHAAIR THE TIP. CALEN BULLOCK WITH THE PICK.   ##VINTAGE HOUSTON,30170.0,neutral,0.0,1.0,0.0,0.0
1p2mq8u,1763692566.0,795,0.99,22,📹 Highlight,AL-SHAAIR THE TIP. CALEN BULLOCK WITH THE PICK.  Pick six ruined then give up a TD return. So on brand,18102.0,positive,0.147,0.853,0.0,-0.4767
1p2mq8u,1763692447.0,530,0.99,22,📹 Highlight,AL-SHAAIR THE TIP. CALEN BULLOCK WITH THE PICK.  Barnett is gonna be running wind sprints all through next week to atone for his negative iq,12068.0,positive,0.134,0.866,0.0,-0.5719
1p2mq8u,1763734099.0,530,0.99,22,📹 Highlight,AL-SHAAIR THE TIP. CALEN BULLOCK WITH THE PICK.  Rip the camera gun by the end zone,12068.0,neutral,0.138,0.862,0.0,-0.34
1p2mq8u,1763721331.0,265,0.99,22,📹 Highlight,"AL-SHAAIR THE TIP. CALEN BULLOCK WITH THE PICK.  Kind of off topic, but is it weird the way both Al Michaels and Kirk Herbstreit said his name?  I guess it should be a short o and not a long o like they were saying it.  Don't they put phonetic spellings of names in their paperwork for the game?  Or maybe I'm just wrong, who knows.",6034.0,positive,0.139,0.861,0.0,-0.8491
1p2mmjm,1763691828.0,4928,0.99,11,📹 Highlight,DAVIS MILLS FINDS A WIDE OPEN CHRISTIAN KIRK FOR THE TD. TEXANS LEAD 10-7  WE ARE CHRISTIAN KIRRKKKKK,58545.0,positive,0.0,1.0,0.0,0.0
1p2mmjm,1763691853.0,4928,0.99,11,📹 Highlight,"DAVIS MILLS FINDS A WIDE OPEN CHRISTIAN KIRK FOR THE TD. TEXANS LEAD 10-7  *Texans lead 10-9

I can’t believe we scored in the red zone",58545.0,positive,0.0,1.0,0.0,0.0
1p2mmjm,1763692820.0,528,0.99,11,📹 Highlight,"DAVIS MILLS FINDS A WIDE OPEN CHRISTIAN KIRK FOR THE TD. TEXANS LEAD 10-7  Yo I’m glad you’re stoked on this guy

He just fucking hospital passed Nico Collins out cold",6273.0,negative,0.0,0.906,0.094,0.4588
1p2mmjm,1763692085.0,1408,0.99,11,📹 Highlight,DAVIS MILLS FINDS A WIDE OPEN CHRISTIAN KIRK FOR THE TD. TEXANS LEAD 10-7  The only C. Kirk I can get behind.,16727.0,negative,0.0,1.0,0.0,0.0
1p2mmjm,1763695761.0,176,0.99,11,📹 Highlight,"DAVIS MILLS FINDS A WIDE OPEN CHRISTIAN KIRK FOR THE TD. TEXANS LEAD 10-7  I legit thought Chirstian Kirk was a white dude, no joke.

😂",2091.0,negative,0.09,0.82,0.09,0.0
1p2mmjm,1763712517.0,176,0.99,11,📹 Highlight,"DAVIS MILLS FINDS A WIDE OPEN CHRISTIAN KIRK FOR THE TD. TEXANS LEAD 10-7  Much like the Bills defense here, I forgot Kirk played for us",2091.0,positive,0.0,0.766,0.234,0.6597
1p2mmjm,1763693299.0,176,0.99,11,📹 Highlight,DAVIS MILLS FINDS A WIDE OPEN CHRISTIAN KIRK FOR THE TD. TEXANS LEAD 10-7  Is he better than Stroud?,2091.0,positive,0.0,0.854,0.146,0.4404
1p2maes,1763691786.0,1265,0.98,9,📹 Highlight,That makes SIX games in a row with a sack for WAJ  He is going to be very expensive,12397.0,positive,0.0,1.0,0.0,0.0
1p2maes,1763690898.0,575,0.98,9,📹 Highlight,That makes SIX games in a row with a sack for WAJ  What a BEAST,5635.0,positive,0.0,1.0,0.0,0.0
1p2maes,1763693713.0,230,0.98,9,📹 Highlight,That makes SIX games in a row with a sack for WAJ  Why did Dawkins give up? haha...,2254.0,positive,0.0,1.0,0.0,0.0
1p2maes,1763701538.0,115,0.98,9,📹 Highlight,That makes SIX games in a row with a sack for WAJ  The JJ to WAJ streak is debatable more impressive than our Dre to Nuk to Nico streak,1127.0,positive,0.0,0.798,0.202,0.745
1p2lxup,1763690154.0,3198,0.99,7,📹 Highlight,WAJ brings down Allen with a tough hit from behind  WAJ chased Allen down like the literal Terminator,25328.0,positive,0.079,0.789,0.132,0.25
1p2lxup,1763690230.0,2091,0.99,7,📹 Highlight,"WAJ brings down Allen with a tough hit from behind  Man oh man, I love WAJ",16561.0,positive,0.085,0.678,0.237,0.5719
1p2lxup,1763691128.0,492,0.99,7,📹 Highlight,WAJ brings down Allen with a tough hit from behind  How is he so fast? To keep that speed while making a turn like that is insane,3897.0,positive,0.146,0.767,0.087,-0.1779
1p2lxup,1763690791.0,123,0.99,7,📹 Highlight,WAJ brings down Allen with a tough hit from behind  So lame it's not a sack,974.0,positive,0.277,0.723,0.0,-0.5563
1p2lxup,1763693422.0,123,0.99,7,📹 Highlight,WAJ brings down Allen with a tough hit from behind  Sucks that he landed a yrs forward cost will a sack,974.0,positive,0.2,0.8,0.0,-0.4588
1p2hifx,1763679095.0,19530,0.98,33,🥤 Kool-Aid,Bad news for Buffalo… Davis Mills woke up today 😈  Last time I saw this post it was bad news for Jacksonville. It’s an auspicious omen.,650740.0,positive,0.241,0.759,0.0,-0.7906
1p2hifx,1763678426.0,12400,0.98,33,🥤 Kool-Aid,Bad news for Buffalo… Davis Mills woke up today 😈  Davis “Money” Mills to kill the Bills….,413168.0,positive,0.369,0.631,0.0,-0.8481
1p2hifx,1763680803.0,5270,0.98,33,🥤 Kool-Aid,Bad news for Buffalo… Davis Mills woke up today 😈  Honey bunches of throats is gonna lead us to the playoffs,175596.0,neutral,0.156,0.844,0.0,-0.5423
1p2hifx,1763678492.0,10850,0.98,33,🥤 Kool-Aid,Bad news for Buffalo… Davis Mills woke up today 😈  The GENERAL.,361522.0,neutral,0.259,0.741,0.0,-0.5423
1p2hifx,1763680341.0,4340,0.98,33,🥤 Kool-Aid,Bad news for Buffalo… Davis Mills woke up today 😈  Necks man up y'all!,144609.0,neutral,0.24,0.76,0.0,-0.5848
1p2hifx,1763679456.0,2170,0.98,33,🥤 Kool-Aid,Bad news for Buffalo… Davis Mills woke up today 😈  Oh dear heavens,72304.0,neutral,0.197,0.506,0.298,0.2023
1p2hifx,1763700151.0,1860,0.98,33,🥤 Kool-Aid,Bad news for Buffalo… Davis Mills woke up today 😈  This aged very well,61975.0,positive,0.207,0.651,0.142,-0.2748
1p2hifx,1763678721.0,3720,0.98,33,🥤 Kool-Aid,Bad news for Buffalo… Davis Mills woke up today 😈  Oh god. Drinking the kool aid I see 😂,123950.0,positive,0.179,0.714,0.107,-0.34
1p2hifx,1763678491.0,5270,0.98,33,🥤 Kool-Aid,Bad news for Buffalo… Davis Mills woke up today 😈  Mills Mafia stand up,175596.0,positive,0.226,0.774,0.0,-0.5423
1p2hifx,1763685439.0,1550,0.98,33,🥤 Kool-Aid,Bad news for Buffalo… Davis Mills woke up today 😈  https://preview.redd.it/7hofvz6bai2g1.jpeg?width=1440&format=pjpg&auto=webp&s=e5eb9c64ad26f8cf8d12c1f1d9f2ded9eb0eb7fc,51646.0,positive,0.28,0.72,0.0,-0.5423
1p2hifx,1763699572.0,1240,0.98,33,🥤 Kool-Aid,Bad news for Buffalo… Davis Mills woke up today 😈  This actually aged ok lol,41317.0,positive,0.179,0.564,0.256,0.128
1p2hifx,1763679330.0,3410,0.98,33,🥤 Kool-Aid,"Bad news for Buffalo… Davis Mills woke up today 😈  Ironically, the last time Davis Mills played the Bills he went 11/21 87yds 4int 23.4rtg in the worst defeat in our history.

Obviously, that’s not going to happen today (hopefully), but they have nothing to fear.",113621.0,positive,0.131,0.77,0.099,-0.1675
1p2hifx,1763682033.0,930,0.98,33,🥤 Kool-Aid,"Bad news for Buffalo… Davis Mills woke up today 😈  And the wise man was asked “My team may surprise with strength and good fortune, or disappoint with weakness and bad luck. What can work with my celebration or my consolation?”

And the wise man gave him a bottle of whiskey.",30988.0,positive,0.181,0.566,0.253,0.5994
1p2hifx,1763700175.0,930,0.98,33,🥤 Kool-Aid,"Bad news for Buffalo… Davis Mills woke up today 😈  Oh yeah, he woke up today",30988.0,neutral,0.187,0.695,0.118,-0.3182
1p2hifx,1763680036.0,620,0.98,33,🥤 Kool-Aid,Bad news for Buffalo… Davis Mills woke up today 😈  He does have a better sense of fashion than CJ.,20658.0,positive,0.156,0.714,0.129,-0.1531
1p2hifx,1763685643.0,620,0.98,33,🥤 Kool-Aid,Bad news for Buffalo… Davis Mills woke up today 😈  Mills earns his starting job of the future tonight!,20658.0,neutral,0.182,0.818,0.0,-0.5848
1p2hifx,1763682703.0,310,0.98,33,🥤 Kool-Aid,Bad news for Buffalo… Davis Mills woke up today 😈  “Ten”,10329.0,positive,0.28,0.72,0.0,-0.5423
1p2hifx,1763687250.0,310,0.98,33,🥤 Kool-Aid,Bad news for Buffalo… Davis Mills woke up today 😈  I got to feed him at the zoo last year,10329.0,positive,0.171,0.829,0.0,-0.5423
1p2hifx,1763687263.0,310,0.98,33,🥤 Kool-Aid,Bad news for Buffalo… Davis Mills woke up today 😈  You are playing a dangerous game...,10329.0,neutral,0.34,0.567,0.093,-0.7003
1p2hifx,1763690415.0,310,0.98,33,🥤 Kool-Aid,Bad news for Buffalo… Davis Mills woke up today 😈  brother....,10329.0,neutral,0.28,0.72,0.0,-0.5423
1p299o3,1763659899.0,1946,0.97,19,🥤 Kool-Aid,In Mills we trust  Request to add the giraffe and the Lego long neck number 10 legend to it,37752.0,positive,0.0,0.787,0.213,0.5574
1p299o3,1763661427.0,1668,0.97,19,🥤 Kool-Aid,"In Mills we trust  ![gif](giphy|SaX384PjtDl2U)

I love how it builds to this.",32359.0,neutral,0.0,0.536,0.464,0.8313
1p299o3,1763659932.0,1529,0.97,19,🥤 Kool-Aid,In Mills we trust  MILLS MAFIA,29663.0,positive,0.0,0.602,0.398,0.5106
1p299o3,1763659910.0,1112,0.97,19,🥤 Kool-Aid,"In Mills we trust  Well whatever happens, I can salute Mills for his service.",21573.0,positive,0.0,0.671,0.329,0.6597
1p299o3,1763661450.0,834,0.97,19,🥤 Kool-Aid,In Mills we trust  This hits so much harder on Sunday at 830AM.  Also LFG!  Short weeks are for variance and were overdue for luck.  6-5 here we come!,16180.0,positive,0.0,0.797,0.203,0.7835
1p299o3,1763662067.0,556,0.97,19,🥤 Kool-Aid,In Mills we trust  MONEY MILLS LET'S GET IT!!!!,10786.0,neutral,0.0,0.642,0.358,0.6671
1p299o3,1763675350.0,695,0.97,19,🥤 Kool-Aid,In Mills we trust  If we win tonight I’m convinced we’re going to the Super Bowl. I’m chugging ALL the kool aid.,13483.0,neutral,0.0,0.568,0.432,0.9287
1p299o3,1763677184.0,278,0.97,19,🥤 Kool-Aid,In Mills we trust  Is it weird that I look forward to this post every game?,5393.0,positive,0.094,0.722,0.183,0.3818
1p299o3,1763661090.0,139,0.97,19,🥤 Kool-Aid,In Mills we trust  lets goooooooooooooooooooooooooo,2697.0,neutral,0.0,0.602,0.398,0.5106
1p299o3,1763661189.0,139,0.97,19,🥤 Kool-Aid,In Mills we trust  This dude’s neighbors love and hate him at the same damn time lol.,2697.0,positive,0.223,0.418,0.359,0.5994
1p299o3,1763661405.0,139,0.97,19,🥤 Kool-Aid,In Mills we trust  ![gif](giphy|l0M0fTfuNn1I50KTQZ),2697.0,positive,0.0,0.527,0.473,0.5562
1p299o3,1763670798.0,139,0.97,19,🥤 Kool-Aid,In Mills we trust  Mills4QB1,2697.0,positive,0.0,0.548,0.452,0.5106
1p299o3,1763687192.0,139,0.97,19,🥤 Kool-Aid,In Mills we trust  Need the full track asap,2697.0,neutral,0.0,0.708,0.292,0.5106
1p28hkc,1763658367.0,2478,0.99,6,📹 Highlight,"“Fairbairn….It’s good! Clutch City!!!!” - one of my favorite calls in Houston sports history Not sure how I’m feeling this time in terms of confidence, but hopefully General Mills can do the unthinkable and get us a W tonight.  Longest walk off Field Goal in Texans history, the highlight of the regular season last year. Hopefully, with Fairburn back, our offense doesn't get shut out in the first half again.",17173.0,positive,0.049,0.719,0.232,0.9292
1p28hkc,1763658812.0,1652,0.99,6,📹 Highlight,"“Fairbairn….It’s good! Clutch City!!!!” - one of my favorite calls in Houston sports history Not sure how I’m feeling this time in terms of confidence, but hopefully General Mills can do the unthinkable and get us a W tonight.  Knew before I clicked it was Ian Eagle on the call",11448.0,positive,0.028,0.747,0.225,0.862
1p28hkc,1763658369.0,708,0.99,6,📹 Highlight,"“Fairbairn….It’s good! Clutch City!!!!” - one of my favorite calls in Houston sports history Not sure how I’m feeling this time in terms of confidence, but hopefully General Mills can do the unthinkable and get us a W tonight.  I believe. But don’t want to get my hopes up. Please let us be in peace.",4906.0,neutral,0.022,0.608,0.37,0.9699
1p28hkc,1763658295.0,472,0.99,6,📹 Highlight,"“Fairbairn….It’s good! Clutch City!!!!” - one of my favorite calls in Houston sports history Not sure how I’m feeling this time in terms of confidence, but hopefully General Mills can do the unthinkable and get us a W tonight.  mills mafia🔥🔥",3271.0,positive,0.033,0.703,0.265,0.862
1p28hkc,1763662316.0,472,0.99,6,📹 Highlight,"“Fairbairn….It’s good! Clutch City!!!!” - one of my favorite calls in Houston sports history Not sure how I’m feeling this time in terms of confidence, but hopefully General Mills can do the unthinkable and get us a W tonight.  We debuted the best uniform the Texans have and got the dub. Can't ask for much more. I will always remember that. Just like the memory of them beating the Cowboys for their inaugural win.",3271.0,positive,0.06,0.654,0.287,0.9676
1p28hkc,1763665439.0,118,0.99,6,📹 Highlight,"“Fairbairn….It’s good! Clutch City!!!!” - one of my favorite calls in Houston sports history Not sure how I’m feeling this time in terms of confidence, but hopefully General Mills can do the unthinkable and get us a W tonight.  I remember skipping through my house screaming after he hit it",818.0,positive,0.087,0.697,0.216,0.7341
1p1s4ir,1763607703.0,27040,1.0,39,mEMe,"What my brother send me  hop in the neck morty, quick thursday night win in and out 5 mins",1081600.0,positive,0.0,0.817,0.183,0.5859
1p1s4ir,1763608192.0,18200,1.0,39,mEMe,"What my brother send me  I legit could see it go either way. We match up well, because of their poor defense. However, we haven’t played well against top QBs this year either so 🤷‍♂️",728000.0,neutral,0.076,0.683,0.241,0.5859
1p1s4ir,1763608902.0,10400,1.0,39,mEMe,"What my brother send me  https://i.redd.it/za8dtcmoyb2g1.gif

Money mills if you can hear me please save us",416000.0,positive,0.0,0.718,0.282,0.6705
1p1s4ir,1763608144.0,6240,1.0,39,mEMe,"What my brother send me  If the Dolphins can do it, so can we, right? I'm not coping YOU'RE COPING",249600.0,positive,0.0,1.0,0.0,0.0
1p1s4ir,1763608740.0,2600,1.0,39,mEMe,What my brother send me  Let the SKY FALLLLLL,104000.0,neutral,0.0,1.0,0.0,0.0
1p1s4ir,1763610068.0,3120,1.0,39,mEMe,What my brother send me  I never chuckled so loud in my life. Photo had me in tears 😂,124800.0,negative,0.202,0.798,0.0,-0.4191
1p1s4ir,1763608508.0,6760,1.0,39,mEMe,What my brother send me  Inshallah Davis mills career game tomorrow,270400.0,positive,0.0,1.0,0.0,0.0
1p1s4ir,1763607667.0,2080,1.0,39,mEMe,What my brother send me  What’s the long neck Lego at now???,83200.0,positive,0.0,1.0,0.0,0.0
1p1s4ir,1763607812.0,5200,1.0,39,mEMe,What my brother send me  Even at 5-6 they are still in it.  Just have to beat colts and chiefs,208000.0,neutral,0.0,1.0,0.0,0.0
1p1s4ir,1763615249.0,1560,1.0,39,mEMe,"What my brother send me  ![gif](giphy|EmsNqEHPYImUfXTbjC)

Trust in Money Mills and…more importantly…Fairbairn and Collins.",62400.0,positive,0.0,0.784,0.216,0.5562
1p1s4ir,1763711405.0,1560,1.0,39,mEMe,What my brother send me  HE DID,62400.0,negative,0.0,1.0,0.0,0.0
1p1s4ir,1763677723.0,1040,1.0,39,mEMe,What my brother send me  if everyone catches their passes and make route adjustments absolutely.,41600.0,neutral,0.0,1.0,0.0,0.0
1p1s4ir,1763612018.0,520,1.0,39,mEMe,What my brother send me  We have the pieces to make this a close game and possibly win it.,20800.0,negative,0.0,0.817,0.183,0.5859
1p1s4ir,1763620335.0,520,1.0,39,mEMe,What my brother send me  I’m going to bet atleast $250 on the bills winning. Worst case scenario I atleast made some money. I’ll gladly spend those $250 if it means we win.,20800.0,neutral,0.098,0.671,0.23,0.6705
1p1s4ir,1763640805.0,520,1.0,39,mEMe,What my brother send me  I’m ready for Mills to ball out and start a full flown QB controversy.,20800.0,neutral,0.0,0.872,0.128,0.3612
1p1s4ir,1763664249.0,520,1.0,39,mEMe,What my brother send me  Kaimi for the win again trust.,20800.0,neutral,0.0,0.559,0.441,0.7964
1p1s4ir,1763672320.0,520,1.0,39,mEMe,What my brother send me  I just hope the offense shows up.,20800.0,neutral,0.144,0.647,0.209,0.2263
1p0c8ex,1763473557.0,15169,0.97,80,🥤 Kool-Aid,"What do you think of these odds? I’d say we have a pretty good chance! I think it’s a combo of the fact Buffalo is much better at home than on the road, how Demeco game planned the defense last year against buffalo, and that Buffalo may be one of the worst run defenses in the league which may temporarily resolve our biggest weakness in run blocking. If we run block effectively the offense has shown glimpses of life",1191828.0,positive,0.148,0.647,0.205,0.5562
1p0c8ex,1763475972.0,11426,0.97,80,🥤 Kool-Aid,What do you think of these odds? I’d say we have a pretty good chance! Guys do I need to go to the game again so we can win?,897741.0,neutral,0.0,0.642,0.358,0.9155
1p0c8ex,1763473362.0,40385,0.97,80,🥤 Kool-Aid,What do you think of these odds? I’d say we have a pretty good chance! I think those look like odds with CJ lol,3173049.0,neutral,0.0,0.554,0.446,0.9134
1p0c8ex,1763474240.0,6304,0.97,80,🥤 Kool-Aid,"What do you think of these odds? I’d say we have a pretty good chance! Looks like ESPN Analytics thinks we can score 2+ touchdowns. God I hope I'm wrong but with or without CJ we've looked utterly incapable of finding the endzone.

I don't trust us to win a shootout against Josh Allen. I don't trust us to score enough points to win a defensive battle. And I don't see us hammering the Bills in a blowout victory. God i hope I'm wrong.",495305.0,negative,0.191,0.539,0.271,0.6805
1p0c8ex,1763473429.0,6698,0.97,80,🥤 Kool-Aid,"What do you think of these odds? I’d say we have a pretty good chance! I think we have a really good chance, they have no run defense which is good since CJ will be out and we can rely on Chubb and Marks. Our defense is our defense and gave Josh fits last time they played and we’re better this year.",526262.0,neutral,0.029,0.625,0.346,0.9628
1p0c8ex,1763474937.0,1970,0.97,80,🥤 Kool-Aid,What do you think of these odds? I’d say we have a pretty good chance! Probably fair but can see our defense keeping us in the game (as they’ve done almost every game this season),154783.0,positive,0.0,0.758,0.242,0.7385
1p0c8ex,1763473914.0,3940,0.97,80,🥤 Kool-Aid,"What do you think of these odds? I’d say we have a pretty good chance! That looks very high without Stroud. I really hope the run game takes over early, because we can't afford to have so many empty drives with Mills only seeing the first read.",309566.0,positive,0.089,0.753,0.158,0.5706
1p0c8ex,1763477593.0,1576,0.97,80,🥤 Kool-Aid,What do you think of these odds? I’d say we have a pretty good chance! As long as I bet my life savings on the bills I’m pretty sure we come out with the win.,123826.0,positive,0.0,0.604,0.396,0.9493
1p0c8ex,1763477745.0,1576,0.97,80,🥤 Kool-Aid,What do you think of these odds? I’d say we have a pretty good chance! Way too favorable for us. This is the Texans on prime time. We don’t win on prime time.,123826.0,positive,0.0,0.638,0.362,0.9359
1p0c8ex,1763480097.0,985,0.97,80,🥤 Kool-Aid,What do you think of these odds? I’d say we have a pretty good chance! I enjoy the 0.4% chance of a tie.,77391.0,positive,0.0,0.525,0.475,0.9117
1p0c8ex,1763475312.0,4137,0.97,80,🥤 Kool-Aid,What do you think of these odds? I’d say we have a pretty good chance! Mills ain’t the guy. Can’t expect to play the titans or for the Jags to choke every week,325044.0,positive,0.085,0.654,0.261,0.7424
1p0c8ex,1763477312.0,1576,0.97,80,🥤 Kool-Aid,"What do you think of these odds? I’d say we have a pretty good chance! https://preview.redd.it/iexsxf1g312g1.png?width=1069&format=png&auto=webp&s=07851173be11ac2e057ae1ad1605cb7839de9f49

More realistic odds..",123826.0,positive,0.0,0.632,0.368,0.8295
1p0c8ex,1763477722.0,788,0.97,80,🥤 Kool-Aid,What do you think of these odds? I’d say we have a pretty good chance! Wow being generous with us I see.,61913.0,positive,0.0,0.492,0.508,0.9381
1p0c8ex,1763482129.0,788,0.97,80,🥤 Kool-Aid,What do you think of these odds? I’d say we have a pretty good chance! Vegas has us with 30% odds tbf,61913.0,negative,0.0,0.682,0.318,0.8122
1p0c8ex,1763474535.0,591,0.97,80,🥤 Kool-Aid,What do you think of these odds? I’d say we have a pretty good chance! Seems reasonable,46435.0,positive,0.0,0.608,0.392,0.8122
1p0c8ex,1763477463.0,591,0.97,80,🥤 Kool-Aid,What do you think of these odds? I’d say we have a pretty good chance! If the game is this close I'll throw a party,46435.0,positive,0.0,0.631,0.369,0.8777
1p0c8ex,1763489104.0,591,0.97,80,🥤 Kool-Aid,"What do you think of these odds? I’d say we have a pretty good chance! Uh, it’s the 7th power ranked team (BUF) vs the 18th (HOU) — I don’t expect to win, just hope for no more injuries",46435.0,positive,0.047,0.634,0.319,0.9168
1p0c8ex,1763501815.0,591,0.97,80,🥤 Kool-Aid,What do you think of these odds? I’d say we have a pretty good chance! Ratings. They cant post the blowout they know is about to happen. Bills gonna whip us like a red headed stepchild,46435.0,neutral,0.0,0.734,0.266,0.8718
1p0c8ex,1763478516.0,394,0.97,80,🥤 Kool-Aid,"What do you think of these odds? I’d say we have a pretty good chance!  I so badly wish we would have Stroud back. Those odds are too high without him. 

That being said if Caley can get his precious run game going we have a chance. Josh Allen had the worst game of his MVP season last year in Houston and our defense is even better now",30957.0,neutral,0.089,0.655,0.256,0.8996
1p0c8ex,1763481327.0,394,0.97,80,🥤 Kool-Aid,What do you think of these odds? I’d say we have a pretty good chance! If it’s a shootout we lose. If it comes down to defense I think we can win. The only bright side is that IMO the Bills have a worse defense than either Jacksonville or Tennessee (who I think is so low due to the lack of offensive production).,30957.0,negative,0.178,0.59,0.232,0.5025
1ozx6vc,1763425409.0,7192,0.99,27,📈 Stats,"[OC] In three of his past four weeks, Jayden Higgins has seen at least five targets and caught at least four balls. He has also out-snapped Xavier Hutchinson and Christian Kirk each of the last two weeks. Is his pedigree and size/speed combo finally turning into a relevant and much-needed role? Also ranks 31st in receiving success rate among WRs Hopefully. Even if he isn’t having the flashiest rookie season, he reminds me how Nico Collins was the first 2 seasons.",199362.0,neutral,0.0,0.923,0.077,0.7506
1ozx6vc,1763427021.0,4836,0.99,27,📈 Stats,"[OC] In three of his past four weeks, Jayden Higgins has seen at least five targets and caught at least four balls. He has also out-snapped Xavier Hutchinson and Christian Kirk each of the last two weeks. Is his pedigree and size/speed combo finally turning into a relevant and much-needed role? Also ranks 31st in receiving success rate among WRs When do they stop giving snaps to Christian Kirk? He provides nothing. Doesn’t make any tough catches and can’t get separation when covered by a linebacker.",134054.0,positive,0.041,0.887,0.072,0.5803
1ozx6vc,1763426991.0,2976,0.99,27,📈 Stats,"[OC] In three of his past four weeks, Jayden Higgins has seen at least five targets and caught at least four balls. He has also out-snapped Xavier Hutchinson and Christian Kirk each of the last two weeks. Is his pedigree and size/speed combo finally turning into a relevant and much-needed role? Also ranks 31st in receiving success rate among WRs We really got nico collins 2 before gta6",82495.0,neutral,0.0,0.946,0.054,0.5719
1ozx6vc,1763425901.0,5332,0.99,27,📈 Stats,"[OC] In three of his past four weeks, Jayden Higgins has seen at least five targets and caught at least four balls. He has also out-snapped Xavier Hutchinson and Christian Kirk each of the last two weeks. Is his pedigree and size/speed combo finally turning into a relevant and much-needed role? Also ranks 31st in receiving success rate among WRs Higgins, Noel, and Marks need to be fed consistently. They make shit happen when they're targeted, returning kicks, rushing, etc.",147803.0,neutral,0.043,0.913,0.044,0.0258
1ozx6vc,1763426554.0,1860,0.99,27,📈 Stats,"[OC] In three of his past four weeks, Jayden Higgins has seen at least five targets and caught at least four balls. He has also out-snapped Xavier Hutchinson and Christian Kirk each of the last two weeks. Is his pedigree and size/speed combo finally turning into a relevant and much-needed role? Also ranks 31st in receiving success rate among WRs He's had an understated rookie campaign so far but he passes the eye test on the field. Great routes, tracking, hands, and blocking too. You can tell he's only going to get better and put up more impressive numbers as his usage increases",51559.0,positive,0.029,0.828,0.143,0.9365
1ozx6vc,1763430754.0,1736,0.99,27,📈 Stats,"[OC] In three of his past four weeks, Jayden Higgins has seen at least five targets and caught at least four balls. He has also out-snapped Xavier Hutchinson and Christian Kirk each of the last two weeks. Is his pedigree and size/speed combo finally turning into a relevant and much-needed role? Also ranks 31st in receiving success rate among WRs He’s got a high ceiling sure… He’s got a few skills.. coached up at Iowa state, decent hands, has shown flashes of great separation in man coverage. Drafted round 2 receiver, got a big frame, yeah yeah, big deal. Thats nothing special in today’s league… etc.. 

That’s what the league says.

But everyone who knows and has seen Higgins, knows he’s about the HTOWN.
He’s gonna be something special.
Can’t wait to see Higgins go off once he realizes how much he hates the Colts.",48122.0,positive,0.056,0.89,0.054,-0.3107
1ozx6vc,1763425640.0,1364,0.99,27,📈 Stats,"[OC] In three of his past four weeks, Jayden Higgins has seen at least five targets and caught at least four balls. He has also out-snapped Xavier Hutchinson and Christian Kirk each of the last two weeks. Is his pedigree and size/speed combo finally turning into a relevant and much-needed role? Also ranks 31st in receiving success rate among WRs Jayden has the most size and probably only Jaylin Noel is faster he is such a big target needs to play every snap",37810.0,neutral,0.0,0.928,0.072,0.7269
1ozx6vc,1763429302.0,620,0.99,27,📈 Stats,"[OC] In three of his past four weeks, Jayden Higgins has seen at least five targets and caught at least four balls. He has also out-snapped Xavier Hutchinson and Christian Kirk each of the last two weeks. Is his pedigree and size/speed combo finally turning into a relevant and much-needed role? Also ranks 31st in receiving success rate among WRs He’s really coming along the last few games, I’ve been very happy with his growth. And if this is the floor of his potential, I’m very excited as the years go on. 
(I’m also aware that growth isn’t always linear)",17186.0,neutral,0.0,0.858,0.142,0.9391
1ozx6vc,1763427740.0,1116,0.99,27,📈 Stats,"[OC] In three of his past four weeks, Jayden Higgins has seen at least five targets and caught at least four balls. He has also out-snapped Xavier Hutchinson and Christian Kirk each of the last two weeks. Is his pedigree and size/speed combo finally turning into a relevant and much-needed role? Also ranks 31st in receiving success rate among WRs Higgins is Nico 2.0. Dead ass.",30936.0,positive,0.106,0.844,0.05,-0.6249
1ozx6vc,1763430925.0,372,0.99,27,📈 Stats,"[OC] In three of his past four weeks, Jayden Higgins has seen at least five targets and caught at least four balls. He has also out-snapped Xavier Hutchinson and Christian Kirk each of the last two weeks. Is his pedigree and size/speed combo finally turning into a relevant and much-needed role? Also ranks 31st in receiving success rate among WRs bout damn time! now just do noel too plz",10312.0,positive,0.037,0.891,0.073,0.3802
1ozx6vc,1763431187.0,372,0.99,27,📈 Stats,"[OC] In three of his past four weeks, Jayden Higgins has seen at least five targets and caught at least four balls. He has also out-snapped Xavier Hutchinson and Christian Kirk each of the last two weeks. Is his pedigree and size/speed combo finally turning into a relevant and much-needed role? Also ranks 31st in receiving success rate among WRs They are attacking the 1v1 teams are giving him more. Much like Nico he's a matchup headache giving his size and speed. As he improves as a route runner he'll get more chances.",10312.0,negative,0.029,0.812,0.158,0.9036
1ozx6vc,1763433307.0,372,0.99,27,📈 Stats,"[OC] In three of his past four weeks, Jayden Higgins has seen at least five targets and caught at least four balls. He has also out-snapped Xavier Hutchinson and Christian Kirk each of the last two weeks. Is his pedigree and size/speed combo finally turning into a relevant and much-needed role? Also ranks 31st in receiving success rate among WRs Kirk is one of the worst signings. Higgins, Noel and even Berrios have outplayed him.",10312.0,positive,0.051,0.902,0.046,-0.1027
1ozx6vc,1763432101.0,248,0.99,27,📈 Stats,"[OC] In three of his past four weeks, Jayden Higgins has seen at least five targets and caught at least four balls. He has also out-snapped Xavier Hutchinson and Christian Kirk each of the last two weeks. Is his pedigree and size/speed combo finally turning into a relevant and much-needed role? Also ranks 31st in receiving success rate among WRs He's still learning the playbook; routes and blocking assignments. He's still learning how to get off press coverage in the NFL. He's still learning how to fight to make contested catches. He's still gaining the trust of his teammates. He's a rookie. Give him time. He'll get there.",6875.0,positive,0.045,0.871,0.084,0.6808
1ozx6vc,1763489032.0,124,0.99,27,📈 Stats,"[OC] In three of his past four weeks, Jayden Higgins has seen at least five targets and caught at least four balls. He has also out-snapped Xavier Hutchinson and Christian Kirk each of the last two weeks. Is his pedigree and size/speed combo finally turning into a relevant and much-needed role? Also ranks 31st in receiving success rate among WRs Having Nico and Jayden has got to make things so much easier for the QB. Throw it high and they will out jump the DBs.",3437.0,positive,0.0,0.924,0.076,0.7769
1ozrxm1,1763412854.0,178315,0.99,37,mEMe,How it felt waking up this morning  Yup,6708210.0,positive,0.0,1.0,0.0,0.0
1ozrxm1,1763412961.0,140775,0.99,37,mEMe,"How it felt waking up this morning  As a non-golf person, can someone explain what I'm looking at? Or is the golfness of this even part of the joke?",5295956.0,positive,0.0,0.913,0.087,0.3736
1ozrxm1,1763413705.0,41294,0.99,37,mEMe,How it felt waking up this morning  How many games do you guys think we can win in these next 3,1553480.0,positive,0.0,0.833,0.167,0.5859
1ozrxm1,1763414802.0,78834,0.99,37,mEMe,How it felt waking up this morning  And the ravens. I find it HILARIOUS we all have the same record but for some reason we suck and they don’t.,2965735.0,positive,0.12,0.811,0.069,-0.3886
1ozrxm1,1763418037.0,16893,0.99,37,mEMe,How it felt waking up this morning  Funny because true,635515.0,positive,0.0,0.584,0.416,0.6908
1ozrxm1,1763418845.0,15016,0.99,37,mEMe,How it felt waking up this morning  That is perfect.,564902.0,neutral,0.0,0.709,0.291,0.5719
1ozrxm1,1763428047.0,7508,0.99,37,mEMe,How it felt waking up this morning  I’m going to the kc Texans game. 😬,282451.0,positive,0.0,1.0,0.0,0.0
1ozrxm1,1763430029.0,5631,0.99,37,mEMe,How it felt waking up this morning  And Houston is ahead of them and Baltimore,211838.0,neutral,0.0,1.0,0.0,0.0
1ozrxm1,1763760590.0,3754,0.99,37,mEMe,How it felt waking up this morning  *6-5 🤘🏽,141225.0,neutral,0.0,1.0,0.0,0.0
1ozrxm1,1763424298.0,1877,0.99,37,mEMe,How it felt waking up this morning  I’ll take it!,70613.0,negative,0.0,1.0,0.0,0.0
1ozrxm1,1763770321.0,1877,0.99,37,mEMe,How it felt waking up this morning  lmaooo,70613.0,positive,0.0,1.0,0.0,0.0
1ozrxm1,1763778786.0,1877,0.99,37,mEMe,How it felt waking up this morning  whooshwhooshwhoosh haha,70613.0,positive,0.0,0.727,0.273,0.4588
1ozrxm1,1763844163.0,1877,0.99,37,mEMe,How it felt waking up this morning  Lmao great meme no notes,70613.0,positive,0.115,0.469,0.417,0.7783
1ozrpox,1763412535.0,9794,0.99,21,📈 Stats,"Nico Collins' ranks among Texans in first 60 career games: 2nd in TD catches (22), 3rd in receptions (267), 3rd in receiving yards (3,872)  How do we get so lucky with Humble superstar WRs?",213313.0,neutral,0.0,0.901,0.099,0.5598
1ozrpox,1763412324.0,4720,0.99,21,📈 Stats,"Nico Collins' ranks among Texans in first 60 career games: 2nd in TD catches (22), 3rd in receptions (267), 3rd in receiving yards (3,872)  And that’s basically with a lame duck first two years. Non functional offense and QB play during that stretch",102802.0,neutral,0.104,0.844,0.052,-0.34
1ozrpox,1763414402.0,944,0.99,21,📈 Stats,"Nico Collins' ranks among Texans in first 60 career games: 2nd in TD catches (22), 3rd in receptions (267), 3rd in receiving yards (3,872)  Crazy considering where he started off. While I have my concerns about trying to target him too much, he is definitely our best weapon on the offense.",20560.0,positive,0.113,0.769,0.118,0.3182
1ozrpox,1763412770.0,944,0.99,21,📈 Stats,"Nico Collins' ranks among Texans in first 60 career games: 2nd in TD catches (22), 3rd in receptions (267), 3rd in receiving yards (3,872)  I mean, yeah. He's not quite as good as those two, but he's a bloody sight better than the rest. ",20560.0,positive,0.115,0.774,0.111,-0.0531
1ozrpox,1763416460.0,236,0.99,21,📈 Stats,"Nico Collins' ranks among Texans in first 60 career games: 2nd in TD catches (22), 3rd in receptions (267), 3rd in receiving yards (3,872)  He is in good  company",5140.0,positive,0.0,0.906,0.094,0.4404
1ozrpox,1763434222.0,236,0.99,21,📈 Stats,"Nico Collins' ranks among Texans in first 60 career games: 2nd in TD catches (22), 3rd in receptions (267), 3rd in receiving yards (3,872)  If Collins retires here he might get on the ring of honor",5140.0,positive,0.0,0.916,0.084,0.4939
1ozrpox,1763435758.0,118,0.99,21,📈 Stats,"Nico Collins' ranks among Texans in first 60 career games: 2nd in TD catches (22), 3rd in receptions (267), 3rd in receiving yards (3,872)  Shoutout Owen Daniels.",2570.0,positive,0.0,1.0,0.0,0.0
1ozfkiv,1763387787.0,2275,1.0,6,📹 Highlight,Back home with a W! Matthew Wright hit his game-winning FG and here is how it looked in the Texans Radio Booth! Thanks for listening! I love watching these.,15925.0,positive,0.0,0.758,0.242,0.8392
1ozfkiv,1763389604.0,1400,1.0,6,📹 Highlight,Back home with a W! Matthew Wright hit his game-winning FG and here is how it looked in the Texans Radio Booth! Thanks for listening! Always got the TV volume down and listening!,9800.0,positive,0.0,0.884,0.116,0.6209
1ozfkiv,1763386917.0,175,1.0,6,📹 Highlight,Back home with a W! Matthew Wright hit his game-winning FG and here is how it looked in the Texans Radio Booth! Thanks for listening! Where is Andre Ware? Marc blocking everyone view…,1225.0,positive,0.071,0.825,0.104,0.2905
1oz8wzc,1763383253.0,4632,0.99,7,mEMe,Wild season so far  Honestly it’s nice to see different teams balling so hard right now. Kinda weird how it’s on the heels of that mafia gambling bust ,36685.0,positive,0.098,0.72,0.182,0.5866
1oz8wzc,1763368985.0,2895,0.99,7,mEMe,"Wild season so far  For further craziness, NONE of these teams are in the playoff picture

EDIT: And Bills are a wildcard team with the Vrabel Patriots in first",22928.0,positive,0.088,0.912,0.0,-0.3818
1oz8wzc,1763396642.0,579,0.99,7,mEMe,Wild season so far  You know what’s sweet though.. we have tiebreakers over both of them (at least for now).,4586.0,positive,0.0,0.864,0.136,0.4588
1oz8wzc,1763476187.0,193,0.99,7,mEMe,Wild season so far  r/afcsouthmemewar,1529.0,neutral,0.0,1.0,0.0,0.0
1oyz6k3,1763338399.0,740,1.0,4,🥤 Kool-Aid,As is Tradition  Where you’d get the Whataburger thing?,3700.0,neutral,0.0,1.0,0.0,0.0
1oyxfmp,1763328018.0,20240,1.0,9,💬Player/Coach Quote,Frank “We love the walk offs in Tennessee” Ross https://x.com/aaronwilson_nfl/status/1990166530953298220?s=46 Frank Ross will soon be seen driving outside of a Titans bar on Broadway talking shit,202400.0,neutral,0.117,0.747,0.136,0.1531
1oyxfmp,1763329347.0,11132,1.0,9,💬Player/Coach Quote,Frank “We love the walk offs in Tennessee” Ross https://x.com/aaronwilson_nfl/status/1990166530953298220?s=46 I hope the NFL never learns of this man i want him here forever,111320.0,neutral,0.0,0.693,0.307,0.8126
1oyxfmp,1763327911.0,6325,1.0,9,💬Player/Coach Quote,Frank “We love the walk offs in Tennessee” Ross https://x.com/aaronwilson_nfl/status/1990166530953298220?s=46 we always own tennessee,63250.0,neutral,0.0,0.756,0.244,0.6369
1oyxfmp,1763328185.0,6578,1.0,9,💬Player/Coach Quote,Frank “We love the walk offs in Tennessee” Ross https://x.com/aaronwilson_nfl/status/1990166530953298220?s=46 A win is a win is a win. 😃 ,65780.0,positive,0.0,0.414,0.586,0.9485
1oyxfmp,1763329355.0,3795,1.0,9,💬Player/Coach Quote,Frank “We love the walk offs in Tennessee” Ross https://x.com/aaronwilson_nfl/status/1990166530953298220?s=46 We love Frank,37950.0,negative,0.0,0.567,0.433,0.8555
1oyxfmp,1763329762.0,3289,1.0,9,💬Player/Coach Quote,Frank “We love the walk offs in Tennessee” Ross https://x.com/aaronwilson_nfl/status/1990166530953298220?s=46 That’s the punisher,32890.0,negative,0.16,0.608,0.232,0.3182
1oyxfmp,1763336747.0,1265,1.0,9,💬Player/Coach Quote,"Frank “We love the walk offs in Tennessee” Ross https://x.com/aaronwilson_nfl/status/1990166530953298220?s=46 We love, walkoff",12650.0,negative,0.0,0.567,0.433,0.8555
1oyx8a9,1763327362.0,147987,0.99,52,📹 Highlight,"MATTHEW WRIGHT WITH THE GAME WINNING KICK, THE HOUSTON TEXANS ARE BACK AT .500 AFTER SWEEPING THE TITANS  Proud of him. Stepping in and did his job.",7764878.0,negative,0.0,0.776,0.224,0.8038
1oyx8a9,1763327344.0,109620,0.99,52,📹 Highlight,"MATTHEW WRIGHT WITH THE GAME WINNING KICK, THE HOUSTON TEXANS ARE BACK AT .500 AFTER SWEEPING THE TITANS  ![gif](giphy|EmsNqEHPYImUfXTbjC)",5751761.0,neutral,0.0,0.803,0.197,0.6625
1oyx8a9,1763327620.0,104922,0.99,52,📹 Highlight,"MATTHEW WRIGHT WITH THE GAME WINNING KICK, THE HOUSTON TEXANS ARE BACK AT .500 AFTER SWEEPING THE TITANS  I just said this elsewhere, but I’m glad he’ll always have this game-winning moment to cherish. His time here will be brief, but it’s been good.",5505257.0,neutral,0.0,0.738,0.262,0.9302
1oyx8a9,1763327357.0,65772,0.99,52,📹 Highlight,"MATTHEW WRIGHT WITH THE GAME WINNING KICK, THE HOUSTON TEXANS ARE BACK AT .500 AFTER SWEEPING THE TITANS  WRIGHT IN TIME",3451057.0,positive,0.0,0.829,0.171,0.6289
1oyx8a9,1763327567.0,43065,0.99,52,📹 Highlight,"MATTHEW WRIGHT WITH THE GAME WINNING KICK, THE HOUSTON TEXANS ARE BACK AT .500 AFTER SWEEPING THE TITANS  Loving the yearly tradition of beating the tita with backups",2259621.0,neutral,0.083,0.694,0.223,0.7213
1oyx8a9,1763327653.0,18792,0.99,52,📹 Highlight,"MATTHEW WRIGHT WITH THE GAME WINNING KICK, THE HOUSTON TEXANS ARE BACK AT .500 AFTER SWEEPING THE TITANS  ![gif](giphy|gAdxI2AjB3cRy)

Go giraffes!",986016.0,neutral,0.0,0.809,0.191,0.6924
1oyx8a9,1763327686.0,18792,0.99,52,📹 Highlight,"MATTHEW WRIGHT WITH THE GAME WINNING KICK, THE HOUSTON TEXANS ARE BACK AT .500 AFTER SWEEPING THE TITANS  That's the wright stuff.",986016.0,positive,0.0,0.836,0.164,0.6289
1oyx8a9,1763328038.0,16443,0.99,52,📹 Highlight,"MATTHEW WRIGHT WITH THE GAME WINNING KICK, THE HOUSTON TEXANS ARE BACK AT .500 AFTER SWEEPING THE TITANS  Matt Wright revenge game is complete!",862764.0,positive,0.114,0.738,0.148,0.2558
1oyx8a9,1763328947.0,14094,0.99,52,📹 Highlight,"MATTHEW WRIGHT WITH THE GAME WINNING KICK, THE HOUSTON TEXANS ARE BACK AT .500 AFTER SWEEPING THE TITANS  said it before I’ll say it again Frank Ross is doing something right",739512.0,neutral,0.0,0.879,0.121,0.6289
1oyx8a9,1763328825.0,12528,0.99,52,📹 Highlight,"MATTHEW WRIGHT WITH THE GAME WINNING KICK, THE HOUSTON TEXANS ARE BACK AT .500 AFTER SWEEPING THE TITANS  even the Texans backups are enough to beat those bums in Nashville",657344.0,positive,0.0,0.875,0.125,0.6289
1oyx8a9,1763329510.0,18009,0.99,52,📹 Highlight,"MATTHEW WRIGHT WITH THE GAME WINNING KICK, THE HOUSTON TEXANS ARE BACK AT .500 AFTER SWEEPING THE TITANS  Mills is 2-0!",944932.0,positive,0.0,0.819,0.181,0.6625
1oyx8a9,1763327382.0,14877,0.99,52,📹 Highlight,"MATTHEW WRIGHT WITH THE GAME WINNING KICK, THE HOUSTON TEXANS ARE BACK AT .500 AFTER SWEEPING THE TITANS  What happend to kaimi?",780596.0,neutral,0.0,0.836,0.164,0.6289
1oyx8a9,1763329039.0,2349,0.99,52,📹 Highlight,"MATTHEW WRIGHT WITH THE GAME WINNING KICK, THE HOUSTON TEXANS ARE BACK AT .500 AFTER SWEEPING THE TITANS  I'll take it.",123252.0,neutral,0.0,0.829,0.171,0.6289
1oyx8a9,1763334130.0,2349,0.99,52,📹 Highlight,"MATTHEW WRIGHT WITH THE GAME WINNING KICK, THE HOUSTON TEXANS ARE BACK AT .500 AFTER SWEEPING THE TITANS  Being a Texan fans gives you high blood pressure! 💪🏾",123252.0,neutral,0.07,0.791,0.14,0.4981
1oyx8a9,1763342951.0,2349,0.99,52,📹 Highlight,"MATTHEW WRIGHT WITH THE GAME WINNING KICK, THE HOUSTON TEXANS ARE BACK AT .500 AFTER SWEEPING THE TITANS  Same record as the KC Chiefs!",123252.0,neutral,0.0,0.839,0.161,0.6625
1oyx8a9,1763327484.0,3132,0.99,52,📹 Highlight,"MATTHEW WRIGHT WITH THE GAME WINNING KICK, THE HOUSTON TEXANS ARE BACK AT .500 AFTER SWEEPING THE TITANS  They should've saved their last timeout. LOL!",164336.0,positive,0.0,0.672,0.328,0.8947
1oyx8a9,1763330001.0,2349,0.99,52,📹 Highlight,"MATTHEW WRIGHT WITH THE GAME WINNING KICK, THE HOUSTON TEXANS ARE BACK AT .500 AFTER SWEEPING THE TITANS  That first half of the game was complete shit. Then the second half happened and The Texans players decided to show up and be like yo let's win this fucking game!",123252.0,positive,0.061,0.759,0.181,0.7978
1oyx8a9,1763327422.0,4698,0.99,52,📹 Highlight,"MATTHEW WRIGHT WITH THE GAME WINNING KICK, THE HOUSTON TEXANS ARE BACK AT .500 AFTER SWEEPING THE TITANS  Although it is nice to be at .500, this team looks terrible on offense and needs a better pick in the draft.",246504.0,positive,0.104,0.695,0.201,0.694
1oyx8a9,1763334210.0,783,0.99,52,📹 Highlight,"MATTHEW WRIGHT WITH THE GAME WINNING KICK, THE HOUSTON TEXANS ARE BACK AT .500 AFTER SWEEPING THE TITANS  Another close game. This team increases my bp",41084.0,neutral,0.0,0.858,0.142,0.6289
1oyx8a9,1763341646.0,783,0.99,52,📹 Highlight,"MATTHEW WRIGHT WITH THE GAME WINNING KICK, THE HOUSTON TEXANS ARE BACK AT .500 AFTER SWEEPING THE TITANS  Tyler Milner… you almost fckd us bro. Stay your ass away from the team 😂",41084.0,neutral,0.093,0.797,0.11,0.1613
1oywcbl,1763325359.0,6408,0.99,7,📹 Highlight,"Back to back Titans drives end in a sack. Defense is turning it on in the 4th, Hunter gets his 8.5th sack of the season  Aaand the Nick Caliban led offense scores no points",50751.0,neutral,0.118,0.84,0.042,-0.4019
1oywcbl,1763326308.0,712,0.99,7,📹 Highlight,"Back to back Titans drives end in a sack. Defense is turning it on in the 4th, Hunter gets his 8.5th sack of the season  Daniellle ""The Titan Hunter"" Hunter",5639.0,positive,0.0,0.949,0.051,0.128
1oywcbl,1763327358.0,534,0.99,7,📹 Highlight,"Back to back Titans drives end in a sack. Defense is turning it on in the 4th, Hunter gets his 8.5th sack of the season  Close one!",4229.0,neutral,0.0,0.933,0.067,0.2003
1oywcbl,1763336820.0,356,0.99,7,📹 Highlight,"Back to back Titans drives end in a sack. Defense is turning it on in the 4th, Hunter gets his 8.5th sack of the season  Enjoy the lower draft pick suckas!!",2820.0,positive,0.064,0.783,0.153,0.4738
1oywcbl,1763363798.0,178,0.99,7,📹 Highlight,"Back to back Titans drives end in a sack. Defense is turning it on in the 4th, Hunter gets his 8.5th sack of the season  How the heck is he only at 8.5 sacks. Seems like he had 84 sacks last week alone. 

Texans had a 100% passer pressure last week. I want to find someone that has a subscription to the official stats to see of that has ever happened on 15 plus pass attempts.",1410.0,positive,0.055,0.876,0.069,0.0258
1oywcbl,1763422711.0,178,0.99,7,📹 Highlight,"Back to back Titans drives end in a sack. Defense is turning it on in the 4th, Hunter gets his 8.5th sack of the season  Hunter has 9 sacks.",1410.0,positive,0.0,0.945,0.055,0.128
1oyw4tg,1763324754.0,4374,1.0,5,📹 Highlight,Turnover in Tennessee! WAJ's first sack leads to a fumble recovery in Titans territory  DPOY type of season for WAJ,26244.0,neutral,0.0,1.0,0.0,0.0
1oyw4tg,1763332979.0,1620,1.0,5,📹 Highlight,Turnover in Tennessee! WAJ's first sack leads to a fumble recovery in Titans territory  This is his third strip sack in like 4 games. He was talking about getting after the ball more this offseason and he’s doing it. The guy is unbelievable,9720.0,positive,0.0,0.895,0.105,0.5562
1oyw4tg,1763351341.0,486,1.0,5,📹 Highlight,Turnover in Tennessee! WAJ's first sack leads to a fumble recovery in Titans territory  Lassiter at the end of this clip. lol,2916.0,neutral,0.0,0.866,0.134,0.4753
1oyve5a,1763323159.0,14736,1.0,11,📹 Highlight,"Nico Collins with the TD! Texans lead 7-6  Finally, Jesus Christ. I know our red zone offense sucks doo doo buttcheeks, but it should not have taken us this long against the goddamn Titans",176832.0,neutral,0.204,0.796,0.0,-0.7712
1oyve5a,1763323230.0,4298,1.0,11,📹 Highlight,Nico Collins with the TD! Texans lead 7-6  If we did this everytime we were in the red zone i bet wed be better at scoring touchdowns . Force the damn ball to your best playmaker and look what happens . I hope Cj starts doing the same,51576.0,neutral,0.051,0.755,0.194,0.8221
1oyosme,1763307769.0,5430,0.99,26,🥤 Kool-Aid,Neck  Still uses wired headphones,145144.0,neutral,0.0,1.0,0.0,0.0
1oyosme,1763309758.0,1448,0.99,26,🥤 Kool-Aid,Neck  General Mills,38705.0,neutral,0.0,1.0,0.0,0.0
1oyosme,1763308218.0,2534,0.99,26,🥤 Kool-Aid,Neck  No blouses or peacock hat. Dude is pure business.,67734.0,neutral,0.196,0.804,0.0,-0.296
1oyosme,1763310251.0,1086,0.99,26,🥤 Kool-Aid,"Neck  ~~Alexa~~ DeMeco, play neck",29029.0,neutral,0.0,0.625,0.375,0.34
1oyosme,1763307929.0,724,0.99,26,🥤 Kool-Aid,Neck  Go Neck! 🙌🏼,19353.0,neutral,0.0,1.0,0.0,0.0
1oyosme,1763311430.0,543,0.99,26,🥤 Kool-Aid,Neck  Necks man up! Sorry y'all but someone had to say it.,14514.0,neutral,0.116,0.884,0.0,-0.1134
1oyosme,1763311228.0,362,0.99,26,🥤 Kool-Aid,"Neck  Money Neck Mills bouta blow the top off

![gif](giphy|aTx5OMKR7FCGQ)",9676.0,neutral,0.0,0.811,0.189,0.2714
1oyosme,1763312351.0,362,0.99,26,🥤 Kool-Aid,Neck  https://preview.redd.it/nk31e6dxgn1g1.jpeg?width=619&format=pjpg&auto=webp&s=20589eba73abfdabd96db467c468fe2c3a1b406e,9676.0,positive,0.0,1.0,0.0,0.0
1oyosme,1763312642.0,362,0.99,26,🥤 Kool-Aid,"Neck  God, I'm fucking stupid. I thought bro was pushing a vacuum.

""Alright, not a broom, but maybe we're cleaning up?""",9676.0,positive,0.118,0.804,0.078,-0.2014
1oyosme,1763321189.0,362,0.99,26,🥤 Kool-Aid,Neck  Necks man up,9676.0,positive,0.0,1.0,0.0,0.0
1oyosme,1763310813.0,181,0.99,26,🥤 Kool-Aid,Neck  Keep this man forever Houston,4838.0,positive,0.0,1.0,0.0,0.0
1oyosme,1763311810.0,181,0.99,26,🥤 Kool-Aid,Neck  Please punish the wicked Mr neck,4838.0,positive,0.519,0.305,0.176,-0.6705
1oyosme,1763314668.0,181,0.99,26,🥤 Kool-Aid,Neck  Mills mafia rise up!,4838.0,neutral,0.0,1.0,0.0,0.0
1oyosme,1763330152.0,181,0.99,26,🥤 Kool-Aid,"Neck  He listening to ""Break Ya Neck"" by Busta Rhymes to pump him up",4838.0,positive,0.0,1.0,0.0,0.0
1oyosme,1763335600.0,181,0.99,26,🥤 Kool-Aid,"Neck  Dude just goes about his business.

Much respect Davis Mills.",4838.0,positive,0.0,0.763,0.237,0.4767
1ox353m,1763142261.0,2737,0.99,8,🏥 Injury,"Schultz expected to play https://x.com/aaronwilson_nfl/status/1989387278310150358?s=46 Not surprised, we have no depth at that position, which makes Stover’s return even more crucial.",24387.0,neutral,0.159,0.742,0.099,-0.1195
1ox353m,1763143292.0,2261,0.99,8,🏥 Injury,"Schultz expected to play https://x.com/aaronwilson_nfl/status/1989387278310150358?s=46 God imagine this offense with Nico, tank, the rookies, mixon and marks, and all 3 of Schultz, Jordan and stover",20146.0,positive,0.073,0.764,0.164,0.3612
1ox353m,1763143863.0,833,0.99,8,🏥 Injury,Schultz expected to play https://x.com/aaronwilson_nfl/status/1989387278310150358?s=46 I think he’ll be getting all Wednesdays (and possibly Thursdays) off this season.,7422.0,neutral,0.0,0.87,0.13,0.34
1ox353m,1763150827.0,357,0.99,8,🏥 Injury,Schultz expected to play https://x.com/aaronwilson_nfl/status/1989387278310150358?s=46 I think DeMeco was a bit lenient with the players this week for practice since they have a Thursday game next week.,3181.0,positive,0.0,0.83,0.17,0.5423
1ox353m,1763144740.0,119,0.99,8,🏥 Injury,Schultz expected to play https://x.com/aaronwilson_nfl/status/1989387278310150358?s=46 Also seen Simmons limited in practice too for Titans which would be a blessing for us,1060.0,positive,0.078,0.694,0.229,0.5719
1ox1x7v,1763141636.0,5264,0.97,17,🏥 Injury,CJ and Pitre still in concussion protocol  Getting a bit worried for TNF...,91909.0,neutral,0.167,0.833,0.0,-0.296
1ox1x7v,1763139876.0,5152,0.97,17,🏥 Injury,"CJ and Pitre still in concussion protocol  Not good, basically if he doesn’t practice Monday our already tough path to the playoffs just got even tougher",89954.0,neutral,0.137,0.804,0.059,-0.2973
1ox1x7v,1763143906.0,1680,0.97,17,🏥 Injury,"CJ and Pitre still in concussion protocol  When he was knocked out his rookie year, was he gone for 2 whole games, the main issue here is because we have a Thursday game he might not be ready in time.",29333.0,positive,0.054,0.946,0.0,-0.2755
1ox1x7v,1763139666.0,3696,0.97,17,🏥 Injury,CJ and Pitre still in concussion protocol  Being saved for Thursday.,64532.0,positive,0.0,0.781,0.219,0.4215
1ox1x7v,1763149046.0,560,0.97,17,🏥 Injury,"CJ and Pitre still in concussion protocol  I’m not looking past Tennessee, but we should let them rest. Limit Schultz. And rotate the players the further along the game it goes",9778.0,neutral,0.0,1.0,0.0,0.0
1ox1x7v,1763166385.0,336,0.97,17,🏥 Injury,"CJ and Pitre still in concussion protocol  It is what it is. I know we all want them back on the field for the Bills game, particularly CJ; but if they’re not ready, they’re just not ready.

We’re talking about their brains here; it’s not something to take lightly.",5867.0,positive,0.104,0.874,0.022,-0.6346
1ox1x7v,1763153200.0,224,0.97,17,🏥 Injury,CJ and Pitre still in concussion protocol  Necks man up,3911.0,positive,0.0,1.0,0.0,0.0
1ox1x7v,1763167604.0,224,0.97,17,🏥 Injury,CJ and Pitre still in concussion protocol  Well the Titans this week. Should be an easy win,3911.0,positive,0.0,0.614,0.386,0.8316
1ox1x7v,1763144763.0,224,0.97,17,🏥 Injury,CJ and Pitre still in concussion protocol  Yikes. Hope it's just smoke and mirrors and giving Bills false hope for Thursday.,3911.0,positive,0.0,0.687,0.313,0.802
1owylgc,1763132130.0,70810,0.99,61,💬Player/Coach Quote,Mills doesn’t let much get to him  Based as fuck,4346318.0,positive,0.28,0.72,0.0,-0.5423
1owylgc,1763132310.0,53835,0.99,61,💬Player/Coach Quote,Mills doesn’t let much get to him  What a Chad,3304392.0,positive,0.0,1.0,0.0,0.0
1owylgc,1763132709.0,48500,0.99,61,💬Player/Coach Quote,"Mills doesn’t let much get to him  Davis Mills is an absolute Chad.

Also getting payed a few million to play one or two games a year is a fricken steal.",2976930.0,positive,0.101,0.823,0.076,-0.2023
1owylgc,1763133636.0,37830,0.99,61,💬Player/Coach Quote,"Mills doesn’t let much get to him  https://preview.redd.it/9vns6sghp81g1.jpeg?width=768&format=pjpg&auto=webp&s=367832cdbd2f68efb7da67fa561823431c611749

to all the Mills haters

  
GET OUTTA MY FACE",2322005.0,positive,0.167,0.833,0.0,-0.4939
1owylgc,1763132322.0,37830,0.99,61,💬Player/Coach Quote,Mills doesn’t let much get to him  Weird quote to describe how nothing rattles him but I respect it.,2322005.0,positive,0.063,0.744,0.193,0.5859
1owylgc,1763132499.0,17945,0.99,61,💬Player/Coach Quote,Mills doesn’t let much get to him  Same. Secret to life is don’t sweat the small stuff. And wisdom is knowing it’s all small stuff.,1101464.0,positive,0.0,0.876,0.124,0.5267
1owylgc,1763132886.0,9700,0.99,61,💬Player/Coach Quote,Mills doesn’t let much get to him  His future kid is so lucky to have him as a father. An absolute chad.,595386.0,neutral,0.0,0.847,0.153,0.5598
1owylgc,1763136123.0,5820,0.99,61,💬Player/Coach Quote,"Mills doesn’t let much get to him  If you can withstand the heat 🔥from an angry wife then QB for an NFL franchise that’s barely surviving is easy peasy, baybee!",357232.0,positive,0.094,0.768,0.138,0.1369
1owylgc,1763132677.0,14550,0.99,61,💬Player/Coach Quote,Mills doesn’t let much get to him  “Women will provoke you and get mad when it works”,893079.0,positive,0.282,0.718,0.0,-0.7096
1owylgc,1763136486.0,2910,0.99,61,💬Player/Coach Quote,Mills doesn’t let much get to him  The irony of this is that his wife is going to see this and yell at him even more lol,178616.0,positive,0.041,0.853,0.106,0.4391
1owylgc,1763135821.0,2910,0.99,61,💬Player/Coach Quote,Mills doesn’t let much get to him  That’s why he ran it in to win and didn’t take a sack or throw an INT,178616.0,positive,0.0,0.853,0.147,0.5859
1owylgc,1763132424.0,5820,0.99,61,💬Player/Coach Quote,Mills doesn’t let much get to him  He just like me fr,357232.0,positive,0.0,0.815,0.185,0.3612
1owylgc,1763135411.0,2425,0.99,61,💬Player/Coach Quote,"Mills doesn’t let much get to him  I'm the same way so I respect that. If getting visably upset isn't going to help a situation (and it rarely does) then I don't. In fact, if enough things go wrong in a row I will flip from being frustrated to finding it funny and start tempting fate to add more. Like, were running late to something important already and then we pop a tire... I'll say ""wouldn't be funny if it started raining too""

My wife, who is the opposite, has told me that being really chill is mostly a positive because it helps keep her calm in bad situations as well. It's a little weird thinking there's an NFL quarterback with that mindset though...but it seems to work for him.",148846.0,positive,0.11,0.722,0.169,0.828
1owylgc,1763143637.0,1940,0.99,61,💬Player/Coach Quote,Mills doesn’t let much get to him  General Mills 🤘,119077.0,neutral,0.0,1.0,0.0,0.0
1owylgc,1763136826.0,1455,0.99,61,💬Player/Coach Quote,Mills doesn’t let much get to him  I guess this is one step above tell them to “calm down”.,89308.0,neutral,0.0,1.0,0.0,0.0
1owylgc,1763147130.0,1455,0.99,61,💬Player/Coach Quote,Mills doesn’t let much get to him  https://preview.redd.it/wnqe8u0nt91g1.jpeg?width=1179&format=pjpg&auto=webp&s=0e71371edcee583cecf9425bf7b84564ccce5674,89308.0,neutral,0.0,1.0,0.0,0.0
1owylgc,1763150024.0,1455,0.99,61,💬Player/Coach Quote,Mills doesn’t let much get to him  Big D Mills LFG,89308.0,positive,0.0,1.0,0.0,0.0
1owylgc,1763154740.0,1455,0.99,61,💬Player/Coach Quote,Mills doesn’t let much get to him  ![gif](giphy|RMxqGPaXWey2I),89308.0,positive,0.0,1.0,0.0,0.0
1owylgc,1763134870.0,2425,0.99,61,💬Player/Coach Quote,"Mills doesn’t let much get to him  Imagine having that neck and having to look down on a little woman screaming at you, doesn’t compare to having big fuckers coming at you

![gif](giphy|P88Joa1ZRwgVWXH0te|downsized)",148846.0,neutral,0.178,0.822,0.0,-0.7589
1owylgc,1763135289.0,485,0.99,61,💬Player/Coach Quote,"Mills doesn’t let much get to him  I just want see this team succeed. It doesn’t matter to me how they do it or who leads them to victory. If it’s Davis Mills or CJ Stroud, it matters not. However much we love CJ, which one is the most consistent? Which one puts points on the board? GO TEXANS!",29769.0,positive,0.0,0.821,0.179,0.8608
1owll59,1763090460.0,65858,0.97,36,📹 Highlight,"Not exactly Texans related, but John Metchie gets a TD for the Jets Makes me so happy seeing him score 😭 Love Metchie",2363644.0,neutral,0.0,0.605,0.395,0.9373
1owll59,1763090499.0,40664,0.97,36,📹 Highlight,"Not exactly Texans related, but John Metchie gets a TD for the Jets Makes me so happy seeing him score 😭 Metchie will always get love from Texans fans!!!",1459431.0,positive,0.0,0.653,0.347,0.9459
1owll59,1763090587.0,26078,0.97,36,📹 Highlight,"Not exactly Texans related, but John Metchie gets a TD for the Jets Makes me so happy seeing him score 😭 Glad he is getting an opportunity to be on the field in NY. He’s a good dude",935939.0,positive,0.0,0.631,0.369,0.9646
1owll59,1763091294.0,19448,0.97,36,📹 Highlight,"Not exactly Texans related, but John Metchie gets a TD for the Jets Makes me so happy seeing him score 😭 Wish him the best. He didn’t do anything wrong here. Next man up took his spot. It happens in football.",697989.0,negative,0.075,0.635,0.29,0.9302
1owll59,1763090430.0,9724,0.97,36,📹 Highlight,"Not exactly Texans related, but John Metchie gets a TD for the Jets Makes me so happy seeing him score 😭 👏👏👏👏👏👏",348994.0,positive,0.0,0.742,0.258,0.823
1owll59,1763090533.0,7514,0.97,36,📹 Highlight,"Not exactly Texans related, but John Metchie gets a TD for the Jets Makes me so happy seeing him score 😭 It may not be! But good for Metch!",269677.0,positive,0.088,0.708,0.204,0.7258
1owll59,1763090739.0,4862,0.97,36,📹 Highlight,"Not exactly Texans related, but John Metchie gets a TD for the Jets Makes me so happy seeing him score 😭 Let’s go!",174497.0,negative,0.0,0.743,0.257,0.8361
1owll59,1763090865.0,5304,0.97,36,📹 Highlight,"Not exactly Texans related, but John Metchie gets a TD for the Jets Makes me so happy seeing him score 😭 🎉🎉🎉🎉🎉🎉🎉🎉🎉",190361.0,negative,0.0,0.742,0.258,0.823
1owll59,1763090976.0,4862,0.97,36,📹 Highlight,"Not exactly Texans related, but John Metchie gets a TD for the Jets Makes me so happy seeing him score 😭 Good for him, hope he has success",174497.0,negative,0.0,0.532,0.468,0.9697
1owll59,1763095059.0,4862,0.97,36,📹 Highlight,"Not exactly Texans related, but John Metchie gets a TD for the Jets Makes me so happy seeing him score 😭 I had the Pats defense tonight in FF, saw a WR score and was pissed. Then saw it was Metch and felt happy, proud, sad, and still a little pissed!",174497.0,neutral,0.202,0.487,0.311,0.8579
1owll59,1763092463.0,3978,0.97,36,📹 Highlight,"Not exactly Texans related, but John Metchie gets a TD for the Jets Makes me so happy seeing him score 😭 Nothing but love from me.",142770.0,positive,0.137,0.663,0.199,0.4696
1owll59,1763092171.0,7514,0.97,36,📹 Highlight,"Not exactly Texans related, but John Metchie gets a TD for the Jets Makes me so happy seeing him score 😭 He’s still family. And Andrew Beck",269677.0,positive,0.0,0.784,0.216,0.823
1owll59,1763092905.0,3978,0.97,36,📹 Highlight,"Not exactly Texans related, but John Metchie gets a TD for the Jets Makes me so happy seeing him score 😭 Let’s go Metchie!",142770.0,negative,0.0,0.753,0.247,0.8361
1owll59,1763093798.0,3536,0.97,36,📹 Highlight,"Not exactly Texans related, but John Metchie gets a TD for the Jets Makes me so happy seeing him score 😭 I love it. Metchie will always be a Texan to me.",126907.0,negative,0.0,0.677,0.323,0.9373
1owll59,1763095212.0,3978,0.97,36,📹 Highlight,"Not exactly Texans related, but John Metchie gets a TD for the Jets Makes me so happy seeing him score 😭 Absolutely Texans related 🤘",142770.0,positive,0.0,0.761,0.239,0.823
1owll59,1763091474.0,3536,0.97,36,📹 Highlight,"Not exactly Texans related, but John Metchie gets a TD for the Jets Makes me so happy seeing him score 😭 Good for him!!",126907.0,positive,0.0,0.644,0.356,0.9193
1owll59,1763094916.0,3094,0.97,36,📹 Highlight,"Not exactly Texans related, but John Metchie gets a TD for the Jets Makes me so happy seeing him score 😭 Seems Texans related to me.",111044.0,positive,0.0,0.777,0.223,0.823
1owll59,1763091754.0,1768,0.97,36,📹 Highlight,"Not exactly Texans related, but John Metchie gets a TD for the Jets Makes me so happy seeing him score 😭 https://preview.redd.it/dhho0vaz851g1.jpeg?width=498&format=pjpg&auto=webp&s=74ed919d60b42b5b14e6d875c47865c611499828",63454.0,positive,0.0,0.742,0.258,0.823
1owll59,1763095711.0,2652,0.97,36,📹 Highlight,"Not exactly Texans related, but John Metchie gets a TD for the Jets Makes me so happy seeing him score 😭 Even as a pats fan I thought “well at least it was him”",95180.0,positive,0.0,0.745,0.255,0.8901
1owll59,1763094924.0,1768,0.97,36,📹 Highlight,"Not exactly Texans related, but John Metchie gets a TD for the Jets Makes me so happy seeing him score 😭 👏🏼🔥",63454.0,neutral,0.0,0.742,0.258,0.823
1owbxuj,1763065678.0,2925,0.99,7,🏥 Injury,Tytus Howard cleared concussion protocol  That's great news. Hopefully it means pass protection will be a little better so we don't have Davis Mills stiff arming defenders to avoid the sack.,23166.0,neutral,0.057,0.627,0.316,0.8363
1owbxuj,1763068247.0,2223,0.99,7,🏥 Injury,"Tytus Howard cleared concussion protocol  Ersery - Patterson - Andrews - Ingram - Howard

We better not see Laken inserted back in the starting lineup

Patterson has given up only 1 pressure in the LG spot in his career. He has to be the starting LG",17606.0,neutral,0.049,0.854,0.097,0.2732
1owbxuj,1763065718.0,468,0.99,7,🏥 Injury,Tytus Howard cleared concussion protocol  Super bowl bound,3707.0,neutral,0.0,0.531,0.469,0.6486
1owbxuj,1763065946.0,468,0.99,7,🏥 Injury,Tytus Howard cleared concussion protocol  ![gif](giphy|i272SXwOwuGgE|downsized),3707.0,neutral,0.0,0.747,0.253,0.1759
1ow9aly,1763067365.0,4032,0.99,24,🗞 News,"Uniform against the Titans this weekend. Their best look imo  H-Town Blue and their Battle Red is unmatched. Also, what they wore this past weekend is the sickest in the league",99792.0,neutral,0.108,0.776,0.116,0.3182
1ow9aly,1763061134.0,1296,0.99,24,🗞 News,Uniform against the Titans this weekend. Their best look imo  Pretty damn tough.,32076.0,neutral,0.204,0.437,0.359,0.6369
1ow9aly,1763063207.0,864,0.99,24,🗞 News,Uniform against the Titans this weekend. Their best look imo  The white one to me is the worst,21384.0,neutral,0.169,0.658,0.173,0.0258
1ow9aly,1763076723.0,432,0.99,24,🗞 News,Uniform against the Titans this weekend. Their best look imo  Nico will look great in the endzone with them slick unis,10692.0,neutral,0.0,0.696,0.304,0.8519
1ow9aly,1763134573.0,288,0.99,24,🗞 News,Uniform against the Titans this weekend. Their best look imo  NICOOOOOOOOOOO,7128.0,neutral,0.0,0.704,0.296,0.6369
1ow9aly,1763066209.0,720,0.99,24,🗞 News,"Uniform against the Titans this weekend. Their best look imo  No one will ever convince me our “deep steel blue” isn’t just black *sigh*

I miss the navy…",17820.0,neutral,0.115,0.697,0.188,0.5267
1ow9aly,1763073580.0,576,0.99,24,🗞 News,Uniform against the Titans this weekend. Their best look imo  Am I the only one who thinks our unis are pretty boring?,14256.0,neutral,0.083,0.65,0.267,0.7269
1ow9aly,1763061151.0,432,0.99,24,🗞 News,Uniform against the Titans this weekend. Their best look imo  Looks too much like the Patriots and one of the Falcons jerseys.,10692.0,neutral,0.0,0.749,0.251,0.7717
1ow9aly,1763072118.0,144,0.99,24,🗞 News,"Uniform against the Titans this weekend. Their best look imo  I don’t dislike it but it’s my least fav of our combos

I much prefer the white socks w this look",3564.0,neutral,0.154,0.766,0.08,-0.3442
1ow9aly,1763131972.0,144,0.99,24,🗞 News,Uniform against the Titans this weekend. Their best look imo  This but with their Battle Red jerseys,3564.0,neutral,0.162,0.714,0.124,-0.2023
1ow9aly,1763134339.0,144,0.99,24,🗞 News,"Uniform against the Titans this weekend. Their best look imo  I need Thursday to get here, I need me some battle red unis!",3564.0,neutral,0.1,0.728,0.172,0.4389
1ow9aly,1763134753.0,144,0.99,24,🗞 News,Uniform against the Titans this weekend. Their best look imo  I just don't like this new black/blue. I like the old blue better. 🤷‍♂️,3564.0,neutral,0.144,0.614,0.242,0.5967
1ow9aly,1763137956.0,144,0.99,24,🗞 News,"Uniform against the Titans this weekend. Their best look imo  These colors are so boring. The blue just looks black, there’s not enough red.",3564.0,neutral,0.102,0.754,0.144,0.2979
1ovkhnw,1762989397.0,1730,0.99,7,📹 Highlight,"Seeing Tank Dell happy on the sidelines last week joking around with Nico Collins in this week's game preview warmed my heart. Can't wait till he is back on the field. 🤘  I just got his jersey a couple weeks ago, cant wait for him to come back🔥",13702.0,neutral,0.0,0.845,0.155,0.7717
1ovkhnw,1762989385.0,1211,0.99,7,📹 Highlight,"Seeing Tank Dell happy on the sidelines last week joking around with Nico Collins in this week's game preview warmed my heart. Can't wait till he is back on the field. 🤘  I thought that was “Tank”.  I’m with you, that kid is such a play maker. I hope that he’s able to make a comeback. I wouldn’t bet against him.",9591.0,positive,0.0,0.794,0.206,0.9001
1ovkhnw,1762994231.0,1211,0.99,7,📹 Highlight,Seeing Tank Dell happy on the sidelines last week joking around with Nico Collins in this week's game preview warmed my heart. Can't wait till he is back on the field. 🤘  I love Tank. I hope he can return next season. He’s such a difference maker. Seems like everyone loves him.,9591.0,neutral,0.0,0.661,0.339,0.9638
1ovkhnw,1762995878.0,1211,0.99,7,📹 Highlight,Seeing Tank Dell happy on the sidelines last week joking around with Nico Collins in this week's game preview warmed my heart. Can't wait till he is back on the field. 🤘  Told him i’d be there for his comeback game in a lower bowl with a sign welcoming him back. I intend to keep my word!,9591.0,neutral,0.036,0.786,0.178,0.8268
1ovkhnw,1763000482.0,865,0.99,7,📹 Highlight,"Seeing Tank Dell happy on the sidelines last week joking around with Nico Collins in this week's game preview warmed my heart. Can't wait till he is back on the field. 🤘  I mean, I know after TWO season ending injuries, Tank is going to take half a year to recoup, but - I'm drafting him in the 6th or 7th next year.

He's just such a good spirit, has a great connection with the QB, and - an overall genuine good dude.",6851.0,neutral,0.0,0.766,0.234,0.9625
1ovkhnw,1763019969.0,173,0.99,7,📹 Highlight,Seeing Tank Dell happy on the sidelines last week joking around with Nico Collins in this week's game preview warmed my heart. Can't wait till he is back on the field. 🤘  Was he on the sideline for the Jags game? I was wondering if he watched the game with CJ,1370.0,neutral,0.0,0.857,0.143,0.7717
1ovdtyt,1762973612.0,12017,0.99,14,🏥 Injury,Howard is back https://x.com/jonmalexander/status/1988680940785398088?s=46 I have a feeling we might not see CJ this week.,178452.0,positive,0.0,0.889,0.111,0.128
1ovdtyt,1762990608.0,788,0.99,14,🏥 Injury,Howard is back https://x.com/jonmalexander/status/1988680940785398088?s=46 Tbh…I feel like the o-line play was better without Howard….js 🤷🏽‍♂️,11702.0,positive,0.0,0.606,0.394,0.7783
1ovdtyt,1762974225.0,394,0.99,14,🏥 Injury,Howard is back https://x.com/jonmalexander/status/1988680940785398088?s=46 ![gif](giphy|69BVZYx9De3qEaZ4zC),5851.0,positive,0.0,1.0,0.0,0.0
1ovdtyt,1763010121.0,197,0.99,14,🏥 Injury,Howard is back https://x.com/jonmalexander/status/1988680940785398088?s=46 Not surprised but it is funny CJ is in his third season and has yet to play a full game in division rival Nashville's stadium,2925.0,positive,0.04,0.751,0.209,0.7661
1ovbwmh,1762969794.0,30429,0.96,61,🥤 Kool-Aid,"If healthy Start or wait until the Bills game Do they let CJ rest one more week and wait for him to start for the bills game ? If he's medically cleared and feeling good he should play. We absolutely should not take Titans in Nashville coming off a bye for granted.

If CJ's not 100% but still medically cleared thats a different story, but we shouldnt rest him just cause we think its a guaranteed win",1811134.0,positive,0.0,0.8,0.2,0.9052
1ovbwmh,1762969678.0,10290,0.96,61,🥤 Kool-Aid,"If healthy Start or wait until the Bills game Do they let CJ rest one more week and wait for him to start for the bills game ? I feel like going against a division opponent you start him, if he’s able. Titans are ass but you never know. Also, he needs to knock the rust off before we hit the really tough schedule ahead.",612461.0,positive,0.067,0.878,0.055,-0.2118
1ovbwmh,1762970180.0,5439,0.96,61,🥤 Kool-Aid,"If healthy Start or wait until the Bills game Do they let CJ rest one more week and wait for him to start for the bills game ? Start. You want him in rhythm for the Bills game. I don't want his last play before he plays the bills be him getting a concussion. 

He needs to make some plays and see how he was cooking prior to concussion.",323729.0,positive,0.0,0.837,0.163,0.8271
1ovbwmh,1762969914.0,3822,0.96,61,🥤 Kool-Aid,"If healthy Start or wait until the Bills game Do they let CJ rest one more week and wait for him to start for the bills game ? If your starter is healthy, then you play him.  
 
Imagine telling the team you're not starting CJ even after he's ruled healthy...",227485.0,positive,0.0,0.855,0.145,0.7783
1ovbwmh,1762969825.0,2058,0.96,61,🥤 Kool-Aid,"If healthy Start or wait until the Bills game Do they let CJ rest one more week and wait for him to start for the bills game ? Start if healthy. You never know how any NFL game is gonna go and we need every win we can get, no margin for error the rest of the season",122492.0,positive,0.074,0.787,0.139,0.6486
1ovbwmh,1762969631.0,882,0.96,61,🥤 Kool-Aid,If healthy Start or wait until the Bills game Do they let CJ rest one more week and wait for him to start for the bills game ? Wait for the Bills game especially since it is a Thursday night game.,52497.0,positive,0.0,0.934,0.066,0.4019
1ovbwmh,1762971636.0,1323,0.96,61,🥤 Kool-Aid,If healthy Start or wait until the Bills game Do they let CJ rest one more week and wait for him to start for the bills game ? Start him and hopefully by the second half Mills can take over.,78745.0,positive,0.0,0.873,0.127,0.6597
1ovbwmh,1762970029.0,882,0.96,61,🥤 Kool-Aid,If healthy Start or wait until the Bills game Do they let CJ rest one more week and wait for him to start for the bills game ? I think the reps would honestly be beneficial this bills game is gonna seep pressure,52497.0,neutral,0.046,0.774,0.18,0.7506
1ovbwmh,1762969967.0,1176,0.96,61,🥤 Kool-Aid,"If healthy Start or wait until the Bills game Do they let CJ rest one more week and wait for him to start for the bills game ? A win is not worth compromising brain health imo, rest as long as he needs.",69996.0,neutral,0.036,0.823,0.141,0.7035
1ovbwmh,1762969788.0,735,0.96,61,🥤 Kool-Aid,If healthy Start or wait until the Bills game Do they let CJ rest one more week and wait for him to start for the bills game ? I do think he needs to take some rust off if they are to start him against the Bills,43747.0,neutral,0.0,0.942,0.058,0.4019
1ovbwmh,1762970660.0,735,0.96,61,🥤 Kool-Aid,If healthy Start or wait until the Bills game Do they let CJ rest one more week and wait for him to start for the bills game ? If the Texans need Stroud to beat the Titans then something is wrong…,43747.0,neutral,0.0,0.935,0.065,0.4019
1ovbwmh,1762971475.0,294,0.96,61,🥤 Kool-Aid,"If healthy Start or wait until the Bills game Do they let CJ rest one more week and wait for him to start for the bills game ? Start, but we’re beating ass put Mills in",17499.0,neutral,0.205,0.751,0.043,-0.836
1ovbwmh,1762976737.0,294,0.96,61,🥤 Kool-Aid,"If healthy Start or wait until the Bills game Do they let CJ rest one more week and wait for him to start for the bills game ? If he’s healthy he plays, end of story.",17499.0,neutral,0.0,0.812,0.188,0.7506
1ovbwmh,1762987037.0,294,0.96,61,🥤 Kool-Aid,"If healthy Start or wait until the Bills game Do they let CJ rest one more week and wait for him to start for the bills game ? He still hasn't cleared protocol, so unless that changes by Friday, I doubt he plays. I'm fine with it after that legendary fourth quarter performance from Money Mills and after our defense has played the way they have all season.",17499.0,neutral,0.052,0.806,0.142,0.6812
1ovbwmh,1762969881.0,588,0.96,61,🥤 Kool-Aid,If healthy Start or wait until the Bills game Do they let CJ rest one more week and wait for him to start for the bills game ? Stroud was always going to be out two games.,34998.0,neutral,0.0,0.928,0.072,0.4019
1ovbwmh,1762970496.0,294,0.96,61,🥤 Kool-Aid,"If healthy Start or wait until the Bills game Do they let CJ rest one more week and wait for him to start for the bills game ? don't get me wrong, I don't wanna risk his health at all, so if he's not 100% then let him rest. that being said, pls pookie, pls come back.",17499.0,neutral,0.0,0.838,0.162,0.7696
1ovbwmh,1762969625.0,294,0.96,61,🥤 Kool-Aid,"If healthy Start or wait until the Bills game Do they let CJ rest one more week and wait for him to start for the bills game ? It’s the Titans, rest up, let Davis Mills cook.",17499.0,neutral,0.0,0.928,0.072,0.4019
1ovbwmh,1762970961.0,147,0.96,61,🥤 Kool-Aid,If healthy Start or wait until the Bills game Do they let CJ rest one more week and wait for him to start for the bills game ? Maybe they'll do what they did during week 18 last year where they only start him for one drive,8749.0,positive,0.0,0.943,0.057,0.4019
1ovbwmh,1762972420.0,147,0.96,61,🥤 Kool-Aid,"If healthy Start or wait until the Bills game Do they let CJ rest one more week and wait for him to start for the bills game ? This is a must win game, going in to the Bills Colts Chiefs stretch at 5-5 is way different that 4-6 if he’s good we gotta play him",8749.0,positive,0.0,0.809,0.191,0.8957
1ovbwmh,1762972584.0,147,0.96,61,🥤 Kool-Aid,If healthy Start or wait until the Bills game Do they let CJ rest one more week and wait for him to start for the bills game ? Play at least 1 qtr (1st or 4th) to get the cobwebs out. Only if cleared,8749.0,neutral,0.0,0.857,0.143,0.6705
1ovaoec,1762966867.0,60306,1.0,18,🗞 News,Danielle Hunter is YOUR AFC Defensive Player of the Week  https://preview.redd.it/z5hszm6mxu0g1.jpeg?width=1200&format=pjpg&auto=webp&s=cc15648970c3ee3d35f5abf4ab2128157f002c0f,1145814.0,neutral,0.0,0.901,0.099,0.0258
1ovaoec,1762967063.0,42849,1.0,18,🗞 News,"Danielle Hunter is YOUR AFC Defensive Player of the Week  Dude almost singlehandly ended 2 drives in the 4th quarter. He had one of the best 4th quarters from a defensive player in a Texans uniform ever. We all applaud Davis Mills for the comeback but he was almost as equally important. 

Well deserved.",814131.0,neutral,0.0,0.801,0.199,0.7995
1ovaoec,1762967456.0,16928,1.0,18,🗞 News,Danielle Hunter is YOUR AFC Defensive Player of the Week  He’s an absolute wrecking ball of a human being.,321632.0,negative,0.0,0.939,0.061,0.0258
1ovaoec,1762968048.0,12696,1.0,18,🗞 News,Danielle Hunter is YOUR AFC Defensive Player of the Week  Hope we keep Hunter around for a little longer.,241224.0,neutral,0.0,0.8,0.2,0.4588
1ovaoec,1762968824.0,4761,1.0,18,🗞 News,Danielle Hunter is YOUR AFC Defensive Player of the Week  Damn right he is!,90459.0,negative,0.186,0.746,0.068,-0.4389
1ovaoec,1762968112.0,2645,1.0,18,🗞 News,Danielle Hunter is YOUR AFC Defensive Player of the Week  Hell Yeah!!!,50255.0,positive,0.308,0.506,0.186,-0.6341
1ovaoec,1763002622.0,1587,1.0,18,🗞 News,Danielle Hunter is YOUR AFC Defensive Player of the Week  ![gif](giphy|2A7ubohbmzhOQaxKSk),30153.0,positive,0.0,0.878,0.122,0.1007
1ovaoec,1763000046.0,1058,1.0,18,🗞 News,Danielle Hunter is YOUR AFC Defensive Player of the Week  He was overdue for a big game. He and Will are poised for another big game in Nashville,20102.0,negative,0.0,0.89,0.11,0.2732
1ovaoec,1763009995.0,1058,1.0,18,🗞 News,Danielle Hunter is YOUR AFC Defensive Player of the Week  ![gif](giphy|mC764qEwXwXN3bMKSM),20102.0,negative,0.0,0.878,0.122,0.1007
1ovaoec,1762976134.0,1058,1.0,18,🗞 News,Danielle Hunter is YOUR AFC Defensive Player of the Week  Gangnum style,20102.0,negative,0.0,0.909,0.091,0.0258
1ovaoec,1763022849.0,529,1.0,18,🗞 News,"Danielle Hunter is YOUR AFC Defensive Player of the Week  Texans had a 100% passer pressure rate.

Every single pass play Trevor was impacted by the pass rush. An incredible stat.",10051.0,negative,0.067,0.826,0.107,0.0772
1ovaoec,1763041675.0,529,1.0,18,🗞 News,"Danielle Hunter is YOUR AFC Defensive Player of the Week  Completely deserved he lit up Trevor and probably contributed as much, if not more than our offense. Comeback not possible if he didn’t completely shut down Jags offense.",10051.0,negative,0.111,0.861,0.027,-0.5311
1otuqqe,1762820478.0,51884,0.96,123,🥤 Kool-Aid,"Did we win the Tunsil trade? We got their 3rd round pick who turned into Jaylen Noel and Aireontae Ersery has been a solid replacement. On top of that we get their 2nd round pick and washington hasn't been good this year (same record as miami to put in perspective) which would give that pick better value. Tunsil hasn't played bad but washingtons o-line as a whole hasn't been good. In hindsight this was a good trade, however at the time people were very worried (rightfully so to an extent due to the risk of the move) that this would further regress an already poorly performing offensive line. ",6176271.0,positive,0.158,0.754,0.087,-0.8923
1otuqqe,1762820491.0,17612,0.96,123,🥤 Kool-Aid,"Did we win the Tunsil trade? We got their 3rd round pick who turned into Jaylen Noel and Aireontae Ersery has been a solid replacement. On top of that we get their 2nd round pick and washington hasn't been good this year (same record as miami to put in perspective) which would give that pick better value. Tunsil hasn't played bad but washingtons o-line as a whole hasn't been good. Win is obviously subjective but he’s going to want a ton of money and we probably didn’t have it anyway. Trade for high value, it’s been a win-win. Commanders stink but he still doesn’t.",2096532.0,neutral,0.12,0.749,0.131,-0.4143
1otuqqe,1762822288.0,6188,0.96,123,🥤 Kool-Aid,"Did we win the Tunsil trade? We got their 3rd round pick who turned into Jaylen Noel and Aireontae Ersery has been a solid replacement. On top of that we get their 2nd round pick and washington hasn't been good this year (same record as miami to put in perspective) which would give that pick better value. Tunsil hasn't played bad but washingtons o-line as a whole hasn't been good. Yes, but only because Ersery is looking like he will develop into a mainstay at LT for years to come. All of the concerns when the trade was made were valid but it has worked out great so far. And we haven't even spent the 2nd yet!",736620.0,neutral,0.07,0.778,0.152,0.8641
1otuqqe,1762820808.0,22372,0.96,123,🥤 Kool-Aid,Did we win the Tunsil trade? We got their 3rd round pick who turned into Jaylen Noel and Aireontae Ersery has been a solid replacement. On top of that we get their 2nd round pick and washington hasn't been good this year (same record as miami to put in perspective) which would give that pick better value. Tunsil hasn't played bad but washingtons o-line as a whole hasn't been good. At least he wasn’t here to false start that game winning drive Sunday.,2663163.0,negative,0.068,0.767,0.165,0.7873
1otuqqe,1762821116.0,4046,0.96,123,🥤 Kool-Aid,"Did we win the Tunsil trade? We got their 3rd round pick who turned into Jaylen Noel and Aireontae Ersery has been a solid replacement. On top of that we get their 2nd round pick and washington hasn't been good this year (same record as miami to put in perspective) which would give that pick better value. Tunsil hasn't played bad but washingtons o-line as a whole hasn't been good. You have to account for Tunsil being the most expensive player on our team when we traded him.  We made some huge draft home runs and they needed to be paid.

I think this was a good idea for the team.",481636.0,negative,0.079,0.806,0.114,0.2928
1otuqqe,1762820912.0,17136,0.96,123,🥤 Kool-Aid,"Did we win the Tunsil trade? We got their 3rd round pick who turned into Jaylen Noel and Aireontae Ersery has been a solid replacement. On top of that we get their 2nd round pick and washington hasn't been good this year (same record as miami to put in perspective) which would give that pick better value. Tunsil hasn't played bad but washingtons o-line as a whole hasn't been good. Yes, without a doubt. Tunsil is a highly skilled OL but what their fanbase failed to realize when they were celebrating the trade was that Tunsil's shortcomings as a leader/communicator on the line and his propensity for penalties are a huge detriment, especially for a player eating up as much cap space he's taking. And this is before their team collapsed making that 2nd round pick even more valuable next season",2039869.0,negative,0.102,0.736,0.162,0.8231
1otuqqe,1762823110.0,3332,0.96,123,🥤 Kool-Aid,"Did we win the Tunsil trade? We got their 3rd round pick who turned into Jaylen Noel and Aireontae Ersery has been a solid replacement. On top of that we get their 2nd round pick and washington hasn't been good this year (same record as miami to put in perspective) which would give that pick better value. Tunsil hasn't played bad but washingtons o-line as a whole hasn't been good. >Tunsil hasn't played bad but Washington's o-line as a whole hasn't played well.  


Funny how that keeps happening.",396641.0,negative,0.164,0.695,0.141,-0.5136
1otuqqe,1762821082.0,1904,0.96,123,🥤 Kool-Aid,"Did we win the Tunsil trade? We got their 3rd round pick who turned into Jaylen Noel and Aireontae Ersery has been a solid replacement. On top of that we get their 2nd round pick and washington hasn't been good this year (same record as miami to put in perspective) which would give that pick better value. Tunsil hasn't played bad but washingtons o-line as a whole hasn't been good. still too early to say, Commanders have had really bad injury luck lately, we have not made all of those picks yet, etc.",226652.0,neutral,0.096,0.73,0.174,0.7505
1otuqqe,1762821226.0,2142,0.96,123,🥤 Kool-Aid,"Did we win the Tunsil trade? We got their 3rd round pick who turned into Jaylen Noel and Aireontae Ersery has been a solid replacement. On top of that we get their 2nd round pick and washington hasn't been good this year (same record as miami to put in perspective) which would give that pick better value. Tunsil hasn't played bad but washingtons o-line as a whole hasn't been good. https://preview.redd.it/8zgicifhwi0g1.png?width=799&format=png&auto=webp&s=26055795c8f7d349d1d61d9aeaf4e6bdca1d20a9

Not bad, now a fan of anyone v Wash.",254984.0,negative,0.099,0.734,0.167,0.6171
1otuqqe,1762821063.0,1666,0.96,123,🥤 Kool-Aid,Did we win the Tunsil trade? We got their 3rd round pick who turned into Jaylen Noel and Aireontae Ersery has been a solid replacement. On top of that we get their 2nd round pick and washington hasn't been good this year (same record as miami to put in perspective) which would give that pick better value. Tunsil hasn't played bad but washingtons o-line as a whole hasn't been good. 50/50ish right now. Nick has been pretty good at finding talent in the second day of the draft so having more ammo there is always good. If we get a starter out of one of those 2026 picks  I would say we won.,198321.0,neutral,0.096,0.724,0.181,0.88
1otuqqe,1762821879.0,1666,0.96,123,🥤 Kool-Aid,"Did we win the Tunsil trade? We got their 3rd round pick who turned into Jaylen Noel and Aireontae Ersery has been a solid replacement. On top of that we get their 2nd round pick and washington hasn't been good this year (same record as miami to put in perspective) which would give that pick better value. Tunsil hasn't played bad but washingtons o-line as a whole hasn't been good. A 2 and a 3 for an expensive, ageing veteran? Yeah, we won the trade. Tunsil's contract reflected his value fairly, which is to say that two day two picks in return is a haul.",198321.0,neutral,0.055,0.752,0.192,0.9281
1otuqqe,1762822140.0,1190,0.96,123,🥤 Kool-Aid,Did we win the Tunsil trade? We got their 3rd round pick who turned into Jaylen Noel and Aireontae Ersery has been a solid replacement. On top of that we get their 2nd round pick and washington hasn't been good this year (same record as miami to put in perspective) which would give that pick better value. Tunsil hasn't played bad but washingtons o-line as a whole hasn't been good. That 2nd rounder is looking nice,141658.0,neutral,0.075,0.756,0.17,0.7223
1otuqqe,1762822315.0,1190,0.96,123,🥤 Kool-Aid,Did we win the Tunsil trade? We got their 3rd round pick who turned into Jaylen Noel and Aireontae Ersery has been a solid replacement. On top of that we get their 2nd round pick and washington hasn't been good this year (same record as miami to put in perspective) which would give that pick better value. Tunsil hasn't played bad but washingtons o-line as a whole hasn't been good. What was frustrating was the non Texans fans looking at his TOTAL penalties to defend him and ignoring the TIMING.,141658.0,positive,0.135,0.759,0.105,-0.7232
1otuqqe,1762821780.0,1190,0.96,123,🥤 Kool-Aid,Did we win the Tunsil trade? We got their 3rd round pick who turned into Jaylen Noel and Aireontae Ersery has been a solid replacement. On top of that we get their 2nd round pick and washington hasn't been good this year (same record as miami to put in perspective) which would give that pick better value. Tunsil hasn't played bad but washingtons o-line as a whole hasn't been good. Commanders 2nd rounder keeps getting better.,141658.0,positive,0.075,0.754,0.171,0.7347
1otuqqe,1762823734.0,1190,0.96,123,🥤 Kool-Aid,Did we win the Tunsil trade? We got their 3rd round pick who turned into Jaylen Noel and Aireontae Ersery has been a solid replacement. On top of that we get their 2nd round pick and washington hasn't been good this year (same record as miami to put in perspective) which would give that pick better value. Tunsil hasn't played bad but washingtons o-line as a whole hasn't been good. This trade would look better if the Texans did a better job with lineman in FA last season.,141658.0,positive,0.064,0.75,0.186,0.8763
1otuqqe,1762852657.0,1428,0.96,123,🥤 Kool-Aid,Did we win the Tunsil trade? We got their 3rd round pick who turned into Jaylen Noel and Aireontae Ersery has been a solid replacement. On top of that we get their 2nd round pick and washington hasn't been good this year (same record as miami to put in perspective) which would give that pick better value. Tunsil hasn't played bad but washingtons o-line as a whole hasn't been good. Yes tunsil is overrated. Washington thought they were for real and overpaid,169989.0,positive,0.103,0.779,0.119,-0.1386
1otuqqe,1762823068.0,1190,0.96,123,🥤 Kool-Aid,"Did we win the Tunsil trade? We got their 3rd round pick who turned into Jaylen Noel and Aireontae Ersery has been a solid replacement. On top of that we get their 2nd round pick and washington hasn't been good this year (same record as miami to put in perspective) which would give that pick better value. Tunsil hasn't played bad but washingtons o-line as a whole hasn't been good. The Commanders OL appears to be very similar to what they were in 2024.  Our OL does as well.  Ours is moving in the right direction theirs is seemingly regressing. We have the picks, a brighter longterm outlook at LT and dont have to pay him a 3rd time.  Also he wasnt a leader and wore a C. 

Obvious win.  The logic worked out exactly as Caserio envisioned and he deserves his flowers from some of yall on this one.",141658.0,positive,0.039,0.815,0.145,0.933
1otuqqe,1762828780.0,952,0.96,123,🥤 Kool-Aid,"Did we win the Tunsil trade? We got their 3rd round pick who turned into Jaylen Noel and Aireontae Ersery has been a solid replacement. On top of that we get their 2nd round pick and washington hasn't been good this year (same record as miami to put in perspective) which would give that pick better value. Tunsil hasn't played bad but washingtons o-line as a whole hasn't been good. Absolutely.  Tunsil refused to be a leader and was a drive killer.  He was an above average pass blocker, as long as he wasn’t asked to aid his guard.  He sucked at run blocking as well.  I’ll take Ersery every day of the week…and so would Washington.",113326.0,positive,0.169,0.732,0.099,-0.927
1otuqqe,1762823397.0,714,0.96,123,🥤 Kool-Aid,Did we win the Tunsil trade? We got their 3rd round pick who turned into Jaylen Noel and Aireontae Ersery has been a solid replacement. On top of that we get their 2nd round pick and washington hasn't been good this year (same record as miami to put in perspective) which would give that pick better value. Tunsil hasn't played bad but washingtons o-line as a whole hasn't been good. lol we did them like we did the Browns,84995.0,positive,0.105,0.739,0.156,0.3812
1otuqqe,1762827227.0,714,0.96,123,🥤 Kool-Aid,Did we win the Tunsil trade? We got their 3rd round pick who turned into Jaylen Noel and Aireontae Ersery has been a solid replacement. On top of that we get their 2nd round pick and washington hasn't been good this year (same record as miami to put in perspective) which would give that pick better value. Tunsil hasn't played bad but washingtons o-line as a whole hasn't been good. Emphatic yes,84995.0,negative,0.079,0.745,0.177,0.7091
1otstz6,1762815740.0,8932,0.88,40,🤬 Rant/Complaint,Anyone else getting annoyed by Josh Allen trying to draw flags? He did this crap against the dolphins where he made it look like he was hit harder than he actually was and he also jerked his head back against the chiefs during a slide when the defender just barely taps his head. Worst part is we have to play this mf in two weeks and with our defense's physical playstyle it won't surprise me if he draws flags against us. Last time we played him Allen actually got kinda concussed towards the end. ,322267.0,negative,0.126,0.792,0.082,-0.6822
1otstz6,1762816296.0,7772,0.88,40,🤬 Rant/Complaint,Anyone else getting annoyed by Josh Allen trying to draw flags? He did this crap against the dolphins where he made it look like he was hit harder than he actually was and he also jerked his head back against the chiefs during a slide when the defender just barely taps his head. Worst part is we have to play this mf in two weeks and with our defense's physical playstyle it won't surprise me if he draws flags against us. https://preview.redd.it/h3iui78whi0g1.jpeg?width=686&format=pjpg&auto=webp&s=4645d7d79811cbc1ec8116b8402719aaf458b577,280414.0,neutral,0.147,0.785,0.068,-0.8113
1otstz6,1762816069.0,2552,0.88,40,🤬 Rant/Complaint,Anyone else getting annoyed by Josh Allen trying to draw flags? He did this crap against the dolphins where he made it look like he was hit harder than he actually was and he also jerked his head back against the chiefs during a slide when the defender just barely taps his head. Worst part is we have to play this mf in two weeks and with our defense's physical playstyle it won't surprise me if he draws flags against us. He’s a known flopper like Mahomes. We will just have to take the penalties. Key to beating the billls is making his life hell all game.,92076.0,positive,0.169,0.76,0.071,-0.9203
1otstz6,1762815689.0,2320,0.88,40,🤬 Rant/Complaint,Anyone else getting annoyed by Josh Allen trying to draw flags? He did this crap against the dolphins where he made it look like he was hit harder than he actually was and he also jerked his head back against the chiefs during a slide when the defender just barely taps his head. Worst part is we have to play this mf in two weeks and with our defense's physical playstyle it won't surprise me if he draws flags against us. When he’ll get hit by azzez he’s gonna flop like a dead fish ,83706.0,positive,0.182,0.738,0.08,-0.9045
1otstz6,1762816829.0,696,0.88,40,🤬 Rant/Complaint,"Anyone else getting annoyed by Josh Allen trying to draw flags? He did this crap against the dolphins where he made it look like he was hit harder than he actually was and he also jerked his head back against the chiefs during a slide when the defender just barely taps his head. Worst part is we have to play this mf in two weeks and with our defense's physical playstyle it won't surprise me if he draws flags against us. Josh Allen figured if Mahomes gets away with it, why not?",25112.0,positive,0.133,0.806,0.061,-0.8113
1otstz6,1762817168.0,1160,0.88,40,🤬 Rant/Complaint,"Anyone else getting annoyed by Josh Allen trying to draw flags? He did this crap against the dolphins where he made it look like he was hit harder than he actually was and he also jerked his head back against the chiefs during a slide when the defender just barely taps his head. Worst part is we have to play this mf in two weeks and with our defense's physical playstyle it won't surprise me if he draws flags against us. Yeah but if it comes down to the Bills, Chiefs, Colts, and Broncos. I'd gladly take the Bills and Josh Allen to win the AFC.",41853.0,positive,0.078,0.799,0.124,0.7501
1otstz6,1762817901.0,348,0.88,40,🤬 Rant/Complaint,"Anyone else getting annoyed by Josh Allen trying to draw flags? He did this crap against the dolphins where he made it look like he was hit harder than he actually was and he also jerked his head back against the chiefs during a slide when the defender just barely taps his head. Worst part is we have to play this mf in two weeks and with our defense's physical playstyle it won't surprise me if he draws flags against us. He did get popped a little late, and his head did hit the turf pretty hard. I don't think he was wrong to be upset about that. Not that it mattered to the outcome of the game of course.",12556.0,positive,0.151,0.778,0.07,-0.8724
1otstz6,1762886319.0,348,0.88,40,🤬 Rant/Complaint,Anyone else getting annoyed by Josh Allen trying to draw flags? He did this crap against the dolphins where he made it look like he was hit harder than he actually was and he also jerked his head back against the chiefs during a slide when the defender just barely taps his head. Worst part is we have to play this mf in two weeks and with our defense's physical playstyle it won't surprise me if he draws flags against us. I was a huge James Harden fan while he was with the rockets so i dont think i have room to complain,12556.0,positive,0.139,0.765,0.096,-0.7108
1otstz6,1762815806.0,464,0.88,40,🤬 Rant/Complaint,Anyone else getting annoyed by Josh Allen trying to draw flags? He did this crap against the dolphins where he made it look like he was hit harder than he actually was and he also jerked his head back against the chiefs during a slide when the defender just barely taps his head. Worst part is we have to play this mf in two weeks and with our defense's physical playstyle it won't surprise me if he draws flags against us. I think this one was pretty legit.,16741.0,neutral,0.133,0.771,0.095,-0.5878
1otstz6,1762822274.0,696,0.88,40,🤬 Rant/Complaint,"Anyone else getting annoyed by Josh Allen trying to draw flags? He did this crap against the dolphins where he made it look like he was hit harder than he actually was and he also jerked his head back against the chiefs during a slide when the defender just barely taps his head. Worst part is we have to play this mf in two weeks and with our defense's physical playstyle it won't surprise me if he draws flags against us. We can fix flopping in one fell swoop: any qb clutching their helmet like that -even if it’s obviously a flop, should be removed for a play or series to be observed for concussive symptoms.",25112.0,positive,0.122,0.791,0.087,-0.672
1otstz6,1762839240.0,232,0.88,40,🤬 Rant/Complaint,Anyone else getting annoyed by Josh Allen trying to draw flags? He did this crap against the dolphins where he made it look like he was hit harder than he actually was and he also jerked his head back against the chiefs during a slide when the defender just barely taps his head. Worst part is we have to play this mf in two weeks and with our defense's physical playstyle it won't surprise me if he draws flags against us. Luckily the refs didn’t cave in,8371.0,positive,0.133,0.771,0.096,-0.5739
1otstz6,1762815998.0,232,0.88,40,🤬 Rant/Complaint,"Anyone else getting annoyed by Josh Allen trying to draw flags? He did this crap against the dolphins where he made it look like he was hit harder than he actually was and he also jerked his head back against the chiefs during a slide when the defender just barely taps his head. Worst part is we have to play this mf in two weeks and with our defense's physical playstyle it won't surprise me if he draws flags against us. It’s not just him, it’s every guy on every down, PbU shoulda been PI, sack it’s Roughing. It’s getting annoying",8371.0,neutral,0.141,0.803,0.056,-0.8662
1otstz6,1762821777.0,348,0.88,40,🤬 Rant/Complaint,"Anyone else getting annoyed by Josh Allen trying to draw flags? He did this crap against the dolphins where he made it look like he was hit harder than he actually was and he also jerked his head back against the chiefs during a slide when the defender just barely taps his head. Worst part is we have to play this mf in two weeks and with our defense's physical playstyle it won't surprise me if he draws flags against us. He learned from Mahomes. 
 Other sports call penalties against someone exaggerating trying to draw a penalty. 
 Why not football?",12556.0,positive,0.163,0.781,0.056,-0.9016
1otstz6,1762889860.0,116,0.88,40,🤬 Rant/Complaint,Anyone else getting annoyed by Josh Allen trying to draw flags? He did this crap against the dolphins where he made it look like he was hit harder than he actually was and he also jerked his head back against the chiefs during a slide when the defender just barely taps his head. Worst part is we have to play this mf in two weeks and with our defense's physical playstyle it won't surprise me if he draws flags against us. Our defense might decide to actually give him something to cry about...,4185.0,positive,0.155,0.772,0.073,-0.8629
1otstz6,1763123607.0,116,0.88,40,🤬 Rant/Complaint,Anyone else getting annoyed by Josh Allen trying to draw flags? He did this crap against the dolphins where he made it look like he was hit harder than he actually was and he also jerked his head back against the chiefs during a slide when the defender just barely taps his head. Worst part is we have to play this mf in two weeks and with our defense's physical playstyle it won't surprise me if he draws flags against us. What’s new,4185.0,neutral,0.142,0.79,0.067,-0.7914
1otstz6,1763123612.0,116,0.88,40,🤬 Rant/Complaint,Anyone else getting annoyed by Josh Allen trying to draw flags? He did this crap against the dolphins where he made it look like he was hit harder than he actually was and he also jerked his head back against the chiefs during a slide when the defender just barely taps his head. Worst part is we have to play this mf in two weeks and with our defense's physical playstyle it won't surprise me if he draws flags against us. Learned from pat,4185.0,positive,0.141,0.793,0.067,-0.7914
1otstz6,1763187209.0,116,0.88,40,🤬 Rant/Complaint,"Anyone else getting annoyed by Josh Allen trying to draw flags? He did this crap against the dolphins where he made it look like he was hit harder than he actually was and he also jerked his head back against the chiefs during a slide when the defender just barely taps his head. Worst part is we have to play this mf in two weeks and with our defense's physical playstyle it won't surprise me if he draws flags against us. to be real mahomes does a better job than him at this, he has to compete with mahomes.",4185.0,positive,0.12,0.796,0.083,-0.6266
1oto3hr,1762806087.0,21534,0.98,37,🥤 Kool-Aid,"Huge shoutout to Travis Etienne Jr for doing Arian Foster’s celebration yesterday after the Jags went up 29-10. Unlike Jaire Alexander, our guys used it as motivation and rattled off 26 unanswered points 😈  Arian foster was actually in attendance at the game too",801926.0,neutral,0.0,0.897,0.103,0.5719
1oto3hr,1762804710.0,27645,0.98,37,🥤 Kool-Aid,"Huge shoutout to Travis Etienne Jr for doing Arian Foster’s celebration yesterday after the Jags went up 29-10. Unlike Jaire Alexander, our guys used it as motivation and rattled off 26 unanswered points 😈  that shit pissed me off😭 so glad we came back and won",1029500.0,positive,0.132,0.66,0.208,0.5371
1oto3hr,1762806310.0,22989,0.98,37,🥤 Kool-Aid,"Huge shoutout to Travis Etienne Jr for doing Arian Foster’s celebration yesterday after the Jags went up 29-10. Unlike Jaire Alexander, our guys used it as motivation and rattled off 26 unanswered points 😈  Maybe I'm in the minority here, but I think it's cool when players pay homage to former greats even if they're from the other team.  I bet Arian thought it was cool too.",856110.0,positive,0.023,0.845,0.132,0.7684
1oto3hr,1762815604.0,1746,0.98,37,🥤 Kool-Aid,"Huge shoutout to Travis Etienne Jr for doing Arian Foster’s celebration yesterday after the Jags went up 29-10. Unlike Jaire Alexander, our guys used it as motivation and rattled off 26 unanswered points 😈  Mess with the bull, you get the horns!",65021.0,positive,0.055,0.835,0.11,0.3595
1oto3hr,1762809134.0,3492,0.98,37,🥤 Kool-Aid,"Huge shoutout to Travis Etienne Jr for doing Arian Foster’s celebration yesterday after the Jags went up 29-10. Unlike Jaire Alexander, our guys used it as motivation and rattled off 26 unanswered points 😈  I don't see why an opposing player playing homage to a celebrated Texans player is a bad thing? He's essentially saying ""this dude put you on the map - here is a way for me to show you that"". Like, why are we angry about this? LOL I hope people always remember AF and pay homage to him by emulating his TD celebration.",130042.0,positive,0.076,0.743,0.181,0.8832
1oto3hr,1762810461.0,1746,0.98,37,🥤 Kool-Aid,"Huge shoutout to Travis Etienne Jr for doing Arian Foster’s celebration yesterday after the Jags went up 29-10. Unlike Jaire Alexander, our guys used it as motivation and rattled off 26 unanswered points 😈  I love this.  Etienne clearly is being respectful.  Respect back.

Also I love horns down so maybe Im just a sucker.  But its objectively the best hand signal and hand taunt in sports.  We all need to chill imo.",65021.0,positive,0.025,0.651,0.324,0.9768
1oto3hr,1762833588.0,582,0.98,37,🥤 Kool-Aid,"Huge shoutout to Travis Etienne Jr for doing Arian Foster’s celebration yesterday after the Jags went up 29-10. Unlike Jaire Alexander, our guys used it as motivation and rattled off 26 unanswered points 😈  Enjoy those last points, Jags. 

MUHAHAHAHAHA.",21674.0,neutral,0.0,0.82,0.18,0.7845
1oto3hr,1762927425.0,582,0.98,37,🥤 Kool-Aid,"Huge shoutout to Travis Etienne Jr for doing Arian Foster’s celebration yesterday after the Jags went up 29-10. Unlike Jaire Alexander, our guys used it as motivation and rattled off 26 unanswered points 😈  This was the point where the Football Gods took notice and decided the Jags were about to humiliate themselves.",21674.0,positive,0.061,0.857,0.082,0.0516
1oto3hr,1763294125.0,291,0.98,37,🥤 Kool-Aid,"Huge shoutout to Travis Etienne Jr for doing Arian Foster’s celebration yesterday after the Jags went up 29-10. Unlike Jaire Alexander, our guys used it as motivation and rattled off 26 unanswered points 😈  Jags just flat out stink.",10837.0,positive,0.064,0.825,0.111,0.25
1oto3hr,1762808064.0,291,0.98,37,🥤 Kool-Aid,"Huge shoutout to Travis Etienne Jr for doing Arian Foster’s celebration yesterday after the Jags went up 29-10. Unlike Jaire Alexander, our guys used it as motivation and rattled off 26 unanswered points 😈  I highly doubt any current player even knew that was Arian foster’s much less made them more motivated lol",10837.0,positive,0.047,0.768,0.185,0.8062
1oti93n,1762792214.0,20520,1.0,22,🏥 Injury,"Great news!  That's awesome to hear. He's the best blocking Tight End we have by far. I hope we don't go away from the Jumbo packages though, they've been one of the few things that have consistently worked for a while.",471960.0,neutral,0.05,0.651,0.299,0.9324
1oti93n,1762792766.0,5415,1.0,22,🏥 Injury,Great news!  Good stuff. Definitely want to see more of that guy. Really hope he and CJ can rediscover their college production.,124545.0,positive,0.0,0.54,0.46,0.9258
1oti93n,1762792794.0,4275,1.0,22,🏥 Injury,Great news!  Love it. Cade kicks ass.,98325.0,positive,0.217,0.249,0.534,0.7263
1oti93n,1762793047.0,2565,1.0,22,🏥 Injury,Great news!  The Astros could never..,58995.0,neutral,0.0,0.532,0.468,0.6588
1oti93n,1762794342.0,855,1.0,22,🏥 Injury,Great news!  Yay!!,19665.0,neutral,0.0,0.107,0.893,0.8547
1oti93n,1762794581.0,570,1.0,22,🏥 Injury,Great news!  Things are looking up! 🎉,13110.0,neutral,0.0,0.516,0.484,0.6892
1oti93n,1762884716.0,570,1.0,22,🏥 Injury,Great news!  Seeing people so excited for our blocking tight end coming back just makes me think fisher was the second worst lineman drafted in the caserio era….. Scruggs isn’t far behind with how he’s played,13110.0,neutral,0.141,0.651,0.208,0.4953
1oti93n,1762800376.0,285,1.0,22,🏥 Injury,Great news!  General Mills getting reinforcements. 👀,6555.0,positive,0.0,0.532,0.468,0.6588
1oti93n,1762802527.0,285,1.0,22,🏥 Injury,Great news!  Superbowl bound!,6555.0,neutral,0.0,0.39,0.61,0.6892
1oti93n,1763049941.0,285,1.0,22,🏥 Injury,Great news!  What's up with Mixon?,6555.0,positive,0.0,0.532,0.468,0.6588
1ot2dw4,1762744952.0,1778,0.99,6,📹 Highlight,"What an insane game today! Here is the final call on Texans Radio as Sheldon Rankins scored the final TD as time expired and your Texans knocked out the Jags! Thanks for listening!  The Texans have changed their season around, indeed! Love the call.

And you have to share your call of the Mills go ahead touchdown run; it's an equally great moment/call!",12322.0,positive,0.036,0.771,0.194,0.9164
1ot2dw4,1762753526.0,635,0.99,6,📹 Highlight,"What an insane game today! Here is the final call on Texans Radio as Sheldon Rankins scored the final TD as time expired and your Texans knocked out the Jags! Thanks for listening!  we gotta win a superbowl not only for me, but for vandy",4401.0,positive,0.038,0.853,0.109,0.5229
1ot2dw4,1762789416.0,254,0.99,6,📹 Highlight,"What an insane game today! Here is the final call on Texans Radio as Sheldon Rankins scored the final TD as time expired and your Texans knocked out the Jags! Thanks for listening!  The energy in that stadium was like nothing I ever felt, sucks if you left early. Goes to show that anything can happen on any given Sunday.",1760.0,neutral,0.04,0.804,0.156,0.7774
1ot2dw4,1762790572.0,254,0.99,6,📹 Highlight,What an insane game today! Here is the final call on Texans Radio as Sheldon Rankins scored the final TD as time expired and your Texans knocked out the Jags! Thanks for listening!  Great play: great call!,1760.0,positive,0.055,0.648,0.297,0.918
1ot2dw4,1762789036.0,127,0.99,6,📹 Highlight,What an insane game today! Here is the final call on Texans Radio as Sheldon Rankins scored the final TD as time expired and your Texans knocked out the Jags! Thanks for listening!  Allllll the way back,880.0,positive,0.065,0.844,0.091,0.2677
1ot0rih,1762738174.0,40890,1.0,20,📹 Highlight,DeMeco Ryans runs down the field to congratulate Sheldon Rankins after game-ending TD.  That's my coach.,858690.0,positive,0.0,0.824,0.176,0.4939
1ot0rih,1762740150.0,12615,1.0,20,📹 Highlight,DeMeco Ryans runs down the field to congratulate Sheldon Rankins after game-ending TD.  Llooovvveee it thats my coach! Thats my team thur the ups and downs we are TEXANS!!!,264915.0,neutral,0.0,0.865,0.135,0.6562
1ot0rih,1762745740.0,7830,1.0,20,📹 Highlight,DeMeco Ryans runs down the field to congratulate Sheldon Rankins after game-ending TD.  Love to see that! My fear is we yo-yo back the other way the next game. We seem to be on a rollercoaster and the first half of this one was…something. All you can do is watch. Between fingers sometimes.,164430.0,neutral,0.053,0.818,0.128,0.6696
1ot0rih,1762748649.0,6525,1.0,20,📹 Highlight,DeMeco Ryans runs down the field to congratulate Sheldon Rankins after game-ending TD.  Did he straight up hurdle over the Jags player that was on the ground?!?,137025.0,neutral,0.0,0.813,0.187,0.6958
1ot0rih,1762747482.0,2610,1.0,20,📹 Highlight,"DeMeco Ryans runs down the field to congratulate Sheldon Rankins after game-ending TD.  How could anyone not love this man? A leader of men, who commands respect, who is able to enjoy the moment and properly celebrate with his players.",54810.0,neutral,0.067,0.672,0.261,0.8699
1ot0rih,1762757782.0,2175,1.0,20,📹 Highlight,DeMeco Ryans runs down the field to congratulate Sheldon Rankins after game-ending TD.  Coach was the first guy there lmaoo,45675.0,positive,0.0,0.856,0.144,0.4939
1ot0rih,1762784148.0,1305,1.0,20,📹 Highlight,DeMeco Ryans runs down the field to congratulate Sheldon Rankins after game-ending TD.  Great defense will always keep you in the game,27405.0,positive,0.0,0.683,0.317,0.8316
1ot0rih,1762769513.0,870,1.0,20,📹 Highlight,DeMeco Ryans runs down the field to congratulate Sheldon Rankins after game-ending TD.  Glad to finally see some emotion out of this guy.,18270.0,neutral,0.0,0.772,0.228,0.7351
1ot0rih,1762740453.0,1305,1.0,20,📹 Highlight,DeMeco Ryans runs down the field to congratulate Sheldon Rankins after game-ending TD.  🤘yes sir,27405.0,positive,0.0,0.814,0.186,0.4939
1ot0rih,1762799336.0,435,1.0,20,📹 Highlight,DeMeco Ryans runs down the field to congratulate Sheldon Rankins after game-ending TD.  I was kinda worried the defender knocked the ball over before he crossed the goal line but never saw a replay. Guess he didn't lol,9135.0,positive,0.112,0.808,0.08,-0.3145
1osy541,1762732949.0,2016,1.0,7,🥤 Kool-Aid,SCREW IT. HE GETS EVERY PIECE I HAVE!!!  I honestly came to reddit after I remembered lego mills. Wanted to see if its still a thing. Glad I didnt get disappointed 😂,16128.0,positive,0.064,0.655,0.281,0.8072
1osy541,1762734336.0,336,1.0,7,🥤 Kool-Aid,SCREW IT. HE GETS EVERY PIECE I HAVE!!!  Our neck > their neck,2688.0,neutral,0.231,0.769,0.0,-0.4605
1osy541,1762752079.0,672,1.0,7,🥤 Kool-Aid,SCREW IT. HE GETS EVERY PIECE I HAVE!!!  This pleases the neck,5376.0,positive,0.145,0.612,0.243,0.3491
1osy541,1762734451.0,504,1.0,7,🥤 Kool-Aid,SCREW IT. HE GETS EVERY PIECE I HAVE!!!  ❤️,4032.0,positive,0.301,0.699,0.0,-0.4605
1osw0vu,1762729895.0,6300,1.0,3,💬Player/Coach Quote,"Demeco Ryans in the presser: ""Thankful for finding a way to win this game. Especially coming in with a heavy heart. Lost my best friend, Earl Cochran, so, I know he's smiling down on us right now. He would be very proud."" RIP, I was not aware of that. Makes this win even better. https://preview.redd.it/lx802h1zcb0g1.jpeg?width=2048&format=pjpg&auto=webp&s=81e2beb98d624d4784a6c948b8362e22150164f1

RIP",25200.0,positive,0.032,0.618,0.349,0.9737
1osw0vu,1762889501.0,225,1.0,3,💬Player/Coach Quote,"Demeco Ryans in the presser: ""Thankful for finding a way to win this game. Especially coming in with a heavy heart. Lost my best friend, Earl Cochran, so, I know he's smiling down on us right now. He would be very proud."" RIP, I was not aware of that. Makes this win even better. I didn't know about Earl until yesterday. I actually do remember him playing for us, or at least hearing his name called in few games during that late 2000s era. 

RIP to him and condolences for his family and friends.",900.0,positive,0.021,0.709,0.27,0.9808
1osw0vu,1762999211.0,225,1.0,3,💬Player/Coach Quote,"Demeco Ryans in the presser: ""Thankful for finding a way to win this game. Especially coming in with a heavy heart. Lost my best friend, Earl Cochran, so, I know he's smiling down on us right now. He would be very proud."" RIP, I was not aware of that. Makes this win even better. RIP Earl Cochran.",900.0,neutral,0.032,0.624,0.345,0.9737
1osvvc6,1762725124.0,3197,0.99,9,🥤 Kool-Aid,Davis Mills when he has to be clutch:  https://preview.redd.it/7g4mljtsya0g1.png?width=335&format=png&auto=webp&s=0ba936ba802a4fc111fb2cc29ce54c772e0070ee,31650.0,positive,0.0,1.0,0.0,0.0
1osvvc6,1762725169.0,2363,0.99,9,🥤 Kool-Aid,"Davis Mills when he has to be clutch:  Say what you want about Mills skill level, but he absolutely doesn't give up",23394.0,positive,0.0,0.948,0.052,0.0387
1osvvc6,1762725086.0,1251,0.99,9,🥤 Kool-Aid,Davis Mills when he has to be clutch:  One of the greatest touchdowns in Texans history,12385.0,positive,0.0,0.781,0.219,0.6369
1osvvc6,1762728820.0,1112,0.99,9,🥤 Kool-Aid,"Davis Mills when he has to be clutch:  Du du du du Davis Mills
Du du du du",11009.0,positive,0.0,1.0,0.0,0.0
1osvvc6,1762726014.0,695,0.99,9,🥤 Kool-Aid,Davis Mills when he has to be clutch:  I will always approve a Verstappen/Texans crossover,6880.0,positive,0.0,1.0,0.0,0.0
1osvvc6,1762793531.0,139,0.99,9,🥤 Kool-Aid,Davis Mills when he has to be clutch:  Noooo Fernando:(,1376.0,neutral,0.0,1.0,0.0,0.0
1osvvc6,1762825305.0,139,0.99,9,🥤 Kool-Aid,Davis Mills when he has to be clutch:  Formula racing? I fell asleep.,1376.0,neutral,0.0,1.0,0.0,0.0
1osvlxq,1762724452.0,218652,0.98,45,🥤 Kool-Aid,I would like to start a petition for J.J. Watt to announce all future Texans games. 🤘  2-0 at games he’s commentated. We should have claim to him,9856832.0,neutral,0.0,0.906,0.094,0.3612
1osvlxq,1762724535.0,88228,0.98,45,🥤 Kool-Aid,I would like to start a petition for J.J. Watt to announce all future Texans games. 🤘  I was so scared we were going to embarrass our self in front of him,3977318.0,negative,0.178,0.748,0.075,-0.5332
1osvlxq,1762724642.0,70966,0.98,45,🥤 Kool-Aid,I would like to start a petition for J.J. Watt to announce all future Texans games. 🤘  JJ and Ian have such good chemistry together. I bet no one is happier than JJ right now and that's saying something.,3199147.0,neutral,0.048,0.638,0.314,0.9015
1osvlxq,1762724546.0,21098,0.98,45,🥤 Kool-Aid,I would like to start a petition for J.J. Watt to announce all future Texans games. 🤘  Look at that happy man.,951098.0,positive,0.0,0.733,0.267,0.7351
1osvlxq,1762725230.0,16303,0.98,45,🥤 Kool-Aid,I would like to start a petition for J.J. Watt to announce all future Texans games. 🤘  Where do I sign?!?!?,734939.0,positive,0.0,0.815,0.185,0.5609
1osvlxq,1762726514.0,11508,0.98,45,🥤 Kool-Aid,I would like to start a petition for J.J. Watt to announce all future Texans games. 🤘  I wish it was like basketball and we had team commentators,518781.0,neutral,0.0,0.732,0.268,0.7717
1osvlxq,1762727599.0,8631,0.98,45,🥤 Kool-Aid,I would like to start a petition for J.J. Watt to announce all future Texans games. 🤘  Pretty unbiased too.  I was impressed,389085.0,neutral,0.044,0.602,0.353,0.8271
1osvlxq,1762731203.0,7672,0.98,45,🥤 Kool-Aid,I would like to start a petition for J.J. Watt to announce all future Texans games. 🤘  “Sometimes the worst place to hit is the hands”.  I lol for real on that comment.,345854.0,positive,0.116,0.734,0.15,0.0516
1osvlxq,1762741250.0,7672,0.98,45,🥤 Kool-Aid,I would like to start a petition for J.J. Watt to announce all future Texans games. 🤘  Kinda choked up there for a second after he referred to the team that the Jags were fighting hard against as “US”.  He still identifies as a Texan.,345854.0,positive,0.148,0.796,0.055,-0.4951
1osvlxq,1762725939.0,4795,0.98,45,🥤 Kool-Aid,"I would like to start a petition for J.J. Watt to announce all future Texans games. 🤘  We should, romo always gets cowboys game",216159.0,positive,0.0,0.889,0.111,0.3612
1osvlxq,1762728665.0,4795,0.98,45,🥤 Kool-Aid,I would like to start a petition for J.J. Watt to announce all future Texans games. 🤘  Thought this was Ser Duncan the Tall and Egg.,216159.0,positive,0.0,0.898,0.102,0.3612
1osvlxq,1762725034.0,23016,0.98,45,🥤 Kool-Aid,I would like to start a petition for J.J. Watt to announce all future Texans games. 🤘  He was really harsh against us tbh,1037561.0,neutral,0.129,0.769,0.101,-0.1761
1osvlxq,1762730795.0,1918,0.98,45,🥤 Kool-Aid,I would like to start a petition for J.J. Watt to announce all future Texans games. 🤘  Where do i sign!,86463.0,neutral,0.0,0.851,0.149,0.4199
1osvlxq,1762761730.0,1918,0.98,45,🥤 Kool-Aid,I would like to start a petition for J.J. Watt to announce all future Texans games. 🤘  WOW!,86463.0,positive,0.0,0.64,0.36,0.8087
1osvlxq,1762729869.0,959,0.98,45,🥤 Kool-Aid,I would like to start a petition for J.J. Watt to announce all future Texans games. 🤘  Only if he gets a new hair cut,43232.0,positive,0.089,0.805,0.106,0.1027
1osvlxq,1762793933.0,959,0.98,45,🥤 Kool-Aid,I would like to start a petition for J.J. Watt to announce all future Texans games. 🤘  That’s what I said! I think he’s our good luck charm! 😂,43232.0,positive,0.0,0.619,0.381,0.893
1osvlxq,1762818538.0,959,0.98,45,🥤 Kool-Aid,I would like to start a petition for J.J. Watt to announce all future Texans games. 🤘  I’ll do you one better. Get that maniac Brian Cushing in the booth.,43232.0,positive,0.095,0.738,0.166,0.3182
1osvlxq,1762832250.0,959,0.98,45,🥤 Kool-Aid,"I would like to start a petition for J.J. Watt to announce all future Texans games. 🤘  Signed, me.",43232.0,positive,0.0,0.857,0.143,0.3612
1osvlxq,1762724687.0,959,0.98,45,🥤 Kool-Aid,I would like to start a petition for J.J. Watt to announce all future Texans games. 🤘  im about to get receipted like crazy 💀,43232.0,positive,0.094,0.709,0.197,0.3818
1osvlxq,1762727731.0,959,0.98,45,🥤 Kool-Aid,I would like to start a petition for J.J. Watt to announce all future Texans games. 🤘  100000 times better than Romo,43232.0,negative,0.0,0.759,0.241,0.6597
1osvfyy,1762724036.0,292462,0.99,76,📹 Highlight,WAJ WITH THE SACK. RANKINS CALLS GAME. HOUSTON WINS.  The Texans just did the funniest thing,22294378.0,negative,0.0,0.635,0.365,0.8415
1osvfyy,1762724200.0,114806,0.99,76,📹 Highlight,WAJ WITH THE SACK. RANKINS CALLS GAME. HOUSTON WINS.  Definitely in the running for best Texans finish of all time.,8751661.0,negative,0.0,0.6,0.4,0.9068
1osvfyy,1762724089.0,176818,0.99,76,📹 Highlight,WAJ WITH THE SACK. RANKINS CALLS GAME. HOUSTON WINS.  I turned this game on with 6 minutes left in the 4th quarter and got to watch the most exciting 6 minutes of football with my sons. This play was the cherry on top!,13478836.0,positive,0.0,0.744,0.256,0.9085
1osvfyy,1762724096.0,141622,0.99,76,📹 Highlight,"WAJ WITH THE SACK. RANKINS CALLS GAME. HOUSTON WINS.  one of the most frustrating wins.

at least we know woody marks is good with the outside run.",10795845.0,positive,0.085,0.613,0.302,0.8449
1osvfyy,1762724039.0,106426,0.99,76,📹 Highlight,WAJ WITH THE SACK. RANKINS CALLS GAME. HOUSTON WINS.  https://preview.redd.it/vq0jrudkva0g1.jpeg?width=224&format=pjpg&auto=webp&s=9c520dc917a37bcfa39adfb48f10d455f559be15,8112854.0,neutral,0.0,0.67,0.33,0.6633
1osvfyy,1762723998.0,38548,0.99,76,📹 Highlight,WAJ WITH THE SACK. RANKINS CALLS GAME. HOUSTON WINS.  Holy shit.,2938514.0,positive,0.211,0.528,0.26,0.2103
1osvfyy,1762724272.0,31006,0.99,76,📹 Highlight,WAJ WITH THE SACK. RANKINS CALLS GAME. HOUSTON WINS.  Absolutely memeable disaster for the Jags. Love to see it.,2363587.0,negative,0.151,0.552,0.298,0.6433
1osvfyy,1762723994.0,17598,0.99,76,📹 Highlight,WAJ WITH THE SACK. RANKINS CALLS GAME. HOUSTON WINS.  What a finish!,1341496.0,positive,0.0,0.679,0.321,0.6932
1osvfyy,1762724171.0,20112,0.99,76,📹 Highlight,WAJ WITH THE SACK. RANKINS CALLS GAME. HOUSTON WINS.  I have been running around my house and screaming since the game ended,1533138.0,positive,0.1,0.73,0.17,0.4278
1osvfyy,1762724058.0,15922,0.99,76,📹 Highlight,WAJ WITH THE SACK. RANKINS CALLS GAME. HOUSTON WINS.  THIS WAS STRESSING,1213734.0,neutral,0.154,0.617,0.228,0.296
1osvfyy,1762724025.0,14246,0.99,76,📹 Highlight,WAJ WITH THE SACK. RANKINS CALLS GAME. HOUSTON WINS.  ![gif](giphy|GcO6KBd1C16F2),1085973.0,neutral,0.0,0.656,0.344,0.6932
1osvfyy,1762724182.0,14246,0.99,76,📹 Highlight,WAJ WITH THE SACK. RANKINS CALLS GAME. HOUSTON WINS.  CLAPPED BY BACKUP,1085973.0,positive,0.0,0.748,0.252,0.5719
1osvfyy,1762724460.0,12570,0.99,76,📹 Highlight,"WAJ WITH THE SACK. RANKINS CALLS GAME. HOUSTON WINS.  Unreal game from both WAJ and Hunter, Lawrence should spend less time whining at the refs and more time trying to complete some passes",958211.0,positive,0.044,0.837,0.12,0.5874
1osvfyy,1762724538.0,51956,0.99,76,📹 Highlight,"WAJ WITH THE SACK. RANKINS CALLS GAME. HOUSTON WINS.  **I WAS THERE!**

*and left at the bottom of 3rd quarter*",3960606.0,positive,0.0,0.801,0.199,0.6932
1osvfyy,1762724102.0,7542,0.99,76,📹 Highlight,"WAJ WITH THE SACK. RANKINS CALLS GAME. HOUSTON WINS.  No way! That was epic, win next week and there is still a glimmer of hope",574927.0,neutral,0.065,0.595,0.34,0.8814
1osvfyy,1762724099.0,14246,0.99,76,📹 Highlight,WAJ WITH THE SACK. RANKINS CALLS GAME. HOUSTON WINS.  I'm not even a Texans fan and that was... awesome!,1085973.0,negative,0.076,0.582,0.342,0.8344
1osvfyy,1762725553.0,6704,0.99,76,📹 Highlight,WAJ WITH THE SACK. RANKINS CALLS GAME. HOUSTON WINS.  Imagine that defense with a competent offense and line,511046.0,positive,0.086,0.56,0.354,0.7378
1osvfyy,1762724744.0,10056,0.99,76,📹 Highlight,"WAJ WITH THE SACK. RANKINS CALLS GAME. HOUSTON WINS.  Like I said two years ago, TLaw would be QB3 on Houston’s roster.",766569.0,negative,0.0,0.733,0.267,0.7865
1osvfyy,1762724021.0,4190,0.99,76,📹 Highlight,WAJ WITH THE SACK. RANKINS CALLS GAME. HOUSTON WINS.  LFFFGGGGGG!!!! FTGK! ,319404.0,positive,0.0,0.673,0.327,0.7067
1osvfyy,1762724096.0,2514,0.99,76,📹 Highlight,WAJ WITH THE SACK. RANKINS CALLS GAME. HOUSTON WINS.  Yeessssahhh,191642.0,positive,0.0,0.67,0.33,0.6633
1osvevo,1762723915.0,76734,0.99,499,🏈 Game Thread,"Post Game Thread: Jacksonville Jaguars at Houston Texans #Jacksonville Jaguars at Houston Texans

[ESPN Gamecast](https://www.espn.com/nfl/game/_/gameId/401772770/jaguars-texans)

NRG Stadium- Houston, TX

Network(s): CBS 

***

|Time Clock|
|:--:|
|Final|

**Scoreboard**

||Q1|Q2|Q3|Q4|Total|
|:--:|:--:|:--:|:--:|:--:|:--:|
|JAX|10|10|9|0|29|
|HOU|0|10|0|26|36|


**Scoring Plays**

| Team | Quarter | Type | Description |
|:--|:--|:--|:--|
| JAX | 1 | FG | Cam Little 32 Yd Field Goal  |
| JAX | 1 | TD | Parker Washington 7 Yd pass from Trevor Lawrence (Cam Little Kick) |
| JAX | 2 | TD | Parker Washington 73 Yd Punt Return (Cam Little Kick) |
| HOU | 2 | FG | Matthew Wright 23 Yd Field Goal |
| JAX | 2 | FG | Cam Little 53 Yd Field Goal  |
| HOU | 2 | TD | Woody Marks 1 Yd Rush (Matthew Wright Kick) |
| JAX | 3 | FG | Cam Little 33 Yd Field Goal |
| JAX | 3 | TD | Travis Etienne Jr. 6 Yd Rush (Two-Point Pass Conversion Failed) |
| HOU | 4 | TD | Jayden Higgins 12 Yd pass from Davis Mills (Davis Mills Pass to Nico Collins for Two-Point Conversion) |
| HOU | 4 | TD | Dalton Schultz 7 Yd pass from Davis Mills (Two-Point Pass Conversion Failed) |
| HOU | 4 | TD | Davis Mills 14 Yd Rush (Two-Point Run Conversion Failed) |
| HOU | 4 | TD | Sheldon Rankins 32 Yd Fumble Recovery |




**Passing Leaders**

|Team|Player|C/ATT|YDS|TD|INT|SACKS|
|:--|:--|--:|--:|--:|--:|--:|
| JAX | Trevor Lawrence | 13/23 | 158 | 1 | 1 | 5-39 |
| HOU | Davis Mills | 27/45 | 292 | 2 | 1 | 2-10 |

**Rushing Leaders**

|Team|Player|CAR|YDS|AVG|TD|LONG|
|:--|:--|--:|--:|--:|--:|--:|
| JAX | Travis Etienne Jr. | 16 | 58 | 3.6 | 1 | 13 |
| HOU | Woody Marks | 14 | 63 | 4.5 | 1 | 21 |

**Receiving Leaders**

|Team|Player|REC|YDS|AVG|TD|LONG|TGTS|
|:--|:--|--:|--:|--:|--:|--:|--:|
| JAX | Jakobi Meyers | 3 | 41 | 13.7 | 0 | 23 | 3 |
| HOU | Nico Collins | 7 | 136 | 19.4 | 0 | 54 | 15 |


***

Use [reddit-stream.com](https://reddit-stream.com/comments/auto) to get an autorefreshing version of this page

^This ^was ^created ^by ^a ^bot. ^For ^issues ^or ^suggestions ^please ^message ^nfl_gdt_bot.

^Last ^updated: ^2025-11-09_17:01:58.645710-05:00 Davis Mills had a 93 yard Touchdown drive to win the game and led us to a 19-point comeback, 2nd biggest in Texans History. 

One of the greatest drives and moments in Texans history.",37983330.0,positive,0.0,0.96,0.04,0.9049
1osvevo,1762723919.0,28371,0.99,499,🏈 Game Thread,"Post Game Thread: Jacksonville Jaguars at Houston Texans #Jacksonville Jaguars at Houston Texans

[ESPN Gamecast](https://www.espn.com/nfl/game/_/gameId/401772770/jaguars-texans)

NRG Stadium- Houston, TX

Network(s): CBS 

***

|Time Clock|
|:--:|
|Final|

**Scoreboard**

||Q1|Q2|Q3|Q4|Total|
|:--:|:--:|:--:|:--:|:--:|:--:|
|JAX|10|10|9|0|29|
|HOU|0|10|0|26|36|


**Scoring Plays**

| Team | Quarter | Type | Description |
|:--|:--|:--|:--|
| JAX | 1 | FG | Cam Little 32 Yd Field Goal  |
| JAX | 1 | TD | Parker Washington 7 Yd pass from Trevor Lawrence (Cam Little Kick) |
| JAX | 2 | TD | Parker Washington 73 Yd Punt Return (Cam Little Kick) |
| HOU | 2 | FG | Matthew Wright 23 Yd Field Goal |
| JAX | 2 | FG | Cam Little 53 Yd Field Goal  |
| HOU | 2 | TD | Woody Marks 1 Yd Rush (Matthew Wright Kick) |
| JAX | 3 | FG | Cam Little 33 Yd Field Goal |
| JAX | 3 | TD | Travis Etienne Jr. 6 Yd Rush (Two-Point Pass Conversion Failed) |
| HOU | 4 | TD | Jayden Higgins 12 Yd pass from Davis Mills (Davis Mills Pass to Nico Collins for Two-Point Conversion) |
| HOU | 4 | TD | Dalton Schultz 7 Yd pass from Davis Mills (Two-Point Pass Conversion Failed) |
| HOU | 4 | TD | Davis Mills 14 Yd Rush (Two-Point Run Conversion Failed) |
| HOU | 4 | TD | Sheldon Rankins 32 Yd Fumble Recovery |




**Passing Leaders**

|Team|Player|C/ATT|YDS|TD|INT|SACKS|
|:--|:--|--:|--:|--:|--:|--:|
| JAX | Trevor Lawrence | 13/23 | 158 | 1 | 1 | 5-39 |
| HOU | Davis Mills | 27/45 | 292 | 2 | 1 | 2-10 |

**Rushing Leaders**

|Team|Player|CAR|YDS|AVG|TD|LONG|
|:--|:--|--:|--:|--:|--:|--:|
| JAX | Travis Etienne Jr. | 16 | 58 | 3.6 | 1 | 13 |
| HOU | Woody Marks | 14 | 63 | 4.5 | 1 | 21 |

**Receiving Leaders**

|Team|Player|REC|YDS|AVG|TD|LONG|TGTS|
|:--|:--|--:|--:|--:|--:|--:|--:|
| JAX | Jakobi Meyers | 3 | 41 | 13.7 | 0 | 23 | 3 |
| HOU | Nico Collins | 7 | 136 | 19.4 | 0 | 54 | 15 |


***

Use [reddit-stream.com](https://reddit-stream.com/comments/auto) to get an autorefreshing version of this page

^This ^was ^created ^by ^a ^bot. ^For ^issues ^or ^suggestions ^please ^message ^nfl_gdt_bot.

^Last ^updated: ^2025-11-09_17:01:58.645710-05:00 I NEVER DOUBTED.

Don’t look at my comment history",14043645.0,positive,0.0,0.978,0.022,0.6797
1osvevo,1762723942.0,14553,0.99,499,🏈 Game Thread,"Post Game Thread: Jacksonville Jaguars at Houston Texans #Jacksonville Jaguars at Houston Texans

[ESPN Gamecast](https://www.espn.com/nfl/game/_/gameId/401772770/jaguars-texans)

NRG Stadium- Houston, TX

Network(s): CBS 

***

|Time Clock|
|:--:|
|Final|

**Scoreboard**

||Q1|Q2|Q3|Q4|Total|
|:--:|:--:|:--:|:--:|:--:|:--:|
|JAX|10|10|9|0|29|
|HOU|0|10|0|26|36|


**Scoring Plays**

| Team | Quarter | Type | Description |
|:--|:--|:--|:--|
| JAX | 1 | FG | Cam Little 32 Yd Field Goal  |
| JAX | 1 | TD | Parker Washington 7 Yd pass from Trevor Lawrence (Cam Little Kick) |
| JAX | 2 | TD | Parker Washington 73 Yd Punt Return (Cam Little Kick) |
| HOU | 2 | FG | Matthew Wright 23 Yd Field Goal |
| JAX | 2 | FG | Cam Little 53 Yd Field Goal  |
| HOU | 2 | TD | Woody Marks 1 Yd Rush (Matthew Wright Kick) |
| JAX | 3 | FG | Cam Little 33 Yd Field Goal |
| JAX | 3 | TD | Travis Etienne Jr. 6 Yd Rush (Two-Point Pass Conversion Failed) |
| HOU | 4 | TD | Jayden Higgins 12 Yd pass from Davis Mills (Davis Mills Pass to Nico Collins for Two-Point Conversion) |
| HOU | 4 | TD | Dalton Schultz 7 Yd pass from Davis Mills (Two-Point Pass Conversion Failed) |
| HOU | 4 | TD | Davis Mills 14 Yd Rush (Two-Point Run Conversion Failed) |
| HOU | 4 | TD | Sheldon Rankins 32 Yd Fumble Recovery |




**Passing Leaders**

|Team|Player|C/ATT|YDS|TD|INT|SACKS|
|:--|:--|--:|--:|--:|--:|--:|
| JAX | Trevor Lawrence | 13/23 | 158 | 1 | 1 | 5-39 |
| HOU | Davis Mills | 27/45 | 292 | 2 | 1 | 2-10 |

**Rushing Leaders**

|Team|Player|CAR|YDS|AVG|TD|LONG|
|:--|:--|--:|--:|--:|--:|--:|
| JAX | Travis Etienne Jr. | 16 | 58 | 3.6 | 1 | 13 |
| HOU | Woody Marks | 14 | 63 | 4.5 | 1 | 21 |

**Receiving Leaders**

|Team|Player|REC|YDS|AVG|TD|LONG|TGTS|
|:--|:--|--:|--:|--:|--:|--:|--:|
| JAX | Jakobi Meyers | 3 | 41 | 13.7 | 0 | 23 | 3 |
| HOU | Nico Collins | 7 | 136 | 19.4 | 0 | 54 | 15 |


***

Use [reddit-stream.com](https://reddit-stream.com/comments/auto) to get an autorefreshing version of this page

^This ^was ^created ^by ^a ^bot. ^For ^issues ^or ^suggestions ^please ^message ^nfl_gdt_bot.

^Last ^updated: ^2025-11-09_17:01:58.645710-05:00 It's weird being on this end of a comeback like that",7203735.0,neutral,0.007,0.971,0.022,0.6166
1osvevo,1762723917.0,13083,0.99,499,🏈 Game Thread,"Post Game Thread: Jacksonville Jaguars at Houston Texans #Jacksonville Jaguars at Houston Texans

[ESPN Gamecast](https://www.espn.com/nfl/game/_/gameId/401772770/jaguars-texans)

NRG Stadium- Houston, TX

Network(s): CBS 

***

|Time Clock|
|:--:|
|Final|

**Scoreboard**

||Q1|Q2|Q3|Q4|Total|
|:--:|:--:|:--:|:--:|:--:|:--:|
|JAX|10|10|9|0|29|
|HOU|0|10|0|26|36|


**Scoring Plays**

| Team | Quarter | Type | Description |
|:--|:--|:--|:--|
| JAX | 1 | FG | Cam Little 32 Yd Field Goal  |
| JAX | 1 | TD | Parker Washington 7 Yd pass from Trevor Lawrence (Cam Little Kick) |
| JAX | 2 | TD | Parker Washington 73 Yd Punt Return (Cam Little Kick) |
| HOU | 2 | FG | Matthew Wright 23 Yd Field Goal |
| JAX | 2 | FG | Cam Little 53 Yd Field Goal  |
| HOU | 2 | TD | Woody Marks 1 Yd Rush (Matthew Wright Kick) |
| JAX | 3 | FG | Cam Little 33 Yd Field Goal |
| JAX | 3 | TD | Travis Etienne Jr. 6 Yd Rush (Two-Point Pass Conversion Failed) |
| HOU | 4 | TD | Jayden Higgins 12 Yd pass from Davis Mills (Davis Mills Pass to Nico Collins for Two-Point Conversion) |
| HOU | 4 | TD | Dalton Schultz 7 Yd pass from Davis Mills (Two-Point Pass Conversion Failed) |
| HOU | 4 | TD | Davis Mills 14 Yd Rush (Two-Point Run Conversion Failed) |
| HOU | 4 | TD | Sheldon Rankins 32 Yd Fumble Recovery |




**Passing Leaders**

|Team|Player|C/ATT|YDS|TD|INT|SACKS|
|:--|:--|--:|--:|--:|--:|--:|
| JAX | Trevor Lawrence | 13/23 | 158 | 1 | 1 | 5-39 |
| HOU | Davis Mills | 27/45 | 292 | 2 | 1 | 2-10 |

**Rushing Leaders**

|Team|Player|CAR|YDS|AVG|TD|LONG|
|:--|:--|--:|--:|--:|--:|--:|
| JAX | Travis Etienne Jr. | 16 | 58 | 3.6 | 1 | 13 |
| HOU | Woody Marks | 14 | 63 | 4.5 | 1 | 21 |

**Receiving Leaders**

|Team|Player|REC|YDS|AVG|TD|LONG|TGTS|
|:--|:--|--:|--:|--:|--:|--:|--:|
| JAX | Jakobi Meyers | 3 | 41 | 13.7 | 0 | 23 | 3 |
| HOU | Nico Collins | 7 | 136 | 19.4 | 0 | 54 | 15 |


***

Use [reddit-stream.com](https://reddit-stream.com/comments/auto) to get an autorefreshing version of this page

^This ^was ^created ^by ^a ^bot. ^For ^issues ^or ^suggestions ^please ^message ^nfl_gdt_bot.

^Last ^updated: ^2025-11-09_17:01:58.645710-05:00 WILL ANDERSON
DANIELLE HUNTER
DAVIS MF MILLS",6476085.0,positive,0.0,0.987,0.013,0.4995
1osvevo,1762723918.0,35133,0.99,499,🏈 Game Thread,"Post Game Thread: Jacksonville Jaguars at Houston Texans #Jacksonville Jaguars at Houston Texans

[ESPN Gamecast](https://www.espn.com/nfl/game/_/gameId/401772770/jaguars-texans)

NRG Stadium- Houston, TX

Network(s): CBS 

***

|Time Clock|
|:--:|
|Final|

**Scoreboard**

||Q1|Q2|Q3|Q4|Total|
|:--:|:--:|:--:|:--:|:--:|:--:|
|JAX|10|10|9|0|29|
|HOU|0|10|0|26|36|


**Scoring Plays**

| Team | Quarter | Type | Description |
|:--|:--|:--|:--|
| JAX | 1 | FG | Cam Little 32 Yd Field Goal  |
| JAX | 1 | TD | Parker Washington 7 Yd pass from Trevor Lawrence (Cam Little Kick) |
| JAX | 2 | TD | Parker Washington 73 Yd Punt Return (Cam Little Kick) |
| HOU | 2 | FG | Matthew Wright 23 Yd Field Goal |
| JAX | 2 | FG | Cam Little 53 Yd Field Goal  |
| HOU | 2 | TD | Woody Marks 1 Yd Rush (Matthew Wright Kick) |
| JAX | 3 | FG | Cam Little 33 Yd Field Goal |
| JAX | 3 | TD | Travis Etienne Jr. 6 Yd Rush (Two-Point Pass Conversion Failed) |
| HOU | 4 | TD | Jayden Higgins 12 Yd pass from Davis Mills (Davis Mills Pass to Nico Collins for Two-Point Conversion) |
| HOU | 4 | TD | Dalton Schultz 7 Yd pass from Davis Mills (Two-Point Pass Conversion Failed) |
| HOU | 4 | TD | Davis Mills 14 Yd Rush (Two-Point Run Conversion Failed) |
| HOU | 4 | TD | Sheldon Rankins 32 Yd Fumble Recovery |




**Passing Leaders**

|Team|Player|C/ATT|YDS|TD|INT|SACKS|
|:--|:--|--:|--:|--:|--:|--:|
| JAX | Trevor Lawrence | 13/23 | 158 | 1 | 1 | 5-39 |
| HOU | Davis Mills | 27/45 | 292 | 2 | 1 | 2-10 |

**Rushing Leaders**

|Team|Player|CAR|YDS|AVG|TD|LONG|
|:--|:--|--:|--:|--:|--:|--:|
| JAX | Travis Etienne Jr. | 16 | 58 | 3.6 | 1 | 13 |
| HOU | Woody Marks | 14 | 63 | 4.5 | 1 | 21 |

**Receiving Leaders**

|Team|Player|REC|YDS|AVG|TD|LONG|TGTS|
|:--|:--|--:|--:|--:|--:|--:|--:|
| JAX | Jakobi Meyers | 3 | 41 | 13.7 | 0 | 23 | 3 |
| HOU | Nico Collins | 7 | 136 | 19.4 | 0 | 54 | 15 |


***

Use [reddit-stream.com](https://reddit-stream.com/comments/auto) to get an autorefreshing version of this page

^This ^was ^created ^by ^a ^bot. ^For ^issues ^or ^suggestions ^please ^message ^nfl_gdt_bot.

^Last ^updated: ^2025-11-09_17:01:58.645710-05:00 I know y'all are going to give Mills the credit, but Caley schemed his ass off. Despite throwing 4 should-be INTs, being completely blind to anyone after the first read, and throwing super high all the time, Caley was scheming guys WIDE open and calling misdirections in short yardage situations.



Can't forget that Hunter had a legendary day.",17390835.0,neutral,0.028,0.936,0.036,0.1346
1osvevo,1762723918.0,9261,0.99,499,🏈 Game Thread,"Post Game Thread: Jacksonville Jaguars at Houston Texans #Jacksonville Jaguars at Houston Texans

[ESPN Gamecast](https://www.espn.com/nfl/game/_/gameId/401772770/jaguars-texans)

NRG Stadium- Houston, TX

Network(s): CBS 

***

|Time Clock|
|:--:|
|Final|

**Scoreboard**

||Q1|Q2|Q3|Q4|Total|
|:--:|:--:|:--:|:--:|:--:|:--:|
|JAX|10|10|9|0|29|
|HOU|0|10|0|26|36|


**Scoring Plays**

| Team | Quarter | Type | Description |
|:--|:--|:--|:--|
| JAX | 1 | FG | Cam Little 32 Yd Field Goal  |
| JAX | 1 | TD | Parker Washington 7 Yd pass from Trevor Lawrence (Cam Little Kick) |
| JAX | 2 | TD | Parker Washington 73 Yd Punt Return (Cam Little Kick) |
| HOU | 2 | FG | Matthew Wright 23 Yd Field Goal |
| JAX | 2 | FG | Cam Little 53 Yd Field Goal  |
| HOU | 2 | TD | Woody Marks 1 Yd Rush (Matthew Wright Kick) |
| JAX | 3 | FG | Cam Little 33 Yd Field Goal |
| JAX | 3 | TD | Travis Etienne Jr. 6 Yd Rush (Two-Point Pass Conversion Failed) |
| HOU | 4 | TD | Jayden Higgins 12 Yd pass from Davis Mills (Davis Mills Pass to Nico Collins for Two-Point Conversion) |
| HOU | 4 | TD | Dalton Schultz 7 Yd pass from Davis Mills (Two-Point Pass Conversion Failed) |
| HOU | 4 | TD | Davis Mills 14 Yd Rush (Two-Point Run Conversion Failed) |
| HOU | 4 | TD | Sheldon Rankins 32 Yd Fumble Recovery |




**Passing Leaders**

|Team|Player|C/ATT|YDS|TD|INT|SACKS|
|:--|:--|--:|--:|--:|--:|--:|
| JAX | Trevor Lawrence | 13/23 | 158 | 1 | 1 | 5-39 |
| HOU | Davis Mills | 27/45 | 292 | 2 | 1 | 2-10 |

**Rushing Leaders**

|Team|Player|CAR|YDS|AVG|TD|LONG|
|:--|:--|--:|--:|--:|--:|--:|
| JAX | Travis Etienne Jr. | 16 | 58 | 3.6 | 1 | 13 |
| HOU | Woody Marks | 14 | 63 | 4.5 | 1 | 21 |

**Receiving Leaders**

|Team|Player|REC|YDS|AVG|TD|LONG|TGTS|
|:--|:--|--:|--:|--:|--:|--:|--:|
| JAX | Jakobi Meyers | 3 | 41 | 13.7 | 0 | 23 | 3 |
| HOU | Nico Collins | 7 | 136 | 19.4 | 0 | 54 | 15 |


***

Use [reddit-stream.com](https://reddit-stream.com/comments/auto) to get an autorefreshing version of this page

^This ^was ^created ^by ^a ^bot. ^For ^issues ^or ^suggestions ^please ^message ^nfl_gdt_bot.

^Last ^updated: ^2025-11-09_17:01:58.645710-05:00 What a way to finish, big man TD because why not?",4584195.0,positive,0.0,0.987,0.013,0.4995
1osvevo,1762723928.0,35574,0.99,499,🏈 Game Thread,"Post Game Thread: Jacksonville Jaguars at Houston Texans #Jacksonville Jaguars at Houston Texans

[ESPN Gamecast](https://www.espn.com/nfl/game/_/gameId/401772770/jaguars-texans)

NRG Stadium- Houston, TX

Network(s): CBS 

***

|Time Clock|
|:--:|
|Final|

**Scoreboard**

||Q1|Q2|Q3|Q4|Total|
|:--:|:--:|:--:|:--:|:--:|:--:|
|JAX|10|10|9|0|29|
|HOU|0|10|0|26|36|


**Scoring Plays**

| Team | Quarter | Type | Description |
|:--|:--|:--|:--|
| JAX | 1 | FG | Cam Little 32 Yd Field Goal  |
| JAX | 1 | TD | Parker Washington 7 Yd pass from Trevor Lawrence (Cam Little Kick) |
| JAX | 2 | TD | Parker Washington 73 Yd Punt Return (Cam Little Kick) |
| HOU | 2 | FG | Matthew Wright 23 Yd Field Goal |
| JAX | 2 | FG | Cam Little 53 Yd Field Goal  |
| HOU | 2 | TD | Woody Marks 1 Yd Rush (Matthew Wright Kick) |
| JAX | 3 | FG | Cam Little 33 Yd Field Goal |
| JAX | 3 | TD | Travis Etienne Jr. 6 Yd Rush (Two-Point Pass Conversion Failed) |
| HOU | 4 | TD | Jayden Higgins 12 Yd pass from Davis Mills (Davis Mills Pass to Nico Collins for Two-Point Conversion) |
| HOU | 4 | TD | Dalton Schultz 7 Yd pass from Davis Mills (Two-Point Pass Conversion Failed) |
| HOU | 4 | TD | Davis Mills 14 Yd Rush (Two-Point Run Conversion Failed) |
| HOU | 4 | TD | Sheldon Rankins 32 Yd Fumble Recovery |




**Passing Leaders**

|Team|Player|C/ATT|YDS|TD|INT|SACKS|
|:--|:--|--:|--:|--:|--:|--:|
| JAX | Trevor Lawrence | 13/23 | 158 | 1 | 1 | 5-39 |
| HOU | Davis Mills | 27/45 | 292 | 2 | 1 | 2-10 |

**Rushing Leaders**

|Team|Player|CAR|YDS|AVG|TD|LONG|
|:--|:--|--:|--:|--:|--:|--:|
| JAX | Travis Etienne Jr. | 16 | 58 | 3.6 | 1 | 13 |
| HOU | Woody Marks | 14 | 63 | 4.5 | 1 | 21 |

**Receiving Leaders**

|Team|Player|REC|YDS|AVG|TD|LONG|TGTS|
|:--|:--|--:|--:|--:|--:|--:|--:|
| JAX | Jakobi Meyers | 3 | 41 | 13.7 | 0 | 23 | 3 |
| HOU | Nico Collins | 7 | 136 | 19.4 | 0 | 54 | 15 |


***

Use [reddit-stream.com](https://reddit-stream.com/comments/auto) to get an autorefreshing version of this page

^This ^was ^created ^by ^a ^bot. ^For ^issues ^or ^suggestions ^please ^message ^nfl_gdt_bot.

^Last ^updated: ^2025-11-09_17:01:58.645710-05:00 https://preview.redd.it/s0d7apq8va0g1.jpeg?width=1284&format=pjpg&auto=webp&s=e765ae6f0935a46bfb6f4f58bffcc5c404a952c6",17609130.0,positive,0.0,0.987,0.013,0.4995
1osvevo,1762723933.0,12642,0.99,499,🏈 Game Thread,"Post Game Thread: Jacksonville Jaguars at Houston Texans #Jacksonville Jaguars at Houston Texans

[ESPN Gamecast](https://www.espn.com/nfl/game/_/gameId/401772770/jaguars-texans)

NRG Stadium- Houston, TX

Network(s): CBS 

***

|Time Clock|
|:--:|
|Final|

**Scoreboard**

||Q1|Q2|Q3|Q4|Total|
|:--:|:--:|:--:|:--:|:--:|:--:|
|JAX|10|10|9|0|29|
|HOU|0|10|0|26|36|


**Scoring Plays**

| Team | Quarter | Type | Description |
|:--|:--|:--|:--|
| JAX | 1 | FG | Cam Little 32 Yd Field Goal  |
| JAX | 1 | TD | Parker Washington 7 Yd pass from Trevor Lawrence (Cam Little Kick) |
| JAX | 2 | TD | Parker Washington 73 Yd Punt Return (Cam Little Kick) |
| HOU | 2 | FG | Matthew Wright 23 Yd Field Goal |
| JAX | 2 | FG | Cam Little 53 Yd Field Goal  |
| HOU | 2 | TD | Woody Marks 1 Yd Rush (Matthew Wright Kick) |
| JAX | 3 | FG | Cam Little 33 Yd Field Goal |
| JAX | 3 | TD | Travis Etienne Jr. 6 Yd Rush (Two-Point Pass Conversion Failed) |
| HOU | 4 | TD | Jayden Higgins 12 Yd pass from Davis Mills (Davis Mills Pass to Nico Collins for Two-Point Conversion) |
| HOU | 4 | TD | Dalton Schultz 7 Yd pass from Davis Mills (Two-Point Pass Conversion Failed) |
| HOU | 4 | TD | Davis Mills 14 Yd Rush (Two-Point Run Conversion Failed) |
| HOU | 4 | TD | Sheldon Rankins 32 Yd Fumble Recovery |




**Passing Leaders**

|Team|Player|C/ATT|YDS|TD|INT|SACKS|
|:--|:--|--:|--:|--:|--:|--:|
| JAX | Trevor Lawrence | 13/23 | 158 | 1 | 1 | 5-39 |
| HOU | Davis Mills | 27/45 | 292 | 2 | 1 | 2-10 |

**Rushing Leaders**

|Team|Player|CAR|YDS|AVG|TD|LONG|
|:--|:--|--:|--:|--:|--:|--:|
| JAX | Travis Etienne Jr. | 16 | 58 | 3.6 | 1 | 13 |
| HOU | Woody Marks | 14 | 63 | 4.5 | 1 | 21 |

**Receiving Leaders**

|Team|Player|REC|YDS|AVG|TD|LONG|TGTS|
|:--|:--|--:|--:|--:|--:|--:|--:|
| JAX | Jakobi Meyers | 3 | 41 | 13.7 | 0 | 23 | 3 |
| HOU | Nico Collins | 7 | 136 | 19.4 | 0 | 54 | 15 |


***

Use [reddit-stream.com](https://reddit-stream.com/comments/auto) to get an autorefreshing version of this page

^This ^was ^created ^by ^a ^bot. ^For ^issues ^or ^suggestions ^please ^message ^nfl_gdt_bot.

^Last ^updated: ^2025-11-09_17:01:58.645710-05:00 https://preview.redd.it/rww17gc9va0g1.jpeg?width=600&format=pjpg&auto=webp&s=268527d118c928db34bceee112c3d3b2b3d186db",6257790.0,positive,0.0,0.987,0.013,0.4995
1osvevo,1762723937.0,12642,0.99,499,🏈 Game Thread,"Post Game Thread: Jacksonville Jaguars at Houston Texans #Jacksonville Jaguars at Houston Texans

[ESPN Gamecast](https://www.espn.com/nfl/game/_/gameId/401772770/jaguars-texans)

NRG Stadium- Houston, TX

Network(s): CBS 

***

|Time Clock|
|:--:|
|Final|

**Scoreboard**

||Q1|Q2|Q3|Q4|Total|
|:--:|:--:|:--:|:--:|:--:|:--:|
|JAX|10|10|9|0|29|
|HOU|0|10|0|26|36|


**Scoring Plays**

| Team | Quarter | Type | Description |
|:--|:--|:--|:--|
| JAX | 1 | FG | Cam Little 32 Yd Field Goal  |
| JAX | 1 | TD | Parker Washington 7 Yd pass from Trevor Lawrence (Cam Little Kick) |
| JAX | 2 | TD | Parker Washington 73 Yd Punt Return (Cam Little Kick) |
| HOU | 2 | FG | Matthew Wright 23 Yd Field Goal |
| JAX | 2 | FG | Cam Little 53 Yd Field Goal  |
| HOU | 2 | TD | Woody Marks 1 Yd Rush (Matthew Wright Kick) |
| JAX | 3 | FG | Cam Little 33 Yd Field Goal |
| JAX | 3 | TD | Travis Etienne Jr. 6 Yd Rush (Two-Point Pass Conversion Failed) |
| HOU | 4 | TD | Jayden Higgins 12 Yd pass from Davis Mills (Davis Mills Pass to Nico Collins for Two-Point Conversion) |
| HOU | 4 | TD | Dalton Schultz 7 Yd pass from Davis Mills (Two-Point Pass Conversion Failed) |
| HOU | 4 | TD | Davis Mills 14 Yd Rush (Two-Point Run Conversion Failed) |
| HOU | 4 | TD | Sheldon Rankins 32 Yd Fumble Recovery |




**Passing Leaders**

|Team|Player|C/ATT|YDS|TD|INT|SACKS|
|:--|:--|--:|--:|--:|--:|--:|
| JAX | Trevor Lawrence | 13/23 | 158 | 1 | 1 | 5-39 |
| HOU | Davis Mills | 27/45 | 292 | 2 | 1 | 2-10 |

**Rushing Leaders**

|Team|Player|CAR|YDS|AVG|TD|LONG|
|:--|:--|--:|--:|--:|--:|--:|
| JAX | Travis Etienne Jr. | 16 | 58 | 3.6 | 1 | 13 |
| HOU | Woody Marks | 14 | 63 | 4.5 | 1 | 21 |

**Receiving Leaders**

|Team|Player|REC|YDS|AVG|TD|LONG|TGTS|
|:--|:--|--:|--:|--:|--:|--:|--:|
| JAX | Jakobi Meyers | 3 | 41 | 13.7 | 0 | 23 | 3 |
| HOU | Nico Collins | 7 | 136 | 19.4 | 0 | 54 | 15 |


***

Use [reddit-stream.com](https://reddit-stream.com/comments/auto) to get an autorefreshing version of this page

^This ^was ^created ^by ^a ^bot. ^For ^issues ^or ^suggestions ^please ^message ^nfl_gdt_bot.

^Last ^updated: ^2025-11-09_17:01:58.645710-05:00 Our team never quits, hasn’t since Meco got here. He has the locker room, no doubt. We spotted them 17 points and still won",6257790.0,positive,0.017,0.958,0.025,0.4995
1osvevo,1762723926.0,5733,0.99,499,🏈 Game Thread,"Post Game Thread: Jacksonville Jaguars at Houston Texans #Jacksonville Jaguars at Houston Texans

[ESPN Gamecast](https://www.espn.com/nfl/game/_/gameId/401772770/jaguars-texans)

NRG Stadium- Houston, TX

Network(s): CBS 

***

|Time Clock|
|:--:|
|Final|

**Scoreboard**

||Q1|Q2|Q3|Q4|Total|
|:--:|:--:|:--:|:--:|:--:|:--:|
|JAX|10|10|9|0|29|
|HOU|0|10|0|26|36|


**Scoring Plays**

| Team | Quarter | Type | Description |
|:--|:--|:--|:--|
| JAX | 1 | FG | Cam Little 32 Yd Field Goal  |
| JAX | 1 | TD | Parker Washington 7 Yd pass from Trevor Lawrence (Cam Little Kick) |
| JAX | 2 | TD | Parker Washington 73 Yd Punt Return (Cam Little Kick) |
| HOU | 2 | FG | Matthew Wright 23 Yd Field Goal |
| JAX | 2 | FG | Cam Little 53 Yd Field Goal  |
| HOU | 2 | TD | Woody Marks 1 Yd Rush (Matthew Wright Kick) |
| JAX | 3 | FG | Cam Little 33 Yd Field Goal |
| JAX | 3 | TD | Travis Etienne Jr. 6 Yd Rush (Two-Point Pass Conversion Failed) |
| HOU | 4 | TD | Jayden Higgins 12 Yd pass from Davis Mills (Davis Mills Pass to Nico Collins for Two-Point Conversion) |
| HOU | 4 | TD | Dalton Schultz 7 Yd pass from Davis Mills (Two-Point Pass Conversion Failed) |
| HOU | 4 | TD | Davis Mills 14 Yd Rush (Two-Point Run Conversion Failed) |
| HOU | 4 | TD | Sheldon Rankins 32 Yd Fumble Recovery |




**Passing Leaders**

|Team|Player|C/ATT|YDS|TD|INT|SACKS|
|:--|:--|--:|--:|--:|--:|--:|
| JAX | Trevor Lawrence | 13/23 | 158 | 1 | 1 | 5-39 |
| HOU | Davis Mills | 27/45 | 292 | 2 | 1 | 2-10 |

**Rushing Leaders**

|Team|Player|CAR|YDS|AVG|TD|LONG|
|:--|:--|--:|--:|--:|--:|--:|
| JAX | Travis Etienne Jr. | 16 | 58 | 3.6 | 1 | 13 |
| HOU | Woody Marks | 14 | 63 | 4.5 | 1 | 21 |

**Receiving Leaders**

|Team|Player|REC|YDS|AVG|TD|LONG|TGTS|
|:--|:--|--:|--:|--:|--:|--:|--:|
| JAX | Jakobi Meyers | 3 | 41 | 13.7 | 0 | 23 | 3 |
| HOU | Nico Collins | 7 | 136 | 19.4 | 0 | 54 | 15 |


***

Use [reddit-stream.com](https://reddit-stream.com/comments/auto) to get an autorefreshing version of this page

^This ^was ^created ^by ^a ^bot. ^For ^issues ^or ^suggestions ^please ^message ^nfl_gdt_bot.

^Last ^updated: ^2025-11-09_17:01:58.645710-05:00 EVERYBODY!! GET IN HERE!!!!",2837835.0,positive,0.0,0.982,0.018,0.6598
1osvevo,1762723926.0,10143,0.99,499,🏈 Game Thread,"Post Game Thread: Jacksonville Jaguars at Houston Texans #Jacksonville Jaguars at Houston Texans

[ESPN Gamecast](https://www.espn.com/nfl/game/_/gameId/401772770/jaguars-texans)

NRG Stadium- Houston, TX

Network(s): CBS 

***

|Time Clock|
|:--:|
|Final|

**Scoreboard**

||Q1|Q2|Q3|Q4|Total|
|:--:|:--:|:--:|:--:|:--:|:--:|
|JAX|10|10|9|0|29|
|HOU|0|10|0|26|36|


**Scoring Plays**

| Team | Quarter | Type | Description |
|:--|:--|:--|:--|
| JAX | 1 | FG | Cam Little 32 Yd Field Goal  |
| JAX | 1 | TD | Parker Washington 7 Yd pass from Trevor Lawrence (Cam Little Kick) |
| JAX | 2 | TD | Parker Washington 73 Yd Punt Return (Cam Little Kick) |
| HOU | 2 | FG | Matthew Wright 23 Yd Field Goal |
| JAX | 2 | FG | Cam Little 53 Yd Field Goal  |
| HOU | 2 | TD | Woody Marks 1 Yd Rush (Matthew Wright Kick) |
| JAX | 3 | FG | Cam Little 33 Yd Field Goal |
| JAX | 3 | TD | Travis Etienne Jr. 6 Yd Rush (Two-Point Pass Conversion Failed) |
| HOU | 4 | TD | Jayden Higgins 12 Yd pass from Davis Mills (Davis Mills Pass to Nico Collins for Two-Point Conversion) |
| HOU | 4 | TD | Dalton Schultz 7 Yd pass from Davis Mills (Two-Point Pass Conversion Failed) |
| HOU | 4 | TD | Davis Mills 14 Yd Rush (Two-Point Run Conversion Failed) |
| HOU | 4 | TD | Sheldon Rankins 32 Yd Fumble Recovery |




**Passing Leaders**

|Team|Player|C/ATT|YDS|TD|INT|SACKS|
|:--|:--|--:|--:|--:|--:|--:|
| JAX | Trevor Lawrence | 13/23 | 158 | 1 | 1 | 5-39 |
| HOU | Davis Mills | 27/45 | 292 | 2 | 1 | 2-10 |

**Rushing Leaders**

|Team|Player|CAR|YDS|AVG|TD|LONG|
|:--|:--|--:|--:|--:|--:|--:|
| JAX | Travis Etienne Jr. | 16 | 58 | 3.6 | 1 | 13 |
| HOU | Woody Marks | 14 | 63 | 4.5 | 1 | 21 |

**Receiving Leaders**

|Team|Player|REC|YDS|AVG|TD|LONG|TGTS|
|:--|:--|--:|--:|--:|--:|--:|--:|
| JAX | Jakobi Meyers | 3 | 41 | 13.7 | 0 | 23 | 3 |
| HOU | Nico Collins | 7 | 136 | 19.4 | 0 | 54 | 15 |


***

Use [reddit-stream.com](https://reddit-stream.com/comments/auto) to get an autorefreshing version of this page

^This ^was ^created ^by ^a ^bot. ^For ^issues ^or ^suggestions ^please ^message ^nfl_gdt_bot.

^Last ^updated: ^2025-11-09_17:01:58.645710-05:00 ##DAVIS MILLS OWNS THE JAGS",5020785.0,positive,0.0,0.987,0.013,0.4995
1osvevo,1762723938.0,5439,0.99,499,🏈 Game Thread,"Post Game Thread: Jacksonville Jaguars at Houston Texans #Jacksonville Jaguars at Houston Texans

[ESPN Gamecast](https://www.espn.com/nfl/game/_/gameId/401772770/jaguars-texans)

NRG Stadium- Houston, TX

Network(s): CBS 

***

|Time Clock|
|:--:|
|Final|

**Scoreboard**

||Q1|Q2|Q3|Q4|Total|
|:--:|:--:|:--:|:--:|:--:|:--:|
|JAX|10|10|9|0|29|
|HOU|0|10|0|26|36|


**Scoring Plays**

| Team | Quarter | Type | Description |
|:--|:--|:--|:--|
| JAX | 1 | FG | Cam Little 32 Yd Field Goal  |
| JAX | 1 | TD | Parker Washington 7 Yd pass from Trevor Lawrence (Cam Little Kick) |
| JAX | 2 | TD | Parker Washington 73 Yd Punt Return (Cam Little Kick) |
| HOU | 2 | FG | Matthew Wright 23 Yd Field Goal |
| JAX | 2 | FG | Cam Little 53 Yd Field Goal  |
| HOU | 2 | TD | Woody Marks 1 Yd Rush (Matthew Wright Kick) |
| JAX | 3 | FG | Cam Little 33 Yd Field Goal |
| JAX | 3 | TD | Travis Etienne Jr. 6 Yd Rush (Two-Point Pass Conversion Failed) |
| HOU | 4 | TD | Jayden Higgins 12 Yd pass from Davis Mills (Davis Mills Pass to Nico Collins for Two-Point Conversion) |
| HOU | 4 | TD | Dalton Schultz 7 Yd pass from Davis Mills (Two-Point Pass Conversion Failed) |
| HOU | 4 | TD | Davis Mills 14 Yd Rush (Two-Point Run Conversion Failed) |
| HOU | 4 | TD | Sheldon Rankins 32 Yd Fumble Recovery |




**Passing Leaders**

|Team|Player|C/ATT|YDS|TD|INT|SACKS|
|:--|:--|--:|--:|--:|--:|--:|
| JAX | Trevor Lawrence | 13/23 | 158 | 1 | 1 | 5-39 |
| HOU | Davis Mills | 27/45 | 292 | 2 | 1 | 2-10 |

**Rushing Leaders**

|Team|Player|CAR|YDS|AVG|TD|LONG|
|:--|:--|--:|--:|--:|--:|--:|
| JAX | Travis Etienne Jr. | 16 | 58 | 3.6 | 1 | 13 |
| HOU | Woody Marks | 14 | 63 | 4.5 | 1 | 21 |

**Receiving Leaders**

|Team|Player|REC|YDS|AVG|TD|LONG|TGTS|
|:--|:--|--:|--:|--:|--:|--:|--:|
| JAX | Jakobi Meyers | 3 | 41 | 13.7 | 0 | 23 | 3 |
| HOU | Nico Collins | 7 | 136 | 19.4 | 0 | 54 | 15 |


***

Use [reddit-stream.com](https://reddit-stream.com/comments/auto) to get an autorefreshing version of this page

^This ^was ^created ^by ^a ^bot. ^For ^issues ^or ^suggestions ^please ^message ^nfl_gdt_bot.

^Last ^updated: ^2025-11-09_17:01:58.645710-05:00 Jacksonville is not a serious franchise",2692305.0,neutral,0.0,0.982,0.018,0.5354
1osvevo,1762723943.0,4116,0.99,499,🏈 Game Thread,"Post Game Thread: Jacksonville Jaguars at Houston Texans #Jacksonville Jaguars at Houston Texans

[ESPN Gamecast](https://www.espn.com/nfl/game/_/gameId/401772770/jaguars-texans)

NRG Stadium- Houston, TX

Network(s): CBS 

***

|Time Clock|
|:--:|
|Final|

**Scoreboard**

||Q1|Q2|Q3|Q4|Total|
|:--:|:--:|:--:|:--:|:--:|:--:|
|JAX|10|10|9|0|29|
|HOU|0|10|0|26|36|


**Scoring Plays**

| Team | Quarter | Type | Description |
|:--|:--|:--|:--|
| JAX | 1 | FG | Cam Little 32 Yd Field Goal  |
| JAX | 1 | TD | Parker Washington 7 Yd pass from Trevor Lawrence (Cam Little Kick) |
| JAX | 2 | TD | Parker Washington 73 Yd Punt Return (Cam Little Kick) |
| HOU | 2 | FG | Matthew Wright 23 Yd Field Goal |
| JAX | 2 | FG | Cam Little 53 Yd Field Goal  |
| HOU | 2 | TD | Woody Marks 1 Yd Rush (Matthew Wright Kick) |
| JAX | 3 | FG | Cam Little 33 Yd Field Goal |
| JAX | 3 | TD | Travis Etienne Jr. 6 Yd Rush (Two-Point Pass Conversion Failed) |
| HOU | 4 | TD | Jayden Higgins 12 Yd pass from Davis Mills (Davis Mills Pass to Nico Collins for Two-Point Conversion) |
| HOU | 4 | TD | Dalton Schultz 7 Yd pass from Davis Mills (Two-Point Pass Conversion Failed) |
| HOU | 4 | TD | Davis Mills 14 Yd Rush (Two-Point Run Conversion Failed) |
| HOU | 4 | TD | Sheldon Rankins 32 Yd Fumble Recovery |




**Passing Leaders**

|Team|Player|C/ATT|YDS|TD|INT|SACKS|
|:--|:--|--:|--:|--:|--:|--:|
| JAX | Trevor Lawrence | 13/23 | 158 | 1 | 1 | 5-39 |
| HOU | Davis Mills | 27/45 | 292 | 2 | 1 | 2-10 |

**Rushing Leaders**

|Team|Player|CAR|YDS|AVG|TD|LONG|
|:--|:--|--:|--:|--:|--:|--:|
| JAX | Travis Etienne Jr. | 16 | 58 | 3.6 | 1 | 13 |
| HOU | Woody Marks | 14 | 63 | 4.5 | 1 | 21 |

**Receiving Leaders**

|Team|Player|REC|YDS|AVG|TD|LONG|TGTS|
|:--|:--|--:|--:|--:|--:|--:|--:|
| JAX | Jakobi Meyers | 3 | 41 | 13.7 | 0 | 23 | 3 |
| HOU | Nico Collins | 7 | 136 | 19.4 | 0 | 54 | 15 |


***

Use [reddit-stream.com](https://reddit-stream.com/comments/auto) to get an autorefreshing version of this page

^This ^was ^created ^by ^a ^bot. ^For ^issues ^or ^suggestions ^please ^message ^nfl_gdt_bot.

^Last ^updated: ^2025-11-09_17:01:58.645710-05:00 The lowest lows and the highest highs today",2037420.0,positive,0.017,0.97,0.013,-0.0431
1osvevo,1762723942.0,4116,0.99,499,🏈 Game Thread,"Post Game Thread: Jacksonville Jaguars at Houston Texans #Jacksonville Jaguars at Houston Texans

[ESPN Gamecast](https://www.espn.com/nfl/game/_/gameId/401772770/jaguars-texans)

NRG Stadium- Houston, TX

Network(s): CBS 

***

|Time Clock|
|:--:|
|Final|

**Scoreboard**

||Q1|Q2|Q3|Q4|Total|
|:--:|:--:|:--:|:--:|:--:|:--:|
|JAX|10|10|9|0|29|
|HOU|0|10|0|26|36|


**Scoring Plays**

| Team | Quarter | Type | Description |
|:--|:--|:--|:--|
| JAX | 1 | FG | Cam Little 32 Yd Field Goal  |
| JAX | 1 | TD | Parker Washington 7 Yd pass from Trevor Lawrence (Cam Little Kick) |
| JAX | 2 | TD | Parker Washington 73 Yd Punt Return (Cam Little Kick) |
| HOU | 2 | FG | Matthew Wright 23 Yd Field Goal |
| JAX | 2 | FG | Cam Little 53 Yd Field Goal  |
| HOU | 2 | TD | Woody Marks 1 Yd Rush (Matthew Wright Kick) |
| JAX | 3 | FG | Cam Little 33 Yd Field Goal |
| JAX | 3 | TD | Travis Etienne Jr. 6 Yd Rush (Two-Point Pass Conversion Failed) |
| HOU | 4 | TD | Jayden Higgins 12 Yd pass from Davis Mills (Davis Mills Pass to Nico Collins for Two-Point Conversion) |
| HOU | 4 | TD | Dalton Schultz 7 Yd pass from Davis Mills (Two-Point Pass Conversion Failed) |
| HOU | 4 | TD | Davis Mills 14 Yd Rush (Two-Point Run Conversion Failed) |
| HOU | 4 | TD | Sheldon Rankins 32 Yd Fumble Recovery |




**Passing Leaders**

|Team|Player|C/ATT|YDS|TD|INT|SACKS|
|:--|:--|--:|--:|--:|--:|--:|
| JAX | Trevor Lawrence | 13/23 | 158 | 1 | 1 | 5-39 |
| HOU | Davis Mills | 27/45 | 292 | 2 | 1 | 2-10 |

**Rushing Leaders**

|Team|Player|CAR|YDS|AVG|TD|LONG|
|:--|:--|--:|--:|--:|--:|--:|
| JAX | Travis Etienne Jr. | 16 | 58 | 3.6 | 1 | 13 |
| HOU | Woody Marks | 14 | 63 | 4.5 | 1 | 21 |

**Receiving Leaders**

|Team|Player|REC|YDS|AVG|TD|LONG|TGTS|
|:--|:--|--:|--:|--:|--:|--:|--:|
| JAX | Jakobi Meyers | 3 | 41 | 13.7 | 0 | 23 | 3 |
| HOU | Nico Collins | 7 | 136 | 19.4 | 0 | 54 | 15 |


***

Use [reddit-stream.com](https://reddit-stream.com/comments/auto) to get an autorefreshing version of this page

^This ^was ^created ^by ^a ^bot. ^For ^issues ^or ^suggestions ^please ^message ^nfl_gdt_bot.

^Last ^updated: ^2025-11-09_17:01:58.645710-05:00 For someone who didnt turn the game on till the 4th quarter, HELL FUCKIN YEAH",2037420.0,positive,0.02,0.957,0.023,-0.0431
1osvevo,1762723954.0,3528,0.99,499,🏈 Game Thread,"Post Game Thread: Jacksonville Jaguars at Houston Texans #Jacksonville Jaguars at Houston Texans

[ESPN Gamecast](https://www.espn.com/nfl/game/_/gameId/401772770/jaguars-texans)

NRG Stadium- Houston, TX

Network(s): CBS 

***

|Time Clock|
|:--:|
|Final|

**Scoreboard**

||Q1|Q2|Q3|Q4|Total|
|:--:|:--:|:--:|:--:|:--:|:--:|
|JAX|10|10|9|0|29|
|HOU|0|10|0|26|36|


**Scoring Plays**

| Team | Quarter | Type | Description |
|:--|:--|:--|:--|
| JAX | 1 | FG | Cam Little 32 Yd Field Goal  |
| JAX | 1 | TD | Parker Washington 7 Yd pass from Trevor Lawrence (Cam Little Kick) |
| JAX | 2 | TD | Parker Washington 73 Yd Punt Return (Cam Little Kick) |
| HOU | 2 | FG | Matthew Wright 23 Yd Field Goal |
| JAX | 2 | FG | Cam Little 53 Yd Field Goal  |
| HOU | 2 | TD | Woody Marks 1 Yd Rush (Matthew Wright Kick) |
| JAX | 3 | FG | Cam Little 33 Yd Field Goal |
| JAX | 3 | TD | Travis Etienne Jr. 6 Yd Rush (Two-Point Pass Conversion Failed) |
| HOU | 4 | TD | Jayden Higgins 12 Yd pass from Davis Mills (Davis Mills Pass to Nico Collins for Two-Point Conversion) |
| HOU | 4 | TD | Dalton Schultz 7 Yd pass from Davis Mills (Two-Point Pass Conversion Failed) |
| HOU | 4 | TD | Davis Mills 14 Yd Rush (Two-Point Run Conversion Failed) |
| HOU | 4 | TD | Sheldon Rankins 32 Yd Fumble Recovery |




**Passing Leaders**

|Team|Player|C/ATT|YDS|TD|INT|SACKS|
|:--|:--|--:|--:|--:|--:|--:|
| JAX | Trevor Lawrence | 13/23 | 158 | 1 | 1 | 5-39 |
| HOU | Davis Mills | 27/45 | 292 | 2 | 1 | 2-10 |

**Rushing Leaders**

|Team|Player|CAR|YDS|AVG|TD|LONG|
|:--|:--|--:|--:|--:|--:|--:|
| JAX | Travis Etienne Jr. | 16 | 58 | 3.6 | 1 | 13 |
| HOU | Woody Marks | 14 | 63 | 4.5 | 1 | 21 |

**Receiving Leaders**

|Team|Player|REC|YDS|AVG|TD|LONG|TGTS|
|:--|:--|--:|--:|--:|--:|--:|--:|
| JAX | Jakobi Meyers | 3 | 41 | 13.7 | 0 | 23 | 3 |
| HOU | Nico Collins | 7 | 136 | 19.4 | 0 | 54 | 15 |


***

Use [reddit-stream.com](https://reddit-stream.com/comments/auto) to get an autorefreshing version of this page

^This ^was ^created ^by ^a ^bot. ^For ^issues ^or ^suggestions ^please ^message ^nfl_gdt_bot.

^Last ^updated: ^2025-11-09_17:01:58.645710-05:00 Big Man Tuddy for a Scorigami, holy shit",1746360.0,neutral,0.014,0.973,0.013,-0.0943
1osvevo,1762723912.0,19404,0.99,499,🏈 Game Thread,"Post Game Thread: Jacksonville Jaguars at Houston Texans #Jacksonville Jaguars at Houston Texans

[ESPN Gamecast](https://www.espn.com/nfl/game/_/gameId/401772770/jaguars-texans)

NRG Stadium- Houston, TX

Network(s): CBS 

***

|Time Clock|
|:--:|
|Final|

**Scoreboard**

||Q1|Q2|Q3|Q4|Total|
|:--:|:--:|:--:|:--:|:--:|:--:|
|JAX|10|10|9|0|29|
|HOU|0|10|0|26|36|


**Scoring Plays**

| Team | Quarter | Type | Description |
|:--|:--|:--|:--|
| JAX | 1 | FG | Cam Little 32 Yd Field Goal  |
| JAX | 1 | TD | Parker Washington 7 Yd pass from Trevor Lawrence (Cam Little Kick) |
| JAX | 2 | TD | Parker Washington 73 Yd Punt Return (Cam Little Kick) |
| HOU | 2 | FG | Matthew Wright 23 Yd Field Goal |
| JAX | 2 | FG | Cam Little 53 Yd Field Goal  |
| HOU | 2 | TD | Woody Marks 1 Yd Rush (Matthew Wright Kick) |
| JAX | 3 | FG | Cam Little 33 Yd Field Goal |
| JAX | 3 | TD | Travis Etienne Jr. 6 Yd Rush (Two-Point Pass Conversion Failed) |
| HOU | 4 | TD | Jayden Higgins 12 Yd pass from Davis Mills (Davis Mills Pass to Nico Collins for Two-Point Conversion) |
| HOU | 4 | TD | Dalton Schultz 7 Yd pass from Davis Mills (Two-Point Pass Conversion Failed) |
| HOU | 4 | TD | Davis Mills 14 Yd Rush (Two-Point Run Conversion Failed) |
| HOU | 4 | TD | Sheldon Rankins 32 Yd Fumble Recovery |




**Passing Leaders**

|Team|Player|C/ATT|YDS|TD|INT|SACKS|
|:--|:--|--:|--:|--:|--:|--:|
| JAX | Trevor Lawrence | 13/23 | 158 | 1 | 1 | 5-39 |
| HOU | Davis Mills | 27/45 | 292 | 2 | 1 | 2-10 |

**Rushing Leaders**

|Team|Player|CAR|YDS|AVG|TD|LONG|
|:--|:--|--:|--:|--:|--:|--:|
| JAX | Travis Etienne Jr. | 16 | 58 | 3.6 | 1 | 13 |
| HOU | Woody Marks | 14 | 63 | 4.5 | 1 | 21 |

**Receiving Leaders**

|Team|Player|REC|YDS|AVG|TD|LONG|TGTS|
|:--|:--|--:|--:|--:|--:|--:|--:|
| JAX | Jakobi Meyers | 3 | 41 | 13.7 | 0 | 23 | 3 |
| HOU | Nico Collins | 7 | 136 | 19.4 | 0 | 54 | 15 |


***

Use [reddit-stream.com](https://reddit-stream.com/comments/auto) to get an autorefreshing version of this page

^This ^was ^created ^by ^a ^bot. ^For ^issues ^or ^suggestions ^please ^message ^nfl_gdt_bot.

^Last ^updated: ^2025-11-09_17:01:58.645710-05:00 One Month Ago:  Bench CJ for Mills!

One Week Ago:  Ban the people calling for Mills to replace CJ!

Now:  Ban the people calling for the people calling for Mills to replace CJ to be banned.",9604980.0,positive,0.037,0.952,0.011,-0.8201
1osvevo,1762723944.0,6321,0.99,499,🏈 Game Thread,"Post Game Thread: Jacksonville Jaguars at Houston Texans #Jacksonville Jaguars at Houston Texans

[ESPN Gamecast](https://www.espn.com/nfl/game/_/gameId/401772770/jaguars-texans)

NRG Stadium- Houston, TX

Network(s): CBS 

***

|Time Clock|
|:--:|
|Final|

**Scoreboard**

||Q1|Q2|Q3|Q4|Total|
|:--:|:--:|:--:|:--:|:--:|:--:|
|JAX|10|10|9|0|29|
|HOU|0|10|0|26|36|


**Scoring Plays**

| Team | Quarter | Type | Description |
|:--|:--|:--|:--|
| JAX | 1 | FG | Cam Little 32 Yd Field Goal  |
| JAX | 1 | TD | Parker Washington 7 Yd pass from Trevor Lawrence (Cam Little Kick) |
| JAX | 2 | TD | Parker Washington 73 Yd Punt Return (Cam Little Kick) |
| HOU | 2 | FG | Matthew Wright 23 Yd Field Goal |
| JAX | 2 | FG | Cam Little 53 Yd Field Goal  |
| HOU | 2 | TD | Woody Marks 1 Yd Rush (Matthew Wright Kick) |
| JAX | 3 | FG | Cam Little 33 Yd Field Goal |
| JAX | 3 | TD | Travis Etienne Jr. 6 Yd Rush (Two-Point Pass Conversion Failed) |
| HOU | 4 | TD | Jayden Higgins 12 Yd pass from Davis Mills (Davis Mills Pass to Nico Collins for Two-Point Conversion) |
| HOU | 4 | TD | Dalton Schultz 7 Yd pass from Davis Mills (Two-Point Pass Conversion Failed) |
| HOU | 4 | TD | Davis Mills 14 Yd Rush (Two-Point Run Conversion Failed) |
| HOU | 4 | TD | Sheldon Rankins 32 Yd Fumble Recovery |




**Passing Leaders**

|Team|Player|C/ATT|YDS|TD|INT|SACKS|
|:--|:--|--:|--:|--:|--:|--:|
| JAX | Trevor Lawrence | 13/23 | 158 | 1 | 1 | 5-39 |
| HOU | Davis Mills | 27/45 | 292 | 2 | 1 | 2-10 |

**Rushing Leaders**

|Team|Player|CAR|YDS|AVG|TD|LONG|
|:--|:--|--:|--:|--:|--:|--:|
| JAX | Travis Etienne Jr. | 16 | 58 | 3.6 | 1 | 13 |
| HOU | Woody Marks | 14 | 63 | 4.5 | 1 | 21 |

**Receiving Leaders**

|Team|Player|REC|YDS|AVG|TD|LONG|TGTS|
|:--|:--|--:|--:|--:|--:|--:|--:|
| JAX | Jakobi Meyers | 3 | 41 | 13.7 | 0 | 23 | 3 |
| HOU | Nico Collins | 7 | 136 | 19.4 | 0 | 54 | 15 |


***

Use [reddit-stream.com](https://reddit-stream.com/comments/auto) to get an autorefreshing version of this page

^This ^was ^created ^by ^a ^bot. ^For ^issues ^or ^suggestions ^please ^message ^nfl_gdt_bot.

^Last ^updated: ^2025-11-09_17:01:58.645710-05:00 https://preview.redd.it/29liahfava0g1.jpeg?width=1284&format=pjpg&auto=webp&s=7bba73fc6c8a6c7d58ca8ee3da628f790269c024",3128895.0,neutral,0.0,0.987,0.013,0.4995
1osvevo,1762723932.0,3528,0.99,499,🏈 Game Thread,"Post Game Thread: Jacksonville Jaguars at Houston Texans #Jacksonville Jaguars at Houston Texans

[ESPN Gamecast](https://www.espn.com/nfl/game/_/gameId/401772770/jaguars-texans)

NRG Stadium- Houston, TX

Network(s): CBS 

***

|Time Clock|
|:--:|
|Final|

**Scoreboard**

||Q1|Q2|Q3|Q4|Total|
|:--:|:--:|:--:|:--:|:--:|:--:|
|JAX|10|10|9|0|29|
|HOU|0|10|0|26|36|


**Scoring Plays**

| Team | Quarter | Type | Description |
|:--|:--|:--|:--|
| JAX | 1 | FG | Cam Little 32 Yd Field Goal  |
| JAX | 1 | TD | Parker Washington 7 Yd pass from Trevor Lawrence (Cam Little Kick) |
| JAX | 2 | TD | Parker Washington 73 Yd Punt Return (Cam Little Kick) |
| HOU | 2 | FG | Matthew Wright 23 Yd Field Goal |
| JAX | 2 | FG | Cam Little 53 Yd Field Goal  |
| HOU | 2 | TD | Woody Marks 1 Yd Rush (Matthew Wright Kick) |
| JAX | 3 | FG | Cam Little 33 Yd Field Goal |
| JAX | 3 | TD | Travis Etienne Jr. 6 Yd Rush (Two-Point Pass Conversion Failed) |
| HOU | 4 | TD | Jayden Higgins 12 Yd pass from Davis Mills (Davis Mills Pass to Nico Collins for Two-Point Conversion) |
| HOU | 4 | TD | Dalton Schultz 7 Yd pass from Davis Mills (Two-Point Pass Conversion Failed) |
| HOU | 4 | TD | Davis Mills 14 Yd Rush (Two-Point Run Conversion Failed) |
| HOU | 4 | TD | Sheldon Rankins 32 Yd Fumble Recovery |




**Passing Leaders**

|Team|Player|C/ATT|YDS|TD|INT|SACKS|
|:--|:--|--:|--:|--:|--:|--:|
| JAX | Trevor Lawrence | 13/23 | 158 | 1 | 1 | 5-39 |
| HOU | Davis Mills | 27/45 | 292 | 2 | 1 | 2-10 |

**Rushing Leaders**

|Team|Player|CAR|YDS|AVG|TD|LONG|
|:--|:--|--:|--:|--:|--:|--:|
| JAX | Travis Etienne Jr. | 16 | 58 | 3.6 | 1 | 13 |
| HOU | Woody Marks | 14 | 63 | 4.5 | 1 | 21 |

**Receiving Leaders**

|Team|Player|REC|YDS|AVG|TD|LONG|TGTS|
|:--|:--|--:|--:|--:|--:|--:|--:|
| JAX | Jakobi Meyers | 3 | 41 | 13.7 | 0 | 23 | 3 |
| HOU | Nico Collins | 7 | 136 | 19.4 | 0 | 54 | 15 |


***

Use [reddit-stream.com](https://reddit-stream.com/comments/auto) to get an autorefreshing version of this page

^This ^was ^created ^by ^a ^bot. ^For ^issues ^or ^suggestions ^please ^message ^nfl_gdt_bot.

^Last ^updated: ^2025-11-09_17:01:58.645710-05:00 Imagine paying an absolute bum of a qb like the jags have",1746360.0,positive,0.0,0.978,0.022,0.694
1osvevo,1762723957.0,2940,0.99,499,🏈 Game Thread,"Post Game Thread: Jacksonville Jaguars at Houston Texans #Jacksonville Jaguars at Houston Texans

[ESPN Gamecast](https://www.espn.com/nfl/game/_/gameId/401772770/jaguars-texans)

NRG Stadium- Houston, TX

Network(s): CBS 

***

|Time Clock|
|:--:|
|Final|

**Scoreboard**

||Q1|Q2|Q3|Q4|Total|
|:--:|:--:|:--:|:--:|:--:|:--:|
|JAX|10|10|9|0|29|
|HOU|0|10|0|26|36|


**Scoring Plays**

| Team | Quarter | Type | Description |
|:--|:--|:--|:--|
| JAX | 1 | FG | Cam Little 32 Yd Field Goal  |
| JAX | 1 | TD | Parker Washington 7 Yd pass from Trevor Lawrence (Cam Little Kick) |
| JAX | 2 | TD | Parker Washington 73 Yd Punt Return (Cam Little Kick) |
| HOU | 2 | FG | Matthew Wright 23 Yd Field Goal |
| JAX | 2 | FG | Cam Little 53 Yd Field Goal  |
| HOU | 2 | TD | Woody Marks 1 Yd Rush (Matthew Wright Kick) |
| JAX | 3 | FG | Cam Little 33 Yd Field Goal |
| JAX | 3 | TD | Travis Etienne Jr. 6 Yd Rush (Two-Point Pass Conversion Failed) |
| HOU | 4 | TD | Jayden Higgins 12 Yd pass from Davis Mills (Davis Mills Pass to Nico Collins for Two-Point Conversion) |
| HOU | 4 | TD | Dalton Schultz 7 Yd pass from Davis Mills (Two-Point Pass Conversion Failed) |
| HOU | 4 | TD | Davis Mills 14 Yd Rush (Two-Point Run Conversion Failed) |
| HOU | 4 | TD | Sheldon Rankins 32 Yd Fumble Recovery |




**Passing Leaders**

|Team|Player|C/ATT|YDS|TD|INT|SACKS|
|:--|:--|--:|--:|--:|--:|--:|
| JAX | Trevor Lawrence | 13/23 | 158 | 1 | 1 | 5-39 |
| HOU | Davis Mills | 27/45 | 292 | 2 | 1 | 2-10 |

**Rushing Leaders**

|Team|Player|CAR|YDS|AVG|TD|LONG|
|:--|:--|--:|--:|--:|--:|--:|
| JAX | Travis Etienne Jr. | 16 | 58 | 3.6 | 1 | 13 |
| HOU | Woody Marks | 14 | 63 | 4.5 | 1 | 21 |

**Receiving Leaders**

|Team|Player|REC|YDS|AVG|TD|LONG|TGTS|
|:--|:--|--:|--:|--:|--:|--:|--:|
| JAX | Jakobi Meyers | 3 | 41 | 13.7 | 0 | 23 | 3 |
| HOU | Nico Collins | 7 | 136 | 19.4 | 0 | 54 | 15 |


***

Use [reddit-stream.com](https://reddit-stream.com/comments/auto) to get an autorefreshing version of this page

^This ^was ^created ^by ^a ^bot. ^For ^issues ^or ^suggestions ^please ^message ^nfl_gdt_bot.

^Last ^updated: ^2025-11-09_17:01:58.645710-05:00 DON'T YOU EVER DISRESPECC THE NECC",1455300.0,positive,0.0,0.987,0.013,0.4995
1osvevo,1762723938.0,2793,0.99,499,🏈 Game Thread,"Post Game Thread: Jacksonville Jaguars at Houston Texans #Jacksonville Jaguars at Houston Texans

[ESPN Gamecast](https://www.espn.com/nfl/game/_/gameId/401772770/jaguars-texans)

NRG Stadium- Houston, TX

Network(s): CBS 

***

|Time Clock|
|:--:|
|Final|

**Scoreboard**

||Q1|Q2|Q3|Q4|Total|
|:--:|:--:|:--:|:--:|:--:|:--:|
|JAX|10|10|9|0|29|
|HOU|0|10|0|26|36|


**Scoring Plays**

| Team | Quarter | Type | Description |
|:--|:--|:--|:--|
| JAX | 1 | FG | Cam Little 32 Yd Field Goal  |
| JAX | 1 | TD | Parker Washington 7 Yd pass from Trevor Lawrence (Cam Little Kick) |
| JAX | 2 | TD | Parker Washington 73 Yd Punt Return (Cam Little Kick) |
| HOU | 2 | FG | Matthew Wright 23 Yd Field Goal |
| JAX | 2 | FG | Cam Little 53 Yd Field Goal  |
| HOU | 2 | TD | Woody Marks 1 Yd Rush (Matthew Wright Kick) |
| JAX | 3 | FG | Cam Little 33 Yd Field Goal |
| JAX | 3 | TD | Travis Etienne Jr. 6 Yd Rush (Two-Point Pass Conversion Failed) |
| HOU | 4 | TD | Jayden Higgins 12 Yd pass from Davis Mills (Davis Mills Pass to Nico Collins for Two-Point Conversion) |
| HOU | 4 | TD | Dalton Schultz 7 Yd pass from Davis Mills (Two-Point Pass Conversion Failed) |
| HOU | 4 | TD | Davis Mills 14 Yd Rush (Two-Point Run Conversion Failed) |
| HOU | 4 | TD | Sheldon Rankins 32 Yd Fumble Recovery |




**Passing Leaders**

|Team|Player|C/ATT|YDS|TD|INT|SACKS|
|:--|:--|--:|--:|--:|--:|--:|
| JAX | Trevor Lawrence | 13/23 | 158 | 1 | 1 | 5-39 |
| HOU | Davis Mills | 27/45 | 292 | 2 | 1 | 2-10 |

**Rushing Leaders**

|Team|Player|CAR|YDS|AVG|TD|LONG|
|:--|:--|--:|--:|--:|--:|--:|
| JAX | Travis Etienne Jr. | 16 | 58 | 3.6 | 1 | 13 |
| HOU | Woody Marks | 14 | 63 | 4.5 | 1 | 21 |

**Receiving Leaders**

|Team|Player|REC|YDS|AVG|TD|LONG|TGTS|
|:--|:--|--:|--:|--:|--:|--:|--:|
| JAX | Jakobi Meyers | 3 | 41 | 13.7 | 0 | 23 | 3 |
| HOU | Nico Collins | 7 | 136 | 19.4 | 0 | 54 | 15 |


***

Use [reddit-stream.com](https://reddit-stream.com/comments/auto) to get an autorefreshing version of this page

^This ^was ^created ^by ^a ^bot. ^For ^issues ^or ^suggestions ^please ^message ^nfl_gdt_bot.

^Last ^updated: ^2025-11-09_17:01:58.645710-05:00 WE ARE SO FUCKING BACK",1382535.0,positive,0.0,0.987,0.013,0.4995
1osv6xn,1762723424.0,69978,1.0,47,📹 Highlight,DAVIS MILLS  Damn. You posted this FAST,3358944.0,positive,0.31,0.69,0.0,-0.4019
1osv6xn,1762724005.0,58422,1.0,47,📹 Highlight,DAVIS MILLS  https://preview.redd.it/1ib3z21hva0g1.jpeg?width=300&format=pjpg&auto=webp&s=0ef7ac431f9c8f33fff3eb5b7cc6e368247bf64c,2804256.0,neutral,0.0,1.0,0.0,0.0
1osv6xn,1762723406.0,81534,1.0,47,📹 Highlight,DAVIS MILLS  THAT'S MY (backup) QUARTERBACK,3913632.0,positive,0.0,1.0,0.0,0.0
1osv6xn,1762723673.0,28890,1.0,47,📹 Highlight,DAVIS MILLS  Really stuck his neck out for the TD,1386720.0,neutral,0.203,0.797,0.0,-0.3167
1osv6xn,1762723769.0,26322,1.0,47,📹 Highlight,"DAVIS MILLS  https://preview.redd.it/qr6cbydrua0g1.jpeg?width=168&format=pjpg&auto=webp&s=5ba8ccc0a59700047083de52349216b311bc2b24

Mills!!!",1263456.0,neutral,0.0,1.0,0.0,0.0
1osv6xn,1762723440.0,37878,1.0,47,📹 Highlight,DAVIS MILLS  That neck hit the pylon,1818144.0,positive,0.0,1.0,0.0,0.0
1osv6xn,1762723825.0,13482,1.0,47,📹 Highlight,DAVIS MILLS  LOL FUCK THIS SUB HAHAHAHAHA,647136.0,positive,0.31,0.442,0.248,-0.1779
1osv6xn,1762724160.0,12198,1.0,47,📹 Highlight,DAVIS MILLS  THATS MY QB2 GIRAFFE DADDY,585504.0,positive,0.0,1.0,0.0,0.0
1osv6xn,1762723999.0,8988,1.0,47,📹 Highlight,"DAVIS MILLS  Damnit I turned the game off to catch up on One Piece of all things. Fair weather fan, I am, hmmm.",431424.0,neutral,0.131,0.692,0.177,0.0516
1osv6xn,1762724195.0,8346,1.0,47,📹 Highlight,DAVIS MILLS  Respeck the neck,400608.0,positive,0.0,1.0,0.0,0.0
1osv6xn,1762723542.0,4494,1.0,47,📹 Highlight,DAVIS MILLS  MILL$,215712.0,positive,0.0,1.0,0.0,0.0
1osv6xn,1762723447.0,10272,1.0,47,📹 Highlight,DAVIS MILLS  That's MONEY MILLS,493056.0,neutral,0.0,1.0,0.0,0.0
1osv6xn,1762723766.0,4494,1.0,47,📹 Highlight,DAVIS MILLS  Bro really DID wake up this morning!,215712.0,positive,0.0,1.0,0.0,0.0
1osv6xn,1762726185.0,3852,1.0,47,📹 Highlight,DAVIS MILLS  I completely forgot that at the start of the game his elbow swelled up like a baseball,184896.0,neutral,0.0,0.865,0.135,0.3612
1osv6xn,1762723750.0,3852,1.0,47,📹 Highlight,DAVIS MILLS  Believe in the Neck.,184896.0,neutral,0.0,1.0,0.0,0.0
1osv6xn,1762724326.0,3852,1.0,47,📹 Highlight,DAVIS MILLS  GALLOPING GIRAFFE,184896.0,positive,0.0,1.0,0.0,0.0
1osv6xn,1762724515.0,3852,1.0,47,📹 Highlight,"DAVIS MILLS  ![gif](giphy|fRzQRQ2Fux1Is)

Walking into the end zone like",184896.0,positive,0.0,0.741,0.259,0.4199
1osv6xn,1762726411.0,3852,1.0,47,📹 Highlight,"DAVIS MILLS  Head first, nuts out. The neck never fails 😤",184896.0,positive,0.182,0.633,0.185,0.0083
1osv6xn,1762723901.0,3210,1.0,47,📹 Highlight,DAVIS MILLS  GENERAL MILLS *NECKING* IN FOR A TD,154080.0,negative,0.0,1.0,0.0,0.0
1osv6xn,1762723906.0,3210,1.0,47,📹 Highlight,DAVIS MILLS  Holy shit 🤣🤣🤣,154080.0,positive,0.474,0.526,0.0,-0.5574
1osskfd,1762717359.0,10535,1.0,10,📹 Highlight,"Sting said GIMME dat, what a crazy pick  we really wasting a superbowl caliber defense man.",115885.0,positive,0.301,0.615,0.084,-0.5984
1osskfd,1762717269.0,5635,1.0,10,📹 Highlight,"Sting said GIMME dat, what a crazy pick  We dont deserve this defense . Fuck caley",61985.0,neutral,0.318,0.594,0.088,-0.6457
1osskfd,1762717408.0,1960,1.0,10,📹 Highlight,"Sting said GIMME dat, what a crazy pick  https://preview.redd.it/uyk8rrjuba0g1.jpeg?width=1024&format=pjpg&auto=webp&s=c6951a07ffee7921092c097748e8bb3d2e4d7bad

The sting",21560.0,positive,0.211,0.789,0.0,-0.34
1osskfd,1762717240.0,1470,1.0,10,📹 Highlight,"Sting said GIMME dat, what a crazy pick  Ah so beautiful. I love Sting.",16170.0,neutral,0.115,0.431,0.454,0.843
1osskfd,1762744364.0,245,1.0,10,📹 Highlight,"Sting said GIMME dat, what a crazy pick  ![gif](giphy|yZaInh5c9AUZHE0ee7|downsized)",2695.0,positive,0.278,0.722,0.0,-0.4003
1osskfd,1762792918.0,245,1.0,10,📹 Highlight,"Sting said GIMME dat, what a crazy pick  Love that he doesn't get up and celebrate like an idiot",2695.0,positive,0.196,0.447,0.357,0.6908
1ossc8w,1762717128.0,8820,0.99,36,📹 Highlight,"This is not a drill y'all, we scored a TD on the 1 yard line. Woody gets his 2nd rushing TD of the year and his 4th overall.  This is an Ersery touchdown. Nice to see the young guys finish.",323077.0,negative,0.0,0.928,0.072,0.4215
1ossc8w,1762717486.0,2744,0.99,36,📹 Highlight,"This is not a drill y'all, we scored a TD on the 1 yard line. Woody gets his 2nd rushing TD of the year and his 4th overall.  Why didn’t we try to jam it up the middle",100513.0,negative,0.0,1.0,0.0,0.0
1ossc8w,1762716656.0,2548,0.99,36,📹 Highlight,"This is not a drill y'all, we scored a TD on the 1 yard line. Woody gets his 2nd rushing TD of the year and his 4th overall.  11th time is the charm",93333.0,negative,0.0,0.915,0.085,0.4019
1ossc8w,1762717073.0,2548,0.99,36,📹 Highlight,"This is not a drill y'all, we scored a TD on the 1 yard line. Woody gets his 2nd rushing TD of the year and his 4th overall.  Outside of 2 special teams gaffes our offense di just fine, so far",93333.0,negative,0.049,0.84,0.111,0.3612
1ossc8w,1762716726.0,784,0.99,36,📹 Highlight,"This is not a drill y'all, we scored a TD on the 1 yard line. Woody gets his 2nd rushing TD of the year and his 4th overall.  WE DID IT!!!!!",28718.0,negative,0.0,1.0,0.0,0.0
1ossc8w,1762717360.0,980,0.99,36,📹 Highlight,"This is not a drill y'all, we scored a TD on the 1 yard line. Woody gets his 2nd rushing TD of the year and his 4th overall.  MISSION ACCOMPLISHED!",35897.0,negative,0.0,0.869,0.131,0.6027
1ossc8w,1762721236.0,588,0.99,36,📹 Highlight,"This is not a drill y'all, we scored a TD on the 1 yard line. Woody gets his 2nd rushing TD of the year and his 4th overall.  ![gif](giphy|xT8qB3utUzMWqmpH20)",21538.0,positive,0.0,1.0,0.0,0.0
1ossc8w,1762717325.0,392,0.99,36,📹 Highlight,"This is not a drill y'all, we scored a TD on the 1 yard line. Woody gets his 2nd rushing TD of the year and his 4th overall.  Literally a game changer 🤯",14359.0,negative,0.0,1.0,0.0,0.0
1ossc8w,1762717804.0,196,0.99,36,📹 Highlight,"This is not a drill y'all, we scored a TD on the 1 yard line. Woody gets his 2nd rushing TD of the year and his 4th overall.  Amazing how that works, short yardage and not running up the middle",7179.0,negative,0.0,0.905,0.095,0.5859
1ossc8w,1762719997.0,196,0.99,36,📹 Highlight,"This is not a drill y'all, we scored a TD on the 1 yard line. Woody gets his 2nd rushing TD of the year and his 4th overall.  Run to the outside scores? Nah, fuck that, ram it up the centers ass!",7179.0,negative,0.194,0.806,0.0,-0.8268
1ossc8w,1762890381.0,196,0.99,36,📹 Highlight,"This is not a drill y'all, we scored a TD on the 1 yard line. Woody gets his 2nd rushing TD of the year and his 4th overall.  Wait guys…I thought you can’t run outside? Is that legal now? Has anyone told Nick this is an option?",7179.0,neutral,0.0,0.955,0.045,0.2593
1ossc8w,1763013627.0,196,0.99,36,📹 Highlight,"This is not a drill y'all, we scored a TD on the 1 yard line. Woody gets his 2nd rushing TD of the year and his 4th overall.  I think plays like this or short passes should be our go to for redzone, with any team with a decent D line, which is most good teams. We truly need better interior that can push the line forward and let CJ pass.",7179.0,negative,0.0,0.816,0.184,0.9099
1osk3hb,1762697144.0,34790,0.95,57,🥤 Kool-Aid,Bad news for the jaguars… Davis Mills woke up today 😈  didn’t someone in the ravens sub say the same thing when cooper rush was starting against us lmao,1916929.0,neutral,0.105,0.778,0.117,0.1027
1osk3hb,1762697448.0,16170,0.95,57,🥤 Kool-Aid,"Bad news for the jaguars… Davis Mills woke up today 😈  If we lose, this post is gonna get torched on afcsouthmemewar.",890967.0,negative,0.246,0.754,0.0,-0.7351
1osk3hb,1762697314.0,5390,0.95,57,🥤 Kool-Aid,Bad news for the jaguars… Davis Mills woke up today 😈  Daddy Longneck is pissed,296989.0,neutral,0.391,0.609,0.0,-0.8271
1osk3hb,1762698136.0,2695,0.95,57,🥤 Kool-Aid,Bad news for the jaguars… Davis Mills woke up today 😈  Littlefoot will lead us to victory,148494.0,negative,0.189,0.811,0.0,-0.5423
1osk3hb,1762698733.0,2205,0.95,57,🥤 Kool-Aid,"Bad news for the jaguars… Davis Mills woke up today 😈  Bad news for the Texans...I called my Guido and changed my bet from Jags +1 to Texans -1.

I have only won once betting on the Texans and that was earlier this year.

Apologizing ahead of time.",121496.0,negative,0.154,0.778,0.069,-0.5574
1osk3hb,1762698186.0,1960,0.95,57,🥤 Kool-Aid,Bad news for the jaguars… Davis Mills woke up today 😈  Everyday TLaw shows up to work is bad news for the jags 🤷🏻‍♀️,107996.0,negative,0.25,0.75,0.0,-0.7906
1osk3hb,1762699276.0,1715,0.95,57,🥤 Kool-Aid,"Bad news for the jaguars… Davis Mills woke up today 😈  Please post this after the game, I feel like you jinxed it already man ",94496.0,neutral,0.124,0.707,0.17,0.0772
1osk3hb,1762701938.0,980,0.95,57,🥤 Kool-Aid,Bad news for the jaguars… Davis Mills woke up today 😈  ![gif](giphy|s5wFafpHxqKbIEERl9),53998.0,negative,0.275,0.725,0.0,-0.5848
1osk3hb,1762703619.0,980,0.95,57,🥤 Kool-Aid,Bad news for the jaguars… Davis Mills woke up today 😈  THE NECKS MAN UP.,53998.0,neutral,0.212,0.788,0.0,-0.5423
1osk3hb,1762724403.0,980,0.95,57,🥤 Kool-Aid,Bad news for the jaguars… Davis Mills woke up today 😈  Aged like fine wine,53998.0,neutral,0.186,0.585,0.229,-0.0516
1osk3hb,1762724565.0,980,0.95,57,🥤 Kool-Aid,"Bad news for the jaguars… Davis Mills woke up today 😈  DAVIS MILLS WOKE UP TODAY YEAH, no one check my comment history in the game thread",53998.0,negative,0.18,0.727,0.093,-0.4151
1osk3hb,1762701083.0,1715,0.95,57,🥤 Kool-Aid,"Bad news for the jaguars… Davis Mills woke up today 😈  Prepare for us to be soundly beaten.  Not only are we bad and stupid, but now we're severely hobbled by injuries.  It's a nightmare.",94496.0,neutral,0.31,0.69,0.0,-0.891
1osk3hb,1762724035.0,735,0.95,57,🥤 Kool-Aid,Bad news for the jaguars… Davis Mills woke up today 😈  Aged very well,40498.0,negative,0.207,0.651,0.142,-0.2748
1osk3hb,1762724339.0,735,0.95,57,🥤 Kool-Aid,Bad news for the jaguars… Davis Mills woke up today 😈  Mills woke up today!!!!!!,40498.0,positive,0.264,0.736,0.0,-0.6876
1osk3hb,1762697140.0,1225,0.95,57,🥤 Kool-Aid,Bad news for the jaguars… Davis Mills woke up today 😈  Are you Davis Mills?,67498.0,negative,0.212,0.788,0.0,-0.5423
1osk3hb,1762700925.0,490,0.95,57,🥤 Kool-Aid,Bad news for the jaguars… Davis Mills woke up today 😈  The Kitty slayer hath risen!,26999.0,neutral,0.213,0.787,0.0,-0.5848
1osk3hb,1762714482.0,490,0.95,57,🥤 Kool-Aid,"Bad news for the jaguars… Davis Mills woke up today 😈  ![gif](giphy|UiujkYUI1GlHoj3mgl)

solid jinx - 17-0 jags in the lead right now @ 12:52pm CST.

Texans Defense saying: what’s the point in playing…",26999.0,negative,0.112,0.797,0.091,-0.4003
1osk3hb,1762724989.0,490,0.95,57,🥤 Kool-Aid,Bad news for the jaguars… Davis Mills woke up today 😈  YOURE GODDAMN RIGHT,26999.0,negative,0.4,0.6,0.0,-0.8091
1osk3hb,1762725994.0,490,0.95,57,🥤 Kool-Aid,Bad news for the jaguars… Davis Mills woke up today 😈  TALK THAT TALK,26999.0,neutral,0.226,0.774,0.0,-0.5423
1osk3hb,1762728723.0,490,0.95,57,🥤 Kool-Aid,Bad news for the jaguars… Davis Mills woke up today 😈  Respect the neck,26999.0,neutral,0.199,0.625,0.176,-0.1027
1os6oor,1762652773.0,34121,0.95,34,🗞 News,"NFL Makes Final Call on C.J. Stroud Hit, Punishes Texans Players  If it was mahomes or Allen, they would’ve called it and fines would’ve followed.",1134523.0,neutral,0.114,0.886,0.0,-0.4767
1os6oor,1762658336.0,20115,0.95,34,🗞 News,"NFL Makes Final Call on C.J. Stroud Hit, Punishes Texans Players  They tackled Nico helmet to helmet, put three of our guys in concussion protocol and injured five of our key players. 

But we're the only ones getting fined 😂


Edit: 
Here's if you wanna compare, 

The tackle on Nico (and he just got back from a concussion) https://x.com/sidelinesarah/status/1986115870951620654?t=f6DhAZnMpGdzv4ZVJrAX2g&s=19


And here's what Azeez got fined for https://x.com/TexansCommenter/status/1987270235377013012?t=oGGDHdR-nSCqEwDjdZDJ4g&s=19",668824.0,neutral,0.063,0.937,0.0,-0.504
1os6oor,1762654731.0,7152,0.95,34,🗞 News,"NFL Makes Final Call on C.J. Stroud Hit, Punishes Texans Players  Literally adding insult to injury",237804.0,negative,0.414,0.586,0.0,-0.8481
1os6oor,1762652576.0,24883,0.95,34,🗞 News,"NFL Makes Final Call on C.J. Stroud Hit, Punishes Texans Players  Read this and tell me with a straight face the league doesn't hate this team.",827360.0,neutral,0.103,0.733,0.163,0.2018
1os6oor,1762656352.0,2384,0.95,34,🗞 News,"NFL Makes Final Call on C.J. Stroud Hit, Punishes Texans Players  Only us... SMh",79268.0,neutral,0.31,0.69,0.0,-0.6597
1os6oor,1762659590.0,2533,0.95,34,🗞 News,"NFL Makes Final Call on C.J. Stroud Hit, Punishes Texans Players  Clear bias towards this team from the league and other fanbases.",84222.0,neutral,0.172,0.728,0.1,-0.2263
1os6oor,1762661449.0,2384,0.95,34,🗞 News,"NFL Makes Final Call on C.J. Stroud Hit, Punishes Texans Players  The Chieferees approve this message. 👍",79268.0,neutral,0.171,0.829,0.0,-0.4767
1os6oor,1762660143.0,5811,0.95,34,🗞 News,"NFL Makes Final Call on C.J. Stroud Hit, Punishes Texans Players  https://preview.redd.it/p0vrxlv7l50g1.jpeg?width=4096&format=pjpg&auto=webp&s=8a99d31dfb9fc761211c3079d385c9f5e57f5a1e

Stars are fresh injuries - if you can look at the injury report for the Broncos game, compare it to this week’s and say with a straight face that Sean Payton is not up to no good, I hope every sip of water you drink from here on out has a speck in it",193216.0,neutral,0.081,0.756,0.163,0.6108
1os6oor,1762661364.0,1788,0.95,34,🗞 News,"NFL Makes Final Call on C.J. Stroud Hit, Punishes Texans Players  I guess we don’t make enough money for the league to give a fuck about us or sum",59451.0,neutral,0.209,0.791,0.0,-0.765
1os6oor,1762658290.0,4023,0.95,34,🗞 News,"NFL Makes Final Call on C.J. Stroud Hit, Punishes Texans Players  Y’all should realize by now, this garbage is rigged",133765.0,positive,0.237,0.763,0.0,-0.6808
1os6oor,1762663338.0,894,0.95,34,🗞 News,"NFL Makes Final Call on C.J. Stroud Hit, Punishes Texans Players  Tomorrow might get ugly cause this defense is gonna have a chip on its shoulder after this.",29726.0,neutral,0.201,0.752,0.047,-0.7096
1os6oor,1762695879.0,596,0.95,34,🗞 News,"NFL Makes Final Call on C.J. Stroud Hit, Punishes Texans Players  Most biased guy possible here, that hit should’ve been called. Hitting a guy who’s sliding should be flagged every time, full stop. Wish we could’ve had a rematch against Stroud this week",19817.0,neutral,0.162,0.781,0.057,-0.6115
1os6oor,1762696185.0,745,0.95,34,🗞 News,"NFL Makes Final Call on C.J. Stroud Hit, Punishes Texans Players  Sean Payton’s whole “play tough and physical and don’t hold back, even if it injures the opposing team’s players” schtick just reeks of “bitter angry old loser whose sole remaining joy in life is making other people suffer as much as possible”. I can’t wait until he retires; is there some way to make that happen sooner rather than later?",24771.0,negative,0.179,0.775,0.046,-0.875
1os660m,1762651208.0,10918,0.93,132,🗞 News,"Azeez Al-Shaair gets fined $17,389 against the broncos  Meanwhile were the team with 3 starters out🙄",1350447.0,negative,0.0,1.0,0.0,0.0
1os660m,1762652068.0,7314,0.93,132,🗞 News,"Azeez Al-Shaair gets fined $17,389 against the broncos  For hitting a defenseless receiver apparently. This is utter bullshit.",904669.0,negative,0.292,0.708,0.0,-0.7351
1os660m,1762651738.0,6678,0.93,132,🗞 News,"Azeez Al-Shaair gets fined $17,389 against the broncos  For what? Did they get fined for their hits?",826002.0,negative,0.0,1.0,0.0,0.0
1os660m,1762653703.0,6678,0.93,132,🗞 News,"Azeez Al-Shaair gets fined $17,389 against the broncos  Fuck the NFL. Texans versus the league.",826002.0,neutral,0.2,0.8,0.0,-0.5423
1os660m,1762652321.0,2968,0.93,132,🗞 News,"Azeez Al-Shaair gets fined $17,389 against the broncos  The league absolutely hates us.",367112.0,negative,0.21,0.79,0.0,-0.4927
1os660m,1762654429.0,3286,0.93,132,🗞 News,"Azeez Al-Shaair gets fined $17,389 against the broncos  But old boy who put stroud in concussion is not being fined",406445.0,neutral,0.0,1.0,0.0,0.0
1os660m,1762660839.0,2650,0.93,132,🗞 News,"Azeez Al-Shaair gets fined $17,389 against the broncos  The hive mind of Reddit will tell you Al-Shaair should be suspended. Meanwhile, they haven’t even bothered to watch the video of the play. 

For anyone with a brain who would like to formulate their own opinion, this tweet has the replay. 

https://x.com/tompelissero/status/1987268165504811498",327778.0,negative,0.096,0.817,0.087,-0.128
1os660m,1762661717.0,1060,0.93,132,🗞 News,"Azeez Al-Shaair gets fined $17,389 against the broncos  R/nfl is so fucking soft with all the popular opinions of saying he should be banned from the league lmao I’ve seen so many offensive and defensive players and former players in interviews and podcasts saying they love the way Azeez plays the game. Reddit is one of the worst places for any type of reasonable and realistic discourse on just about anything.",131111.0,negative,0.119,0.721,0.16,0.3862
1os660m,1762651116.0,3180,0.93,132,🗞 News,"Azeez Al-Shaair gets fined $17,389 against the broncos  Rumor has it that Mattress Mack pays all of Al-Shaair’s fines",393334.0,negative,0.0,1.0,0.0,0.0
1os660m,1762654786.0,2332,0.93,132,🗞 News,"Azeez Al-Shaair gets fined $17,389 against the broncos  https://preview.redd.it/5ggw5dil550g1.jpeg?width=767&format=pjpg&auto=webp&s=e35f50c2e89c9dfcd7099a16c1acae07cac44f27

The nfl dishing out punishments:",288445.0,neutral,0.177,0.823,0.0,-0.4215
1os660m,1762663089.0,636,0.93,132,🗞 News,"Azeez Al-Shaair gets fined $17,389 against the broncos  Nix threw a hospital ball, no one cared in the moment but im sure the league goes back and watches all of azeezs plays at this point. Idk next time go low and obliterate his knee, or try to arm tackle and have him spin around the other way and sprint past you for 20 yards. Tough times",78667.0,neutral,0.168,0.737,0.095,-0.6808
1os660m,1762661363.0,636,0.93,132,🗞 News,"Azeez Al-Shaair gets fined $17,389 against the broncos  I'm Eagles fan that likes the Texans as I spent my first 10 years after being born in New Jersey there. 


Admittedly it was a helmet to helmet but it didn't look dirty or like he was targeting JK...just a fast hit.


I hate how Azeez gets the ""dirty"" label as a result of him just playing fast...I remember the Lawrence hit last year everyone was up in arms about that was a similar fast play where he could not just change trajectory mid air.


Admittedly he can be reckless at the speed he plays but O do not see anything intentional or deserving of him being labeled dirty constantly.",78667.0,negative,0.066,0.774,0.16,0.8488
1os660m,1762654720.0,848,0.93,132,🗞 News,"Azeez Al-Shaair gets fined $17,389 against the broncos  I thought the suspension for the Lawrence hit was justified but this is BS.",104889.0,negative,0.0,0.915,0.085,0.2144
1os660m,1762658902.0,848,0.93,132,🗞 News,"Azeez Al-Shaair gets fined $17,389 against the broncos  Soft ass fine. But at the end of the day, as lomg as he's not suspended, keep playing like you do Azeez. You our leading our D to greatness.",104889.0,negative,0.096,0.719,0.185,0.5917
1os660m,1762684711.0,106,0.93,132,🗞 News,"Azeez Al-Shaair gets fined $17,389 against the broncos  Complete BS. The NFL is getting soft. Ronnie Lott opted to remove a finger during a game. Let that sink in",13111.0,neutral,0.0,1.0,0.0,0.0
1os660m,1762704030.0,106,0.93,132,🗞 News,"Azeez Al-Shaair gets fined $17,389 against the broncos  For all the people wondering why. It's because he concussed Stroud.",13111.0,neutral,0.0,1.0,0.0,0.0
1os660m,1763187120.0,106,0.93,132,🗞 News,"Azeez Al-Shaair gets fined $17,389 against the broncos  I guess good linebackers are going to get fined which sucks if you are on a rookie contract and a lower pick like Henry.",13111.0,negative,0.134,0.712,0.154,0.1779
1ortd6s,1762618759.0,21760,0.97,78,👂Rumor/Speculation,"Texans tried to acquire Breece Hall, supposedly https://x.com/jonmalexander/status/1987191805952335893?s=46

All this tells me is that Joe Mixon is dead Honestly save those draft picks for the OLine. This season is a wash.",1667469.0,neutral,0.115,0.72,0.165,0.2263
1ortd6s,1762619228.0,7616,0.97,78,👂Rumor/Speculation,"Texans tried to acquire Breece Hall, supposedly https://x.com/jonmalexander/status/1987191805952335893?s=46

All this tells me is that Joe Mixon is dead -Clear need at the position, Mixon is definitely getting cut in the offseason so prepare yourself

-No state income tax

-ISU connection 

The Breece-Texans link will continue unless he signs a deal elsewhere",583614.0,neutral,0.15,0.761,0.09,-0.552
1ortd6s,1762618700.0,5032,0.97,78,👂Rumor/Speculation,"Texans tried to acquire Breece Hall, supposedly https://x.com/jonmalexander/status/1987191805952335893?s=46

All this tells me is that Joe Mixon is dead Seeing the price the Colts paid for a CB in decline I'm glad we didn't sell away our future here like they did, or worse.",385602.0,neutral,0.145,0.747,0.108,-0.4404
1ortd6s,1762619227.0,2176,0.97,78,👂Rumor/Speculation,"Texans tried to acquire Breece Hall, supposedly https://x.com/jonmalexander/status/1987191805952335893?s=46

All this tells me is that Joe Mixon is dead I’m not really sure why we would trade for a running back when we can’t block for the ones we have",166747.0,neutral,0.211,0.789,0.0,-0.8548
1ortd6s,1762618945.0,1632,0.97,78,👂Rumor/Speculation,"Texans tried to acquire Breece Hall, supposedly https://x.com/jonmalexander/status/1987191805952335893?s=46

All this tells me is that Joe Mixon is dead I wonder if Breece Hall will hit free agency and if he does, would they get him then. Or would be better to save a pick in the draft for a future true RB1 if Mixon really is done?",125060.0,neutral,0.065,0.744,0.191,0.8053
1ortd6s,1762619729.0,1360,0.97,78,👂Rumor/Speculation,"Texans tried to acquire Breece Hall, supposedly https://x.com/jonmalexander/status/1987191805952335893?s=46

All this tells me is that Joe Mixon is dead They can't have a running game if the LG/C is blown into the backfield 4 yards every other down.. a running back is only as good as the blocking is.

This team has no idea on how to build an offense 😭",104217.0,neutral,0.171,0.785,0.045,-0.802
1ortd6s,1762621529.0,408,0.97,78,👂Rumor/Speculation,"Texans tried to acquire Breece Hall, supposedly https://x.com/jonmalexander/status/1987191805952335893?s=46

All this tells me is that Joe Mixon is dead Kinda would’ve like to see him in this offense before they make a decision to re-up him that’s if we got him. I wonder if the price was still a 3rd which I wouldn’t have minded moving since we have 2 2nds.",31265.0,neutral,0.108,0.856,0.037,-0.6518
1ortd6s,1762619535.0,952,0.97,78,👂Rumor/Speculation,"Texans tried to acquire Breece Hall, supposedly https://x.com/jonmalexander/status/1987191805952335893?s=46

All this tells me is that Joe Mixon is dead I would like to know what the price was. If it was any firsts then I agree. But this FO also called an extra 2 mil for Saquon too expensive.",72952.0,neutral,0.055,0.872,0.073,-0.0387
1ortd6s,1762631082.0,272,0.97,78,👂Rumor/Speculation,"Texans tried to acquire Breece Hall, supposedly https://x.com/jonmalexander/status/1987191805952335893?s=46

All this tells me is that Joe Mixon is dead Lol nick and having 30 rbs. Remember that year he signed every 30 year old rb free agent in the league? Lol",20843.0,neutral,0.087,0.726,0.187,0.6072
1ortd6s,1762619817.0,272,0.97,78,👂Rumor/Speculation,"Texans tried to acquire Breece Hall, supposedly https://x.com/jonmalexander/status/1987191805952335893?s=46

All this tells me is that Joe Mixon is dead Rip mixon, I had hope",20843.0,neutral,0.158,0.735,0.107,-0.34
1ortd6s,1762621037.0,272,0.97,78,👂Rumor/Speculation,"Texans tried to acquire Breece Hall, supposedly https://x.com/jonmalexander/status/1987191805952335893?s=46

All this tells me is that Joe Mixon is dead It’s time to pay the ransom for Joe Mixon",20843.0,neutral,0.186,0.814,0.0,-0.6908
1ortd6s,1762620626.0,136,0.97,78,👂Rumor/Speculation,"Texans tried to acquire Breece Hall, supposedly https://x.com/jonmalexander/status/1987191805952335893?s=46

All this tells me is that Joe Mixon is dead Would have loved this if we had a better record",10422.0,neutral,0.123,0.684,0.194,0.3612
1ortd6s,1762624173.0,136,0.97,78,👂Rumor/Speculation,"Texans tried to acquire Breece Hall, supposedly https://x.com/jonmalexander/status/1987191805952335893?s=46

All this tells me is that Joe Mixon is dead Look at Malik Davis. He was recently released by Dallas and he has good highlights",10422.0,neutral,0.113,0.812,0.076,-0.34
1ortd6s,1762625764.0,136,0.97,78,👂Rumor/Speculation,"Texans tried to acquire Breece Hall, supposedly https://x.com/jonmalexander/status/1987191805952335893?s=46

All this tells me is that Joe Mixon is dead ""New York was reportedly asking for a third-round pick, but as the deadline passed, Hall stayed in New York.""",10422.0,neutral,0.07,0.93,0.0,-0.3919
1ortd6s,1762637228.0,136,0.97,78,👂Rumor/Speculation,"Texans tried to acquire Breece Hall, supposedly https://x.com/jonmalexander/status/1987191805952335893?s=46

All this tells me is that Joe Mixon is dead But I thought this FO didn’t care about the team at all and didn’t try to improve at the deadline?

Where are all the doomers saying this 4 days ago now?",10422.0,neutral,0.048,0.795,0.157,0.7929
1ortd6s,1762670708.0,136,0.97,78,👂Rumor/Speculation,"Texans tried to acquire Breece Hall, supposedly https://x.com/jonmalexander/status/1987191805952335893?s=46

All this tells me is that Joe Mixon is dead Season is over, save your picks and get ready to start scouting OL for the draft. Fire Nick and hire someone who will actually put together a competent OL for CJ.",10422.0,neutral,0.116,0.745,0.139,0.0772
1ortd6s,1762623732.0,136,0.97,78,👂Rumor/Speculation,"Texans tried to acquire Breece Hall, supposedly https://x.com/jonmalexander/status/1987191805952335893?s=46

All this tells me is that Joe Mixon is dead What good would Breece Hall do when we have Kohl’s cashiers for an o-line?",10422.0,neutral,0.124,0.799,0.077,-0.4137
1or7qdi,1762553204.0,19964,0.73,93,🤬 Rant/Complaint,This kind of play is why we have 3 concussions on our injury report this week. Sean Payton is back to his old tricks making the Broncos are the dirtiest team in football right now.  I remember there was a play where geno tripped while scrambling and a broncos player jumped on him while he was already down.,1369930.0,neutral,0.126,0.804,0.069,-0.5402
1or7qdi,1762553284.0,4830,0.73,93,🤬 Rant/Complaint,This kind of play is why we have 3 concussions on our injury report this week. Sean Payton is back to his old tricks making the Broncos are the dirtiest team in football right now.  I bet they won’t keep that same energy with Pat,331435.0,negative,0.154,0.761,0.084,-0.5413
1or7qdi,1762554394.0,8533,0.73,93,🤬 Rant/Complaint,This kind of play is why we have 3 concussions on our injury report this week. Sean Payton is back to his old tricks making the Broncos are the dirtiest team in football right now.  When I saw this live I felt the exact same. But r/NFL will say you are delusional and that they aren’t a dirty team 🙄 surely it’s only a coincidence that they injured two QBs within 4 days right?,585534.0,neutral,0.163,0.768,0.069,-0.7466
1or7qdi,1762555588.0,2254,0.73,93,🤬 Rant/Complaint,This kind of play is why we have 3 concussions on our injury report this week. Sean Payton is back to his old tricks making the Broncos are the dirtiest team in football right now.  As a longtime Saints fan I said the same thing,154669.0,negative,0.157,0.753,0.09,-0.5095
1or7qdi,1762558283.0,2415,0.73,93,🤬 Rant/Complaint,This kind of play is why we have 3 concussions on our injury report this week. Sean Payton is back to his old tricks making the Broncos are the dirtiest team in football right now.  Sean Payton is an asshole. He was a prick when I was security at the saints camp,165717.0,negative,0.175,0.746,0.078,-0.6801
1or7qdi,1762553172.0,1932,0.73,93,🤬 Rant/Complaint,This kind of play is why we have 3 concussions on our injury report this week. Sean Payton is back to his old tricks making the Broncos are the dirtiest team in football right now.  Are there actual clips of when Howard/Pitre got their concussions?,132574.0,negative,0.155,0.803,0.042,-0.6801
1or7qdi,1762557954.0,1288,0.73,93,🤬 Rant/Complaint,This kind of play is why we have 3 concussions on our injury report this week. Sean Payton is back to his old tricks making the Broncos are the dirtiest team in football right now.  Sean Payton and the bounties are back,88383.0,negative,0.165,0.79,0.045,-0.6801
1or7qdi,1762553196.0,1932,0.73,93,🤬 Rant/Complaint,"This kind of play is why we have 3 concussions on our injury report this week. Sean Payton is back to his old tricks making the Broncos are the dirtiest team in football right now.  I don’t condone violence but I will not be surprised if it turns out the Broncos has a little bounty gate going. 

NFL should start suspending the likes of Allen to prove a point.",132574.0,neutral,0.137,0.79,0.073,-0.391
1or7qdi,1762556404.0,644,0.73,93,🤬 Rant/Complaint,This kind of play is why we have 3 concussions on our injury report this week. Sean Payton is back to his old tricks making the Broncos are the dirtiest team in football right now.  Sean Peyton strikes again,44191.0,neutral,0.225,0.728,0.047,-0.796
1or7qdi,1762605553.0,322,0.73,93,🤬 Rant/Complaint,This kind of play is why we have 3 concussions on our injury report this week. Sean Payton is back to his old tricks making the Broncos are the dirtiest team in football right now.  It looked like a fine tackle. Get the legs and make sure he doesn’t get loose.,22096.0,neutral,0.167,0.687,0.146,-0.3167
1or7qdi,1762745165.0,322,0.73,93,🤬 Rant/Complaint,This kind of play is why we have 3 concussions on our injury report this week. Sean Payton is back to his old tricks making the Broncos are the dirtiest team in football right now.  The commentators had the balls to say “great job finishing the play.”,22096.0,neutral,0.149,0.811,0.041,-0.6801
1or7qdi,1762776688.0,322,0.73,93,🤬 Rant/Complaint,This kind of play is why we have 3 concussions on our injury report this week. Sean Payton is back to his old tricks making the Broncos are the dirtiest team in football right now.  It's the coach. Peyton should be banned. Learned nothing from bounty gate.,22096.0,negative,0.199,0.762,0.039,-0.8221
1or7qdi,1762867959.0,322,0.73,93,🤬 Rant/Complaint,"This kind of play is why we have 3 concussions on our injury report this week. Sean Payton is back to his old tricks making the Broncos are the dirtiest team in football right now.  Not a Texans fan, this was just on my suggested for some reason, but fuck sean payton forever",22096.0,neutral,0.199,0.774,0.027,-0.8413
1or7qdi,1762554420.0,805,0.73,93,🤬 Rant/Complaint,"This kind of play is why we have 3 concussions on our injury report this week. Sean Payton is back to his old tricks making the Broncos are the dirtiest team in football right now.  I don't care what anyone says, the hits on CJ and Nico were malicious",55239.0,negative,0.19,0.772,0.039,-0.8031
1or7qdi,1762557796.0,322,0.73,93,🤬 Rant/Complaint,"This kind of play is why we have 3 concussions on our injury report this week. Sean Payton is back to his old tricks making the Broncos are the dirtiest team in football right now.  Broncos with the Bounty Gate. 

Old style football. 

Well at least we got Tom Brady from an injury. 

I’m not for hurting elite players. Well anyone for that matter.",22096.0,neutral,0.142,0.728,0.13,-0.4282
1or7qdi,1762564260.0,322,0.73,93,🤬 Rant/Complaint,"This kind of play is why we have 3 concussions on our injury report this week. Sean Payton is back to his old tricks making the Broncos are the dirtiest team in football right now.  Oh my god his head twisted around, I hope Geno is Ok",22096.0,neutral,0.14,0.691,0.169,0.1548
1or7qdi,1762564434.0,322,0.73,93,🤬 Rant/Complaint,"This kind of play is why we have 3 concussions on our injury report this week. Sean Payton is back to his old tricks making the Broncos are the dirtiest team in football right now.  Do you guys think maybe there's another ""pay for pain"" thing going on?

Sean Payton showed not a bit of concern at all when Stroud got his concussion. Matter of fact, I'm pretty sure I saw him crack a rare smile.",22096.0,neutral,0.145,0.724,0.131,-0.2944
1or7qdi,1762568703.0,322,0.73,93,🤬 Rant/Complaint,This kind of play is why we have 3 concussions on our injury report this week. Sean Payton is back to his old tricks making the Broncos are the dirtiest team in football right now.  Got banned from Reddit for calling the team what they are B****s,22096.0,neutral,0.199,0.762,0.039,-0.8221
1or7qdi,1762623650.0,161,0.73,93,🤬 Rant/Complaint,This kind of play is why we have 3 concussions on our injury report this week. Sean Payton is back to his old tricks making the Broncos are the dirtiest team in football right now.  Payton is horrendous but somehow the league leaders love him! He’s always tried to break the rules with dirty plays with or without Bountygate. Remember Kareem Jackson and how soft the NFL was on him? But for Al Shahir they issue 3 game suspension.,11048.0,neutral,0.131,0.76,0.109,0.1395
1or7qdi,1762625036.0,161,0.73,93,🤬 Rant/Complaint,This kind of play is why we have 3 concussions on our injury report this week. Sean Payton is back to his old tricks making the Broncos are the dirtiest team in football right now.  Sean Payton is a trash human; he should have never been able to coach again after the first bounty scandal.,11048.0,positive,0.175,0.791,0.035,-0.8173
1or577k,1762547107.0,24510,0.99,30,mEMe,May the best throat win 🥇  Pause,752212.0,negative,0.0,0.333,0.667,0.8402
1or577k,1762547182.0,16245,0.99,30,mEMe,May the best throat win 🥇  is davis mills the throat goat? find out this sunday,498559.0,negative,0.0,0.619,0.381,0.8402
1or577k,1762548648.0,8835,0.99,30,mEMe,May the best throat win 🥇  I'm pretty sure the whole game's going to be neck-and-neck.,271146.0,negative,0.0,0.449,0.551,0.926
1or577k,1762549499.0,7410,0.99,30,mEMe,May the best throat win 🥇  ![gif](giphy|pjqXvziPMhDv0QJu6Z|downsized),227413.0,neutral,0.0,0.325,0.675,0.8516
1or577k,1762548424.0,3420,0.99,30,mEMe,May the best throat win 🥇  The Nancy Reagan Bowl,104960.0,neutral,0.0,0.467,0.533,0.8402
1or577k,1762549076.0,1710,0.99,30,mEMe,May the best throat win 🥇  It’ll be a neck to neck game,52480.0,neutral,0.0,0.529,0.471,0.8402
1or577k,1762547756.0,4275,0.99,30,mEMe,May the best throat win 🥇  https://preview.redd.it/7fg2qdydbwzf1.jpeg?width=1170&format=pjpg&auto=webp&s=9017d1cd8e2280bba95697a5035bdb96742210dc,131200.0,positive,0.0,0.333,0.667,0.8402
1or577k,1762554988.0,1710,0.99,30,mEMe,"May the best throat win 🥇  Definitely both of their biggest fear.

https://preview.redd.it/s3sqvciwwwzf1.jpeg?width=554&format=pjpg&auto=webp&s=e94ac0f60504ba8f47120b1f03b9301e84419ee8",52480.0,negative,0.146,0.365,0.489,0.8176
1or577k,1762547255.0,1140,0.99,30,mEMe,May the best throat win 🥇  Who will reign supreme as the true throat goat of the AFC South since it’s the only divisional title we’ll be capable of winning.,34987.0,positive,0.0,0.53,0.47,0.9657
1or577k,1762553298.0,1140,0.99,30,mEMe,May the best throat win 🥇  Davis mills clears when it comes to the neck battle.,34987.0,positive,0.114,0.48,0.406,0.7717
1or577k,1762548617.0,1995,0.99,30,mEMe,"May the best throat win 🥇  heh good luck

https://preview.redd.it/v2z0xeyxdwzf1.jpeg?width=1200&format=pjpg&auto=webp&s=28ca689f4a2746308b351eb0e68c0455284193f6",61227.0,neutral,0.082,0.205,0.713,0.9231
1or577k,1762551476.0,855,0.99,30,mEMe,May the best throat win 🥇  Throat goat bowl,26240.0,neutral,0.0,0.429,0.571,0.8402
1or577k,1762555922.0,855,0.99,30,mEMe,May the best throat win 🥇  Davis Mills is NECK tho......,26240.0,neutral,0.0,0.5,0.5,0.8402
1or577k,1762578102.0,570,0.99,30,mEMe,"May the best throat win 🥇  TLaw is all happy go lucky, while Mills looks like, he’s seen some things…",17493.0,neutral,0.0,0.452,0.548,0.9517
1or577k,1762611754.0,570,0.99,30,mEMe,May the best throat win 🥇  https://preview.redd.it/oqcp04yol10g1.jpeg?width=619&format=pjpg&auto=webp&s=73273677bb7756bafdbde33e0f22f219e852d10d,17493.0,positive,0.0,0.333,0.667,0.8402
1or577k,1762676070.0,570,0.99,30,mEMe,"May the best throat win 🥇  Did you see our kicker for this game... He also can oversee the entire field

https://preview.redd.it/jclmf8vxw60g1.png?width=350&format=png&auto=webp&s=82051a5bde738ef2a44374a383e99b71053e4b19",17493.0,negative,0.0,0.704,0.296,0.8402
1or577k,1762548441.0,570,0.99,30,mEMe,May the best throat win 🥇  Ain’t never repeat those words about guys my dude,17493.0,neutral,0.0,0.6,0.4,0.8402
1or577k,1762548330.0,285,0.99,30,mEMe,May the best throat win 🥇  Loser gets a smile on the neck. Kinda dark but 😂,8747.0,neutral,0.116,0.528,0.356,0.5499
1or577k,1762554130.0,285,0.99,30,mEMe,May the best throat win 🥇  I feel like you shouldn’t be labeled as 6’3 if your neck is literally 4 inches.😂,8747.0,negative,0.0,0.604,0.396,0.8885
1or577k,1762561850.0,285,0.99,30,mEMe,"May the best throat win 🥇  He ain't Davis ""The Neck"" Mills for no reason, buddy.",8747.0,positive,0.099,0.541,0.36,0.7783
1oq9c1o,1762459684.0,14883,1.0,50,💬Player/Coach Quote,"Nick Caley on the piss poor red zone attempts https://x.com/aaronwilson_nfl/status/1986524825809289332?s=46 Refusing to run a QB sneak at the one yard line three times in a row. 

Run a QB sneak from the 2yd line instead. Fail miserably. 

If you don’t like that, you don’t like Texans football.",759033.0,negative,0.264,0.648,0.088,-0.8779
1oq9c1o,1762460434.0,3509,1.0,50,💬Player/Coach Quote,Nick Caley on the piss poor red zone attempts https://x.com/aaronwilson_nfl/status/1986524825809289332?s=46 ![gif](giphy|7Eipor01ypMm3LeG4v|downsized),178959.0,negative,0.404,0.596,0.0,-0.7263
1oq9c1o,1762459485.0,5808,1.0,50,💬Player/Coach Quote,Nick Caley on the piss poor red zone attempts https://x.com/aaronwilson_nfl/status/1986524825809289332?s=46 This guy needs to be fired,296208.0,negative,0.42,0.58,0.0,-0.8555
1oq9c1o,1762459681.0,3267,1.0,50,💬Player/Coach Quote,Nick Caley on the piss poor red zone attempts https://x.com/aaronwilson_nfl/status/1986524825809289332?s=46 Was this guy just a master bullshit artist during his interviews? How the fuck did this guy get this job?,166617.0,negative,0.353,0.647,0.0,-0.9279
1oq9c1o,1762463160.0,1210,1.0,50,💬Player/Coach Quote,Nick Caley on the piss poor red zone attempts https://x.com/aaronwilson_nfl/status/1986524825809289332?s=46 You know your o-line is not going to get the push needed at the goal line. That's just not what this o-line is capable of. You have to scheme around that. Nobody in the building is willing to accept that reality and it shows.,61710.0,negative,0.095,0.82,0.085,-0.1531
1oq9c1o,1762460460.0,726,1.0,50,💬Player/Coach Quote,Nick Caley on the piss poor red zone attempts https://x.com/aaronwilson_nfl/status/1986524825809289332?s=46 ChatGPT could of called better plays,37026.0,neutral,0.256,0.529,0.216,-0.2263
1oq9c1o,1762459920.0,363,1.0,50,💬Player/Coach Quote,Nick Caley on the piss poor red zone attempts https://x.com/aaronwilson_nfl/status/1986524825809289332?s=46 Well that's one way to explain our worst red zone offense in franchise history.,18513.0,negative,0.361,0.576,0.064,-0.8689
1oq9c1o,1762465786.0,484,1.0,50,💬Player/Coach Quote,Nick Caley on the piss poor red zone attempts https://x.com/aaronwilson_nfl/status/1986524825809289332?s=46 Season long?  Doesn't this go back to the BOB era?,24684.0,negative,0.26,0.74,0.0,-0.7461
1oq9c1o,1762460366.0,242,1.0,50,💬Player/Coach Quote,Nick Caley on the piss poor red zone attempts https://x.com/aaronwilson_nfl/status/1986524825809289332?s=46 Talking about himself I assume?,12342.0,negative,0.339,0.661,0.0,-0.7319
1oq9c1o,1762463372.0,242,1.0,50,💬Player/Coach Quote,Nick Caley on the piss poor red zone attempts https://x.com/aaronwilson_nfl/status/1986524825809289332?s=46 There should be a big counter on the scoreboard for unsuccessful running plays up the middle.,12342.0,neutral,0.265,0.671,0.064,-0.743
1oq9c1o,1762459613.0,242,1.0,50,💬Player/Coach Quote,Nick Caley on the piss poor red zone attempts https://x.com/aaronwilson_nfl/status/1986524825809289332?s=46 We need a better OC😭,12342.0,neutral,0.294,0.558,0.147,-0.4404
1oq9c1o,1762470651.0,363,1.0,50,💬Player/Coach Quote,Nick Caley on the piss poor red zone attempts https://x.com/aaronwilson_nfl/status/1986524825809289332?s=46 https://preview.redd.it/n3m9nxe4ypzf1.jpeg?width=420&format=pjpg&auto=webp&s=8db4df882ef8fa76236d5dae1f8adf8ef526f4a4,18513.0,neutral,0.406,0.594,0.0,-0.7319
1oq9c1o,1762460122.0,121,1.0,50,💬Player/Coach Quote,Nick Caley on the piss poor red zone attempts https://x.com/aaronwilson_nfl/status/1986524825809289332?s=46 I just can't with this guy. What a waste.,6171.0,neutral,0.381,0.619,0.0,-0.8225
1oq9c1o,1762460212.0,121,1.0,50,💬Player/Coach Quote,"Nick Caley on the piss poor red zone attempts https://x.com/aaronwilson_nfl/status/1986524825809289332?s=46 I don’t care what he says, he could say the sky is green and I wouldn’t give a crap. Make sure the product on the field changes, and that’ll be louder than any words he can say.",6171.0,neutral,0.159,0.737,0.104,-0.4404
1oq9c1o,1762461260.0,121,1.0,50,💬Player/Coach Quote,Nick Caley on the piss poor red zone attempts https://x.com/aaronwilson_nfl/status/1986524825809289332?s=46 Nono nick we want you to specifically describe your thinking on calling up the middle 4 times,6171.0,negative,0.193,0.764,0.043,-0.6705
1oq9c1o,1762462013.0,121,1.0,50,💬Player/Coach Quote,Nick Caley on the piss poor red zone attempts https://x.com/aaronwilson_nfl/status/1986524825809289332?s=46 ![gif](giphy|2UoCbtOhjoopylD0uq),6171.0,negative,0.404,0.596,0.0,-0.7263
1oq9c1o,1762495041.0,121,1.0,50,💬Player/Coach Quote,"Nick Caley on the piss poor red zone attempts https://x.com/aaronwilson_nfl/status/1986524825809289332?s=46 He never answers the question. He just says football phrases and bullshit, but he never answers the question. I wish the reporters would have follow up questions for this like ""ok, well what are you going to do different to get better?"" ""are you going to keep doing the same thing?"" like damn, be better reporters!",6171.0,negative,0.117,0.664,0.219,0.8923
1ope0me,1762374343.0,8050,0.99,62,🏥 Injury,"As expected, CJ is out https://x.com/aaronwilson_nfl/status/1986166809469305231?s=46 Let’s see what Demeco is made of",502078.0,neutral,0.0,1.0,0.0,0.0
1ope0me,1762375346.0,8050,0.99,62,🏥 Injury,"As expected, CJ is out https://x.com/aaronwilson_nfl/status/1986166809469305231?s=46 I actually enjoy back up QB games. Can go in with zero expectations and may be surprised or have a good laugh.",502078.0,neutral,0.0,0.655,0.345,0.891
1ope0me,1762375496.0,1288,0.99,62,🏥 Injury,"As expected, CJ is out https://x.com/aaronwilson_nfl/status/1986166809469305231?s=46 Sucks. I feel like he was starting to play really well these past couple games",80333.0,neutral,0.097,0.62,0.283,0.5849
1ope0me,1762374224.0,4508,0.99,62,🏥 Injury,"As expected, CJ is out https://x.com/aaronwilson_nfl/status/1986166809469305231?s=46 This is what's best and he should not be back next week either TBH.",281164.0,neutral,0.0,0.819,0.181,0.6369
1ope0me,1762375258.0,966,0.99,62,🏥 Injury,"As expected, CJ is out https://x.com/aaronwilson_nfl/status/1986166809469305231?s=46 I dont enjoy this season at all",60249.0,neutral,0.193,0.807,0.0,-0.3875
1ope0me,1762377259.0,966,0.99,62,🏥 Injury,"As expected, CJ is out https://x.com/aaronwilson_nfl/status/1986166809469305231?s=46 Necks man up",60249.0,neutral,0.0,1.0,0.0,0.0
1ope0me,1762374823.0,3059,0.99,62,🏥 Injury,"As expected, CJ is out https://x.com/aaronwilson_nfl/status/1986166809469305231?s=46 Damn so our top scorer will miss our next game. Fairbairn, of course. 

CJ needs to rest before Caley has him mangled and seeing ghosts. Hopefully, next season is better….",190790.0,neutral,0.105,0.779,0.116,0.1226
1ope0me,1762376148.0,1932,0.99,62,🏥 Injury,"As expected, CJ is out https://x.com/aaronwilson_nfl/status/1986166809469305231?s=46 What is all this doom and gloom in here? Its the fucking Jaguars of course he's going to sit.

If we take care of business we'll be heading into a TNF vs the Bills at home 2 games back from the Colts with 2 left to play against them.",120499.0,neutral,0.117,0.791,0.092,-0.358
1ope0me,1762374915.0,644,0.99,62,🏥 Injury,"As expected, CJ is out https://x.com/aaronwilson_nfl/status/1986166809469305231?s=46 Great, the one time I decide to fly down for my first texans game😂

In all seriousness, its the right call. Hope he recovers well.",40166.0,neutral,0.033,0.716,0.251,0.836
1ope0me,1762378764.0,644,0.99,62,🏥 Injury,"As expected, CJ is out https://x.com/aaronwilson_nfl/status/1986166809469305231?s=46 2nd concussion for CJ... worried about the dude.",40166.0,neutral,0.145,0.855,0.0,-0.296
1ope0me,1762378832.0,644,0.99,62,🏥 Injury,"As expected, CJ is out https://x.com/aaronwilson_nfl/status/1986166809469305231?s=46 Davis mills tank commander",40166.0,neutral,0.0,1.0,0.0,0.0
1ope0me,1762379411.0,483,0.99,62,🏥 Injury,"As expected, CJ is out https://x.com/aaronwilson_nfl/status/1986166809469305231?s=46 I’m confident that Mills can help win vs the jags, as long as our defense is healthy we will keep it close, we almost won against and top 2 defense with mills in 70 percent of the game. Infact start him against the titans too because we all know we can beat them without Cj, and we need to keep him healthy till bills game we’re we WILL be 5-5",30125.0,neutral,0.0,0.739,0.261,0.9653
1ope0me,1762374632.0,483,0.99,62,🏥 Injury,"As expected, CJ is out https://x.com/aaronwilson_nfl/status/1986166809469305231?s=46 I think I picked a bad time to travel from England to watch the Broncos and Jags games! Hope he recovers soon!",30125.0,neutral,0.136,0.767,0.097,-0.2924
1ope0me,1762378465.0,483,0.99,62,🏥 Injury,"As expected, CJ is out https://x.com/aaronwilson_nfl/status/1986166809469305231?s=46 This is an opportunity for the o-line and WR crew to step up. Mills ain't out there by himself. Team wins; team losses.",30125.0,neutral,0.077,0.739,0.185,0.5859
1ope0me,1762380093.0,483,0.99,62,🏥 Injury,"As expected, CJ is out https://x.com/aaronwilson_nfl/status/1986166809469305231?s=46 I would be surprised if he even plays against the Titans. He has been concussed before and was out 2 games and Texans should beat the titans with mills anyways",30125.0,positive,0.0,0.891,0.109,0.4404
1ope0me,1762374412.0,322,0.99,62,🏥 Injury,"As expected, CJ is out https://x.com/aaronwilson_nfl/status/1986166809469305231?s=46 Yeah, please take your rest, don't rush these kinds of things, especially given the season that's happening, a shame for sure.",20083.0,neutral,0.097,0.69,0.213,0.4019
1ope0me,1762398628.0,322,0.99,62,🏥 Injury,"As expected, CJ is out https://x.com/aaronwilson_nfl/status/1986166809469305231?s=46 Mills is going to light it up this week I’m calling it. Side bar- watching his presser was refreshing. Didn’t mention cover two shell or how “everyone be talkin” one time. Sounds like he’s confident, wants to spread the ball around and wants to “attack” the defense this week. Let’s go.",20083.0,neutral,0.0,0.882,0.118,0.7351
1ope0me,1762376488.0,322,0.99,62,🏥 Injury,"As expected, CJ is out https://x.com/aaronwilson_nfl/status/1986166809469305231?s=46 Zero chance to win with mills",20083.0,neutral,0.0,0.633,0.367,0.7003
1ope0me,1762375234.0,161,0.99,62,🏥 Injury,"As expected, CJ is out https://x.com/aaronwilson_nfl/status/1986166809469305231?s=46 Good call! Wouldn’t be shocked if he skips the titans game too.",10042.0,negative,0.107,0.744,0.149,0.2244
1ope0me,1762408494.0,161,0.99,62,🏥 Injury,"As expected, CJ is out https://x.com/aaronwilson_nfl/status/1986166809469305231?s=46 A loss to the Jags and I’m sitting CJ the rest of the season. Wouldn’t be worth it.",10042.0,neutral,0.091,0.833,0.075,-0.1027
1opduk5,1762373906.0,38307,0.99,27,📈 Stats,"It makes me proud and angry at the same time  What bothers me most is just how these losses are one score games. Like yippee, thank you for making me pay attention all game just to rip my heart out when it matters the most.",1061870.0,negative,0.166,0.668,0.166,0.0
1opduk5,1762377288.0,12882,0.99,27,📈 Stats,"It makes me proud and angry at the same time  This season is going to go down as one of the biggest what-if seasons in franchise history. 

This is a Super Bowl caliber defense that is so dominant that despite having one of the worst offenses in the NFL, we’ve have yet to lose a game by more than one score. 

We don’t need a good offense we just need a top 20 offense and we’re easily 7-1",357089.0,neutral,0.176,0.658,0.166,-0.25
1opduk5,1762387190.0,2712,0.99,27,📈 Stats,"It makes me proud and angry at the same time  There are so many stats like this, proving how shit our offense is...",75177.0,neutral,0.272,0.549,0.179,-0.4654
1opduk5,1762377489.0,7797,0.99,27,📈 Stats,"It makes me proud and angry at the same time  I know it’s the wrong mentality, but I just CANNOT for the life of me be fucked to care how good this defense is till all 3 phases are worth a shit.",216133.0,neutral,0.259,0.494,0.247,-0.4044
1opduk5,1762385293.0,1695,0.99,27,📈 Stats,It makes me proud and angry at the same time  Absolutely wild that this defense is even better than the one that picked off Jared Goff 5 times and the offense is even more putrid than that one was.,46985.0,negative,0.115,0.719,0.166,0.3237
1opduk5,1762375922.0,1356,0.99,27,📈 Stats,"It makes me proud and angry at the same time  I dont know what it is but Bucs, game winning drive to end the game. Jags, game winning TD drive near the end of the game. Broncos, game winning drive to end the game. Are Burke/Demeco calling defensive schemes too scared to get beat deep at the end of games or just a matter of the defense having to play at such a high level they are dead by the end of these games?",37588.0,negative,0.114,0.667,0.219,0.8422
1opduk5,1762385755.0,678,0.99,27,📈 Stats,"It makes me proud and angry at the same time  Idc what anyone says, Seattle got that 27 points thanks to our OFFENSE, not our defense. Getting the ball to a competent offense endless amounts of times will yield points. Facts",18794.0,negative,0.185,0.651,0.164,-0.0266
1opduk5,1762392571.0,339,0.99,27,📈 Stats,It makes me proud and angry at the same time  Nick Caley just called another fullback dive,9397.0,negative,0.154,0.701,0.145,-0.0516
1opduk5,1762397798.0,339,0.99,27,📈 Stats,It makes me proud and angry at the same time  Just shows how bad the Texans offense sux. Probably couldn't score against a high school team.,9397.0,neutral,0.328,0.581,0.09,-0.802
1opduk5,1762385991.0,339,0.99,27,📈 Stats,"It makes me proud and angry at the same time  Heads will need to roll around next year if this is still the reality come next year. Whether it be Demeco, Nick, or whoever. SB level defense is being squandared. Besides, we all know how the league is, too. Having an elite defense this year never guarantees having one 1-2 years down the road. We have severely screwed up having an O this bad and its unforgiveable.",9397.0,neutral,0.154,0.778,0.069,-0.8599
1ooqmyo,1762308805.0,58374,0.93,23,mEMe,"Breaking News Hazmat teams were dispatched to NRG Stadium & the practice bubble when a powdery white substance was not able to be identified by the Texans organization.  Both players and coaches were instructed to stay away from the area until it could be known whether or not it was safe to go near it.  After 60 minutes on Sunday it was determined that the substance in question was the goal line and that staying out of this ""end zone"" was the safest course of action. Nice to see we're all dealing with this season in our own way.",1302908.0,negative,0.023,0.9,0.076,0.6698
1ooqmyo,1762329149.0,10350,0.93,23,mEMe,"Breaking News Hazmat teams were dispatched to NRG Stadium & the practice bubble when a powdery white substance was not able to be identified by the Texans organization.  Both players and coaches were instructed to stay away from the area until it could be known whether or not it was safe to go near it.  After 60 minutes on Sunday it was determined that the substance in question was the goal line and that staying out of this ""end zone"" was the safest course of action. LOL. You actually got me with this.",231012.0,neutral,0.025,0.887,0.088,0.7373
1ooqmyo,1762308930.0,19872,0.93,23,mEMe,"Breaking News Hazmat teams were dispatched to NRG Stadium & the practice bubble when a powdery white substance was not able to be identified by the Texans organization.  Both players and coaches were instructed to stay away from the area until it could be known whether or not it was safe to go near it.  After 60 minutes on Sunday it was determined that the substance in question was the goal line and that staying out of this ""end zone"" was the safest course of action. I heard Jimmie ran straight there when he heard this news

/s",443543.0,negative,0.024,0.906,0.07,0.5565
1ooqmyo,1762311513.0,7452,0.93,23,mEMe,"Breaking News Hazmat teams were dispatched to NRG Stadium & the practice bubble when a powdery white substance was not able to be identified by the Texans organization.  Both players and coaches were instructed to stay away from the area until it could be known whether or not it was safe to go near it.  After 60 minutes on Sunday it was determined that the substance in question was the goal line and that staying out of this ""end zone"" was the safest course of action. I see what you did here 😂",166329.0,negative,0.026,0.92,0.055,0.4007
1ooqmyo,1762310719.0,7866,0.93,23,mEMe,"Breaking News Hazmat teams were dispatched to NRG Stadium & the practice bubble when a powdery white substance was not able to be identified by the Texans organization.  Both players and coaches were instructed to stay away from the area until it could be known whether or not it was safe to go near it.  After 60 minutes on Sunday it was determined that the substance in question was the goal line and that staying out of this ""end zone"" was the safest course of action. Last time I heard this joke I fell off my dinosaur.",175569.0,neutral,0.024,0.899,0.077,0.6362
1ooqmyo,1762311029.0,3312,0.93,23,mEMe,"Breaking News Hazmat teams were dispatched to NRG Stadium & the practice bubble when a powdery white substance was not able to be identified by the Texans organization.  Both players and coaches were instructed to stay away from the area until it could be known whether or not it was safe to go near it.  After 60 minutes on Sunday it was determined that the substance in question was the goal line and that staying out of this ""end zone"" was the safest course of action. The people hating on this are something else 🤣",73924.0,neutral,0.058,0.891,0.052,-0.1546
1ooqmyo,1762394494.0,1656,0.93,23,mEMe,"Breaking News Hazmat teams were dispatched to NRG Stadium & the practice bubble when a powdery white substance was not able to be identified by the Texans organization.  Both players and coaches were instructed to stay away from the area until it could be known whether or not it was safe to go near it.  After 60 minutes on Sunday it was determined that the substance in question was the goal line and that staying out of this ""end zone"" was the safest course of action. I heard it was cocaine and it 100% belongs to nick caley",36962.0,neutral,0.024,0.925,0.051,0.4007
1ooqmyo,1762326389.0,1242,0.93,23,mEMe,"Breaking News Hazmat teams were dispatched to NRG Stadium & the practice bubble when a powdery white substance was not able to be identified by the Texans organization.  Both players and coaches were instructed to stay away from the area until it could be known whether or not it was safe to go near it.  After 60 minutes on Sunday it was determined that the substance in question was the goal line and that staying out of this ""end zone"" was the safest course of action. This isn't breaking news. They sent out a press release about this before last season",27721.0,neutral,0.023,0.927,0.05,0.4007
1ooqmyo,1762346967.0,1242,0.93,23,mEMe,"Breaking News Hazmat teams were dispatched to NRG Stadium & the practice bubble when a powdery white substance was not able to be identified by the Texans organization.  Both players and coaches were instructed to stay away from the area until it could be known whether or not it was safe to go near it.  After 60 minutes on Sunday it was determined that the substance in question was the goal line and that staying out of this ""end zone"" was the safest course of action. I hate our goal line play calling and our 3rd down play calling. Abysmal at best. 😤",27721.0,negative,0.054,0.82,0.126,0.7902
1ooqmyo,1762515866.0,1242,0.93,23,mEMe,"Breaking News Hazmat teams were dispatched to NRG Stadium & the practice bubble when a powdery white substance was not able to be identified by the Texans organization.  Both players and coaches were instructed to stay away from the area until it could be known whether or not it was safe to go near it.  After 60 minutes on Sunday it was determined that the substance in question was the goal line and that staying out of this ""end zone"" was the safest course of action. Lmao. Had me in the first half.  
Well played",27721.0,negative,0.023,0.845,0.131,0.8777
1ooqmyo,1762315151.0,828,0.93,23,mEMe,"Breaking News Hazmat teams were dispatched to NRG Stadium & the practice bubble when a powdery white substance was not able to be identified by the Texans organization.  Both players and coaches were instructed to stay away from the area until it could be known whether or not it was safe to go near it.  After 60 minutes on Sunday it was determined that the substance in question was the goal line and that staying out of this ""end zone"" was the safest course of action. Thoughts and Prayers",18481.0,neutral,0.026,0.918,0.056,0.4007
1ooqmyo,1762360846.0,828,0.93,23,mEMe,"Breaking News Hazmat teams were dispatched to NRG Stadium & the practice bubble when a powdery white substance was not able to be identified by the Texans organization.  Both players and coaches were instructed to stay away from the area until it could be known whether or not it was safe to go near it.  After 60 minutes on Sunday it was determined that the substance in question was the goal line and that staying out of this ""end zone"" was the safest course of action. I remember when this was used on the Cowboys",18481.0,neutral,0.025,0.922,0.053,0.4007
1ooqmyo,1762447691.0,828,0.93,23,mEMe,"Breaking News Hazmat teams were dispatched to NRG Stadium & the practice bubble when a powdery white substance was not able to be identified by the Texans organization.  Both players and coaches were instructed to stay away from the area until it could be known whether or not it was safe to go near it.  After 60 minutes on Sunday it was determined that the substance in question was the goal line and that staying out of this ""end zone"" was the safest course of action. ![gif](giphy|y2i2oqWgzh5ioRp4Qa)",18481.0,negative,0.027,0.913,0.06,0.4563
1ooqmyo,1762566550.0,828,0.93,23,mEMe,"Breaking News Hazmat teams were dispatched to NRG Stadium & the practice bubble when a powdery white substance was not able to be identified by the Texans organization.  Both players and coaches were instructed to stay away from the area until it could be known whether or not it was safe to go near it.  After 60 minutes on Sunday it was determined that the substance in question was the goal line and that staying out of this ""end zone"" was the safest course of action. They had me in the first half, not gonna lie",18481.0,neutral,0.024,0.924,0.052,0.4007
1ooqmyo,1762314829.0,1242,0.93,23,mEMe,"Breaking News Hazmat teams were dispatched to NRG Stadium & the practice bubble when a powdery white substance was not able to be identified by the Texans organization.  Both players and coaches were instructed to stay away from the area until it could be known whether or not it was safe to go near it.  After 60 minutes on Sunday it was determined that the substance in question was the goal line and that staying out of this ""end zone"" was the safest course of action. Brian Chusing no!",27721.0,neutral,0.05,0.892,0.058,0.1989
1ookwdx,1762294340.0,87362,0.97,85,mEMe,"Bet it felt good after tho  Truth be told, I didn't care about the trade deadline today, but seeing the Colts trade away their future for a star CB in decline made it worth paying attention to.",7287738.0,neutral,0.047,0.8,0.153,0.4829
1ookwdx,1762294631.0,30932,0.97,85,mEMe,Bet it felt good after tho  What’s wrong with jerking off while waiting for a hot dog?,2580347.0,neutral,0.155,0.7,0.145,-0.0516
1ookwdx,1762294457.0,40546,0.97,85,mEMe,Bet it felt good after tho  Did anyone really expect any trades? We don’t have anything worth giving up currently and are not in a position for a playoff run.,3382347.0,neutral,0.0,0.776,0.224,0.7351
1ookwdx,1762295960.0,12958,0.97,85,mEMe,Bet it felt good after tho  Texans are in that middle of the pack position where you aren’t going to contend this year but you don’t want to dismantle your core. Trading for players likely won’t get us in the playoffs and trading for picks sets us back a couple seasons. I’m fine with them doing nothing.,1080956.0,negative,0.0,0.886,0.114,0.5719
1ookwdx,1762295162.0,5852,0.97,85,mEMe,"Bet it felt good after tho  I wish we made a move, but outside of Breece Hall, there was nobody really available that could improve the team in a meaningful way.",488174.0,negative,0.0,0.694,0.306,0.8625
1ookwdx,1762296691.0,3344,0.97,85,mEMe,Bet it felt good after tho  Yes bc trade deadline trades = success. 🤣🤣🤣,278956.0,neutral,0.0,0.518,0.482,0.8519
1ookwdx,1762294892.0,2508,0.97,85,mEMe,Bet it felt good after tho  *Truck stop.,209217.0,negative,0.198,0.541,0.261,0.1779
1ookwdx,1762300841.0,2508,0.97,85,mEMe,Bet it felt good after tho  STING > SAUCE,209217.0,neutral,0.0,0.707,0.293,0.4404
1ookwdx,1762298227.0,1254,0.97,85,mEMe,Bet it felt good after tho  Jerking off at gas station is something. Hell... its somewhat admirable.,104609.0,neutral,0.0,0.707,0.293,0.7357
1ookwdx,1762299411.0,1254,0.97,85,mEMe,Bet it felt good after tho  Cranking that hog ,104609.0,neutral,0.0,0.734,0.266,0.4404
1ookwdx,1762310783.0,1254,0.97,85,mEMe,"Bet it felt good after tho  https://preview.redd.it/zoo5a08rqczf1.jpeg?width=1220&format=pjpg&auto=webp&s=b38ba10ad7b448f87c231ea4617c9dca8ca0467e

And we put on a damn good show for all the gas station attendees",104609.0,neutral,0.106,0.667,0.227,0.4767
1ookwdx,1762302768.0,836,0.97,85,mEMe,Bet it felt good after tho  If a wide receiver was available I would understand,69739.0,neutral,0.0,0.805,0.195,0.4404
1ookwdx,1762306225.0,836,0.97,85,mEMe,"Bet it felt good after tho  “Bet it felt good after tho”? I think not. I think you look around with that post-nut clarity and you feel a sense of shame. Did I really just masturbate in a gas station bathroom? Is this what I have become? Are my urges so strong that this is where I chose to do it? 

I mean, I’ve never done it,but one could imagine!",69739.0,neutral,0.042,0.769,0.189,0.8978
1ookwdx,1762308759.0,836,0.97,85,mEMe,"Bet it felt good after tho  I'm glad we didn't do anything. 
1.do we really think that any additions would really help this offense? 
2.the real problem is soo much more then players. It's this offensive staff and how they use players.
3. The most likely is whoever is the shotcaller for picking OLine. Their initials start with Nick Caserio. Other than Oline, the picks have been good.
4. Hopefully we get some post-nut Clarity and unf*ck this mostly sunk ship.

Edit for spelling. Been drinking.",69739.0,neutral,0.085,0.748,0.167,0.8133
1ookwdx,1762312245.0,836,0.97,85,mEMe,Bet it felt good after tho  Not sure what they would have gone after. Biggest need is o line and no one worth anything was available. They could have tried to get the jets rb but that would have been a rental and would that really have solved anything for this season? Maybe some depth at TE. This season is about over-a little hope but highly doubtful.,69739.0,neutral,0.089,0.779,0.133,0.5036
1ookwdx,1762321712.0,836,0.97,85,mEMe,"Bet it felt good after tho  Whats the point of giving up picks this far behind. Do you hope we throw a 10 win streak?

The only move was no trade.",69739.0,negative,0.056,0.638,0.306,0.8689
1ookwdx,1762296761.0,1672,0.97,85,mEMe,Bet it felt good after tho  I love how ppl are scared of Sauce.  Please dude. They gave up a 1st. They lost that deal.,139478.0,neutral,0.16,0.552,0.288,0.6369
1ookwdx,1762298806.0,836,0.97,85,mEMe,"Bet it felt good after tho  Are we jerking ourselves, or are we on the giving side of the glory hole.",69739.0,negative,0.0,0.672,0.328,0.8316
1ookwdx,1762302207.0,418,0.97,85,mEMe,Bet it felt good after tho  I think the Colts unexpectedly found themselves contending and are trying to bolster their lineup.,34870.0,negative,0.0,0.868,0.132,0.4404
1ookwdx,1762310968.0,418,0.97,85,mEMe,Bet it felt good after tho  We could either be smoking cigarettes and eating Kobe beef.. or jerking off in a f@$kin a bathroom somewhere.,34870.0,negative,0.0,0.884,0.116,0.4404
1ontwtq,1762218675.0,32045,0.85,104,🏥 Injury,I agreed with the no call on the CJ hit and hope the NFL continues moving in this direction He slide late and there was no helmet to helmet contact. What can the defender do? Suddenly stop at full acceleration? I hope this is the beginning of the NFL turning a new leaf.  I agree but we all know it is not. If Mahomes or Allen get grazed they are getting that penalty,2860016.0,neutral,0.118,0.774,0.108,-0.4137
1ontwtq,1762218517.0,12376,0.85,104,🏥 Injury,"I agreed with the no call on the CJ hit and hope the NFL continues moving in this direction He slide late and there was no helmet to helmet contact. What can the defender do? Suddenly stop at full acceleration? I hope this is the beginning of the NFL turning a new leaf.  It sucks that the first “no call” happened on one where CJ got literally taken out of the game though :/

I do agree the late sliding really leaves defenders no options and I don’t think this one was really anybody’s fault tbh.  Hoping for a speedy recovery",1104558.0,neutral,0.149,0.709,0.142,-0.2168
1ontwtq,1762218962.0,7956,0.85,104,🏥 Injury,"I agreed with the no call on the CJ hit and hope the NFL continues moving in this direction He slide late and there was no helmet to helmet contact. What can the defender do? Suddenly stop at full acceleration? I hope this is the beginning of the NFL turning a new leaf.  I think it’s the apparent hypocrisy that’s got Texans fans pissed, which does suck. Azeez last year was labeled a terrorist thug. But yeah, they called it correctly.",710073.0,negative,0.144,0.747,0.109,-0.4784
1ontwtq,1762221630.0,3094,0.85,104,🏥 Injury,"I agreed with the no call on the CJ hit and hope the NFL continues moving in this direction He slide late and there was no helmet to helmet contact. What can the defender do? Suddenly stop at full acceleration? I hope this is the beginning of the NFL turning a new leaf.  I agree but what I am wondering is why this flag got picked up but when two texans defenders ran into each other next to mahomes last year and didn’t touch him at all, that got called a penalty and was not reviewed/reversed?",276140.0,positive,0.089,0.807,0.105,-0.3591
1ontwtq,1762218604.0,6188,0.85,104,🏥 Injury,I agreed with the no call on the CJ hit and hope the NFL continues moving in this direction He slide late and there was no helmet to helmet contact. What can the defender do? Suddenly stop at full acceleration? I hope this is the beginning of the NFL turning a new leaf.  I completely agree. QB’s need to stop acting like endangered species if they want to scramble. Treat them like running backs.,552279.0,negative,0.114,0.64,0.245,0.8873
1ontwtq,1762225329.0,1105,0.85,104,🏥 Injury,I agreed with the no call on the CJ hit and hope the NFL continues moving in this direction He slide late and there was no helmet to helmet contact. What can the defender do? Suddenly stop at full acceleration? I hope this is the beginning of the NFL turning a new leaf.  Just when it’s Houston’s QB,98621.0,negative,0.103,0.747,0.15,0.4696
1ontwtq,1762219812.0,2873,0.85,104,🏥 Injury,I agreed with the no call on the CJ hit and hope the NFL continues moving in this direction He slide late and there was no helmet to helmet contact. What can the defender do? Suddenly stop at full acceleration? I hope this is the beginning of the NFL turning a new leaf.  So frustrating how people were assasinating azeez's character. He's nothing like how people were describing him after the hit on lawrence.,256415.0,negative,0.147,0.742,0.111,-0.4521
1ontwtq,1762219019.0,2210,0.85,104,🏥 Injury,"I agreed with the no call on the CJ hit and hope the NFL continues moving in this direction He slide late and there was no helmet to helmet contact. What can the defender do? Suddenly stop at full acceleration? I hope this is the beginning of the NFL turning a new leaf.  If we're going to share takes, then let me just say that I'm more than happy to never see CJ run.  Year 3 and he still has no clue how to slide and it's just not worth it.",197242.0,negative,0.102,0.743,0.155,0.7486
1ontwtq,1762220964.0,663,0.85,104,🏥 Injury,"I agreed with the no call on the CJ hit and hope the NFL continues moving in this direction He slide late and there was no helmet to helmet contact. What can the defender do? Suddenly stop at full acceleration? I hope this is the beginning of the NFL turning a new leaf.  Yo, Why Davis Mills in the post?",59173.0,negative,0.099,0.753,0.148,0.5007
1ontwtq,1762223683.0,663,0.85,104,🏥 Injury,"I agreed with the no call on the CJ hit and hope the NFL continues moving in this direction He slide late and there was no helmet to helmet contact. What can the defender do? Suddenly stop at full acceleration? I hope this is the beginning of the NFL turning a new leaf.  Honestly I just don’t like the hypocrisy of it all. The same crowd that cried bloody murder after the Tlaw hit is now making excuses for the CJ hit you can’t have your cake and eat it too

(Oh and for the record I believe none of those were dirty hits)",59173.0,negative,0.166,0.712,0.122,-0.7399
1ontwtq,1762232058.0,663,0.85,104,🏥 Injury,"I agreed with the no call on the CJ hit and hope the NFL continues moving in this direction He slide late and there was no helmet to helmet contact. What can the defender do? Suddenly stop at full acceleration? I hope this is the beginning of the NFL turning a new leaf.  Pick and a rule and be consistent. Is it not a penalty? Then stop throwing the flag when a defender breathes in the vicinity of Mahomes. Is it a penalty? Then don't pick and choose who you will throw the flag for.

The article is correct, this play does get flagged across the league so of course it's going to be fucking annoying when it doesn't get thrown in our situation.

I don't think the hit was dirty but I do think a flag should have been thrown and not picked back up.",59173.0,neutral,0.071,0.833,0.097,0.425
1ontwtq,1762222119.0,1326,0.85,104,🏥 Injury,I agreed with the no call on the CJ hit and hope the NFL continues moving in this direction He slide late and there was no helmet to helmet contact. What can the defender do? Suddenly stop at full acceleration? I hope this is the beginning of the NFL turning a new leaf.  No I watched it live. Everyone in the stadium thought it was a penalty. The Broncos fans in attendance were surprised when they picked up the flag too,118345.0,negative,0.136,0.739,0.125,-0.2406
1ontwtq,1762230432.0,442,0.85,104,🏥 Injury,I agreed with the no call on the CJ hit and hope the NFL continues moving in this direction He slide late and there was no helmet to helmet contact. What can the defender do? Suddenly stop at full acceleration? I hope this is the beginning of the NFL turning a new leaf.  I wish they’d just take out the slide. It feels like qb’s get concussed sliding just as much as they get other injuries trying to power through a tackle.,39448.0,negative,0.074,0.76,0.166,0.8053
1ontwtq,1762266532.0,442,0.85,104,🏥 Injury,I agreed with the no call on the CJ hit and hope the NFL continues moving in this direction He slide late and there was no helmet to helmet contact. What can the defender do? Suddenly stop at full acceleration? I hope this is the beginning of the NFL turning a new leaf.  It’s just selective enforcement… (cough… Las Vegas),39448.0,neutral,0.1,0.755,0.146,0.4696
1ontwtq,1762219571.0,1105,0.85,104,🏥 Injury,I agreed with the no call on the CJ hit and hope the NFL continues moving in this direction He slide late and there was no helmet to helmet contact. What can the defender do? Suddenly stop at full acceleration? I hope this is the beginning of the NFL turning a new leaf.  He could have not jumped on him. He wasn't at full speed at all.,98621.0,neutral,0.09,0.778,0.132,0.4696
1ontwtq,1762223106.0,663,0.85,104,🏥 Injury,I agreed with the no call on the CJ hit and hope the NFL continues moving in this direction He slide late and there was no helmet to helmet contact. What can the defender do? Suddenly stop at full acceleration? I hope this is the beginning of the NFL turning a new leaf.  The only reason I’m mad is because it’s almost the exact same as what happened with Azeez and T law last year and Azeez was VILLIFIED for that shit,59173.0,negative,0.149,0.75,0.101,-0.6662
1ontwtq,1762227031.0,663,0.85,104,🏥 Injury,I agreed with the no call on the CJ hit and hope the NFL continues moving in this direction He slide late and there was no helmet to helmet contact. What can the defender do? Suddenly stop at full acceleration? I hope this is the beginning of the NFL turning a new leaf.  Just say you don't watch football and stop posting.,59173.0,neutral,0.127,0.734,0.139,0.2168
1ontwtq,1762221866.0,221,0.85,104,🏥 Injury,"I agreed with the no call on the CJ hit and hope the NFL continues moving in this direction He slide late and there was no helmet to helmet contact. What can the defender do? Suddenly stop at full acceleration? I hope this is the beginning of the NFL turning a new leaf.  https://preview.redd.it/ronuij9dd5zf1.png?width=1416&format=png&auto=webp&s=a1e61ceb048ee5dcb9eecdd94176dce719360de0

This guy dug his foot in to pivot to come in low as soon as he realized CJ was sliding. He got up smiling and laughing acting like a kid he just gleefully robbed the cookie jar. It was dirty AF. Look at how his teammate reacted if you want to see how a decent human being behaves in this situation. CJ was coming straight at him and he was able to avoid forcible contact. The rule book hasn't changed drastically, it just allows the calls to be reviewed now. This isn't the beginning of some major shift in the NFL as naïve folks like yourself are about to learn. This is just the Texans being shit on again.",19724.0,neutral,0.09,0.784,0.126,0.7041
1ontwtq,1762219156.0,442,0.85,104,🏥 Injury,I agreed with the no call on the CJ hit and hope the NFL continues moving in this direction He slide late and there was no helmet to helmet contact. What can the defender do? Suddenly stop at full acceleration? I hope this is the beginning of the NFL turning a new leaf.  Do you believe the Azeez hit on Trever Lawrence should have a been a no call?,39448.0,positive,0.118,0.75,0.132,0.2593
1ontwtq,1762230292.0,221,0.85,104,🏥 Injury,I agreed with the no call on the CJ hit and hope the NFL continues moving in this direction He slide late and there was no helmet to helmet contact. What can the defender do? Suddenly stop at full acceleration? I hope this is the beginning of the NFL turning a new leaf.  So we need to knock sunshine out again next Sunday ,19724.0,positive,0.092,0.728,0.18,0.7399
1onkxo4,1762197449.0,45135,0.94,114,💬Player/Coach Quote,"Demeco Ryans on the hit https://x.com/jonmalexander/status/1985424539237441787?s=46

Really makes you wonder why those calls on Mahomes were called in the divisional… Incoming fine from the NFL for criticizing the refs.",4879093.0,negative,0.08,0.863,0.058,-0.1779
1onkxo4,1762198250.0,19470,0.94,114,💬Player/Coach Quote,"Demeco Ryans on the hit https://x.com/jonmalexander/status/1985424539237441787?s=46

Really makes you wonder why those calls on Mahomes were called in the divisional… Oh yea, we're getting an unnecessary roughness penalty on a QB at some point later this season.",2104707.0,negative,0.079,0.921,0.0,-0.4588
1onkxo4,1762198374.0,44545,0.94,114,💬Player/Coach Quote,"Demeco Ryans on the hit https://x.com/jonmalexander/status/1985424539237441787?s=46

Really makes you wonder why those calls on Mahomes were called in the divisional… Azeez: “alright”",4815314.0,neutral,0.0,1.0,0.0,0.0
1onkxo4,1762198435.0,30385,0.94,114,💬Player/Coach Quote,"Demeco Ryans on the hit https://x.com/jonmalexander/status/1985424539237441787?s=46

Really makes you wonder why those calls on Mahomes were called in the divisional… I think about the call against mahomes in playoffs where we didn’t even touch him and he slid super late. No reverse on that and cost us big time",3284618.0,negative,0.042,0.883,0.075,0.4019
1onkxo4,1762198583.0,18585,0.94,114,💬Player/Coach Quote,"Demeco Ryans on the hit https://x.com/jonmalexander/status/1985424539237441787?s=46

Really makes you wonder why those calls on Mahomes were called in the divisional… I absolutely love Ryans for this quote and eagerly await the next time we play the Broncos. 🤘",2009038.0,negative,0.0,0.746,0.254,0.8718
1onkxo4,1762200993.0,6195,0.94,114,💬Player/Coach Quote,"Demeco Ryans on the hit https://x.com/jonmalexander/status/1985424539237441787?s=46

Really makes you wonder why those calls on Mahomes were called in the divisional… Almost sounds like a threat to other QBs. Fine by me!",669679.0,negative,0.091,0.784,0.125,-0.1044
1onkxo4,1762199677.0,5605,0.94,114,💬Player/Coach Quote,"Demeco Ryans on the hit https://x.com/jonmalexander/status/1985424539237441787?s=46

Really makes you wonder why those calls on Mahomes were called in the divisional… The Chieferees would 100% flag anyone that breathes near Pat Mahomes.",605900.0,negative,0.0,1.0,0.0,0.0
1onkxo4,1762212915.0,1475,0.94,114,💬Player/Coach Quote,"Demeco Ryans on the hit https://x.com/jonmalexander/status/1985424539237441787?s=46

Really makes you wonder why those calls on Mahomes were called in the divisional… If that would’ve been Mahomes instead of CJ, then that player would have been thrown out of the game and suspended for three more",159448.0,negative,0.067,0.933,0.0,-0.4767
1onkxo4,1762197854.0,11505,0.94,114,💬Player/Coach Quote,"Demeco Ryans on the hit https://x.com/jonmalexander/status/1985424539237441787?s=46

Really makes you wonder why those calls on Mahomes were called in the divisional… I’m sorry to say this, my boi slid LATE. Go watch the hit too, he slid like knees first, it was a really awkward attempt. I hope he bounces back quick though, that was a gnarly hit.",1243690.0,negative,0.054,0.85,0.096,0.5378
1onkxo4,1762203596.0,1770,0.94,114,💬Player/Coach Quote,"Demeco Ryans on the hit https://x.com/jonmalexander/status/1985424539237441787?s=46

Really makes you wonder why those calls on Mahomes were called in the divisional… Bro should be fined. If this was any other QB the flags would have been thrown(not picked up after) and the person making the tackle would be suspended for a couple games. Bad refereeing and bad technique broncos.",191337.0,negative,0.158,0.842,0.0,-0.8779
1onkxo4,1762205546.0,1475,0.94,114,💬Player/Coach Quote,"Demeco Ryans on the hit https://x.com/jonmalexander/status/1985424539237441787?s=46

Really makes you wonder why those calls on Mahomes were called in the divisional… ""Fine"" until a Texan does it. Then the NFL will read the player's mind to judge their intent and suspend them accordingly.",159448.0,negative,0.054,0.946,0.0,-0.3182
1onkxo4,1762203656.0,2065,0.94,114,💬Player/Coach Quote,"Demeco Ryans on the hit https://x.com/jonmalexander/status/1985424539237441787?s=46

Really makes you wonder why those calls on Mahomes were called in the divisional… Azeez just got the clearance lol",223226.0,negative,0.0,0.899,0.101,0.4215
1onkxo4,1762203397.0,1180,0.94,114,💬Player/Coach Quote,"Demeco Ryans on the hit https://x.com/jonmalexander/status/1985424539237441787?s=46

Really makes you wonder why those calls on Mahomes were called in the divisional… Bounty gate 2.0",127558.0,negative,0.0,1.0,0.0,0.0
1onkxo4,1762207237.0,590,0.94,114,💬Player/Coach Quote,"Demeco Ryans on the hit https://x.com/jonmalexander/status/1985424539237441787?s=46

Really makes you wonder why those calls on Mahomes were called in the divisional… So defense is going full Open Chest season?",63779.0,negative,0.0,0.926,0.074,0.2853
1onkxo4,1762204466.0,1180,0.94,114,💬Player/Coach Quote,"Demeco Ryans on the hit https://x.com/jonmalexander/status/1985424539237441787?s=46

Really makes you wonder why those calls on Mahomes were called in the divisional… ***Al-Shaair intensifies***",127558.0,negative,0.0,1.0,0.0,0.0
1onkxo4,1762204063.0,590,0.94,114,💬Player/Coach Quote,"Demeco Ryans on the hit https://x.com/jonmalexander/status/1985424539237441787?s=46

Really makes you wonder why those calls on Mahomes were called in the divisional… Green light for number 0…it’s qb hunting season",63779.0,negative,0.0,0.954,0.046,0.0772
1onkxo4,1762207105.0,295,0.94,114,💬Player/Coach Quote,"Demeco Ryans on the hit https://x.com/jonmalexander/status/1985424539237441787?s=46

Really makes you wonder why those calls on Mahomes were called in the divisional… I'm gonna be honest, while I thought the hit was late, my only real problem with it was CJ sliding two yards short instead of diving for the first. Any time you're running with the ball, assume you're gonna get hit, and if you're gonna get hit, make it worth it.",31890.0,neutral,0.036,0.878,0.086,0.4215
1onkxo4,1762215224.0,295,0.94,114,💬Player/Coach Quote,"Demeco Ryans on the hit https://x.com/jonmalexander/status/1985424539237441787?s=46

Really makes you wonder why those calls on Mahomes were called in the divisional… This ain’t entirely true… 


“This does not mean that all contact by a defender is illegal. If a defender has already committed himself, and the contact is unavoidable, it is not a foul unless the defender makes forcible contact into the head or neck area of the runner with the helmet, shoulder, or forearm, or commits some other act that is unnecessary roughness.”

They can still call it a foul if it’s judged to be unnecessary roughness.",31890.0,neutral,0.037,0.888,0.076,-0.0516
1onkxo4,1762225748.0,295,0.94,114,💬Player/Coach Quote,"Demeco Ryans on the hit https://x.com/jonmalexander/status/1985424539237441787?s=46

Really makes you wonder why those calls on Mahomes were called in the divisional… I'll take one for the team.    I ordeted the code red for next week.",31890.0,negative,0.0,1.0,0.0,0.0
1onkxo4,1762269135.0,295,0.94,114,💬Player/Coach Quote,"Demeco Ryans on the hit https://x.com/jonmalexander/status/1985424539237441787?s=46

Really makes you wonder why those calls on Mahomes were called in the divisional… Demeco is completely wrong. Certain quarterbacks are protected when they slide. Others are not. Certain quarterbacks are protected when they are breathed upon. Others you can try to kill.",31890.0,neutral,0.131,0.697,0.171,0.1189
1onj0y4,1762193139.0,19856,0.99,61,💬Player/Coach Quote,Can’t even disagree  ![gif](giphy|ejDxbDaxZZkeQmr0yu),1218761.0,neutral,0.491,0.509,0.0,-0.4389
1onj0y4,1762193646.0,15476,0.99,61,💬Player/Coach Quote,"Can’t even disagree  I heard a stat we are 1-10 in the red zone in our five losses. Pathetic execution rate, and pathetic we only average two trips to the red zone a game. 

How Caley still has a job is beyond me. At this point you need to acknowledge the problem and at least look like you're attempting to correct it.",949917.0,negative,0.22,0.744,0.036,-0.9169
1onj0y4,1762193113.0,19272,0.99,61,💬Player/Coach Quote,Can’t even disagree  The plane has landed from Hawaii and the honeymoon is over.,1182915.0,negative,0.167,0.833,0.0,-0.3818
1onj0y4,1762195939.0,4672,0.99,61,💬Player/Coach Quote,"Can’t even disagree  Unfortunately, the playoffs require touchdowns. However, mad props to Fairbairn for carrying Caley.",286767.0,neutral,0.387,0.613,0.0,-0.802
1onj0y4,1762195193.0,1460,0.99,61,💬Player/Coach Quote,"Can’t even disagree  Caserio was very solid in rebuilding this franchise. Now it’s time to take the next step, which should have actually happened last year. It was forgivable to see the o-line issues last year. He has been given a chance to address the team’s biggest failure. He chose to trade away our biggest contributor to the oline. Then he doubled down and brought in an OC with no experience and Caserio has collegiate ties with. His time has come but the window is being squandered.",89615.0,neutral,0.061,0.885,0.053,-0.191
1onj0y4,1762193395.0,2336,0.99,61,💬Player/Coach Quote,Can’t even disagree  Who is talking about playoffs?,143384.0,negative,0.271,0.729,0.0,-0.3818
1onj0y4,1762197965.0,1168,0.99,61,💬Player/Coach Quote,Can’t even disagree  Why would they even ask that question? The goal should be getting to .500,71692.0,negative,0.14,0.86,0.0,-0.3818
1onj0y4,1762193299.0,1460,0.99,61,💬Player/Coach Quote,Can’t even disagree  ![gif](giphy|ejDxbDaxZZkeQmr0yu),89615.0,neutral,0.491,0.509,0.0,-0.4389
1onj0y4,1762195185.0,1460,0.99,61,💬Player/Coach Quote,Can’t even disagree  at this point just tank for a top 5 pick,89615.0,positive,0.194,0.672,0.134,-0.2023
1onj0y4,1762199920.0,584,0.99,61,💬Player/Coach Quote,"Can’t even disagree  Play football better, coach better, execute better, dress better!",35846.0,negative,0.114,0.262,0.624,0.8932
1onj0y4,1762213239.0,584,0.99,61,💬Player/Coach Quote,Can’t even disagree  Translation: “hell nah sybau”,35846.0,neutral,0.444,0.556,0.0,-0.4588
1onj0y4,1762193751.0,584,0.99,61,💬Player/Coach Quote,"Can’t even disagree  I am as optimistic as they come... Yeah, not expecting us to dig out this hole with the way the rest of the conference is going.",35846.0,negative,0.081,0.779,0.14,0.2263
1onj0y4,1762195306.0,584,0.99,61,💬Player/Coach Quote,"Can’t even disagree  Well that's good, since it doesn't look like we'll be going to playoffs",35846.0,neutral,0.217,0.553,0.23,0.0747
1onj0y4,1762205549.0,292,0.99,61,💬Player/Coach Quote,Can’t even disagree  Then fire Caley,17923.0,neutral,0.556,0.444,0.0,-0.6124
1onj0y4,1762276934.0,292,0.99,61,💬Player/Coach Quote,"Can’t even disagree  Everytime I think the play calling seems better, we try to run in from the 2 yard line and get stopped. Not once , but 2 or 3 times in a row. I don't understand why you keep trying the same thing over and over and never succeed. It's not only baffling, but completely fucking stupid.",17923.0,neutral,0.197,0.744,0.059,-0.859
1onj0y4,1762284642.0,292,0.99,61,💬Player/Coach Quote,Can’t even disagree  How about yall coach better,17923.0,negative,0.226,0.522,0.252,0.0772
1onj0y4,1762351690.0,292,0.99,61,💬Player/Coach Quote,Can’t even disagree  ![gif](giphy|fvT2tuQGmYxsQbSrQH),17923.0,neutral,0.491,0.509,0.0,-0.4389
1onj0y4,1762355884.0,292,0.99,61,💬Player/Coach Quote,"Can’t even disagree  Defense: ""Who is WE?""",17923.0,neutral,0.286,0.549,0.165,-0.2732
1onj0y4,1762199290.0,292,0.99,61,💬Player/Coach Quote,"Can’t even disagree  This guy needs to go. The only reason why his defense is so good, is because they invested everything in it. Look across the league, and you find top tier defenses with balanced offenses.

Demeco is the only coach to field such a lopsided unit. Shameful really",17923.0,negative,0.142,0.718,0.14,-0.2748
1onibc3,1762191920.0,3420,0.98,36,🏥 Injury,CJ update  Tytus Howard is also in concussion protocol.,124009.0,neutral,0.0,1.0,0.0,0.0
1onibc3,1762192057.0,7296,0.98,36,🏥 Injury,CJ update  Sean Bounty Gate Peyton,264553.0,negative,0.0,1.0,0.0,0.0
1onibc3,1762192073.0,4788,0.98,36,🏥 Injury,CJ update  Somebody make sure to check the bank accounts of the broncos defense,173613.0,negative,0.0,0.759,0.241,0.4215
1onibc3,1762193243.0,1368,0.98,36,🏥 Injury,CJ update  That's at least a week or two of unable to play?,49604.0,negative,0.0,0.821,0.179,0.34
1onibc3,1762193571.0,570,0.98,36,🏥 Injury,CJ update  ![gif](giphy|DMtMg3sW1cSdi),20668.0,negative,0.0,1.0,0.0,0.0
1onibc3,1762214620.0,798,0.98,36,🏥 Injury,"CJ update  Let him and all players take all the time they need. 

Winning games should always be a distant second to the health and safety of players.",28935.0,negative,0.0,0.801,0.199,0.7351
1onibc3,1762197655.0,570,0.98,36,🏥 Injury,CJ update  All I need to hear to feel better. I'm so attached to him 🥺,20668.0,neutral,0.0,0.818,0.182,0.4404
1onibc3,1762202940.0,228,0.98,36,🏥 Injury,CJ update  We’re a heartbeat away from the Ethel Mertz era,8267.0,negative,0.0,1.0,0.0,0.0
1onibc3,1762211536.0,228,0.98,36,🏥 Injury,"CJ update  This is why I'm against Stroud running. They have gotten little positive out of it but twice now he's been fucked up.


Hurt his knee against the Chiefs last year and had to get carried off the field. Then gets blown up in this game and knocked out of a critical game they desperately needed him to finish 


Some guys just aren't built to run at this level. Throw the ball away and live for the next drive please.",8267.0,negative,0.177,0.77,0.053,-0.9318
1onibc3,1762237631.0,114,0.98,36,🏥 Injury,CJ update  How's the nasdaq looking now Venator,4134.0,negative,0.0,1.0,0.0,0.0
1onibc3,1762358399.0,114,0.98,36,🏥 Injury,"CJ update  Was there live as a tourist. No horse in the race.

Hit was clean.

Max money WRs did nothing to help Mills.
Stingley was a spectator most plays and was undressed by Sutton.

Rest of the defense nearly stole one, until Ryans let Mills throw with a minute to go.

Frustrating to watch.",4134.0,positive,0.123,0.769,0.108,-0.218
1onewmw,1762184911.0,6364,0.99,36,📈 Stats,The Texans are the worst NFL team in the red zone  Its not just that our line stinks. Nick Chubb and Woody are just not enough to establish a ground game. I think Woody is best a RB2 in RPOs,233113.0,neutral,0.138,0.767,0.095,-0.2263
1onewmw,1762184732.0,3956,0.99,36,📈 Stats,The Texans are the worst NFL team in the red zone  Coaching,144908.0,positive,0.272,0.728,0.0,-0.6249
1onewmw,1762184598.0,3268,0.99,36,📈 Stats,The Texans are the worst NFL team in the red zone  Short yardage situations have cost us a lot this season. MNF vs Seahawks being unable to convert cost us (granted Seahawks their foot off the gas). Even vs the Bucs we had like 3 tries from the 2 yard line and got no points. Do think there’s been some improvement but out inability to convert from inside 10 yards has killed us (alongside some defensive lapses in key moments),119707.0,neutral,0.157,0.788,0.055,-0.9011
1onewmw,1762185239.0,1548,0.99,36,📈 Stats,"The Texans are the worst NFL team in the red zone  Maybe if we tried anything other than a dive up the middle smh, it’s painfully predictive to watch every week. Also we have two 6’4 wrs for what again?? Seems we never try to throw the ball in the redzone.",56703.0,negative,0.178,0.822,0.0,-0.8796
1onewmw,1762187497.0,1548,0.99,36,📈 Stats,The Texans are the worst NFL team in the red zone  Get to the 2 yard line. Run up the middle 3 times for no gain. Kick FG. That’s our red zone offense. Why we continue running up the middle when it clearly doesn’t work is beyond me.,56703.0,positive,0.15,0.74,0.11,-0.296
1onewmw,1762186808.0,1032,0.99,36,📈 Stats,"The Texans are the worst NFL team in the red zone  The more field goals I see, the worse the red zone has become. I really hate to see the reliance on it, can't go deep into a season depending on those kicks.",37802.0,negative,0.232,0.768,0.0,-0.9041
1onewmw,1762187228.0,860,0.99,36,📈 Stats,The Texans are the worst NFL team in the red zone  The fact that its worse than teams like the Titans and Saints is a fireable offense. If it doesn't pick up than Caley needs to be canned.,31502.0,neutral,0.206,0.738,0.056,-0.7717
1onewmw,1762186205.0,1376,0.99,36,📈 Stats,"The Texans are the worst NFL team in the red zone  I am just waiting for the Dolphins to fire McDaniels at this point. 
Mike if you are reading this, please come to Houston and build Stroud into the big strong and confident man he is. Daddy DeMeco can protect you and be a proper head coach while you play with your Exez and Ohhhhsss.",50403.0,positive,0.085,0.731,0.184,0.7667
1onewmw,1762185530.0,344,0.99,36,📈 Stats,"The Texans are the worst NFL team in the red zone  I get what they were trying to do running it three straight times like that up in the middle at the 1. I get it, but you’re trying so hard to be cute. Overthinking the easy things costs this team.",12601.0,positive,0.082,0.73,0.188,0.7352
1onewmw,1762198266.0,344,0.99,36,📈 Stats,The Texans are the worst NFL team in the red zone  Nothing more frustrated then making it to the red zone and settling for a kick. I’d honestly prefer if we just went 3 and done. At least that doesn’t give you false hope.,12601.0,negative,0.08,0.745,0.174,0.5849
1onewmw,1762213196.0,344,0.99,36,📈 Stats,"The Texans are the worst NFL team in the red zone  They have JT and a great OLine and we got, well what we got.",12601.0,positive,0.124,0.607,0.268,0.5766
1onewmw,1762230342.0,344,0.99,36,📈 Stats,"The Texans are the worst NFL team in the red zone  Nick Caley is braindead at red zone playcalling, and Nick Caserio is braindead for giving him no o-line to work with.",12601.0,positive,0.167,0.769,0.064,-0.5994
1onewmw,1762187276.0,172,0.99,36,📈 Stats,The Texans are the worst NFL team in the red zone  ![gif](giphy|11YHs2qGpNUX1C),6300.0,positive,0.285,0.715,0.0,-0.6588
1onewmw,1762189816.0,172,0.99,36,📈 Stats,The Texans are the worst NFL team in the red zone  Color me shocked.  SHOCKED I tell you.,6300.0,positive,0.403,0.597,0.0,-0.8567
1onewmw,1762191165.0,172,0.99,36,📈 Stats,"The Texans are the worst NFL team in the red zone  Almost like the “run it up the middle, it’ll work this time” strategy isn’t working.",6300.0,positive,0.135,0.792,0.073,-0.4391
1onewmw,1762195158.0,172,0.99,36,📈 Stats,The Texans are the worst NFL team in the red zone  Have they ever practiced in the red zone all TC?,6300.0,positive,0.17,0.83,0.0,-0.6249
1onewmw,1762283293.0,172,0.99,36,📈 Stats,The Texans are the worst NFL team in the red zone  I'm pretty sure the Colts do not have 28! redzone touchdowns in their entire franchise history combined.,6300.0,negative,0.118,0.716,0.166,0.1759
1onewmw,1762550868.0,172,0.99,36,📈 Stats,The Texans are the worst NFL team in the red zone  I read that as Caley is the worst OC in the league.,6300.0,neutral,0.291,0.709,0.0,-0.8481
1onajuu,1762173672.0,28749,0.96,26,mEMe,lol  Yall are gonna lose your minds when we get a new OC next year and it’s the exact same shit.,745174.0,positive,0.241,0.651,0.107,-0.5423
1onajuu,1762177722.0,4403,0.96,26,mEMe,lol  Caley is gone after this season. No way the Mcnair’s let this caliber defense go to waste (or I hope they don’t),114126.0,negative,0.171,0.582,0.247,0.296
1onajuu,1762173492.0,3367,0.96,26,mEMe,lol  Chatgpt knows ball.,87273.0,positive,0.0,0.517,0.483,0.4215
1onajuu,1762175727.0,3367,0.96,26,mEMe,"lol  Imagine if we just hired Josh McDaniels.  The search would be over.  Because he was a terrible head coach and giant asshole that had everyone worried he would ruin the vibes.  

Who do you think would have killed vibes quicker: Caley or Josh McDaniels?",87273.0,neutral,0.245,0.704,0.051,-0.8957
1onajuu,1762177899.0,1554,0.96,26,mEMe,"lol  Look, I’m against Caley as much as anyone. He is completely going against his thing of not pushing a square peg in a round hole or whatever. I don’t want to lose sight of the fact that most teams can punch it in at the 1 though. 

Caserio has to go first and foremost. The way he garbage bin shopped for linemen and gaslighted everyone saying it was fine. Trading a second for a one year rental on Stefon Diggs when there were good WRs in that 2024 we could have gotten and actually had on a rookie contract. This is even more wild when it looks like he tends to hit on skills guys really well. The CJGJ restructure was terrible. Kenyon Green, Juice Scruggs, and Blake Fisher were reaches at the time and look to all be failures, especially Green. We need to nix the Nicks experiment.",40280.0,neutral,0.056,0.849,0.095,0.4754
1onajuu,1762189771.0,518,0.96,26,mEMe,"lol  I know our o-line sucks, but there are other offenses with terrible line and injuries that are still putting up numbers like the 49ers and Bengals.",13427.0,positive,0.259,0.595,0.146,-0.6124
1onajuu,1762193314.0,1036,0.96,26,mEMe,lol  he's actually looked decent the last 2 games we easily beat the broncos if cj lowers his shoulder for the first,26853.0,positive,0.061,0.729,0.211,0.5719
1omvwj2,1762125168.0,37350,0.99,87,💬Player/Coach Quote,DeMeco Ryans on the offense  Finally calling out the correct side of the ball. The offense is putrid.,3253932.0,neutral,0.2,0.8,0.0,-0.4588
1omvwj2,1762125116.0,44100,0.99,87,💬Player/Coach Quote,DeMeco Ryans on the offense  At least he isn't throwing the D under the bus.,3841992.0,neutral,0.133,0.867,0.0,-0.25
1omvwj2,1762127399.0,10350,0.99,87,💬Player/Coach Quote,DeMeco Ryans on the offense  We lacked being able to pick up one yard. One fucking yard,901692.0,neutral,0.111,0.889,0.0,-0.25
1omvwj2,1762125279.0,10800,0.99,87,💬Player/Coach Quote,"DeMeco Ryans on the offense  Oh wow he didn’t say the defense did something wrong this time, I’m surprised.",940896.0,neutral,0.194,0.532,0.274,0.2732
1omvwj2,1762125840.0,6525,0.99,87,💬Player/Coach Quote,DeMeco Ryans on the offense  Bring Mcdaniels to Houston,568458.0,neutral,0.2,0.8,0.0,-0.25
1omvwj2,1762128434.0,1575,0.99,87,💬Player/Coach Quote,DeMeco Ryans on the offense  Starting to sound more and more likely Caley is gone after the season,137214.0,neutral,0.105,0.895,0.0,-0.25
1omvwj2,1762125537.0,6975,0.99,87,💬Player/Coach Quote,"DeMeco Ryans on the offense  Two year playoff run is over. 

Frankly, the games are a lot more enjoyable when there are no expectations.",607662.0,negative,0.153,0.73,0.117,-0.0018
1omvwj2,1762135424.0,900,0.99,87,💬Player/Coach Quote,DeMeco Ryans on the offense  Just run it up the middle baby,78408.0,neutral,0.154,0.846,0.0,-0.25
1omvwj2,1762128378.0,1350,0.99,87,💬Player/Coach Quote,DeMeco Ryans on the offense  So is Joe Mixon dead?,117612.0,negative,0.441,0.559,0.0,-0.743
1omvwj2,1762130261.0,1800,0.99,87,💬Player/Coach Quote,DeMeco Ryans on the offense  It hasn’t been good enough all season we need a new OC,156816.0,neutral,0.106,0.741,0.153,0.2263
1omvwj2,1762132039.0,675,0.99,87,💬Player/Coach Quote,"DeMeco Ryans on the offense  But when we say it, it’s “outside noise” and “we wouldn’t take any any input from people outside this building”",58806.0,neutral,0.059,0.941,0.0,-0.128
1omvwj2,1762132774.0,675,0.99,87,💬Player/Coach Quote,DeMeco Ryans on the offense  In the second half? 🤣 This has been a season long problem. You promoted a dog shit offensive line assistant to offensive line coach and hired a completely green OC that's never called plays at any level. You also neglected offensive line altogether in the draft just to draft WR who you refuse to play. Nick Caserio has to go. All his NE coaches at every level need to go.,58806.0,neutral,0.274,0.668,0.058,-0.9548
1omvwj2,1762138991.0,675,0.99,87,💬Player/Coach Quote,"DeMeco Ryans on the offense  We all know the offense sucks. Missing our starting RB, tank, qb, and completion of oline. Not sure why anyone thought this team was better than 8-8. 

Relax, next year will be a deep playoff team. Then we find out if CJ is a top 10qb or top 20.",58806.0,neutral,0.169,0.682,0.149,-0.0675
1omvwj2,1762139489.0,675,0.99,87,💬Player/Coach Quote,"DeMeco Ryans on the offense  Hindsight is obviously 20/20, but I’d love to know the thinking behind 3 straight passes with 1:14 left in the 4th quarter on our own 13 when the Broncos only had 2 timeouts and the offense had 68 yards of offense in the 2nd half

I’m almost always a go for a score whenever you can kind of guy, but this felt like an exception to try and play for OT to let the putrid offense not have to start so deep in their own territory",58806.0,neutral,0.088,0.771,0.141,0.8176
1omvwj2,1762125769.0,3150,0.99,87,💬Player/Coach Quote,"DeMeco Ryans on the offense  He is obviously calling out Caley here, but it's the oddest game to do it so far TBH. After the Seattle game I would have been all for it, but this one was a different situation altogether.

Before Stroud got knocked out we were having are way with a very good defense (Yards/ToP). Sure, we failed to seal the deal a couple of times in the red zone, but that has literally been the best red zone defense over the last month in the NFL.

Then when Stroud gets laid out, by obvious headhunting, Mills goes completely off the rails in the second half and can't complete simple throws to open receivers. Probably the worst Mills outing I've ever seen.

I'm not sold on Caley or anything like that, but expecting him to scheme his was out of a situation where the highly skilled opposing defense is practically daring you to throw the ball because your backup QB can't hit the right side of a barn seems off.

I didn't spend the second half thinking damn Caley, but rather I miss CJ Stroud.",274428.0,negative,0.081,0.795,0.124,0.8398
1omvwj2,1762125625.0,900,0.99,87,💬Player/Coach Quote,DeMeco Ryans on the offense  Even the Clint Sterner clown is on the flagship trashing the play calling. That's when you know it's bad.,78408.0,negative,0.188,0.683,0.13,-0.4019
1omvwj2,1762126202.0,450,0.99,87,💬Player/Coach Quote,DeMeco Ryans on the offense  The ability to move the ball forward*,39204.0,negative,0.14,0.699,0.161,0.0772
1omvwj2,1762133148.0,450,0.99,87,💬Player/Coach Quote,"DeMeco Ryans on the offense  Well, running head on into the interior line didn't work the first ten times, maybe it will work the next 5. Pathetic play calling, again.",39204.0,negative,0.157,0.718,0.124,-0.296
1omvwj2,1762213277.0,450,0.99,87,💬Player/Coach Quote,DeMeco Ryans on the offense  Ryans is simply playing the game because Caley is Casserio’s boy. Dude better be fired at the end of the season.,39204.0,positive,0.173,0.681,0.146,-0.2263
1omvwj2,1762137256.0,225,0.99,87,💬Player/Coach Quote,DeMeco Ryans on the offense  Almost as though the guy responsible for coaching the offense is incompetent,19602.0,negative,0.317,0.58,0.103,-0.5859
1omut0y,1762136479.0,3230,0.92,31,🏥 Injury,"Prayer post for CJ Leave your prayers here for our QB1 Coleridge Bernard Stroud IV. He does not deserve this dude is a class act and a really good dude. Hopefully he can recover quickly and be back soon. 🙏 If Azeez did that to Nix, then his ass would be ejected and suspended for 5 games",95091.0,negative,0.126,0.775,0.099,-0.1639
1omut0y,1762124735.0,760,0.92,31,🏥 Injury,Prayer post for CJ Leave your prayers here for our QB1 Coleridge Bernard Stroud IV. He does not deserve this dude is a class act and a really good dude. Hopefully he can recover quickly and be back soon. 🙏 Amen,22374.0,negative,0.028,0.826,0.145,0.7146
1omut0y,1762122445.0,3610,0.92,31,🏥 Injury,Prayer post for CJ Leave your prayers here for our QB1 Coleridge Bernard Stroud IV. He does not deserve this dude is a class act and a really good dude. Hopefully he can recover quickly and be back soon. 🙏 Fuck the Broncos but I just hope CJ recovers quickly. This team lives and dies with CJ Stroud.,106278.0,negative,0.056,0.813,0.132,0.6786
1omut0y,1762126240.0,570,0.92,31,🏥 Injury,Prayer post for CJ Leave your prayers here for our QB1 Coleridge Bernard Stroud IV. He does not deserve this dude is a class act and a really good dude. Hopefully he can recover quickly and be back soon. 🙏 Prayers for an OC,16781.0,positive,0.026,0.838,0.136,0.7146
1omut0y,1762132524.0,380,0.92,31,🏥 Injury,Prayer post for CJ Leave your prayers here for our QB1 Coleridge Bernard Stroud IV. He does not deserve this dude is a class act and a really good dude. Hopefully he can recover quickly and be back soon. 🙏 I don't know if this is a controversial take but that was a dirty hit. I didn't think this would be a 3 - 5 team during the offseason. Season ticketholders were robbed.,11187.0,negative,0.094,0.845,0.06,-0.312
1omut0y,1762154023.0,190,0.92,31,🏥 Injury,Prayer post for CJ Leave your prayers here for our QB1 Coleridge Bernard Stroud IV. He does not deserve this dude is a class act and a really good dude. Hopefully he can recover quickly and be back soon. 🙏 I'm praying for him deeply. He does not deserve a major concussion.,5594.0,negative,0.022,0.817,0.161,0.8155
1omut0y,1762193990.0,190,0.92,31,🏥 Injury,Prayer post for CJ Leave your prayers here for our QB1 Coleridge Bernard Stroud IV. He does not deserve this dude is a class act and a really good dude. Hopefully he can recover quickly and be back soon. 🙏 His name is Coleridge?,5594.0,negative,0.026,0.838,0.136,0.7146
1omut0y,1762466075.0,190,0.92,31,🏥 Injury,Prayer post for CJ Leave your prayers here for our QB1 Coleridge Bernard Stroud IV. He does not deserve this dude is a class act and a really good dude. Hopefully he can recover quickly and be back soon. 🙏 Not sure what's going on with CJ but I think that he needs a break. Overthinking the plays and missing wide open receivers. We need year 1 CJ back. Not looking good for a playoff appearance. Great job recruiting all the linemen nobody wanted.,5594.0,negative,0.059,0.759,0.182,0.9207
1omut0y,1762554192.0,190,0.92,31,🏥 Injury,Prayer post for CJ Leave your prayers here for our QB1 Coleridge Bernard Stroud IV. He does not deserve this dude is a class act and a really good dude. Hopefully he can recover quickly and be back soon. 🙏 Shoot I got tickets to next weeks game I hope he’s back 🙏🏽,5594.0,negative,0.065,0.773,0.163,0.7548
1omut0y,1762556140.0,190,0.92,31,🏥 Injury,Prayer post for CJ Leave your prayers here for our QB1 Coleridge Bernard Stroud IV. He does not deserve this dude is a class act and a really good dude. Hopefully he can recover quickly and be back soon. 🙏 Save some of your get well prayers for Davis Mills! RG and RT are out. 🤦🏼‍♂️ Could be ugly fast.,5594.0,negative,0.067,0.758,0.175,0.8047
1omu3jn,1762121192.0,186732,0.98,67,🏥 Injury,CJ is ok 🙏  Gotta be hard to watch your son get laid out on the field. Stressful game for all the player's parents.,12443820.0,negative,0.175,0.743,0.082,-0.3612
1omu3jn,1762120599.0,102600,0.98,67,🏥 Injury,CJ is ok 🙏  Awww. I hope he gets rest. We needed him,6837264.0,neutral,0.0,0.638,0.362,0.6249
1omu3jn,1762120720.0,68742,0.98,67,🏥 Injury,"CJ is ok 🙏  My goat will only return stronger 🙏

Side note: I am worried on how this impacts Stroud’s confidence. The bad o line play already had him shook up. Hopefully he doesn’t lose his confidence to scramble now.",4580967.0,neutral,0.184,0.507,0.31,0.7717
1omu3jn,1762122207.0,16416,0.98,67,🏥 Injury,CJ is ok 🙏  His mom looks like an emotional wreck and I don't blame her. CJ was lying on the field unconcious for a while. 😢,1093962.0,negative,0.199,0.537,0.263,0.0093
1omu3jn,1762121418.0,15390,0.98,67,🏥 Injury,CJ is ok 🙏  Thank goodness,1025590.0,negative,0.0,0.206,0.794,0.7717
1omu3jn,1762120733.0,37962,0.98,67,🏥 Injury,CJ is ok 🙏  I love him sm man,2529788.0,neutral,0.0,0.439,0.561,0.7506
1omu3jn,1762121748.0,11286,0.98,67,🏥 Injury,CJ is ok 🙏  I’m so glad he’s alright,752099.0,neutral,0.0,0.392,0.608,0.7755
1omu3jn,1762120854.0,19494,0.98,67,🏥 Injury,CJ is ok 🙏  Rest up pookie this is your team and we love you,1299080.0,neutral,0.0,0.652,0.348,0.7506
1omu3jn,1762120793.0,16416,0.98,67,🏥 Injury,CJ is ok 🙏  Rest with all your might!,1093962.0,neutral,0.0,0.737,0.263,0.3595
1omu3jn,1762122612.0,5130,0.98,67,🏥 Injury,"CJ is ok 🙏  I've been watching CJ since his days at OSU. He really needs to work on his slides. Either that or just don't slide at all.


Hope he takes time and lets his noggin rest. Also that picture with his mom is wholesome af.",341863.0,negative,0.0,0.896,0.104,0.6249
1omu3jn,1762121752.0,16416,0.98,67,🏥 Injury,CJ is ok 🙏  Thank god because I cannot fathom watching Davis Mills again,1093962.0,negative,0.0,0.57,0.43,0.7003
1omu3jn,1762126597.0,5130,0.98,67,🏥 Injury,CJ is ok 🙏  If the tables were turned there would be outrage calling for penalties and fines.,341863.0,negative,0.161,0.732,0.107,-0.2732
1omu3jn,1762123273.0,4104,0.98,67,🏥 Injury,"CJ is ok 🙏  go ahead and sit him for a few weeks.  season is over, might as well protect his health long term and get some picks",273491.0,neutral,0.0,0.769,0.231,0.7096
1omu3jn,1762126718.0,2052,0.98,67,🏥 Injury,CJ is ok 🙏  Good. He took a scary hit there. Glad he’s well.,136745.0,neutral,0.157,0.343,0.5,0.7184
1omu3jn,1762179117.0,2052,0.98,67,🏥 Injury,"CJ is ok 🙏  This game should put to rest any fools out there claiming that Mills is somehow better than Stroud. Why anyone would believe that to begin with is beyond me, but can’t fix stupid. 

Rest in power CJ.",136745.0,neutral,0.145,0.778,0.077,-0.631
1omu3jn,1762127891.0,4104,0.98,67,🏥 Injury,CJ is ok 🙏  I don’t necessarily blame Denver or CJ. Just a shitty play. Glad he’s doing alright 🙏,273491.0,neutral,0.234,0.391,0.375,0.3818
1omu3jn,1762141475.0,2052,0.98,67,🏥 Injury,"CJ is ok 🙏  Concussion isn’t something to rush back from. I’d give him another week after being cleared. With CTE and seeing what Tua has gone through, I hope they are extra cautious.",136745.0,neutral,0.039,0.78,0.181,0.6249
1omu3jn,1762122445.0,2052,0.98,67,🏥 Injury,CJ is ok 🙏  He won't remember this photo.,136745.0,positive,0.0,0.761,0.239,0.296
1omu3jn,1762126908.0,1026,0.98,67,🏥 Injury,CJ is ok 🙏  We would’ve won with CJ in the game. I’m almost compelled to say extend him just for that reason alone.,68373.0,positive,0.108,0.627,0.265,0.6712
1omu3jn,1762125157.0,1026,0.98,67,🏥 Injury,CJ is ok 🙏  Get well CJ God bless,68373.0,positive,0.0,0.303,0.697,0.802
1omtvr7,1762120001.0,10286,0.95,73,💬Player/Coach Quote,Demeco Ryans on the late hit https://x.com/jonmalexander/status/1985100565366313442?s=46 I would love to see a comparison between the Azeez hit and the CJ hit. I just want to see if it looks different.,723106.0,neutral,0.0,0.825,0.175,0.6705
1omtvr7,1762120146.0,19043,0.95,73,💬Player/Coach Quote,Demeco Ryans on the late hit https://x.com/jonmalexander/status/1985100565366313442?s=46 If his name was Patrick Mahomes there would have been flags all over the field and it never would have been picked up,1338723.0,positive,0.0,1.0,0.0,0.0
1omtvr7,1762120157.0,4031,0.95,73,💬Player/Coach Quote,Demeco Ryans on the late hit https://x.com/jonmalexander/status/1985100565366313442?s=46 If that hit happened on Mahommes they would have nailed him to the cross,283379.0,neutral,0.0,1.0,0.0,0.0
1omtvr7,1762139420.0,1668,0.95,73,💬Player/Coach Quote,"Demeco Ryans on the late hit https://x.com/jonmalexander/status/1985100565366313442?s=46 It shouldn’t have been. The no call was good. 

It sucks it happened but the slide started after the defender committed to the hit, and there was no contact to the head or neck area. 

I hate that it happened, but it was a clean play.",117260.0,neutral,0.17,0.636,0.195,0.1655
1omtvr7,1762120119.0,1251,0.95,73,💬Player/Coach Quote,Demeco Ryans on the late hit https://x.com/jonmalexander/status/1985100565366313442?s=46 100% agree just do to the implications it has on our team alone. They risk a penalty (not given) and we lose our starting qb,87945.0,positive,0.256,0.679,0.065,-0.743
1omtvr7,1762139750.0,417,0.95,73,💬Player/Coach Quote,"Demeco Ryans on the late hit https://x.com/jonmalexander/status/1985100565366313442?s=46 Can’t say it was a dirty hit. However, I’ve never like Sean Payton since he was suspended an entire season for bounty gate, which was never about dirty or late hits. It was about taking opposing players out of the game. Interestingly seemed like Stroud had a concussion last time he played the broncos but never went into protocol until a hit the following week. Still clean hit and very unfortunate to see our QB go down",29315.0,neutral,0.146,0.778,0.077,-0.6597
1omtvr7,1762173247.0,417,0.95,73,💬Player/Coach Quote,Demeco Ryans on the late hit https://x.com/jonmalexander/status/1985100565366313442?s=46 In real time the hit didn’t look dirty but when u slow it down you can see the player aiming low on a qb who’s head is already beneath waist level,29315.0,neutral,0.119,0.881,0.0,-0.5574
1omtvr7,1762120470.0,1668,0.95,73,💬Player/Coach Quote,Demeco Ryans on the late hit https://x.com/jonmalexander/status/1985100565366313442?s=46 Of course it should have been a penalty! It was obvious CJ was sliding. Coming in that low and fast was criminal. Picking up the flag just added insult to injury. Azeez would have been arrested on field for that hit!,117260.0,neutral,0.308,0.692,0.0,-0.9537
1omtvr7,1762131259.0,278,0.95,73,💬Player/Coach Quote,Demeco Ryans on the late hit https://x.com/jonmalexander/status/1985100565366313442?s=46 Late slide but if this exact situation happened to Mahomes they woulda taken Azeez out back and shot him,19543.0,positive,0.0,1.0,0.0,0.0
1omtvr7,1762127321.0,278,0.95,73,💬Player/Coach Quote,"Demeco Ryans on the late hit https://x.com/jonmalexander/status/1985100565366313442?s=46 Sitting there listening to the announcers say well he was “hit in the chest, not the head”…..and I’m thinking, who gives a shit….he was still giving himself up!!!!, it was a penalty!

And BTW, Davis Mills is still shit.",19543.0,negative,0.149,0.765,0.086,-0.6449
1omtvr7,1762120016.0,556,0.95,73,💬Player/Coach Quote,"Demeco Ryans on the late hit https://x.com/jonmalexander/status/1985100565366313442?s=46 Has he talked about the “outside noise” yet, and how the media and fans have no idea what we’re talking about?",39087.0,neutral,0.087,0.913,0.0,-0.3736
1omtvr7,1762185070.0,139,0.95,73,💬Player/Coach Quote,Demeco Ryans on the late hit https://x.com/jonmalexander/status/1985100565366313442?s=46 I think a lot of yall are having a somewhat positive outlook on this bc CJ is “ok”. Now if he was out for the rest of the season or if this was a career ending hit. I am 100% sure yall would have a different response,9772.0,positive,0.0,0.891,0.109,0.6815
1omtvr7,1762193078.0,139,0.95,73,💬Player/Coach Quote,Demeco Ryans on the late hit https://x.com/jonmalexander/status/1985100565366313442?s=46 I think Demeco and most Texans fans will agree it’s not a dirty play we just want CONSISTENCY in how it’s flagged or not on the field.,9772.0,neutral,0.056,0.773,0.171,0.4888
1omtvr7,1762532484.0,139,0.95,73,💬Player/Coach Quote,Demeco Ryans on the late hit https://x.com/jonmalexander/status/1985100565366313442?s=46 [removed],9772.0,neutral,0.0,1.0,0.0,0.0
1omtvr7,1762138141.0,139,0.95,73,💬Player/Coach Quote,Demeco Ryans on the late hit https://x.com/jonmalexander/status/1985100565366313442?s=46 Fans need to take another look tomorrow after they sleep on it. Those hits aren’t the same at all.,9772.0,neutral,0.0,1.0,0.0,0.0
1omt9or,1762118631.0,145700,0.96,130,🤬 Rant/Complaint,Please fire this bum into the sun  People would rather blame a single missed FG. PLEASE IGNORE OUR REDZONE EFFICIENCY!,18323232.0,neutral,0.339,0.386,0.276,-0.2404
1omt9or,1762118699.0,62000,0.96,130,🤬 Rant/Complaint,Please fire this bum into the sun  Goal line play calling sucks. If something doesn’t work let’s do it again???,7797120.0,neutral,0.208,0.612,0.18,-0.1877
1omt9or,1762118588.0,47740,0.96,130,🤬 Rant/Complaint,Please fire this bum into the sun  Fire the GM that keeps hiring his Pats buddies too.,6003782.0,neutral,0.227,0.664,0.109,-0.3612
1omt9or,1762119444.0,8060,0.96,130,🤬 Rant/Complaint,"Please fire this bum into the sun  Here’s the reality unfortunately: nick caley isn’t getting fired during the season, this is a 6-7 win team, and a historic defensive season is gonna be wasted",1013626.0,positive,0.265,0.571,0.164,-0.6597
1omt9or,1762118715.0,29760,0.96,130,🤬 Rant/Complaint,Please fire this bum into the sun  I stand by my prediction. Texans win with CJ. Our goal-line play was terrible but we still win with CJ. Hate how the Broncos were basically gifted a win.,3742618.0,negative,0.173,0.51,0.317,0.81
1omt9or,1762118673.0,19220,0.96,130,🤬 Rant/Complaint,Please fire this bum into the sun  Please someone come defend him cuz no way in hell should you allow 18 points and lose the damn game,2417107.0,positive,0.364,0.474,0.162,-0.8442
1omt9or,1762118606.0,29140,0.96,130,🤬 Rant/Complaint,Please fire this bum into the sun  We would've won if Sean Peyton didn't start another bounty hunting.,3664646.0,positive,0.103,0.641,0.256,0.5574
1omt9or,1762119138.0,4340,0.96,130,🤬 Rant/Complaint,Please fire this bum into the sun  **CASERIO AND CALEY OUT**,545798.0,positive,0.175,0.657,0.168,-0.0258
1omt9or,1762118764.0,6200,0.96,130,🤬 Rant/Complaint,Please fire this bum into the sun  Caley needs to go. The red zone playing is domestic terrorism,779712.0,neutral,0.279,0.558,0.163,-0.5994
1omt9or,1762119771.0,3720,0.96,130,🤬 Rant/Complaint,"Please fire this bum into the sun  The Texans need to begin a full court press to hire Mike McDaniel as OC as soon as possible, and possibly early and illegally begin talks, if they can get away with it.

Caley is only a modest improvement over Slowik in some areas, and a reduction in quality in others. His hiring is a failed experiment. 

IMO DeMeco has built such a vicious defense that he deserves another shot as HC next season and the team needs to acquire the best OC they can so that we can see what we can do.",467827.0,positive,0.076,0.823,0.102,0.4215
1omt9or,1762118762.0,9920,0.96,130,🤬 Rant/Complaint,"Please fire this bum into the sun  I won’t blame him for anything after Mills came into the game, but those two 1st and goal from the 1 yard line sequences was absolutely horrendous. I’m at a loss for words for some of this play calling.",1247539.0,positive,0.221,0.682,0.097,-0.7727
1omt9or,1762118817.0,3720,0.96,130,🤬 Rant/Complaint,Please fire this bum into the sun  I'm so done watching this team man. It's complete incompetence and a disservice to your fans to ignore a clearly struggling offense all offseason. The lack of effort from the front office and coaching is a slap in the face to all Texan fans and anyone that has given the Texans organization a DIME of their money.,467827.0,positive,0.21,0.7,0.091,-0.8271
1omt9or,1762119015.0,2480,0.96,130,🤬 Rant/Complaint,Please fire this bum into the sun  The goal like issues are so fucking embarrassing.,311885.0,neutral,0.261,0.515,0.225,-0.1953
1omt9or,1762118942.0,3100,0.96,130,🤬 Rant/Complaint,Please fire this bum into the sun  He's the worst offensive coordinator I've ever seen in 30 years of watching football,389856.0,positive,0.33,0.59,0.08,-0.802
1omt9or,1762118723.0,1240,0.96,130,🤬 Rant/Complaint,Please fire this bum into the sun  Missed so badly letting Kliff out the door during Cap's initial hiring round ,155942.0,neutral,0.319,0.595,0.086,-0.7424
1omt9or,1762119144.0,1240,0.96,130,🤬 Rant/Complaint,Please fire this bum into the sun  I thought we would play for OT. Our defense checked out and did you see how many field goal linemen just stood up at the end? We had a blocked field goal but we didn't finish with any effort,155942.0,positive,0.069,0.832,0.098,0.09
1omt9or,1762118769.0,1240,0.96,130,🤬 Rant/Complaint,Please fire this bum into the sun  Hire a seasoned play caller with some balls.  Please!,155942.0,neutral,0.116,0.532,0.352,0.5983
1omt9or,1762119463.0,620,0.96,130,🤬 Rant/Complaint,Please fire this bum into the sun  Listen I’m not of fan of Caleb in the slightest but too act like today was completely on him after CJ went down just doesn’t make a lot of sense.,77971.0,neutral,0.079,0.798,0.122,0.4057
1omt9or,1762119581.0,620,0.96,130,🤬 Rant/Complaint,Please fire this bum into the sun  Is Mike McDudeBro available yet?,77971.0,neutral,0.163,0.68,0.156,-0.0258
1omt9or,1762119635.0,620,0.96,130,🤬 Rant/Complaint,"Please fire this bum into the sun  Offensive line coach absolutely needs to go, I think the OC should definitely be in the conversation to go as well, have the dolphins fired their coach yet? He might suck as a HC but I believe he was a decent coordinator and I don’t want anymore first year guys. 

I think if Caserio isn’t out it needs to be on the understanding that he either gets that line working or he’s done. I don’t want to see us sign some flashy receiver, runningback, secondary player or D line, outside of MAYBE DT. I want all efforts to be on the o line.",77971.0,neutral,0.074,0.838,0.088,-0.1406
1ompkow,1762109884.0,44681,0.98,72,🥤 Kool-Aid,"Necks Man Up  Not DM's fault, but the Red Zone play calling is weak AF.",3196479.0,neutral,0.187,0.583,0.23,-0.0312
1ompkow,1762111990.0,11293,0.98,72,🥤 Kool-Aid,Necks Man Up  https://preview.redd.it/ui54qm0nbwyf1.jpeg?width=619&format=pjpg&auto=webp&s=db8a35ac6a91757e70eb8398a211c6eb3691aee4,807901.0,positive,0.0,1.0,0.0,0.0
1ompkow,1762111394.0,7365,0.98,72,🥤 Kool-Aid,Necks Man Up  I'm not into neckrophilia,526892.0,neutral,0.0,1.0,0.0,0.0
1ompkow,1762109951.0,6383,0.98,72,🥤 Kool-Aid,Necks Man Up  What happened to Stroud?,456640.0,neutral,0.0,1.0,0.0,0.0
1ompkow,1762116762.0,1964,0.98,72,🥤 Kool-Aid,Necks Man Up  Title alone should be top post of the season,140505.0,negative,0.145,0.725,0.13,-0.0516
1ompkow,1762119008.0,1473,0.98,72,🥤 Kool-Aid,Necks Man Up  That 3 and out at the end for us was rough,105378.0,positive,0.0,1.0,0.0,0.0
1ompkow,1762120225.0,1473,0.98,72,🥤 Kool-Aid,"Necks Man Up  God, this season needs to fucking end! I'm done with this current campaign.",105378.0,positive,0.0,0.862,0.138,0.3382
1ompkow,1762120252.0,1473,0.98,72,🥤 Kool-Aid,Necks Man Up  The TEXANS showed their true selves... How CJ fell limp should have sent this team into a brawl... But... Nothing!,105378.0,positive,0.0,0.872,0.128,0.4753
1ompkow,1762141096.0,982,0.98,72,🥤 Kool-Aid,Necks Man Up  https://preview.redd.it/u9qsvw46qyyf1.png?width=1536&format=png&auto=webp&s=26a9b21810bb939f1e732991d8b4725035a675bc,70252.0,positive,0.0,1.0,0.0,0.0
1ompkow,1762113089.0,491,0.98,72,🥤 Kool-Aid,Necks Man Up  I see what you did there.,35126.0,positive,0.0,1.0,0.0,0.0
1ompkow,1762114332.0,491,0.98,72,🥤 Kool-Aid,"Necks Man Up  Texans, the long way",35126.0,positive,0.0,1.0,0.0,0.0
1ompkow,1762116827.0,491,0.98,72,🥤 Kool-Aid,Necks Man Up  😂,35126.0,positive,0.0,1.0,0.0,0.0
1ompkow,1762150781.0,491,0.98,72,🥤 Kool-Aid,Necks Man Up  Why did he look uncomfortable?,35126.0,negative,0.271,0.729,0.0,-0.3818
1ompftq,1762110947.0,678,0.97,3,📹 Highlight,CALEN BULLOCK WITH THE PICK. Fuck the Broncos Was Lassiter trying to tell him to score or celebrate?? 😂 The dude is standing out of bounds so I hope it was to celebrate.,2631.0,positive,0.083,0.643,0.274,0.8402
1ompftq,1762114891.0,226,0.97,3,📹 Highlight,"CALEN BULLOCK WITH THE PICK. Fuck the Broncos It’s not safe for a QB out there.

Throw it Stingley, Locksmith or bullock",877.0,positive,0.237,0.763,0.0,-0.7101
1omoq7q,1762108432.0,1417,0.98,3,📹 Highlight,"Denico Autry BLOCKS the kick, score remains tied  Defense and special teams showing up again 👀",5555.0,negative,0.14,0.637,0.223,0.1449
1omoq7q,1762109132.0,654,0.98,3,📹 Highlight,"Denico Autry BLOCKS the kick, score remains tied  Stroud got hit while attempting to slide, he was down last I seen and mills was up",2564.0,positive,0.103,0.897,0.0,-0.3885
1omoq7q,1762117310.0,109,0.98,3,📹 Highlight,"Denico Autry BLOCKS the kick, score remains tied  Imagine if we had an offense to go with our defense and special teams.  Really just an offensive line away from superbowl champs.",427.0,positive,0.198,0.627,0.175,-0.2256
1olxyik,1762029328.0,1416,1.0,16,🥤 Kool-Aid,Just got a new jersey!  hutch lwk been stepping it up this year 👀,24072.0,neutral,0.0,1.0,0.0,0.0
1olxyik,1762028779.0,826,1.0,16,🥤 Kool-Aid,Just got a new jersey!  Was there a deal?,14042.0,neutral,0.0,1.0,0.0,0.0
1olxyik,1762028870.0,472,1.0,16,🥤 Kool-Aid,"Just got a new jersey!  After the way Nick Caserio talked about him on Texans All Access this week, I’d say this was a solid longterm choice!",8024.0,negative,0.0,0.917,0.083,0.2924
1olxyik,1762029202.0,590,1.0,16,🥤 Kool-Aid,Just got a new jersey!  Our new jerseys really are black. I miss the dark navy blue 😭,10030.0,positive,0.133,0.867,0.0,-0.2859
1olxyik,1762028847.0,118,1.0,16,🥤 Kool-Aid,Just got a new jersey!  Does it fit as expected ?,2006.0,negative,0.0,0.741,0.259,0.4199
1olxyik,1762029820.0,118,1.0,16,🥤 Kool-Aid,Just got a new jersey!  Is this a custom jersey?,2006.0,neutral,0.0,1.0,0.0,0.0
1olxyik,1762030803.0,118,1.0,16,🥤 Kool-Aid,Just got a new jersey!  Love the black look. Nice pick up,2006.0,negative,0.0,0.552,0.448,0.807
1olxyik,1762039325.0,118,1.0,16,🥤 Kool-Aid,Just got a new jersey!  love the htown jersey the alts look ugly tho,2006.0,neutral,0.176,0.585,0.239,0.2942
1olxyik,1762047655.0,118,1.0,16,🥤 Kool-Aid,Just got a new jersey!  I hope he keeps growing into a wr 2 type of player,2006.0,positive,0.0,0.692,0.308,0.5983
1ol0ba3,1761932141.0,5177,1.0,17,📹 Highlight,A little later than I wanted but here is our call from Kamari Lassiter’s INT vs SF with how it looked on TV. Thanks for listening and checking these out!  Legendary voice. Thanks for all the years and to all the future years!,93186.0,neutral,0.0,0.825,0.175,0.8513
1ol0ba3,1761952085.0,334,1.0,17,📹 Highlight,A little later than I wanted but here is our call from Kamari Lassiter’s INT vs SF with how it looked on TV. Thanks for listening and checking these out!  Does he use binoculars the whole game??,6012.0,positive,0.0,0.883,0.117,0.6707
1ol0ba3,1761942967.0,167,1.0,17,📹 Highlight,A little later than I wanted but here is our call from Kamari Lassiter’s INT vs SF with how it looked on TV. Thanks for listening and checking these out!  How do you find this footage?,3006.0,positive,0.0,0.888,0.112,0.63
1oky48g,1761925921.0,26299,1.0,17,🏥 Injury,Woody also returns https://x.com/aaronwilson_nfl/status/1984285675601195382?s=46 ![gif](giphy|MjOCFaruHVurm),473382.0,neutral,0.0,1.0,0.0,0.0
1oky48g,1761927475.0,11271,1.0,17,🏥 Injury,Woody also returns https://x.com/aaronwilson_nfl/status/1984285675601195382?s=46 We're going to need every weapon at our disposal to win this game.,202878.0,neutral,0.105,0.714,0.181,0.3818
1oky48g,1761926378.0,7225,1.0,17,🏥 Injury,Woody also returns https://x.com/aaronwilson_nfl/status/1984285675601195382?s=46 ![gif](giphy|QvgLi5MlM8eAH8G4l7),130050.0,neutral,0.0,1.0,0.0,0.0
1oky48g,1761926635.0,4335,1.0,17,🏥 Injury,"Woody also returns https://x.com/aaronwilson_nfl/status/1984285675601195382?s=46 Phew

![gif](giphy|AL10PPC3eZhxC)",78030.0,neutral,0.0,1.0,0.0,0.0
1oky48g,1761927867.0,4046,1.0,17,🏥 Injury,Woody also returns https://x.com/aaronwilson_nfl/status/1984285675601195382?s=46 https://preview.redd.it/18xvlwa54hyf1.jpeg?width=1170&format=pjpg&auto=webp&s=1c31d9c2f5a884b2a228b00069a869d3409a3928,72828.0,neutral,0.0,1.0,0.0,0.0
1oky48g,1761930105.0,3179,1.0,17,🏥 Injury,Woody also returns https://x.com/aaronwilson_nfl/status/1984285675601195382?s=46 ![gif](giphy|l0Iy69RBwtdmvwkIo|downsized),57222.0,positive,0.0,1.0,0.0,0.0
1oky48g,1761928864.0,2023,1.0,17,🏥 Injury,Woody also returns https://x.com/aaronwilson_nfl/status/1984285675601195382?s=46 ![gif](giphy|HhWpLFOMqNTgI),36414.0,positive,0.0,1.0,0.0,0.0
1oky48g,1761930412.0,2023,1.0,17,🏥 Injury,Woody also returns https://x.com/aaronwilson_nfl/status/1984285675601195382?s=46 Marksists rejoice,36414.0,positive,0.0,0.633,0.367,0.4404
1oky48g,1761931269.0,1445,1.0,17,🏥 Injury,Woody also returns https://x.com/aaronwilson_nfl/status/1984285675601195382?s=46 Every time he makes a big play it jumpstarts our offense. Need him out there,26010.0,positive,0.098,0.784,0.118,0.1027
1oky48g,1761928908.0,1156,1.0,17,🏥 Injury,Woody also returns https://x.com/aaronwilson_nfl/status/1984285675601195382?s=46 Oh thank god without him my fantasy lineup is screwed,20808.0,positive,0.17,0.585,0.245,0.1027
1oky48g,1761930873.0,867,1.0,17,🏥 Injury,Woody also returns https://x.com/aaronwilson_nfl/status/1984285675601195382?s=46 thank godness i love woodys,15606.0,positive,0.0,0.472,0.528,0.7717
1oky48g,1761934614.0,867,1.0,17,🏥 Injury,"Woody also returns https://x.com/aaronwilson_nfl/status/1984285675601195382?s=46 Thank God, not saying I dont have faith in Chubb but having Woody is key to winning this game",15606.0,positive,0.06,0.653,0.287,0.7379
1oky48g,1761933265.0,578,1.0,17,🏥 Injury,Woody also returns https://x.com/aaronwilson_nfl/status/1984285675601195382?s=46 Wooooodyyyy!!!!!!,10404.0,neutral,0.0,1.0,0.0,0.0
1oky48g,1761953046.0,578,1.0,17,🏥 Injury,Woody also returns https://x.com/aaronwilson_nfl/status/1984285675601195382?s=46 Broncos are about to take this Woody Chubb,10404.0,neutral,0.0,1.0,0.0,0.0
1okb4tx,1761857279.0,9387,0.98,38,🥤 Kool-Aid,"While he has not been perfect it looks like we might have finally not drafted a bust Let hope I didnt speak too soon I really wanted booker and then the cowboys reached for him and then I knew for a fact he was gonna be good. 

Ersery has surprised me , seems pretty good.",358771.0,neutral,0.049,0.665,0.287,0.9136
1okb4tx,1761857537.0,4619,0.98,38,🥤 Kool-Aid,"While he has not been perfect it looks like we might have finally not drafted a bust Let hope I didnt speak too soon He seems to be getting better, which is all you can ask for for a rookie.",176538.0,neutral,0.068,0.745,0.187,0.6488
1okb4tx,1761859380.0,1788,0.98,38,🥤 Kool-Aid,"While he has not been perfect it looks like we might have finally not drafted a bust Let hope I didnt speak too soon It’s a misleading stat, but he’s looked like he could develop into a good lineman",68337.0,neutral,0.088,0.664,0.247,0.7876
1okb4tx,1761857453.0,5066,0.98,38,🥤 Kool-Aid,While he has not been perfect it looks like we might have finally not drafted a bust Let hope I didnt speak too soon Those stats are usually misleading and unreliable.,193623.0,neutral,0.158,0.693,0.15,-0.0767
1okb4tx,1761858736.0,1192,0.98,38,🥤 Kool-Aid,While he has not been perfect it looks like we might have finally not drafted a bust Let hope I didnt speak too soon He was also top ranked in this stat after the Seahawks game lmao,45558.0,positive,0.068,0.68,0.252,0.7965
1okb4tx,1761857589.0,1192,0.98,38,🥤 Kool-Aid,While he has not been perfect it looks like we might have finally not drafted a bust Let hope I didnt speak too soon Why you gotta put that juju into the universe?,45558.0,neutral,0.082,0.769,0.148,0.3404
1okb4tx,1761857796.0,447,0.98,38,🥤 Kool-Aid,While he has not been perfect it looks like we might have finally not drafted a bust Let hope I didnt speak too soon Connor  colby is who I wanted them to draft at guard in later rounds I just knew he’d be  a stud next level,17084.0,neutral,0.063,0.823,0.114,0.3404
1okb4tx,1761859604.0,447,0.98,38,🥤 Kool-Aid,While he has not been perfect it looks like we might have finally not drafted a bust Let hope I didnt speak too soon We played more snaps with Blake Fisher in as an extra lineman. Pretty sure that helps the PFF grading.,17084.0,neutral,0.057,0.643,0.301,0.8979
1okb4tx,1761862119.0,447,0.98,38,🥤 Kool-Aid,"While he has not been perfect it looks like we might have finally not drafted a bust Let hope I didnt speak too soon This stat is like the number one cope stat lol, he’s not been good this year that’s the truth but I won’t lose hope at all considering rookie tackles are the most known position to make year 2 jumps",17084.0,neutral,0.103,0.697,0.199,0.5787
1okb4tx,1761863347.0,447,0.98,38,🥤 Kool-Aid,"While he has not been perfect it looks like we might have finally not drafted a bust Let hope I didnt speak too soon If he shows up this week we can say he’s been good. Remember, Hines-Allen ate Ersery’s lunch week 3 and then he had his struggles against a good Seattle front. Denver is another measuring stick game",17084.0,neutral,0.082,0.75,0.168,0.691
1okb4tx,1761859550.0,298,0.98,38,🥤 Kool-Aid,While he has not been perfect it looks like we might have finally not drafted a bust Let hope I didnt speak too soon He is certainly a better pick than fisher,11390.0,neutral,0.08,0.637,0.284,0.7719
1okb4tx,1761867570.0,298,0.98,38,🥤 Kool-Aid,"While he has not been perfect it looks like we might have finally not drafted a bust Let hope I didnt speak too soon Between Ersery (LT), Ingram (RG), and Howard (RT) we have some set pieces. 

Draft one of LG or C. And hopefully Jake Andrews can stay healthy",11390.0,neutral,0.053,0.757,0.19,0.7784
1okb4tx,1761880237.0,298,0.98,38,🥤 Kool-Aid,"While he has not been perfect it looks like we might have finally not drafted a bust Let hope I didnt speak too soon You wont know for a few years, but it's nice to see him showing improvement week to week.",11390.0,negative,0.042,0.717,0.241,0.8556
1okb4tx,1761857477.0,447,0.98,38,🥤 Kool-Aid,"While he has not been perfect it looks like we might have finally not drafted a bust Let hope I didnt speak too soon he hasn't sucked, has played fine for a rookie

but one week means just about nothing. he's had a few in the bottom 5 as well",17084.0,positive,0.069,0.745,0.186,0.6089
1okb4tx,1761929448.0,149,0.98,38,🥤 Kool-Aid,While he has not been perfect it looks like we might have finally not drafted a bust Let hope I didnt speak too soon I mean week 8 was against poor pass rushers but still good to see him do good against them than bad,5695.0,neutral,0.162,0.627,0.21,0.382
1okb4tx,1761932536.0,149,0.98,38,🥤 Kool-Aid,"While he has not been perfect it looks like we might have finally not drafted a bust Let hope I didnt speak too soon It's easy when everyone around you is shit, that makes you look better",5695.0,neutral,0.141,0.62,0.239,0.5577
1ok6jo6,1761854161.0,1243,0.99,5,🥤 Kool-Aid,Houston Texans Week 9 Matchup Doodle (Halloween Edition)  I love these. Every week Reddit makes me smile exactly one time.,7383.0,neutral,0.0,0.705,0.295,0.7717
1ok6jo6,1761848851.0,1356,0.99,5,🥤 Kool-Aid,Houston Texans Week 9 Matchup Doodle (Halloween Edition)  these always look so adorable!,8055.0,positive,0.0,0.714,0.286,0.6606
1ok6jo6,1761872212.0,226,0.99,5,🥤 Kool-Aid,Houston Texans Week 9 Matchup Doodle (Halloween Edition)  I love these,1342.0,neutral,0.0,0.656,0.344,0.6369
1ok6jo6,1761883152.0,226,0.99,5,🥤 Kool-Aid,"Houston Texans Week 9 Matchup Doodle (Halloween Edition)  Nicely done with the sweater, lol",1342.0,negative,0.0,0.659,0.341,0.6908
1ok6jo6,1762018706.0,226,0.99,5,🥤 Kool-Aid,Houston Texans Week 9 Matchup Doodle (Halloween Edition)  Perfect,1342.0,positive,0.0,0.654,0.346,0.5719
1oj8gz1,1761755291.0,7992,0.99,32,📹 Highlight,"“This is Danielle Hunter, and this is Will Anderson. They need to win, they’re at home, it’s Texas.” These two monsters are the reason why I think our chance to win against Denver is higher than it should be. Great commentary by Baldy lol putting a WR on “pass blocking Danielle Hunter” duty was certainly a choice the 49’ers made",261099.0,positive,0.036,0.699,0.264,0.946
1oj8gz1,1761757441.0,888,0.99,32,📹 Highlight,"“This is Danielle Hunter, and this is Will Anderson. They need to win, they’re at home, it’s Texas.” These two monsters are the reason why I think our chance to win against Denver is higher than it should be. Great commentary by Baldy The pressure from the ends and the middle will help create a couple of turnovers from Denver. Nix is still learning about the NFL. The Titans stayed with them until the middle of the fourth quarter. Who knows what offense the Texans will run out there but if Nico and Kirk are back, it should be interesting.",29011.0,positive,0.029,0.825,0.146,0.8934
1oj8gz1,1761754099.0,3256,0.99,32,📹 Highlight,"“This is Danielle Hunter, and this is Will Anderson. They need to win, they’re at home, it’s Texas.” These two monsters are the reason why I think our chance to win against Denver is higher than it should be. Great commentary by Baldy The Seahawks game proved no matter how good we are defensively, they can’t bail out a garbage offense. Broncos have arguably the best front 7 in all of football, even better than the Seahawks. Our offense won’t be able to move the ball at all.",106374.0,positive,0.092,0.675,0.233,0.9517
1oj8gz1,1761765201.0,592,0.99,32,📹 Highlight,"“This is Danielle Hunter, and this is Will Anderson. They need to win, they’re at home, it’s Texas.” These two monsters are the reason why I think our chance to win against Denver is higher than it should be. Great commentary by Baldy We have to be leading the league in near sacks. Swear these QBs get it away at the very last second a ton.",19341.0,positive,0.016,0.798,0.185,0.926
1oj8gz1,1761755197.0,444,0.99,32,📹 Highlight,"“This is Danielle Hunter, and this is Will Anderson. They need to win, they’re at home, it’s Texas.” These two monsters are the reason why I think our chance to win against Denver is higher than it should be. Great commentary by Baldy It's already been said but our defense isn't the problem or the solution. 

This team has yet to prove itself against a good defense. Our offense at best as shown flashes of what it could be against good defenses, but it has yet to actually do anything to give faith. 

I said it in another post but this team both last year and this year feels a lot like the years where our offense kept our defense on the field a lot and our defense won us games, and also would be so tired they would end up giving up more points than they should have. We would normally beat but sometimes struggle against teams worse than us, weren't built to play from behind, and prayed every week that our offense would be able to do more but never did.",14505.0,positive,0.098,0.672,0.23,0.98
1oj8gz1,1761776130.0,148,0.99,32,📹 Highlight,"“This is Danielle Hunter, and this is Will Anderson. They need to win, they’re at home, it’s Texas.” These two monsters are the reason why I think our chance to win against Denver is higher than it should be. Great commentary by Baldy Nobody gave as much of a chance against San Francisco neither did they and you see what happened there the same thing is going to happen to Denver this Sunday",4835.0,neutral,0.0,0.808,0.192,0.9403
1oj8gz1,1761825669.0,148,0.99,32,📹 Highlight,"“This is Danielle Hunter, and this is Will Anderson. They need to win, they’re at home, it’s Texas.” These two monsters are the reason why I think our chance to win against Denver is higher than it should be. Great commentary by Baldy Baldy is the best!",4835.0,neutral,0.0,0.693,0.307,0.9595
1oj8gz1,1761829544.0,148,0.99,32,📹 Highlight,"“This is Danielle Hunter, and this is Will Anderson. They need to win, they’re at home, it’s Texas.” These two monsters are the reason why I think our chance to win against Denver is higher than it should be. Great commentary by Baldy Our offense will have to step up or the defense will have to score tds themselves. Until we prove it against a real defense we just don’t have it.",4835.0,neutral,0.024,0.771,0.204,0.9287
1oj2pg1,1761752425.0,1980,0.97,32,🗞 News,"We WILL beat Denver …..I will be at the game !  On any given Sunday...Denver is good young team with a great HC and young QB. Stout defense, probably the best in the NFL. But when I look at their record, they have 1 quality win and that's at Philly. 1 Point victory over the Giants and 2 points over the Jets. (We do not have any) - But if we play close to what we did on offense last week, I would say we have a good chance of winning. Kool-Aid? Guilty as charged....I'm a fan...",63380.0,positive,0.056,0.679,0.265,0.9684
1oj2pg1,1761752792.0,1980,0.97,32,🗞 News,"We WILL beat Denver …..I will be at the game !  We will win, it has been spoken.

I believe.

Any word on Nico?",63380.0,neutral,0.0,0.837,0.163,0.6239
1oj2pg1,1761747038.0,1650,0.97,32,🗞 News,We WILL beat Denver …..I will be at the game !  Need the oline to be consistent. Looked better in the win,52816.0,neutral,0.0,0.731,0.269,0.7901
1oj2pg1,1761743391.0,3135,0.97,32,🗞 News,"We WILL beat Denver …..I will be at the game !  I am picking them to lose. The O Line against good DL's has proven to be a disaster this year. If they can win though... oh boy. Watch out. 

I need Stroud to play exactly as he did against the 49'ers. Same style of going through reads and getting that ball out. If he can do that, then I will feel he has turned the proverbial corner when up against pressure and understands the play style he needs to have. 

Hoping for a win, but I do not expect it.",100351.0,positive,0.059,0.821,0.121,0.6533
1oj2pg1,1761747228.0,1485,0.97,32,🗞 News,We WILL beat Denver …..I will be at the game !  Denver has had plenty of offensive struggles against defenses a lot worse than ours. I think if we stick to the 6OL look we should win this game. Texans 24-13,47535.0,neutral,0.188,0.696,0.116,-0.5255
1oj2pg1,1761746014.0,825,0.97,32,🗞 News,We WILL beat Denver …..I will be at the game !  Same!,26408.0,neutral,0.0,1.0,0.0,0.0
1oj2pg1,1761752354.0,495,0.97,32,🗞 News,"We WILL beat Denver …..I will be at the game !  We match up really poorly against them. Not saying we can’t win, but it will be tough",15845.0,positive,0.059,0.849,0.091,0.2363
1oj2pg1,1761750619.0,330,0.97,32,🗞 News,"We WILL beat Denver …..I will be at the game !  Enjoy the game, try to enjoy regardless of outcome. 

I regret not trying to tailgate the last time I went.",10563.0,positive,0.081,0.725,0.194,0.5983
1oj2pg1,1761759088.0,330,0.97,32,🗞 News,"We WILL beat Denver …..I will be at the game !  Random thought - I hate it doesn't feel like we have a homefield advantage. The 49ers contingency seemed a lot louder than Texans fans (at least on TV). Denver also has a large following and can imagine that they will show up in droves. I wish people would stop buying season tickets as a side hustle to make money. Contrarily, it seems that happens in a lot of places. The Packers fans were LOUD in Pittsburgh Sunday night. Very surprised by that.",10563.0,neutral,0.089,0.837,0.074,-0.3419
1oj2pg1,1761760841.0,330,0.97,32,🗞 News,"We WILL beat Denver …..I will be at the game !  With us being favored and basically all of the money being bet on Denver. I absolutely love our chances of winning. 

Obviously that doesn’t guarantee anything but Vegas wasn’t built by giving money away.",10563.0,positive,0.0,0.736,0.264,0.8826
1oj2pg1,1761747290.0,165,0.97,32,🗞 News,We WILL beat Denver …..I will be at the game !  I genuinely have no clue why anyone would seriously think we’ll win this game with Denver’s dline. We’ve proven our offense simply can’t operate while the Oline is dominated and every game CJ has played well is when he has time (shocking) which I think we all know deep down he won’t have Sunday ,5282.0,neutral,0.084,0.794,0.122,0.5707
1oj2pg1,1761766785.0,165,0.97,32,🗞 News,We WILL beat Denver …..I will be at the game !  Xavier Clutchinson 🤘,5282.0,positive,0.0,1.0,0.0,0.0
1oj2pg1,1761772428.0,165,0.97,32,🗞 News,"We WILL beat Denver …..I will be at the game !  Last time I went to a Texans-Broncos game, Bill O’Brien ended up cussing out the home fans…",5282.0,positive,0.0,1.0,0.0,0.0
1oj2pg1,1761779053.0,165,0.97,32,🗞 News,We WILL beat Denver …..I will be at the game !  So will I… maybe,5282.0,positive,0.0,1.0,0.0,0.0
1oj2pg1,1761783700.0,165,0.97,32,🗞 News,"We WILL beat Denver …..I will be at the game !  I’ll be in 108 cheering at the top of my lungs. Yes, Denver has a good D line and our O line is… our O line who knows how they’ll handle it. But, doing the new rotational substituting may help here. 

But Denver hasn’t played a D as good as ours. And they’re playing without Surtain. 

This is a well balanced matchup and the win is up for grabs. 

Yeah but H’s up we are gonna win.",5282.0,positive,0.0,0.653,0.347,0.9874
1oj2pg1,1761808913.0,165,0.97,32,🗞 News,We WILL beat Denver …..I will be at the game !  This will be the Texans’ toughest defense they will face imo. This Sunday will be very telling about the effectiveness of the offense and will really set the tone for the rest of the season.,5282.0,neutral,0.076,0.892,0.032,-0.2714
1oj2pg1,1761842300.0,165,0.97,32,🗞 News,We WILL beat Denver …..I will be at the game !  Be LOUD! every down! Make everyone around you be loud every down! Whats the point of home field advantage if we dont use it!?,5282.0,positive,0.0,0.912,0.088,0.4885
1oj2pg1,1761947165.0,165,0.97,32,🗞 News,"We WILL beat Denver …..I will be at the game !  I’ll be at the game with two friends, we are coming in from Mexico, so they better win",5282.0,neutral,0.0,0.702,0.298,0.8918
1oj2pg1,1761750000.0,165,0.97,32,🗞 News,We WILL beat Denver …..I will be at the game !  Denver is winning 14-6 or something like that,5282.0,neutral,0.0,0.721,0.279,0.7345
1oiovyg,1761694002.0,5664,0.96,19,🥤 Kool-Aid,"When we win vs the Broncos, I'll be hitting one of these.  You're gonna hit Pitre? OP has some balls",108749.0,neutral,0.0,0.833,0.167,0.5859
1oiovyg,1761698057.0,2655,0.96,19,🥤 Kool-Aid,"When we win vs the Broncos, I'll be hitting one of these.  https://preview.redd.it/6e7gb5ps4yxf1.jpeg?width=1280&format=pjpg&auto=webp&s=892cddbcecf6c3529f4d39ccdc5abb2d5f694315

I’ll hit one of these",50976.0,neutral,0.0,0.817,0.183,0.5859
1oiovyg,1761694421.0,3717,0.96,19,🥤 Kool-Aid,"When we win vs the Broncos, I'll be hitting one of these.  Hope we show out this Sunday. It’s embarrassing when opposing fans take over our stadium.",71366.0,neutral,0.078,0.721,0.201,0.6249
1oiovyg,1761697965.0,1062,0.96,19,🥤 Kool-Aid,"When we win vs the Broncos, I'll be hitting one of these.  But will someone look at you with shock and concern like Azez is doing?",20390.0,neutral,0.106,0.718,0.176,0.3071
1oiovyg,1761699732.0,1416,0.96,19,🥤 Kool-Aid,"When we win vs the Broncos, I'll be hitting one of these.  This isn’t even his final form….

https://preview.redd.it/vy2zi3nr9yxf1.jpeg?width=1023&format=pjpg&auto=webp&s=a082d5609f68cf870baf7842b8a534e826707409",27187.0,neutral,0.0,0.826,0.174,0.5859
1oidx0f,1761670217.0,6116,0.96,11,🥤 Kool-Aid,Dan Orlovsky gives CJ his flowers over his performance vs the Niners  I just have to see one game like that against a good healthy defense and I'm sold on this team for the rest of the season. Guess we'll see on Sunday.,70456.0,neutral,0.0,0.794,0.206,0.8225
1oidx0f,1761670115.0,2085,0.96,11,🥤 Kool-Aid,Dan Orlovsky gives CJ his flowers over his performance vs the Niners  After the Seattle game I’m actually starting to like Dan Orlovsky.,24019.0,positive,0.0,0.898,0.102,0.3612
1oidx0f,1761689565.0,556,0.96,11,🥤 Kool-Aid,"Dan Orlovsky gives CJ his flowers over his performance vs the Niners  The amount of positive takes on CJ, WITH good info to back em up is refreshing. This sub would have you believing that we are the Browns, Meco is the Antichrist, and Nick is a Patriot spy that has infiltrated the Texans to implode it from the inside.",6405.0,positive,0.0,0.898,0.102,0.7579
1oic1hq,1761665259.0,3150,0.99,12,📹 Highlight,Here is how it looked calling the Jayden Higgins TD from the Texans Radio booth on Sunday. Thanks for listening!  Rock-N-Roll!!!,40540.0,positive,0.0,0.831,0.169,0.6209
1oic1hq,1761665513.0,2394,0.99,12,📹 Highlight,Here is how it looked calling the Jayden Higgins TD from the Texans Radio booth on Sunday. Thanks for listening!  I love these.,30811.0,negative,0.0,0.73,0.27,0.8122
1oic1hq,1761676555.0,756,0.99,12,📹 Highlight,"Here is how it looked calling the Jayden Higgins TD from the Texans Radio booth on Sunday. Thanks for listening!  Last weekend College Station decided not to show the Texans game locally for the first time since I've been at A&M. Don't know what I would've done without y'all, thank you guys so much for having an amazing radio broadcast!!!",9730.0,positive,0.032,0.849,0.119,0.7755
1oic1hq,1761665117.0,1134,0.99,12,📹 Highlight,Here is how it looked calling the Jayden Higgins TD from the Texans Radio booth on Sunday. Thanks for listening!  They still use bino’s?! Give those people some damn monitors. Amazing that they do such a great job.,14595.0,positive,0.057,0.701,0.242,0.8652
1ohtsdh,1761608228.0,808,0.99,3,🥤 Kool-Aid,POV you caught a pass in the backfield against this defense Where he going ggs for you!!,3200.0,positive,0.0,0.872,0.128,0.298
1ohtsdh,1761614157.0,606,0.99,3,🥤 Kool-Aid,POV you caught a pass in the backfield against this defense Where he going Wakes up 2 days later…what happened?,2400.0,positive,0.0,0.913,0.087,0.1593
1ohtsdh,1761671291.0,404,0.99,3,🥤 Kool-Aid,"POV you caught a pass in the backfield against this defense Where he going Our defense is a wrecking ball. 

  
But also, why say POV in your post? It doesn't add anything to it other than being incorrect usage of the term.",1600.0,positive,0.0,0.935,0.065,0.1593
1ohtq1y,1761607348.0,17222,0.97,64,🗞 News,"PS2 is out for our game  CJ just got an extra .1 seconds to make a read.  He better use that time wisely.  

In all seriousness, I'm excited to see how CJ makes adjustments at home.  My expectations are zero but his comfort in the system is important for future success.",1085847.0,positive,0.018,0.715,0.267,0.9319
1ohtq1y,1761607089.0,23108,0.97,64,🗞 News,PS2 is out for our game  I genuinely hope he's back to 100% in 2 weeks. 🙏,1456959.0,positive,0.0,0.818,0.182,0.4404
1ohtq1y,1761607566.0,24634,0.97,64,🗞 News,"PS2 is out for our game  So if we win, it doesn’t count to most folks on this sub because it’s their second teamers.",1553174.0,positive,0.0,0.85,0.15,0.6204
1ohtq1y,1761609762.0,5014,0.97,64,🗞 News,"PS2 is out for our game  Witherspoon was out for the Seahawks. Obviously not PS2 level, but our real tests are with the dline. Still would be an insane win for us.",316133.0,positive,0.092,0.774,0.134,0.3919
1ohtq1y,1761607781.0,3924,0.97,64,🗞 News,PS2 is out for our game  Odds just shifted from -1.5 Broncos favorited to -1.5 Texans favorited 😂,247408.0,positive,0.0,0.735,0.265,0.6597
1ohtq1y,1761608096.0,1962,0.97,64,🗞 News,PS2 is out for our game  Does that make the next guy in PS3?,123704.0,positive,0.0,1.0,0.0,0.0
1ohtq1y,1761607567.0,4142,0.97,64,🗞 News,PS2 is out for our game  What’s our TE1 doing as an NFL insider?,261153.0,positive,0.0,1.0,0.0,0.0
1ohtq1y,1761607306.0,1526,0.97,64,🗞 News,PS2 is out for our game  Hopefully we are able to use the quick game then. How good has Jahdae Barron for them?,96214.0,positive,0.0,0.789,0.211,0.6808
1ohtq1y,1761609657.0,1526,0.97,64,🗞 News,"PS2 is out for our game  I don’t pray for times like this


but…",96214.0,positive,0.0,0.696,0.304,0.5859
1ohtq1y,1761611542.0,1526,0.97,64,🗞 News,PS2 is out for our game  I’m more concerned about Bonitto than anyone else on the broncos,96214.0,positive,0.0,1.0,0.0,0.0
1ohtq1y,1761610263.0,872,0.97,64,🗞 News,PS2 is out for our game  That is nice but I am concerned with our CB1's health,54980.0,positive,0.0,0.888,0.112,0.2263
1ohtq1y,1761618091.0,654,0.97,64,🗞 News,PS2 is out for our game  I’m frightened of the pass rush not the secondary.,41235.0,positive,0.172,0.828,0.0,-0.4404
1ohtq1y,1761608706.0,1308,0.97,64,🗞 News,PS2 is out for our game  He just needs an extra second of protection and he’s cooking that secondary 😭,82469.0,positive,0.0,1.0,0.0,0.0
1ohtq1y,1761610647.0,436,0.97,64,🗞 News,PS2 is out for our game  We’ve had some insane (opposing team) injury luck,27490.0,positive,0.282,0.564,0.154,-0.3612
1ohtq1y,1761619744.0,436,0.97,64,🗞 News,PS2 is out for our game  blessan,27490.0,negative,0.0,1.0,0.0,0.0
1ohtq1y,1761612062.0,872,0.97,64,🗞 News,PS2 is out for our game  So r/texans can already discount the performance by the offense if they play well since he'll miss the game.,54980.0,neutral,0.124,0.722,0.155,0.2263
1ohtq1y,1761620755.0,218,0.97,64,🗞 News,PS2 is out for our game  Hmm well I'll take it.,13745.0,positive,0.0,0.826,0.174,0.2732
1ohtq1y,1761662968.0,218,0.97,64,🗞 News,PS2 is out for our game  No way 😬 wish him a speedy recovery ❤️‍🩹,13745.0,positive,0.138,0.692,0.17,0.128
1ohtq1y,1761702922.0,218,0.97,64,🗞 News,"PS2 is out for our game  More worried about their d line, but I’ll take it",13745.0,neutral,0.111,0.889,0.0,-0.1893
1ohtq1y,1761759207.0,218,0.97,64,🗞 News,"PS2 is out for our game  Man I hate to be a pessimist but we’ve seen how this offense plays against good defenses. Yes, Surtain is out but he’s just a small piece of that monster defense. Not getting my hopes up for this game, sadly expecting another Caley/offensive faceplant 😔",13745.0,positive,0.212,0.575,0.213,0.007
1ohfxei,1761576294.0,7467,0.99,16,🥤 Kool-Aid,"Matt Burke appreciation post I love Matt Burke. He deserves his flowers, the dude clearly learned from a great mind in Demeco and his guys play just as hard, if not harder for Burke. One day he will be a great HC elsewhere but for now I want to enjoy him with us.  Funfact: He was JJ's position coach with arizona too.",125670.0,positive,0.017,0.707,0.276,0.9428
1ohfxei,1761575745.0,5240,0.99,16,🥤 Kool-Aid,"Matt Burke appreciation post I love Matt Burke. He deserves his flowers, the dude clearly learned from a great mind in Demeco and his guys play just as hard, if not harder for Burke. One day he will be a great HC elsewhere but for now I want to enjoy him with us.  Pray he doesn’t leave this season",88189.0,positive,0.036,0.641,0.322,0.9559
1ohfxei,1761577301.0,1572,0.99,16,🥤 Kool-Aid,"Matt Burke appreciation post I love Matt Burke. He deserves his flowers, the dude clearly learned from a great mind in Demeco and his guys play just as hard, if not harder for Burke. One day he will be a great HC elsewhere but for now I want to enjoy him with us.  Let's go, for sure, we have been, and rightly so, focusing on what the team has not been doing right while this guy has been getting the defense to ball out on historical proportions week in and out.",26457.0,positive,0.012,0.752,0.236,0.962
1ohfxei,1761580127.0,524,0.99,16,🥤 Kool-Aid,"Matt Burke appreciation post I love Matt Burke. He deserves his flowers, the dude clearly learned from a great mind in Demeco and his guys play just as hard, if not harder for Burke. One day he will be a great HC elsewhere but for now I want to enjoy him with us.  I think the ship has sailed on him ever becoming an HC which is fine.  He's definitely doing great at fulfilling DeMeco's vision for defense and seems like a really cool guy based on his work in Africa.",8819.0,neutral,0.011,0.618,0.371,0.9893
1ohfxei,1761590343.0,262,0.99,16,🥤 Kool-Aid,"Matt Burke appreciation post I love Matt Burke. He deserves his flowers, the dude clearly learned from a great mind in Demeco and his guys play just as hard, if not harder for Burke. One day he will be a great HC elsewhere but for now I want to enjoy him with us.  He stepped up and our defense has been absolutely 🔥 since. I’m so happy DeMeco FINALLY let this man do what he’s being paid to do.",4409.0,neutral,0.013,0.687,0.3,0.9759
1ohfxei,1761579670.0,131,0.99,16,🥤 Kool-Aid,"Matt Burke appreciation post I love Matt Burke. He deserves his flowers, the dude clearly learned from a great mind in Demeco and his guys play just as hard, if not harder for Burke. One day he will be a great HC elsewhere but for now I want to enjoy him with us.  Thank goodness they took out advice!",2205.0,positive,0.017,0.612,0.371,0.9735
1ohfxei,1761588192.0,131,0.99,16,🥤 Kool-Aid,"Matt Burke appreciation post I love Matt Burke. He deserves his flowers, the dude clearly learned from a great mind in Demeco and his guys play just as hard, if not harder for Burke. One day he will be a great HC elsewhere but for now I want to enjoy him with us.  Hopefully people credit only demeco so he stays",2205.0,positive,0.016,0.628,0.356,0.9716
1ohfxei,1761680557.0,131,0.99,16,🥤 Kool-Aid,"Matt Burke appreciation post I love Matt Burke. He deserves his flowers, the dude clearly learned from a great mind in Demeco and his guys play just as hard, if not harder for Burke. One day he will be a great HC elsewhere but for now I want to enjoy him with us.  Demeco gets all the credit, but Burke has called plays just as well lately",2205.0,positive,0.015,0.638,0.347,0.9735
1ogyqni,1761520260.0,7084,1.0,12,📈 Stats,Let’s keep at it!  What’s crazy is he missed at least 4 wide open throws. The offense can be better if CJ is consistently accurate,92092.0,positive,0.231,0.671,0.097,-0.4574
1ogyqni,1761523201.0,2254,1.0,12,📈 Stats,Let’s keep at it!  H-town uni CJ hits different,29302.0,positive,0.0,1.0,0.0,0.0
1ogyqni,1761526074.0,966,1.0,12,📈 Stats,Let’s keep at it!  I’m not sure the interception should have counted. Sure looked like his foot on the chalk.,12558.0,neutral,0.082,0.707,0.212,0.4819
1ogyqni,1761528144.0,483,1.0,12,📈 Stats,"Let’s keep at it!  I feel like since his top wrs were out he had to truly go through his progressions and the oc had to actually SCHEME this game, hopefully it keeps up when they come back 🙏🏽",6279.0,positive,0.0,0.769,0.231,0.8478
1ogyj3b,1761519496.0,105865,0.99,26,📈 Stats,We shut down McCaffrey  HELL YEAH we have the best D in the league,2829771.0,neutral,0.237,0.445,0.318,0.2023
1ogyj3b,1761519937.0,34833,0.99,26,📈 Stats,We shut down McCaffrey  Didn't he take multiple handoffs in the first for 0 yds and at the star of the 2nd the commentator said that that was his first touch?,931086.0,positive,0.0,1.0,0.0,0.0
1ogyj3b,1761519645.0,81277,0.99,26,📈 Stats,We shut down McCaffrey  hearing all these great defensive stats is bittersweet because i always end up thinking about the other side of the ball and make myself sad again,2172534.0,positive,0.127,0.723,0.15,0.2023
1ogyj3b,1761521124.0,21173,0.99,26,📈 Stats,"We shut down McCaffrey  King Henry and now McCaffrey, Texans run D is stout.",565954.0,positive,0.0,0.876,0.124,0.1779
1ogyj3b,1761522712.0,23905,0.99,26,📈 Stats,"We shut down McCaffrey  Amen, lets hope we can do the same thing to JT from the Colts when time comes, dude is balling out right now.",638981.0,positive,0.0,0.819,0.181,0.6739
1ogyj3b,1761520107.0,10245,0.99,26,📈 Stats,"We shut down McCaffrey  Sorry I don’t know football well enough. Was shuting down McCaffrey thanks to our linebackers, or our DTs?",273849.0,positive,0.053,0.741,0.206,0.5719
1ogyj3b,1761523483.0,10245,0.99,26,📈 Stats,"We shut down McCaffrey  I mean it's cuz mostly cuz our offense held the ball for ~24 of the 30 minutes in the first half, as Scott Hanson on RedZone pointed out. SF ran like 8 plays on offense the entire first half. But I love the Texans so hell yes.",273849.0,positive,0.173,0.628,0.199,0.1823
1ogyj3b,1761520053.0,10245,0.99,26,📈 Stats,We shut down McCaffrey  ![gif](giphy|3o6EQ82l7jcq9XpCtq),273849.0,positive,0.0,1.0,0.0,0.0
1ogyj3b,1761523273.0,7513,0.99,26,📈 Stats,"We shut down McCaffrey  This has to be their best defensive unit in the team's short history. Especially when you think how often they're on the field due to the offense not sustaining drives (obviously, they did well this game).",200822.0,neutral,0.044,0.793,0.163,0.6597
1ogyj3b,1761530697.0,4098,0.99,26,📈 Stats,We shut down McCaffrey  Great showing from your team today,109540.0,negative,0.0,0.687,0.313,0.6249
1ogyj3b,1761546217.0,1366,0.99,26,📈 Stats,"We shut down McCaffrey  Proud of them Texans, but my fantasy team took a big shit. I still got the win, thanks Kraft. 😂",36513.0,positive,0.148,0.515,0.336,0.7351
1ogyj3b,1761532312.0,683,0.99,26,📈 Stats,We shut down McCaffrey  SWARM,18257.0,positive,0.0,1.0,0.0,0.0
1ogyj3b,1761565192.0,683,0.99,26,📈 Stats,We shut down McCaffrey  Isn’t that because kittle got injured?,18257.0,negative,0.231,0.769,0.0,-0.4019
1ogyj3b,1761531331.0,683,0.99,26,📈 Stats,"We shut down McCaffrey  Now we just need Stingley to start locking up again. Something seems a little off this year, he’s made good plays but also given up some big ones. I know he can do it!",18257.0,positive,0.0,0.901,0.099,0.4102
1ogyj3b,1761578363.0,683,0.99,26,📈 Stats,"We shut down McCaffrey  Coming from a rams fan

![gif](giphy|f50TuQCGUAYH6|downsized)",18257.0,positive,0.0,0.755,0.245,0.3802
1ogwoip,1761515859.0,8428,1.0,24,👂Rumor/Speculation,Alleged Mixon sighting at the NRG  Tank was pitch side too.,210700.0,positive,0.0,1.0,0.0,0.0
1ogwoip,1761516088.0,4128,1.0,24,👂Rumor/Speculation,Alleged Mixon sighting at the NRG  Like a Bigfoot sighting without the blurry photos for evidence.,103200.0,positive,0.0,0.774,0.226,0.4207
1ogwoip,1761523320.0,2924,1.0,24,👂Rumor/Speculation,Alleged Mixon sighting at the NRG  He doesn't exist unless he confirmed to be back on the field. Until then I'll treat this as a fuzzy picture of big foot or loch ness.,73100.0,positive,0.0,0.92,0.08,0.4019
1ogwoip,1761527436.0,2752,1.0,24,👂Rumor/Speculation,Alleged Mixon sighting at the NRG  People talking about seeing Mixon like low level criminals in Gotham City talk about seeing Batman.,68800.0,positive,0.212,0.696,0.092,-0.5106
1ogwoip,1761514705.0,3612,1.0,24,👂Rumor/Speculation,Alleged Mixon sighting at the NRG  hes baaaaaaaaack,90300.0,neutral,0.0,1.0,0.0,0.0
1ogwoip,1761514593.0,2752,1.0,24,👂Rumor/Speculation,"Alleged Mixon sighting at the NRG  He was posting his game commentary on X, too, so…",68800.0,positive,0.0,1.0,0.0,0.0
1ogwoip,1761526209.0,1376,1.0,24,👂Rumor/Speculation,Alleged Mixon sighting at the NRG  Mixon is still a fever dream until I see him on the field,34400.0,neutral,0.0,0.889,0.111,0.25
1ogwoip,1761514746.0,1720,1.0,24,👂Rumor/Speculation,Alleged Mixon sighting at the NRG  ![gif](giphy|QX7QTqav6VaPivRidh),43000.0,neutral,0.0,1.0,0.0,0.0
1ogwoip,1761516157.0,1032,1.0,24,👂Rumor/Speculation,"Alleged Mixon sighting at the NRG  If true that’s kind of notable imo, I think that would be the first game he’s been to this season. Perhaps he’s in a place in his recovery where he’s comfortable being spotted in a lowkey sense? Overall I hope to see him back.  :)",25800.0,negative,0.0,0.782,0.218,0.9001
1ogwoip,1761517952.0,516,1.0,24,👂Rumor/Speculation,Alleged Mixon sighting at the NRG  Who?,12900.0,neutral,0.0,1.0,0.0,0.0
1ogul01,1761509443.0,21905,0.98,15,🥤 Kool-Aid,CJ Stroud when he has more than the half life of Hydrogen-10 to throw the ball:  CJ Stroud and F1 in one post. Thank you for this,343470.0,neutral,0.0,0.912,0.088,0.3612
1ogul01,1761510299.0,13480,0.98,15,🥤 Kool-Aid,"CJ Stroud when he has more than the half life of Hydrogen-10 to throw the ball:  Anyone that thinks CJ is trash isn't being serious and isn't worth talking to. Even in CJs rookie year the line was horrible. The surprise was that he was doing this with a trash line. Now you see people who only got the social media based opinion that Stroud was just really good. 


That was never the whole picture. Last year the line got worse and he couldn't overcome that consistently. They were still a 10 win and 1 playoff win team. This year the line is worse and you're seeing the success of the team always hinged on whether the QB can even snap the ball without a defense in his face. Shocker.",211366.0,negative,0.098,0.78,0.122,0.6683
1ogul01,1761509494.0,20220,0.98,15,🥤 Kool-Aid,CJ Stroud when he has more than the half life of Hydrogen-10 to throw the ball:  Stroud when he makes decisive decisions and doesn't run 20 yards backwards into his own end zone.,317050.0,positive,0.0,0.944,0.056,0.2263
1ogul01,1761509581.0,5392,0.98,15,🥤 Kool-Aid,CJ Stroud when he has more than the half life of Hydrogen-10 to throw the ball:  Zero sacks given up today makes me a happy fan,84547.0,negative,0.0,0.793,0.207,0.7184
1ogul01,1761513471.0,674,0.98,15,🥤 Kool-Aid,CJ Stroud when he has more than the half life of Hydrogen-10 to throw the ball:  my fucking ears,10568.0,neutral,0.0,1.0,0.0,0.0
1ogul01,1761574558.0,674,0.98,15,🥤 Kool-Aid,"CJ Stroud when he has more than the half life of Hydrogen-10 to throw the ball:  A Senna reference?? As a Brazilian fan of the Texans, this brings me joy. 🤘",10568.0,neutral,0.0,0.801,0.199,0.755
1ogul01,1761583324.0,337,0.98,15,🥤 Kool-Aid,"CJ Stroud when he has more than the half life of Hydrogen-10 to throw the ball:  This! 

Amazing how that works.",5284.0,neutral,0.0,0.83,0.17,0.6239
1oguefg,1761509038.0,21716,0.98,241,🏈 Game Thread,"Post Game Thread: San Francisco 49ers at Houston Texans #San Francisco 49ers at Houston Texans

[ESPN Gamecast](https://www.espn.com/nfl/game/_/gameId/401772866/49ers-texans)

NRG Stadium- Houston, TX

Network(s): FOX 

***

|Time Clock|
|:--:|
|Final|

**Scoreboard**

||Q1|Q2|Q3|Q4|Total|
|:--:|:--:|:--:|:--:|:--:|:--:|
|SF|0|7|8|0|15|
|HOU|3|13|7|3|26|


**Scoring Plays**

| Team | Quarter | Type | Description |
|:--|:--|:--|:--|
| HOU | 1 | FG | Ka'imi Fairbairn 33 Yd Field Goal |
| HOU | 2 | FG | Ka'imi Fairbairn 34 Yd Field Goal |
| HOU | 2 | TD | Jayden Higgins 12 Yd pass from C.J. Stroud (Ka'imi Fairbairn Kick) |
| HOU | 2 | FG | Ka'imi Fairbairn 37 Yd Field Goal  |
| SF | 2 | TD | George Kittle 17 Yd pass from Mac Jones (Eddy Pineiro Kick) |
| HOU | 3 | TD | Xavier Hutchinson 30 Yd pass from C.J. Stroud (Ka'imi Fairbairn Kick) |
| SF | 3 | TD | Jake Tonges 2 Yd pass from Mac Jones (Mac Jones Pass to Demarcus Robinson for Two-Point Conversion) |
| HOU | 4 | FG | Ka'imi Fairbairn 30 Yd Field Goal |




**Passing Leaders**

|Team|Player|C/ATT|YDS|TD|INT|SACKS|
|:--|:--|--:|--:|--:|--:|--:|
| SF | Mac Jones | 19/32 | 193 | 2 | 1 | 2-18 |
| HOU | C.J. Stroud | 30/39 | 318 | 2 | 1 | 0-0 |

**Rushing Leaders**

|Team|Player|CAR|YDS|AVG|TD|LONG|
|:--|:--|--:|--:|--:|--:|--:|
| SF | Christian McCaffrey | 8 | 25 | 3.1 | 0 | 9 |
| HOU | Woody Marks | 11 | 62 | 5.6 | 0 | 23 |

**Receiving Leaders**

|Team|Player|REC|YDS|AVG|TD|LONG|TGTS|
|:--|:--|--:|--:|--:|--:|--:|--:|
| SF | Jauan Jennings | 4 | 45 | 11.3 | 0 | 25 | 7 |
| HOU | Xavier Hutchinson | 5 | 69 | 13.8 | 1 | 30 | 6 |


***

Use [reddit-stream.com](https://reddit-stream.com/comments/auto) to get an autorefreshing version of this page

^This ^was ^created ^by ^a ^bot. ^For ^issues ^or ^suggestions ^please ^message ^nfl_gdt_bot.

^Last ^updated: ^2025-10-26_16:32:55.284606-04:00 Even if you believe this offensive performance was merely the product of another withered defense, this win bought us another week to improve at the very least.  
  
In any case, I enjoyed this game very much, and I hope you all did too. Life’s too difficult and short to be miserable about a dominant victory. Go Texans!",5150167.0,neutral,0.033,0.899,0.068,0.8654
1oguefg,1761509004.0,46604,0.98,241,🏈 Game Thread,"Post Game Thread: San Francisco 49ers at Houston Texans #San Francisco 49ers at Houston Texans

[ESPN Gamecast](https://www.espn.com/nfl/game/_/gameId/401772866/49ers-texans)

NRG Stadium- Houston, TX

Network(s): FOX 

***

|Time Clock|
|:--:|
|Final|

**Scoreboard**

||Q1|Q2|Q3|Q4|Total|
|:--:|:--:|:--:|:--:|:--:|:--:|
|SF|0|7|8|0|15|
|HOU|3|13|7|3|26|


**Scoring Plays**

| Team | Quarter | Type | Description |
|:--|:--|:--|:--|
| HOU | 1 | FG | Ka'imi Fairbairn 33 Yd Field Goal |
| HOU | 2 | FG | Ka'imi Fairbairn 34 Yd Field Goal |
| HOU | 2 | TD | Jayden Higgins 12 Yd pass from C.J. Stroud (Ka'imi Fairbairn Kick) |
| HOU | 2 | FG | Ka'imi Fairbairn 37 Yd Field Goal  |
| SF | 2 | TD | George Kittle 17 Yd pass from Mac Jones (Eddy Pineiro Kick) |
| HOU | 3 | TD | Xavier Hutchinson 30 Yd pass from C.J. Stroud (Ka'imi Fairbairn Kick) |
| SF | 3 | TD | Jake Tonges 2 Yd pass from Mac Jones (Mac Jones Pass to Demarcus Robinson for Two-Point Conversion) |
| HOU | 4 | FG | Ka'imi Fairbairn 30 Yd Field Goal |




**Passing Leaders**

|Team|Player|C/ATT|YDS|TD|INT|SACKS|
|:--|:--|--:|--:|--:|--:|--:|
| SF | Mac Jones | 19/32 | 193 | 2 | 1 | 2-18 |
| HOU | C.J. Stroud | 30/39 | 318 | 2 | 1 | 0-0 |

**Rushing Leaders**

|Team|Player|CAR|YDS|AVG|TD|LONG|
|:--|:--|--:|--:|--:|--:|--:|
| SF | Christian McCaffrey | 8 | 25 | 3.1 | 0 | 9 |
| HOU | Woody Marks | 11 | 62 | 5.6 | 0 | 23 |

**Receiving Leaders**

|Team|Player|REC|YDS|AVG|TD|LONG|TGTS|
|:--|:--|--:|--:|--:|--:|--:|--:|
| SF | Jauan Jennings | 4 | 45 | 11.3 | 0 | 25 | 7 |
| HOU | Xavier Hutchinson | 5 | 69 | 13.8 | 1 | 30 | 6 |


***

Use [reddit-stream.com](https://reddit-stream.com/comments/auto) to get an autorefreshing version of this page

^This ^was ^created ^by ^a ^bot. ^For ^issues ^or ^suggestions ^please ^message ^nfl_gdt_bot.

^Last ^updated: ^2025-10-26_16:32:55.284606-04:00 Are the Texans good? Are they bad? Was it the 49ers injuries? Did the Texans really improve and change after MNF? Are the Seahawks just that good? 

Who even knows, just happy we won.",11052605.0,neutral,0.014,0.906,0.081,0.9523
1oguefg,1761509075.0,14274,0.98,241,🏈 Game Thread,"Post Game Thread: San Francisco 49ers at Houston Texans #San Francisco 49ers at Houston Texans

[ESPN Gamecast](https://www.espn.com/nfl/game/_/gameId/401772866/49ers-texans)

NRG Stadium- Houston, TX

Network(s): FOX 

***

|Time Clock|
|:--:|
|Final|

**Scoreboard**

||Q1|Q2|Q3|Q4|Total|
|:--:|:--:|:--:|:--:|:--:|:--:|
|SF|0|7|8|0|15|
|HOU|3|13|7|3|26|


**Scoring Plays**

| Team | Quarter | Type | Description |
|:--|:--|:--|:--|
| HOU | 1 | FG | Ka'imi Fairbairn 33 Yd Field Goal |
| HOU | 2 | FG | Ka'imi Fairbairn 34 Yd Field Goal |
| HOU | 2 | TD | Jayden Higgins 12 Yd pass from C.J. Stroud (Ka'imi Fairbairn Kick) |
| HOU | 2 | FG | Ka'imi Fairbairn 37 Yd Field Goal  |
| SF | 2 | TD | George Kittle 17 Yd pass from Mac Jones (Eddy Pineiro Kick) |
| HOU | 3 | TD | Xavier Hutchinson 30 Yd pass from C.J. Stroud (Ka'imi Fairbairn Kick) |
| SF | 3 | TD | Jake Tonges 2 Yd pass from Mac Jones (Mac Jones Pass to Demarcus Robinson for Two-Point Conversion) |
| HOU | 4 | FG | Ka'imi Fairbairn 30 Yd Field Goal |




**Passing Leaders**

|Team|Player|C/ATT|YDS|TD|INT|SACKS|
|:--|:--|--:|--:|--:|--:|--:|
| SF | Mac Jones | 19/32 | 193 | 2 | 1 | 2-18 |
| HOU | C.J. Stroud | 30/39 | 318 | 2 | 1 | 0-0 |

**Rushing Leaders**

|Team|Player|CAR|YDS|AVG|TD|LONG|
|:--|:--|--:|--:|--:|--:|--:|
| SF | Christian McCaffrey | 8 | 25 | 3.1 | 0 | 9 |
| HOU | Woody Marks | 11 | 62 | 5.6 | 0 | 23 |

**Receiving Leaders**

|Team|Player|REC|YDS|AVG|TD|LONG|TGTS|
|:--|:--|--:|--:|--:|--:|--:|--:|
| SF | Jauan Jennings | 4 | 45 | 11.3 | 0 | 25 | 7 |
| HOU | Xavier Hutchinson | 5 | 69 | 13.8 | 1 | 30 | 6 |


***

Use [reddit-stream.com](https://reddit-stream.com/comments/auto) to get an autorefreshing version of this page

^This ^was ^created ^by ^a ^bot. ^For ^issues ^or ^suggestions ^please ^message ^nfl_gdt_bot.

^Last ^updated: ^2025-10-26_16:32:55.284606-04:00 Higgins, Noel and Marks need to be starters from now on.",3385222.0,neutral,0.0,0.985,0.015,0.4995
1oguefg,1761509004.0,17690,0.98,241,🏈 Game Thread,"Post Game Thread: San Francisco 49ers at Houston Texans #San Francisco 49ers at Houston Texans

[ESPN Gamecast](https://www.espn.com/nfl/game/_/gameId/401772866/49ers-texans)

NRG Stadium- Houston, TX

Network(s): FOX 

***

|Time Clock|
|:--:|
|Final|

**Scoreboard**

||Q1|Q2|Q3|Q4|Total|
|:--:|:--:|:--:|:--:|:--:|:--:|
|SF|0|7|8|0|15|
|HOU|3|13|7|3|26|


**Scoring Plays**

| Team | Quarter | Type | Description |
|:--|:--|:--|:--|
| HOU | 1 | FG | Ka'imi Fairbairn 33 Yd Field Goal |
| HOU | 2 | FG | Ka'imi Fairbairn 34 Yd Field Goal |
| HOU | 2 | TD | Jayden Higgins 12 Yd pass from C.J. Stroud (Ka'imi Fairbairn Kick) |
| HOU | 2 | FG | Ka'imi Fairbairn 37 Yd Field Goal  |
| SF | 2 | TD | George Kittle 17 Yd pass from Mac Jones (Eddy Pineiro Kick) |
| HOU | 3 | TD | Xavier Hutchinson 30 Yd pass from C.J. Stroud (Ka'imi Fairbairn Kick) |
| SF | 3 | TD | Jake Tonges 2 Yd pass from Mac Jones (Mac Jones Pass to Demarcus Robinson for Two-Point Conversion) |
| HOU | 4 | FG | Ka'imi Fairbairn 30 Yd Field Goal |




**Passing Leaders**

|Team|Player|C/ATT|YDS|TD|INT|SACKS|
|:--|:--|--:|--:|--:|--:|--:|
| SF | Mac Jones | 19/32 | 193 | 2 | 1 | 2-18 |
| HOU | C.J. Stroud | 30/39 | 318 | 2 | 1 | 0-0 |

**Rushing Leaders**

|Team|Player|CAR|YDS|AVG|TD|LONG|
|:--|:--|--:|--:|--:|--:|--:|
| SF | Christian McCaffrey | 8 | 25 | 3.1 | 0 | 9 |
| HOU | Woody Marks | 11 | 62 | 5.6 | 0 | 23 |

**Receiving Leaders**

|Team|Player|REC|YDS|AVG|TD|LONG|TGTS|
|:--|:--|--:|--:|--:|--:|--:|--:|
| SF | Jauan Jennings | 4 | 45 | 11.3 | 0 | 25 | 7 |
| HOU | Xavier Hutchinson | 5 | 69 | 13.8 | 1 | 30 | 6 |


***

Use [reddit-stream.com](https://reddit-stream.com/comments/auto) to get an autorefreshing version of this page

^This ^was ^created ^by ^a ^bot. ^For ^issues ^or ^suggestions ^please ^message ^nfl_gdt_bot.

^Last ^updated: ^2025-10-26_16:32:55.284606-04:00 ![gif](giphy|I6nxG7f3h7qww)

Strap in folks, the season is young!",4195360.0,positive,0.0,0.982,0.018,0.5882
1oguefg,1761509030.0,5734,0.98,241,🏈 Game Thread,"Post Game Thread: San Francisco 49ers at Houston Texans #San Francisco 49ers at Houston Texans

[ESPN Gamecast](https://www.espn.com/nfl/game/_/gameId/401772866/49ers-texans)

NRG Stadium- Houston, TX

Network(s): FOX 

***

|Time Clock|
|:--:|
|Final|

**Scoreboard**

||Q1|Q2|Q3|Q4|Total|
|:--:|:--:|:--:|:--:|:--:|:--:|
|SF|0|7|8|0|15|
|HOU|3|13|7|3|26|


**Scoring Plays**

| Team | Quarter | Type | Description |
|:--|:--|:--|:--|
| HOU | 1 | FG | Ka'imi Fairbairn 33 Yd Field Goal |
| HOU | 2 | FG | Ka'imi Fairbairn 34 Yd Field Goal |
| HOU | 2 | TD | Jayden Higgins 12 Yd pass from C.J. Stroud (Ka'imi Fairbairn Kick) |
| HOU | 2 | FG | Ka'imi Fairbairn 37 Yd Field Goal  |
| SF | 2 | TD | George Kittle 17 Yd pass from Mac Jones (Eddy Pineiro Kick) |
| HOU | 3 | TD | Xavier Hutchinson 30 Yd pass from C.J. Stroud (Ka'imi Fairbairn Kick) |
| SF | 3 | TD | Jake Tonges 2 Yd pass from Mac Jones (Mac Jones Pass to Demarcus Robinson for Two-Point Conversion) |
| HOU | 4 | FG | Ka'imi Fairbairn 30 Yd Field Goal |




**Passing Leaders**

|Team|Player|C/ATT|YDS|TD|INT|SACKS|
|:--|:--|--:|--:|--:|--:|--:|
| SF | Mac Jones | 19/32 | 193 | 2 | 1 | 2-18 |
| HOU | C.J. Stroud | 30/39 | 318 | 2 | 1 | 0-0 |

**Rushing Leaders**

|Team|Player|CAR|YDS|AVG|TD|LONG|
|:--|:--|--:|--:|--:|--:|--:|
| SF | Christian McCaffrey | 8 | 25 | 3.1 | 0 | 9 |
| HOU | Woody Marks | 11 | 62 | 5.6 | 0 | 23 |

**Receiving Leaders**

|Team|Player|REC|YDS|AVG|TD|LONG|TGTS|
|:--|:--|--:|--:|--:|--:|--:|--:|
| SF | Jauan Jennings | 4 | 45 | 11.3 | 0 | 25 | 7 |
| HOU | Xavier Hutchinson | 5 | 69 | 13.8 | 1 | 30 | 6 |


***

Use [reddit-stream.com](https://reddit-stream.com/comments/auto) to get an autorefreshing version of this page

^This ^was ^created ^by ^a ^bot. ^For ^issues ^or ^suggestions ^please ^message ^nfl_gdt_bot.

^Last ^updated: ^2025-10-26_16:32:55.284606-04:00 Alright where’s the highlight of that To’o To’o tackle; that was friggen nuts!!",1359875.0,neutral,0.01,0.953,0.037,0.7111
1oguefg,1761509055.0,12566,0.98,241,🏈 Game Thread,"Post Game Thread: San Francisco 49ers at Houston Texans #San Francisco 49ers at Houston Texans

[ESPN Gamecast](https://www.espn.com/nfl/game/_/gameId/401772866/49ers-texans)

NRG Stadium- Houston, TX

Network(s): FOX 

***

|Time Clock|
|:--:|
|Final|

**Scoreboard**

||Q1|Q2|Q3|Q4|Total|
|:--:|:--:|:--:|:--:|:--:|:--:|
|SF|0|7|8|0|15|
|HOU|3|13|7|3|26|


**Scoring Plays**

| Team | Quarter | Type | Description |
|:--|:--|:--|:--|
| HOU | 1 | FG | Ka'imi Fairbairn 33 Yd Field Goal |
| HOU | 2 | FG | Ka'imi Fairbairn 34 Yd Field Goal |
| HOU | 2 | TD | Jayden Higgins 12 Yd pass from C.J. Stroud (Ka'imi Fairbairn Kick) |
| HOU | 2 | FG | Ka'imi Fairbairn 37 Yd Field Goal  |
| SF | 2 | TD | George Kittle 17 Yd pass from Mac Jones (Eddy Pineiro Kick) |
| HOU | 3 | TD | Xavier Hutchinson 30 Yd pass from C.J. Stroud (Ka'imi Fairbairn Kick) |
| SF | 3 | TD | Jake Tonges 2 Yd pass from Mac Jones (Mac Jones Pass to Demarcus Robinson for Two-Point Conversion) |
| HOU | 4 | FG | Ka'imi Fairbairn 30 Yd Field Goal |




**Passing Leaders**

|Team|Player|C/ATT|YDS|TD|INT|SACKS|
|:--|:--|--:|--:|--:|--:|--:|
| SF | Mac Jones | 19/32 | 193 | 2 | 1 | 2-18 |
| HOU | C.J. Stroud | 30/39 | 318 | 2 | 1 | 0-0 |

**Rushing Leaders**

|Team|Player|CAR|YDS|AVG|TD|LONG|
|:--|:--|--:|--:|--:|--:|--:|
| SF | Christian McCaffrey | 8 | 25 | 3.1 | 0 | 9 |
| HOU | Woody Marks | 11 | 62 | 5.6 | 0 | 23 |

**Receiving Leaders**

|Team|Player|REC|YDS|AVG|TD|LONG|TGTS|
|:--|:--|--:|--:|--:|--:|--:|--:|
| SF | Jauan Jennings | 4 | 45 | 11.3 | 0 | 25 | 7 |
| HOU | Xavier Hutchinson | 5 | 69 | 13.8 | 1 | 30 | 6 |


***

Use [reddit-stream.com](https://reddit-stream.com/comments/auto) to get an autorefreshing version of this page

^This ^was ^created ^by ^a ^bot. ^For ^issues ^or ^suggestions ^please ^message ^nfl_gdt_bot.

^Last ^updated: ^2025-10-26_16:32:55.284606-04:00 WE ARE SO BACK! 

EVERYONE GET IN HERE!!",2980153.0,neutral,0.0,0.981,0.019,0.626
1oguefg,1761509004.0,10736,0.98,241,🏈 Game Thread,"Post Game Thread: San Francisco 49ers at Houston Texans #San Francisco 49ers at Houston Texans

[ESPN Gamecast](https://www.espn.com/nfl/game/_/gameId/401772866/49ers-texans)

NRG Stadium- Houston, TX

Network(s): FOX 

***

|Time Clock|
|:--:|
|Final|

**Scoreboard**

||Q1|Q2|Q3|Q4|Total|
|:--:|:--:|:--:|:--:|:--:|:--:|
|SF|0|7|8|0|15|
|HOU|3|13|7|3|26|


**Scoring Plays**

| Team | Quarter | Type | Description |
|:--|:--|:--|:--|
| HOU | 1 | FG | Ka'imi Fairbairn 33 Yd Field Goal |
| HOU | 2 | FG | Ka'imi Fairbairn 34 Yd Field Goal |
| HOU | 2 | TD | Jayden Higgins 12 Yd pass from C.J. Stroud (Ka'imi Fairbairn Kick) |
| HOU | 2 | FG | Ka'imi Fairbairn 37 Yd Field Goal  |
| SF | 2 | TD | George Kittle 17 Yd pass from Mac Jones (Eddy Pineiro Kick) |
| HOU | 3 | TD | Xavier Hutchinson 30 Yd pass from C.J. Stroud (Ka'imi Fairbairn Kick) |
| SF | 3 | TD | Jake Tonges 2 Yd pass from Mac Jones (Mac Jones Pass to Demarcus Robinson for Two-Point Conversion) |
| HOU | 4 | FG | Ka'imi Fairbairn 30 Yd Field Goal |




**Passing Leaders**

|Team|Player|C/ATT|YDS|TD|INT|SACKS|
|:--|:--|--:|--:|--:|--:|--:|
| SF | Mac Jones | 19/32 | 193 | 2 | 1 | 2-18 |
| HOU | C.J. Stroud | 30/39 | 318 | 2 | 1 | 0-0 |

**Rushing Leaders**

|Team|Player|CAR|YDS|AVG|TD|LONG|
|:--|:--|--:|--:|--:|--:|--:|
| SF | Christian McCaffrey | 8 | 25 | 3.1 | 0 | 9 |
| HOU | Woody Marks | 11 | 62 | 5.6 | 0 | 23 |

**Receiving Leaders**

|Team|Player|REC|YDS|AVG|TD|LONG|TGTS|
|:--|:--|--:|--:|--:|--:|--:|--:|
| SF | Jauan Jennings | 4 | 45 | 11.3 | 0 | 25 | 7 |
| HOU | Xavier Hutchinson | 5 | 69 | 13.8 | 1 | 30 | 6 |


***

Use [reddit-stream.com](https://reddit-stream.com/comments/auto) to get an autorefreshing version of this page

^This ^was ^created ^by ^a ^bot. ^For ^issues ^or ^suggestions ^please ^message ^nfl_gdt_bot.

^Last ^updated: ^2025-10-26_16:32:55.284606-04:00 3-4 just feels so much better than 2-5",2546150.0,neutral,0.0,0.97,0.03,0.7515
1oguefg,1761509052.0,4270,0.98,241,🏈 Game Thread,"Post Game Thread: San Francisco 49ers at Houston Texans #San Francisco 49ers at Houston Texans

[ESPN Gamecast](https://www.espn.com/nfl/game/_/gameId/401772866/49ers-texans)

NRG Stadium- Houston, TX

Network(s): FOX 

***

|Time Clock|
|:--:|
|Final|

**Scoreboard**

||Q1|Q2|Q3|Q4|Total|
|:--:|:--:|:--:|:--:|:--:|:--:|
|SF|0|7|8|0|15|
|HOU|3|13|7|3|26|


**Scoring Plays**

| Team | Quarter | Type | Description |
|:--|:--|:--|:--|
| HOU | 1 | FG | Ka'imi Fairbairn 33 Yd Field Goal |
| HOU | 2 | FG | Ka'imi Fairbairn 34 Yd Field Goal |
| HOU | 2 | TD | Jayden Higgins 12 Yd pass from C.J. Stroud (Ka'imi Fairbairn Kick) |
| HOU | 2 | FG | Ka'imi Fairbairn 37 Yd Field Goal  |
| SF | 2 | TD | George Kittle 17 Yd pass from Mac Jones (Eddy Pineiro Kick) |
| HOU | 3 | TD | Xavier Hutchinson 30 Yd pass from C.J. Stroud (Ka'imi Fairbairn Kick) |
| SF | 3 | TD | Jake Tonges 2 Yd pass from Mac Jones (Mac Jones Pass to Demarcus Robinson for Two-Point Conversion) |
| HOU | 4 | FG | Ka'imi Fairbairn 30 Yd Field Goal |




**Passing Leaders**

|Team|Player|C/ATT|YDS|TD|INT|SACKS|
|:--|:--|--:|--:|--:|--:|--:|
| SF | Mac Jones | 19/32 | 193 | 2 | 1 | 2-18 |
| HOU | C.J. Stroud | 30/39 | 318 | 2 | 1 | 0-0 |

**Rushing Leaders**

|Team|Player|CAR|YDS|AVG|TD|LONG|
|:--|:--|--:|--:|--:|--:|--:|
| SF | Christian McCaffrey | 8 | 25 | 3.1 | 0 | 9 |
| HOU | Woody Marks | 11 | 62 | 5.6 | 0 | 23 |

**Receiving Leaders**

|Team|Player|REC|YDS|AVG|TD|LONG|TGTS|
|:--|:--|--:|--:|--:|--:|--:|--:|
| SF | Jauan Jennings | 4 | 45 | 11.3 | 0 | 25 | 7 |
| HOU | Xavier Hutchinson | 5 | 69 | 13.8 | 1 | 30 | 6 |


***

Use [reddit-stream.com](https://reddit-stream.com/comments/auto) to get an autorefreshing version of this page

^This ^was ^created ^by ^a ^bot. ^For ^issues ^or ^suggestions ^please ^message ^nfl_gdt_bot.

^Last ^updated: ^2025-10-26_16:32:55.284606-04:00 FIRST WIN OVER THE 49ERS SINCE 2009! Still some work to be done before next week obviously (Broncos are especially good), but really glad we pulled through",1012673.0,neutral,0.0,0.96,0.04,0.863
1oguefg,1761509076.0,3294,0.98,241,🏈 Game Thread,"Post Game Thread: San Francisco 49ers at Houston Texans #San Francisco 49ers at Houston Texans

[ESPN Gamecast](https://www.espn.com/nfl/game/_/gameId/401772866/49ers-texans)

NRG Stadium- Houston, TX

Network(s): FOX 

***

|Time Clock|
|:--:|
|Final|

**Scoreboard**

||Q1|Q2|Q3|Q4|Total|
|:--:|:--:|:--:|:--:|:--:|:--:|
|SF|0|7|8|0|15|
|HOU|3|13|7|3|26|


**Scoring Plays**

| Team | Quarter | Type | Description |
|:--|:--|:--|:--|
| HOU | 1 | FG | Ka'imi Fairbairn 33 Yd Field Goal |
| HOU | 2 | FG | Ka'imi Fairbairn 34 Yd Field Goal |
| HOU | 2 | TD | Jayden Higgins 12 Yd pass from C.J. Stroud (Ka'imi Fairbairn Kick) |
| HOU | 2 | FG | Ka'imi Fairbairn 37 Yd Field Goal  |
| SF | 2 | TD | George Kittle 17 Yd pass from Mac Jones (Eddy Pineiro Kick) |
| HOU | 3 | TD | Xavier Hutchinson 30 Yd pass from C.J. Stroud (Ka'imi Fairbairn Kick) |
| SF | 3 | TD | Jake Tonges 2 Yd pass from Mac Jones (Mac Jones Pass to Demarcus Robinson for Two-Point Conversion) |
| HOU | 4 | FG | Ka'imi Fairbairn 30 Yd Field Goal |




**Passing Leaders**

|Team|Player|C/ATT|YDS|TD|INT|SACKS|
|:--|:--|--:|--:|--:|--:|--:|
| SF | Mac Jones | 19/32 | 193 | 2 | 1 | 2-18 |
| HOU | C.J. Stroud | 30/39 | 318 | 2 | 1 | 0-0 |

**Rushing Leaders**

|Team|Player|CAR|YDS|AVG|TD|LONG|
|:--|:--|--:|--:|--:|--:|--:|
| SF | Christian McCaffrey | 8 | 25 | 3.1 | 0 | 9 |
| HOU | Woody Marks | 11 | 62 | 5.6 | 0 | 23 |

**Receiving Leaders**

|Team|Player|REC|YDS|AVG|TD|LONG|TGTS|
|:--|:--|--:|--:|--:|--:|--:|--:|
| SF | Jauan Jennings | 4 | 45 | 11.3 | 0 | 25 | 7 |
| HOU | Xavier Hutchinson | 5 | 69 | 13.8 | 1 | 30 | 6 |


***

Use [reddit-stream.com](https://reddit-stream.com/comments/auto) to get an autorefreshing version of this page

^This ^was ^created ^by ^a ^bot. ^For ^issues ^or ^suggestions ^please ^message ^nfl_gdt_bot.

^Last ^updated: ^2025-10-26_16:32:55.284606-04:00 get this red zone offense under control and we may just be back in the playoff race.",781205.0,positive,0.009,0.977,0.014,0.3034
1oguefg,1761509009.0,6100,0.98,241,🏈 Game Thread,"Post Game Thread: San Francisco 49ers at Houston Texans #San Francisco 49ers at Houston Texans

[ESPN Gamecast](https://www.espn.com/nfl/game/_/gameId/401772866/49ers-texans)

NRG Stadium- Houston, TX

Network(s): FOX 

***

|Time Clock|
|:--:|
|Final|

**Scoreboard**

||Q1|Q2|Q3|Q4|Total|
|:--:|:--:|:--:|:--:|:--:|:--:|
|SF|0|7|8|0|15|
|HOU|3|13|7|3|26|


**Scoring Plays**

| Team | Quarter | Type | Description |
|:--|:--|:--|:--|
| HOU | 1 | FG | Ka'imi Fairbairn 33 Yd Field Goal |
| HOU | 2 | FG | Ka'imi Fairbairn 34 Yd Field Goal |
| HOU | 2 | TD | Jayden Higgins 12 Yd pass from C.J. Stroud (Ka'imi Fairbairn Kick) |
| HOU | 2 | FG | Ka'imi Fairbairn 37 Yd Field Goal  |
| SF | 2 | TD | George Kittle 17 Yd pass from Mac Jones (Eddy Pineiro Kick) |
| HOU | 3 | TD | Xavier Hutchinson 30 Yd pass from C.J. Stroud (Ka'imi Fairbairn Kick) |
| SF | 3 | TD | Jake Tonges 2 Yd pass from Mac Jones (Mac Jones Pass to Demarcus Robinson for Two-Point Conversion) |
| HOU | 4 | FG | Ka'imi Fairbairn 30 Yd Field Goal |




**Passing Leaders**

|Team|Player|C/ATT|YDS|TD|INT|SACKS|
|:--|:--|--:|--:|--:|--:|--:|
| SF | Mac Jones | 19/32 | 193 | 2 | 1 | 2-18 |
| HOU | C.J. Stroud | 30/39 | 318 | 2 | 1 | 0-0 |

**Rushing Leaders**

|Team|Player|CAR|YDS|AVG|TD|LONG|
|:--|:--|--:|--:|--:|--:|--:|
| SF | Christian McCaffrey | 8 | 25 | 3.1 | 0 | 9 |
| HOU | Woody Marks | 11 | 62 | 5.6 | 0 | 23 |

**Receiving Leaders**

|Team|Player|REC|YDS|AVG|TD|LONG|TGTS|
|:--|:--|--:|--:|--:|--:|--:|--:|
| SF | Jauan Jennings | 4 | 45 | 11.3 | 0 | 25 | 7 |
| HOU | Xavier Hutchinson | 5 | 69 | 13.8 | 1 | 30 | 6 |


***

Use [reddit-stream.com](https://reddit-stream.com/comments/auto) to get an autorefreshing version of this page

^This ^was ^created ^by ^a ^bot. ^For ^issues ^or ^suggestions ^please ^message ^nfl_gdt_bot.

^Last ^updated: ^2025-10-26_16:32:55.284606-04:00 HAPPY SUNDAY!!!

https://preview.redd.it/nw1ffcmmiixf1.jpeg?width=828&format=pjpg&auto=webp&s=372950e6ab3a51fe9582e1f8322f06e3fca83e95",1446676.0,negative,0.0,0.96,0.04,0.8605
1oguefg,1761509039.0,2440,0.98,241,🏈 Game Thread,"Post Game Thread: San Francisco 49ers at Houston Texans #San Francisco 49ers at Houston Texans

[ESPN Gamecast](https://www.espn.com/nfl/game/_/gameId/401772866/49ers-texans)

NRG Stadium- Houston, TX

Network(s): FOX 

***

|Time Clock|
|:--:|
|Final|

**Scoreboard**

||Q1|Q2|Q3|Q4|Total|
|:--:|:--:|:--:|:--:|:--:|:--:|
|SF|0|7|8|0|15|
|HOU|3|13|7|3|26|


**Scoring Plays**

| Team | Quarter | Type | Description |
|:--|:--|:--|:--|
| HOU | 1 | FG | Ka'imi Fairbairn 33 Yd Field Goal |
| HOU | 2 | FG | Ka'imi Fairbairn 34 Yd Field Goal |
| HOU | 2 | TD | Jayden Higgins 12 Yd pass from C.J. Stroud (Ka'imi Fairbairn Kick) |
| HOU | 2 | FG | Ka'imi Fairbairn 37 Yd Field Goal  |
| SF | 2 | TD | George Kittle 17 Yd pass from Mac Jones (Eddy Pineiro Kick) |
| HOU | 3 | TD | Xavier Hutchinson 30 Yd pass from C.J. Stroud (Ka'imi Fairbairn Kick) |
| SF | 3 | TD | Jake Tonges 2 Yd pass from Mac Jones (Mac Jones Pass to Demarcus Robinson for Two-Point Conversion) |
| HOU | 4 | FG | Ka'imi Fairbairn 30 Yd Field Goal |




**Passing Leaders**

|Team|Player|C/ATT|YDS|TD|INT|SACKS|
|:--|:--|--:|--:|--:|--:|--:|
| SF | Mac Jones | 19/32 | 193 | 2 | 1 | 2-18 |
| HOU | C.J. Stroud | 30/39 | 318 | 2 | 1 | 0-0 |

**Rushing Leaders**

|Team|Player|CAR|YDS|AVG|TD|LONG|
|:--|:--|--:|--:|--:|--:|--:|
| SF | Christian McCaffrey | 8 | 25 | 3.1 | 0 | 9 |
| HOU | Woody Marks | 11 | 62 | 5.6 | 0 | 23 |

**Receiving Leaders**

|Team|Player|REC|YDS|AVG|TD|LONG|TGTS|
|:--|:--|--:|--:|--:|--:|--:|--:|
| SF | Jauan Jennings | 4 | 45 | 11.3 | 0 | 25 | 7 |
| HOU | Xavier Hutchinson | 5 | 69 | 13.8 | 1 | 30 | 6 |


***

Use [reddit-stream.com](https://reddit-stream.com/comments/auto) to get an autorefreshing version of this page

^This ^was ^created ^by ^a ^bot. ^For ^issues ^or ^suggestions ^please ^message ^nfl_gdt_bot.

^Last ^updated: ^2025-10-26_16:32:55.284606-04:00 Gotta love a win like this CJ was smiling, Dameco was smiling, whole team was vibing",578670.0,negative,0.0,0.915,0.085,0.9625
1oguefg,1761509068.0,3050,0.98,241,🏈 Game Thread,"Post Game Thread: San Francisco 49ers at Houston Texans #San Francisco 49ers at Houston Texans

[ESPN Gamecast](https://www.espn.com/nfl/game/_/gameId/401772866/49ers-texans)

NRG Stadium- Houston, TX

Network(s): FOX 

***

|Time Clock|
|:--:|
|Final|

**Scoreboard**

||Q1|Q2|Q3|Q4|Total|
|:--:|:--:|:--:|:--:|:--:|:--:|
|SF|0|7|8|0|15|
|HOU|3|13|7|3|26|


**Scoring Plays**

| Team | Quarter | Type | Description |
|:--|:--|:--|:--|
| HOU | 1 | FG | Ka'imi Fairbairn 33 Yd Field Goal |
| HOU | 2 | FG | Ka'imi Fairbairn 34 Yd Field Goal |
| HOU | 2 | TD | Jayden Higgins 12 Yd pass from C.J. Stroud (Ka'imi Fairbairn Kick) |
| HOU | 2 | FG | Ka'imi Fairbairn 37 Yd Field Goal  |
| SF | 2 | TD | George Kittle 17 Yd pass from Mac Jones (Eddy Pineiro Kick) |
| HOU | 3 | TD | Xavier Hutchinson 30 Yd pass from C.J. Stroud (Ka'imi Fairbairn Kick) |
| SF | 3 | TD | Jake Tonges 2 Yd pass from Mac Jones (Mac Jones Pass to Demarcus Robinson for Two-Point Conversion) |
| HOU | 4 | FG | Ka'imi Fairbairn 30 Yd Field Goal |




**Passing Leaders**

|Team|Player|C/ATT|YDS|TD|INT|SACKS|
|:--|:--|--:|--:|--:|--:|--:|
| SF | Mac Jones | 19/32 | 193 | 2 | 1 | 2-18 |
| HOU | C.J. Stroud | 30/39 | 318 | 2 | 1 | 0-0 |

**Rushing Leaders**

|Team|Player|CAR|YDS|AVG|TD|LONG|
|:--|:--|--:|--:|--:|--:|--:|
| SF | Christian McCaffrey | 8 | 25 | 3.1 | 0 | 9 |
| HOU | Woody Marks | 11 | 62 | 5.6 | 0 | 23 |

**Receiving Leaders**

|Team|Player|REC|YDS|AVG|TD|LONG|TGTS|
|:--|:--|--:|--:|--:|--:|--:|--:|
| SF | Jauan Jennings | 4 | 45 | 11.3 | 0 | 25 | 7 |
| HOU | Xavier Hutchinson | 5 | 69 | 13.8 | 1 | 30 | 6 |


***

Use [reddit-stream.com](https://reddit-stream.com/comments/auto) to get an autorefreshing version of this page

^This ^was ^created ^by ^a ^bot. ^For ^issues ^or ^suggestions ^please ^message ^nfl_gdt_bot.

^Last ^updated: ^2025-10-26_16:32:55.284606-04:00 Offense looked to be in rhythm all day other than settling for 4 FGs. When you have a defense as elite as ours though, FGs might get you a lot of wins! Let’s keep it rolling.",723338.0,negative,0.008,0.956,0.036,0.7734
1oguefg,1761509546.0,2684,0.98,241,🏈 Game Thread,"Post Game Thread: San Francisco 49ers at Houston Texans #San Francisco 49ers at Houston Texans

[ESPN Gamecast](https://www.espn.com/nfl/game/_/gameId/401772866/49ers-texans)

NRG Stadium- Houston, TX

Network(s): FOX 

***

|Time Clock|
|:--:|
|Final|

**Scoreboard**

||Q1|Q2|Q3|Q4|Total|
|:--:|:--:|:--:|:--:|:--:|:--:|
|SF|0|7|8|0|15|
|HOU|3|13|7|3|26|


**Scoring Plays**

| Team | Quarter | Type | Description |
|:--|:--|:--|:--|
| HOU | 1 | FG | Ka'imi Fairbairn 33 Yd Field Goal |
| HOU | 2 | FG | Ka'imi Fairbairn 34 Yd Field Goal |
| HOU | 2 | TD | Jayden Higgins 12 Yd pass from C.J. Stroud (Ka'imi Fairbairn Kick) |
| HOU | 2 | FG | Ka'imi Fairbairn 37 Yd Field Goal  |
| SF | 2 | TD | George Kittle 17 Yd pass from Mac Jones (Eddy Pineiro Kick) |
| HOU | 3 | TD | Xavier Hutchinson 30 Yd pass from C.J. Stroud (Ka'imi Fairbairn Kick) |
| SF | 3 | TD | Jake Tonges 2 Yd pass from Mac Jones (Mac Jones Pass to Demarcus Robinson for Two-Point Conversion) |
| HOU | 4 | FG | Ka'imi Fairbairn 30 Yd Field Goal |




**Passing Leaders**

|Team|Player|C/ATT|YDS|TD|INT|SACKS|
|:--|:--|--:|--:|--:|--:|--:|
| SF | Mac Jones | 19/32 | 193 | 2 | 1 | 2-18 |
| HOU | C.J. Stroud | 30/39 | 318 | 2 | 1 | 0-0 |

**Rushing Leaders**

|Team|Player|CAR|YDS|AVG|TD|LONG|
|:--|:--|--:|--:|--:|--:|--:|
| SF | Christian McCaffrey | 8 | 25 | 3.1 | 0 | 9 |
| HOU | Woody Marks | 11 | 62 | 5.6 | 0 | 23 |

**Receiving Leaders**

|Team|Player|REC|YDS|AVG|TD|LONG|TGTS|
|:--|:--|--:|--:|--:|--:|--:|--:|
| SF | Jauan Jennings | 4 | 45 | 11.3 | 0 | 25 | 7 |
| HOU | Xavier Hutchinson | 5 | 69 | 13.8 | 1 | 30 | 6 |


***

Use [reddit-stream.com](https://reddit-stream.com/comments/auto) to get an autorefreshing version of this page

^This ^was ^created ^by ^a ^bot. ^For ^issues ^or ^suggestions ^please ^message ^nfl_gdt_bot.

^Last ^updated: ^2025-10-26_16:32:55.284606-04:00 Stat of the day: 0 sacks on CJ

![gif](giphy|tkApIfibjeWt1ufWwj)",636537.0,negative,0.0,0.984,0.016,0.5461
1oguefg,1761509077.0,2318,0.98,241,🏈 Game Thread,"Post Game Thread: San Francisco 49ers at Houston Texans #San Francisco 49ers at Houston Texans

[ESPN Gamecast](https://www.espn.com/nfl/game/_/gameId/401772866/49ers-texans)

NRG Stadium- Houston, TX

Network(s): FOX 

***

|Time Clock|
|:--:|
|Final|

**Scoreboard**

||Q1|Q2|Q3|Q4|Total|
|:--:|:--:|:--:|:--:|:--:|:--:|
|SF|0|7|8|0|15|
|HOU|3|13|7|3|26|


**Scoring Plays**

| Team | Quarter | Type | Description |
|:--|:--|:--|:--|
| HOU | 1 | FG | Ka'imi Fairbairn 33 Yd Field Goal |
| HOU | 2 | FG | Ka'imi Fairbairn 34 Yd Field Goal |
| HOU | 2 | TD | Jayden Higgins 12 Yd pass from C.J. Stroud (Ka'imi Fairbairn Kick) |
| HOU | 2 | FG | Ka'imi Fairbairn 37 Yd Field Goal  |
| SF | 2 | TD | George Kittle 17 Yd pass from Mac Jones (Eddy Pineiro Kick) |
| HOU | 3 | TD | Xavier Hutchinson 30 Yd pass from C.J. Stroud (Ka'imi Fairbairn Kick) |
| SF | 3 | TD | Jake Tonges 2 Yd pass from Mac Jones (Mac Jones Pass to Demarcus Robinson for Two-Point Conversion) |
| HOU | 4 | FG | Ka'imi Fairbairn 30 Yd Field Goal |




**Passing Leaders**

|Team|Player|C/ATT|YDS|TD|INT|SACKS|
|:--|:--|--:|--:|--:|--:|--:|
| SF | Mac Jones | 19/32 | 193 | 2 | 1 | 2-18 |
| HOU | C.J. Stroud | 30/39 | 318 | 2 | 1 | 0-0 |

**Rushing Leaders**

|Team|Player|CAR|YDS|AVG|TD|LONG|
|:--|:--|--:|--:|--:|--:|--:|
| SF | Christian McCaffrey | 8 | 25 | 3.1 | 0 | 9 |
| HOU | Woody Marks | 11 | 62 | 5.6 | 0 | 23 |

**Receiving Leaders**

|Team|Player|REC|YDS|AVG|TD|LONG|TGTS|
|:--|:--|--:|--:|--:|--:|--:|--:|
| SF | Jauan Jennings | 4 | 45 | 11.3 | 0 | 25 | 7 |
| HOU | Xavier Hutchinson | 5 | 69 | 13.8 | 1 | 30 | 6 |


***

Use [reddit-stream.com](https://reddit-stream.com/comments/auto) to get an autorefreshing version of this page

^This ^was ^created ^by ^a ^bot. ^For ^issues ^or ^suggestions ^please ^message ^nfl_gdt_bot.

^Last ^updated: ^2025-10-26_16:32:55.284606-04:00 3-4 is way different than 2-5. The guys got to keep the momentum going.",549737.0,negative,0.0,0.985,0.015,0.4995
1oguefg,1761509449.0,2074,0.98,241,🏈 Game Thread,"Post Game Thread: San Francisco 49ers at Houston Texans #San Francisco 49ers at Houston Texans

[ESPN Gamecast](https://www.espn.com/nfl/game/_/gameId/401772866/49ers-texans)

NRG Stadium- Houston, TX

Network(s): FOX 

***

|Time Clock|
|:--:|
|Final|

**Scoreboard**

||Q1|Q2|Q3|Q4|Total|
|:--:|:--:|:--:|:--:|:--:|:--:|
|SF|0|7|8|0|15|
|HOU|3|13|7|3|26|


**Scoring Plays**

| Team | Quarter | Type | Description |
|:--|:--|:--|:--|
| HOU | 1 | FG | Ka'imi Fairbairn 33 Yd Field Goal |
| HOU | 2 | FG | Ka'imi Fairbairn 34 Yd Field Goal |
| HOU | 2 | TD | Jayden Higgins 12 Yd pass from C.J. Stroud (Ka'imi Fairbairn Kick) |
| HOU | 2 | FG | Ka'imi Fairbairn 37 Yd Field Goal  |
| SF | 2 | TD | George Kittle 17 Yd pass from Mac Jones (Eddy Pineiro Kick) |
| HOU | 3 | TD | Xavier Hutchinson 30 Yd pass from C.J. Stroud (Ka'imi Fairbairn Kick) |
| SF | 3 | TD | Jake Tonges 2 Yd pass from Mac Jones (Mac Jones Pass to Demarcus Robinson for Two-Point Conversion) |
| HOU | 4 | FG | Ka'imi Fairbairn 30 Yd Field Goal |




**Passing Leaders**

|Team|Player|C/ATT|YDS|TD|INT|SACKS|
|:--|:--|--:|--:|--:|--:|--:|
| SF | Mac Jones | 19/32 | 193 | 2 | 1 | 2-18 |
| HOU | C.J. Stroud | 30/39 | 318 | 2 | 1 | 0-0 |

**Rushing Leaders**

|Team|Player|CAR|YDS|AVG|TD|LONG|
|:--|:--|--:|--:|--:|--:|--:|
| SF | Christian McCaffrey | 8 | 25 | 3.1 | 0 | 9 |
| HOU | Woody Marks | 11 | 62 | 5.6 | 0 | 23 |

**Receiving Leaders**

|Team|Player|REC|YDS|AVG|TD|LONG|TGTS|
|:--|:--|--:|--:|--:|--:|--:|--:|
| SF | Jauan Jennings | 4 | 45 | 11.3 | 0 | 25 | 7 |
| HOU | Xavier Hutchinson | 5 | 69 | 13.8 | 1 | 30 | 6 |


***

Use [reddit-stream.com](https://reddit-stream.com/comments/auto) to get an autorefreshing version of this page

^This ^was ^created ^by ^a ^bot. ^For ^issues ^or ^suggestions ^please ^message ^nfl_gdt_bot.

^Last ^updated: ^2025-10-26_16:32:55.284606-04:00 I think it's clear that we're very capable of beating any team that has a weak pass rush. The issue is that we have an incredibly hard time beating teams with a strong pass rush. We're in a very weird spot...",491870.0,negative,0.051,0.902,0.047,-0.0226
1oguefg,1761509083.0,1952,0.98,241,🏈 Game Thread,"Post Game Thread: San Francisco 49ers at Houston Texans #San Francisco 49ers at Houston Texans

[ESPN Gamecast](https://www.espn.com/nfl/game/_/gameId/401772866/49ers-texans)

NRG Stadium- Houston, TX

Network(s): FOX 

***

|Time Clock|
|:--:|
|Final|

**Scoreboard**

||Q1|Q2|Q3|Q4|Total|
|:--:|:--:|:--:|:--:|:--:|:--:|
|SF|0|7|8|0|15|
|HOU|3|13|7|3|26|


**Scoring Plays**

| Team | Quarter | Type | Description |
|:--|:--|:--|:--|
| HOU | 1 | FG | Ka'imi Fairbairn 33 Yd Field Goal |
| HOU | 2 | FG | Ka'imi Fairbairn 34 Yd Field Goal |
| HOU | 2 | TD | Jayden Higgins 12 Yd pass from C.J. Stroud (Ka'imi Fairbairn Kick) |
| HOU | 2 | FG | Ka'imi Fairbairn 37 Yd Field Goal  |
| SF | 2 | TD | George Kittle 17 Yd pass from Mac Jones (Eddy Pineiro Kick) |
| HOU | 3 | TD | Xavier Hutchinson 30 Yd pass from C.J. Stroud (Ka'imi Fairbairn Kick) |
| SF | 3 | TD | Jake Tonges 2 Yd pass from Mac Jones (Mac Jones Pass to Demarcus Robinson for Two-Point Conversion) |
| HOU | 4 | FG | Ka'imi Fairbairn 30 Yd Field Goal |




**Passing Leaders**

|Team|Player|C/ATT|YDS|TD|INT|SACKS|
|:--|:--|--:|--:|--:|--:|--:|
| SF | Mac Jones | 19/32 | 193 | 2 | 1 | 2-18 |
| HOU | C.J. Stroud | 30/39 | 318 | 2 | 1 | 0-0 |

**Rushing Leaders**

|Team|Player|CAR|YDS|AVG|TD|LONG|
|:--|:--|--:|--:|--:|--:|--:|
| SF | Christian McCaffrey | 8 | 25 | 3.1 | 0 | 9 |
| HOU | Woody Marks | 11 | 62 | 5.6 | 0 | 23 |

**Receiving Leaders**

|Team|Player|REC|YDS|AVG|TD|LONG|TGTS|
|:--|:--|--:|--:|--:|--:|--:|--:|
| SF | Jauan Jennings | 4 | 45 | 11.3 | 0 | 25 | 7 |
| HOU | Xavier Hutchinson | 5 | 69 | 13.8 | 1 | 30 | 6 |


***

Use [reddit-stream.com](https://reddit-stream.com/comments/auto) to get an autorefreshing version of this page

^This ^was ^created ^by ^a ^bot. ^For ^issues ^or ^suggestions ^please ^message ^nfl_gdt_bot.

^Last ^updated: ^2025-10-26_16:32:55.284606-04:00 This is the blueprint for this team. If we can improve on red zone offense then we can turn it around. The defense will do its part 

Go Texans",462936.0,negative,0.008,0.96,0.032,0.6841
1oguefg,1761509095.0,1586,0.98,241,🏈 Game Thread,"Post Game Thread: San Francisco 49ers at Houston Texans #San Francisco 49ers at Houston Texans

[ESPN Gamecast](https://www.espn.com/nfl/game/_/gameId/401772866/49ers-texans)

NRG Stadium- Houston, TX

Network(s): FOX 

***

|Time Clock|
|:--:|
|Final|

**Scoreboard**

||Q1|Q2|Q3|Q4|Total|
|:--:|:--:|:--:|:--:|:--:|:--:|
|SF|0|7|8|0|15|
|HOU|3|13|7|3|26|


**Scoring Plays**

| Team | Quarter | Type | Description |
|:--|:--|:--|:--|
| HOU | 1 | FG | Ka'imi Fairbairn 33 Yd Field Goal |
| HOU | 2 | FG | Ka'imi Fairbairn 34 Yd Field Goal |
| HOU | 2 | TD | Jayden Higgins 12 Yd pass from C.J. Stroud (Ka'imi Fairbairn Kick) |
| HOU | 2 | FG | Ka'imi Fairbairn 37 Yd Field Goal  |
| SF | 2 | TD | George Kittle 17 Yd pass from Mac Jones (Eddy Pineiro Kick) |
| HOU | 3 | TD | Xavier Hutchinson 30 Yd pass from C.J. Stroud (Ka'imi Fairbairn Kick) |
| SF | 3 | TD | Jake Tonges 2 Yd pass from Mac Jones (Mac Jones Pass to Demarcus Robinson for Two-Point Conversion) |
| HOU | 4 | FG | Ka'imi Fairbairn 30 Yd Field Goal |




**Passing Leaders**

|Team|Player|C/ATT|YDS|TD|INT|SACKS|
|:--|:--|--:|--:|--:|--:|--:|
| SF | Mac Jones | 19/32 | 193 | 2 | 1 | 2-18 |
| HOU | C.J. Stroud | 30/39 | 318 | 2 | 1 | 0-0 |

**Rushing Leaders**

|Team|Player|CAR|YDS|AVG|TD|LONG|
|:--|:--|--:|--:|--:|--:|--:|
| SF | Christian McCaffrey | 8 | 25 | 3.1 | 0 | 9 |
| HOU | Woody Marks | 11 | 62 | 5.6 | 0 | 23 |

**Receiving Leaders**

|Team|Player|REC|YDS|AVG|TD|LONG|TGTS|
|:--|:--|--:|--:|--:|--:|--:|--:|
| SF | Jauan Jennings | 4 | 45 | 11.3 | 0 | 25 | 7 |
| HOU | Xavier Hutchinson | 5 | 69 | 13.8 | 1 | 30 | 6 |


***

Use [reddit-stream.com](https://reddit-stream.com/comments/auto) to get an autorefreshing version of this page

^This ^was ^created ^by ^a ^bot. ^For ^issues ^or ^suggestions ^please ^message ^nfl_gdt_bot.

^Last ^updated: ^2025-10-26_16:32:55.284606-04:00 I mean you look up and were 3-4 with 2 WINNABLE home games coming. Maybe just maybe",376136.0,negative,0.0,0.97,0.03,0.7761
1oguefg,1761509217.0,1464,0.98,241,🏈 Game Thread,"Post Game Thread: San Francisco 49ers at Houston Texans #San Francisco 49ers at Houston Texans

[ESPN Gamecast](https://www.espn.com/nfl/game/_/gameId/401772866/49ers-texans)

NRG Stadium- Houston, TX

Network(s): FOX 

***

|Time Clock|
|:--:|
|Final|

**Scoreboard**

||Q1|Q2|Q3|Q4|Total|
|:--:|:--:|:--:|:--:|:--:|:--:|
|SF|0|7|8|0|15|
|HOU|3|13|7|3|26|


**Scoring Plays**

| Team | Quarter | Type | Description |
|:--|:--|:--|:--|
| HOU | 1 | FG | Ka'imi Fairbairn 33 Yd Field Goal |
| HOU | 2 | FG | Ka'imi Fairbairn 34 Yd Field Goal |
| HOU | 2 | TD | Jayden Higgins 12 Yd pass from C.J. Stroud (Ka'imi Fairbairn Kick) |
| HOU | 2 | FG | Ka'imi Fairbairn 37 Yd Field Goal  |
| SF | 2 | TD | George Kittle 17 Yd pass from Mac Jones (Eddy Pineiro Kick) |
| HOU | 3 | TD | Xavier Hutchinson 30 Yd pass from C.J. Stroud (Ka'imi Fairbairn Kick) |
| SF | 3 | TD | Jake Tonges 2 Yd pass from Mac Jones (Mac Jones Pass to Demarcus Robinson for Two-Point Conversion) |
| HOU | 4 | FG | Ka'imi Fairbairn 30 Yd Field Goal |




**Passing Leaders**

|Team|Player|C/ATT|YDS|TD|INT|SACKS|
|:--|:--|--:|--:|--:|--:|--:|
| SF | Mac Jones | 19/32 | 193 | 2 | 1 | 2-18 |
| HOU | C.J. Stroud | 30/39 | 318 | 2 | 1 | 0-0 |

**Rushing Leaders**

|Team|Player|CAR|YDS|AVG|TD|LONG|
|:--|:--|--:|--:|--:|--:|--:|
| SF | Christian McCaffrey | 8 | 25 | 3.1 | 0 | 9 |
| HOU | Woody Marks | 11 | 62 | 5.6 | 0 | 23 |

**Receiving Leaders**

|Team|Player|REC|YDS|AVG|TD|LONG|TGTS|
|:--|:--|--:|--:|--:|--:|--:|--:|
| SF | Jauan Jennings | 4 | 45 | 11.3 | 0 | 25 | 7 |
| HOU | Xavier Hutchinson | 5 | 69 | 13.8 | 1 | 30 | 6 |


***

Use [reddit-stream.com](https://reddit-stream.com/comments/auto) to get an autorefreshing version of this page

^This ^was ^created ^by ^a ^bot. ^For ^issues ^or ^suggestions ^please ^message ^nfl_gdt_bot.

^Last ^updated: ^2025-10-26_16:32:55.284606-04:00 Maybe I’m just a homer but commentary was constantly about 49ers. 
How do we dominate on both sides of the ball and still all the talk is about the other team??",347202.0,negative,0.007,0.982,0.01,0.1844
1oguefg,1761508970.0,8174,0.98,241,🏈 Game Thread,"Post Game Thread: San Francisco 49ers at Houston Texans #San Francisco 49ers at Houston Texans

[ESPN Gamecast](https://www.espn.com/nfl/game/_/gameId/401772866/49ers-texans)

NRG Stadium- Houston, TX

Network(s): FOX 

***

|Time Clock|
|:--:|
|Final|

**Scoreboard**

||Q1|Q2|Q3|Q4|Total|
|:--:|:--:|:--:|:--:|:--:|:--:|
|SF|0|7|8|0|15|
|HOU|3|13|7|3|26|


**Scoring Plays**

| Team | Quarter | Type | Description |
|:--|:--|:--|:--|
| HOU | 1 | FG | Ka'imi Fairbairn 33 Yd Field Goal |
| HOU | 2 | FG | Ka'imi Fairbairn 34 Yd Field Goal |
| HOU | 2 | TD | Jayden Higgins 12 Yd pass from C.J. Stroud (Ka'imi Fairbairn Kick) |
| HOU | 2 | FG | Ka'imi Fairbairn 37 Yd Field Goal  |
| SF | 2 | TD | George Kittle 17 Yd pass from Mac Jones (Eddy Pineiro Kick) |
| HOU | 3 | TD | Xavier Hutchinson 30 Yd pass from C.J. Stroud (Ka'imi Fairbairn Kick) |
| SF | 3 | TD | Jake Tonges 2 Yd pass from Mac Jones (Mac Jones Pass to Demarcus Robinson for Two-Point Conversion) |
| HOU | 4 | FG | Ka'imi Fairbairn 30 Yd Field Goal |




**Passing Leaders**

|Team|Player|C/ATT|YDS|TD|INT|SACKS|
|:--|:--|--:|--:|--:|--:|--:|
| SF | Mac Jones | 19/32 | 193 | 2 | 1 | 2-18 |
| HOU | C.J. Stroud | 30/39 | 318 | 2 | 1 | 0-0 |

**Rushing Leaders**

|Team|Player|CAR|YDS|AVG|TD|LONG|
|:--|:--|--:|--:|--:|--:|--:|
| SF | Christian McCaffrey | 8 | 25 | 3.1 | 0 | 9 |
| HOU | Woody Marks | 11 | 62 | 5.6 | 0 | 23 |

**Receiving Leaders**

|Team|Player|REC|YDS|AVG|TD|LONG|TGTS|
|:--|:--|--:|--:|--:|--:|--:|--:|
| SF | Jauan Jennings | 4 | 45 | 11.3 | 0 | 25 | 7 |
| HOU | Xavier Hutchinson | 5 | 69 | 13.8 | 1 | 30 | 6 |


***

Use [reddit-stream.com](https://reddit-stream.com/comments/auto) to get an autorefreshing version of this page

^This ^was ^created ^by ^a ^bot. ^For ^issues ^or ^suggestions ^please ^message ^nfl_gdt_bot.

^Last ^updated: ^2025-10-26_16:32:55.284606-04:00 https://preview.redd.it/xkmd8wpjiixf1.jpeg?width=1170&format=pjpg&auto=webp&s=127046ed0c6091e141be8c0d6ddb803c06f800b6",1938546.0,negative,0.0,0.984,0.016,0.4995
1oguefg,1761508992.0,2440,0.98,241,🏈 Game Thread,"Post Game Thread: San Francisco 49ers at Houston Texans #San Francisco 49ers at Houston Texans

[ESPN Gamecast](https://www.espn.com/nfl/game/_/gameId/401772866/49ers-texans)

NRG Stadium- Houston, TX

Network(s): FOX 

***

|Time Clock|
|:--:|
|Final|

**Scoreboard**

||Q1|Q2|Q3|Q4|Total|
|:--:|:--:|:--:|:--:|:--:|:--:|
|SF|0|7|8|0|15|
|HOU|3|13|7|3|26|


**Scoring Plays**

| Team | Quarter | Type | Description |
|:--|:--|:--|:--|
| HOU | 1 | FG | Ka'imi Fairbairn 33 Yd Field Goal |
| HOU | 2 | FG | Ka'imi Fairbairn 34 Yd Field Goal |
| HOU | 2 | TD | Jayden Higgins 12 Yd pass from C.J. Stroud (Ka'imi Fairbairn Kick) |
| HOU | 2 | FG | Ka'imi Fairbairn 37 Yd Field Goal  |
| SF | 2 | TD | George Kittle 17 Yd pass from Mac Jones (Eddy Pineiro Kick) |
| HOU | 3 | TD | Xavier Hutchinson 30 Yd pass from C.J. Stroud (Ka'imi Fairbairn Kick) |
| SF | 3 | TD | Jake Tonges 2 Yd pass from Mac Jones (Mac Jones Pass to Demarcus Robinson for Two-Point Conversion) |
| HOU | 4 | FG | Ka'imi Fairbairn 30 Yd Field Goal |




**Passing Leaders**

|Team|Player|C/ATT|YDS|TD|INT|SACKS|
|:--|:--|--:|--:|--:|--:|--:|
| SF | Mac Jones | 19/32 | 193 | 2 | 1 | 2-18 |
| HOU | C.J. Stroud | 30/39 | 318 | 2 | 1 | 0-0 |

**Rushing Leaders**

|Team|Player|CAR|YDS|AVG|TD|LONG|
|:--|:--|--:|--:|--:|--:|--:|
| SF | Christian McCaffrey | 8 | 25 | 3.1 | 0 | 9 |
| HOU | Woody Marks | 11 | 62 | 5.6 | 0 | 23 |

**Receiving Leaders**

|Team|Player|REC|YDS|AVG|TD|LONG|TGTS|
|:--|:--|--:|--:|--:|--:|--:|--:|
| SF | Jauan Jennings | 4 | 45 | 11.3 | 0 | 25 | 7 |
| HOU | Xavier Hutchinson | 5 | 69 | 13.8 | 1 | 30 | 6 |


***

Use [reddit-stream.com](https://reddit-stream.com/comments/auto) to get an autorefreshing version of this page

^This ^was ^created ^by ^a ^bot. ^For ^issues ^or ^suggestions ^please ^message ^nfl_gdt_bot.

^Last ^updated: ^2025-10-26_16:32:55.284606-04:00 Great bounce back game",578670.0,negative,0.0,0.966,0.034,0.8091
1ogu8he,1761509049.0,49600,0.99,19,📹 Highlight,"LASSITER POTENTIALLY SEALS THE GAME WITH A CLUTCH PICK. WAJ WITH THE PRESSURE.  CJ got sacked ZERO TIMES, am I dreaming?",982080.0,negative,0.14,0.86,0.0,-0.4466
1ogu8he,1761508610.0,20000,0.99,19,📹 Highlight,LASSITER POTENTIALLY SEALS THE GAME WITH A CLUTCH PICK. WAJ WITH THE PRESSURE.  Shocked to see a potential defensive penalty not be called on us lol,396000.0,negative,0.264,0.61,0.125,-0.6523
1ogu8he,1761524506.0,5600,0.99,19,📹 Highlight,LASSITER POTENTIALLY SEALS THE GAME WITH A CLUTCH PICK. WAJ WITH THE PRESSURE.  Will Anderson man. I have not had this much fun watching a Texan on defense since JJ. He’s such a game wrecker,110880.0,negative,0.078,0.721,0.201,0.5574
1ogu8he,1761520125.0,2800,0.99,19,📹 Highlight,"LASSITER POTENTIALLY SEALS THE GAME WITH A CLUTCH PICK. WAJ WITH THE PRESSURE.  this was my favorite play of the game, glad it happened for Lassiter once again. He's having a great year",55440.0,negative,0.071,0.628,0.302,0.8614
1ogu8he,1761524421.0,800,0.99,19,📹 Highlight,LASSITER POTENTIALLY SEALS THE GAME WITH A CLUTCH PICK. WAJ WITH THE PRESSURE.  Defense always holding it down,15840.0,negative,0.151,0.772,0.077,-0.347
1ogu8he,1761539597.0,400,0.99,19,📹 Highlight,LASSITER POTENTIALLY SEALS THE GAME WITH A CLUTCH PICK. WAJ WITH THE PRESSURE.  Genuinely one of the best plays I’ve ever seen. Kamari Lassiter is a DOG and my new favorite player,7920.0,negative,0.077,0.682,0.241,0.7405
1ogtjdr,1761509040.0,3059,0.99,4,📹 Highlight,"British Brooks, my goodness. That man has a family. 🇬🇧  Brooks isn't the best fullback but when he shines he shines.",15142.0,negative,0.098,0.811,0.09,-0.0475
1ogtjdr,1761523680.0,1449,0.99,4,📹 Highlight,"British Brooks, my goodness. That man has a family. 🇬🇧  https://www.click2houston.com/sports/2025/08/28/how-british-brooks-violence-approach-to-special-teams-earned-him-texans-roster-spot-team-praises-toughness/

Brooks had a one-word answer that captured the ethos of what it takes to be good at one of the fastest-paced and hardest-hitting parts of the NFL.

“Violence,” Brooks said with a smile",7173.0,negative,0.0,0.819,0.181,0.8126
1ogt28d,1761505877.0,11850,1.0,20,📹 Highlight,"CJ FINDS X ON A LASER TO EXTEND THE LEAD. A 94 YARD TD DRIVE EXTENDS THE LEAD, 23-7.  Stroud over 300 yards too!",248850.0,negative,0.0,0.793,0.207,0.607
1ogt28d,1761505843.0,11850,1.0,20,📹 Highlight,"CJ FINDS X ON A LASER TO EXTEND THE LEAD. A 94 YARD TD DRIVE EXTENDS THE LEAD, 23-7.  What is going on!!!!! (Not complaining but I am in disbelief",248850.0,negative,0.048,0.796,0.156,0.4768
1ogt28d,1761505900.0,9954,1.0,20,📹 Highlight,"CJ FINDS X ON A LASER TO EXTEND THE LEAD. A 94 YARD TD DRIVE EXTENDS THE LEAD, 23-7.  PRIME CJ IS BACK cause for the first time since his rookie season ( I think) he has over 300 passing yards with NO NICO!!!",209034.0,negative,0.066,0.809,0.125,0.3837
1ogt28d,1761505957.0,4029,1.0,20,📹 Highlight,"CJ FINDS X ON A LASER TO EXTEND THE LEAD. A 94 YARD TD DRIVE EXTENDS THE LEAD, 23-7.  That pass was a lazer!",84609.0,negative,0.0,0.784,0.216,0.607
1ogt28d,1761506459.0,1659,1.0,20,📹 Highlight,"CJ FINDS X ON A LASER TO EXTEND THE LEAD. A 94 YARD TD DRIVE EXTENDS THE LEAD, 23-7.  Made that look as easy as possible.",34839.0,negative,0.0,0.726,0.274,0.7626
1ogt28d,1761506576.0,1422,1.0,20,📹 Highlight,"CJ FINDS X ON A LASER TO EXTEND THE LEAD. A 94 YARD TD DRIVE EXTENDS THE LEAD, 23-7.  This game is still too close for my liking. It feels like we should be up by 21 not 8",29862.0,negative,0.0,0.759,0.241,0.8345
1ogt28d,1761530960.0,237,1.0,20,📹 Highlight,"CJ FINDS X ON A LASER TO EXTEND THE LEAD. A 94 YARD TD DRIVE EXTENDS THE LEAD, 23-7.  'X gonna give it to ya!' - DMX (smiling from heaven or that other place)",4977.0,negative,0.0,0.766,0.234,0.8052
1ogt28d,1761551685.0,237,1.0,20,📹 Highlight,"CJ FINDS X ON A LASER TO EXTEND THE LEAD. A 94 YARD TD DRIVE EXTENDS THE LEAD, 23-7.  I think this season is over from a SB stand point, and only a small chance for some playoff fun but damn, I'm having fun at least.",4977.0,negative,0.072,0.694,0.233,0.708
1ogrmqq,1761502524.0,2091,0.98,7,📹 Highlight,"Great catch by X, Iowa State Texans are locked in today  Some great Complementary Football being played today for once..",16393.0,negative,0.0,0.616,0.384,0.891
1ogrmqq,1761502509.0,1968,0.98,7,📹 Highlight,"Great catch by X, Iowa State Texans are locked in today  Cyclones balling today. ",15429.0,negative,0.0,0.76,0.24,0.6249
1ogrmqq,1761518704.0,492,0.98,7,📹 Highlight,"Great catch by X, Iowa State Texans are locked in today  This game was way more fun as an iowa state fan then the game yesterday.",3857.0,negative,0.0,0.697,0.303,0.8748
1ogrmqq,1761505798.0,246,0.98,7,📹 Highlight,"Great catch by X, Iowa State Texans are locked in today  I'm feeling .... Gruntled ?",1929.0,negative,0.0,0.699,0.301,0.6808
1ogrmqq,1761505656.0,123,0.98,7,📹 Highlight,"Great catch by X, Iowa State Texans are locked in today  Finally the offense helping this great defense play a damn game",964.0,negative,0.142,0.424,0.433,0.8625
1ogrmqq,1761521400.0,123,0.98,7,📹 Highlight,"Great catch by X, Iowa State Texans are locked in today  Hutch makes some amazing catches man. Like idk that guy has some special ball skills. We need to use him on some specialized plays or something. Last year he made a catch during one of the chiefs games that I will never forget too.",964.0,negative,0.022,0.717,0.261,0.9368
1ogr9m6,1761501610.0,24564,1.0,15,📹 Highlight,JAYDEN HIGGINS. TOUCHDOWN. 13-0 LEAD.  Lol the one time we have to play rookies and they ball out . Fuckin caley,393024.0,negative,0.0,0.776,0.224,0.6369
1ogr9m6,1761501670.0,11748,1.0,15,📹 Highlight,JAYDEN HIGGINS. TOUCHDOWN. 13-0 LEAD.  This team is playing with my emotions.,187968.0,negative,0.0,0.859,0.141,0.2023
1ogr9m6,1761501812.0,9612,1.0,15,📹 Highlight,JAYDEN HIGGINS. TOUCHDOWN. 13-0 LEAD.  Where the heck has this play calling been all year??,153792.0,negative,0.0,0.818,0.182,0.4784
1ogr9m6,1761501714.0,8811,1.0,15,📹 Highlight,JAYDEN HIGGINS. TOUCHDOWN. 13-0 LEAD.  Who is this team throwing at rookies that get open?,140976.0,negative,0.0,1.0,0.0,0.0
1ogr9m6,1761501923.0,2403,1.0,15,📹 Highlight,JAYDEN HIGGINS. TOUCHDOWN. 13-0 LEAD.  Every time I get apathetic we start playing better. I think I need to get more depressed for the good of Houston,38448.0,negative,0.179,0.587,0.235,0.204
1ogr9m6,1761501727.0,1869,1.0,15,📹 Highlight,JAYDEN HIGGINS. TOUCHDOWN. 13-0 LEAD.  What is going on???????,29904.0,negative,0.0,1.0,0.0,0.0
1ogr73u,1761501492.0,9196,0.99,16,📹 Highlight,CJ ➡️ Noel  Hes definitely got the Amon Ra st brown build i hope he turns into a stud,154769.0,negative,0.0,0.728,0.272,0.6808
1ogr73u,1761501503.0,5643,0.99,16,📹 Highlight,CJ ➡️ Noel  Vintage 2023 Stroud play right there. It's giving TD Pass to Schultz against the Browns in the WC round.,94972.0,negative,0.0,0.806,0.194,0.5859
1ogr73u,1761501724.0,4598,0.99,16,📹 Highlight,CJ ➡️ Noel  Vintage CJ,77384.0,negative,0.0,1.0,0.0,0.0
1ogr73u,1761501609.0,3553,0.99,16,📹 Highlight,CJ ➡️ Noel  We found Tank Dell 2.0,59797.0,positive,0.0,1.0,0.0,0.0
1ogr73u,1761501494.0,2299,0.99,16,📹 Highlight,CJ ➡️ Noel  what a beautiful play. the throw made me cry,38692.0,neutral,0.178,0.46,0.362,0.4939
1ogr73u,1761505570.0,2090,0.99,16,📹 Highlight,CJ ➡️ Noel  CJ finally found a new Tank,35175.0,negative,0.0,1.0,0.0,0.0
1ogr73u,1761521184.0,1463,0.99,16,📹 Highlight,"CJ ➡️ Noel  When I saw that release I knew it was gonna be a dime, had me shedding a tear. Looked just like old CJ today man. I’ve got my doubts we keep it going but I hope we do man this win felt pretty solid. While the niners are a pretty beat up team they have been a winning team lately.",24622.0,negative,0.021,0.627,0.352,0.9806
1ogr73u,1761569765.0,418,0.99,16,📹 Highlight,CJ ➡️ Noel  Strouds release looks like he barely throws it,7035.0,negative,0.0,0.8,0.2,0.3612
1ogr73u,1761659051.0,418,0.99,16,📹 Highlight,CJ ➡️ Noel  I really like Noel.  I really like Higgins too.  I know we should have drafted 3 linemen in a row but I can see why Caserio got greedy tbh.,7035.0,negative,0.099,0.773,0.128,-0.0405
1ogr73u,1761625774.0,209,0.99,16,📹 Highlight,CJ ➡️ Noel  ![gif](giphy|axu6dFuca4HKM),3517.0,neutral,0.0,1.0,0.0,0.0
1ogjwhh,1761486033.0,9064,0.98,36,🗞 News,"Azeez Al-Shaair avoids fine for tackling Sam Darnold out of bounds  Funny thing is, he got a flag because he could've given Sammy a concussion. 

Seahawks did the same thing to Nico and actually did give him a concussion (no flag though).",328661.0,negative,0.04,0.849,0.111,0.4588
1ogjwhh,1761483875.0,3605,0.98,36,🗞 News,Azeez Al-Shaair avoids fine for tackling Sam Darnold out of bounds  But gave us the L for it.  Cool,130717.0,negative,0.065,0.725,0.21,0.4588
1ogjwhh,1761483984.0,2163,0.98,36,🗞 News,Azeez Al-Shaair avoids fine for tackling Sam Darnold out of bounds  My man is a habitual line stepper.,78430.0,neutral,0.092,0.811,0.097,0.0258
1ogjwhh,1761485429.0,2163,0.98,36,🗞 News,Azeez Al-Shaair avoids fine for tackling Sam Darnold out of bounds  r/nfl in shambles.,78430.0,positive,0.11,0.774,0.116,0.0258
1ogjwhh,1761484169.0,2472,0.98,36,🗞 News,Azeez Al-Shaair avoids fine for tackling Sam Darnold out of bounds  I’m getting tired of this guy. I love the energy but I don’t love the penalties,89635.0,positive,0.098,0.565,0.337,0.8422
1ogjwhh,1761489957.0,309,0.98,36,🗞 News,Azeez Al-Shaair avoids fine for tackling Sam Darnold out of bounds  Still love him,11204.0,negative,0.091,0.588,0.321,0.6486
1ogjwhh,1761491446.0,309,0.98,36,🗞 News,"Azeez Al-Shaair avoids fine for tackling Sam Darnold out of bounds  Such a bullshit flag, he is standing and Darnold literally runs into him",11204.0,neutral,0.201,0.733,0.066,-0.5719
1ogjwhh,1761486682.0,206,0.98,36,🗞 News,Azeez Al-Shaair avoids fine for tackling Sam Darnold out of bounds  It was a stupid move but like the fireworks.,7470.0,negative,0.153,0.647,0.2,0.2732
1ogjwhh,1761483798.0,103,0.98,36,🗞 News,"Azeez Al-Shaair avoids fine for tackling Sam Darnold out of bounds  I’m not sure how that works.
No fine because it started inbounds?",3735.0,negative,0.213,0.655,0.131,-0.3098
1ogga51,1761471010.0,3399,0.99,14,mEMe,POV: It's Sunday and the texans are playing today. Disclaimer: making memes and shit posting  ![gif](giphy|d2lcHJTG5Tscg),50475.0,neutral,0.198,0.711,0.091,-0.4753
1ogga51,1761471095.0,2472,0.99,14,mEMe,POV: It's Sunday and the texans are playing today. Disclaimer: making memes and shit posting  ![gif](giphy|6QAMESWJ82WAg),36709.0,neutral,0.198,0.711,0.091,-0.4753
1ogga51,1761474480.0,824,0.99,14,mEMe,POV: It's Sunday and the texans are playing today. Disclaimer: making memes and shit posting  https://preview.redd.it/u3ae6etznfxf1.jpeg?width=523&format=pjpg&auto=webp&s=b4717df6d183b36a0ae6e054ab6fad78147eafae,12236.0,neutral,0.186,0.722,0.093,-0.4215
1ogga51,1761473198.0,927,0.99,14,mEMe,POV: It's Sunday and the texans are playing today. Disclaimer: making memes and shit posting  ![gif](giphy|RbSmVaVGptW03Wjw3a),13766.0,neutral,0.198,0.711,0.091,-0.4753
1ogga51,1761478502.0,927,0.99,14,mEMe,POV: It's Sunday and the texans are playing today. Disclaimer: making memes and shit posting  Yall take this shit way too seriously.   Gonna be 21-13 today.   Defense will score.  Offense will kick FGs,13766.0,neutral,0.265,0.655,0.08,-0.8225
1ogga51,1761484211.0,515,0.99,14,mEMe,POV: It's Sunday and the texans are playing today. Disclaimer: making memes and shit posting  ![gif](giphy|LpkBAUDg53FI8xLmg1|downsized),7648.0,neutral,0.198,0.711,0.091,-0.4753
1ogga51,1761481289.0,103,0.99,14,mEMe,POV: It's Sunday and the texans are playing today. Disclaimer: making memes and shit posting  https://i.redd.it/efdnzcq88gxf1.gif,1530.0,neutral,0.186,0.722,0.093,-0.4215
1ogga51,1761483643.0,103,0.99,14,mEMe,POV: It's Sunday and the texans are playing today. Disclaimer: making memes and shit posting  ![gif](giphy|E7KpCs9NhJiRq|downsized),1530.0,negative,0.198,0.711,0.091,-0.4753
1ogga51,1761489249.0,103,0.99,14,mEMe,POV: It's Sunday and the texans are playing today. Disclaimer: making memes and shit posting  ![gif](giphy|Ci0zsc4Fh5yQ2HdB1u),1530.0,neutral,0.198,0.711,0.091,-0.4753
1ogga51,1761491384.0,103,0.99,14,mEMe,POV: It's Sunday and the texans are playing today. Disclaimer: making memes and shit posting  I hope the offense doesn't embarrass us.,1530.0,neutral,0.199,0.568,0.234,-0.0031
1ogga51,1761492737.0,103,0.99,14,mEMe,POV: It's Sunday and the texans are playing today. Disclaimer: making memes and shit posting  From a Rams fan go kick some butt!!!!,1530.0,neutral,0.129,0.682,0.189,-0.3956
1oe5jdo,1761232167.0,25438,0.98,79,📝Article/Writeup,"ESPN: Texans had the NFL’s worst offseason Do you agree or disagree?   

Highlights: Drafting fourth-round RB Woody Marks, trading for G Ed Ingram  

Disappointments: Much of their rebuilt offensive line; hiring OC Nick Caley; signing OT Cam Robinson (one year, $12 million) and LB Nick Niemann (two years, $6 million); trading for S C.J. Gardner-Johnson and WR Christian Kirk  

I'm not sure I've seen a team give up on so many meaningful additions so early in the season since the Al Davis days in Oakland. Texans general manager Nick Caserio gave Niemann $4 million guaranteed and then cut the special teamer in August. He traded for Gardner-Johnson, restructured his deal in September and then cut him after three games, leaving Houston on the hook for $8.3 million. Robinson was benched after one game and spent two games on special teams before being traded to the Browns, with the Texans paying $9.2 million for his brief stint.   

In all, that's $21.5 million for players who were already off the roster by the end of September. You can applaud Caserio for recognizing that players weren't going to work out and treating the money the Texans spent over the summer as sunk costs, but that's a lot of cash committed to guys who simply weren't good enough to stay in the starting lineup for very long. Robinson wasn't good for the Jaguars or Vikings last season, and the Texans had all summer to look at Gardner-Johnson before they restructured his deal, locking his money in place.   

The offseason project of rebuilding the infrastructure around C.J. Stroud hasn't worked. Caley has been unable to spark much of a run game, though Marks looked like a bright spot when given the opportunity to take over the backfield before last week's painful performance against the Seahawks. The various young players and veterans the Texans added haven't made much of a difference, with Stroud running for his life against quality pass rushes on a weekly basis. Aireontae Ersery might end up sticking somewhere along the offensive line, and Ingram has played the best football of his career after being acquired for a sixth-round pick, but Caserio will be looking for more help up front next offseason.  

Source: https://www.espn.com/nfl/story/_/id/46683459/2025-nfl-offseason-tiers-32-teams-best-worst-signings-trades-draft-barnwell

 Disaster class by Nick.

He also gave (traded for) always injured Christian Kirk 16 million.",1994339.0,negative,0.085,0.826,0.089,0.4078
1oe5jdo,1761232101.0,8050,0.98,79,📝Article/Writeup,"ESPN: Texans had the NFL’s worst offseason Do you agree or disagree?   

Highlights: Drafting fourth-round RB Woody Marks, trading for G Ed Ingram  

Disappointments: Much of their rebuilt offensive line; hiring OC Nick Caley; signing OT Cam Robinson (one year, $12 million) and LB Nick Niemann (two years, $6 million); trading for S C.J. Gardner-Johnson and WR Christian Kirk  

I'm not sure I've seen a team give up on so many meaningful additions so early in the season since the Al Davis days in Oakland. Texans general manager Nick Caserio gave Niemann $4 million guaranteed and then cut the special teamer in August. He traded for Gardner-Johnson, restructured his deal in September and then cut him after three games, leaving Houston on the hook for $8.3 million. Robinson was benched after one game and spent two games on special teams before being traded to the Browns, with the Texans paying $9.2 million for his brief stint.   

In all, that's $21.5 million for players who were already off the roster by the end of September. You can applaud Caserio for recognizing that players weren't going to work out and treating the money the Texans spent over the summer as sunk costs, but that's a lot of cash committed to guys who simply weren't good enough to stay in the starting lineup for very long. Robinson wasn't good for the Jaguars or Vikings last season, and the Texans had all summer to look at Gardner-Johnson before they restructured his deal, locking his money in place.   

The offseason project of rebuilding the infrastructure around C.J. Stroud hasn't worked. Caley has been unable to spark much of a run game, though Marks looked like a bright spot when given the opportunity to take over the backfield before last week's painful performance against the Seahawks. The various young players and veterans the Texans added haven't made much of a difference, with Stroud running for his life against quality pass rushes on a weekly basis. Aireontae Ersery might end up sticking somewhere along the offensive line, and Ingram has played the best football of his career after being acquired for a sixth-round pick, but Caserio will be looking for more help up front next offseason.  

Source: https://www.espn.com/nfl/story/_/id/46683459/2025-nfl-offseason-tiers-32-teams-best-worst-signings-trades-draft-barnwell

 How do you disagree? Schedule does not let up and we have already lost too many winnable games to them completely ignoring upgrading the offense. We will beat up on the Titans again, probably win against the Cards and Raiders but is any other game a no doubter at this point? Only positives this season will be a half decent first round pick and an easier schedule next year. Hopefully lessons are learned and the god damn o-line is finally addressed.",631120.0,positive,0.096,0.784,0.12,0.9458
1oe5jdo,1761233125.0,4830,0.98,79,📝Article/Writeup,"ESPN: Texans had the NFL’s worst offseason Do you agree or disagree?   

Highlights: Drafting fourth-round RB Woody Marks, trading for G Ed Ingram  

Disappointments: Much of their rebuilt offensive line; hiring OC Nick Caley; signing OT Cam Robinson (one year, $12 million) and LB Nick Niemann (two years, $6 million); trading for S C.J. Gardner-Johnson and WR Christian Kirk  

I'm not sure I've seen a team give up on so many meaningful additions so early in the season since the Al Davis days in Oakland. Texans general manager Nick Caserio gave Niemann $4 million guaranteed and then cut the special teamer in August. He traded for Gardner-Johnson, restructured his deal in September and then cut him after three games, leaving Houston on the hook for $8.3 million. Robinson was benched after one game and spent two games on special teams before being traded to the Browns, with the Texans paying $9.2 million for his brief stint.   

In all, that's $21.5 million for players who were already off the roster by the end of September. You can applaud Caserio for recognizing that players weren't going to work out and treating the money the Texans spent over the summer as sunk costs, but that's a lot of cash committed to guys who simply weren't good enough to stay in the starting lineup for very long. Robinson wasn't good for the Jaguars or Vikings last season, and the Texans had all summer to look at Gardner-Johnson before they restructured his deal, locking his money in place.   

The offseason project of rebuilding the infrastructure around C.J. Stroud hasn't worked. Caley has been unable to spark much of a run game, though Marks looked like a bright spot when given the opportunity to take over the backfield before last week's painful performance against the Seahawks. The various young players and veterans the Texans added haven't made much of a difference, with Stroud running for his life against quality pass rushes on a weekly basis. Aireontae Ersery might end up sticking somewhere along the offensive line, and Ingram has played the best football of his career after being acquired for a sixth-round pick, but Caserio will be looking for more help up front next offseason.  

Source: https://www.espn.com/nfl/story/_/id/46683459/2025-nfl-offseason-tiers-32-teams-best-worst-signings-trades-draft-barnwell

 I rarely think the fans are right about things but I think Caserio may have gotten high on his own supply and a little too cute last year.  

Trading for the 2nd and 3rd overall picks was gangster, and they turned out great.  Trading out of the 1st when you desperately need 1st round talent on the line was not the move, I’m so sorry. 

It’s never over until it’s over though.  ",378672.0,positive,0.067,0.828,0.105,0.9696
1oe5jdo,1761234117.0,3542,0.98,79,📝Article/Writeup,"ESPN: Texans had the NFL’s worst offseason Do you agree or disagree?   

Highlights: Drafting fourth-round RB Woody Marks, trading for G Ed Ingram  

Disappointments: Much of their rebuilt offensive line; hiring OC Nick Caley; signing OT Cam Robinson (one year, $12 million) and LB Nick Niemann (two years, $6 million); trading for S C.J. Gardner-Johnson and WR Christian Kirk  

I'm not sure I've seen a team give up on so many meaningful additions so early in the season since the Al Davis days in Oakland. Texans general manager Nick Caserio gave Niemann $4 million guaranteed and then cut the special teamer in August. He traded for Gardner-Johnson, restructured his deal in September and then cut him after three games, leaving Houston on the hook for $8.3 million. Robinson was benched after one game and spent two games on special teams before being traded to the Browns, with the Texans paying $9.2 million for his brief stint.   

In all, that's $21.5 million for players who were already off the roster by the end of September. You can applaud Caserio for recognizing that players weren't going to work out and treating the money the Texans spent over the summer as sunk costs, but that's a lot of cash committed to guys who simply weren't good enough to stay in the starting lineup for very long. Robinson wasn't good for the Jaguars or Vikings last season, and the Texans had all summer to look at Gardner-Johnson before they restructured his deal, locking his money in place.   

The offseason project of rebuilding the infrastructure around C.J. Stroud hasn't worked. Caley has been unable to spark much of a run game, though Marks looked like a bright spot when given the opportunity to take over the backfield before last week's painful performance against the Seahawks. The various young players and veterans the Texans added haven't made much of a difference, with Stroud running for his life against quality pass rushes on a weekly basis. Aireontae Ersery might end up sticking somewhere along the offensive line, and Ingram has played the best football of his career after being acquired for a sixth-round pick, but Caserio will be looking for more help up front next offseason.  

Source: https://www.espn.com/nfl/story/_/id/46683459/2025-nfl-offseason-tiers-32-teams-best-worst-signings-trades-draft-barnwell

 Deserved. The trajectory of this team has nosedived thanks to Caserio.",277693.0,negative,0.065,0.835,0.1,0.95
1oe5jdo,1761232538.0,6279,0.98,79,📝Article/Writeup,"ESPN: Texans had the NFL’s worst offseason Do you agree or disagree?   

Highlights: Drafting fourth-round RB Woody Marks, trading for G Ed Ingram  

Disappointments: Much of their rebuilt offensive line; hiring OC Nick Caley; signing OT Cam Robinson (one year, $12 million) and LB Nick Niemann (two years, $6 million); trading for S C.J. Gardner-Johnson and WR Christian Kirk  

I'm not sure I've seen a team give up on so many meaningful additions so early in the season since the Al Davis days in Oakland. Texans general manager Nick Caserio gave Niemann $4 million guaranteed and then cut the special teamer in August. He traded for Gardner-Johnson, restructured his deal in September and then cut him after three games, leaving Houston on the hook for $8.3 million. Robinson was benched after one game and spent two games on special teams before being traded to the Browns, with the Texans paying $9.2 million for his brief stint.   

In all, that's $21.5 million for players who were already off the roster by the end of September. You can applaud Caserio for recognizing that players weren't going to work out and treating the money the Texans spent over the summer as sunk costs, but that's a lot of cash committed to guys who simply weren't good enough to stay in the starting lineup for very long. Robinson wasn't good for the Jaguars or Vikings last season, and the Texans had all summer to look at Gardner-Johnson before they restructured his deal, locking his money in place.   

The offseason project of rebuilding the infrastructure around C.J. Stroud hasn't worked. Caley has been unable to spark much of a run game, though Marks looked like a bright spot when given the opportunity to take over the backfield before last week's painful performance against the Seahawks. The various young players and veterans the Texans added haven't made much of a difference, with Stroud running for his life against quality pass rushes on a weekly basis. Aireontae Ersery might end up sticking somewhere along the offensive line, and Ingram has played the best football of his career after being acquired for a sixth-round pick, but Caserio will be looking for more help up front next offseason.  

Source: https://www.espn.com/nfl/story/_/id/46683459/2025-nfl-offseason-tiers-32-teams-best-worst-signings-trades-draft-barnwell

 Ive been a strong Casserio supporter after the deals he made to bring mixon, diggs and etc in.

However since then it seems like hes become defensive when challenged on his concepts and draft philosophy. We knew going into last years playoffs that our oline was crap and that it should be focal point in the offseason. Yet we got pitched some B team concept of best player available and let talent walk saying XYZ was a cancer and then bringing in other cancers like CJGJ and looking the other way.

I dont see him going before Caley. I still see Caley as the sac lamb here and that gives casserio another year to try again....



I truly feel like Casserio/Caley believe or believed that they can make CJ into Tom., nothing else makes sense here.",492274.0,negative,0.068,0.809,0.123,0.9863
1oe5jdo,1761234640.0,1610,0.98,79,📝Article/Writeup,"ESPN: Texans had the NFL’s worst offseason Do you agree or disagree?   

Highlights: Drafting fourth-round RB Woody Marks, trading for G Ed Ingram  

Disappointments: Much of their rebuilt offensive line; hiring OC Nick Caley; signing OT Cam Robinson (one year, $12 million) and LB Nick Niemann (two years, $6 million); trading for S C.J. Gardner-Johnson and WR Christian Kirk  

I'm not sure I've seen a team give up on so many meaningful additions so early in the season since the Al Davis days in Oakland. Texans general manager Nick Caserio gave Niemann $4 million guaranteed and then cut the special teamer in August. He traded for Gardner-Johnson, restructured his deal in September and then cut him after three games, leaving Houston on the hook for $8.3 million. Robinson was benched after one game and spent two games on special teams before being traded to the Browns, with the Texans paying $9.2 million for his brief stint.   

In all, that's $21.5 million for players who were already off the roster by the end of September. You can applaud Caserio for recognizing that players weren't going to work out and treating the money the Texans spent over the summer as sunk costs, but that's a lot of cash committed to guys who simply weren't good enough to stay in the starting lineup for very long. Robinson wasn't good for the Jaguars or Vikings last season, and the Texans had all summer to look at Gardner-Johnson before they restructured his deal, locking his money in place.   

The offseason project of rebuilding the infrastructure around C.J. Stroud hasn't worked. Caley has been unable to spark much of a run game, though Marks looked like a bright spot when given the opportunity to take over the backfield before last week's painful performance against the Seahawks. The various young players and veterans the Texans added haven't made much of a difference, with Stroud running for his life against quality pass rushes on a weekly basis. Aireontae Ersery might end up sticking somewhere along the offensive line, and Ingram has played the best football of his career after being acquired for a sixth-round pick, but Caserio will be looking for more help up front next offseason.  

Source: https://www.espn.com/nfl/story/_/id/46683459/2025-nfl-offseason-tiers-32-teams-best-worst-signings-trades-draft-barnwell

 Don’t forget in order to get much of that wasted money. Nick had to trade away the only real viable offensive lineman we had. Crippling the worst offensive line even further.",126224.0,neutral,0.105,0.81,0.084,-0.8545
1oe5jdo,1761236488.0,1127,0.98,79,📝Article/Writeup,"ESPN: Texans had the NFL’s worst offseason Do you agree or disagree?   

Highlights: Drafting fourth-round RB Woody Marks, trading for G Ed Ingram  

Disappointments: Much of their rebuilt offensive line; hiring OC Nick Caley; signing OT Cam Robinson (one year, $12 million) and LB Nick Niemann (two years, $6 million); trading for S C.J. Gardner-Johnson and WR Christian Kirk  

I'm not sure I've seen a team give up on so many meaningful additions so early in the season since the Al Davis days in Oakland. Texans general manager Nick Caserio gave Niemann $4 million guaranteed and then cut the special teamer in August. He traded for Gardner-Johnson, restructured his deal in September and then cut him after three games, leaving Houston on the hook for $8.3 million. Robinson was benched after one game and spent two games on special teams before being traded to the Browns, with the Texans paying $9.2 million for his brief stint.   

In all, that's $21.5 million for players who were already off the roster by the end of September. You can applaud Caserio for recognizing that players weren't going to work out and treating the money the Texans spent over the summer as sunk costs, but that's a lot of cash committed to guys who simply weren't good enough to stay in the starting lineup for very long. Robinson wasn't good for the Jaguars or Vikings last season, and the Texans had all summer to look at Gardner-Johnson before they restructured his deal, locking his money in place.   

The offseason project of rebuilding the infrastructure around C.J. Stroud hasn't worked. Caley has been unable to spark much of a run game, though Marks looked like a bright spot when given the opportunity to take over the backfield before last week's painful performance against the Seahawks. The various young players and veterans the Texans added haven't made much of a difference, with Stroud running for his life against quality pass rushes on a weekly basis. Aireontae Ersery might end up sticking somewhere along the offensive line, and Ingram has played the best football of his career after being acquired for a sixth-round pick, but Caserio will be looking for more help up front next offseason.  

Source: https://www.espn.com/nfl/story/_/id/46683459/2025-nfl-offseason-tiers-32-teams-best-worst-signings-trades-draft-barnwell

 He got us the through the mud but he’s pulling us back in, it’s time to move on this offseason we need a new approach to things",88357.0,negative,0.063,0.849,0.088,0.9174
1oe5jdo,1761232186.0,5152,0.98,79,📝Article/Writeup,"ESPN: Texans had the NFL’s worst offseason Do you agree or disagree?   

Highlights: Drafting fourth-round RB Woody Marks, trading for G Ed Ingram  

Disappointments: Much of their rebuilt offensive line; hiring OC Nick Caley; signing OT Cam Robinson (one year, $12 million) and LB Nick Niemann (two years, $6 million); trading for S C.J. Gardner-Johnson and WR Christian Kirk  

I'm not sure I've seen a team give up on so many meaningful additions so early in the season since the Al Davis days in Oakland. Texans general manager Nick Caserio gave Niemann $4 million guaranteed and then cut the special teamer in August. He traded for Gardner-Johnson, restructured his deal in September and then cut him after three games, leaving Houston on the hook for $8.3 million. Robinson was benched after one game and spent two games on special teams before being traded to the Browns, with the Texans paying $9.2 million for his brief stint.   

In all, that's $21.5 million for players who were already off the roster by the end of September. You can applaud Caserio for recognizing that players weren't going to work out and treating the money the Texans spent over the summer as sunk costs, but that's a lot of cash committed to guys who simply weren't good enough to stay in the starting lineup for very long. Robinson wasn't good for the Jaguars or Vikings last season, and the Texans had all summer to look at Gardner-Johnson before they restructured his deal, locking his money in place.   

The offseason project of rebuilding the infrastructure around C.J. Stroud hasn't worked. Caley has been unable to spark much of a run game, though Marks looked like a bright spot when given the opportunity to take over the backfield before last week's painful performance against the Seahawks. The various young players and veterans the Texans added haven't made much of a difference, with Stroud running for his life against quality pass rushes on a weekly basis. Aireontae Ersery might end up sticking somewhere along the offensive line, and Ingram has played the best football of his career after being acquired for a sixth-round pick, but Caserio will be looking for more help up front next offseason.  

Source: https://www.espn.com/nfl/story/_/id/46683459/2025-nfl-offseason-tiers-32-teams-best-worst-signings-trades-draft-barnwell

 You can't say that in this sub, everything has to be positive.",403917.0,positive,0.064,0.833,0.102,0.9573
1oe5jdo,1761234132.0,966,0.98,79,📝Article/Writeup,"ESPN: Texans had the NFL’s worst offseason Do you agree or disagree?   

Highlights: Drafting fourth-round RB Woody Marks, trading for G Ed Ingram  

Disappointments: Much of their rebuilt offensive line; hiring OC Nick Caley; signing OT Cam Robinson (one year, $12 million) and LB Nick Niemann (two years, $6 million); trading for S C.J. Gardner-Johnson and WR Christian Kirk  

I'm not sure I've seen a team give up on so many meaningful additions so early in the season since the Al Davis days in Oakland. Texans general manager Nick Caserio gave Niemann $4 million guaranteed and then cut the special teamer in August. He traded for Gardner-Johnson, restructured his deal in September and then cut him after three games, leaving Houston on the hook for $8.3 million. Robinson was benched after one game and spent two games on special teams before being traded to the Browns, with the Texans paying $9.2 million for his brief stint.   

In all, that's $21.5 million for players who were already off the roster by the end of September. You can applaud Caserio for recognizing that players weren't going to work out and treating the money the Texans spent over the summer as sunk costs, but that's a lot of cash committed to guys who simply weren't good enough to stay in the starting lineup for very long. Robinson wasn't good for the Jaguars or Vikings last season, and the Texans had all summer to look at Gardner-Johnson before they restructured his deal, locking his money in place.   

The offseason project of rebuilding the infrastructure around C.J. Stroud hasn't worked. Caley has been unable to spark much of a run game, though Marks looked like a bright spot when given the opportunity to take over the backfield before last week's painful performance against the Seahawks. The various young players and veterans the Texans added haven't made much of a difference, with Stroud running for his life against quality pass rushes on a weekly basis. Aireontae Ersery might end up sticking somewhere along the offensive line, and Ingram has played the best football of his career after being acquired for a sixth-round pick, but Caserio will be looking for more help up front next offseason.  

Source: https://www.espn.com/nfl/story/_/id/46683459/2025-nfl-offseason-tiers-32-teams-best-worst-signings-trades-draft-barnwell

 It's obvious and it's painful, the failure of this offseason was criminal. Quite a few here were screaming, ""Why!?, Fix the OL!"" when they made the deal for CJGJ. Practically none of the moves we made in the offseason addressed our most glaring weaknesses. The ones that did were bad choices like Caley or CGCJ. 

Some people here have cried ""It's only one bad year!"", but I argue these issues have carried on for multiple years with Caserio and all we've done is regress. The guy doesn't seem to have the faintest clue on how to put together a top tier offense in the NFL.",75734.0,negative,0.124,0.795,0.081,-0.9759
1oe5jdo,1761238569.0,966,0.98,79,📝Article/Writeup,"ESPN: Texans had the NFL’s worst offseason Do you agree or disagree?   

Highlights: Drafting fourth-round RB Woody Marks, trading for G Ed Ingram  

Disappointments: Much of their rebuilt offensive line; hiring OC Nick Caley; signing OT Cam Robinson (one year, $12 million) and LB Nick Niemann (two years, $6 million); trading for S C.J. Gardner-Johnson and WR Christian Kirk  

I'm not sure I've seen a team give up on so many meaningful additions so early in the season since the Al Davis days in Oakland. Texans general manager Nick Caserio gave Niemann $4 million guaranteed and then cut the special teamer in August. He traded for Gardner-Johnson, restructured his deal in September and then cut him after three games, leaving Houston on the hook for $8.3 million. Robinson was benched after one game and spent two games on special teams before being traded to the Browns, with the Texans paying $9.2 million for his brief stint.   

In all, that's $21.5 million for players who were already off the roster by the end of September. You can applaud Caserio for recognizing that players weren't going to work out and treating the money the Texans spent over the summer as sunk costs, but that's a lot of cash committed to guys who simply weren't good enough to stay in the starting lineup for very long. Robinson wasn't good for the Jaguars or Vikings last season, and the Texans had all summer to look at Gardner-Johnson before they restructured his deal, locking his money in place.   

The offseason project of rebuilding the infrastructure around C.J. Stroud hasn't worked. Caley has been unable to spark much of a run game, though Marks looked like a bright spot when given the opportunity to take over the backfield before last week's painful performance against the Seahawks. The various young players and veterans the Texans added haven't made much of a difference, with Stroud running for his life against quality pass rushes on a weekly basis. Aireontae Ersery might end up sticking somewhere along the offensive line, and Ingram has played the best football of his career after being acquired for a sixth-round pick, but Caserio will be looking for more help up front next offseason.  

Source: https://www.espn.com/nfl/story/_/id/46683459/2025-nfl-offseason-tiers-32-teams-best-worst-signings-trades-draft-barnwell

 Nick Caserio has to go.  He's had years and this excuse for an OL is all he could do?   Just can't continue with him.",75734.0,neutral,0.063,0.844,0.093,0.9307
1oe5jdo,1761233114.0,805,0.98,79,📝Article/Writeup,"ESPN: Texans had the NFL’s worst offseason Do you agree or disagree?   

Highlights: Drafting fourth-round RB Woody Marks, trading for G Ed Ingram  

Disappointments: Much of their rebuilt offensive line; hiring OC Nick Caley; signing OT Cam Robinson (one year, $12 million) and LB Nick Niemann (two years, $6 million); trading for S C.J. Gardner-Johnson and WR Christian Kirk  

I'm not sure I've seen a team give up on so many meaningful additions so early in the season since the Al Davis days in Oakland. Texans general manager Nick Caserio gave Niemann $4 million guaranteed and then cut the special teamer in August. He traded for Gardner-Johnson, restructured his deal in September and then cut him after three games, leaving Houston on the hook for $8.3 million. Robinson was benched after one game and spent two games on special teams before being traded to the Browns, with the Texans paying $9.2 million for his brief stint.   

In all, that's $21.5 million for players who were already off the roster by the end of September. You can applaud Caserio for recognizing that players weren't going to work out and treating the money the Texans spent over the summer as sunk costs, but that's a lot of cash committed to guys who simply weren't good enough to stay in the starting lineup for very long. Robinson wasn't good for the Jaguars or Vikings last season, and the Texans had all summer to look at Gardner-Johnson before they restructured his deal, locking his money in place.   

The offseason project of rebuilding the infrastructure around C.J. Stroud hasn't worked. Caley has been unable to spark much of a run game, though Marks looked like a bright spot when given the opportunity to take over the backfield before last week's painful performance against the Seahawks. The various young players and veterans the Texans added haven't made much of a difference, with Stroud running for his life against quality pass rushes on a weekly basis. Aireontae Ersery might end up sticking somewhere along the offensive line, and Ingram has played the best football of his career after being acquired for a sixth-round pick, but Caserio will be looking for more help up front next offseason.  

Source: https://www.espn.com/nfl/story/_/id/46683459/2025-nfl-offseason-tiers-32-teams-best-worst-signings-trades-draft-barnwell

 I haven't a clue what they are doing.",63112.0,negative,0.066,0.841,0.093,0.9174
1oe5jdo,1761238516.0,805,0.98,79,📝Article/Writeup,"ESPN: Texans had the NFL’s worst offseason Do you agree or disagree?   

Highlights: Drafting fourth-round RB Woody Marks, trading for G Ed Ingram  

Disappointments: Much of their rebuilt offensive line; hiring OC Nick Caley; signing OT Cam Robinson (one year, $12 million) and LB Nick Niemann (two years, $6 million); trading for S C.J. Gardner-Johnson and WR Christian Kirk  

I'm not sure I've seen a team give up on so many meaningful additions so early in the season since the Al Davis days in Oakland. Texans general manager Nick Caserio gave Niemann $4 million guaranteed and then cut the special teamer in August. He traded for Gardner-Johnson, restructured his deal in September and then cut him after three games, leaving Houston on the hook for $8.3 million. Robinson was benched after one game and spent two games on special teams before being traded to the Browns, with the Texans paying $9.2 million for his brief stint.   

In all, that's $21.5 million for players who were already off the roster by the end of September. You can applaud Caserio for recognizing that players weren't going to work out and treating the money the Texans spent over the summer as sunk costs, but that's a lot of cash committed to guys who simply weren't good enough to stay in the starting lineup for very long. Robinson wasn't good for the Jaguars or Vikings last season, and the Texans had all summer to look at Gardner-Johnson before they restructured his deal, locking his money in place.   

The offseason project of rebuilding the infrastructure around C.J. Stroud hasn't worked. Caley has been unable to spark much of a run game, though Marks looked like a bright spot when given the opportunity to take over the backfield before last week's painful performance against the Seahawks. The various young players and veterans the Texans added haven't made much of a difference, with Stroud running for his life against quality pass rushes on a weekly basis. Aireontae Ersery might end up sticking somewhere along the offensive line, and Ingram has played the best football of his career after being acquired for a sixth-round pick, but Caserio will be looking for more help up front next offseason.  

Source: https://www.espn.com/nfl/story/_/id/46683459/2025-nfl-offseason-tiers-32-teams-best-worst-signings-trades-draft-barnwell

 Trading their best offensive lineman and drafting two WRs who barely get on the field.",63112.0,neutral,0.073,0.824,0.103,0.9406
1oe5jdo,1761239112.0,805,0.98,79,📝Article/Writeup,"ESPN: Texans had the NFL’s worst offseason Do you agree or disagree?   

Highlights: Drafting fourth-round RB Woody Marks, trading for G Ed Ingram  

Disappointments: Much of their rebuilt offensive line; hiring OC Nick Caley; signing OT Cam Robinson (one year, $12 million) and LB Nick Niemann (two years, $6 million); trading for S C.J. Gardner-Johnson and WR Christian Kirk  

I'm not sure I've seen a team give up on so many meaningful additions so early in the season since the Al Davis days in Oakland. Texans general manager Nick Caserio gave Niemann $4 million guaranteed and then cut the special teamer in August. He traded for Gardner-Johnson, restructured his deal in September and then cut him after three games, leaving Houston on the hook for $8.3 million. Robinson was benched after one game and spent two games on special teams before being traded to the Browns, with the Texans paying $9.2 million for his brief stint.   

In all, that's $21.5 million for players who were already off the roster by the end of September. You can applaud Caserio for recognizing that players weren't going to work out and treating the money the Texans spent over the summer as sunk costs, but that's a lot of cash committed to guys who simply weren't good enough to stay in the starting lineup for very long. Robinson wasn't good for the Jaguars or Vikings last season, and the Texans had all summer to look at Gardner-Johnson before they restructured his deal, locking his money in place.   

The offseason project of rebuilding the infrastructure around C.J. Stroud hasn't worked. Caley has been unable to spark much of a run game, though Marks looked like a bright spot when given the opportunity to take over the backfield before last week's painful performance against the Seahawks. The various young players and veterans the Texans added haven't made much of a difference, with Stroud running for his life against quality pass rushes on a weekly basis. Aireontae Ersery might end up sticking somewhere along the offensive line, and Ingram has played the best football of his career after being acquired for a sixth-round pick, but Caserio will be looking for more help up front next offseason.  

Source: https://www.espn.com/nfl/story/_/id/46683459/2025-nfl-offseason-tiers-32-teams-best-worst-signings-trades-draft-barnwell

 I didn't see how much we paid these guys until now. Jesus Christ.",63112.0,negative,0.065,0.844,0.091,0.9174
1oe5jdo,1761237780.0,483,0.98,79,📝Article/Writeup,"ESPN: Texans had the NFL’s worst offseason Do you agree or disagree?   

Highlights: Drafting fourth-round RB Woody Marks, trading for G Ed Ingram  

Disappointments: Much of their rebuilt offensive line; hiring OC Nick Caley; signing OT Cam Robinson (one year, $12 million) and LB Nick Niemann (two years, $6 million); trading for S C.J. Gardner-Johnson and WR Christian Kirk  

I'm not sure I've seen a team give up on so many meaningful additions so early in the season since the Al Davis days in Oakland. Texans general manager Nick Caserio gave Niemann $4 million guaranteed and then cut the special teamer in August. He traded for Gardner-Johnson, restructured his deal in September and then cut him after three games, leaving Houston on the hook for $8.3 million. Robinson was benched after one game and spent two games on special teams before being traded to the Browns, with the Texans paying $9.2 million for his brief stint.   

In all, that's $21.5 million for players who were already off the roster by the end of September. You can applaud Caserio for recognizing that players weren't going to work out and treating the money the Texans spent over the summer as sunk costs, but that's a lot of cash committed to guys who simply weren't good enough to stay in the starting lineup for very long. Robinson wasn't good for the Jaguars or Vikings last season, and the Texans had all summer to look at Gardner-Johnson before they restructured his deal, locking his money in place.   

The offseason project of rebuilding the infrastructure around C.J. Stroud hasn't worked. Caley has been unable to spark much of a run game, though Marks looked like a bright spot when given the opportunity to take over the backfield before last week's painful performance against the Seahawks. The various young players and veterans the Texans added haven't made much of a difference, with Stroud running for his life against quality pass rushes on a weekly basis. Aireontae Ersery might end up sticking somewhere along the offensive line, and Ingram has played the best football of his career after being acquired for a sixth-round pick, but Caserio will be looking for more help up front next offseason.  

Source: https://www.espn.com/nfl/story/_/id/46683459/2025-nfl-offseason-tiers-32-teams-best-worst-signings-trades-draft-barnwell

 Had the worst offense? More like ""have"".",37867.0,neutral,0.084,0.817,0.099,0.8121
1oe5jdo,1761233080.0,1127,0.98,79,📝Article/Writeup,"ESPN: Texans had the NFL’s worst offseason Do you agree or disagree?   

Highlights: Drafting fourth-round RB Woody Marks, trading for G Ed Ingram  

Disappointments: Much of their rebuilt offensive line; hiring OC Nick Caley; signing OT Cam Robinson (one year, $12 million) and LB Nick Niemann (two years, $6 million); trading for S C.J. Gardner-Johnson and WR Christian Kirk  

I'm not sure I've seen a team give up on so many meaningful additions so early in the season since the Al Davis days in Oakland. Texans general manager Nick Caserio gave Niemann $4 million guaranteed and then cut the special teamer in August. He traded for Gardner-Johnson, restructured his deal in September and then cut him after three games, leaving Houston on the hook for $8.3 million. Robinson was benched after one game and spent two games on special teams before being traded to the Browns, with the Texans paying $9.2 million for his brief stint.   

In all, that's $21.5 million for players who were already off the roster by the end of September. You can applaud Caserio for recognizing that players weren't going to work out and treating the money the Texans spent over the summer as sunk costs, but that's a lot of cash committed to guys who simply weren't good enough to stay in the starting lineup for very long. Robinson wasn't good for the Jaguars or Vikings last season, and the Texans had all summer to look at Gardner-Johnson before they restructured his deal, locking his money in place.   

The offseason project of rebuilding the infrastructure around C.J. Stroud hasn't worked. Caley has been unable to spark much of a run game, though Marks looked like a bright spot when given the opportunity to take over the backfield before last week's painful performance against the Seahawks. The various young players and veterans the Texans added haven't made much of a difference, with Stroud running for his life against quality pass rushes on a weekly basis. Aireontae Ersery might end up sticking somewhere along the offensive line, and Ingram has played the best football of his career after being acquired for a sixth-round pick, but Caserio will be looking for more help up front next offseason.  

Source: https://www.espn.com/nfl/story/_/id/46683459/2025-nfl-offseason-tiers-32-teams-best-worst-signings-trades-draft-barnwell

 The offseason mismanagement should get Caserio fired. Straight malpractice. Trading Tunsil was O’Brien level dumb. 

We need a GM who can properly evaluate Olinemen because Caserio absolutely can’t. It’s a blind spot for him.",88357.0,negative,0.09,0.82,0.09,-0.0041
1oe5jdo,1761231694.0,1610,0.98,79,📝Article/Writeup,"ESPN: Texans had the NFL’s worst offseason Do you agree or disagree?   

Highlights: Drafting fourth-round RB Woody Marks, trading for G Ed Ingram  

Disappointments: Much of their rebuilt offensive line; hiring OC Nick Caley; signing OT Cam Robinson (one year, $12 million) and LB Nick Niemann (two years, $6 million); trading for S C.J. Gardner-Johnson and WR Christian Kirk  

I'm not sure I've seen a team give up on so many meaningful additions so early in the season since the Al Davis days in Oakland. Texans general manager Nick Caserio gave Niemann $4 million guaranteed and then cut the special teamer in August. He traded for Gardner-Johnson, restructured his deal in September and then cut him after three games, leaving Houston on the hook for $8.3 million. Robinson was benched after one game and spent two games on special teams before being traded to the Browns, with the Texans paying $9.2 million for his brief stint.   

In all, that's $21.5 million for players who were already off the roster by the end of September. You can applaud Caserio for recognizing that players weren't going to work out and treating the money the Texans spent over the summer as sunk costs, but that's a lot of cash committed to guys who simply weren't good enough to stay in the starting lineup for very long. Robinson wasn't good for the Jaguars or Vikings last season, and the Texans had all summer to look at Gardner-Johnson before they restructured his deal, locking his money in place.   

The offseason project of rebuilding the infrastructure around C.J. Stroud hasn't worked. Caley has been unable to spark much of a run game, though Marks looked like a bright spot when given the opportunity to take over the backfield before last week's painful performance against the Seahawks. The various young players and veterans the Texans added haven't made much of a difference, with Stroud running for his life against quality pass rushes on a weekly basis. Aireontae Ersery might end up sticking somewhere along the offensive line, and Ingram has played the best football of his career after being acquired for a sixth-round pick, but Caserio will be looking for more help up front next offseason.  

Source: https://www.espn.com/nfl/story/_/id/46683459/2025-nfl-offseason-tiers-32-teams-best-worst-signings-trades-draft-barnwell

 Caserio should have been fired with Lovie and lucked into DeMeco wanting to be here and Stroud being a solid (potentially great) QB.",126224.0,neutral,0.074,0.825,0.101,0.9149
1oe5jdo,1761238447.0,322,0.98,79,📝Article/Writeup,"ESPN: Texans had the NFL’s worst offseason Do you agree or disagree?   

Highlights: Drafting fourth-round RB Woody Marks, trading for G Ed Ingram  

Disappointments: Much of their rebuilt offensive line; hiring OC Nick Caley; signing OT Cam Robinson (one year, $12 million) and LB Nick Niemann (two years, $6 million); trading for S C.J. Gardner-Johnson and WR Christian Kirk  

I'm not sure I've seen a team give up on so many meaningful additions so early in the season since the Al Davis days in Oakland. Texans general manager Nick Caserio gave Niemann $4 million guaranteed and then cut the special teamer in August. He traded for Gardner-Johnson, restructured his deal in September and then cut him after three games, leaving Houston on the hook for $8.3 million. Robinson was benched after one game and spent two games on special teams before being traded to the Browns, with the Texans paying $9.2 million for his brief stint.   

In all, that's $21.5 million for players who were already off the roster by the end of September. You can applaud Caserio for recognizing that players weren't going to work out and treating the money the Texans spent over the summer as sunk costs, but that's a lot of cash committed to guys who simply weren't good enough to stay in the starting lineup for very long. Robinson wasn't good for the Jaguars or Vikings last season, and the Texans had all summer to look at Gardner-Johnson before they restructured his deal, locking his money in place.   

The offseason project of rebuilding the infrastructure around C.J. Stroud hasn't worked. Caley has been unable to spark much of a run game, though Marks looked like a bright spot when given the opportunity to take over the backfield before last week's painful performance against the Seahawks. The various young players and veterans the Texans added haven't made much of a difference, with Stroud running for his life against quality pass rushes on a weekly basis. Aireontae Ersery might end up sticking somewhere along the offensive line, and Ingram has played the best football of his career after being acquired for a sixth-round pick, but Caserio will be looking for more help up front next offseason.  

Source: https://www.espn.com/nfl/story/_/id/46683459/2025-nfl-offseason-tiers-32-teams-best-worst-signings-trades-draft-barnwell

 Arguably 2018 was worse when Brock Oswiler came in the off-season, at least no draft capital was given up.",25245.0,neutral,0.085,0.826,0.089,0.5392
1oe5jdo,1761241575.0,322,0.98,79,📝Article/Writeup,"ESPN: Texans had the NFL’s worst offseason Do you agree or disagree?   

Highlights: Drafting fourth-round RB Woody Marks, trading for G Ed Ingram  

Disappointments: Much of their rebuilt offensive line; hiring OC Nick Caley; signing OT Cam Robinson (one year, $12 million) and LB Nick Niemann (two years, $6 million); trading for S C.J. Gardner-Johnson and WR Christian Kirk  

I'm not sure I've seen a team give up on so many meaningful additions so early in the season since the Al Davis days in Oakland. Texans general manager Nick Caserio gave Niemann $4 million guaranteed and then cut the special teamer in August. He traded for Gardner-Johnson, restructured his deal in September and then cut him after three games, leaving Houston on the hook for $8.3 million. Robinson was benched after one game and spent two games on special teams before being traded to the Browns, with the Texans paying $9.2 million for his brief stint.   

In all, that's $21.5 million for players who were already off the roster by the end of September. You can applaud Caserio for recognizing that players weren't going to work out and treating the money the Texans spent over the summer as sunk costs, but that's a lot of cash committed to guys who simply weren't good enough to stay in the starting lineup for very long. Robinson wasn't good for the Jaguars or Vikings last season, and the Texans had all summer to look at Gardner-Johnson before they restructured his deal, locking his money in place.   

The offseason project of rebuilding the infrastructure around C.J. Stroud hasn't worked. Caley has been unable to spark much of a run game, though Marks looked like a bright spot when given the opportunity to take over the backfield before last week's painful performance against the Seahawks. The various young players and veterans the Texans added haven't made much of a difference, with Stroud running for his life against quality pass rushes on a weekly basis. Aireontae Ersery might end up sticking somewhere along the offensive line, and Ingram has played the best football of his career after being acquired for a sixth-round pick, but Caserio will be looking for more help up front next offseason.  

Source: https://www.espn.com/nfl/story/_/id/46683459/2025-nfl-offseason-tiers-32-teams-best-worst-signings-trades-draft-barnwell

 Caserio mainly deserves blame for the offensive line and hiring of Caley. We all knew going into the season that we didn't do enough at Oline but collectively we tricked ourselves into thinking Caley could scheme around it similar to what Slowik did in 2023 

Skill position wise Mixon and Kirks injuries happened at terrible times and left us in a bad spot with limited options 

Going into the offseason Mixon was healthy and we all expected Caserio to use a mid-round pick on a complimentary RB to backup Mixon and compete for the  starting job next year. Woody Marks looks like a solid pick thus far, but obviously he's not the same caliber player as Mixon and neither is this version of Chubb

Chubb has been ok as the veteran stopgap, but we obviously should have made another move and gotten a guy like Brian Robinson Jr before the season started or traded for someone like Breece Hall / Alvin Kamara over the bye week

Pairing Nico Collins with Christian Kirk and 2 early round WRs seemed like a good cost-effective strategy as opposed to signing a more expensive FA or trading up for Egbuka/Golden. Especially with WAJ and CJ's extensions looming

In our two wins Kirk's presence definitely opened things up a bit and it seemed like him and Stroud were starting to get in rhythm. Kirk may have been a good addition but his hamstring injuries occurred right before week 1 and Seattle game leaving us minimal ability to make a meaningful WR move. 

It's too early to determine if Higgins is a bust, but obviously up to this point he's been a disappointment and CJ now has the worst WR corps he's had as a pro (including last year with Tank and Diggs out). Noel had a good game last week and I'm liking what I'm seeing but he's not a guy that's going to stop teams from doubling Nico every play at this point in his career

If CJ had more time to throw I think Higgins and Noel would likely be putting up better numbers, but either way we shouldn't have needed to rely so heavily on 2nd and 3rd round rookie WRs this year and its on Caserio for not bringing in another accomplished veteran WR 

Oline is where Caserio deserves all the blame and to lose his job. The last 2 seasons our interior Oline has been terrible and we did nothing to address it",25245.0,negative,0.093,0.793,0.113,0.9621
1oe5jdo,1761247446.0,322,0.98,79,📝Article/Writeup,"ESPN: Texans had the NFL’s worst offseason Do you agree or disagree?   

Highlights: Drafting fourth-round RB Woody Marks, trading for G Ed Ingram  

Disappointments: Much of their rebuilt offensive line; hiring OC Nick Caley; signing OT Cam Robinson (one year, $12 million) and LB Nick Niemann (two years, $6 million); trading for S C.J. Gardner-Johnson and WR Christian Kirk  

I'm not sure I've seen a team give up on so many meaningful additions so early in the season since the Al Davis days in Oakland. Texans general manager Nick Caserio gave Niemann $4 million guaranteed and then cut the special teamer in August. He traded for Gardner-Johnson, restructured his deal in September and then cut him after three games, leaving Houston on the hook for $8.3 million. Robinson was benched after one game and spent two games on special teams before being traded to the Browns, with the Texans paying $9.2 million for his brief stint.   

In all, that's $21.5 million for players who were already off the roster by the end of September. You can applaud Caserio for recognizing that players weren't going to work out and treating the money the Texans spent over the summer as sunk costs, but that's a lot of cash committed to guys who simply weren't good enough to stay in the starting lineup for very long. Robinson wasn't good for the Jaguars or Vikings last season, and the Texans had all summer to look at Gardner-Johnson before they restructured his deal, locking his money in place.   

The offseason project of rebuilding the infrastructure around C.J. Stroud hasn't worked. Caley has been unable to spark much of a run game, though Marks looked like a bright spot when given the opportunity to take over the backfield before last week's painful performance against the Seahawks. The various young players and veterans the Texans added haven't made much of a difference, with Stroud running for his life against quality pass rushes on a weekly basis. Aireontae Ersery might end up sticking somewhere along the offensive line, and Ingram has played the best football of his career after being acquired for a sixth-round pick, but Caserio will be looking for more help up front next offseason.  

Source: https://www.espn.com/nfl/story/_/id/46683459/2025-nfl-offseason-tiers-32-teams-best-worst-signings-trades-draft-barnwell

 I saw a comment in this sub on a different post that basically said, ""If the Texans had a bad offense, they'd be undefeated currently"".  It stings how accurate that persons comment was.",25245.0,negative,0.078,0.835,0.087,0.6888
1oe5jdo,1761249377.0,322,0.98,79,📝Article/Writeup,"ESPN: Texans had the NFL’s worst offseason Do you agree or disagree?   

Highlights: Drafting fourth-round RB Woody Marks, trading for G Ed Ingram  

Disappointments: Much of their rebuilt offensive line; hiring OC Nick Caley; signing OT Cam Robinson (one year, $12 million) and LB Nick Niemann (two years, $6 million); trading for S C.J. Gardner-Johnson and WR Christian Kirk  

I'm not sure I've seen a team give up on so many meaningful additions so early in the season since the Al Davis days in Oakland. Texans general manager Nick Caserio gave Niemann $4 million guaranteed and then cut the special teamer in August. He traded for Gardner-Johnson, restructured his deal in September and then cut him after three games, leaving Houston on the hook for $8.3 million. Robinson was benched after one game and spent two games on special teams before being traded to the Browns, with the Texans paying $9.2 million for his brief stint.   

In all, that's $21.5 million for players who were already off the roster by the end of September. You can applaud Caserio for recognizing that players weren't going to work out and treating the money the Texans spent over the summer as sunk costs, but that's a lot of cash committed to guys who simply weren't good enough to stay in the starting lineup for very long. Robinson wasn't good for the Jaguars or Vikings last season, and the Texans had all summer to look at Gardner-Johnson before they restructured his deal, locking his money in place.   

The offseason project of rebuilding the infrastructure around C.J. Stroud hasn't worked. Caley has been unable to spark much of a run game, though Marks looked like a bright spot when given the opportunity to take over the backfield before last week's painful performance against the Seahawks. The various young players and veterans the Texans added haven't made much of a difference, with Stroud running for his life against quality pass rushes on a weekly basis. Aireontae Ersery might end up sticking somewhere along the offensive line, and Ingram has played the best football of his career after being acquired for a sixth-round pick, but Caserio will be looking for more help up front next offseason.  

Source: https://www.espn.com/nfl/story/_/id/46683459/2025-nfl-offseason-tiers-32-teams-best-worst-signings-trades-draft-barnwell

 I pretty much agree with everything you have said.  

There are two things happening simultaneously.  We need to spend high draft capital on oline because our oline sucks and nick caserio is completely incompetent at anything to with the oline from evaluating and drafting to FA.

If I keep trying to find a job and am not having any luck then I can’t just decide to stop because it isn’t working.  Yes it takes time and energy out of my day but until I find one I have to keep trying because the other option is being homeless.  So if god forbid caserio is still the GM after this year he has to keep trying because there isn’t really another option other than over spending in FA and he is terrible at ANYTHING to do with FA.

As you noted, we are also terrible at developing olineman so they need to fire everyone that has even looked at the oline and bring in an entirely new crew from coaches to talent evaluators.  While this is more of a joint responsibility of caserio and Demeco.  There is one common thread in every area we are failing and his name is nick.",25245.0,negative,0.095,0.813,0.092,-0.155
1odazkx,1761146536.0,26752,0.99,60,💬Player/Coach Quote,DeMeco Ryans on what frustrated him the most on Monday  Yeah I would assume the offensive line doesn't practice being turnstiles,1615553.0,negative,0.247,0.657,0.095,-0.6041
1odazkx,1761146974.0,14003,0.99,60,💬Player/Coach Quote,DeMeco Ryans on what frustrated him the most on Monday  Can someone explain why our offense isn't much better when they play such a hard defense in practice? Wouldn't that be helping a lot?,845641.0,negative,0.284,0.62,0.097,-0.7618
1odazkx,1761146299.0,26543,0.99,60,💬Player/Coach Quote,"DeMeco Ryans on what frustrated him the most on Monday  Thats what I like to hear.

Not that hes throwing anyone under the bus necessarily, but acknowledging that this is a failure of execution, not one of total incompetence top to bottom. Now if the players are dogs (they might just not be) they will step up as its now known that they are not doing what they do in practice.",1602932.0,negative,0.14,0.81,0.05,-0.8462
1odazkx,1761148390.0,9823,0.99,60,💬Player/Coach Quote,DeMeco Ryans on what frustrated him the most on Monday  This whole seasons falls on the shoulders of Caserio at this point. He’s neglected the offensive line to an almost comical degree and pretty much 100% of the teams’ struggles stem back to it. The O-line last year broke Stroud and instead of prioritizing fixing it Caserio traded our best lineman and drafted 2 receivers with high draft picks. IMO Caserio should be gone if Stroud doesn’t improve dramatically the back half of this year.,593211.0,neutral,0.149,0.75,0.102,-0.5859
1odazkx,1761147829.0,9405,0.99,60,💬Player/Coach Quote,DeMeco Ryans on what frustrated him the most on Monday  Sorry but it’s hard to take him seriously when he and Nick dismissed all the questions about the offensive line over the offseason. There should have been a lot more pressure to upgrade the IOL instead of drafting two rookie WRs if they aren’t even going to be used to their fullest extent.,567968.0,negative,0.204,0.796,0.0,-0.9076
1odazkx,1761148449.0,3135,0.99,60,💬Player/Coach Quote,"DeMeco Ryans on what frustrated him the most on Monday  This shit makes no sense to me. Did your practice and install have you rotating Tomlinson, Berrios, and Ogunbawale. Why the fuck are these guys getting any snaps?! 

What the fuck are they even practicing. These teams blitz the hell out of Stroud and the way to counter that is by getting the ball out quick into space with playmakers. Why is there such an insistence playing dudes that are clearly washed.",189323.0,negative,0.212,0.743,0.045,-0.9558
1odazkx,1761146578.0,4598,0.99,60,💬Player/Coach Quote,"DeMeco Ryans on what frustrated him the most on Monday  Maybe the OL is literally just dumb as hell. Or Popovich is terrible at communicating it. Or both.

Either way, it’s 2024 all over again and the only common denominator is the coach and Howard this time. I just don’t know what to say anymore.

Like, the thing about this is that it means nothing Stroud is doing at the line matters, and it means we can’t even evaluate if he’s even making the right checks because the players on the line aren’t executing. 

Ffs he could literally be ass backwards or just perfect but it doesn’t matter because they’re fucking everything up anyways",277673.0,negative,0.112,0.836,0.051,-0.8201
1odazkx,1761148783.0,1881,0.99,60,💬Player/Coach Quote,DeMeco Ryans on what frustrated him the most on Monday  I heard players use the words “lackadaisical” and “complacent” about their mentalities coming into this game. There is some serious problems with this team mental abilities right now,113594.0,negative,0.175,0.778,0.047,-0.6597
1odazkx,1761149106.0,1881,0.99,60,💬Player/Coach Quote,"DeMeco Ryans on what frustrated him the most on Monday  I think Popovich saw some real problems in the line and culture last year. I think he had a strong vision of accountability, conditioning, discipline etc. and that got him the job. Sadly I don't think he was ready for all that comes with being the line coach yet, because despite all his ideas he, just like Strausser, can't get these guys to reliably cover stunts or understand assignments consistently.",113594.0,negative,0.101,0.782,0.117,0.1027
1odazkx,1761148655.0,1463,0.99,60,💬Player/Coach Quote,DeMeco Ryans on what frustrated him the most on Monday  It seems to me that the game plan in general aren’t good and that we lack adjustments when things go wrong. It feels like we’re too proud to admit that we have weaknesses in areas.,88351.0,negative,0.193,0.631,0.176,-0.25
1odazkx,1761150022.0,1672,0.99,60,💬Player/Coach Quote,DeMeco Ryans on what frustrated him the most on Monday  I love DeMeco but we’re always outcoached.,100972.0,neutral,0.116,0.739,0.144,0.136
1odazkx,1761149564.0,1463,0.99,60,💬Player/Coach Quote,DeMeco Ryans on what frustrated him the most on Monday  I think it’s becoming a real problem if he keeps coaching these guys to do one thing and then they keep doing another thing. This excuse we’ve heard over and over already.,88351.0,negative,0.137,0.833,0.029,-0.7003
1odazkx,1761146855.0,1881,0.99,60,💬Player/Coach Quote,DeMeco Ryans on what frustrated him the most on Monday  Who would’ve thought that not putting even decently talented players on the OL & hiring the assistant who aided in building and coaching a shit OL the year prior would result in a shit OL,113594.0,neutral,0.204,0.732,0.064,-0.8074
1odazkx,1761149667.0,1254,0.99,60,💬Player/Coach Quote,"DeMeco Ryans on what frustrated him the most on Monday  It starts with Caserio. Caley is in over his head, and Caserio only gave him dogshit to work with on top of that.",75729.0,negative,0.094,0.856,0.05,-0.3818
1odazkx,1761150734.0,627,0.99,60,💬Player/Coach Quote,DeMeco Ryans on what frustrated him the most on Monday  That’s what pisses me off; they can’t adjust.,37865.0,neutral,0.266,0.734,0.0,-0.7003
1odazkx,1761154104.0,418,0.99,60,💬Player/Coach Quote,"DeMeco Ryans on what frustrated him the most on Monday  According to CJ they apparently didn't focus on working on picking up the blitz, because ""Seattle didn't do it a lot on film"", even though the Texans showed they were susceptible to it in previous games.",25243.0,negative,0.072,0.928,0.0,-0.5267
1odazkx,1761159561.0,209,0.99,60,💬Player/Coach Quote,"DeMeco Ryans on what frustrated him the most on Monday  Did he really just throw... the entire team under the bus? 

""I coached them to do the right stuff."" sounds defensive to me",12622.0,negative,0.096,0.873,0.031,-0.5106
1odazkx,1761159720.0,209,0.99,60,💬Player/Coach Quote,"DeMeco Ryans on what frustrated him the most on Monday  I don't get why these coaches are so focused on execution when that's not the biggest problem. Caley is calling the wrong plays. He can't run at will with this offensive line, so he needs to pass out of run looks enough that the Texans will later be able to run. He needs a playcalling strategy when he approaches these games and heneeds to get the damned calls in soon enough to give Stroud time before the snap to make preliminary reads and maybe audible.",12622.0,negative,0.119,0.81,0.072,-0.7163
1odazkx,1761163934.0,209,0.99,60,💬Player/Coach Quote,"DeMeco Ryans on what frustrated him the most on Monday  If that’s true, then either your coaching sucks, or your GM had a cataclysmic miscalculation of these players abilities.",12622.0,negative,0.17,0.692,0.138,-0.2732
1odazkx,1761165142.0,209,0.99,60,💬Player/Coach Quote,DeMeco Ryans on what frustrated him the most on Monday  It sounds like they’re doing something different at practice that makes it easier than a real game. This falls on the coaches.,12622.0,negative,0.093,0.763,0.144,0.2263
1ocuae0,1761096846.0,156798,0.99,81,📈 Stats,Welp  We’d be undefeated with a bad offense,12728862.0,negative,0.524,0.476,0.0,-0.6705
1ocuae0,1761096427.0,52452,0.99,81,📈 Stats,"Welp  Yep. That’s what happens when you have a legendarily bad offense. 

Imagine how awful our offensive stats would look if it wasn’t for that Ravens game. ",4258053.0,negative,0.331,0.605,0.063,-0.8519
1ocuae0,1761094853.0,44640,0.99,81,📈 Stats,Welp  Are we even surprised anymore?,3623875.0,negative,0.0,0.725,0.275,0.2263
1ocuae0,1761097005.0,32364,0.99,81,📈 Stats,Welp  First team in NFL history?? Yikes. Yeah it’s time to clean house.,2627310.0,neutral,0.0,0.677,0.323,0.644
1ocuae0,1761095301.0,24552,0.99,81,📈 Stats,"Welp  I'd hate to see them waste this defense. They don't even need a great line, just get a competent one so they can actually run the ball and stop being one dimensional.",1993131.0,negative,0.293,0.611,0.096,-0.843
1ocuae0,1761097072.0,17856,0.99,81,📈 Stats,"Welp  We breaking records baby!

Texans #1

![gif](giphy|StjDEJZA8vT78vJecs)",1449550.0,negative,0.0,1.0,0.0,0.0
1ocuae0,1761098495.0,11160,0.99,81,📈 Stats,Welp  The Bizarro Cowboys. Take their offense and the Texans defense,905969.0,negative,0.16,0.72,0.12,-0.128
1ocuae0,1761099421.0,12276,0.99,81,📈 Stats,Welp  Fire Caley.,996566.0,negative,0.545,0.455,0.0,-0.34
1ocuae0,1761098289.0,8928,0.99,81,📈 Stats,Welp  Somehow Lovie left but we've still turned into the Bears,724775.0,negative,0.0,1.0,0.0,0.0
1ocuae0,1761098738.0,7254,0.99,81,📈 Stats,"Welp  This offense is awful, Nick Caley is a terrorist",588880.0,negative,0.618,0.382,0.0,-0.8658
1ocuae0,1761098701.0,5022,0.99,81,📈 Stats,Welp  Sounds like the defense is to blame for not putting points up,407686.0,negative,0.146,0.61,0.244,0.1531
1ocuae0,1761097442.0,8370,0.99,81,📈 Stats,Welp  Welcome to the NFL in 2025. Having the best defense in the league does not guarantee success. It takes more than that.,679477.0,negative,0.151,0.573,0.277,0.6075
1ocuae0,1761098867.0,3348,0.99,81,📈 Stats,"Welp  Hell yeah Houston sports. Kings at doing something no one else has done before but it's always negative!! 27 missed threes, not winning a home game in a 7 game series not once but fucking 2 times!!",271791.0,negative,0.366,0.6,0.034,-0.9475
1ocuae0,1761100738.0,3348,0.99,81,📈 Stats,Welp  It's so sad that the defense is being wasted by this poor offensive play. I am just like numb at this point.,271791.0,negative,0.435,0.388,0.177,-0.8831
1ocuae0,1761097066.0,3348,0.99,81,📈 Stats,Welp  At least we’re number one at something,271791.0,negative,0.0,0.843,0.157,0.0772
1ocuae0,1761097033.0,2790,0.99,81,📈 Stats,Welp  Record breakers 💪😤,226492.0,neutral,0.0,1.0,0.0,0.0
1ocuae0,1761098416.0,2232,0.99,81,📈 Stats,Welp  Number 1 baby. And don't you forget it,181194.0,negative,0.0,0.669,0.331,0.242
1ocuae0,1761100492.0,3348,0.99,81,📈 Stats,Welp  Relax. Defense wins championships. /s,271791.0,negative,0.0,0.15,0.85,0.8834
1ocuae0,1761140602.0,1674,0.99,81,📈 Stats,Welp  Between the 2 Texas teams we have 1 Super Bowl caliber team,135895.0,positive,0.0,0.719,0.281,0.5994
1ocuae0,1761101552.0,1116,0.99,81,📈 Stats,Welp  Wrong Epic,90597.0,negative,0.608,0.392,0.0,-0.4767
1ocosmy,1761081344.0,14848,0.97,56,mEMe,It’s tough out here  I was telling my friends this yesterday… big sad,820946.0,negative,0.275,0.539,0.186,-0.128
1ocosmy,1761081976.0,4608,0.97,56,mEMe,It’s tough out here  i was jsut telling my wife this last night.. may actually have to watch the nba this year,254776.0,negative,0.07,0.93,0.0,-0.128
1ocosmy,1761080583.0,3072,0.97,56,mEMe,"It’s tough out here  Member when moo cows went BBRRRRRT

Pepperidge Farm Remembers",169851.0,neutral,0.111,0.889,0.0,-0.128
1ocosmy,1761084051.0,10240,0.97,56,mEMe,"It’s tough out here  As an Aggie, I am only half-disappoonted 👍",566170.0,neutral,0.143,0.857,0.0,-0.128
1ocosmy,1761081823.0,3072,0.97,56,mEMe,"It’s tough out here  Ahhh, my people",169851.0,neutral,0.2,0.8,0.0,-0.128
1ocosmy,1761085023.0,1536,0.97,56,mEMe,It’s tough out here  https://preview.redd.it/717ndjoxhjwf1.png?width=750&format=png&auto=webp&s=a0066f99dfef97ecffc92fae16f089785bf74ea7,84925.0,neutral,0.273,0.727,0.0,-0.128
1ocosmy,1761085735.0,2560,0.97,56,mEMe,"It’s tough out here  https://preview.redd.it/wgb2th32kjwf1.jpeg?width=1200&format=pjpg&auto=webp&s=39e0cf687c6e868154b73ea85777fdea1c5790c6

Sad Sark Squat",141542.0,negative,0.434,0.566,0.0,-0.5574
1ocosmy,1761084283.0,1280,0.97,56,mEMe,It’s tough out here  Landry Locker is going through it. Both his teams are the epitome of each other in their respective leagues.,70771.0,negative,0.059,0.83,0.111,0.3182
1ocosmy,1761087346.0,1280,0.97,56,mEMe,"It’s tough out here  Houston cougars have been pulling there weight so far, so only half",70771.0,positive,0.091,0.909,0.0,-0.128
1ocosmy,1761083723.0,768,0.97,56,mEMe,It’s tough out here  There both bullshit,42463.0,negative,0.515,0.485,0.0,-0.6486
1ocosmy,1761087578.0,768,0.97,56,mEMe,It’s tough out here  go coogs tho,42463.0,negative,0.2,0.8,0.0,-0.128
1ocosmy,1761088782.0,768,0.97,56,mEMe,"It’s tough out here  https://preview.redd.it/5qe6wwu2tjwf1.jpeg?width=953&format=pjpg&auto=webp&s=cfe04987ec56c7b94ed64779b4845c7659b5402a

🚮🚮",42463.0,negative,0.231,0.769,0.0,-0.128
1ocosmy,1761087352.0,256,0.97,56,mEMe,It’s tough out here  Jokes on you I’m a Tech fan,14154.0,neutral,0.117,0.547,0.336,0.4215
1ocosmy,1761090942.0,256,0.97,56,mEMe,"It’s tough out here  Its a pattern. 
Texans: Offensive line cant block for shit
Longhorns: Offensive line cant block for shit

Texans: CJ Stroud a good QB but holds on to the ball too long when hes protected
Longhorns: Arch Manning Good QB (Well average at best) Holds on to the ball too long when hes protected 

Texans: Elite Defense but has to pick up the Offenses slack
Longhorns: Elite Defense but has to pick up the Offenses Slack 

Texans: Penalties kill drives 
Longhorns: Penalties kill drives

Texans: CJ misses open recievers
Longhorns: Manning misses open recievers

Texans: No running game
Longhorns: No running game

Texans: Dumb questionable play calls on offense (yesterday especially) 
Longhorns: Dumb questionable Play calls on offense 

There's more i already know but the difference is 
Texans: 2-4 losing record
Longhorns: 5-2 should be 4-3 should've lost to Kentucky honestly. But its the SEC and anything can happen in college football. Also Texas there is still Hope they can do it",14154.0,neutral,0.267,0.565,0.168,-0.9767
1ocosmy,1761098719.0,256,0.97,56,mEMe,It’s tough out here  Damn this hurts cuz it’s true.,14154.0,negative,0.471,0.361,0.168,-0.6155
1ocosmy,1761114753.0,256,0.97,56,mEMe,It’s tough out here  at least texas a&m's solid right now....,14154.0,neutral,0.124,0.744,0.132,0.0258
1ocosmy,1761135965.0,256,0.97,56,mEMe,It’s tough out here  At least Texan beat OU,14154.0,neutral,0.158,0.842,0.0,-0.128
1ocosmy,1761143147.0,256,0.97,56,mEMe,"It’s tough out here  Thank goodness I'm an A&M fan, although I can't remember the last time we were undefeated this long and I can't help but feel like we're going to blow it....probably to Texas.",14154.0,negative,0.073,0.708,0.219,0.6976
1ocosmy,1761175248.0,256,0.97,56,mEMe,"It’s tough out here  ![gif](giphy|l2QDZlXe67jR4pDdC|downsized)

Don’t talk to me about football pain 😢",14154.0,negative,0.337,0.663,0.0,-0.6239
1ocosmy,1761263259.0,256,0.97,56,mEMe,"It’s tough out here  U of H football and basketball, on top of the rockets, will keep me sane.

![gif](giphy|9oF7EAvaFUOEU)

*not*",14154.0,neutral,0.073,0.826,0.102,0.1511
1ocn0c0,1761076321.0,80500,0.98,156,💬Player/Coach Quote,"DeMeco on Nick Caley  All class from DeMeco, but Caley is garbage and needs to go asap",12385730.0,negative,0.0,1.0,0.0,0.0
1ocn0c0,1761077706.0,11500,0.98,156,💬Player/Coach Quote,DeMeco on Nick Caley  He is doing what a leader should do.,1769390.0,negative,0.0,1.0,0.0,0.0
1ocn0c0,1761076663.0,20930,0.98,156,💬Player/Coach Quote,"DeMeco on Nick Caley  Okay then, I'll put it on you. You are not absolved of responsibility Ryans no matter how likable you are. This team is still very undisciplined and usually gets out coached, that's on you.",3220290.0,negative,0.104,0.823,0.073,-0.3204
1ocn0c0,1761078931.0,3450,0.98,156,💬Player/Coach Quote,DeMeco on Nick Caley  I never understand why fans don't understand that nearly every coach is going to say something like this. He could be beyond pissed at Caley but he's not going to throw him under the bus publicly and if he did he'd basically be telling every other player on the team that it's okay to make excuses.,530817.0,negative,0.041,0.893,0.065,0.128
1ocn0c0,1761079574.0,2760,0.98,156,💬Player/Coach Quote,"DeMeco on Nick Caley  Miami, please fire Mike McDaniel at end of season",424654.0,negative,0.153,0.701,0.146,-0.0258
1ocn0c0,1761080830.0,2300,0.98,156,💬Player/Coach Quote,DeMeco on Nick Caley  Bill-meco O’Ryans,353878.0,negative,0.0,1.0,0.0,0.0
1ocn0c0,1761077745.0,11730,0.98,156,💬Player/Coach Quote,"DeMeco on Nick Caley  For those of you playing **Excuse Bingo** the winning phrase is...

*""We were one play away...""*

No you weren't, coach, You weren't remotely close.",1804778.0,negative,0.065,0.71,0.225,0.6597
1ocn0c0,1761077520.0,2070,0.98,156,💬Player/Coach Quote,DeMeco on Nick Caley  Mans going down with the ship. I wonder what it really feels like in that locker room.,318490.0,negative,0.0,0.872,0.128,0.4173
1ocn0c0,1761079987.0,920,0.98,156,💬Player/Coach Quote,"DeMeco on Nick Caley  I appreciate coach taking accountability, but accountability also means cutting ties with elements that are holding you back, just like you did with CJGJ. You cut Slowik because he wasn't good enough, if you wanna ride or die with Caley then that just means you're not fit for purpose as HC. I hate this seems to be true because I love Demeco, but if he's going to have blind faith in something that isn't close to working at even a mediocre level, then yeah, it's time for him to go as he's part of the problem at that point.",141551.0,negative,0.207,0.635,0.158,-0.7632
1ocn0c0,1761082563.0,1380,0.98,156,💬Player/Coach Quote,"DeMeco on Nick Caley  LOL

  
\> As bad as it seems

\> As ugly as it may be

  
We got you, coach 😉.",212327.0,neutral,0.224,0.659,0.116,-0.5052
1ocn0c0,1761076505.0,2990,0.98,156,💬Player/Coach Quote,DeMeco on Nick Caley  “put it on me” okay,460041.0,negative,0.0,0.808,0.192,0.2263
1ocn0c0,1761076882.0,4600,0.98,156,💬Player/Coach Quote,DeMeco on Nick Caley  Fine then demeco youre fired,707756.0,negative,0.29,0.565,0.145,-0.4215
1ocn0c0,1761089682.0,690,0.98,156,💬Player/Coach Quote,"DeMeco on Nick Caley  Ughhh here we go.. yeah i agree as HC. Do not throw anyone under the bus but man, dont say its 1 TD to tie the game, it was over by then lol",106163.0,positive,0.0,0.819,0.181,0.7227
1ocn0c0,1761077626.0,2070,0.98,156,💬Player/Coach Quote,"DeMeco on Nick Caley  I don't know what y'all expect him to say. He's not going to throw his coaches under the bus. Last night was not acceptable, this season is a disaster, but some of y'all are delusional.",318490.0,negative,0.103,0.897,0.0,-0.4644
1ocn0c0,1761076501.0,4140,0.98,156,💬Player/Coach Quote,"DeMeco on Nick Caley  I really like Ryans, but enough of the fake ass BoB, blame me. You say that enough then sure, fire him RN and move forward. 

I don't expect him to flame his players and staff, but enough with this one possession BS. We are also one possession from losing by double digits in our 4 losses.",636980.0,negative,0.291,0.646,0.064,-0.9596
1ocn0c0,1761076981.0,690,0.98,156,💬Player/Coach Quote,DeMeco on Nick Caley  It is on you and by the end of this season the whole house might be cleaned out,106163.0,negative,0.0,1.0,0.0,0.0
1ocn0c0,1761077568.0,690,0.98,156,💬Player/Coach Quote,"DeMeco on Nick Caley  Sure, I'll put it on you. Clean house. Fire everyone on the coaching staff and the entire front office",106163.0,negative,0.088,0.73,0.182,0.3818
1ocn0c0,1761078490.0,690,0.98,156,💬Player/Coach Quote,DeMeco on Nick Caley  Christian Harris has started two fights this year and he don’t even play haha,106163.0,negative,0.117,0.649,0.234,0.4019
1ocn0c0,1761084217.0,690,0.98,156,💬Player/Coach Quote,"DeMeco on Nick Caley  Man, what the fuck do some of yall want him to say? ""Yea guys, Caley sucks ass, but we can't fire him mid- season without fucking up our shitass offense even more.""",106163.0,negative,0.206,0.707,0.087,-0.6182
1ocmws9,1761076408.0,15990,0.99,37,💬Player/Coach Quote,"DeMeco on CJ’s performance  That's absolutely true. What's also true is that he's inexperienced of having control of the offense, the offensive coordinator doesn't know what he's doing, he's running for his life every play, and we have no reliable run game or pass catcher (Except for Schultz) to help him out.",601544.0,negative,0.113,0.709,0.178,0.6232
1ocmws9,1761076129.0,9594,0.99,37,💬Player/Coach Quote,DeMeco on CJ’s performance  He could atleast run east and west and not 5 miles south.,360926.0,positive,0.0,1.0,0.0,0.0
1ocmws9,1761079184.0,5289,0.99,37,💬Player/Coach Quote,DeMeco on CJ’s performance  Just say he was ass. Bro threw 49 times and couldn’t even pass 250 yards smh,198972.0,negative,0.244,0.756,0.0,-0.7003
1ocmws9,1761083848.0,5658,0.99,37,💬Player/Coach Quote,DeMeco on CJ’s performance  I can't stand the dudes body language in game. He is an uninspiring ceo of the team.,212854.0,negative,0.0,1.0,0.0,0.0
1ocmws9,1761098543.0,738,0.99,37,💬Player/Coach Quote,"DeMeco on CJ’s performance  WTF DOES THIS MEAN FR????

Everybody but the OC is to blame for the offense apparently",27764.0,positive,0.354,0.646,0.0,-0.8529
1ocmws9,1761082004.0,1230,0.99,37,💬Player/Coach Quote,"DeMeco on CJ’s performance  100% true. They apparently gave him full reign of the offense, yet he never checked out of one of those runs. Also, anyone notice the kid has never once hard counted to try to get the defense to jump offsides?",46273.0,positive,0.042,0.84,0.118,0.381
1ocmws9,1761076041.0,2091,0.99,37,💬Player/Coach Quote,DeMeco on CJ’s performance  Dude is running for his life every play lmao,78663.0,positive,0.0,0.636,0.364,0.743
1ocmws9,1761086838.0,738,0.99,37,💬Player/Coach Quote,DeMeco on CJ’s performance  It’s funny he would say this about CJ but not Caley directly.,27764.0,negative,0.0,0.885,0.115,0.2382
1ocmws9,1761095800.0,369,0.99,37,💬Player/Coach Quote,DeMeco on CJ’s performance  This season is over. Ryans is just throwing everyone under the bus,13882.0,positive,0.0,1.0,0.0,0.0
1ocmws9,1761155673.0,123,0.99,37,💬Player/Coach Quote,"DeMeco on CJ’s performance  I don't know what's going on behind the scenes enough to blame anyone tbh and we're never gonna hear the full story until someone leaves and the hit pieces come out lol.    
It's possible Caley is the worst OC imaginable    
It's possible Stroud got a little big headed after a good rookie year and got harder to coach.    
It's possible it's just a bad fit and they're not gelling.",4627.0,positive,0.123,0.776,0.101,-0.4215
1ocknvy,1761070995.0,30098,0.83,121,📹 Highlight,"If they lose 2 of the next 3 and they are 3 and 6 is the season over!! And Was next ?  Dog it's over now. We're 2-4 and to sniff the playoffs we'd have to go 8-3.

That's very difficult to do",3047723.0,positive,0.144,0.856,0.0,-0.725
1ocknvy,1761071478.0,11211,0.83,121,📹 Highlight,"If they lose 2 of the next 3 and they are 3 and 6 is the season over!! And Was next ?  We have to play the 49ers, Bills, Chiefs, Broncos, Chargers and Colts x2. This bye week was the chance to ride the momentum of the offense and they killed it instead! The season is over now.",1135226.0,positive,0.161,0.768,0.07,-0.7701
1ocknvy,1761071416.0,2828,0.83,121,📹 Highlight,If they lose 2 of the next 3 and they are 3 and 6 is the season over!! And Was next ?  They are already toast.  Better figure out who you don’t want here next year,286363.0,neutral,0.076,0.789,0.135,0.2695
1ocknvy,1761072172.0,2929,0.83,121,📹 Highlight,"If they lose 2 of the next 3 and they are 3 and 6 is the season over!! And Was next ?  Season is over, hopefully we get our line fixed before CJ is ruined and we waste this defense",296591.0,positive,0.211,0.69,0.099,-0.7058
1ocknvy,1761071462.0,9090,0.83,121,📹 Highlight,If they lose 2 of the next 3 and they are 3 and 6 is the season over!! And Was next ?  Just tank at this point and draft some real O-Line,920453.0,positive,0.112,0.888,0.0,-0.508
1ocknvy,1761072775.0,2323,0.83,121,📹 Highlight,"If they lose 2 of the next 3 and they are 3 and 6 is the season over!! And Was next ?  Brother I hate to tell you this— but with how Indy is playing, we aren’t catching them. And with how the Chiefs and Patriots are playing, we aren’t catching a Wild Card either. 

I told yall not to get your hopes up after those two wins. We played the Titans (the 2nd worst team in the league) and a Ravens team that has no defense and an offense that has been absolutely gutted with injuries. 

This season is done. Combination of poor offensive play and a really, *really* brutal schedule is just too much to overcome. This team wins maybe 6 games this season with the schedule we have. 

The offense is miserable— focus there, I guess. You can’t just overbuild a defense to compensate for shitty offensive play. Not anymore. Go out and get a fucking competent OC. Not some first year dickhead who used to be the assistant Tight Ends coordinator at Slapdick University. Bring in some competition for CJ next season. Even if it’s a vet looking to squeeze another couple seasons out. Trade for a couple solid o-linemen or use some draft capital for some. ",235227.0,negative,0.185,0.672,0.143,-0.9404
1ocknvy,1761071767.0,1313,0.83,121,📹 Highlight,If they lose 2 of the next 3 and they are 3 and 6 is the season over!! And Was next ?  The Colts legitimately look really good so there won’t be a barely .500 shot at the division.  They need a wildcard spot and that means beating a lot of good teams given the tough schedule.  Not looking likely.  I’d be surprised if we are even in the hunt come December unfortunately.,132954.0,neutral,0.133,0.758,0.108,-0.2259
1ocknvy,1761075270.0,1010,0.83,121,📹 Highlight,If they lose 2 of the next 3 and they are 3 and 6 is the season over!! And Was next ?  Caserio needs to go I’m so tired of the “Patriot Way” Caley sucks every patriot coach ever since Brady has sucked and the system only worked because of Brady. I HATE IT HERE,102273.0,positive,0.278,0.722,0.0,-0.9513
1ocknvy,1761072428.0,1515,0.83,121,📹 Highlight,"If they lose 2 of the next 3 and they are 3 and 6 is the season over!! And Was next ?  at this point the goal is a 7 win season. enjoy the good times as they come, and don't let the bad times get you down too much.",153409.0,neutral,0.05,0.703,0.247,0.8918
1ocknvy,1761074311.0,808,0.83,121,📹 Highlight,If they lose 2 of the next 3 and they are 3 and 6 is the season over!! And Was next ?  It's already over. I don't know why you think they have a chance,81818.0,neutral,0.105,0.831,0.064,-0.3147
1ocknvy,1761074703.0,707,0.83,121,📹 Highlight,If they lose 2 of the next 3 and they are 3 and 6 is the season over!! And Was next ?  It's already over,71591.0,neutral,0.147,0.853,0.0,-0.508
1ocknvy,1761075943.0,606,0.83,121,📹 Highlight,"If they lose 2 of the next 3 and they are 3 and 6 is the season over!! And Was next ?  **""...is the season over""**

It was over after the Jags loss",61364.0,neutral,0.177,0.823,0.0,-0.6792
1ocknvy,1761074979.0,606,0.83,121,📹 Highlight,"If they lose 2 of the next 3 and they are 3 and 6 is the season over!! And Was next ?  It's over now at 2-4 I'm afraid. Caley gets one more season, and Nick gets one more offseason to address the Oline, then if we are still trash, we start over. again.",61364.0,positive,0.064,0.936,0.0,-0.508
1ocknvy,1761074747.0,1212,0.83,121,📹 Highlight,If they lose 2 of the next 3 and they are 3 and 6 is the season over!! And Was next ?  This season was over before it started.  This is a four win team.  There was no O-line.  CJ is overrated.  It will take years to fix the offensive line.,122727.0,neutral,0.159,0.769,0.071,-0.5696
1ocknvy,1761073761.0,909,0.83,121,📹 Highlight,"If they lose 2 of the next 3 and they are 3 and 6 is the season over!! And Was next ?  The season is over, you have wins, most likely at Titan and Raiders, maybe at Cardinals and Jax, the rest are L's unless something drastically changes.",92045.0,negative,0.056,0.854,0.089,0.3786
1ocknvy,1761074433.0,303,0.83,121,📹 Highlight,If they lose 2 of the next 3 and they are 3 and 6 is the season over!! And Was next ?  **When** they lose... 😔,30682.0,negative,0.147,0.853,0.0,-0.508
1ocknvy,1761076456.0,404,0.83,121,📹 Highlight,If they lose 2 of the next 3 and they are 3 and 6 is the season over!! And Was next ?  It’s already over.  We don’t have a winning formula.,40909.0,negative,0.091,0.775,0.134,0.3147
1ocknvy,1761073017.0,303,0.83,121,📹 Highlight,If they lose 2 of the next 3 and they are 3 and 6 is the season over!! And Was next ?  If?,30682.0,positive,0.177,0.823,0.0,-0.5638
1ocknvy,1761075370.0,303,0.83,121,📹 Highlight,If they lose 2 of the next 3 and they are 3 and 6 is the season over!! And Was next ?  Playoffs ain't happening this year. All we can hope for now are solid interior line draft picks and an OC that's not a moron.,30682.0,neutral,0.058,0.776,0.166,0.6139
1ocknvy,1761076029.0,303,0.83,121,📹 Highlight,If they lose 2 of the next 3 and they are 3 and 6 is the season over!! And Was next ?  Youre optimistic man. It's over now,30682.0,negative,0.124,0.79,0.087,-0.2462
1ocgmx0,1761062448.0,34965,0.96,57,mEMe,We can fix him  McDaniels is one of those guys that is a great coordinator but a bad HC. He’ll be in high demand in the offseason.,1946851.0,neutral,0.209,0.709,0.082,-0.6059
1ocgmx0,1761062104.0,12173,0.96,57,mEMe,"We can fix him  Personally I think he's overrated, but I would take anything at this point.",677793.0,neutral,0.0,1.0,0.0,0.0
1ocgmx0,1761062907.0,15022,0.96,57,mEMe,"We can fix him  He has history with the organization, and not having all the head guy responsibilities might work in his favor.

But if Caserio doesn't do something about the line, you can't make chicken salad out of chicken shit even if you have Gordon Ramsey in the kitchen.",836425.0,neutral,0.089,0.877,0.034,-0.6187
1ocgmx0,1761062249.0,9583,0.96,57,mEMe,We can fix him  McDaniel would be a great OC for this team.  He can hit his vape in his short pants and scheme on some brilliant passing plays. Demeco can do the leading of men.,533581.0,neutral,0.0,0.764,0.236,0.872
1ocgmx0,1761063728.0,3367,0.96,57,mEMe,"We can fix him  The only thing that scares me is Nick Casero always loses bidding wars, pretty much every other team is going to be going for McDaniels.",187475.0,negative,0.227,0.685,0.088,-0.6249
1ocgmx0,1761062128.0,10101,0.96,57,mEMe,"We can fix him  His scheme relies on a good, smart, and athletic offensive line. If we even bring him in, we should’ve just kept Slowik instead of hiring Caley.",562424.0,negative,0.087,0.751,0.162,0.3818
1ocgmx0,1761064706.0,1813,0.96,57,mEMe,We can fix him  He’d be a great OC but we would still need to fix the OL. Which is baffling. Because the OL has been a consistent problem since the BoB days and somehow it still hasn’t been addressed,100948.0,neutral,0.084,0.855,0.061,-0.25
1ocgmx0,1761069268.0,518,0.96,57,mEMe,"We can fix him  Honestly, I’m down for anything at this point.",28842.0,negative,0.0,0.786,0.214,0.4588
1ocgmx0,1761073231.0,518,0.96,57,mEMe,"We can fix him  I’ve been calling for this since last year when it seemed like McDaniels was first in the hot seat. He’s not perfect but he seems like a great OC that might not be a great HC. I think he’s a brilliant football mind but might just not have the right personality for HC. 

Whether we like it or not, the offense will always be an issue as long as we have DeMeco unless we find an OC that is content with being OC (like Greg Roman seems to be).",28842.0,negative,0.018,0.737,0.244,0.9796
1ocgmx0,1761063181.0,259,0.96,57,mEMe,We can fix him  Saw this live n thought the same,14421.0,neutral,0.0,1.0,0.0,0.0
1ocgmx0,1761067467.0,259,0.96,57,mEMe,We can fix him  Exactly what tf does Stephen A. know about being a leader of men? Or literally anyone else?,14421.0,neutral,0.0,1.0,0.0,0.0
1ocgmx0,1761071749.0,259,0.96,57,mEMe,"We can fix him  Cal/Hannah, show us you really want to win. Start the calls now and make him an offer he cant refuse. I feel like CJ could really use all of McDaniels playbook. 

He knows how to scheme receivers to actually be open and used a back like Achane the way he was supposed too and not as if he's prime Earl Cambell and your gonna run him up the middle twice. McDaniels would see ""hmm this guy is a scat back or trick back, lets not try to force him into 290lb DL at a disadvantage"". 

Caley is like ""I used to be on a team with rex burkhead and he was able to be a back of all trades, so I need you to be him right now even though in practice we use Chubb/Ogunbawale for these situations. So go out there and don't fuck up, and don't blame me because you cant execute"".

 See the difference? I'm to the point where id take anyone that isn't caley or a former patriots org guy. 



Casserio needs to check his ego and delusion. It was Tom who was solely responsible for making that system run like it did and even then it had its issues and that's with the GOAT running it. Stop trying to use your past to create the future.  

  
""If you buy into the past, you pay with the present and go into debt in the future."" - [S.George](http://S.George)",14421.0,neutral,0.062,0.872,0.066,0.475
1ocgmx0,1761072329.0,259,0.96,57,mEMe,We can fix him  We'll take Mike McDaniel and Rob Slowik as a package deal. Also looking for a competent Oline. Why did it come to this?,14421.0,negative,0.125,0.796,0.08,-0.3182
1ocgmx0,1761075493.0,259,0.96,57,mEMe,We can fix him  If he cones here I would have some seriously high expectations about this team in 26-27,14421.0,negative,0.086,0.914,0.0,-0.1779
1ocgmx0,1761078525.0,259,0.96,57,mEMe,"We can fix him  Caserio/meco better have the fucking balls to fire caley and not give him another year. Don't care if we whiff on McDaniels, caley is not that dude.",14421.0,neutral,0.146,0.774,0.08,-0.3382
1ocgmx0,1761082204.0,259,0.96,57,mEMe,"We can fix him  Why do we want this guy so bad. All of his success came under Shanahan. He had one good year down in Miami when they had a prime Tyreek Hill and used a top 10 draft pick on another wide receiver.

It’ll just be the Bobby Slowik offense with slightly more intelligent play calling and a bunch of mediocre skill position players",14421.0,neutral,0.085,0.718,0.197,0.7676
1ocgmx0,1761142999.0,259,0.96,57,mEMe,"We can fix him  I hope you like bubble screens for minus 2 yards.  He might be able to design the plays but he has no idea on when to call them.  Please take him now, Dolphins fan.",14421.0,negative,0.064,0.683,0.253,0.743
1ocgmx0,1761148699.0,259,0.96,57,mEMe,We can fix him  has a team ever fired an OC and then hired another team's OC before? just wondering...,14421.0,neutral,0.167,0.833,0.0,-0.5574
1ocgmx0,1761165144.0,259,0.96,57,mEMe,We can fix him  I wouldn't hate it. We need someone with play call experience and demeco wouldn't have to baby sit.,14421.0,neutral,0.0,0.779,0.221,0.6595
1ocgmx0,1761176540.0,259,0.96,57,mEMe,We can fix him  His greatest success was as OC for the 49ers where he didn't call plays. Shanahan called the plays. Dude is fucking annoying to listen to. Players will get annoyed to.,14421.0,neutral,0.202,0.623,0.176,0.2088
1oc6bdc,1761031448.0,4788,0.86,14,mEMe,A Message From The Fans.  I wish I could up vote this like 30 times,61765.0,negative,0.0,0.642,0.358,0.6783
1oc6bdc,1761032424.0,4914,0.86,14,mEMe,A Message From The Fans.  That “The Texans have parted ways with OC Nick Caley” tweet by Schefty is gonna hit like crack later this season.,63391.0,neutral,0.0,0.906,0.094,0.3612
1oc6bdc,1761035970.0,3402,0.86,14,mEMe,"A Message From The Fans.  I screamed ""Fire Nick Caley"" about 50 times that game. We are wasting this ELITE defense with a shitty ass OLine and OC. We literally had 4 turnovers and couldn't capitalize at all. Honestly the biggest highlight for me that game wasnt even the WAJ strip sack touchdown or one of the INT's but rather getting my hat signed by Nico and Azeez",43886.0,negative,0.138,0.792,0.07,-0.5859
1oc6bdc,1761057550.0,504,0.86,14,mEMe,A Message From The Fans.  That was one of the worst called games in Texans history. Nick Caley is clearly way over his head and needs to get fired ASAP. 2 Weeks to prepare and you come out like this?,6502.0,neutral,0.164,0.725,0.111,-0.5423
1oc6bdc,1761034499.0,504,0.86,14,mEMe,A Message From The Fans.  Didn't really need the AI slop for this,6502.0,neutral,0.0,1.0,0.0,0.0
1oc5103,1761026202.0,89722,0.97,159,💬Player/Coach Quote,"Demeco Ryans in the post game presser: ""It wasn't a good day for our entire team. It's not just one side, all 3 phases did not do a great job today."" 10/10 Demeco, throwing your defense under the bus despite forcing 4 turnovers. Teams were 13-0 this year when they forced 3 turnovers until tonight. Bro don’t include the defense to make the offense feel better. This is the problem. Give credit where it’s due and give blame where it’s due.",13924854.0,neutral,0.175,0.731,0.094,-0.8074
1oc5103,1761026207.0,23730,0.97,159,💬Player/Coach Quote,"Demeco Ryans in the post game presser: ""It wasn't a good day for our entire team. It's not just one side, all 3 phases did not do a great job today."" 10/10 Demeco, throwing your defense under the bus despite forcing 4 turnovers. Teams were 13-0 this year when they forced 3 turnovers until tonight. WTH? The defense literally kept it manageable? Are we not watching the same game??",3682896.0,neutral,0.184,0.775,0.04,-0.9152
1oc5103,1761026191.0,32996,0.97,159,💬Player/Coach Quote,"Demeco Ryans in the post game presser: ""It wasn't a good day for our entire team. It's not just one side, all 3 phases did not do a great job today."" 10/10 Demeco, throwing your defense under the bus despite forcing 4 turnovers. Teams were 13-0 this year when they forced 3 turnovers until tonight. Fuck DeMeco for that, Defense played their hearts out.",5120979.0,neutral,0.175,0.747,0.078,-0.8316
1oc5103,1761026210.0,18984,0.97,159,💬Player/Coach Quote,"Demeco Ryans in the post game presser: ""It wasn't a good day for our entire team. It's not just one side, all 3 phases did not do a great job today."" 10/10 Demeco, throwing your defense under the bus despite forcing 4 turnovers. Teams were 13-0 this year when they forced 3 turnovers until tonight. Your oc is shit and you have zero clock management skills",2946317.0,neutral,0.176,0.802,0.021,-0.8957
1oc5103,1761026305.0,11752,0.97,159,💬Player/Coach Quote,"Demeco Ryans in the post game presser: ""It wasn't a good day for our entire team. It's not just one side, all 3 phases did not do a great job today."" 10/10 Demeco, throwing your defense under the bus despite forcing 4 turnovers. Teams were 13-0 this year when they forced 3 turnovers until tonight. Weak fucking response, don’t group our defense and special teams into this loss. They have been playing out of their fucking minds this season. If you can’t admit and identify the real problem how can we expect you to fix it.",1823910.0,neutral,0.159,0.753,0.088,-0.8633
1oc5103,1761026627.0,8588,0.97,159,💬Player/Coach Quote,"Demeco Ryans in the post game presser: ""It wasn't a good day for our entire team. It's not just one side, all 3 phases did not do a great job today."" 10/10 Demeco, throwing your defense under the bus despite forcing 4 turnovers. Teams were 13-0 this year when they forced 3 turnovers until tonight. People need to open their eyes and realize he’s part of the problem. He runs a great defense but he’s not a HC. Poor game/clock management, never throws a challenge flag, never gives the refs shit when they’re fucking us, never gets on the players when they fuck up, doesn’t hold Caley responsible, same old textbook speeches in every post game conversation… he’s a nice, “good job” type of coach, put the nostalgia aside and realize that he’s not it.",1332858.0,neutral,0.142,0.772,0.085,-0.81
1oc5103,1761026196.0,11074,0.97,159,💬Player/Coach Quote,"Demeco Ryans in the post game presser: ""It wasn't a good day for our entire team. It's not just one side, all 3 phases did not do a great job today."" 10/10 Demeco, throwing your defense under the bus despite forcing 4 turnovers. Teams were 13-0 this year when they forced 3 turnovers until tonight. Until he says the words “we’ve fired Nick Caley” his words aren’t worth the very carbon dioxide coming out his mouth",1718685.0,neutral,0.152,0.805,0.042,-0.872
1oc5103,1761026177.0,37968,0.97,159,💬Player/Coach Quote,"Demeco Ryans in the post game presser: ""It wasn't a good day for our entire team. It's not just one side, all 3 phases did not do a great job today."" 10/10 Demeco, throwing your defense under the bus despite forcing 4 turnovers. Teams were 13-0 this year when they forced 3 turnovers until tonight. YOUR ASS IS NOW OFFICIALLY ON THE HOT SEAT.",5892634.0,neutral,0.189,0.789,0.022,-0.9087
1oc5103,1761027205.0,2486,0.97,159,💬Player/Coach Quote,"Demeco Ryans in the post game presser: ""It wasn't a good day for our entire team. It's not just one side, all 3 phases did not do a great job today."" 10/10 Demeco, throwing your defense under the bus despite forcing 4 turnovers. Teams were 13-0 this year when they forced 3 turnovers until tonight. Defense played hard asf, DeMeco is so wrong about this! Offense is fucking ASS",385827.0,neutral,0.26,0.672,0.067,-0.9478
1oc5103,1761026187.0,6102,0.97,159,💬Player/Coach Quote,"Demeco Ryans in the post game presser: ""It wasn't a good day for our entire team. It's not just one side, all 3 phases did not do a great job today."" 10/10 Demeco, throwing your defense under the bus despite forcing 4 turnovers. Teams were 13-0 this year when they forced 3 turnovers until tonight. Did he seriously say this? There’s no way…",947030.0,neutral,0.191,0.787,0.023,-0.8779
1oc5103,1761026608.0,2034,0.97,159,💬Player/Coach Quote,"Demeco Ryans in the post game presser: ""It wasn't a good day for our entire team. It's not just one side, all 3 phases did not do a great job today."" 10/10 Demeco, throwing your defense under the bus despite forcing 4 turnovers. Teams were 13-0 this year when they forced 3 turnovers until tonight. The defense got four…yes four turnovers and we loss. Again. 

It’s not the defense.",315677.0,neutral,0.152,0.786,0.062,-0.8176
1oc5103,1761026566.0,1808,0.97,159,💬Player/Coach Quote,"Demeco Ryans in the post game presser: ""It wasn't a good day for our entire team. It's not just one side, all 3 phases did not do a great job today."" 10/10 Demeco, throwing your defense under the bus despite forcing 4 turnovers. Teams were 13-0 this year when they forced 3 turnovers until tonight. man the defense was fighting till the end, getting four freaking turnovers and a touchdown. i guess it’s their fault for not being able to score some pick sixes",280602.0,neutral,0.188,0.778,0.034,-0.9287
1oc5103,1761026232.0,4068,0.97,159,💬Player/Coach Quote,"Demeco Ryans in the post game presser: ""It wasn't a good day for our entire team. It's not just one side, all 3 phases did not do a great job today."" 10/10 Demeco, throwing your defense under the bus despite forcing 4 turnovers. Teams were 13-0 this year when they forced 3 turnovers until tonight. Nah, I know he’s just saying this to protect the offense, but man Texans defense balled out today.",631354.0,neutral,0.118,0.815,0.066,-0.4118
1oc5103,1761026371.0,2260,0.97,159,💬Player/Coach Quote,"Demeco Ryans in the post game presser: ""It wasn't a good day for our entire team. It's not just one side, all 3 phases did not do a great job today."" 10/10 Demeco, throwing your defense under the bus despite forcing 4 turnovers. Teams were 13-0 this year when they forced 3 turnovers until tonight. OH SHUT THE F UP!

It's pretty Fing obvious which phase failed the team tonight and if you can't see that, maybe you need to go too. 

FIRE CALEY NOW!",350752.0,neutral,0.17,0.779,0.051,-0.9004
1oc5103,1761026590.0,1582,0.97,159,💬Player/Coach Quote,"Demeco Ryans in the post game presser: ""It wasn't a good day for our entire team. It's not just one side, all 3 phases did not do a great job today."" 10/10 Demeco, throwing your defense under the bus despite forcing 4 turnovers. Teams were 13-0 this year when they forced 3 turnovers until tonight. Is that a joke. We had a block kick and a defensive TD. Every game we lost these past 2 years have been all the offense. Danny Dimes, Mac Jones, Geno Smith, Sam Darnold, Baker Mayfield all were garbage who left their poverty franchise and now look great (till Geno went to the Raiders) so why can't we get 1 yard on 2 trys or more than 1 offensive TD against a team that isn't in the dumpster fire. If we score 2 Offensive TDs in every game this year we'd be undefeated ",245526.0,neutral,0.199,0.761,0.04,-0.9775
1oc5103,1761027242.0,1356,0.97,159,💬Player/Coach Quote,"Demeco Ryans in the post game presser: ""It wasn't a good day for our entire team. It's not just one side, all 3 phases did not do a great job today."" 10/10 Demeco, throwing your defense under the bus despite forcing 4 turnovers. Teams were 13-0 this year when they forced 3 turnovers until tonight. Demeco doesnt present as a leader anymore. The players probably see something different off camera but i dont like the way this team is led",210451.0,neutral,0.109,0.874,0.016,-0.7403
1oc5103,1761026379.0,904,0.97,159,💬Player/Coach Quote,"Demeco Ryans in the post game presser: ""It wasn't a good day for our entire team. It's not just one side, all 3 phases did not do a great job today."" 10/10 Demeco, throwing your defense under the bus despite forcing 4 turnovers. Teams were 13-0 this year when they forced 3 turnovers until tonight. 2 weeks to prepare….awful offense",140301.0,neutral,0.175,0.801,0.025,-0.8481
1oc5103,1761028597.0,1582,0.97,159,💬Player/Coach Quote,"Demeco Ryans in the post game presser: ""It wasn't a good day for our entire team. It's not just one side, all 3 phases did not do a great job today."" 10/10 Demeco, throwing your defense under the bus despite forcing 4 turnovers. Teams were 13-0 this year when they forced 3 turnovers until tonight. You're right, defense should have forced 8 TOs.",245526.0,neutral,0.178,0.776,0.046,-0.8658
1oc5103,1761026514.0,4746,0.97,159,💬Player/Coach Quote,"Demeco Ryans in the post game presser: ""It wasn't a good day for our entire team. It's not just one side, all 3 phases did not do a great job today."" 10/10 Demeco, throwing your defense under the bus despite forcing 4 turnovers. Teams were 13-0 this year when they forced 3 turnovers until tonight. You guys get worked up way too much about coach speak",736579.0,neutral,0.129,0.848,0.022,-0.802
1oc5103,1761026200.0,2260,0.97,159,💬Player/Coach Quote,"Demeco Ryans in the post game presser: ""It wasn't a good day for our entire team. It's not just one side, all 3 phases did not do a great job today."" 10/10 Demeco, throwing your defense under the bus despite forcing 4 turnovers. Teams were 13-0 this year when they forced 3 turnovers until tonight. No bleep Demeco. Offense is an abomination. Fix it already.",350752.0,neutral,0.189,0.789,0.022,-0.886
1oc38pu,1761020019.0,44861,0.99,33,📹 Highlight,WILL. ANDERSON. JR. SACK. FUMBLE. TOUCHDOWN.  I’m ready for them to give WAJ the generational bag,1510021.0,neutral,0.0,0.857,0.143,0.3612
1oc38pu,1761020171.0,23026,0.99,33,📹 Highlight,WILL. ANDERSON. JR. SACK. FUMBLE. TOUCHDOWN.  No one pisses off the defense more than the offense…,775055.0,neutral,0.241,0.681,0.079,-0.4767
1oc38pu,1761021187.0,11513,0.99,33,📹 Highlight,"WILL. ANDERSON. JR. SACK. FUMBLE. TOUCHDOWN.  The play that brought us back into the game just for nick caley to fuck it all up. 

Stupid mother fucker",387528.0,neutral,0.306,0.628,0.066,-0.8689
1oc38pu,1761020294.0,7146,0.99,33,📹 Highlight,WILL. ANDERSON. JR. SACK. FUMBLE. TOUCHDOWN.  Wow that was watt like. Havent seen a man just refuse to drop the moment,240534.0,neutral,0.162,0.602,0.237,0.4588
1oc38pu,1761020240.0,8734,0.99,33,📹 Highlight,"WILL. ANDERSON. JR. SACK. FUMBLE. TOUCHDOWN.  Holy Shit, that DP of the Year material right there.",293986.0,neutral,0.194,0.806,0.0,-0.5574
1oc38pu,1761022849.0,2779,0.99,33,📹 Highlight,WILL. ANDERSON. JR. SACK. FUMBLE. TOUCHDOWN.  That's why I wear his jersey most games. I throw in some Pitre every once in awhile,93541.0,neutral,0.0,1.0,0.0,0.0
1oc38pu,1761025273.0,3176,0.99,33,📹 Highlight,"WILL. ANDERSON. JR. SACK. FUMBLE. TOUCHDOWN.  Defense is A

Offense is F-",106904.0,neutral,0.16,0.72,0.12,-0.128
1oc38pu,1761021077.0,1588,0.99,33,📹 Highlight,WILL. ANDERSON. JR. SACK. FUMBLE. TOUCHDOWN.  I love Will Anderson,53452.0,neutral,0.0,0.656,0.344,0.6369
1oc38pu,1761022006.0,1588,0.99,33,📹 Highlight,WILL. ANDERSON. JR. SACK. FUMBLE. TOUCHDOWN.  One of the few bright spots in a miserable night.,53452.0,neutral,0.168,0.681,0.152,-0.0772
1oc38pu,1761032520.0,1191,0.99,33,📹 Highlight,"WILL. ANDERSON. JR. SACK. FUMBLE. TOUCHDOWN.  Give this man partial ownership on his contract, let the man have a blank check, him and danielle are the two players that keep me sane",40089.0,neutral,0.0,1.0,0.0,0.0
1oc38pu,1761020435.0,397,0.99,33,📹 Highlight,WILL. ANDERSON. JR. SACK. FUMBLE. TOUCHDOWN.  Amen.,13363.0,neutral,0.0,1.0,0.0,0.0
1oc38pu,1761021023.0,397,0.99,33,📹 Highlight,WILL. ANDERSON. JR. SACK. FUMBLE. TOUCHDOWN.  Lol. That’s cute.,13363.0,neutral,0.0,0.547,0.453,0.7003
1oc38pu,1761046097.0,397,0.99,33,📹 Highlight,WILL. ANDERSON. JR. SACK. FUMBLE. TOUCHDOWN.  We don’t deserve him. I love my goat waj. Might as well let him play QB,13363.0,neutral,0.0,0.674,0.326,0.8271
1oc38pu,1761052306.0,397,0.99,33,📹 Highlight,WILL. ANDERSON. JR. SACK. FUMBLE. TOUCHDOWN.  Great composure and decision making by Darnold,13363.0,neutral,0.0,0.745,0.255,0.6249
1oc38pu,1761060848.0,397,0.99,33,📹 Highlight,"WILL. ANDERSON. JR. SACK. FUMBLE. TOUCHDOWN.  What a dawg.  How are we going to pay him and CJ next year, we wasted strouds rookie contract never getting him a o line.",13363.0,neutral,0.15,0.85,0.0,-0.5574
1oc38pu,1761144958.0,397,0.99,33,📹 Highlight,WILL. ANDERSON. JR. SACK. FUMBLE. TOUCHDOWN.  ![gif](giphy|8PBfNDoySmsRc49P4F),13363.0,neutral,0.0,1.0,0.0,0.0
1oc38pu,1761172521.0,397,0.99,33,📹 Highlight,WILL. ANDERSON. JR. SACK. FUMBLE. TOUCHDOWN.  Great defense.,13363.0,neutral,0.0,0.517,0.483,0.6808
1oc38pu,1761396006.0,397,0.99,33,📹 Highlight,WILL. ANDERSON. JR. SACK. FUMBLE. TOUCHDOWN.  Can WAJ play LT and Tim Settle at left guard,13363.0,neutral,0.0,0.862,0.138,0.34
1oc38pu,1761021287.0,397,0.99,33,📹 Highlight,"WILL. ANDERSON. JR. SACK. FUMBLE. TOUCHDOWN.  We’re gonna pay Will, trade CJ and draft Arch, aren’t we?",13363.0,neutral,0.08,0.92,0.0,-0.1027
1oc38pu,1761024919.0,397,0.99,33,📹 Highlight,WILL. ANDERSON. JR. SACK. FUMBLE. TOUCHDOWN.  Does Hunter not get the sack credit since he knocked the ball away?,13363.0,neutral,0.0,0.874,0.126,0.3818
1oc2jcu,1761018371.0,2920,0.98,4,📹 Highlight,Special teams doing their part! FG is BLOCKED.  Our only highlights posted from the first half are a blocked FG and a defensive play. We must be dominating this game,14308.0,neutral,0.208,0.618,0.174,-0.3016
1oc2jcu,1761018283.0,1168,0.98,4,📹 Highlight,Special teams doing their part! FG is BLOCKED.  Welcome back Mr. Autry.,5723.0,neutral,0.159,0.505,0.336,0.4869
1oc2jcu,1761017900.0,876,0.98,4,📹 Highlight,Special teams doing their part! FG is BLOCKED.  https://i.redd.it/iclbjvubydwf1.gif,4292.0,neutral,0.244,0.546,0.211,-0.1091
1oc2jcu,1761022718.0,876,0.98,4,📹 Highlight,Special teams doing their part! FG is BLOCKED.  Such a shame that we can’t take advantage of such elite defensive and special teams units,4292.0,neutral,0.187,0.536,0.277,0.2165
1oc22ra,1761016398.0,11025,0.99,13,📹 Highlight,Bullock picks off...Cooper Kupp????  This offense sucks donkey dick,152806.0,neutral,0.593,0.407,0.0,-0.8299
1oc22ra,1761016853.0,3150,0.99,13,📹 Highlight,Bullock picks off...Cooper Kupp????  Too many penalties. Texans D likes to extend drives for the other team by committing dumb penalties. Offensive line is still bad against good teams.,43659.0,neutral,0.266,0.519,0.215,-0.6199
1oc22ra,1761016848.0,875,0.99,13,📹 Highlight,Bullock picks off...Cooper Kupp????  Bullock got the best hands on the team right now,12128.0,neutral,0.0,0.716,0.284,0.7319
1oc22ra,1761016929.0,350,0.99,13,📹 Highlight,Bullock picks off...Cooper Kupp????  Is that not a facemask??,4851.0,neutral,0.0,1.0,0.0,0.0
1oc22ra,1761017160.0,175,0.99,13,📹 Highlight,Bullock picks off...Cooper Kupp????  I can’t believe they called that play,2426.0,neutral,0.0,0.728,0.272,0.5204
1oc22ra,1761017676.0,175,0.99,13,📹 Highlight,Bullock picks off...Cooper Kupp????  This is the sole highlight of the game.,2426.0,neutral,0.0,0.766,0.234,0.5204
1oc22ra,1761017773.0,175,0.99,13,📹 Highlight,Bullock picks off...Cooper Kupp????  I need a darnold pick for my parley NO,2426.0,neutral,0.37,0.63,0.0,-0.6478
1oc22ra,1761018458.0,175,0.99,13,📹 Highlight,"Bullock picks off...Cooper Kupp????  That was a play call from someone not afraid that the Texans' ""offense"" will make them pay.",2426.0,neutral,0.062,0.791,0.148,0.4515
1oc22ra,1761032142.0,175,0.99,13,📹 Highlight,"Bullock picks off...Cooper Kupp????  If Cooper Kupp was JSN, then yeah.",2426.0,neutral,0.0,0.76,0.24,0.4871
1ob413s,1760915393.0,3120,0.99,8,mEMe,How dare  Similar??? Heck off with that Reddit,27799.0,neutral,0.0,1.0,0.0,0.0
1ob413s,1760915495.0,2340,0.99,8,mEMe,How dare  I am aghast.,20849.0,neutral,0.492,0.508,0.0,-0.4404
1ob413s,1760927991.0,520,0.99,8,mEMe,"How dare  Happened to me, too. I was incredulous.",4633.0,neutral,0.0,1.0,0.0,0.0
1ob413s,1760915674.0,1040,0.99,8,mEMe,How dare  This is the problem with AI and algorithms made by folks who probably don't know shit.,9266.0,neutral,0.125,0.74,0.135,0.0577
1ob413s,1760922090.0,520,0.99,8,mEMe,"How dare  It is similar in that the Texans are the shit, and the Dallas Cowboys are shit. It's the *'the*' that separates them.",4633.0,neutral,0.0,0.733,0.267,0.8402
1ob413s,1760935938.0,260,0.99,8,mEMe,How dare  ![gif](giphy|PNFXpaRyw4mAg),2317.0,neutral,0.0,1.0,0.0,0.0
1ob413s,1760929650.0,130,0.99,8,mEMe,"How dare  How I think the Cowboys Reddit page looks like

![gif](giphy|vNU5PyxaM8bBu)",1158.0,neutral,0.0,0.782,0.218,0.4199
1oaxvik,1760901993.0,11772,0.97,19,📹 Highlight,Lol Titans  A colts loss would really make this day!,228377.0,neutral,0.186,0.565,0.25,0.2003
1oaxvik,1760901379.0,4578,0.97,19,📹 Highlight,Lol Titans  Dudes throwing wet bananas out there,88813.0,neutral,0.0,0.714,0.286,0.4215
1oaxvik,1760903030.0,4360,0.97,19,📹 Highlight,Lol Titans  That’s the kind of shit I would expect to see from Will Levis,84584.0,neutral,0.208,0.642,0.15,-0.2716
1oaxvik,1760903674.0,2616,0.97,19,📹 Highlight,Lol Titans  That’s twice he’s simply just lost control of the ball untouched.  Were the scouting reports dinging him on small hands?,50750.0,neutral,0.092,0.797,0.112,0.128
1oaxvik,1760904316.0,1526,0.97,19,📹 Highlight,Lol Titans  oof and that’s right after letting the patriots take up half the 3rd quarter with a touchdown drive lol,29604.0,neutral,0.0,0.763,0.237,0.6808
1oaxvik,1760905771.0,872,0.97,19,📹 Highlight,Lol Titans  And before this I was thinking tua is the worse but cam has that crown now,16917.0,neutral,0.108,0.792,0.1,-0.0387
1oaxvik,1760904891.0,2180,0.97,19,📹 Highlight,Lol Titans  Ward was drafted by the Tits and he’s regressing right in front of our eyes. Incredible.,42292.0,neutral,0.092,0.773,0.135,0.2263
1oaxvik,1760901197.0,1090,0.97,19,📹 Highlight,Lol Titans  Stay humble !,21146.0,neutral,0.0,0.492,0.508,0.4753
1oaxvik,1760916513.0,654,0.97,19,📹 Highlight,"Lol Titans  The home crowd was chanting ""Vrabel, Vrabel!"" in Tennessee as the Patriots ended the game in victory formation.",12688.0,neutral,0.0,0.86,0.14,0.4753
1oaxvik,1760922058.0,654,0.97,19,📹 Highlight,Lol Titans  Dude said he’s gonna make every team regret it if they didn’t pick him first. Titans did every team in the league a favor and their only win was a fluke fucking disaster from the cardinals.,12688.0,neutral,0.151,0.653,0.196,0.2748
1oaxvik,1760911142.0,436,0.97,19,📹 Highlight,Lol Titans  Gave me Brock osweiler vibes there,8458.0,neutral,0.0,0.714,0.286,0.4215
1oaxvik,1760916596.0,436,0.97,19,📹 Highlight,Lol Titans  He sucks,8458.0,neutral,0.342,0.274,0.384,0.0772
1oaxvik,1760908417.0,218,0.97,19,📹 Highlight,Lol Titans  The colts are running away with the division.. it’s crazy,4229.0,neutral,0.158,0.658,0.184,0.1027
1oaxvik,1760948962.0,218,0.97,19,📹 Highlight,Lol Titans  Don't expect too much from the Titans this year 😞,4229.0,neutral,0.0,0.781,0.219,0.4215
1oaxvik,1761027685.0,218,0.97,19,📹 Highlight,Lol Titans  We did this twice tonight,4229.0,neutral,0.0,0.682,0.318,0.4215
1oauovv,1760894064.0,37009,0.95,33,📈 Stats,"At least we know it could’ve been much worse, #FTJ  Not gonna lie Rams are a good team. Crazy we held them from scoring so well.",1195391.0,neutral,0.171,0.653,0.176,0.0364
1oauovv,1760895372.0,10574,0.95,33,📈 Stats,"At least we know it could’ve been much worse, #FTJ  https://preview.redd.it/7jaf7hb0u3wf1.jpeg?width=640&format=pjpg&auto=webp&s=7c4bdb2eae7cf764a97137694edbf7be0438206d",341540.0,neutral,0.237,0.763,0.0,-0.4767
1oauovv,1760893469.0,11818,0.95,33,📈 Stats,"At least we know it could’ve been much worse, #FTJ  That was minus Nacua too! 🤣",381721.0,neutral,0.195,0.805,0.0,-0.5255
1oauovv,1760893042.0,18660,0.95,33,📈 Stats,"At least we know it could’ve been much worse, #FTJ  Meh we still lost to both.

Edited to add FTJ",602718.0,neutral,0.283,0.717,0.0,-0.6908
1oauovv,1760895891.0,4354,0.95,33,📈 Stats,"At least we know it could’ve been much worse, #FTJ  We’ve lost 3 games and they’ve been one score games to teams over .500, and one was to a divisional rival, we really aren’t bad even though our record makes us look bad. I still am hopeful that we win the division",140634.0,neutral,0.205,0.682,0.113,-0.7056
1oauovv,1760902654.0,1555,0.95,33,📈 Stats,"At least we know it could’ve been much worse, #FTJ  LA sacked Lawrence a ton today. Makes me a bit less scared about the O-line against Seattle since it seems like Jacksonville is having their own problems at O-line.",50226.0,neutral,0.191,0.752,0.057,-0.7102
1oauovv,1760893513.0,3110,0.95,33,📈 Stats,"At least we know it could’ve been much worse, #FTJ  That was minus Nacua too! 🤣",100453.0,neutral,0.195,0.805,0.0,-0.5255
1oauovv,1760898468.0,1555,0.95,33,📈 Stats,"At least we know it could’ve been much worse, #FTJ  Defense come together a lot faster than offenses. First game of the season was a bad showing for our offense. Now 7th game this just shows that Lawrence is not who they think he is. It’s crazy cause he throws the prettiest ball in the league but accuracy is not his forte.",50226.0,neutral,0.14,0.805,0.055,-0.5647
1oauovv,1760907856.0,1555,0.95,33,📈 Stats,"At least we know it could’ve been much worse, #FTJ  Yeah but the Jags are ass on both sides of the ball",50226.0,neutral,0.248,0.693,0.058,-0.7351
1oauovv,1760893191.0,1866,0.95,33,📈 Stats,"At least we know it could’ve been much worse, #FTJ  😭😭😭😭",60272.0,neutral,0.237,0.763,0.0,-0.4767
1oauovv,1760898764.0,933,0.95,33,📈 Stats,"At least we know it could’ve been much worse, #FTJ  And they didn't even have Puka today",30136.0,neutral,0.162,0.838,0.0,-0.4767
1oauovv,1760966529.0,622,0.95,33,📈 Stats,"At least we know it could’ve been much worse, #FTJ  9 points is unbelievable.",20091.0,neutral,0.195,0.692,0.113,-0.3182
1oauovv,1760901474.0,933,0.95,33,📈 Stats,"At least we know it could’ve been much worse, #FTJ  https://preview.redd.it/typ0kvg2c4wf1.jpeg?width=1125&format=pjpg&auto=webp&s=7205a031585622c12bf298bc751fa20efc48bc53

Told everyone to relax week 1 because rams defense were top 5.",30136.0,neutral,0.114,0.659,0.227,0.2732
1oauovv,1760893772.0,1555,0.95,33,📈 Stats,"At least we know it could’ve been much worse, #FTJ  Ehh not really a great take since our D was playing good but not as great as of late. In addition, our offense looks like it's starting to click. 

They do however not have Puka so....",50226.0,neutral,0.21,0.671,0.12,-0.7159
1oauovv,1760929393.0,311,0.95,33,📈 Stats,"At least we know it could’ve been much worse, #FTJ  They remembered they were the Jags.",10045.0,neutral,0.171,0.829,0.0,-0.4767
1oauovv,1760941845.0,311,0.95,33,📈 Stats,"At least we know it could’ve been much worse, #FTJ  They didn’t even have Puka playing today either, our Defense is top tier, if the offense can find it’s rhythm we’re a scary team",10045.0,neutral,0.205,0.668,0.126,-0.6369
1oauovv,1761014936.0,311,0.95,33,📈 Stats,"At least we know it could’ve been much worse, #FTJ  Anymore shit talking huh, already down 0-14 about to be long night for houston just watch.",10045.0,neutral,0.218,0.782,0.0,-0.7717
1o9coal,1760734264.0,72333,0.99,29,💬Player/Coach Quote,Nothing else matters https://x.com/aaronwilson_nfl/status/1979287083979329796?s=46 Best special teams coordinator in the league 😤,2148290.0,neutral,0.067,0.501,0.432,0.7799
1o9coal,1760734132.0,43146,0.99,29,💬Player/Coach Quote,"Nothing else matters https://x.com/aaronwilson_nfl/status/1979287083979329796?s=46 I don’t like this, I’m starting to believe again. Damn, Tuesday can either be painful or awesome lmao",1281436.0,neutral,0.207,0.466,0.326,0.7028
1o9coal,1760734807.0,18612,0.99,29,💬Player/Coach Quote,"Nothing else matters https://x.com/aaronwilson_nfl/status/1979287083979329796?s=46 Frank Ross, I owe you an apology.  I wasn't really familiar with your game and how you travel...

I love the passion this guy has in interviews.  He genuinely wants to win for the sake of winning.",552776.0,neutral,0.022,0.657,0.32,0.9385
1o9coal,1760734896.0,10152,0.99,29,💬Player/Coach Quote,"Nothing else matters https://x.com/aaronwilson_nfl/status/1979287083979329796?s=46 This is pretty much how I feel right now too. 

Sitting here like: Family's good, check! Monday night get here sooner.",301514.0,neutral,0.036,0.667,0.297,0.8324
1o9coal,1760738028.0,8037,0.99,29,💬Player/Coach Quote,"Nothing else matters https://x.com/aaronwilson_nfl/status/1979287083979329796?s=46 I'm not really that up to date with the state of Special Teams Coaches around the league, but this guy's gotta be top 5 right?",238699.0,neutral,0.034,0.821,0.145,0.5224
1o9coal,1760737838.0,4653,0.99,29,💬Player/Coach Quote,Nothing else matters https://x.com/aaronwilson_nfl/status/1979287083979329796?s=46 I hope to never lose that man.,138194.0,positive,0.081,0.529,0.39,0.6229
1o9coal,1760736491.0,2538,0.99,29,💬Player/Coach Quote,Nothing else matters https://x.com/aaronwilson_nfl/status/1979287083979329796?s=46 Same,75379.0,neutral,0.212,0.788,0.0,-0.0191
1o9coal,1760738906.0,2115,0.99,29,💬Player/Coach Quote,Nothing else matters https://x.com/aaronwilson_nfl/status/1979287083979329796?s=46 I love Frank Ross.,62816.0,neutral,0.105,0.487,0.409,0.6281
1o9coal,1760766291.0,846,0.99,29,💬Player/Coach Quote,"Nothing else matters https://x.com/aaronwilson_nfl/status/1979287083979329796?s=46 We'll do it. This not some unbeatable team. They just 4-2 but the way you hear the Houston sports media talk about them you'd think they were 6-0. Winnable game. Not an easy game, but winnable",25126.0,neutral,0.087,0.757,0.156,0.6433
1o9coal,1760744685.0,1269,0.99,29,💬Player/Coach Quote,Nothing else matters https://x.com/aaronwilson_nfl/status/1979287083979329796?s=46 He cares about his family? Clearly not dedicated enough to the team.,37689.0,neutral,0.164,0.555,0.28,0.5432
1o9coal,1760738915.0,846,0.99,29,💬Player/Coach Quote,"Nothing else matters https://x.com/aaronwilson_nfl/status/1979287083979329796?s=46 MNF on primetime, CJ usually does well in these situations atleast from my experience. I’m hoping he shows up for us, because I know our defense is gonna be there. 

We can’t sleep on the Seahawks though, I have Darnold on my fantasy team and he’s been pretty solid all year. I’m obviously sitting him this week against our defense lol",25126.0,positive,0.015,0.768,0.217,0.9086
1o9coal,1760745661.0,846,0.99,29,💬Player/Coach Quote,Nothing else matters https://x.com/aaronwilson_nfl/status/1979287083979329796?s=46 Best ST coordinator in the league and (maybe) a good DC in Matt Burke calling the plays? Monday can’t come fast enough.,25126.0,positive,0.034,0.666,0.3,0.855
1o9coal,1760752906.0,846,0.99,29,💬Player/Coach Quote,"Nothing else matters https://x.com/aaronwilson_nfl/status/1979287083979329796?s=46 What's crazy is if the Chargers beat the Colts, and of course the Texans beat the Seahawks, not only are we right back in the division race but we're right back into the race for the top seed. Colts are the only team left with only one lose, somehow. After this weekend, every team in the AFC could have at least 2 loses. Suddenly the 3 we dropped at the start of the season wouldn't be looking all that bad.",25126.0,neutral,0.152,0.824,0.024,-0.8954
1o9coal,1760789086.0,423,0.99,29,💬Player/Coach Quote,"Nothing else matters https://x.com/aaronwilson_nfl/status/1979287083979329796?s=46 ![gif](giphy|1zmG8avB83Uvm)

How trading that made me feel",12563.0,neutral,0.12,0.88,0.0,-0.0941
1o9coal,1760829074.0,423,0.99,29,💬Player/Coach Quote,Nothing else matters https://x.com/aaronwilson_nfl/status/1979287083979329796?s=46 💯 beat the shithawks yall. They suck at home. ,12563.0,neutral,0.284,0.716,0.0,-0.4541
1o9coal,1760925182.0,423,0.99,29,💬Player/Coach Quote,"Nothing else matters https://x.com/aaronwilson_nfl/status/1979287083979329796?s=46 You know Frank and the special teams bring it. I like Noel returning kicks. Wouldn't be surprised by a big punt return or some sort of blocked kick from the ST.

The game really depends on what version of the offense shows up.",12563.0,positive,0.139,0.76,0.101,0.0173
1o96yqc,1760721072.0,22144,1.0,50,🏥 Injury,"Our 53 man roster is healthy for the Seahawks game. https://x.com/samwarren_3/status/1979231507366502622?s=46 TE’s 2-4 being out aside, I didn’t even know that was possible",1129344.0,neutral,0.0,0.886,0.114,0.4019
1o96yqc,1760720734.0,31140,1.0,50,🏥 Injury,Our 53 man roster is healthy for the Seahawks game. https://x.com/samwarren_3/status/1979231507366502622?s=46 ![gif](giphy|bEVKYB487Lqxy),1588140.0,neutral,0.0,0.786,0.214,0.4574
1o96yqc,1760720974.0,12456,1.0,50,🏥 Injury,Our 53 man roster is healthy for the Seahawks game. https://x.com/samwarren_3/status/1979231507366502622?s=46 ![gif](giphy|Sg4He6Tb4LoXK),635256.0,neutral,0.0,0.786,0.214,0.4574
1o96yqc,1760722832.0,9688,1.0,50,🏥 Injury,Our 53 man roster is healthy for the Seahawks game. https://x.com/samwarren_3/status/1979231507366502622?s=46 ![gif](giphy|ek48IHYOvj2UNT1TZY),494088.0,neutral,0.0,0.786,0.214,0.4574
1o96yqc,1760724309.0,9342,1.0,50,🏥 Injury,Our 53 man roster is healthy for the Seahawks game. https://x.com/samwarren_3/status/1979231507366502622?s=46 The Seahawks are a solid team.  We need to beat them to be a solid contender again.  No excuses.,476442.0,neutral,0.067,0.706,0.227,0.4939
1o96yqc,1760721063.0,9342,1.0,50,🏥 Injury,Our 53 man roster is healthy for the Seahawks game. https://x.com/samwarren_3/status/1979231507366502622?s=46 ![gif](giphy|UIgPllMEXi35Bv3EMO|downsized),476442.0,positive,0.0,0.786,0.214,0.4574
1o96yqc,1760728209.0,3114,1.0,50,🏥 Injury,"Our 53 man roster is healthy for the Seahawks game. https://x.com/samwarren_3/status/1979231507366502622?s=46 If we want to win, we need to score more points than them.",158814.0,neutral,0.0,0.729,0.271,0.7783
1o96yqc,1760722238.0,7266,1.0,50,🏥 Injury,"Our 53 man roster is healthy for the Seahawks game. https://x.com/samwarren_3/status/1979231507366502622?s=46 So, if we lose, no excuses.",370566.0,neutral,0.236,0.64,0.123,-0.3535
1o96yqc,1760729661.0,2422,1.0,50,🏥 Injury,"Our 53 man roster is healthy for the Seahawks game. https://x.com/samwarren_3/status/1979231507366502622?s=46 As a Seahawks fan who lurks here because he loves CJ, I’m so excited to see this game play out with both teams pretty damn healthy.",123522.0,neutral,0.089,0.522,0.389,0.9384
1o96yqc,1760723173.0,3806,1.0,50,🏥 Injury,"Our 53 man roster is healthy for the Seahawks game. https://x.com/samwarren_3/status/1979231507366502622?s=46 “53 man roster healthy”

I guess we don’t have mixon anymore",194106.0,neutral,0.0,0.881,0.119,0.4019
1o96yqc,1760724971.0,2076,1.0,50,🏥 Injury,Our 53 man roster is healthy for the Seahawks game. https://x.com/samwarren_3/status/1979231507366502622?s=46 The only thing about the Early Bye is that now we are in for the long haul.,105876.0,neutral,0.0,0.909,0.091,0.4019
1o96yqc,1760730699.0,1038,1.0,50,🏥 Injury,Our 53 man roster is healthy for the Seahawks game. https://x.com/samwarren_3/status/1979231507366502622?s=46 I feel the tight ends more than Dell and Mixon.,52938.0,neutral,0.0,0.876,0.124,0.4019
1o96yqc,1760721462.0,2422,1.0,50,🏥 Injury,Our 53 man roster is healthy for the Seahawks game. https://x.com/samwarren_3/status/1979231507366502622?s=46 Joe Mixon ready to go? I thought he was still hurt,123522.0,neutral,0.126,0.668,0.206,0.2869
1o96yqc,1760732237.0,346,1.0,50,🏥 Injury,"Our 53 man roster is healthy for the Seahawks game. https://x.com/samwarren_3/status/1979231507366502622?s=46 Still no word on Mixon, huh??",17646.0,negative,0.108,0.734,0.159,0.2593
1o96don,1760719851.0,8466,0.96,59,📝Article/Writeup,"How Nick Caley Has Adapted: The Texans' Offense Finds Its Groove After a Rough Start Been really encouraged by the strides Nick Caley has made as OC over the past few games.

It’s not just about playing weaker defenses, we started seeing some of these adjustments late in the Jacksonville game, and now they’re showing up more consistently:
	•	More tempo after 1st downs
	•	Real RPO structure giving Stroud options
	•	Use of 6 OL (Blake Fisher) as a response to TE injuries
	•	Heavy personnel & motion creating misdirection
	•	Running on 2nd & long to stay on schedule
	•	Creative 3rd down designs that aren’t just check-down screens
	•	OL finally has continuity, and it’s showing in run efficiency and protection

Caley was brought in to adapt and adjust — and lately, that’s exactly what he’s doing.

I broke it all down with film clips and examples here if you want the deeper dive. 

Seattle will be a big test but I’m encouraged. Where are you at with the offense? We need to see the O-line act like they’ve seen stunts before when playing the Seahawks.",487642.0,negative,0.059,0.844,0.097,0.7432
1o96don,1760719747.0,3162,0.96,59,📝Article/Writeup,"How Nick Caley Has Adapted: The Texans' Offense Finds Its Groove After a Rough Start Been really encouraged by the strides Nick Caley has made as OC over the past few games.

It’s not just about playing weaker defenses, we started seeing some of these adjustments late in the Jacksonville game, and now they’re showing up more consistently:
	•	More tempo after 1st downs
	•	Real RPO structure giving Stroud options
	•	Use of 6 OL (Blake Fisher) as a response to TE injuries
	•	Heavy personnel & motion creating misdirection
	•	Running on 2nd & long to stay on schedule
	•	Creative 3rd down designs that aren’t just check-down screens
	•	OL finally has continuity, and it’s showing in run efficiency and protection

Caley was brought in to adapt and adjust — and lately, that’s exactly what he’s doing.

I broke it all down with film clips and examples here if you want the deeper dive. 

Seattle will be a big test but I’m encouraged. Where are you at with the offense? As an ex HS football coach I appreciate your attention to detail.",182131.0,negative,0.05,0.848,0.102,0.8171
1o96don,1760722411.0,2346,0.96,59,📝Article/Writeup,"How Nick Caley Has Adapted: The Texans' Offense Finds Its Groove After a Rough Start Been really encouraged by the strides Nick Caley has made as OC over the past few games.

It’s not just about playing weaker defenses, we started seeing some of these adjustments late in the Jacksonville game, and now they’re showing up more consistently:
	•	More tempo after 1st downs
	•	Real RPO structure giving Stroud options
	•	Use of 6 OL (Blake Fisher) as a response to TE injuries
	•	Heavy personnel & motion creating misdirection
	•	Running on 2nd & long to stay on schedule
	•	Creative 3rd down designs that aren’t just check-down screens
	•	OL finally has continuity, and it’s showing in run efficiency and protection

Caley was brought in to adapt and adjust — and lately, that’s exactly what he’s doing.

I broke it all down with film clips and examples here if you want the deeper dive. 

Seattle will be a big test but I’m encouraged. Where are you at with the offense? I honestly feel a big help was DeMeco handing off defense play calling to assist Caley with some decision making. I know the team can't advertise that as what brought about the change, but it seems fairly obvious to anyone paying attention.",135130.0,negative,0.042,0.831,0.127,0.9463
1o96don,1760720842.0,3570,0.96,59,📝Article/Writeup,"How Nick Caley Has Adapted: The Texans' Offense Finds Its Groove After a Rough Start Been really encouraged by the strides Nick Caley has made as OC over the past few games.

It’s not just about playing weaker defenses, we started seeing some of these adjustments late in the Jacksonville game, and now they’re showing up more consistently:
	•	More tempo after 1st downs
	•	Real RPO structure giving Stroud options
	•	Use of 6 OL (Blake Fisher) as a response to TE injuries
	•	Heavy personnel & motion creating misdirection
	•	Running on 2nd & long to stay on schedule
	•	Creative 3rd down designs that aren’t just check-down screens
	•	OL finally has continuity, and it’s showing in run efficiency and protection

Caley was brought in to adapt and adjust — and lately, that’s exactly what he’s doing.

I broke it all down with film clips and examples here if you want the deeper dive. 

Seattle will be a big test but I’m encouraged. Where are you at with the offense? I do like that we seemingly have a role for Blake Fisher to develop. Even if it’s only situational, putting him in as a TE for blocking is a great way for him to earn live game reps instead of having him rot away on the bench.",205632.0,neutral,0.057,0.835,0.108,0.887
1o96don,1760725742.0,1530,0.96,59,📝Article/Writeup,"How Nick Caley Has Adapted: The Texans' Offense Finds Its Groove After a Rough Start Been really encouraged by the strides Nick Caley has made as OC over the past few games.

It’s not just about playing weaker defenses, we started seeing some of these adjustments late in the Jacksonville game, and now they’re showing up more consistently:
	•	More tempo after 1st downs
	•	Real RPO structure giving Stroud options
	•	Use of 6 OL (Blake Fisher) as a response to TE injuries
	•	Heavy personnel & motion creating misdirection
	•	Running on 2nd & long to stay on schedule
	•	Creative 3rd down designs that aren’t just check-down screens
	•	OL finally has continuity, and it’s showing in run efficiency and protection

Caley was brought in to adapt and adjust — and lately, that’s exactly what he’s doing.

I broke it all down with film clips and examples here if you want the deeper dive. 

Seattle will be a big test but I’m encouraged. Where are you at with the offense? I feel like a lot of you guys aren’t actually reading what he said and are just reading the headline. He’s talking about how the play calling has changed and how hes getting more creative. This needed to happen regardless of how bad our opponents are

It’s alright to still be skeptical on whether we actually execute well against good teams but it’s a good sign that this coach is adjusting what he’s doing rather than just doing the same thing for 17 weeks",88128.0,negative,0.062,0.797,0.142,0.9624
1o96don,1760724905.0,918,0.96,59,📝Article/Writeup,"How Nick Caley Has Adapted: The Texans' Offense Finds Its Groove After a Rough Start Been really encouraged by the strides Nick Caley has made as OC over the past few games.

It’s not just about playing weaker defenses, we started seeing some of these adjustments late in the Jacksonville game, and now they’re showing up more consistently:
	•	More tempo after 1st downs
	•	Real RPO structure giving Stroud options
	•	Use of 6 OL (Blake Fisher) as a response to TE injuries
	•	Heavy personnel & motion creating misdirection
	•	Running on 2nd & long to stay on schedule
	•	Creative 3rd down designs that aren’t just check-down screens
	•	OL finally has continuity, and it’s showing in run efficiency and protection

Caley was brought in to adapt and adjust — and lately, that’s exactly what he’s doing.

I broke it all down with film clips and examples here if you want the deeper dive. 

Seattle will be a big test but I’m encouraged. Where are you at with the offense? Haven’t the Steelers also been having success with the extra linemen packages, I remember the broadcast last night talking about something like that.",52877.0,neutral,0.046,0.835,0.118,0.9223
1o96don,1760724092.0,816,0.96,59,📝Article/Writeup,"How Nick Caley Has Adapted: The Texans' Offense Finds Its Groove After a Rough Start Been really encouraged by the strides Nick Caley has made as OC over the past few games.

It’s not just about playing weaker defenses, we started seeing some of these adjustments late in the Jacksonville game, and now they’re showing up more consistently:
	•	More tempo after 1st downs
	•	Real RPO structure giving Stroud options
	•	Use of 6 OL (Blake Fisher) as a response to TE injuries
	•	Heavy personnel & motion creating misdirection
	•	Running on 2nd & long to stay on schedule
	•	Creative 3rd down designs that aren’t just check-down screens
	•	OL finally has continuity, and it’s showing in run efficiency and protection

Caley was brought in to adapt and adjust — and lately, that’s exactly what he’s doing.

I broke it all down with film clips and examples here if you want the deeper dive. 

Seattle will be a big test but I’m encouraged. Where are you at with the offense? This my good sir has earned a spot in my saved collection I will be doubling back to see the things I miss And I highly suggest you start a film breakdown YouTube channel or instagram page or at the very least a Substack",47002.0,negative,0.052,0.842,0.106,0.8907
1o96don,1760723181.0,714,0.96,59,📝Article/Writeup,"How Nick Caley Has Adapted: The Texans' Offense Finds Its Groove After a Rough Start Been really encouraged by the strides Nick Caley has made as OC over the past few games.

It’s not just about playing weaker defenses, we started seeing some of these adjustments late in the Jacksonville game, and now they’re showing up more consistently:
	•	More tempo after 1st downs
	•	Real RPO structure giving Stroud options
	•	Use of 6 OL (Blake Fisher) as a response to TE injuries
	•	Heavy personnel & motion creating misdirection
	•	Running on 2nd & long to stay on schedule
	•	Creative 3rd down designs that aren’t just check-down screens
	•	OL finally has continuity, and it’s showing in run efficiency and protection

Caley was brought in to adapt and adjust — and lately, that’s exactly what he’s doing.

I broke it all down with film clips and examples here if you want the deeper dive. 

Seattle will be a big test but I’m encouraged. Where are you at with the offense? I played baseball in college, football only in HS….have coached baseball 25 years…..coached football for 16 before I gave it up because I became a Head BB coach….i can tell you it took me a good 3 to 4 years after coaching football before I could actually watch a game for entertainment…..for the longest time I would try and watch a game but it was like watching film on a Saturday morning….😏",41126.0,neutral,0.039,0.854,0.107,0.9342
1o96don,1760729478.0,408,0.96,59,📝Article/Writeup,"How Nick Caley Has Adapted: The Texans' Offense Finds Its Groove After a Rough Start Been really encouraged by the strides Nick Caley has made as OC over the past few games.

It’s not just about playing weaker defenses, we started seeing some of these adjustments late in the Jacksonville game, and now they’re showing up more consistently:
	•	More tempo after 1st downs
	•	Real RPO structure giving Stroud options
	•	Use of 6 OL (Blake Fisher) as a response to TE injuries
	•	Heavy personnel & motion creating misdirection
	•	Running on 2nd & long to stay on schedule
	•	Creative 3rd down designs that aren’t just check-down screens
	•	OL finally has continuity, and it’s showing in run efficiency and protection

Caley was brought in to adapt and adjust — and lately, that’s exactly what he’s doing.

I broke it all down with film clips and examples here if you want the deeper dive. 

Seattle will be a big test but I’m encouraged. Where are you at with the offense? I said it weeks ago, ppl calling for bro to be fired after literally 2 games were insane",23501.0,negative,0.092,0.829,0.079,-0.6715
1o96don,1760722790.0,612,0.96,59,📝Article/Writeup,"How Nick Caley Has Adapted: The Texans' Offense Finds Its Groove After a Rough Start Been really encouraged by the strides Nick Caley has made as OC over the past few games.

It’s not just about playing weaker defenses, we started seeing some of these adjustments late in the Jacksonville game, and now they’re showing up more consistently:
	•	More tempo after 1st downs
	•	Real RPO structure giving Stroud options
	•	Use of 6 OL (Blake Fisher) as a response to TE injuries
	•	Heavy personnel & motion creating misdirection
	•	Running on 2nd & long to stay on schedule
	•	Creative 3rd down designs that aren’t just check-down screens
	•	OL finally has continuity, and it’s showing in run efficiency and protection

Caley was brought in to adapt and adjust — and lately, that’s exactly what he’s doing.

I broke it all down with film clips and examples here if you want the deeper dive. 

Seattle will be a big test but I’m encouraged. Where are you at with the offense? I agree with you that Nick Caley has absolutely been better the last 2 weeks. People might complain that we faced 2 terrible defenses, and while that is a valid complaint, we did what we’re supposed to do against terrible defenses. 

The use of Tempo is a nice change of pace that I’ve not seen utilize under Slowik. The offense has definitely gotten more creative in attacking the defenses which perhaps won’t make us a liability on offense anymore. 

I think the biggest thing is that we’ve figured out our offensive line instead of shuffling around. Which is why our offensive line play has gotten better over the last few weeks. 

One thing that’s not talked about it is that the Seahawks are dead last in blitz rate. That means we’re going to be dealing with a lot more stunts. Hopefully our offensive line can handle it. 

The Seahawks will undoubtedly be the biggest test of the offense so far.",35251.0,neutral,0.146,0.718,0.136,-0.7854
1o96don,1760735073.0,306,0.96,59,📝Article/Writeup,"How Nick Caley Has Adapted: The Texans' Offense Finds Its Groove After a Rough Start Been really encouraged by the strides Nick Caley has made as OC over the past few games.

It’s not just about playing weaker defenses, we started seeing some of these adjustments late in the Jacksonville game, and now they’re showing up more consistently:
	•	More tempo after 1st downs
	•	Real RPO structure giving Stroud options
	•	Use of 6 OL (Blake Fisher) as a response to TE injuries
	•	Heavy personnel & motion creating misdirection
	•	Running on 2nd & long to stay on schedule
	•	Creative 3rd down designs that aren’t just check-down screens
	•	OL finally has continuity, and it’s showing in run efficiency and protection

Caley was brought in to adapt and adjust — and lately, that’s exactly what he’s doing.

I broke it all down with film clips and examples here if you want the deeper dive. 

Seattle will be a big test but I’m encouraged. Where are you at with the offense? Great piece. Keep it up.",17626.0,negative,0.051,0.833,0.116,0.8907
1o96don,1760755260.0,306,0.96,59,📝Article/Writeup,"How Nick Caley Has Adapted: The Texans' Offense Finds Its Groove After a Rough Start Been really encouraged by the strides Nick Caley has made as OC over the past few games.

It’s not just about playing weaker defenses, we started seeing some of these adjustments late in the Jacksonville game, and now they’re showing up more consistently:
	•	More tempo after 1st downs
	•	Real RPO structure giving Stroud options
	•	Use of 6 OL (Blake Fisher) as a response to TE injuries
	•	Heavy personnel & motion creating misdirection
	•	Running on 2nd & long to stay on schedule
	•	Creative 3rd down designs that aren’t just check-down screens
	•	OL finally has continuity, and it’s showing in run efficiency and protection

Caley was brought in to adapt and adjust — and lately, that’s exactly what he’s doing.

I broke it all down with film clips and examples here if you want the deeper dive. 

Seattle will be a big test but I’m encouraged. Where are you at with the offense? ![gif](giphy|3d9rkLNvMXahgQVpM4|downsized)",17626.0,neutral,0.054,0.856,0.09,0.6407
1o96don,1760721228.0,714,0.96,59,📝Article/Writeup,"How Nick Caley Has Adapted: The Texans' Offense Finds Its Groove After a Rough Start Been really encouraged by the strides Nick Caley has made as OC over the past few games.

It’s not just about playing weaker defenses, we started seeing some of these adjustments late in the Jacksonville game, and now they’re showing up more consistently:
	•	More tempo after 1st downs
	•	Real RPO structure giving Stroud options
	•	Use of 6 OL (Blake Fisher) as a response to TE injuries
	•	Heavy personnel & motion creating misdirection
	•	Running on 2nd & long to stay on schedule
	•	Creative 3rd down designs that aren’t just check-down screens
	•	OL finally has continuity, and it’s showing in run efficiency and protection

Caley was brought in to adapt and adjust — and lately, that’s exactly what he’s doing.

I broke it all down with film clips and examples here if you want the deeper dive. 

Seattle will be a big test but I’m encouraged. Where are you at with the offense? Its all a wash until we play this game. We played two terrible teams. It was basically like playing preseason with the number of 2nd and this stringers and of course the Titans are terrible.",41126.0,negative,0.089,0.791,0.12,0.565
1o96don,1760719840.0,612,0.96,59,📝Article/Writeup,"How Nick Caley Has Adapted: The Texans' Offense Finds Its Groove After a Rough Start Been really encouraged by the strides Nick Caley has made as OC over the past few games.

It’s not just about playing weaker defenses, we started seeing some of these adjustments late in the Jacksonville game, and now they’re showing up more consistently:
	•	More tempo after 1st downs
	•	Real RPO structure giving Stroud options
	•	Use of 6 OL (Blake Fisher) as a response to TE injuries
	•	Heavy personnel & motion creating misdirection
	•	Running on 2nd & long to stay on schedule
	•	Creative 3rd down designs that aren’t just check-down screens
	•	OL finally has continuity, and it’s showing in run efficiency and protection

Caley was brought in to adapt and adjust — and lately, that’s exactly what he’s doing.

I broke it all down with film clips and examples here if you want the deeper dive. 

Seattle will be a big test but I’m encouraged. Where are you at with the offense? Titans and ravens backups aren’t super expiring.  We will know for sure Tuesday morning",35251.0,negative,0.048,0.828,0.123,0.9223
1o96don,1760721949.0,408,0.96,59,📝Article/Writeup,"How Nick Caley Has Adapted: The Texans' Offense Finds Its Groove After a Rough Start Been really encouraged by the strides Nick Caley has made as OC over the past few games.

It’s not just about playing weaker defenses, we started seeing some of these adjustments late in the Jacksonville game, and now they’re showing up more consistently:
	•	More tempo after 1st downs
	•	Real RPO structure giving Stroud options
	•	Use of 6 OL (Blake Fisher) as a response to TE injuries
	•	Heavy personnel & motion creating misdirection
	•	Running on 2nd & long to stay on schedule
	•	Creative 3rd down designs that aren’t just check-down screens
	•	OL finally has continuity, and it’s showing in run efficiency and protection

Caley was brought in to adapt and adjust — and lately, that’s exactly what he’s doing.

I broke it all down with film clips and examples here if you want the deeper dive. 

Seattle will be a big test but I’m encouraged. Where are you at with the offense? I'm not buying in yet.  Last two games were against two of the worst defenses.

If we do well against Seattle, then I'll chug all the kool aid",23501.0,neutral,0.072,0.831,0.097,0.2477
1o96don,1760763209.0,102,0.96,59,📝Article/Writeup,"How Nick Caley Has Adapted: The Texans' Offense Finds Its Groove After a Rough Start Been really encouraged by the strides Nick Caley has made as OC over the past few games.

It’s not just about playing weaker defenses, we started seeing some of these adjustments late in the Jacksonville game, and now they’re showing up more consistently:
	•	More tempo after 1st downs
	•	Real RPO structure giving Stroud options
	•	Use of 6 OL (Blake Fisher) as a response to TE injuries
	•	Heavy personnel & motion creating misdirection
	•	Running on 2nd & long to stay on schedule
	•	Creative 3rd down designs that aren’t just check-down screens
	•	OL finally has continuity, and it’s showing in run efficiency and protection

Caley was brought in to adapt and adjust — and lately, that’s exactly what he’s doing.

I broke it all down with film clips and examples here if you want the deeper dive. 

Seattle will be a big test but I’m encouraged. Where are you at with the offense? [removed]",5875.0,neutral,0.054,0.858,0.089,0.6046
1o96don,1760792159.0,102,0.96,59,📝Article/Writeup,"How Nick Caley Has Adapted: The Texans' Offense Finds Its Groove After a Rough Start Been really encouraged by the strides Nick Caley has made as OC over the past few games.

It’s not just about playing weaker defenses, we started seeing some of these adjustments late in the Jacksonville game, and now they’re showing up more consistently:
	•	More tempo after 1st downs
	•	Real RPO structure giving Stroud options
	•	Use of 6 OL (Blake Fisher) as a response to TE injuries
	•	Heavy personnel & motion creating misdirection
	•	Running on 2nd & long to stay on schedule
	•	Creative 3rd down designs that aren’t just check-down screens
	•	OL finally has continuity, and it’s showing in run efficiency and protection

Caley was brought in to adapt and adjust — and lately, that’s exactly what he’s doing.

I broke it all down with film clips and examples here if you want the deeper dive. 

Seattle will be a big test but I’m encouraged. Where are you at with the offense? Last time we played a MacDonalds defense he completely trashed us and our oline. I’ll reserve judgements on Caley until the end of the season but good chance this week looks like shit from the offense",5875.0,negative,0.076,0.79,0.135,0.8747
1o8dh38,1760641628.0,2916,1.0,6,🥤 Kool-Aid,Houston Texans Week 7 Matchup Doodle :)  thank you for your weekly Ws goat,20412.0,neutral,0.0,0.667,0.333,0.6705
1o8dh38,1760642061.0,1296,1.0,6,🥤 Kool-Aid,Houston Texans Week 7 Matchup Doodle :)  Always look forward to these lol,9072.0,neutral,0.0,0.633,0.367,0.7003
1o8dh38,1760643153.0,810,1.0,6,🥤 Kool-Aid,Houston Texans Week 7 Matchup Doodle :)  I love these,5670.0,positive,0.0,0.455,0.545,0.802
1o8dh38,1760664409.0,486,1.0,6,🥤 Kool-Aid,Houston Texans Week 7 Matchup Doodle :)  Am I the only one who sees eyes on the bull's snout?,3402.0,neutral,0.0,0.842,0.158,0.4588
1o8d1mk,1760638241.0,2496,1.0,7,📈 Stats,"Texans have held opponents to less than 25 points in 8 straight games (including playoffs), the longest active streak in the NFL ([Source](https://stathead.com/tiny/c1Y8b/reddit))

On the downside, they are 4-4 in those 8 games...

For those curious, the longest streak in the Super Bowl Era is 46, [done by the 1968-71 Vikings](https://stathead.com/tiny/2Cmtl/reddit).

The longest streak in franchise history is 10 straight games, [done by the 2018 Texans team](https://stathead.com/tiny/DVYe4/reddit).  Competent offense is going to win a ton of games. That’s all I need to see this year. Competence!",19968.0,positive,0.042,0.76,0.199,0.9336
1o8d1mk,1760644411.0,1040,1.0,7,📈 Stats,"Texans have held opponents to less than 25 points in 8 straight games (including playoffs), the longest active streak in the NFL ([Source](https://stathead.com/tiny/c1Y8b/reddit))

On the downside, they are 4-4 in those 8 games...

For those curious, the longest streak in the Super Bowl Era is 46, [done by the 1968-71 Vikings](https://stathead.com/tiny/2Cmtl/reddit).

The longest streak in franchise history is 10 straight games, [done by the 2018 Texans team](https://stathead.com/tiny/DVYe4/reddit).  46, huh?  only 38 more games to go boys, and that record is ours!

btw, that must've been during their ""purple people eaters"" era.  what's the nickname for our elite defense?  ""legion of SWARM""?",8320.0,neutral,0.018,0.844,0.138,0.9008
1o8d1mk,1760713930.0,416,1.0,7,📈 Stats,"Texans have held opponents to less than 25 points in 8 straight games (including playoffs), the longest active streak in the NFL ([Source](https://stathead.com/tiny/c1Y8b/reddit))

On the downside, they are 4-4 in those 8 games...

For those curious, the longest streak in the Super Bowl Era is 46, [done by the 1968-71 Vikings](https://stathead.com/tiny/2Cmtl/reddit).

The longest streak in franchise history is 10 straight games, [done by the 2018 Texans team](https://stathead.com/tiny/DVYe4/reddit).  I'm trying to keep my expectations reasonable...but oh man if we go in to Seattle and win, and our defense again shuts another team down ( which my arbitrary definition of shutting a team down in the modern NFL is keeping a team to 16 or less points ) I'm going to be so hyped.",3328.0,neutral,0.016,0.844,0.141,0.9325
1o8d1mk,1760837958.0,208,1.0,7,📈 Stats,"Texans have held opponents to less than 25 points in 8 straight games (including playoffs), the longest active streak in the NFL ([Source](https://stathead.com/tiny/c1Y8b/reddit))

On the downside, they are 4-4 in those 8 games...

For those curious, the longest streak in the Super Bowl Era is 46, [done by the 1968-71 Vikings](https://stathead.com/tiny/2Cmtl/reddit).

The longest streak in franchise history is 10 straight games, [done by the 2018 Texans team](https://stathead.com/tiny/DVYe4/reddit).  2018 texans were also the 0-3 texans to make the playoffs",1664.0,neutral,0.024,0.826,0.15,0.8658
1o7jkff,1760554262.0,6900,0.97,22,🗞 News,Texans’ Derek Stingley Jr. gets engaged to longtime girlfriend on bye week: ‘Most perfect day’  Plus 1 in the win column for Texans bye week.,153939.0,neutral,0.0,0.673,0.327,0.8807
1o7jkff,1760554379.0,8050,0.97,22,🗞 News,"Texans’ Derek Stingley Jr. gets engaged to longtime girlfriend on bye week: ‘Most perfect day’  https://preview.redd.it/fxuiuyyrnbvf1.png?width=731&format=png&auto=webp&s=6eb6e4395cb687e26ff3ed2c7760b9377c3ec683

Oh, a Pace Alumni, that explains why Stingey put a ring on her.😏",179596.0,positive,0.0,0.796,0.204,0.7506
1o7jkff,1760557222.0,2070,0.97,22,🗞 News,"Texans’ Derek Stingley Jr. gets engaged to longtime girlfriend on bye week: ‘Most perfect day’  Sting got a ring, now hes gotta get us THE ring",46182.0,neutral,0.0,0.782,0.218,0.7506
1o7jkff,1760557458.0,2300,0.97,22,🗞 News,"Texans’ Derek Stingley Jr. gets engaged to longtime girlfriend on bye week: ‘Most perfect day’  I met them one random at Woodrow’s once. Both suuuuuper friendly and down to earth. Even with some other random guy hassling them about kids earlier in the afternoon.

Congrats to them!!!",51313.0,neutral,0.0,0.752,0.248,0.931
1o7jkff,1760554542.0,3910,0.97,22,🗞 News,Texans’ Derek Stingley Jr. gets engaged to longtime girlfriend on bye week: ‘Most perfect day’  Is there an upgrade that happens after a player gets married. +1 husband speed or something?,87232.0,neutral,0.0,0.814,0.186,0.7506
1o7jkff,1760560002.0,1150,0.97,22,🗞 News,Texans’ Derek Stingley Jr. gets engaged to longtime girlfriend on bye week: ‘Most perfect day’  Do not go in those comments.  Ugh.,25656.0,neutral,0.099,0.674,0.227,0.5574
1o7jkff,1760563705.0,920,0.97,22,🗞 News,"Texans’ Derek Stingley Jr. gets engaged to longtime girlfriend on bye week: ‘Most perfect day’  He seems pretty reserved and quiet, so I wonder if she’s the opposite to balance him out.  That’s how it is with my wife and I 😂",20525.0,positive,0.0,0.789,0.211,0.8625
1o7jkff,1760557850.0,690,0.97,22,🗞 News,"Texans’ Derek Stingley Jr. gets engaged to longtime girlfriend on bye week: ‘Most perfect day’  Didn't know he had a Superman tattoo on his hand, but it makes sense with how good his hands are in retrospect",15394.0,positive,0.0,0.759,0.241,0.8462
1o7jkff,1760570642.0,460,0.97,22,🗞 News,Texans’ Derek Stingley Jr. gets engaged to longtime girlfriend on bye week: ‘Most perfect day’  Congrats,10263.0,positive,0.0,0.57,0.43,0.8689
1o7jkff,1760579476.0,230,0.97,22,🗞 News,Texans’ Derek Stingley Jr. gets engaged to longtime girlfriend on bye week: ‘Most perfect day’  thats alot of cake,5131.0,neutral,0.0,0.726,0.274,0.7506
1o7in66,1760552327.0,75808,0.97,47,💬Player/Coach Quote,"JJ rips PFF a new one: “I know defensive line play unbelievably well. I could not go and grade a game for a player and give him a definitive grade without speaking to him, his coach, the scheme, everything.”  The simple fact that PFF does't use all-22 film pretty much invalidates its grade in a serious argument.",3529620.0,positive,0.064,0.738,0.198,0.7921
1o7in66,1760553849.0,11124,0.97,47,💬Player/Coach Quote,"JJ rips PFF a new one: “I know defensive line play unbelievably well. I could not go and grade a game for a player and give him a definitive grade without speaking to him, his coach, the scheme, everything.”  Its only ever valuable when it fits my narrative online anyway.",517933.0,positive,0.0,0.773,0.227,0.8666
1o7in66,1760552533.0,18952,0.97,47,💬Player/Coach Quote,"JJ rips PFF a new one: “I know defensive line play unbelievably well. I could not go and grade a game for a player and give him a definitive grade without speaking to him, his coach, the scheme, everything.”  They gave stroud about a 70 rating against the Ravens. It’s very clearly a biased metric, and they prop the players they want to prop up",882405.0,neutral,0.036,0.769,0.195,0.8196
1o7in66,1760575456.0,3296,0.97,47,💬Player/Coach Quote,"JJ rips PFF a new one: “I know defensive line play unbelievably well. I could not go and grade a game for a player and give him a definitive grade without speaking to him, his coach, the scheme, everything.”  I agree. We should use Madden ratings instead!",153462.0,neutral,0.0,0.759,0.241,0.8562
1o7in66,1760568335.0,2060,0.97,47,💬Player/Coach Quote,"JJ rips PFF a new one: “I know defensive line play unbelievably well. I could not go and grade a game for a player and give him a definitive grade without speaking to him, his coach, the scheme, everything.”  THAT A BOIII JJ!!",95914.0,negative,0.0,0.728,0.272,0.8733
1o7in66,1760556150.0,2060,0.97,47,💬Player/Coach Quote,"JJ rips PFF a new one: “I know defensive line play unbelievably well. I could not go and grade a game for a player and give him a definitive grade without speaking to him, his coach, the scheme, everything.”  That's always been the base problem with these kinds of grades from any sports media.  Schemes are designed to be extremely complicated so nobody will EVER know someone's responsibility for every single play in a game.",95914.0,neutral,0.035,0.821,0.144,0.745
1o7in66,1760552623.0,2060,0.97,47,💬Player/Coach Quote,"JJ rips PFF a new one: “I know defensive line play unbelievably well. I could not go and grade a game for a player and give him a definitive grade without speaking to him, his coach, the scheme, everything.”  Is this even debatable?",95914.0,neutral,0.0,0.798,0.202,0.7668
1o7in66,1760552934.0,1236,0.97,47,💬Player/Coach Quote,"JJ rips PFF a new one: “I know defensive line play unbelievably well. I could not go and grade a game for a player and give him a definitive grade without speaking to him, his coach, the scheme, everything.”  Oh we’re doing this again? PFF grades are flawed but can be generally useful. If you use PFF for actual football evaluation purposes it should mostly be for their stats. Not everything has to be so serious",57548.0,positive,0.027,0.841,0.132,0.7228
1o7in66,1760561070.0,824,0.97,47,💬Player/Coach Quote,"JJ rips PFF a new one: “I know defensive line play unbelievably well. I could not go and grade a game for a player and give him a definitive grade without speaking to him, his coach, the scheme, everything.”  Exactly why pff is pretty dumb. Especially for offensive line play. Like he said. No way of knowing assignments and responsibilities 

Their o line grading is essentially grading 1 on 1 blocking grades. It’s foolish to sit back and argue over their o line grades",38365.0,positive,0.168,0.655,0.177,-0.0393
1o7in66,1760593270.0,412,0.97,47,💬Player/Coach Quote,"JJ rips PFF a new one: “I know defensive line play unbelievably well. I could not go and grade a game for a player and give him a definitive grade without speaking to him, his coach, the scheme, everything.”  I've never really liked Pat McAfee. He's just too loud and is always saying what other talking heads said the day before.",19183.0,positive,0.041,0.82,0.139,0.6221
1o7in66,1760624521.0,412,0.97,47,💬Player/Coach Quote,"JJ rips PFF a new one: “I know defensive line play unbelievably well. I could not go and grade a game for a player and give him a definitive grade without speaking to him, his coach, the scheme, everything.”  JJ speaking common sense, however that doesn’t make for bubble gum for the brain television.",19183.0,neutral,0.0,0.795,0.205,0.8541
1o70z8o,1760515588.0,4488,0.97,32,📈 Stats,"Stroud VS the other 31 QB’s His ranks are as follows. 
All - 8th
No pressure - 10th
Pressure - 12th
Planted - 5th
Moving - 8th Tied with Stafford
Short - 14th Tied with Rattler
Intermediate - 4th 
Deep - 5th Tied with Josh Allen
 Mac fn Jones!?",143661.0,neutral,0.154,0.846,0.0,-0.7088
1o70z8o,1760524162.0,2244,0.97,32,📈 Stats,"Stroud VS the other 31 QB’s His ranks are as follows. 
All - 8th
No pressure - 10th
Pressure - 12th
Planted - 5th
Moving - 8th Tied with Stafford
Short - 14th Tied with Rattler
Intermediate - 4th 
Deep - 5th Tied with Josh Allen
 Looks like he needs to have a word with Caleb Williams... 😁😇",71830.0,positive,0.122,0.832,0.046,-0.4767
1o70z8o,1760505119.0,6468,0.97,32,📈 Stats,"Stroud VS the other 31 QB’s His ranks are as follows. 
All - 8th
No pressure - 10th
Pressure - 12th
Planted - 5th
Moving - 8th Tied with Stafford
Short - 14th Tied with Rattler
Intermediate - 4th 
Deep - 5th Tied with Josh Allen
 That Ravens game really inflated his numbers, but hot damn, top 10 in every category is still a huge achievement",207041.0,positive,0.129,0.791,0.08,-0.296
1o70z8o,1760532483.0,792,0.97,32,📈 Stats,"Stroud VS the other 31 QB’s His ranks are as follows. 
All - 8th
No pressure - 10th
Pressure - 12th
Planted - 5th
Moving - 8th Tied with Stafford
Short - 14th Tied with Rattler
Intermediate - 4th 
Deep - 5th Tied with Josh Allen
 Indiana Jones and Dak Prescott being better with pressure than without pressure is funny to me. When we play the Colts we should drop everyone into coverage and see what happens lol. Jk…maybe.",25352.0,positive,0.183,0.721,0.096,-0.6604
1o70z8o,1760525766.0,924,0.97,32,📈 Stats,"Stroud VS the other 31 QB’s His ranks are as follows. 
All - 8th
No pressure - 10th
Pressure - 12th
Planted - 5th
Moving - 8th Tied with Stafford
Short - 14th Tied with Rattler
Intermediate - 4th 
Deep - 5th Tied with Josh Allen
 This may sound dumb but why is Russ there for the Giants and not Dart",29577.0,positive,0.124,0.876,0.0,-0.6059
1o70z8o,1760542970.0,660,0.97,32,📈 Stats,"Stroud VS the other 31 QB’s His ranks are as follows. 
All - 8th
No pressure - 10th
Pressure - 12th
Planted - 5th
Moving - 8th Tied with Stafford
Short - 14th Tied with Rattler
Intermediate - 4th 
Deep - 5th Tied with Josh Allen
 Short passing game allows guys like Scruggs, Ersery, Andrews to get away with lack of ability, inexperience. It is the right way to go. I think early season struggles were more to do with Caley learning route/blocking designs and some form of Stroud not looking for the big play constantly. All he has to do is keep playing like he did the second half of TEN/Bal game and the Texans will be incredibly hard to beat. The Texans defense has in my opinion underperformed via TO, so it has the ability to get even better as the season progresses.",21127.0,neutral,0.085,0.796,0.119,0.6258
1o70z8o,1760550153.0,264,0.97,32,📈 Stats,"Stroud VS the other 31 QB’s His ranks are as follows. 
All - 8th
No pressure - 10th
Pressure - 12th
Planted - 5th
Moving - 8th Tied with Stafford
Short - 14th Tied with Rattler
Intermediate - 4th 
Deep - 5th Tied with Josh Allen
 How is Kyler Murray not better at short. That is his bread and butter!!!",8451.0,positive,0.171,0.829,0.0,-0.8352
1o70z8o,1760539936.0,132,0.97,32,📈 Stats,"Stroud VS the other 31 QB’s His ranks are as follows. 
All - 8th
No pressure - 10th
Pressure - 12th
Planted - 5th
Moving - 8th Tied with Stafford
Short - 14th Tied with Rattler
Intermediate - 4th 
Deep - 5th Tied with Josh Allen
 Ik this is a Texans post, but Dak Prescott throwing better under pressure or while moving is kinda nuts",4225.0,neutral,0.158,0.782,0.06,-0.5041
1o70z8o,1760546779.0,132,0.97,32,📈 Stats,"Stroud VS the other 31 QB’s His ranks are as follows. 
All - 8th
No pressure - 10th
Pressure - 12th
Planted - 5th
Moving - 8th Tied with Stafford
Short - 14th Tied with Rattler
Intermediate - 4th 
Deep - 5th Tied with Josh Allen
 CJ hasn’t ha",4225.0,positive,0.143,0.804,0.052,-0.4939
1o68jg6,1760425349.0,11349,0.97,133,mEMe,"Non Americans Texans fans, where are you from? I just read a post of someone from Europe asking about the “kool-aid” expression and now I want to know where Texans fans are from outside the US.

I’m starting, I’m from Mexico. Germany 🤘",1475143.0,positive,0.0,0.967,0.033,0.0772
1o68jg6,1760427157.0,9711,0.97,133,mEMe,"Non Americans Texans fans, where are you from? I just read a post of someone from Europe asking about the “kool-aid” expression and now I want to know where Texans fans are from outside the US.

I’m starting, I’m from Mexico. Love the stories when fans choose the Texans organically. 

Could have fallen in love with historical franchise like the Steelers or 49ers, or the more current dynasties such as the Patriots or Chiefs, but instead chose to revel in the pain with us.",1262236.0,positive,0.069,0.84,0.091,-0.0258
1o68jg6,1760428853.0,8190,0.97,133,mEMe,"Non Americans Texans fans, where are you from? I just read a post of someone from Europe asking about the “kool-aid” expression and now I want to know where Texans fans are from outside the US.

I’m starting, I’m from Mexico. Oxford, England. I travelled Texas in 2012 and landed on Houston as my team. Have been obsessed with NFL since.

Watching the Texans in 2019 do a number on the Jags in London was a dream for me.",1064536.0,neutral,0.023,0.916,0.061,0.2263
1o68jg6,1760426530.0,7488,0.97,133,mEMe,"Non Americans Texans fans, where are you from? I just read a post of someone from Europe asking about the “kool-aid” expression and now I want to know where Texans fans are from outside the US.

I’m starting, I’m from Mexico. Houstonian living in Singapore",973290.0,neutral,0.0,0.969,0.031,0.0772
1o68jg6,1760428228.0,5850,0.97,133,mEMe,"Non Americans Texans fans, where are you from? I just read a post of someone from Europe asking about the “kool-aid” expression and now I want to know where Texans fans are from outside the US.

I’m starting, I’m from Mexico. UK, south coast. I had an uncle in Houston growing up - well, when I was ten my mum told me ""we found your long lost uncle, we are going to Texas to meet him"". Thought he was the coolest guy of all time!",760383.0,neutral,0.028,0.907,0.065,0.2714
1o68jg6,1760425840.0,4797,0.97,133,mEMe,"Non Americans Texans fans, where are you from? I just read a post of someone from Europe asking about the “kool-aid” expression and now I want to know where Texans fans are from outside the US.

I’m starting, I’m from Mexico. Cologne Germany",623514.0,positive,0.0,0.968,0.032,0.0772
1o68jg6,1760432132.0,4212,0.97,133,mEMe,"Non Americans Texans fans, where are you from? I just read a post of someone from Europe asking about the “kool-aid” expression and now I want to know where Texans fans are from outside the US.

I’m starting, I’m from Mexico. Germany. I visited Texas when I was 15. So about 20 years ago. Stayed there for 6 weeks and watched several NFL games. I fell in love with the Texans around Arian Foster playing ball and was already listening to southern rap. Especially out of H-Town",547476.0,neutral,0.0,0.913,0.087,0.743
1o68jg6,1760425471.0,3393,0.97,133,mEMe,"Non Americans Texans fans, where are you from? I just read a post of someone from Europe asking about the “kool-aid” expression and now I want to know where Texans fans are from outside the US.

I’m starting, I’m from Mexico. American but moved to Norway decades ago.",441022.0,neutral,0.0,0.975,0.025,0.0387
1o68jg6,1760425484.0,3276,0.97,133,mEMe,"Non Americans Texans fans, where are you from? I just read a post of someone from Europe asking about the “kool-aid” expression and now I want to know where Texans fans are from outside the US.

I’m starting, I’m from Mexico. Spain",425814.0,neutral,0.0,0.967,0.033,0.0772
1o68jg6,1760425685.0,2925,0.97,133,mEMe,"Non Americans Texans fans, where are you from? I just read a post of someone from Europe asking about the “kool-aid” expression and now I want to know where Texans fans are from outside the US.

I’m starting, I’m from Mexico. Yorkshire, United Kingdom.",380192.0,positive,0.0,0.905,0.095,0.4767
1o68jg6,1760425776.0,2925,0.97,133,mEMe,"Non Americans Texans fans, where are you from? I just read a post of someone from Europe asking about the “kool-aid” expression and now I want to know where Texans fans are from outside the US.

I’m starting, I’m from Mexico. NWT",380192.0,neutral,0.0,0.967,0.033,0.0772
1o68jg6,1760426457.0,3042,0.97,133,mEMe,"Non Americans Texans fans, where are you from? I just read a post of someone from Europe asking about the “kool-aid” expression and now I want to know where Texans fans are from outside the US.

I’m starting, I’m from Mexico. Sydney",395399.0,neutral,0.0,0.967,0.033,0.0772
1o68jg6,1760432327.0,3042,0.97,133,mEMe,"Non Americans Texans fans, where are you from? I just read a post of someone from Europe asking about the “kool-aid” expression and now I want to know where Texans fans are from outside the US.

I’m starting, I’m from Mexico. Tallinn, Estonia 🇪🇪

Became a fan in 2017. Got to see them fuck up the jaguars in London in 2019, one of the best times of my life. The dream is to watch them play in Houston some day.",395399.0,neutral,0.041,0.817,0.142,0.7717
1o68jg6,1760425871.0,2457,0.97,133,mEMe,"Non Americans Texans fans, where are you from? I just read a post of someone from Europe asking about the “kool-aid” expression and now I want to know where Texans fans are from outside the US.

I’m starting, I’m from Mexico. The Netherlands 🇳🇱",319361.0,positive,0.0,0.969,0.031,0.0772
1o68jg6,1760427287.0,2457,0.97,133,mEMe,"Non Americans Texans fans, where are you from? I just read a post of someone from Europe asking about the “kool-aid” expression and now I want to know where Texans fans are from outside the US.

I’m starting, I’m from Mexico. Sweden 🇸🇪",319361.0,neutral,0.0,0.968,0.032,0.0772
1o68jg6,1760427679.0,2691,0.97,133,mEMe,"Non Americans Texans fans, where are you from? I just read a post of someone from Europe asking about the “kool-aid” expression and now I want to know where Texans fans are from outside the US.

I’m starting, I’m from Mexico. Toronto!",349776.0,positive,0.0,0.96,0.04,0.1511
1o68jg6,1760427766.0,2340,0.97,133,mEMe,"Non Americans Texans fans, where are you from? I just read a post of someone from Europe asking about the “kool-aid” expression and now I want to know where Texans fans are from outside the US.

I’m starting, I’m from Mexico. Budapest, Hungary.",304153.0,neutral,0.0,0.968,0.032,0.0772
1o68jg6,1760428178.0,2457,0.97,133,mEMe,"Non Americans Texans fans, where are you from? I just read a post of someone from Europe asking about the “kool-aid” expression and now I want to know where Texans fans are from outside the US.

I’m starting, I’m from Mexico. I'm from Germany.",319361.0,neutral,0.0,0.969,0.031,0.0772
1o68jg6,1760429141.0,2457,0.97,133,mEMe,"Non Americans Texans fans, where are you from? I just read a post of someone from Europe asking about the “kool-aid” expression and now I want to know where Texans fans are from outside the US.

I’m starting, I’m from Mexico. Bonn, Germany 🤘🏻",319361.0,neutral,0.0,0.969,0.031,0.0772
1o68jg6,1760429231.0,2340,0.97,133,mEMe,"Non Americans Texans fans, where are you from? I just read a post of someone from Europe asking about the “kool-aid” expression and now I want to know where Texans fans are from outside the US.

I’m starting, I’m from Mexico. Bristol, UK",304153.0,neutral,0.0,0.968,0.032,0.0772
1o5r41v,1760378621.0,75020,0.98,74,🗞 News,Point and laugh  And Mike Vrabel is doing well in NE. Tits have such a pathetic ownership.,5513970.0,negative,0.24,0.515,0.245,0.0258
1o5r41v,1760378668.0,89056,0.98,74,🗞 News,Point and laugh  Amy had to wait a couple weeks after the Texans L so it wasn’t obvious.,6545616.0,negative,0.0,0.806,0.194,0.5574
1o5r41v,1760378575.0,35816,0.98,74,🗞 News,"Point and laugh  They should just fire everyone, sell and start over with a new owner",2632476.0,neutral,0.126,0.684,0.189,0.296
1o5r41v,1760378825.0,53724,0.98,74,🗞 News,Point and laugh  https://preview.redd.it/tcybhat16xuf1.jpeg?width=408&format=pjpg&auto=webp&s=9b6b05b9ab552a6410bd9ed7ea15e6fdf8016726,3948714.0,neutral,0.0,0.455,0.545,0.5574
1o5r41v,1760379407.0,13552,0.98,74,🗞 News,"Point and laugh  I was hoping they'd drag the Callahan blunder out a bit longer. Cam Ward is a real talent, if they actually get someone in there that knows what they are doing it could cause us grief.",996072.0,neutral,0.113,0.684,0.203,0.6249
1o5r41v,1760380811.0,10164,0.98,74,🗞 News,Point and laugh  Reminder that many on this sub were calling for the Texans to fire Demeco just a couple weeks ago. This what some people think stability looks like lmfao.,747054.0,positive,0.063,0.684,0.253,0.802
1o5r41v,1760379443.0,8228,0.98,74,🗞 News,Point and laugh  ![gif](giphy|USnfWeCOHTHB3WX0aY|downsized),604758.0,positive,0.0,0.435,0.565,0.5983
1o5r41v,1760378589.0,6292,0.98,74,🗞 News,Point and laugh  and to think those bums somehow got a 1 seed not too long ago lol,462462.0,negative,0.0,0.686,0.314,0.7506
1o5r41v,1760379995.0,7744,0.98,74,🗞 News,Point and laugh  That place will remain cursed until they are willing to give back the records and uniform colors of the Oilers. I’m not saying they HAVE to give it back or that the Texans have to take it back. Just that the Titans franchise has to be willing to give them up without a fight.,569184.0,positive,0.0,0.903,0.097,0.6988
1o5r41v,1760383029.0,2420,0.98,74,🗞 News,Point and laugh  Fire the owner.,177870.0,neutral,0.24,0.4,0.36,0.296
1o5r41v,1760424736.0,1452,0.98,74,🗞 News,Point and laugh  We were in a similar spot not too long ago. We went through 4 coaches in a 3 year period along with a disgusting controversy involving our star QB. They have a stud in Cam Ward. I hope they find a coach and become competitive. I dont want to make the playoffs only because the divisional competition was soft. We need to be battle tested before we reach the playoffs,106722.0,neutral,0.098,0.775,0.126,0.2681
1o5r41v,1760381707.0,1452,0.98,74,🗞 News,"Point and laugh  Cmon, James Franklin. The man who can’t win big games can’t do shit in the big leagues.",106722.0,neutral,0.129,0.607,0.264,0.5859
1o5r41v,1760386637.0,1452,0.98,74,🗞 News,Point and laugh  ![gif](giphy|lszAB3TzFtRaU),106722.0,neutral,0.0,0.435,0.565,0.5983
1o5r41v,1760392868.0,968,0.98,74,🗞 News,Point and laugh  The curse of the HOUSTON Oilers.,71148.0,neutral,0.248,0.496,0.255,0.0258
1o5r41v,1760380745.0,484,0.98,74,🗞 News,Point and laugh  The damage Jon Robinson did in 4 straight seasons set the team back 5 years.,35574.0,negative,0.147,0.599,0.253,0.3182
1o5r41v,1760381265.0,484,0.98,74,🗞 News,Point and laugh  Cam ward be like “I know why the caged bird sings”,35574.0,neutral,0.0,0.663,0.337,0.7269
1o5r41v,1760381470.0,484,0.98,74,🗞 News,Point and laugh  Pretty disappointed we didn’t get to thump them again before he was fired as we tend to be the grim reaper of the division,35574.0,positive,0.265,0.561,0.173,-0.5574
1o5r41v,1760386062.0,484,0.98,74,🗞 News,Point and laugh  Typical BESF’s,35574.0,positive,0.0,0.526,0.474,0.5574
1o5r41v,1760386229.0,484,0.98,74,🗞 News,"Point and laugh  Damm some one should tell Amy to...

![gif](giphy|ZEHkIJQXaRG5YohwpS|downsized)

... But they probably would be fired.",35574.0,positive,0.221,0.681,0.098,-0.5983
1o5r41v,1760389332.0,484,0.98,74,🗞 News,Point and laugh  Shouldn't have used our colors and called them yours! Mess with the bull you get the 🤘🏼,35574.0,positive,0.102,0.738,0.16,0.3382
1o5b6ag,1760334634.0,17538,0.95,36,mEMe,"My takeaway after watching Seahawks vs Jags We might be seeing last year's sack numbers next week I’m afraid of two things and only two things this week. 

The OL handling their pass rush + blitz package. 

JSN putting Pitre in the torture chamber.",616461.0,neutral,0.085,0.915,0.0,-0.5994
1o5b6ag,1760352029.0,6216,0.95,36,mEMe,"My takeaway after watching Seahawks vs Jags We might be seeing last year's sack numbers next week CJ just needs to get the ball out quick and can't take his 10yd+ sacks. And on the other side of the ball, everyone's going to need to be on their A game on their coverages. One mistake and JSN is going to the house.",218492.0,neutral,0.038,0.962,0.0,-0.34
1o5b6ag,1760334581.0,9768,0.95,36,mEMe,My takeaway after watching Seahawks vs Jags We might be seeing last year's sack numbers next week ![gif](giphy|M4iOAkEAPwAnK),343345.0,negative,0.0,1.0,0.0,0.0
1o5b6ag,1760333854.0,7104,0.95,36,mEMe,My takeaway after watching Seahawks vs Jags We might be seeing last year's sack numbers next week Yeah and CJ’s gonna unlock it,249706.0,positive,0.0,0.909,0.091,0.296
1o5b6ag,1760336389.0,5994,0.95,36,mEMe,"My takeaway after watching Seahawks vs Jags We might be seeing last year's sack numbers next week Meh, Trevor had his best game of the year vs them and Baker shat all over them. Not saying they aren’t tough but they aren’t like the 02 Bucs or anything",210689.0,neutral,0.046,0.842,0.112,0.6652
1o5b6ag,1760355744.0,2442,0.95,36,mEMe,My takeaway after watching Seahawks vs Jags We might be seeing last year's sack numbers next week And you know what? Ours is better,85836.0,neutral,0.0,0.888,0.112,0.4404
1o5b6ag,1760372677.0,1332,0.95,36,mEMe,"My takeaway after watching Seahawks vs Jags We might be seeing last year's sack numbers next week I’m worried about our rushing game more. Seattle absolutely stuffs the run, and ours was mid to begin with. Whether or not Chubb and Woody can deliver will decide a close game imo. I’ll trust CJ to have at least an average throwing performance.",46820.0,positive,0.035,0.913,0.052,0.2732
1o5b6ag,1760365671.0,666,0.95,36,mEMe,"My takeaway after watching Seahawks vs Jags We might be seeing last year's sack numbers next week Seattles Dline just manhandled the Jags oline, jags did have a rookie center out there plus lots of their oline were playing hurt",23410.0,neutral,0.081,0.877,0.043,-0.3818
1o5b6ag,1760380069.0,666,0.95,36,mEMe,"My takeaway after watching Seahawks vs Jags We might be seeing last year's sack numbers next week Lock down their star WR and force Darnold to beat us without him, blitz him heavy. Then if our Offense shows up again we will win.",23410.0,positive,0.043,0.876,0.081,0.4215
1o5b6ag,1760334067.0,666,0.95,36,mEMe,My takeaway after watching Seahawks vs Jags We might be seeing last year's sack numbers next week That’s what she said?,23410.0,positive,0.0,1.0,0.0,0.0
1o5b6ag,1760374215.0,222,0.95,36,mEMe,My takeaway after watching Seahawks vs Jags We might be seeing last year's sack numbers next week Besides your defense right? Yours is #1 in my opinion,7803.0,neutral,0.0,0.945,0.055,0.128
1o5b6ag,1760412262.0,222,0.95,36,mEMe,"My takeaway after watching Seahawks vs Jags We might be seeing last year's sack numbers next week ![gif](giphy|l0Hlyab9gW16cYBBm|downsized)

Haha… their defense?",7803.0,positive,0.0,0.918,0.082,0.2003
1o248ky,1760012508.0,6168,0.98,5,🥤 Kool-Aid,Found this on TT! Still on the Koolaid Found this on TT and since it’s a slow bye week… https://preview.redd.it/s0zq5otsw2uf1.jpeg?width=334&format=pjpg&auto=webp&s=57fbd2398a5d46dea5fa4aeb09bc37595b2b6a0b,36268.0,neutral,0.0,1.0,0.0,0.0
1o248ky,1760028354.0,1285,0.98,5,🥤 Kool-Aid,Found this on TT! Still on the Koolaid Found this on TT and since it’s a slow bye week… This captures the story perfectly,7556.0,positive,0.0,0.83,0.17,0.6696
1o248ky,1760038860.0,771,0.98,5,🥤 Kool-Aid,Found this on TT! Still on the Koolaid Found this on TT and since it’s a slow bye week… Need to add bulls on parade at the end lol.,4533.0,positive,0.0,0.897,0.103,0.4753
1o248ky,1760147610.0,514,0.98,5,🥤 Kool-Aid,"Found this on TT! Still on the Koolaid Found this on TT and since it’s a slow bye week… After this and yesterday’s game where my other team put belt 2 ass on the Iggles, been victory-smokin that hopium pack x2",3022.0,positive,0.091,0.909,0.0,-0.5848
1o1p35w,1759962017.0,47424,0.97,44,🥤 Kool-Aid,"It hasn’t all been good, but the defense is on historic pace.  Whoever the Textans are they sound tough",2070058.0,positive,0.082,0.746,0.172,0.2382
1o1p35w,1759962457.0,13376,0.97,44,🥤 Kool-Aid,"It hasn’t all been good, but the defense is on historic pace.  I love this defense so much. They aren't talked about enough. Usually the broncos getting the attention.",583862.0,positive,0.0,0.681,0.319,0.882
1o1p35w,1759964524.0,8816,0.97,44,🥤 Kool-Aid,"It hasn’t all been good, but the defense is on historic pace.  That buccaneers game winning TD drive hurts so much knowing how elite our defense is",384818.0,neutral,0.115,0.608,0.278,0.5994
1o1p35w,1759964372.0,8208,0.97,44,🥤 Kool-Aid,"It hasn’t all been good, but the defense is on historic pace.  It’s a top tier defense, maybe the best but our numbers are skewed after giving up 3 points to the Titans and Ravens train wrecks. Same with our offense. We need to see more of both against quality opponents.",358279.0,positive,0.041,0.688,0.271,0.9194
1o1p35w,1759962899.0,5776,0.97,44,🥤 Kool-Aid,"It hasn’t all been good, but the defense is on historic pace.  I’m mean the pace is not sustainable, but this defense could undoubtedly be our best in franchise history.",252122.0,positive,0.0,0.698,0.302,0.882
1o1p35w,1759966558.0,1216,0.97,44,🥤 Kool-Aid,"It hasn’t all been good, but the defense is on historic pace.  Would be crazy if we take the record at the end of the season, with more games.  
I think there is a chance last year our defense kept improving till playoffs, young roster as well. Offense improving helps keep the ball away so there is that.",53078.0,positive,0.077,0.63,0.293,0.93
1o1p35w,1759966392.0,912,0.97,44,🥤 Kool-Aid,"It hasn’t all been good, but the defense is on historic pace.  The crazy thing, is that we’ve gone up against pretty good offenses.",39809.0,positive,0.175,0.497,0.327,0.6705
1o1p35w,1760013099.0,912,0.97,44,🥤 Kool-Aid,"It hasn’t all been good, but the defense is on historic pace.  What in the AI slop is that image though?  Textans?  Bears Bearse?",39809.0,neutral,0.0,0.838,0.162,0.5007
1o1p35w,1760021174.0,912,0.97,44,🥤 Kool-Aid,"It hasn’t all been good, but the defense is on historic pace.  It would 100% be some Texans shit to have the best defense of all time and not even make the playoffs 😭😭",39809.0,positive,0.109,0.642,0.249,0.6542
1o1p35w,1759972090.0,608,0.97,44,🥤 Kool-Aid,"It hasn’t all been good, but the defense is on historic pace.  so if this defense gives up the least points in nfl history in this era of high scoring games would it be considered one of the greatest defenses of all time?",26539.0,positive,0.0,0.741,0.259,0.9062
1o1p35w,1759964494.0,912,0.97,44,🥤 Kool-Aid,"It hasn’t all been good, but the defense is on historic pace.  There’s that funny number 27 again..",39809.0,positive,0.0,0.609,0.391,0.7906
1o1p35w,1760001670.0,304,0.97,44,🥤 Kool-Aid,"It hasn’t all been good, but the defense is on historic pace.  Textaaaaaans sworm",13270.0,positive,0.0,0.764,0.236,0.4019
1o1p35w,1760068130.0,304,0.97,44,🥤 Kool-Aid,"It hasn’t all been good, but the defense is on historic pace.  I’m a Texans fan. They have a great defense. I appreciate we are “on pace” with arguably the greatest defense ever. Let’s be honest with the numbers.

Two of the 3 highest points allowed that season were in weeks 1 and 3. That leaves 106 points for the remaining season. Not including the extra game. We would need to average less than 11 points a game. In today’s offensive heavy NFL, that will never happen.

Again… I love our defense. It is set up to be the best in franchise history. Let’s not get drunk on shut-out against the Titans.

***********
Here are the scores for every game the 1985 Chicago Bears played, including playoffs:

Regular Season (15–1)
Week 1: vs. Tampa Bay Buc’s – 38–28
Week 2: vs. New England Patriots – 20–7
Week 3: at Minnesota Vikings – 33–24
Week 4: vs. Washington – 45–10
Week 5: at Tampa Bay Buc’s – 27–19
Week 6: at San Francisco 49ers – 26–10
Week 7: vs. Green Bay Packers – 23–7
Week 8: vs. Minnesota Vikings – 27–9
Week 9: at Green Bay Packers – 16–10
Week 10: vs. Detroit Lions – 24–3
Week 11: at Dallas Cowboys – 44–0
Week 12: vs. Atlanta Falcons – 36–0
Week 13: at Miami – 24–38 (only loss)
Week 14: vs. Indianapolis Colts – 17–10
Week 15: at New York Jets – 19–6
Week 16: at Detroit Lions – 37–17

Playoffs (3–0)
NFC Divisional Round: vs. New York Giants – 21–0
NFC Championship: vs. Los Angeles Rams – 24–0
Super Bowl XX: vs. New England Patriots – 46–10",13270.0,positive,0.076,0.754,0.17,0.9791
1o1juwj,1759951241.0,19061,0.99,20,🥤 Kool-Aid,"CJ got his chain 🤘🏻  I was wondering if they were still passing around the chain.  I also couldn't recall CJ ever getting it, so I am happy for him.",396278.0,positive,0.0,0.867,0.133,0.6096
1o1juwj,1759951785.0,17894,0.99,20,🥤 Kool-Aid,CJ got his chain 🤘🏻  ![gif](giphy|aAFAZxedYbQ6piagii|downsized),372016.0,neutral,0.0,1.0,0.0,0.0
1o1juwj,1759951617.0,5446,0.99,20,🥤 Kool-Aid,CJ got his chain 🤘🏻  ![gif](giphy|MEjET5YxhjdUkavINb),113222.0,positive,0.0,1.0,0.0,0.0
1o1juwj,1759956071.0,1945,0.99,20,🥤 Kool-Aid,CJ got his chain 🤘🏻  is the chain for the best player after the game ?,40437.0,positive,0.0,0.769,0.231,0.6369
1o1juwj,1759956744.0,1167,0.99,20,🥤 Kool-Aid,CJ got his chain 🤘🏻  CHAINING DAY!!!!! 🤘🏼😤🤘🏼,24262.0,neutral,0.0,1.0,0.0,0.0
1o1juwj,1759959475.0,1556,0.99,20,🥤 Kool-Aid,CJ got his chain 🤘🏻  One loves to see it.,32349.0,positive,0.0,0.709,0.291,0.5719
1o1juwj,1759956731.0,2334,0.99,20,🥤 Kool-Aid,CJ got his chain 🤘🏻  Now he might finally rep htown shit 😂,48524.0,positive,0.247,0.753,0.0,-0.5574
1o1juwj,1759960153.0,778,0.99,20,🥤 Kool-Aid,CJ got his chain 🤘🏻  Let's go CJ!!! 🤘,16175.0,positive,0.0,1.0,0.0,0.0
1o1juwj,1759953009.0,1556,0.99,20,🥤 Kool-Aid,CJ got his chain 🤘🏻  Does that mean he's in the building? Shouldn't they be on vacation?,32349.0,positive,0.0,1.0,0.0,0.0
1o1juwj,1759966459.0,389,0.99,20,🥤 Kool-Aid,"CJ got his chain 🤘🏻  Freaking Offensive player of the week. 
Let's go Toros!!!!!",8087.0,positive,0.367,0.633,0.0,-0.7887
1o1ekn1,1759939292.0,138788,0.99,41,🗞 News,CJ is YOUR AFC player of the week  https://preview.redd.it/bn3hv683vwtf1.jpeg?width=1639&format=pjpg&auto=webp&s=708031c067fe3f13bdb00d5acb77cfd31637a0d1,5770805.0,,0.0,1.0,0.0,0.0
1o1ekn1,1759939379.0,103428,0.99,41,🗞 News,CJ is YOUR AFC player of the week  Good shit step in the right direction,4300536.0,,0.185,0.667,0.149,-0.1779
1o1ekn1,1759939515.0,79560,0.99,41,🗞 News,CJ is YOUR AFC player of the week  ![gif](giphy|DEZA7FlHbMesUF1jm9),3308105.0,,0.0,1.0,0.0,0.0
1o1ekn1,1759939354.0,45084,0.99,41,🗞 News,CJ is YOUR AFC player of the week  HES BACK BAAAAABY,1874593.0,,0.0,1.0,0.0,0.0
1o1ekn1,1759939550.0,37128,0.99,41,🗞 News,CJ is YOUR AFC player of the week  Love it!! I am staying cautiously optimistic because it looks like things are finally starting to click for the offense. Let's see how it pans out versus competent teams like the seahawks and broncos coming up.,1543782.0,,0.037,0.693,0.269,0.9078
1o1ekn1,1759939729.0,20332,0.99,41,🗞 News,CJ is YOUR AFC player of the week  ![gif](giphy|S5Se6w5kNowA97ouMq|downsized),845405.0,,0.0,1.0,0.0,0.0
1o1ekn1,1759940311.0,21216,0.99,41,🗞 News,CJ is YOUR AFC player of the week  How are Bears fans going to to recover from this?,882161.0,,0.0,1.0,0.0,0.0
1o1ekn1,1759940178.0,14144,0.99,41,🗞 News,CJ is YOUR AFC player of the week  1 game at a time….,588108.0,,0.0,1.0,0.0,0.0
1o1ekn1,1759942579.0,11492,0.99,41,🗞 News,CJ is YOUR AFC player of the week  Inject that goddamn Kool Aid right into my veins. Every single flavor. The CJ comeback season is on! We gotta believe!,477837.0,,0.116,0.884,0.0,-0.5696
1o1ekn1,1759944964.0,7956,0.99,41,🗞 News,CJ is YOUR AFC player of the week  ![gif](giphy|1aFfcTbMqVI52),330810.0,,0.0,1.0,0.0,0.0
1o1ekn1,1759943645.0,7956,0.99,41,🗞 News,CJ is YOUR AFC player of the week  ![gif](giphy|ieEGqpcjvuI0YEN0Rm|downsized),330810.0,,0.0,1.0,0.0,0.0
1o1ekn1,1759939856.0,12376,0.99,41,🗞 News,CJ is YOUR AFC player of the week  ![gif](giphy|GCSIwtwqAMBTq|downsized),514594.0,,0.0,1.0,0.0,0.0
1o1ekn1,1759941538.0,6188,0.99,41,🗞 News,"CJ is YOUR AFC player of the week  LFG!!! SIP!!

![gif](giphy|aTx5OMKR7FCGQ)",257297.0,,0.0,1.0,0.0,0.0
1o1ekn1,1759943483.0,6188,0.99,41,🗞 News,CJ is YOUR AFC player of the week  Anyone have that Idris Elba “we are back” meme with the Texans hat on? I’ve been trying to find it lol,257297.0,,0.0,0.909,0.091,0.4215
1o1ekn1,1759943572.0,3536,0.99,41,🗞 News,CJ is YOUR AFC player of the week  Just like that Atlanta game from [Redacted] that I posted yesterday,147027.0,,0.0,0.872,0.128,0.3612
1o1ekn1,1759952892.0,3536,0.99,41,🗞 News,CJ is YOUR AFC player of the week  Pitre was snubbed for dpow,147027.0,,0.2,0.8,0.0,-0.4588
1o1ekn1,1759954584.0,4420,0.99,41,🗞 News,"CJ is YOUR AFC player of the week  I know the ravens defense is terrible, but we didn't just win, we gave them an ass beating. I don't think we're going to score 40 every week, and I don't even know if we're going to win the division this year, but I think we're back in the mix",183784.0,,0.279,0.703,0.018,-0.9626
1o1ekn1,1759943898.0,3536,0.99,41,🗞 News,"CJ is YOUR AFC player of the week  The offensive line was the issue. 

Hopefully they continue to improve and let Stroud have more games like this.",147027.0,,0.087,0.669,0.244,0.6573
1o1ekn1,1759956921.0,1768,0.99,41,🗞 News,CJ is YOUR AFC player of the week  Happy he can go into the Bye week with both a win and some recognition,73513.0,,0.0,0.727,0.273,0.8176
1o1ekn1,1759945671.0,884,0.99,41,🗞 News,CJ is YOUR AFC player of the week  Did he ever get a player of the week last year?,36757.0,,0.0,1.0,0.0,0.0
1o1daqr,1759937097.0,101304,0.98,37,mEMe,"I miss Tank Dell. RIP to the Big Homie  Again, Tank Dell is very much alive ",3772561.0,,0.092,0.744,0.165,0.3134
1o1daqr,1759938606.0,24696,0.98,37,mEMe,I miss Tank Dell. RIP to the Big Homie  HE CAUGHT IT,919679.0,,0.138,0.862,0.0,-0.1531
1o1daqr,1759940325.0,21672,0.98,37,mEMe,"I miss Tank Dell. RIP to the Big Homie  https://preview.redd.it/mrd2pi24ywtf1.jpeg?width=1170&format=pjpg&auto=webp&s=6fa6d5938e2b372ef4cd138043db44d8bcee7db6

Speaking of Tank who TF is this 😭😭💀",807065.0,,0.091,0.909,0.0,-0.1531
1o1daqr,1759936924.0,10584,0.98,37,mEMe,I miss Tank Dell. RIP to the Big Homie  F,394148.0,,0.186,0.814,0.0,-0.1531
1o1daqr,1759936947.0,11592,0.98,37,mEMe,I miss Tank Dell. RIP to the Big Homie  F,431686.0,,0.186,0.814,0.0,-0.1531
1o1daqr,1759937269.0,10584,0.98,37,mEMe,I miss Tank Dell. RIP to the Big Homie  Ok that made me laugh. F,394148.0,,0.092,0.575,0.333,0.6369
1o1daqr,1759939181.0,10080,0.98,37,mEMe,I miss Tank Dell. RIP to the Big Homie  I still feel his presence on the sideline,375379.0,,0.103,0.897,0.0,-0.1531
1o1daqr,1759938123.0,16128,0.98,37,mEMe,"I miss Tank Dell. RIP to the Big Homie  He is alive and well, unlike Christian Harris and Joe Mixon.",600607.0,,0.072,0.717,0.211,0.4767
1o1daqr,1759938400.0,9576,0.98,37,mEMe,I miss Tank Dell. RIP to the Big Homie  Still caught that thang,356610.0,,0.127,0.873,0.0,-0.1531
1o1daqr,1759939845.0,3024,0.98,37,mEMe,I miss Tank Dell. RIP to the Big Homie  That thread was fucking hilarious.  Keep throwing fuel on the fire to get him back,112614.0,,0.148,0.741,0.111,-0.0018
1o1daqr,1759939668.0,4536,0.98,37,mEMe,I miss Tank Dell. RIP to the Big Homie  Please don't be the next Will Fuller 😭,168921.0,,0.095,0.769,0.136,0.1779
1o1daqr,1759940847.0,1512,0.98,37,mEMe,I miss Tank Dell. RIP to the Big Homie  Fly high king /s Come back to us tank we need u for our Super Bowl run this year!!!,56307.0,,0.053,0.79,0.157,0.6341
1o1daqr,1759943760.0,1512,0.98,37,mEMe,I miss Tank Dell. RIP to the Big Homie  ![gif](giphy|0G1caCVd9FJhPWNzEC|downsized),56307.0,,0.191,0.809,0.0,-0.2244
1o1daqr,1759938340.0,1008,0.98,37,mEMe,I miss Tank Dell. RIP to the Big Homie  lol,37538.0,,0.14,0.614,0.246,0.296
1o1daqr,1759965180.0,1008,0.98,37,mEMe,I miss Tank Dell. RIP to the Big Homie  Bro not cool RIP? Cmon fam,37538.0,,0.229,0.771,0.0,-0.374
1o1daqr,1759944278.0,1512,0.98,37,mEMe,I miss Tank Dell. RIP to the Big Homie  Who is Ian?,56307.0,,0.138,0.862,0.0,-0.1531
1o1daqr,1759946248.0,504,0.98,37,mEMe,I miss Tank Dell. RIP to the Big Homie  he caught it and i had him on my bench in fantasy im sorry i did u wrong tank 😭,18769.0,,0.222,0.778,0.0,-0.6124
1o1daqr,1759961910.0,504,0.98,37,mEMe,"I miss Tank Dell. RIP to the Big Homie  If and when he comes back, I’m going to be nervous every time he cuts or takes a hit. Like both his injuries were freak shit, he’s not even an injury prone guy, but he might be now",18769.0,,0.174,0.758,0.068,-0.508
1o1daqr,1759971047.0,504,0.98,37,mEMe,I miss Tank Dell. RIP to the Big Homie  He’s with Wade Boggs now,18769.0,,0.118,0.882,0.0,-0.1531
1o1daqr,1760725248.0,504,0.98,37,mEMe,"I miss Tank Dell. RIP to the Big Homie  https://preview.redd.it/k6u5le15spvf1.jpeg?width=1440&format=pjpg&auto=webp&s=84591bfd6635c46336ec00823ed09f162cba5bec

Definitely a Tank Dell fan over here!",18769.0,,0.085,0.635,0.28,0.5707
1o10enn,1759898113.0,22275,0.98,9,📈 Stats,"DPOY type shit Splash plays consist of:

Sacks
Pressures
Tackles for loss or no gain
Interceptions
Forced Fumbles
Fumble recoveries
Passes defended
Tackles on third and fourth down that don't result in a first down

Stole all this from Austin Mock on X btw WAJ is the next great pass rusher and everyone knows it. Trading up to make sure we also got him was so fucking clutch.",218295.0,,0.193,0.667,0.14,-0.5267
1o10enn,1759898748.0,4050,0.98,9,📈 Stats,"DPOY type shit Splash plays consist of:

Sacks
Pressures
Tackles for loss or no gain
Interceptions
Forced Fumbles
Fumble recoveries
Passes defended
Tackles on third and fourth down that don't result in a first down

Stole all this from Austin Mock on X btw ![gif](giphy|IZY2SE2JmPgFG)",39690.0,,0.29,0.615,0.095,-0.8777
1o10enn,1759898358.0,8775,0.98,9,📈 Stats,"DPOY type shit Splash plays consist of:

Sacks
Pressures
Tackles for loss or no gain
Interceptions
Forced Fumbles
Fumble recoveries
Passes defended
Tackles on third and fourth down that don't result in a first down

Stole all this from Austin Mock on X btw He's elite, but Bonitto is on pace to break the all time sack record, so he's the front runner at the moment, imo.

There's a lot of season left though.",85995.0,,0.143,0.81,0.048,-0.6597
1o10enn,1759924870.0,1125,0.98,9,📈 Stats,"DPOY type shit Splash plays consist of:

Sacks
Pressures
Tackles for loss or no gain
Interceptions
Forced Fumbles
Fumble recoveries
Passes defended
Tackles on third and fourth down that don't result in a first down

Stole all this from Austin Mock on X btw Naw he's gotta be the sack leader to get DPOY and so far he's not getting home as much.",11025.0,,0.217,0.71,0.072,-0.8689
1o10enn,1759910930.0,675,0.98,9,📈 Stats,"DPOY type shit Splash plays consist of:

Sacks
Pressures
Tackles for loss or no gain
Interceptions
Forced Fumbles
Fumble recoveries
Passes defended
Tackles on third and fourth down that don't result in a first down

Stole all this from Austin Mock on X btw Now I want James Houston solely because of his name (and #4 on the list bust still)",6615.0,,0.225,0.682,0.093,-0.8591
1o10enn,1760080303.0,225,0.98,9,📈 Stats,"DPOY type shit Splash plays consist of:

Sacks
Pressures
Tackles for loss or no gain
Interceptions
Forced Fumbles
Fumble recoveries
Passes defended
Tackles on third and fourth down that don't result in a first down

Stole all this from Austin Mock on X btw Needs to have the sacks to back it up if he wants DPOY",2205.0,,0.236,0.685,0.079,-0.8689
1o10enn,1759898613.0,225,0.98,9,📈 Stats,"DPOY type shit Splash plays consist of:

Sacks
Pressures
Tackles for loss or no gain
Interceptions
Forced Fumbles
Fumble recoveries
Passes defended
Tackles on third and fourth down that don't result in a first down

Stole all this from Austin Mock on X btw ![gif](giphy|Ye7ym91Rz7a3TV1lC4)",2205.0,,0.29,0.615,0.095,-0.8777
1o0zp5w,1759894138.0,3510,0.99,10,📈 Stats,"Our special teams are special  That is a very cool stat, but not one I was expecting considering our terrible punts against the Jaguars, and the fact that we sometimes kick the ball directly into the endzone giving the opponent the ball at the 35 yard line. Is it so high because of the 5 missed kicks against us?",38224.0,,0.106,0.763,0.131,-0.0909
1o0zp5w,1759894276.0,1755,0.99,10,📈 Stats,Our special teams are special  The eagles have like 2 wins on blocked kicks how are they only 10,19112.0,,0.079,0.487,0.434,0.8591
1o0zp5w,1759921757.0,1404,0.99,10,📈 Stats,Our special teams are special  Special teams. Special plays. Special players.,15290.0,,0.0,0.244,0.756,0.926
1o0zp5w,1759897010.0,702,0.99,10,📈 Stats,Our special teams are special  Keep in mind our expected points is partly high due to our lack of TD’s,7645.0,,0.093,0.688,0.219,0.4767
1o0zp5w,1759936389.0,702,0.99,10,📈 Stats,Our special teams are special  It really feels like Noel is the best return man we've had it years,7645.0,,0.0,0.548,0.452,0.9077
1o0zp5w,1759938663.0,351,0.99,10,📈 Stats,Our special teams are special  Everyone knows Frank Ross cooks.,3822.0,,0.0,0.597,0.403,0.6597
1o0zp5w,1759897167.0,468,0.99,10,📈 Stats,Our special teams are special  That’s like half our point total.,5097.0,,0.0,0.503,0.497,0.7845
1o0zp5w,1759954900.0,117,0.99,10,📈 Stats,"Our special teams are special  I got to say hi to Frank Ross at the game after it was over. He gave some player's gloves to his nephews, who happened to be sitting in our section. Super nice guy!",1274.0,,0.0,0.733,0.267,0.908
1o0zp5w,1759963044.0,117,0.99,10,📈 Stats,"Our special teams are special  This must be including FG’s. We haven’t had huge ST plays, but we did struggle to score TD’s in the first couple weeks so some FG’s probably had a big impact?",1274.0,,0.074,0.754,0.172,0.2263
1o0ulh0,1759879451.0,6954,0.99,10,🥤 Kool-Aid,"Nico Appreciation Post Can we take a moment to talk about how awesome Nico Collins is? In a league where wide receivers are noted for being over the top, ostentatious, flashy divas, Nico plays like an absolute superstar without a lot of drama. His personality seems to fit the team so well; head down, hard worker, solid dude. Man we’ve gotten so lucky with our WRs not being Divas. Andre Johnson, Deandre Hopkins, and now Nico Collins.",75729.0,,0.016,0.715,0.27,0.9672
1o0ulh0,1759879607.0,3420,0.99,10,🥤 Kool-Aid,"Nico Appreciation Post Can we take a moment to talk about how awesome Nico Collins is? In a league where wide receivers are noted for being over the top, ostentatious, flashy divas, Nico plays like an absolute superstar without a lot of drama. His personality seems to fit the team so well; head down, hard worker, solid dude. Love Nico, also to note for all the flack Casserio is getting on this subreddit, he didn't wait around on Nico, he got ahead of the game and signed him to a 3 year extension early instead of messing around like many GMs that end up paying far more due to not being proactive.",37244.0,,0.03,0.754,0.216,0.9702
1o0ulh0,1759885821.0,1596,0.99,10,🥤 Kool-Aid,"Nico Appreciation Post Can we take a moment to talk about how awesome Nico Collins is? In a league where wide receivers are noted for being over the top, ostentatious, flashy divas, Nico plays like an absolute superstar without a lot of drama. His personality seems to fit the team so well; head down, hard worker, solid dude. The way I see him getting along with players like Xavier Hutchinson he doesn’t seem to have much ego even though he’s got every right to with him being a top 10 receiver at minimum the guy is always vibrant & clutch in moments of need #coltkiller",17380.0,,0.012,0.746,0.242,0.9746
1o0ulh0,1759904985.0,1254,0.99,10,🥤 Kool-Aid,"Nico Appreciation Post Can we take a moment to talk about how awesome Nico Collins is? In a league where wide receivers are noted for being over the top, ostentatious, flashy divas, Nico plays like an absolute superstar without a lot of drama. His personality seems to fit the team so well; head down, hard worker, solid dude. Texans are building a history of elite no-drama WR1s.",13656.0,,0.018,0.711,0.27,0.9527
1o0ulh0,1759894150.0,342,0.99,10,🥤 Kool-Aid,"Nico Appreciation Post Can we take a moment to talk about how awesome Nico Collins is? In a league where wide receivers are noted for being over the top, ostentatious, flashy divas, Nico plays like an absolute superstar without a lot of drama. His personality seems to fit the team so well; head down, hard worker, solid dude. Personality wise he feels like LaDainian Tomlinson or Warrick Dunn",3724.0,,0.017,0.662,0.321,0.971
1o0ulh0,1759958860.0,114,0.99,10,🥤 Kool-Aid,"Nico Appreciation Post Can we take a moment to talk about how awesome Nico Collins is? In a league where wide receivers are noted for being over the top, ostentatious, flashy divas, Nico plays like an absolute superstar without a lot of drama. His personality seems to fit the team so well; head down, hard worker, solid dude. I hope Nico don’t hurt himself this season",1241.0,,0.061,0.644,0.296,0.9489
1o0u7t1,1759878248.0,206550,0.99,75,🥤 Kool-Aid,"Bye week reminder this is the Franchise leader in points, the longest tenured Texan, and a 10 year veteran King Ka'imi https://preview.redd.it/61v4981ktrtf1.jpeg?width=447&format=pjpg&auto=webp&s=aa1e2b4cbfeb4c11c4a82249f0a87b1c3ce97f42

Some say he was the original #7…",15540822.0,,0.0,0.922,0.078,0.3182
1o0u7t1,1759878744.0,123012,0.99,75,🥤 Kool-Aid,"Bye week reminder this is the Franchise leader in points, the longest tenured Texan, and a 10 year veteran King Ka'imi That’s that boy John Christian Kaʻiminoeauloamekaʻikeokekumupaʻa Motherfuckin’ Fairbairn",9255423.0,,0.0,1.0,0.0,0.0
1o0u7t1,1759878513.0,107406,0.99,75,🥤 Kool-Aid,"Bye week reminder this is the Franchise leader in points, the longest tenured Texan, and a 10 year veteran King Ka'imi https://preview.redd.it/o2rjp88durtf1.jpeg?width=2740&format=pjpg&auto=webp&s=e892a0e3f1728096a904d89728f30eb602e4e040

Got to watch him this Sunday.  One of the best in the league for sure.",8081227.0,,0.0,0.84,0.16,0.7579
1o0u7t1,1759878974.0,59670,0.99,75,🥤 Kool-Aid,"Bye week reminder this is the Franchise leader in points, the longest tenured Texan, and a 10 year veteran King Ka'imi https://preview.redd.it/ubghu2vkvrtf1.jpeg?width=1170&format=pjpg&auto=webp&s=84f3c1ef463faf2e13843625b19a9cd3353db9a1

He’s got it easily through like 2045 and onward, a new GOAT kicker wouldn’t even be able to start racking it up anytime soon",4489571.0,,0.0,0.896,0.104,0.5994
1o0u7t1,1759878948.0,27540,0.99,75,🥤 Kool-Aid,"Bye week reminder this is the Franchise leader in points, the longest tenured Texan, and a 10 year veteran King Ka'imi he’s had some frustrating misses, but he is a solid kicker",2072110.0,,0.105,0.836,0.059,-0.128
1o0u7t1,1759878763.0,48654,0.99,75,🥤 Kool-Aid,"Bye week reminder this is the Franchise leader in points, the longest tenured Texan, and a 10 year veteran King Ka'imi Easily our GOAT Kicker, just wish he was more consistent outdoors.",3660727.0,,0.0,0.85,0.15,0.6249
1o0u7t1,1759879516.0,14688,0.99,75,🥤 Kool-Aid,"Bye week reminder this is the Franchise leader in points, the longest tenured Texan, and a 10 year veteran King Ka'imi Cobra Ka'imi",1105125.0,,0.0,1.0,0.0,0.0
1o0u7t1,1759881029.0,12852,0.99,75,🥤 Kool-Aid,"Bye week reminder this is the Franchise leader in points, the longest tenured Texan, and a 10 year veteran King Ka'imi Who else won in fantasy this week because of him?",966984.0,,0.0,0.887,0.113,0.5719
1o0u7t1,1759878354.0,12852,0.99,75,🥤 Kool-Aid,"Bye week reminder this is the Franchise leader in points, the longest tenured Texan, and a 10 year veteran King Ka'imi ![gif](giphy|1lk1IcVgqPLkA)",966984.0,,0.0,1.0,0.0,0.0
1o0u7t1,1759880536.0,8262,0.99,75,🥤 Kool-Aid,"Bye week reminder this is the Franchise leader in points, the longest tenured Texan, and a 10 year veteran King Ka'imi My tribal chief",621633.0,,0.0,1.0,0.0,0.0
1o0u7t1,1759880882.0,8262,0.99,75,🥤 Kool-Aid,"Bye week reminder this is the Franchise leader in points, the longest tenured Texan, and a 10 year veteran King Ka'imi Most consistent player. Never lets me down.",621633.0,,0.0,1.0,0.0,0.0
1o0u7t1,1759882992.0,7344,0.99,75,🥤 Kool-Aid,"Bye week reminder this is the Franchise leader in points, the longest tenured Texan, and a 10 year veteran King Ka'imi 10 years???",552563.0,,0.0,1.0,0.0,0.0
1o0u7t1,1759890870.0,5508,0.99,75,🥤 Kool-Aid,"Bye week reminder this is the Franchise leader in points, the longest tenured Texan, and a 10 year veteran King Ka'imi Few people here always call for him to be cut. They don’t realize what kicker hell is like in the NFL. We are very lucky to have a kicker as good as him.",414422.0,,0.108,0.756,0.137,0.2006
1o0u7t1,1759883272.0,6426,0.99,75,🥤 Kool-Aid,"Bye week reminder this is the Franchise leader in points, the longest tenured Texan, and a 10 year veteran King Ka'imi And my fantasy kicker!!!!!!!",483492.0,,0.0,1.0,0.0,0.0
1o0u7t1,1759878425.0,10098,0.99,75,🥤 Kool-Aid,"Bye week reminder this is the Franchise leader in points, the longest tenured Texan, and a 10 year veteran King Ka'imi Hope he's practiced cold weather kicking, it caught him a few times last season.",759774.0,,0.0,0.917,0.083,0.4404
1o0u7t1,1759887939.0,4590,0.99,75,🥤 Kool-Aid,"Bye week reminder this is the Franchise leader in points, the longest tenured Texan, and a 10 year veteran King Ka'imi Some of these fools around here were questioning this man..... You owe us apology forms.",345352.0,,0.122,0.847,0.032,-0.5267
1o0u7t1,1759881243.0,3672,0.99,75,🥤 Kool-Aid,"Bye week reminder this is the Franchise leader in points, the longest tenured Texan, and a 10 year veteran King Ka'imi He’s our best player and it’s not even remotely close.",276281.0,,0.0,0.873,0.127,0.6369
1o0u7t1,1759897348.0,3672,0.99,75,🥤 Kool-Aid,"Bye week reminder this is the Franchise leader in points, the longest tenured Texan, and a 10 year veteran King Ka'imi My favorite player !!!! Got his jersey and everything!!!",276281.0,,0.0,0.87,0.13,0.6331
1o0u7t1,1759881285.0,1836,0.99,75,🥤 Kool-Aid,"Bye week reminder this is the Franchise leader in points, the longest tenured Texan, and a 10 year veteran King Ka'imi And a G",138141.0,,0.0,1.0,0.0,0.0
1o0u7t1,1759881402.0,1836,0.99,75,🥤 Kool-Aid,"Bye week reminder this is the Franchise leader in points, the longest tenured Texan, and a 10 year veteran King Ka'imi The Care Bear is a baaaaaad man.",138141.0,,0.0,0.887,0.113,0.4939
